id,name,type,description,pages,evidence
E00001,涪陵页岩气田,地层,页岩气开发的目标地质区域,"1,2,3,6,43,51,87,117,225,240,245,271",涪陵页岩气田试气压裂作业井复杂情况与故障案例分析 | 本书共收录涪陵页岩气田近几年在试气压裂过程中的复杂情况与故障案例 118 篇 | 涪陵页岩气田是我国在页岩气领域率先取得重大突破 | 本章主要介绍涪陵页岩气田在泵送桥塞 - 射孔联作施工环节出现的复杂情况与故障 | 本章主要介绍了涪陵页岩气田试气环节出现的分离器安全阀开启
E00002,试气压裂作业井,井,进行试气及压裂作业的井筒,1,涪陵页岩气田试气压裂作业井复杂情况与故障案例分析
E00003,故障,故障类型,作业过程中发生的设备或工艺问题,"1,3",涪陵页岩气田试气压裂作业井复杂情况与故障案例分析 | 本书共收录涪陵页岩气田近几年在试气压裂过程中的复杂情况与故障案例 118 篇
E00004,复杂情况,现象,作业中遇到的非正常工况现象,"1,3",涪陵页岩气田试气压裂作业井复杂情况与故障案例分析 | 本书共收录涪陵页岩气田近几年在试气压裂过程中的复杂情况与故障案例 118 篇
E00005,试气压裂作业,工况,作业工况类型,2,涪陵页岩气田试气压裂作业井复杂情况与故障案例分析
E00006,复杂情况与故障,故障类型,案例分析对象,"2,6",涪陵页岩气田试气压裂作业井复杂情况与故障案例分析 | 试气压裂作业过程中发生的复杂情况与故障
E00007,压裂施工作业,工况,本书涵盖的试气压裂作业类型之一,"3,6",内容涵盖了压裂施工作业、泵送桥塞－射孔联作、连续油管作业 | 内容涵盖压裂施工作业、泵送桥塞－射孔联作
E00008,泵送桥塞－射孔联作,工况,本书涵盖的试气压裂作业类型之一,"3,6",内容涵盖了压裂施工作业、泵送桥塞－射孔联作、连续油管作业 | 内容涵盖压裂施工作业、泵送桥塞－射孔联作
E00009,连续油管作业,工况,本书涵盖的试气压裂作业类型之一,"3,6",内容涵盖了压裂施工作业、泵送桥塞－射孔联作、连续油管作业 | 内容涵盖连续油管作业、带压作业
E00010,带压作业,工况,本书涵盖的试气压裂作业类型之一,"3,6,220,227",连续油管作业、带压作业（包括速度管柱完井作业）、试气测试作业 | 内容涵盖连续油管作业、带压作业 | 引起带压作业过程顶丝不到位 | 带压作业期间，应降低产量
E00011,试气测试作业,工况,本书涵盖的试气压裂作业类型之一,3,带压作业（包括速度管柱完井作业）、试气测试作业等的复杂情况与故障
E00012,新技术,其他,产能建设初期面对的页岩气井分段压裂技术,6,面对页岩气井分段压裂新技术、新工艺
E00013,新工艺,其他,产能建设初期面对的页岩气井分段压裂工艺,6,面对页岩气井分段压裂新技术、新工艺
E00014,砂堵,故障类型,压裂施工过程中砂子堵塞井筒或裂缝的现象,"8,9,14,15,16,17,18,19,20,21,22,23,24,25,26,27,28,29,32,34,35,36,37,39,40,41,42,43,44,45,46,47,48,49,50,53,54,55,56,57,60,61,62,63,64,65,66,67,68,69,70,71,72,73,74,75,76,171",1.1 JY-A1HF 井第 9 段砂堵 (1) | 1.23 JY-A23HF 井第 11 段砂堵 (54) | 本章主要介绍了涪陵页岩气田压裂过程中出现的砂堵 | 形成渐进性砂堵，导致施工压力急剧上升至 93MPa，形成砂堵 | 本段施工发生的砂堵
E00015,压裂施工作业复杂情况与故障,其他,本书第一章章节名称,"8,58",第 1 章 压裂施工作业复杂情况与故障 | 压裂施工作业复杂情况与故障 第 1 章
E00016,JY-A1HF 井,井,发生砂堵故障的页岩气井,"8,14",1.1 JY-A1HF 井第 9 段砂堵 (1) | 1.1 JY-A1HF 并第 9 段砂堵
E00017,JY-A2HF 井,井,发生砂堵故障的页岩气井,"8,16",1.2 JY-A2HF 井第 10 段砂堵 (3） | JY-A2HF 井第 10 段砂堵
E00018,JY-A3HF 井,井,发生砂堵故障的页岩气井,"8,17",1.3 JY-A3HF 井第 6 段砂堵 (4） | 1.3 JY-A3HF 并第 6 段砂堵
E00019,JY-A4HF 井,井,发生砂堵故障的页岩气井,"8,19",1.4 JY-A4HF 井第 1 段砂堵 | 1.4 JY-A4HF 并第 1 段砂堵
E00020,JY-A5HF 井,井,发生砂堵故障的页岩气井,"8,20",1.5 JY-A5HF 井第 1 段砂堵 | 1.5 JY-A5HF 并第 1 段砂堵...JY-A5HF 井人工井底 4286.54m
E00021,JY-A6HF 井,井,发生砂堵故障的页岩气井,"8,22",1.6 JY-A6HF 井第 5 段砂堵 (9） | 1.6 JY-A6HF 并第 5 段砂堵
E00022,JY-A7HF 井,井,发生砂堵故障的页岩气井,"8,25",1.7 JY-A7HF 井第 7 段砂堵 (12） | 1.7 JY-A7HF 并第 7 段砂堵
E00023,JY-A8HF 井,井,发生砂堵故障的页岩气井,"8,27",1.8 JY-A8HF 井第 1 段砂堵 (14) | 1.8 JY-A8HF 并第 1 段砂堵
E00024,JY-A9HF 井,井,发生砂堵故障的页岩气井,"8,29",1.9 JY-A9HF 井第 2 段砂堵 (16) | 1.9 JY-A9HF 并第 2 段砂堵
E00025,JY-A10HF 井,井,发生砂堵故障的页岩气井,"8,32",1.10 JY-A10HF 井第 4 段砂堵 (19) | JY-A10HF 井人工井底 3975.86m
E00026,JY-A11HF 井,井,发生砂堵故障的页岩气井,"8,34",1.11 JY-A11HF 井第 1、10 段砂堵 (21) | JY-A11HF 井人工井底 3930.93m
E00027,JY-A12HF 井,井,发生砂堵故障的页岩气井,"8,39",1.12 JY-A12HF 井第 13 段砂堵 (26) | 1.12 JY-A12HF 并第 13 段砂堵
E00028,JY-A13HF 井,井,发生砂堵故障的页岩气井,"8,40",1.13 JY-A13HF 井第 1 段砂堵 (27) | 1.13 JY-A13HF 并第 1 段砂堵
E00029,JY-A14HF 井,井,发生砂堵故障的页岩气井,"8,42",1.14 JY-A14HF 井第 1 段砂堵 (29) | 1.14 JY-A14HF 并第 1 段砂堵
E00030,JY-A15HF 井,井,发生砂堵故障的页岩气井,"8,44",1.15 JY-A15HF 井第 5 段砂堵 (31) | 1.15 JY-A15HF 并第 5 段砂堵
E00031,JY-A16HF 井,井,发生砂堵故障的页岩气井,"8,46",1.16 JY-A16HF 井第 8 段砂堵 (33) | JY-A16HF 井人工井底 4803m
E00032,JY-A17HF 井,井,发生砂堵故障的页岩气井,"8,48",1.17 JY-A17HF 井第 16 段砂堵 (35) | 1.17 JY-A17HF 并第 16 段砂堵
E00033,JY-A18HF 井,井,发生砂堵故障的页岩气井,"8,50",1.18 JY-A18HF 井第 2 段砂堵 (37) | JY-A18HF 井人工井底 5115m
E00034,JY-A19HF 井,井,发生砂堵故障的页岩气井,"8,56",1.19 JY-A19HF 井第 1 段砂堵 (43) | 1.19 JY-A19HF 并第 1 段砂堵
E00035,JY-A20HF 井,井,发生砂堵故障的页岩气井,"8,61",1.20 JY-A20HF 井第 1 段砂堵 (48) | 1.20 JY-A20HF 并第 1 段砂堵
E00036,JY-A21HF 井,井,发生砂堵故障的页岩气井,"8,63",1.21 JY-A21HF 井第 11 段砂堵 (50) | 1.21 JY-A21HF 并第 11 段砂堵
E00037,JY-A22HF 井,井,发生砂堵故障的页岩气井,"8,65",1.22 JY-A22HF 井第 2 段砂堵 (52) | JY-A22HF 井人工井底 4751m
E00038,JY-A23HF 井,井,发生砂堵的页岩气井,"9,67",1.23 JY-A23HF 井第 11 段砂堵 (54) | 1.23 JY-A23HF 并第 11 段砂堵
E00039,第 11 段,施工参数,压裂施工的具体段数,"9,67",1.23 JY-A23HF 井第 11 段砂堵 (54) | JY-A23HF 并第 11 段砂堵
E00040,JY-A24HF 井,井,发生砂堵的页岩气井,"9,69",1.24 JY-A24HF 井第 2、12 段砂堵 (56) | 1.24 JY-A24HF 并第 2、12 段砂堵
E00041,第 2、12 段,施工参数,压裂施工的具体段数,9,1.24 JY-A24HF 井第 2、12 段砂堵 (56)
E00042,JY-A25HF 井,井,发生砂堵的页岩气井,"9,73",1.25 JY-A25HF 井第 4 段砂堵 (60) | 1.25 JY-A25HF 并第 4 段砂堵
E00043,第 4 段,施工参数,压裂施工的具体段数,"9,32",1.25 JY-A25HF 井第 4 段砂堵 (60) | 1.10 JY-A10HF 并第 4 段砂堵
E00044,JY-A26HF 井,井,发生砂堵的页岩气井,"9,74",1.26 JY-A26HF 井第 10 段砂堵 (61) | 1.26 JY-A26HF 并第 10 段砂堵
E00045,第 10 段,施工参数,压裂施工的具体段数,9,1.26 JY-A26HF 井第 10 段砂堵 (61)
E00046,JY-A27HF 井,井,发生砂堵的页岩气井,"9,76",1.27 JY-A27HF 井第 15 段砂堵 (63) | JY-A27HF 井人工井底 4830.0m
E00047,第 15 段,施工参数,压裂施工的具体段数,9,1.27 JY-A27HF 井第 15 段砂堵 (63)
E00048,低压管线断裂,故障类型,低压管线发生断裂故障,"9,78",1.28 JY-B1HF 井低压管线断裂 (65) | 1.28 JY-B1HF 并低压管线断裂
E00049,高压管件系列事件,故障类型,高压管件发生系列故障事件,9,1.29 JY-B2HF 井高压管件系列事件 (66)
E00050,法兰螺杆断裂,故障类型,法兰连接螺杆发生断裂,"9,14,81",1.30 JY-B3HF 井第 6 段压裂施工中法兰螺杆断裂 (68) | 最终导致弯头刺漏、法兰螺杆断裂等事故 | 发现压裂车的排出法兰与泵头之间的连接螺杆断裂
E00051,高压弯头爆裂,故障类型,高压弯头发生爆裂故障,"9,82",1.31 JY-B4HF 井第 10 段压裂施工中高压弯头爆裂 (69) | 分配管汇出口一高压弯头突然爆裂
E00052,旋塞刺漏,故障类型,旋塞阀发生刺漏故障,"9,86",1.34 JY-B7HF 井第 17 段压裂施工中旋塞刺漏 (73) | 9:11 旋塞刺漏，停泵整改，更换旋塞
E00053,剪断电缆,故障类型,电缆被误操作剪断,"9,88,90",2.1 JY-C1HF 井泵送桥塞 - 射孔误操作剪断电缆 (74) | 关 7 号闸门剪断电缆 | 对指令理解错误剪断电缆
E00054,误操作,原因,人为操作失误导致故障,9,2.1 JY-C1HF 井泵送桥塞 - 射孔误操作剪断电缆 (74)
E00055,遇卡,故障类型,泵送工具在井内遇卡,"9,64,93,100,102,123,126,138,147,175,176,184,234",2.5 JY-C5HF 井泵送桥塞 - 射孔遇卡 (91) | 可能导致下桥塞射孔枪时发生遇卡现象 | 27 日 6:30 循环冲砂时上提管柱发现遇卡 | 480kN 遇卡，下放管柱 260kN 降至 200kN 遇阻 | 遇卡后，通过泄压、打压方式解卡桥塞
E00056,工具串落井,故障类型,泵送工具串落入井底,"9,10,96,120,121,124,126,132,139,142,146,155,157,158,172",2.7 JY-C7HF 井第 8 段泵送工具串落井 (96) | 2.20 JY-C20HF 井泵送工具串落井 (129) | 判断工具串落井，使用人工手拉上提电缆 | 2.11 JY-C11HF 并第 2 段泵送工具串落并 | 操作员多次寻址检测桥塞及射孔枪均失败，初步判断工具串落井
E00057,套管异常,原因,套管状况异常导致故障,"9,137,160",2.17 JY-C17HF 井套管异常致泵送射孔遇卡 (124) | 2.17 JY-C17HF 并套管异常致泵送射孔遇卡 | 2.30 JY-C30HF 并套管异常致泵送射孔遇卡
E00058,井眼轨迹上翘,原因,井眼轨迹向上翘曲导致故障,"9,125,130,131,150,151",2.14 JY-C14HF 井井眼轨迹上翘致泵送工具落井 (117) | 由于井眼轨迹上翘，工具串在井筒内相对摩阻较大 | 2.14 JY-C14HF 井井眼轨迹上翘致泵送工具落井 | 该井水平井眼轨迹上翘，井斜角最大达到 106.8° | 该井井眼轨迹上翘，在上翘段泵送过程中工具串推动砂子前进
E00059,JY-C19HF 井,井,发生阻流管砂卡的井,"10,141",2.19 JY-C19HF 井阻流管砂卡 (128) | 2.19 JY-C19HF 并阻流管砂卡
E00060,JY-C20HF 井,井,发生泵送工具串落井的井,"10,142",2.20 JY-C20HF 井泵送工具串落井 (129) | JY-C20HF 井于 2014 年 12 月 14 日完井
E00061,JY-C21HF 井,井,发生第 2 段泵送工具串落井的井,"10,144",2.21 JY-C21HF 井第 2 段泵送工具串落井 (131) | JY-C21HF 井于 2015 年 2 月 21 日完井
E00062,JY-C22HF 井,井,发生泵送桥塞 - 射孔砂卡的井,"10,145",2.22 JY-C22HF 井第 11、20 段泵送桥塞 - 射孔砂卡 (132) | 2.22 JY-C22HF 并第 11、20 段泵送桥塞 - 射孔砂卡
E00063,JY-C23HF 井,井,发生泵送工具串落井的井,"10,146",2.23 JY-C23HF 井泵送工具串落井 (133) | 2.23 JY-C23HF 并泵送工具串落并
E00064,JY-C24HF 井,井,发生泵送桥塞 - 射孔遇卡的井,"10,148",2.24 JY-C24HF 井第 4 段泵送桥塞 - 射孔遇卡 (135) | 2.24 JY-C24HF 并第 4 段泵送桥塞 - 射孔遇卡
E00065,JY-C25HF 井,井,发生泵送工具串落井的井,"10,149",2.25 JY-C25HF 井泵送工具串落井 (136) | JY-C25HF 井于 2015 年 7 月 21 日完井
E00066,JY-C26HF 井,井,发生泵送桥塞 - 射孔遇卡的井,"10,151",2.26 JY-C26HF 井第 2 段泵送桥塞 - 射孔遇卡 (138) | 2.26 JY-C26HF 并第 2 段泵送桥塞 - 射孔遇卡
E00067,JY-C27HF 井,井,发生泵送电缆射断的井,"10,155",2.27 JY-C27HF 井泵送电缆射断 (142) | 2.27 JY-C27HF 芥泵送电缆射断
E00068,JY-C28HF 井,井,发生第 17 段误射孔的井,10,2.28 JY-C28HF 井第 17 段误射孔 (143)
E00069,JY-C29HF 井,井,发生第 10 段射断电缆的井,"10,158",2.29 JY-C29HF 井第 10 段射断电缆 (145) | 2.29 JY-C29HF 并第 10 段射断电缆
E00070,JY-C30HF 井,井,发生套管异常致泵送射孔遇卡的井,"10,160",2.30 JY-C30HF 井套管异常致泵送射孔遇卡 (147) | 2.30 JY-C30HF 并套管异常致泵送射孔遇卡
E00071,JY-C31HF 井,井,发生第 17 段阻流管砂卡的井,"10,164",2.31 JY-C31HF 井第 17 段阻流管砂卡 (151) | 2.31 JY-C31HF 并第 17 段阻流管砂卡
E00072,JY-C32HF 井,井,发生泵送桥塞 - 射孔泄压失控的井,"10,166",2.32 JY-C32HF 井第 4 段泵送桥塞 - 射孔泄压失控 (153) | JY-C32HF 井于 2015 年 1 月 30 日完井，人工井底 4937.00m
E00073,JY-C33HF 井,井,发生电缆熔断的井,"10,167",2.33 JY-C33HF 井电缆熔断 (154) | 2.33 JY-C33HF 并电缆熔断
E00074,JY-D1HF 井,井,发生连续油管射孔工具串落井的井,"10,171",3.1 JY-D1HF 井连续油管射孔工具串落井 (158) | JY-D1HF 井于 2013 年 7 月 18 日完井
E00075,JY-D2HF 井,井,发生连续油管挤毁的井,"10,173",3.2 JY-D2HF 井连续油管挤毁 (160) | JY-D2HF 井于 2013 年 9 月 15 日完井，人工井底 4291.00m
E00076,JY-D3HF 井,井,发生未钻遇第 1 级桥塞的井,"10,174",3.3 JY-D3HF 井未钻遇第 1 级桥塞 (161) | 3.3 JY-D3HF 并未钴遇第 1 级桥塞
E00077,JY-D4HF 井,井,发生连续油管起钻遇卡的井,"10,176",3.4 JY-D4HF 井连续油管起钻 (造斜段) 遇卡 (163) | JY-D4HF 井于 2013 年 12 月 2 日完井
E00078,JY-D5HF 井,井,发生连续油管钻磨工具串落井的井,"10,177",3.5 JY-D5HF 井连续油管钻磨工具串落井 (164) | 3.5 JY-D5HF 井连续油管钻磨工具串落井
E00079,JY-D6HF 井,井,发生连续油管断脱的井,"10,180",3.6 JY-D6HF 井连续油管断脱 (167) | JY-D6HF 井于 2014 年 1 月 31 日完井，人工井底 4311.00m
E00080,JY-D7HF 井,井,发生连续油管断脱的井,"10,183",3.7 JY-D7HF 井连续油管断脱 (170) | 3.7 JY-D7HF 并连续油管断脱 3.7.1 基本情况 JY-D7HF 井
E00081,JY-D8HF 井,井,发生连续油管自锁的井,"10,185",3.8 JY-D8HF 井连续油管自锁 (172) | 3.8 JY-D8HF 并连续油管自锁
E00082,JY-D9HF 井,井,发生酸液污染钻塞液的井,"10,186",3.9 JY-D9HF 井酸液污染钻塞液 (173) | JY-D9HF 井于 2014 年 5 月 8 日完井，人工井底 4390.00m
E00083,JY-D10HF 井,井,发生钻塞卡钻的井,"10,187",3.10 JY-D10HF 井钻塞卡钻 (174) | 3.10 JY-D10HF 并钴塞卡钴
E00084,JY-D11HF 井,井,发生连续油管工具断脱的井,"10,190",3.11 JY-D11HF 井连续油管工具断脱 (177) | 3.11 JY-D11HF 并连续油管工具断脱
E00085,JY-D12HF 井,井,发生振荡器断裂的井,"10,192",3.12 JY-D12HF 井振荡器断裂 (179) | JY-D12HF 井于 2015 年 2 月 13 日完井
E00086,JY-D13HF 井,井,发生连续油管破裂的井,"10,199",3.13 JY-D13HF 井连续油管破裂 (186) | 3.13 JY-D13HF 并连续油管破裂
E00087,JY-D14HF 井,井,发生连续油管钻塞工具串落井的井,10,3.14 JY-D14HF 井连续油管钻塞工具串落井 (186)
E00088,JY-D15HF 井,井,发生误操作剪断连续油管的井,"10,201",3.15 JY-D15HF 井误操作剪断连续油管 (188) | 3.15 JY-D15HF 并误操作剪断连续油管
E00089,阻流管砂卡,故障类型,阻流管被砂卡住的故障,"10,141",2.19 JY-C19HF 井阻流管砂卡 (128) | 井口电缆被卡在阻流管内
E00090,射孔遇卡,故障类型,泵送桥塞 - 射孔过程中遇卡,10,2.24 JY-C24HF 井第 4 段泵送桥塞 - 射孔遇卡 (135)
E00091,电缆射断,故障类型,泵送电缆被射断,"10,155,158",2.27 JY-C27HF 井泵送电缆射断 (142) | 电缆断开，电缆头钢丝发生弯曲并整齐断开 | 2.29 JY-C29HF 并第 10 段射断电缆
E00092,误射孔,故障类型,非目标层段误射孔,"10,156,157",2.28 JY-C28HF 井第 17 段误射孔 (143) | 2.28 JY-C28HF 并第 17 段误射孔 | 通过复查点火施工过程，检查发现点火极性接反造成误射孔。
E00093,泄压失控,故障类型,泵送桥塞 - 射孔泄压失控,"10,166",2.32 JY-C32HF 井第 4 段泵送桥塞 - 射孔泄压失控 (153) | 2.32 JY-C32HF 并第 4 段泵送桥塞 - 射孔泄压失控
E00094,连续油管挤毁,故障类型,连续油管被挤毁,"10,173",3.2 JY-D2HF 井连续油管挤毁 (160) | 发现连续油管严重变形
E00095,连续油管断脱,故障类型,连续油管断裂脱落,"10,180,182,183",3.6 JY-D6HF 井连续油管断脱 (167) | 14:30 经检查，连续油管断脱，关闭井口 | 连续油管断脱点为 4088.79m | 3.7 JY-D7HF 并连续油管断脱 油管落井
E00096,连续油管,设备,用于作业的连续油管设备,"10,11,23,29,52,55,62,89,90,93,94,101,102,107,108,110,121,122,123,124,125,127,131,133,136,137,140,143,147,149,150,152,153,154,157,161,163,171,172,174,175,176,177,179,180,181,182,184,186,187,190,191,192,195,196,198,199,200,201,202,204,207,209,213,214,231,257,258,264,268,269,270",3.1 JY-D1HF 井连续油管射孔工具串落井 (158) | 3.16 JY-D16HF 井连续油管工具串落井 (190) | 5 月 16~19 日下连续油管，底带冲砂管柱 | 在连续油管模拟通井时 | 采用连续油管冲砂
E00097,桥塞,设备,用于封隔的桥塞工具,"10,50,59,90,92,93,94,96,102,106,107,108,110,112,113,120,121,122,123,125,130,138,139,143,155,156,160,190,191,208,230,231,257,263,264,268",2.22 JY-C22HF 井第 11、20 段泵送桥塞 - 射孔砂卡 (132) | 第 2 段桥塞深度 5065m | 满足泵送桥塞要求 | 第 1 级桥塞设计深度 4045m | 桥塞已丢手处落井
E00098,电缆,设备,用于泵送射孔的电缆,"10,123,129,141,157,169",2.27 JY-C27HF 井泵送电缆射断 (142) | 以免电缆缆芯的绝缘破坏 | 电缆在保护套内是被固定，无法自由活动 | 电缆从密封控制头电缆保护器上方 20cm 处断开 | 13:42 上提电缆，张力由 8.9kN 升至 15kN，无磁定位信号，判断工具串卡住。
E00099,酸液,材料,用于作业的酸液材料,"10,18,54,137",3.9 JY-D9HF 井酸液污染钻塞液 (173) | 后挤入 10m3 酸液，压力仍无明显下降 | 酸液 113m3 | 注入酸液 20.0m³、减阻水 1199.52m³
E00100,钻塞液,材料,用于钻塞的液体材料,10,3.9 JY-D9HF 井酸液污染钻塞液 (173)
E00101,JY-D16HF 井,井,发生连续油管工具串落井故障的井,"11,203",3.16 JY-D16HF 井连续油管工具串落井 (190) | JY-D16HF 井于 2015 年 7 月 11 日完井
E00102,连续油管工具串落井,故障类型,连续油管工具串落入井内的故障,"11,203",3.16 JY-D16HF 井连续油管工具串落井 (190) | 3.16 JY-D16HF 并连续油管工具串落并
E00103,JY-D17HF 井,井,发生连续油管穿孔故障的井,"11,204",3.17 JY-D17HF 井连续油管穿孔 (191) | JY-D17HF 井于 2015 年 2 月 17 日完井
E00104,连续油管穿孔,故障类型,连续油管发生穿孔的故障,"11,204",3.17 JY-D17HF 井连续油管穿孔 (191) | 3.17 JY-D17HF 并连续油管穿孔
E00105,JY-D18HF 井,井,发生振荡器断裂故障的井,11,3.18 JY-D18HF 井振荡器断裂 (192)
E00106,振荡器断裂,故障类型,振荡器发生断裂的故障,"11,192,205",3.18 JY-D18HF 井振荡器断裂 (192) | 振荡器与上部变扣接头连接处断裂 | JY-D18HF 并振荡器断裂
E00107,振荡器,设备,作业使用的振荡器设备,"11,192,198,208",3.18 JY-D18HF 井振荡器断裂 (192) | 振荡器工具 | 初步判断为振荡器在工作时，产生强烈的震动 | 采用新型振荡器，对其性能和使用方法没有熟悉了解
E00108,JY-D19HF 井,井,发生钻塞遇阻故障的井,"11,208",3.19 JY-D19HF 井钻塞遇阻 (195) | 3.19 JY - D19HF 并钴塞遇阻
E00109,钻塞遇阻,故障类型,钻塞作业过程中遇到阻力,11,3.19 JY-D19HF 井钻塞遇阻 (195)
E00110,JY-E1HF 井,井,发生油管憋弯故障的井,"11,215",4.1 JY-E1HF 井油管憋弯 (202) | JY-E1HF 井于 2013 年 7 月 18 日完井
E00111,油管憋弯,故障类型,油管发生憋弯的故障,"11,215",4.1 JY-E1HF 井油管憋弯 (202) | 瞬间压力导致油管弯曲断裂
E00112,油管,设备,作业使用的油管,11,4.1 JY-E1HF 井油管憋弯 (202)
E00113,JY-E4HF 井,井,发生井口水合物冰堵故障的井,"11,221",4.4 JY-E4HF 井井口水合物冰堵 (208) | JY-E4HF 井于 2013 年 12 月 3 日完井，人工井底 4558.00m
E00114,井口水合物冰堵,故障类型,井口因水合物形成导致冰堵,11,4.4 JY-E4HF 井井口水合物冰堵 (208)
E00115,JY-F1HF 井,井,发生分离器安全阀开启故障的井,"11,240",5.1 JY-F1HF 井分离器安全阀开启 (227) | 5.1 JY-F1HF 并分离器安全阀开启
E00116,分离器安全阀开启,故障类型,分离器安全阀异常开启,"11,240",5.1 JY-F1HF 井分离器安全阀开启 (227) | 10:00 发现热交换器压力突然升至 10MPa，分离器安全阀开启
E00117,分离器,设备,试气测试用的分离器,"11,240,241,261",5.1 JY-F1HF 井分离器安全阀开启 (227) | 导出热交换器和分离器，通过放喷管线继续放喷 | 导入分离器后，放喷管线会发生“冰堵” | 31 日 13:30 采气厂取样人员于分离器处取气样现场化验
E00118,JY-G1HF 井,井,发生套管渗漏故障的井,"11,247",6.1 JY-G1HF 井套管渗漏 (234) | 6.1 JY-G1HF 并套管渗漏
E00119,套管渗漏,故障类型,套管发生渗漏的故障,"11,247,253",6.1 JY-G1HF 井套管渗漏 (234) | 本章主要介绍了在页岩气井压裂施工过程中出现的其他一些工程复杂情况 | 6.3 JY-G3HF 并套管渗漏
E00120,套管,设备,井筒套管,11,6.1 JY-G1HF 井套管渗漏 (234)
E00121,弯头刺漏,故障类型,高压弯头因应力集聚发生泄漏,14,最终导致弯头刺漏、法兰螺杆断裂等事故
E00122,施工压力,施工参数,压裂作业时的井口压力,"14,17,21,27,28,34,36,37,38,39,40,41,42,48,49,50,51,52,53,56,57,58,59,60,63,64,65,67,68,70,71,72,73,75,76,78,79,81,83,88,89,93,94,96,97,98,99,100,101,103,107,109,110,113,121,123,130,132,135,137,138,139,140,141,143,144,146,149,150,153,154,158,159,161,171,175,176,177,179,180,181,182,188,189,191,192,193,194,195,196,204,206,207,208,213,231,248,252,260,265,266,269,270",涪陵页岩气田压裂施工压力一般在 60\sim 90\mathrm{MPa} | 粉砂阶段施工压力波动明显 | 施工压力 53~90MPa | 施工压力 63~64MPa | 施工压力 21~80MPa
E00123,砂比,施工参数,压裂液中支撑剂的体积占比,"14,15,17,19,20,21,24,25,30,31,34,36,37,38,40,41,42,48,49,50,53,56,60,63,65,68,69,70,72,74,75,76,77,78,79,83,137,144",砂比 15% 中砂时，压力快速升至 93MPa | 当 12% 砂比加砂进入地层后，压力缓慢上升 | 当进入地层中砂的砂比为 13% + 14% 后 | 分 3 次加入砂比 3% 粉陶段塞 | 当砂比（15%+16%）中砂进入地层后，施工压力较前期略有升高
E00124,高压应力集聚,原因,设备部位因长时间高压施工导致应力无法释放,14,长时间的高压施工等，使其高压弯头集聚的高压应力得不到有效释放
E00125,超压停泵,处置措施,压力超过安全值时停止泵注,"14,15,18,19,22,23,27,32,42,44,45,48,49,50,56,65,68,70,74,137",压力快速升至 93MPa，超压停泵，发生砂堵 | 压力升至 92MPa，超压停泵 | 升至 92MPa，导致超压停泵 | 压力 74MPa 升至 82MPa 再至 92MPa 超压停泵 | 压力大幅升至 96MPa，超压停泵
E00126,③号小层,地层,第 8 级桥塞穿行的地层小层,"14,15,27,32,50,55,56,64,67,75",第 8 级桥塞深度 3498m，穿行于③号小层 | 本段穿行于③号小层，地层层理缝较发育 | 穿行于③号小层 | 第 4 段深度 3732m，穿行于 ③ 号小层 | 井眼轨迹穿行于③号小层
E00127,放喷解堵,处置措施,通过放喷释放压力解堵,"15,17,18,20,21,25,28,40,43,44,50,56,57,63,171",现场讨论决定放喷解堵。控制放喷压力，放喷 53min | 反映出放喷解堵的方式对此类砂堵井适应性较好 | 现场讨论后决定放喷解堵 | 采取了放喷解堵、酸化解堵、小排量顶替解堵 3 种手段 | 后采取放喷解堵方式，用 10mm、20mm 油嘴控制放喷
E00128,排量,施工参数,泵注液体的流量,"15,19,20,25,27,28,30,34,36,37,38,39,40,41,48,49,50,51,52,53,54,56,57,60,62,63,64,65,68,69,70,71,72,74,75,76,77,78,79,81,83,89,92,93,94,95,96,97,98,99,100,101,103,107,109,110,112,113,114,121,123,124,130,132,135,138,139,140,141,144,146,149,151,153,156,158,160,161,171,175,176,177,180,181,182,188,189,192,193,194,195,196,206,208,212,213,231,248,253,263,264,265,266,267,268,269,270",重新开泵试挤，排量 2.5m^3/min | 排量升至 11m³/min | 采用低排量 1.5~2.0 m³/min 试挤减阻水 | 采用减阻水进行小排量试挤，排量 0.5~1.0m³/min | 排出排量升至 14m³/min
E00129,砂桥,现象,裂缝中形成的砂体桥梁,"15,26,45,49,105,140,150,151",由于裂缝延伸受限，逐渐在裂缝中形成砂桥 | 高砂比粗砂在裂缝缝口形成砂桥 | 在裂缝缝口形成“砂桥”，施工压力升高，导致砂堵现象发生 | 对已产生的部分砂桥进行反向冲刷 | 井筒内沉砂被推赶堆积形成砂桥
E00130,盐酸,材料,用于解堵的化学剂,"15,21,28,33,43,45,46,47,62,65,66,68,70,73,75,93",尝试挤入盐酸 10m^3，酸进地层后压力由 69MPa 下降至 49MPa | 其中盐酸 9m^3 | 试挤盐酸 10.11m³ | 其中盐酸 9.7m³ | 累计试挤盐酸 6.7m³
E00131,裂缝延伸受限,原因,裂缝无法正常延伸,"15,49",由于裂缝延伸受限，逐渐在裂缝中形成砂桥 | 导致施工净压力不足，裂缝延伸受限
E00132,减阻水,材料,用于降低摩擦阻力的液体,"15,18,21,23,28,37,39,43,45,46,47,48,52,54,56,62,66,68,70,75,79,90,107,110,123,130,137,138,150,161,175,178,179,181,182,183,187,188,189,190,231",低排量继续挤入减阻水，压力维持在 60~80MPa | 累计试挤 100m3 减阻水，施工压力稳定 | 共试挤减阻水 33m^3 | 小排量试挤减阻水两次，共挤入减阻水 128m³ | 试挤减阻水 13.36m³
E00133,近井地带微裂缝发育,原因,导致液体滤失过大的地质因素,16,近井地带微裂缝发育，导致液体滤失过大
E00134,液体滤失过大,原因,导致液体效率偏低的原因,16,导致液体滤失过大，液体效率偏低
E00135,液体效率偏低,原因,导致隔离液量未能满足铺砂条件,16,液体效率偏低，因此 40 m³隔离液量未能满足均匀铺砂条件
E00136,施工压力上升,现象,加砂过程中压力逐步升高,"16,45,64,77,162,209",施工压力出现逐步上升趋势 | 本段施工过程中，在砂比（9% + 10%）中砂进入地层后施工压力上升。 | 施工压力出现明显上升 | 从开始加 40/70 目覆膜陶粒后施工压力就一直呈上升趋势 | 施工压力由 39.0MPa 持续上升至 48.00MPa
E00137,控制砂比,处置措施,应对压力上升的措施,"16,77",应实时控制砂比，待施工压力平稳后再逐步提升砂比 | 并适当增加粉陶段塞用量，控制砂比，实现有效控压
E00138,放喷,处置措施,利用地层压力反向冲刷炮眼解堵,"16,19,29,30,42,48,51,53,58,59,61,64,65,66,68,70,71,74,76,227,271",可采取放喷方式，利用地层压力反向冲刷炮眼 | 砂堵停泵后，首先采用了 3 次放喷 | 本段采取三次放喷、试挤解堵 | 采用 12mm 油嘴进行第一次放喷，放喷液量 40m³ | 若一旦发生砂堵，应采取放喷、试挤的方式进行解堵
E00139,地面压裂设备发生故障,原因,导致停泵整改的原因,16,地面压裂设备发生故障，停泵整改
E00140,支撑剂沉降,现象,停泵导致支撑剂在井筒内沉降,16,导致支撑剂沉降在井筒内，堵塞炮眼处
E00141,低压管汇连接四通破裂,故障类型,地面设备故障具体表现,16,低压管汇连接四通破裂，停泵整改
E00142,桥堵,故障类型,炮眼处形成的堵塞,"16,31,34,66,75",解除桥堵，实现解堵 | 高砂比加砂易形成桥堵 | 支撑剂在较窄的裂缝口形成桥堵 | 反映出地层裂缝中已发生桥堵 | 在裂缝缝口处形成明显桥堵，发生砂堵
E00143,压裂设备故障,原因,导致停泵和沉砂的设备问题,17,本井发生砂堵的主要原因是由于压裂设备故障
E00144,停泵,现象,压裂设备停止运转,"17,21,35,37,53,80,81,83,123,129,143,144,145,210,265",由于压裂设备故障导致停泵、沉砂 | 压停泵，发生砂堵 | 压力骤升至限压 90 MPa，砂堵停泵 | 压力骤升至限压（90MPa），砂堵停泵 | 超压停泵
E00145,沉砂,现象,支撑剂在井筒内沉降,"17,64,116,117,118,147",由于压裂设备故障导致停泵、沉砂 | 若井筒内有沉砂，将无法完全将沉砂挤入地层 | 根据泵送张力变化曲线推断，泵送桥塞工具串即将到达桥塞深度时受沉砂影响 | 无异于拖动部分沉砂向上堆积 | 泵送桥塞工具串即将到达桥塞座封深度时受沉砂影响
E00146,设备维护保养,处置措施,施工前对设备进行保养,17,必须做好压裂设备的维护保养和检修工作
E00147,第 6 段,其他,发生砂堵的层段,17,1.3 JY-A3HF 并第 6 段砂堵
E00148,设计液量,施工参数,压裂设计的液体体积,"17,29,65",本段压裂设计液量 1690m^3 | 本段压裂设计液量 1615m³ | 本段压裂设计液量 1855m³
E00149,砂量,施工参数,压裂设计的支撑剂体积,"17,29,67",砂量 60.8m^3 | 砂量 60m³ | 砂量 70m³
E00150,多裂缝破裂,现象,地层产生多条裂缝的特征,17,反映出多裂缝破裂特征
E00151,粉砂阶段,工况,压裂施工的一个阶段,17,粉砂阶段施工压力波动明显
E00152,中砂阶段,工况,压裂施工的一个阶段,"17,56",中砂阶段，压力相对平稳 | 中砂阶段，砂比（12% +13% ），进入地层后，施工压力 50MPa 升至 95MPa 超压停泵
E00153,施工压力波动明显,现象,压力参数波动大,17,粉砂阶段施工压力波动明显
E00154,压力相对平稳,现象,压力参数稳定,17,中砂阶段，压力相对平稳
E00155,92MPa,指标,砂堵发生时的压力峰值,18,升至 92MPa，导致超压停泵
E00156,层理缝发育,地层,储层中层理裂缝发育的地质特征,"18,41,47,49,66,67,69,74,75",本段穿行于①号、②号小层，层理缝发育 | 本段位于①号小层，层理缝发育 | 本段位于①号、②号小层，层理缝发育 | 主要原因是①号小层层理缝发育，液体滤失较大 | 本段穿行于②号小层，层理缝发育
E00157,压裂液滤失大,原因,压裂液向地层滤失量过大,18,层理缝发育，压裂液滤失大，造缝效率低
E00158,裂缝宽度窄,原因,形成的裂缝宽度不足以支撑砂粒通过,18,压裂液滤失大，造缝效率低，裂缝宽度窄
E00159,13% 砂比,施工参数,导致砂堵发生的临界加砂比例,18,当 13% 的砂比加砂进入地层后，由于裂缝宽度不够
E00160,弹簧状变化,现象,解堵试挤时压力曲线的异常形态,18,施工压力曲线为“弹簧状”变化，表明解堵效果不理想
E00161,解堵成功,现象,堵塞解除，施工压力恢复正常,"18,33,39,41,43,59,68",施工压力稳定在 60~65MPa，解堵成功 | 停止施工，解堵成功，见图 1-18。 | 压力小于等于 78MPa，解堵成功 | 能满足下一段泵送桥塞施工要求，解堵成功 | 采用连续油管冲砂方式成功解堵
E00162,放喷液量 25m3,施工参数,成功解堵所需的累计放喷液体体积,18,累计放喷液量 25m3 后再次试挤，解堵成功
E00163,低排量试挤减阻水,处置措施,疏通桥堵部分的措施,19,采用了 3 次放喷和低排量试挤减阻水，以放喷泄压激动的方式，疏通桥堵部分
E00164,泵车旋塞阀,设备,压裂施工泵车部件,19,泵车旋塞阀刺漏，停泵整改。
E00165,刺漏,现象,泵车旋塞阀发生泄漏,"19,79",泵车旋塞阀刺漏，停泵整改。 | 高压分配器上一三通与旋塞的连接处出现刺漏
E00166,停泵整改,处置措施,设备故障后的处理措施,"19,79,86",泵车旋塞阀刺漏，停泵整改。 | 泵注一个井筒容积减阻水后再停泵整改 | 旋塞刺漏后停泵整改，更换旋塞
E00167,粉陶段塞,材料,压裂施工加入的材料,"19,20,39,48,60,72,77",分 3 次加入砂比 3% 粉陶段塞 | 开始尝试第三次加入 3% 粉陶段塞，由于施工压力高 | 第一个 3% 的粉陶段塞，加砂期间压力无明显下降 | 连续加入 6 段粉陶段塞 | 加入一个粉陶段塞后，施工压力下降且保持平稳
E00168,压力,指标,施工过程中的泵压,"19,151,160",压力升至 84MPa | 压力 28.83~67.70MPa | 当压力由 27.30 MPa 逐步升至 45.30 MPa 时，压力突降至 30.00 MPa
E00169,⑤号小层,地层,第 1 段穿行的地层,19,第 1 段穿行于⑤号小层
E00170,近井地带砂堵,故障类型,发生在井筒附近区域的砂堵现象,20,压力快速升至限压，导致近井地带发生砂堵
E00171,管线刺漏,故障类型,施工管线发生泄漏的故障,20,升排量过程中出现管线刺漏，停泵整改
E00172,酸化解堵,处置措施,通过注入酸液解除堵塞的措施,20,采取了放喷解堵、酸化解堵、小排量顶替解堵 3 种手段
E00173,小排量顶替解堵,处置措施,通过低排量顶替液体解除堵塞的措施,20,采取了放喷解堵、酸化解堵、小排量顶替解堵 3 种手段
E00174,施工压力高,现象,压裂施工期间压力值偏高的现象,"20,86",本井第 1 段压裂施工时，施工压力明显偏高 | 并且施工压力高，导致旋塞刺漏
E00175,泵压异常,现象,施工压力出现快速上升等异常情况,"20,53,89,113,141,208",切换胶液后，施工压力开始快速上升，由 50MPa 升至 95MPa | 施工压力 60MPa 降至 52MPa 突升至 96MPa | 小排量注液 2.3m^3 后井口压力 0.2MPa 升至 17MPa | 施工压力由 15.6MPa 升至 77.1MPa 后降至 44MPa，停泵 | 施工压力升高到 82MPa，无法继续泵送
E00176,层理缝,地层,地层中发育的层理裂缝,"20,36",第 1 段轨迹穿行位于第⑤号小层，为层理缝、高角度裂缝发育段 | 层理缝异常发育，造缝时液体沿层理缝滤失
E00177,高角度裂缝,地层,地层中发育的高角度裂缝,20,第 1 段轨迹穿行位于第⑤号小层，为层理缝、高角度裂缝发育段
E00178,缝宽窄,地层,地层裂缝宽度较窄的属性,"20,26",裂缝扩展形态复杂，液体效率低，缝宽窄，对砂比敏感性较强 | 主要原因为胶液摩阻大、缝宽窄
E00179,切换胶液,工况,施工过程中切换为胶液的操作工况,20,切换胶液后，施工压力开始快速上升
E00180,关井反应,处置措施,砂堵后关闭井口观察压力反应,"21,32",先采用关井反应、开泵试挤的方法 | 先采用关井反应、开泵试挤的方法试挤
E00181,开泵试挤,处置措施,砂堵后开启泵尝试挤入液体,"21,32",先采用关井反应、开泵试挤的方法 | 先采用关井反应、开泵试挤的方法试挤
E00182,连续油管冲砂,处置措施,使用连续油管冲洗砂堵,"21,23,42,43,52,53,55,62,66,68",采用连续油管冲砂解堵 | 下步采取连续油管冲砂，经过三次冲砂，完成解堵 | 若多次解堵均未成功，则可采取连续油管冲砂的方式进行解堵 | 采用连续油管冲砂方式成功解堵 | 经讨论决定先采用连续油管冲砂后
E00183,连续油管射孔,处置措施,改用连续油管进行射孔施工,"21,127",决定采用连续油管射孔方式完成第 2 段射孔施工 | 3. 连续油管射孔
E00184,胶液,材料,压裂使用的凝胶液体,"21,22,25,33,52,54,66,68,90,123,138,161,175,176,177,178,187,188,190,193,204,211",当转换胶液后，砂比 16% 的中砂进入裂缝 | 胶液进入井筒后压力快速由 49.2MPa 升至 70.1MPa | 本段砂堵发生在胶液携砂进入地层的过程中 | 其中胶液 23.5m³ | 转胶液 20 m{m}^3
E00185,中砂,材料,支撑剂的一种规格,"21,40,41,48,49,53,64,65,66,78",砂比 16% 的中砂进入裂缝后形成突然性砂堵 | 重新转加中砂 | 当砂比 7% 中砂进入地层后 | 转加中砂后 | 但当转加中砂后，砂比提升较快
E00186,施工排量,施工参数,施工时的液体注入速度,"21,251",施工排量 0.5~0.8m^3/min | 12\sim 14\mathrm{m}^3 /\mathrm{min}
E00187,缝宽,地层,裂缝的宽度,21,同时由于缝宽较窄
E00188,裂缝缝口,地层,裂缝的开口位置,"21,26,75",在裂缝缝口产生堆积、堵塞 | 在裂缝缝口形成砂桥，导致砂堵 | 在裂缝缝口处形成明显桥堵，发生砂堵
E00189,油嘴,设备,控制放喷流量的装置,"21,175,188,189,242,245,246,261,262",用 10mm、20mm 油嘴控制放喷 | 换为 6mm 油嘴 | 11 mm、8 mm 油嘴同时开井 | 用 8 mm 油嘴排液 | 30 日 6:00~9:00 使用 8mm 油嘴、10:00 过 6mm 油嘴
E00190,摩阻压力,指标,液体流动产生的摩擦阻力压力,21,胶液摩阻较高，增加摩阻压力 6~8MPa
E00191,转换胶液,工况,施工液体类型切换操作,21,当转换胶液后，砂比 16% 的中砂进入裂缝
E00192,压力大幅上升,现象,施工压力突然显著升高,22,使用高砂比转胶液时，压力出现大幅上升
E00193,高砂比,施工参数,较高的支撑剂与液体体积比例,22,使用高砂比转胶液时，压力出现大幅上升
E00194,转换液性,工况,施工过程中改变压裂液类型,22,若需要转换液性施工，应将顶替足够的隔离液
E00195,隔离液,材料,用于不同液性之间隔离的液体,22,应将顶替足够的隔离液后再转换液性
E00196,油泥,材料,套管丝扣油形成的污染物,"22,28,29,147",减少压裂过程中“油泥”对地层的伤害及对压裂施工的影响 | 捕屑器捕获油泥等脏物约 2kg | 而这些套管附着的油泥进入地层后会极大地影响正常的压裂施工 | 井内套管壁上存在油泥，造成工具串周围粘附了油泥
E00197,第 5 段,工况,压裂施工的具体段次,"22,44",JY-A6HF 并第 5 段砂堵 | JY-A15HF 并第 5 段砂堵
E00198,降排量,处置措施,降低泵注排量以控制压力,"22,24,63,72",为防止超压，降排量至 12m³/min，有效控制了压力升高趋势 | 为避免超压，降排量至 12m³/min | 可采取降排量、挤酸的方式降低泵压 | 对于加砂后期施工压力呈现上升趋势的时候，应该提前阶段降排量，以防造成砂堵
E00199,井筒清洁,处置措施,清除井筒内的污染物,22,在各井第 1 段压裂施工时，应以清洁钻井井筒污染为主要目的
E00200,地层堵塞严重,原因,现场分析认为地层堵塞导致无法重压,23,现场分析认为地层堵塞严重，在限压条件下无法重新压开地层
E00201,限压 90MPa,施工参数,施工设定的最高压力限制,23,施工压力迅速升至限压（90MPa）
E00202,平底磨鞋,设备,连续油管底带工具之一,"23,89,180,187,190,199,203,213",管柱结构：\phi 110\mathrm{mm} 平底磨鞋 | 管柱结构：φ110mm 平底磨鞋 | 4 日下入连续油管底带 112mm 平底磨鞋开始进行钻磨桥塞 | φ110mm 平底磨鞋 | 落鱼结构：φ110mm 平底磨鞋
E00203,施工压力过高,现象,施工期间压力异常升高,"23,62",施工压力 25.0~84.5MPa，施工压力过高，停泵 | 因施工压力过高，套管敞放
E00204,胶液进地层,工况,胶液进入地层的施工工况,23,胶液进地层后压力由 52.3MPa 升至 70.1MPa
E00205,二次试挤,工况,砂堵后进行的试挤作业,24,图 1-7 砂堵后二次试挤曲线
E00206,压力增加值不超过 10MPa,指标,二次试挤压力上升的限制值,24,增加值不超过 10MPa
E00207,压力上升速度较快,现象,施工压力快速升高,24,考虑压力上升速度较快，为避免超压
E00208,超压,风险,压力超过安全限值,"24,53",考虑压力上升速度较快，为避免超压 | 突升至 96MPa，超压停泵
E00209,12m³/min,指标,调整后的排量数值,24,为避免超压，降排量至 12m³/min
E00210,缝内净压力降低,现象,裂缝内部净压力下降,24,缝内净压力降低，缝宽变窄
E00211,缝宽变窄,现象,裂缝宽度变小,24,缝内净压力降低，缝宽变窄
E00212,压力陡降,现象,施工压力突然大幅下降,24,压力出现 6.2MPa 的陡降
E00213,产生新缝,原因,地层中形成新的裂缝,24,压力突降表明产生新缝
E00214,裂缝系统改变,现象,地层裂缝形态发生变化,24,地层形成的裂缝系统发生明显改变
E00215,压力异常升高,现象,胶液进地层后井口压力突然上升的现象,25,图 1-8 胶液进地层后压力异常升高
E00216,粉陶,材料,用于小裂缝堵塞降低滤失的材料,"25,36,50,53,54,69,78,265",可以适当使用粉陶进行小裂缝堵塞，降低地层滤失。 | 砂比 3% 的粉陶段塞进入地层后 | 减阻水加砂比 5% 粉陶 | 减阻水加粉陶 | 粉陶 23.81m3
E00217,滤失,现象,压裂液向地层渗漏的现象,"25,36,138",降低地层滤失 | 压裂液滤失严重，造缝不完善 | 10min 压降 20MPa
E00218,试挤,处置措施,砂堵后尝试挤压疏通的操作,"25,28,30,31,34,37,42,48,50,51,52,53,61,65,68,70,71,73,76",压裂砂堵后应首先选择利用地层能力将砂堵冲开 | 第一次放喷、试挤施工 | 12:50~13:02 开始第一次试挤，排量从 0.6m³/min 升至 1.3m³/min | 16:28 ~ 16:44 进行第四次试挤 | 从试挤曲线可以看出，第一次试挤时间过短
E00219,近井筒附近,地层,支撑剂沉积发生的位置区域,25,大量支撑剂迅速“过滤、沉积”在近井筒附近
E00220,限压,指标,施工压力的安全上限指标,"25,37",进入地层后压力突然升至限压，导致砂堵。 | 压力骤升至限压（90MPa）
E00221,近井地带,地层,砂堵发生的具体位置,26,砂堵发生在近井地带
E00222,胶液摩阻大,原因,导致砂堵的主要原因之一,26,主要原因为胶液摩阻大、缝宽窄
E00223,高砂比粗砂,材料,进入困难导致砂堵的支撑剂材料,"26,27",高砂比粗砂进入困难
E00224,减阻水转胶液,工况,施工流体转换过程,26,由减阻水转胶液后摩阻一般增加
E00225,胶液量较少,原因,难以形成有效缝宽的原因,26,由于胶液量较少，难以在短时间内形成有效的缝宽
E00226,6~8MPa,指标,转胶液后摩阻一般增加量,26,由减阻水转胶液后摩阻一般增加 6~8MPa 以上
E00227,17.5MPa,指标,该段转胶后压力升高值,26,该段转胶后压力升 17.5MPa
E00228,11.5MPa,指标,胶液进入裂缝的摩阻增加量,26,增加的 11.5MPa 主要为胶液进入裂缝的摩阻
E00229,缝宽较窄,原因,裂缝宽度不足导致携砂困难,"27,40",本井发生砂堵的主要原因是由于缝宽较窄 | 胶液性能不达标，导致前期分支缝较多，缝宽较窄
E00230,转胶液时间,施工参数,压裂液转为胶液的时间点,27,优化调整转胶液时间和加砂砂比
E00231,加砂砂比,施工参数,施工中加入支撑剂的比例,27,优化调整转胶液时间和加砂砂比
E00232,直接试挤方式,处置措施,解堵时直接尝试挤压的方法,27,采用直接试挤方式解堵成功率较低
E00233,解堵成功率低,风险,解堵措施成功的可能性较小,27,采用直接试挤方式解堵成功率较低
E00234,放喷解堵方式,处置措施,通过放喷来解除堵塞的方法,27,宜采用放喷解堵方式
E00235,放喷液量,施工参数,解堵放喷时的液体体积,"27,57,63",并优化放喷液量 | 放喷液量 32\mathrm{m}^3 32\mathrm{m}^3，放喷后进行试挤 | 根据放喷液量为 0.5~1 倍的井筒容积
E00236,压力出现缓慢上升趋势,现象,放喷过程中压力缓慢升高的状态,27,当压力出现缓慢上升趋势时，说明地层已疏通
E00237,地层已疏通,工况,地层堵塞已解除的状态,27,当压力出现缓慢上升趋势时，说明地层已疏通
E00238,前置液阶段,工况,压裂施工注入前置液的阶段,"27,40",前置液阶段，排出排量升至 14m³/min | 前置液阶段应该快速提升排量
E00239,粉砂,材料,粒径较小的支撑剂,"27,40,45,48,64,65,66,67",按设计加入砂比 3% 粉砂 | 在加入 6 个粉砂段塞后 | 可转加粉砂进行施工，利用小粒径粉砂封堵微裂缝，起到暂堵转向作用 | 砂比 3%~5% 粉砂进入地层 | 粉砂阶段施工压力平稳
E00240,连续油管洗井冲砂,处置措施,试挤失败后采用的解堵方式,"28,35",决定采用连续油管洗井冲砂方式进行解堵 | 10~11 日，采用连续油管洗井冲砂，管柱结构：φ73mm 四眼喷嘴
E00241,放弃该段压裂,处置措施,因压力高无法满足要求而放弃,28,由于施工压力较高，不能满足泵送作业要求，因此决定放弃该段压裂
E00242,连续油管传输座封桥塞及射孔施工,处置措施,放弃压裂后采取的后续施工方式,28,因此决定采取连续油管传输座封桥塞及射孔施工
E00243,油基泥浆清洗剂,材料,第三次试挤前用于清洗井筒,28,替入油基泥浆清洗剂清洗井筒
E00244,粉砂携砂液,材料,导致砂堵的液体,28,砂比 3% 粉砂携砂液 40m³ 进入地层
E00245,砂比 3%,施工参数,施工过程中的砂比参数,"28,35",本段施工过程中，砂比 3% | 加入 100 目粉陶 2.06 m³，砂比 3%
E00246,井筒较脏,原因,导致地层堵塞的原因之一,28,说明井筒较脏
E00247,堵塞地层,现象,油泥造成的后果,28,这些油泥堵塞地层
E00248,压力异常波动,现象,压裂施工压力不稳定现象,29,导致发生压力异常波动及砂堵等工程事故
E00249,异常砂堵,故障类型,本段发生的严重砂堵故障,29,图 1-13 第四次试挤施工曲线 是本段发生异常砂堵的主要原因
E00250,油基泥浆,材料,完井过程中附着套管内壁的材料,"29,262",在完井过程中油基泥浆和丝扣油附着套管内壁 | 漏失的油基泥浆或污水配制的压裂液
E00251,丝扣油,材料,完井过程中附着套管内壁的材料,29,在完井过程中油基泥浆和丝扣油附着套管内壁
E00252,裂缝堵塞,现象,油泥导致的裂缝阻塞现象,29,可以看出油泥对裂缝堵塞严重
E00253,清洗剂,材料,用于清洗套管的化学剂,"29,60",用清洗剂对套管进行清洗 | 在本段施工前期，已加入清洗剂处理井筒
E00254,试挤解堵,处置措施,通过试挤解除堵塞的措施,29,本段采取三次放喷、试挤解堵
E00255,连续油管冲砂洗井,处置措施,利用连续油管清除砂堵的措施,29,一次连续油管冲砂洗井解堵
E00256,泵送设备,设备,用于泵送的工具设备,29,探索提高泵送设备和工具承压级别的可能性
E00257,第四次试挤施工曲线,指标,反映试挤施工过程的曲线,29,图 1-13 第四次试挤施工曲线 是本段发生异常砂堵的主要原因
E00258,设备瞬间超压停泵,故障类型,施工压力陡增导致设备超过设定压力停泵,30,施工压力陡增，设备瞬间超压停泵（设备超压设置为 95MPa）
E00259,施工压力陡增,现象,加完砂后顶替减阻水后压力突然升高,30,该段塞全部进入地层后，施工压力陡增
E00260,地层通道狭窄,原因,试挤时压力高排量低的原因,30,压力从 18MPa 升至 85MPa。地层通道狭窄不能建立足够排量泵送桥塞
E00261,地层未通,现象,多次试挤后地层仍未连通,"30,31",进行第三次试挤，压力从 29MPa 升至 90MPa。地层未通 | 地层未通，该阶段共注入减阻水 17.06m^3
E00262,100 目粉陶,材料,用于打磨地层的支撑剂,"30,35,37,38",先采用低浓度 100 目粉陶打磨地层，连续加入砂比 2% 3 个段塞 | 加入 100 目粉陶 2.06 m³，砂比 3% | 加入 100 目粉陶 1.20m³，砂比 3% | 加入 100 目粉陶 14.00m³
E00263,12mm 油嘴,设备,用于放喷的工具,"30,246",10:55~12:27 采用 12mm 油嘴进行第一次放喷 | 导致流体实际过流孔径远大于 12mm 油嘴理论孔径值
E00264,中砂段塞,材料,导致顶替压力增高的支撑剂段塞,"30,74",当砂比为 (11% +12%) 的中砂段塞进入地层后，顶替压力明显增高 | 当最后一个中砂段塞（14% +15%）进入地层后，施工压力急速爬升
E00265,压力升高,现象,施工压力异常上升,31,压力从 0 升至 85MPa，压力继续升至 93MPa
E00266,裂缝宽度不够,原因,人工裂缝宽度不足,31,受地层因素限制，人工裂缝宽度不够
E00267,地层因素限制,原因,地质条件限制,31,受地层因素限制，人工裂缝宽度不够
E00268,胶液性能不达标,原因,压裂液性能问题,"31,40",胶液降滤失性能不达标，人工裂缝未充分扩展 | 胶液性能不达标，导致前期分支缝较多，缝宽较窄
E00269,裂缝未充分扩展,现象,人工裂缝扩展不足,31,胶液降滤失性能不达标，人工裂缝未充分扩展
E00270,套管壁油泥,原因,井筒清洁度问题,"31,140",套管壁附着有油泥，导致对地层的二次污染 | 工具串在前进过程中，不断刮起套管壁上的油泥，逐步在工具串前端形成砂桥
E00271,二次污染,风险,对地层的再次污染,31,套管壁附着有油泥，导致对地层的二次污染
E00272,放弃本段施工,处置措施,终止当前段施工,31,放弃本段施工，转入第 3 段施工
E00273,水质,施工参数,配液用水质量,31,配置压裂液所用的水要保证水质
E00274,井筒干净,指标,井筒清洁程度要求,31,前期井筒处理，应保障井筒干净
E00275,施工压力快速上升,现象,砂堵发生前的压力异常变化现象,32,施工压力快速上升，由 54MPa 升至 95MPa
E00276,粗砂,材料,导致压力上升的支撑剂材料类型,32,当最后一段砂比 15% 粗砂进入地层后
E00277,砂比 15%,施工参数,发生砂堵时的施工砂比参数,32,当最后一段砂比 15% 粗砂进入地层后
E00278,开井放喷,处置措施,试挤不成功后的解堵措施,"32,39",试挤不成功，决定开井放喷 | 砂堵后，开井放喷 0.5h 后用减阻水试挤
E00279,停止施工,处置措施,解堵未成功后的最终措施,"32,33,51",停止施工，解堵未成功 | 停止施工，解堵未成功。 | 停止施工，总液量 85.9m³，停止施工，解堵未成功
E00280,第二次放喷、试挤施工,工况,第二次进行的放喷及试挤作业阶段,33,第二次放喷、试挤施工：开井敞放，放喷液量 135m³
E00281,解堵未成功,现象,第二次试挤后解除堵塞失败,"33,51,52,57,58,59",停止施工，解堵未成功。 | 停止施工，解堵未成功，见图 1-35 | 总液量 49.8 m{m}^3，解堵未成功，见图 1-37。 | 停止施工，解堵未成功。总液量 81.51\mathrm{m}^3 81.51\mathrm{m}^3 | 停止施工，解堵未成功
E00282,第三次放喷、试挤施工,工况,第三次进行的放喷及试挤作业阶段,33,第三次放喷、试挤施工：开井敞放，放喷液量 130m³
E00283,压力仍有上升趋势,现象,降排量后压力依然升高,33,降排量至 2m³/min，压力 57~60MPa，仍有上升趋势。
E00284,下步再试挤,处置措施,当前施工停止后计划再次试挤,33,停止施工，下步再试挤，见图 1-17。
E00285,第五次试挤施工,工况,第五次进行的试挤作业阶段,"33,58",第五次试挤施工：试挤总液量 75.5m³ | 第五次试挤施工：放喷后，继续试挤
E00286,试挤排量,施工参数,试挤过程中的液体注入速率,"33,45,58,59,66,67",试挤排量 0.5~1.4m³/min | 当酸进入地层后，可根据施工压力情况逐步提升试挤排量 | 试挤排量 0.5m³/min 提到 3.0m³/min | 试挤排量 0.5m³/min 升至 3.8m³/min | 试挤排量 0.4~3.5 m³/min
E00287,试挤压力,施工参数,试挤过程中的井口或井底压力,"33,66",试挤压力 27~85MPa | 试挤压力 36~92 MPa
E00288,微裂缝,地层,地层存在的微小裂缝，支撑剂进入易形成堵塞,34,反映地层存在微裂缝，支撑剂进入微裂缝中形成堵塞
E00289,30/50 目粗砂,材料,粒径较大的支撑剂，对裂缝缝宽尺寸要求更大,34,30/50 目粗砂对地层裂缝缝宽尺寸要求更大
E00290,天然裂缝,地层,钻井漏失表明该段存在天然裂缝,34,漏失点与本段位置距离 233m，也进一步说明该段存在天然裂缝
E00291,替酸,处置措施,试挤过程中替换酸液以降低压力,"34,48,58,64,93",在能够建立小排量试挤的前提下替酸，可以有效地降低试挤压力 | 停泵重新替酸 15m³ | 分别替酸 3 次 | 决定替酸 20m^3，以降低施工压力 | 9 日 14:00~15:10 用密度 1.67g/cm^3 泥浆替 20% 盐酸 1m^3
E00292,压裂液效率低,现象,裂缝存在和不断开启导致压裂液效率降低,34,由于裂缝的存在和不断开启，压裂液效率低
E00293,压力骤升至限压,现象,施工压力突然升高达到限制压力值,35,压力骤升至限压 90 MPa，砂堵停泵
E00294,90 MPa,指标,压裂施工的限制压力值,35,压力骤升至限压 90 MPa，砂堵停泵
E00295,20mm 油嘴放喷,处置措施,通过油嘴控制压力释放井筒流体,35,12:56~16:26 采用 20mm 油嘴放喷，井口压力 35.0 MPa 降至 0
E00296,15% 盐酸,材料,第二次压裂前使用的酸化处理液,"35,37,82,166",12 日进行第 1 段第二次压裂施工，正挤 15% 盐酸 20.00 m³ | 正挤 15% 盐酸 20.00m³ | 15% 盐酸 10m³ | 15 日 6:41~7:35 进行井筒处理施工，挤 15% 盐酸 10m³，减阻水 143.7m³
E00297,树脂覆膜砂,材料,放喷液中含有的支撑剂类型,35,放喷液量 18.32 m³含少量树脂覆膜砂
E00298,试挤减阻水,处置措施,砂堵后尝试挤注液体测试井筒通畅性,"35,121",至 16:38 试挤减阻水 2.94 m³，施工压力 62.3~83.9 MPa | 试挤减阻水 119.61m³，施工压力 70~78MPa，排量 7~8m³/min
E00299,套管敞放,处置措施,打开套管阀门释放压力,"35,62",至 8:00 套管敞放，井口压力 20.0 MPa 降至 0 | 因施工压力过高，套管敞放
E00300,四眼喷嘴,设备,连续油管冲砂管柱结构中的部件,35,管柱结构：φ73mm 四眼喷嘴 +φ73mm 循环短节
E00301,排量 8.6~14.0 m³/min,施工参数,第一次压裂施工时的泵注排量范围,35,量 8.6~14.0 m³/min。加入 100 目粉陶
E00302,龙马溪组③号层,地层,压裂施工的目标地层,36,本井第 1 段位于龙马溪组③号层
E00303,近井污染,原因,井筒附近地层受到污染,36,近井地带泥浆侵入，造成了地层污染
E00304,近井裂缝扭曲,原因,井筒附近裂缝路径弯曲复杂,36,近井地带裂缝扭曲严重，近井摩阻较高
E00305,提排量,处置措施,提高施工排量,36,迅速提排量至设计排量
E00306,低砂比段塞,处置措施,加入低浓度的支撑剂段塞,36,加入低砂比段塞
E00307,压力上升,现象,施工压力升高,"36,263",压力上升明显，施工压力 76MPa 升至 85MPa | 压力上升至 50.0MPa，停泵，桥塞丢手
E00308,砂堵高风险,风险,容易发生砂堵的风险阶段,36,第 1 段压裂施工是砂堵高风险发生阶段
E00309,油嘴放喷,处置措施,通过油嘴控制井口压力进行放喷疏导,37,13:44~17:09 采用 20mm 油嘴放喷
E00310,前置液数量,施工参数,压裂施工前置阶段的液体用量,37,提高前置液数量，提高地层能力
E00311,第二次压裂施工,工况,首次砂堵后的再次压裂作业,37,第一次压裂施工砂堵，第二次压裂施工应该及时调整
E00312,20mm 油嘴,设备,用于放喷作业的 20 毫米口径油嘴,37,13:44~17:09 采用 20mm 油嘴放喷
E00313,10mm 油嘴,设备,用于放喷作业的 10 毫米口径油嘴,37,至 22:05 采用 10mm 油嘴放喷
E00314,第 10 段压裂,工况,特定井段的压裂施工过程,37,1.11.3 第 10 段压裂砂堵
E00315,线性胶,材料,施工中使用的压裂液材料,"37,137",线性胶 161.50m³ | 线性胶 200m³，总液量 1419.52m³
E00316,五峰组,地层,压裂施工所在的地层组别,38,本段位于五峰组
E00317,层理缝异常发育,原因,地层地质特征导致滤失增加,38,层理缝异常发育，造缝时液体沿层理缝滤失
E00318,近井裂缝扭曲严重,原因,井筒附近裂缝形态复杂阻碍支撑剂运移,38,近井裂缝扭曲严重，粉陶在裂缝中的运移受到限制
E00319,压力上升明显,现象,施工压力异常升高的工况现象,38,粉陶段塞进入地层后，压力上升明显，施工压力 76MPa 升至 85MPa
E00320,砂堵风险,风险,支撑剂堵塞裂缝通道的潜在风险,38,裂缝发育位置较多的井段，注意加强砂堵风险的预防
E00321,提高前置液用量,处置措施,增加前置液体积以减少滤失的措施,38,提高前置液用量，降低后期压裂滤失
E00322,降低排量,处置措施,压力异常时降低注入速度的操作,"38,47,49,80,256",及时降低排量，压力不降 | 在降低排量至 11m³/min 后，裂缝内的静压力随之减小 | 可适当降低排量，防止微缝过分扩展 | 施工指挥决定降低排量 | 为保证施工安全，降低排量
E00323,地层污染,原因,近井地带可能存在的损害情况,38,近井地带可能存在地层污染
E00324,第 13 段,工况,发生砂堵的压裂施工段次,39,2014 年 11 月 12 日 20:50 开始第 13 段压裂施工
E00325,压裂车,设备,提供压裂动力的施工设备,"39,80,81,111,123",压力升至 93MPa，压裂车超压停泵 | 巡视人员发现一辆压裂车的吸入缸盖盘根刺漏 | 发现一压裂车排出法兰突然与泵头分离 | 压裂车供液连接管线不紧凑，导致尾部流速降低而含砂 | 应立即通知压裂车停泵
E00326,减阻水试挤,处置措施,砂堵后尝试解堵的施工操作,39,后用减阻水试挤，试挤排量达到 10m³/min
E00327,高挤减阻水,处置措施,解堵成功后继续注入减阻水的操作,39,解堵成功，高挤减阻水 110m³后，重新开始加砂
E00328,加砂量,指标,施工中加入支撑剂的累计体积,39,加砂量达 34m³后，发现压力有上升趋势
E00329,压力上升趋势,现象,施工压力异常升高的现象,"39,71",加砂量达 34m³后，发现压力有上升趋势 | 压力就一直成上升趋势
E00330,压裂车超压停泵,现象,因压力过高导致设备自动停止,39,压力升至 93MPa，压裂车超压停泵
E00331,排量提升速度不够,原因,导致造缝效果不理想的原因,40,提升排量的速度不够，造缝效果不理想
E00332,裂缝开启程度不够,现象,排量提升速度不够导致的结果,40,提升排量的速度不够，造缝效果不理想，裂缝开启程度不够
E00333,施工压力大幅上升,现象,砂堵发生前的压力异常表现,"40,47",施工压力大幅上升，由 65MPa 升至 85MPa | 因此出现了排量波动后，施工压力大幅上升的情况
E00334,试挤施工,处置措施,放喷后关井进行的解堵尝试,"40,43,54,60",关井进行第一次试挤施工 | 放喷后共进行了 4 次试挤施工 | 试挤施工 7 次 | 本井发生砂堵后，共采取 7 次试挤施工，历时 5 天
E00335,降排量加粉砂,处置措施,压力上升时采取的临时调整措施,40,后采取降排量加粉砂的方法继续施工
E00336,压力波动,现象,施工压力出现明显波动,"41,129,156",在本段加砂压裂过程中，施工压力波动明显。 | 如果压力波动或者压力绝对值过高，应积极与压裂队等共同查找原因 | 试压合格后将压力由 50MPa 泄至 15MPa 时，射孔枪在压力波动下继续下滑
E00337,井筒油泥污染,原因,井筒受到油泥严重污染,"41,42",在压裂过程中所受到的井筒油泥污染最为严重 | 各井第 1 段均存在较严重的井筒油泥污染情况
E00338,液体滤失较大,现象,压裂液滤失量大,"41,67",层理缝发育，液体滤失较大
E00339,施工排量受限,现象,施工排量受到限制,41,液体滤失较大，本段施工排量受限严重
E00340,人工裂缝缝宽窄,原因,人工形成的裂缝宽度较窄,"41,45",人工裂缝缝宽窄，对砂比浓度较为敏感 | 液体滤失大，效率低，裂缝延伸扩展难度大，人工裂缝缝宽窄
E00341,关井进行第三次试挤施工,处置措施,关井后进行试挤作业,41,关井进行第三次试挤施工
E00342,①号小层,地层,施工所在的地层小层,"41,48",本段位于①号小层 | 第 16 段穿行于①号小层
E00343,压力曲线波动异常,现象,压裂施工中压力曲线波动异常且整体偏高,42,在压裂施工中反映出压力曲线波动异常且整体偏高
E00344,地层能量有限,原因,地层能量有限导致解堵难度大,42,由于地层能量有限，放喷解堵成功难度通常较大
E00345,低排量,施工参数,试挤解堵时要在低排量下进行,42,且要在低排量下耐心试挤，不要急于升排量
E00346,井筒清理,处置措施,前期井筒清理以保证干净降低风险,42,在前期的井筒清理中，要采取相应的措施，保证井筒清理干净
E00347,胶液携粗砂,工况,施工后期减阻水转胶液携粗砂,42,施工后期，减阻水转胶液，由胶液携 14% 砂比粗砂进入地层
E00348,解堵难度大,风险,第 1 段砂堵放喷解堵成功难度通常较大,42,由于地层能量有限，放喷解堵成功难度通常较大
E00349,试挤次数,施工参数,放喷后进行的试挤施工次数,43,放喷后共进行了 4 次试挤施工
E00350,施工历时,施工参数,试挤施工持续的时间,43,历时 15 天
E00351,盐酸用量,施工参数,累计试挤盐酸的体积,43,累计试挤盐酸 6.7m³
E00352,减阻水用量,施工参数,累计试挤减阻水的体积,43,减阻水 221m³
E00353,解堵失败,现象,试挤施工后未能解除堵塞,43,但均未试挤成功，始终无法解堵
E00354,砂比 14%,施工参数,发生砂堵时的粗砂砂比参数,44,砂堵发生在粗砂砂比 14% 阶段（胶液）
E00355,裂缝延伸长度不足,原因,远端裂缝延伸长度不能满足加砂要求,44,远端裂缝延伸长度和缝宽已不能满足加砂要求
E00356,缝宽不足,原因,裂缝宽度不能满足加砂要求,44,远端裂缝延伸长度和缝宽已不能满足加砂要求
E00357,地层进砂能力极限,原因,地层接受支撑剂的能力达到极限,44,地层进砂能力已经达到一定极限
E00358,胶液携砂,工况,胶液携带支撑剂进入地层的过程,44,胶液携砂不仅增加了施工摩阻
E00359,施工摩阻增加,现象,施工过程中摩擦阻力增大,44,胶液携砂不仅增加了施工摩阻
E00360,井筒污染,原因,钻井与固井残留污染物堵塞裂缝,44,钻井与固井过程中所残留在井筒内的污染物有可能随着压裂液进入地层并堵塞裂缝
E00361,地层能量不足,原因,第 1 段压裂时地层能量相对不足,"44,56",由于是第 1 段压裂施工，地层能量相对不足 | 由于本段为该井第 2 段施工，地层能量相对不足
E00362,挤酸,处置措施,通过挤注酸液辅助解堵,"44,51,57,58,63,134",后关井试挤。挤酸 10m³ | 排量 0.5m³/min 挤酸 20m³ | 放喷后进行试挤。挤酸 10\mathrm{m}^3 10\mathrm{m}^3 | 挤酸 20m³ | 可采取降排量、挤酸的方式降低泵压
E00363,施工压力 95MPa,指标,砂堵发生时的最高施工压力,44,施工压力迅速由 70MPa 升至 95MPa
E00364,砂比 9%,施工参数,导致压力迅速上升的中砂砂比,"44,55",当砂比 9% 中砂进入地层后 | 连续油管补孔压裂过程中，砂比 9%
E00365,排量 11.8m³/min,施工参数,解堵施工时的最大排量,44,排量 0.2m³/min 升至 11.8m³/min
E00366,砂比 9% + 10%,施工参数,发生砂堵时的中砂段塞砂比参数,45,当砂比（9% + 10%）中砂段塞进入地层后，在裂缝缝口形成“砂桥”
E00367,②号小层,地层,发生砂堵故障的具体施工层位,"45,47,65,66,67,73",分析砂堵原因为：本段穿行②号小层，黏土含量增高，地层偏塑性 | 且②号小层存在高应力条带 | 第 2 段穿行于②号小层 | 本段穿行于②号小层 | 本井由于穿行于②号小层
E00368,黏土含量增高,原因,导致地层偏塑性和滤失大的地质因素,45,本段穿行②号小层，黏土含量增高，地层偏塑性，且层理缝极发育
E00369,层理缝极发育,原因,导致多裂缝和液体滤失大的地质特征,45,地层偏塑性，且层理缝极发育，易产生多裂缝，液体滤失大
E00370,液体滤失大,原因,导致裂缝延伸困难和缝宽窄的直接原因,45,易产生多裂缝，液体滤失大，效率低，裂缝延伸扩展难度大
E00371,放喷处理,处置措施,砂堵后利用地层能量疏通砂桥的措施,45,在砂堵后进行放喷处理，可充分利用地层能量，有效地对缝内及缝口“砂桥”进行疏通
E00372,主缝延伸,工况,压裂改造中期望达到的裂缝扩展状态,45,以提高主缝内的净压力，保证裂缝正常延伸、扩展
E00373,降低砂比,处置措施,施工压力上升后尝试的初步调整措施,45,施工压力上升后，采取降低砂比、减少携砂液量的办法尝试加砂
E00374,第 8 段,地层,发生砂堵的压裂层段,46,第 8 段穿行于①号、②号小层
E00375,压裂车设备故障,原因,导致排量波动的设备原因,46,由于压裂车设备故障，排量发生波动
E00376,排量发生波动,现象,施工排量不稳定现象,46,排量发生波动 (14m³/min、11.8m³/min、14m³/min)
E00377,施工压力异常,现象,排量波动后压力出现异常,46,排量波动后，施工压力出现异常，由 57MPa 升至 78MPa
E00378,施工压力急速上升,现象,砂堵前的压力急剧升高现象,46,施工压力急速上升，由 68MPa 升至 95MPa
E00379,放喷方式解堵,处置措施,砂堵后采用的解堵方法,46,砂堵停泵后，决定采用放喷方式解堵
E00380,试挤盐酸,处置措施,第二次放喷后采用的解堵措施,"46,47",放喷后先向井筒内试挤 10m³盐酸 | 采用先试挤盐酸，再顶替减阻水的办法解堵
E00381,砂比 8%,施工参数,中砂阶段加入的砂比参数,46,中砂阶段，加入砂比 8% 段塞时
E00382,排量 14m³/min,施工参数,波动过程中的排量参数,"46,133",排量发生波动 (14m³/min、11.8m³/min、14m³/min) | 排量由 14m³/min 降至 8.5m³/min 下降
E00383,设计液量 1700m³,施工参数,本段压裂设计的液量,46,本段压裂设计液量 1700m³
E00384,设计砂量 60.1m³,施工参数,本段压裂设计的砂量,46,砂量 60.1m³
E00385,泵车故障,原因,压裂泵车设备发生的故障,47,在中砂阶段，由于泵车故障，导致施工排量产生较大波动
E00386,排量波动,现象,施工排量发生不稳定的变化,47,由于泵车故障，导致施工排量产生较大波动
E00387,高应力条带,原因,地层中存在高应力区域,"47,66,67,74",且②号小层存在高应力条带 | 靠近②号小层附近的高应力条带 | 同时靠近高应力条带 | 本段位于②号小层，层理缝发育，且存在高应力条带。
E00388,近井滤失大,现象,井筒附近液体滤失量大,47,由于层理缝极发育，导致近井滤失大
E00389,裂缝缝口形成桥堵,故障类型,裂缝入口处形成支撑剂桥塞堵塞,47,导致裂缝缝口形成桥堵，压力上升
E00390,顶替减阻水,处置措施,注入减阻水顶替井筒液体,47,采用先试挤盐酸，再顶替减阻水的办法解堵
E00391,12.8m³/min,施工参数,解堵成功时的施工排量,47,逐步提升排量至 12.8m³/min，施工压力由 75MPa 降至 70MPa
E00392,11m³/min,施工参数,故障发生后降低到的排量,47,在降低排量至 11m³/min 后，裂缝内的静压力随之减小
E00393,7% 砂比,施工参数,最后进入地层的支撑剂浓度,47,当最后一个 7% 砂比中砂进入地层后
E00394,第 16 段,其他,发生故障的具体井段,48,JY-A17HF 并第 16 段砂堵
E00395,施工压力较高,现象,压裂施工过程中的压力状态,48,压裂施工过程中，整体施工压力较高
E00396,压力波动较大,现象,施工压力的波动情况,48,压力波动较大（78~86MPa）
E00397,液体滤失,现象,压裂液向地层滤失,49,液体滤失较大，导致施工净压力不足
E00398,主动放喷,处置措施,通过地层能量反向冲刷砂桥,49,中途主动放喷 1h，通过地层能量对已产生的部分砂桥进行反向冲刷
E00399,粉砂段塞,材料,用于改善裂缝延伸的支撑剂段塞,49,在加入 6 个粉砂段塞后，裂缝延伸舒畅
E00400,砂比快速提升,现象,砂比增加速度过快,49,砂比提升较快，由于地层动态缝宽不足
E00401,排量提升过快,现象,试挤时排量增加速度过快,49,由于排量提升过快（很快将试挤排量升至 4~6m^3/min）
E00402,前置液处理量,施工参数,压裂前置液的体积,49,可增大前置液处理量
E00403,主缝,工况,主要裂缝,49,有利于主缝的形成和扩展
E00404,低砂比长段塞,处置措施,低砂比长段塞试探加砂,49,可采取低砂比长段塞试探加砂
E00405,酸,材料,用于解堵或试挤的液体材料,50,挤酸 20m³，压力由 88MPa 降至 63MPa
E00406,总液量,施工参数,施工累计使用的液体总体积,"51,54,59,163",总液量 85.9m³，总液量 116.8m³ | 10 次施工总液量 3439.5m3 | 总液量 72m³ | 总液量 135.70m^3
E00407,停泵再开始,处置措施,暂停泵注后重新启动施工,51,停泵再开始，排量 0.5m³/min，施工压力 85MPa
E00408,电缆泵送方式补孔,处置措施,利用电缆泵送补充射孔,52,再采取电缆泵送方式补孔二簇
E00409,重新压裂,处置措施,完成冲砂补孔后再次压裂,"52,55",后重新压裂 | 连续油管冲砂后重新压裂
E00410,5038.0 ~ 5039.0m,地层,补孔作业的目标井段,52,5038.0 m{m}、5014.0 m{m}
E00411,5014.0 ~ 5015.0m,地层,补孔作业的目标井段,52,5014.0 m{m}
E00412,砂比 10%,指标,故障发生时的具体砂比数值,"53,80",砂比 10%，超压停泵 | 在加砂砂比 10% 的 40/70 目陶粒进入地层的后
E00413,施工压力 96MPa,指标,故障发生时的最高压力数值,53,突升至 96MPa
E00414,中陶,材料,压裂使用的中颗粒陶瓷支撑剂,"53,54,55",减阻水加中陶 | 中陶 16.84m3 | 中陶进地层后压力突然上升
E00415,电缆泵送补孔,处置措施,使用电缆泵送方式进行补孔作业,53,26 日电缆泵送补孔二簇后
E00416,压裂施工,工况,本段共进行的压裂作业次数,54,本段共进行压裂施工 3 次
E00417,总砂量,施工参数,施工使用的支撑剂总量,"54,146",总砂量 40.65m3 | 总砂量 17.8 m³
E00418,黏土含量较高,地层,本段地层的黏土含量特征,54,本段黏土含量较高
E00419,地层偏塑性,地层,本段地层的力学性质特征,54,地层偏塑性
E00420,14m3/min,指标,第一次施工前置阶段达到的排量值,54,快升排量至 14m3/min
E00421,近井弯曲摩阻过大,现象,因地层压缩导致的摩阻异常现象,54,造成近井弯曲摩阻过大
E00422,粉陶检测结果显示不合格,现象,粉陶材料质量检测的结果,54,粉陶检测结果显示不合格
E00423,大粒径粉陶比例超标,原因,粉陶不合格的具体表现,54,大粒径粉陶比例超标
E00424,试挤无效,现象,试挤施工未能达到预期效果,55,由于近井地带被堵死，导致试挤 4 次均无效
E00425,近井地带被堵死,原因,井筒附近区域堵塞,55,由于近井地带被堵死，导致试挤 4 次均无效
E00426,连续油管补孔压裂,工况,使用连续油管进行补孔压裂作业,55,连续油管补孔压裂过程中，砂比 9%
E00427,压力突然上升,现象,施工压力异常升高,55,中陶进地层后压力突然上升，砂堵
E00428,塑性地层,地层,具有塑性特征的地层,55,说明塑性地层被快速压缩后恢复能力较差
E00429,裂缝延伸困难,现象,裂缝难以继续扩展,"55,77",造成局部应力过大，裂缝延伸困难 | 由于页岩裂缝性储层非均质性强，裂缝延伸困难
E00430,新裂缝和老裂缝干扰,原因,新旧裂缝之间产生相互作用,55,由于压裂过程中新裂缝和老裂缝干扰较大
E00431,缝宽受限,现象,裂缝宽度受到限制,55,新裂缝和老裂缝干扰较大，缝宽受限
E00432,加砂困难,现象,支撑剂难以注入,55,缝宽受限，加砂困难
E00433,现场质量监督,处置措施,对压裂材料进行质量管控,55,要做好液体、支撑剂等压裂材料的现场质量监督工作
E00434,液体、支撑剂,材料,压裂施工所需材料,55,要做好液体、支撑剂等压裂材料的现场质量监督工作
E00435,第 1 段,工况,JY-A19HF 井发生砂堵的压裂层段,"56,60",1.19 JY-A19HF 并第 1 段砂堵 | 本井第 1 段位于③号小层，层理缝发育
E00436,第 2 段施工,工况,文中提及的另一施工段次，存在污染和能量不足风险,56,由于本段为该井第 2 段，井筒及储层可能存在一些前期钻井带来的污染和伤害
E00437,钻井污染,原因,前期钻井作业对井筒及储层造成的伤害,56,井筒及储层可能存在一些前期钻井带来的污染和伤害
E00438,弹簧状试挤曲线,现象,试挤压力曲线呈现弹簧状波动,"57,66",形成“弹簧状”试挤曲线。酸降压力由 80\mathrm{MPa} 80\mathrm{MPa} 降至 | 随即形成“弹簧状”试挤曲线
E00439,第一次试挤施工,工况,首次进行的试挤作业过程,57,1.19.3 处理过程 1.19.3 处理过程 第一次试挤施工
E00440,第二次试挤施工,工况,第二次进行的试挤作业过程,57,第二次试挤施工：放喷 第二次试挤施工：放喷 50\mathrm{m}^3 50\mathrm{m}^3 后
E00441,第三次试挤施工,工况,第三次尝试解堵的施工过程,58,第三次试挤施工：重新放喷后，继续试挤
E00442,第四次试挤施工,工况,第四次尝试解堵的施工过程,58,第四次试挤施工：放喷后，继续试挤
E00443,第六次试挤施工,工况,第六次尝试挤压施工过程,59,第六次试挤施工：放喷后，继续试挤。
E00444,第七次试挤施工,工况,第七次尝试挤压施工过程,59,第七次试挤施工：放喷后，继续试挤。
E00445,井筒内沉砂,其他,井筒内存在的沉积砂粒,59,施工排量足够清理井筒内沉砂
E00446,施工压力波动,现象,施工过程中压力出现不稳定的变化,60,在替酸及加入粉砂阶段，施工压力有明显波动
E00447,油泥堵塞地层,原因,井筒油泥进入地层导致堵塞,60,而造成砂堵的原因很可能是油泥堵塞地层所致
E00448,控制砂比及排量,处置措施,调整施工参数以应对压力波动,60,施工过程中若施工压力波动较大，应及时控制砂比及排量
E00449,提高排量和压力,处置措施,试挤解堵时增加施工强度,60,在试挤过程中可在条件允许的前提下，尽可能的提高排量和压力进行试挤
E00450,70/140 目粉陶,材料,压裂施工使用的支撑剂材料,"61,70,71,76",17:59 开始加 70/140 目粉陶 | 接着加 6% 的 70/140 目粉陶段塞，施工压力升至 70.00MPa | 加入 70/140 目粉陶 | 接着倒减阻水并加 70/140 目粉陶
E00451,40/70 目低密度陶粒,材料,压裂施工使用的支撑剂材料,"61,63",18:23 开始加 40/70 目低密度陶粒 | 加 40/70 目低密度陶粒
E00452,16m³/min,施工参数,砂堵前瞬间的施工排量,61,排量从 15m³/min 升至 16m³/min
E00453,100MPa,指标,降排量过程中瞬时施工压力峰值,61,降排量过程中瞬时施工升至 100MPa
E00454,施工压力直线上升,现象,砂堵前的压力异常现象,61,施工直线上升，迅速降排量至 12m³/min
E00455,冲砂解堵,处置措施,砂堵后的处理措施之一,61,经过多次放喷、试挤，冲砂解堵
E00456,放弃该段压裂施工,处置措施,解堵效果不明显后的最终决定,61,效果不明显，放弃该段压裂施工
E00457,解堵不成功,现象,尝试解除堵塞但未达到预期效果,62,施工压力 10.54~95.00MPa，解堵不成功
E00458,陶粒,材料,压裂支撑剂，冲砂时被带出,"62,137,252",出口点火不燃，带出部分陶粒 | 加 70/140 目陶粒 11.73m³、40/70 目陶粒 15.76m³ | 但是两个钢圈槽内和钢圈上堆积了陶粒
E00459,井口压力,施工参数,井口处的压力读数,"62,124,168,169,189,190,213,214,230,240,244,245,264,266",井口压力 37.0MPa 降至 0 | 井口压力为 51~52MPa，排量 2.0m³/min | 该井井眼轨迹为上翘型，井口压力 30MPa | 井口压力由 16.6MPa 降至 1.2MPa，连续油管拆防喷管 | 19:20 关井，井口压力 17.5 MPa
E00460,地面关井,处置措施,在地面关闭井口停止施工,62,11:00~15:59 地面关井
E00461,井口压力归零,现象,井口压力下降至零,62,井口压力 37.0MPa 降至 0
E00462,泵压过高,现象,施工泵压超过正常范围,63,都因泵压过高，试挤失败
E00463,试挤失败,工况,试挤作业未能成功完成,63,都因泵压过高，试挤失败
E00464,70/140 目粉陶砂,材料,用于打磨缝口的支撑剂,"63,83",压裂施工前期加 6 个 70/140 目粉陶砂段 | 加完第 4 个 70/140 目粉陶砂段
E00465,缝宽极窄,原因,地层裂缝宽度非常小,63,缝宽极窄，导致砂堵
E00466,压力持续增高,现象,施工压力呈现持续上升趋势,63,若压力有持续增高的趋势
E00467,增加段塞,处置措施,增加施工段塞数量,63,可适当增加段塞，多加粉陶
E00468,多加粉陶,处置措施,增加粉陶支撑剂用量,63,可适当增加段塞，多加粉陶
E00469,井筒容积,指标,井筒内部的体积容量,"63,67",本段井筒容积为 45m³ | 井筒容积 54m³
E00470,地层对排量很敏感,原因,地层特性导致对排量变化反应强烈,63,地层对排量很敏感，缝宽极窄，导致砂堵
E00471,缝口打磨,现象,支撑剂对裂缝入口的磨蚀作用,63,证明每次粉砂进地层都有对地层裂缝缝口打磨作用
E00472,试挤排量偏低,现象,试挤阶段排量低于预期,64,试挤排量偏低，若井筒内有沉砂
E00473,解堵,处置措施,解除堵塞恢复施工,"64,70,76",能满足下步泵送桥塞条件，解堵成功 | 施工压力升至 81.17MPa 后显示出下降趋势，说明已解堵 | 说明已解堵，停止加砂
E00474,地层层理缝,地层,地层中发育的缝隙,64,地层层理缝较发育
E00475,裂缝延伸顺畅,现象,裂缝扩展顺利,64,反映出裂缝延伸顺畅
E00476,动态缝宽不足,原因,裂缝宽度不够支撑砂通过,64,这表明由于动态缝宽不足
E00477,临界砂比,指标,导致压力上升的砂比阈值,64,该砂比为临界砂比
E00478,缝口桥堵,故障类型,砂在缝口形成堵塞,"64,74",在缝口发生桥堵，施工压力升高 | 10% 砂比粗砂段塞在缝口形成桥堵，形成突然性砂堵。
E00479,增大隔离液,处置措施,增加隔离液量抑制压力上升,64,采用增大隔离液，降低中砂砂比或者转加粉砂
E00480,降低中砂砂比,处置措施,减小中砂浓度,64,采用增大隔离液，降低中砂砂比或者转加粉砂
E00481,转加粉砂,处置措施,改用粉砂段塞,64,中途转加粉砂段塞后，施工压力得到较好控制
E00482,反向冲刷,现象,流体反向流动冲刷炮眼,64,使地层压力在炮眼处形成反向冲刷
E00483,憋压释放,现象,近井地带压力得到释放,64,使近井地带的“憋压”得到释放
E00484,设计砂量,施工参数,压裂段设计的总支撑剂体积,65,砂量 55.9m³
E00485,液体滤失增大,原因,压裂液向地层滤失量增加,66,随着裂缝不断开启，液体滤失增大
E00486,裂缝缝宽窄,原因,高应力导致裂缝开启宽度狭窄,66,高应力条带附近裂缝开启难度增大，导致所开启的裂缝缝宽窄
E00487,施工压力抬升,现象,施工过程中压力持续上升,66,中砂进入地层后施工压力逐步抬升
E00488,6% 中砂携砂液,施工参数,导致砂堵时的砂比浓度,66,最终在 6% 中砂携砂液进入地层后发生砂堵
E00489,裂缝延伸难度增大,风险,裂缝开启及延伸难度增加,67,导致裂缝开启及延伸难度增大
E00490,增大前置胶液用量,处置措施,增加前置胶液用量的措施,67,应增大前置胶液用量
E00491,主动加粉砂,处置措施,中砂施工阶段主动加粉砂,67,在中砂施工阶段，主动加粉砂
E00492,封堵微裂缝,处置措施,通过加粉砂封堵微裂缝,67,主动加粉砂，封堵微裂缝
E00493,主缝内净压力,指标,主裂缝内部的净压力指标,67,以提高主缝内净压力
E00494,主裂缝正常延伸,其他,促进主裂缝内的正常延伸,67,促进主裂缝内的正常延伸
E00495,“弹簧状”曲线,现象,试挤时形成的特殊压力曲线,67,第一次放喷、试挤时形成了“弹簧状”曲线
E00496,施工压力迅速超压,故障类型,施工压力快速超过限制,67,施工压力迅速超压
E00497,过快提升试挤排量,原因,排量提升过快导致超压,67,现场很快将排量由 0.4m³/min 升至 4m³/min
E00498,稳定替酸排量,施工参数,稳定的替酸施工排量,67,在能建立起一个稳定替酸排量（1.0~2.0m³/min）
E00499,压裂设计液量,施工参数,压裂设计的液体用量,67,第 11 段压裂设计液量 1935m³
E00500,施工压力迅速上升,现象,施工过程中泵压异常快速升高,69,施工压力迅速上升到限压，发生砂堵
E00501,采气返排液,材料,用于配制压裂液的采气产出返排液体,69,该段压裂液采用采气返排液配制，中间等停时间长
E00502,动态缝宽窄,原因,压裂过程中裂缝宽度较窄的状态,69,靠近②号、③号层岩性交界面，层理缝发育，动态缝宽窄
E00503,严格控制配液质量,处置措施,对压裂液配制质量进行严格管控的措施,69,在压裂施工过程中，要严格控制配液质量，同时要合理安排运行施工
E00504,覆膜陶粒,材料,40/70 目覆膜支撑剂,69,9:52 开始加入 40/70 目覆膜陶粒，二个砂比段塞
E00505,上覆岩层压力明显增大,原因,因垂深增加导致上覆岩层压力增大,69,本井水平段垂深达 3600 ~ 3800 m，上覆岩层压力明显增大
E00506,对液体性能进行检测,处置措施,施工前检测压裂液性能以确保满足要求,69,施工前要对液体性能进行检测，确保液体性能满足压裂要求
E00507,压裂液性能受到影响,原因,压裂液因放置时间长等原因性能变质,69,中间等停时间长，压裂液性能受到影响，导致支撑剂输送过程中裂缝体系内流压发生改变
E00508,压裂裂缝扩展困难,原因,因地层压实作用增强导致裂缝难以扩展,69,地层压实作用增强，压裂裂缝扩展困难、缝宽窄，存在临界砂比
E00509,压力陡升,现象,施工压力在短时间内急剧上升,"70,71",突然压力曲线的斜率瞬间增加，压力陡升至 96.69MPa | 施工压力陡升至 102.7MPa
E00510,压力曲线斜率瞬间增加,现象,压力变化率突然变大，预示故障发生,70,突然压力曲线的斜率瞬间增加，压力陡升至 96.69MPa
E00511,40/70 目覆膜陶粒,材料,用于压裂施工的 coated 支撑剂,"70,71,72,76,77",再加 40/70 目覆膜陶粒，三个砂比段塞 | 开始加 40/70 目覆膜陶粒后 | 5% 的 40/70 目覆膜陶粒段使得施工压力从 79.40MPa 升至 86.70MPa | 然后开始加 40/70 目覆膜陶粒 | 从开始加 40/70 目覆膜陶粒后施工压力就一直呈上升趋势
E00512,渐进型砂堵,故障类型,随着累计加砂量增多裂缝被逐渐填满形成的砂堵,"71,77",最后形成“渐进型”砂堵 | 随着累计加砂量的增多，裂缝被逐渐填满，形成最后的“渐进型”砂堵
E00513,未能充分造缝,原因,施工前期裂缝造缝不充分,71,本段施工前期未能充分造缝
E00514,裂缝有效体积小,原因,形成的裂缝有效容纳体积较小,"71,77",导致裂缝有效体积小 | 说明本段施工前期未能充分造缝，导致裂缝有效体积小
E00515,第 12 段,井,发生砂堵的具体施工段次,71,1.24.3 第 12 段砂堵
E00516,裂缝缝宽不足,原因,前期造缝时裂缝宽度未充分扩张,72,前期造缝的时候裂缝的缝宽未能充分扩张，5% 及以上的砂比进入裂缝难度较大
E00517,页岩裂缝性储层,地层,具有非均质性强特征的储层,"72,77",由于页岩裂缝性储层非均质性强，裂缝延伸困难，裂缝缝口窄，减阻水滤失大 | 由于页岩裂缝性储层非均质性强，裂缝延伸困难
E00518,减阻水滤失大,现象,使用减阻水时地层滤失量大,"72,77",由于页岩裂缝性储层非均质性强，裂缝延伸困难，裂缝缝口窄，减阻水滤失大 | 裂缝延伸困难，裂缝缝口窄，减阻水滤失大
E00519,高黏胶液,材料,用于先期造缝的高粘度液体,"72,77",对于泥质含量高、物性差的地层，先期造缝应使用高黏胶液，扩展缝宽和延伸裂缝 | 对于泥质含量高、物性差的地层，先期造缝应使用高黏胶液
E00520,中途挤酸,处置措施,压裂过程中间进行的挤酸作业,"72,77",在压裂施工过程中，可适当的中途挤酸，扩大地层裂缝，提高裂缝导流能力。 | 在压裂施工过程中，可适当地中途挤酸，扩大地层裂缝
E00521,支撑剂粒径变化,原因,导致砂堵的主要故障原因,73,判断砂堵原因为支撑剂粒径变化引起的近井地带堵塞
E00522,近井地带堵塞,原因,砂堵发生的具体机理,73,判断砂堵原因为支撑剂粒径变化引起的近井地带堵塞
E00523,快速放喷,处置措施,砂堵发生后采用的解堵方法,73,因此采用快速放喷方式进行解堵
E00524,粗砂段塞,材料,引发压力上升的支撑剂段塞,"73,74",减阻水携 10% 粗砂段塞进入地层后 | 当粗砂段塞进入地层后，施工压力快速上升
E00525,施工压力波动异常,现象,施工期间压力出现不稳定的上下波动,74,在粉砂阶段施工压力波动异常，反映出地层多破裂的现象
E00526,端部脱砂,故障类型,裂缝内部发生的脱砂特征,75,裂缝内部已发生明显的端部脱砂特征，压力出现逐渐上升的趋势
E00527,滤失较大,原因,压裂液滤失量较大,75,③号小层层理缝较发育，压裂液滤失较大，压裂液效率较低
E00528,砂比较高,原因,施工砂比过高,75,同时由于砂比较高，在裂缝缝口处形成明显桥堵，发生砂堵
E00529,敞放方式放喷,处置措施,解堵时采用的放喷方式,75,解堵时可采用大油嘴直到敞放方式放喷，以充分利用地层能量
E00530,挤盐酸,处置措施,向井筒内试挤盐酸,75,放喷结束后，采用先挤盐酸，再用减阻水以小排量试挤的方法
E00531,降低排量工艺,处置措施,针对层理发育地层的工艺措施,75,针对这类层理发育地层，可采取降低排量工艺，控制缝内延伸压力
E00532,压力逐渐上升,现象,压力出现逐渐上升的趋势,75,裂缝内部已发生明显的端部脱砂特征，压力出现逐渐上升的趋势
E00533,顶替,处置措施,解堵后将井筒内液体替入地层的操作,"76,134",顶替 137.7m³后停泵 | 对于压裂情况比较特殊的井，建议进行挤注、顶替等处理
E00534,出口点火可燃,现象,放喷返出液中含有可燃气体,76,出口点火可燃，火焰 1~2m
E00535,前期未能充分造缝,原因,施工前期裂缝造缝不充分,77,说明本段施工前期未能充分造缝，导致裂缝有效体积小
E00536,裂缝缝口窄,原因,裂缝开口宽度较小,77,裂缝延伸困难，裂缝缝口窄，减阻水滤失大
E00537,调整泵注程序,处置措施,依据压力变化及时调整施工程序,77,施工时应依据压力变化，及时调整泵注程序，以控制施工压力上升过快的趋势
E00538,阶段降排量,处置措施,加砂后期压力上升时提前降低排量,77,对于加砂后期施工压力呈现上升趋势的时候，应该提前阶段降排量
E00539,JY-B1HF 井,井,发生低压管线断裂故障的压裂井,78,JY-B1HF 并于 2014 年 4 月 24 日完井，5 月 15 日第 1 段压裂施工
E00540,480 型混砂车,设备,发生故障的混砂车设备型号,78,480 型混砂车低压管汇打爆，无法继续加砂施工
E00541,低压管汇,设备,混砂车上发生打爆的低压管线组件,78,480 型混砂车低压管汇打爆
E00542,管线使用时间过长,原因,低压管线断裂的主要原因之一,78,低压管线使用时间过长，承压能力大大降低
E00543,携砂液磨损,原因,携砂液打磨加剧管线磨损导致断裂,78,携砂液对低压管线的打磨加剧了管线的磨损，从而导致管线的断裂
E00544,更换管线,处置措施,管线断裂后更换新管线并试压,78,对管线进行更换，并试压合格
E00545,备用混砂车顶替,处置措施,主车故障后使用备用混砂车顶替施工,78,停止主混砂车加砂；继续使用备用混砂车进行顶替
E00546,高压管件断裂,故障类型,高压管件在施工中发生断裂,79,期间出现 4 起高压管件断裂、刺漏事件
E00547,JY-B2HF 井,井,发生高压管件系列事件的井,79,1.29 JY-B2HF 并高压管件系列事件
E00548,施工管线,设备,压裂施工使用的管线,79,施工前对施工管线进行严格试压
E00549,低压件,设备,低压管件,79,对低压件建立施工档案
E00550,高压分配器,设备,高压流体分配设备,"79,80",高压分配器上一三通与旋塞的连接处 | 巡视人员发现高压分配器上的一个弯头漏水
E00551,高压盘根,材料,高压密封材料,79,发现高压盘根破损，立即更换
E00552,40/70 目陶粒,材料,支撑剂材料,"79,80",刚完成一个 40/70 目陶粒 | 加入砂比 5% 的 40/70 目陶粒
E00553,管线抖动,原因,施工中管线振动,79,施工中管线的抖动使得旋塞和三通的连接由壬松动
E00554,由壬松动,原因,连接部件松动,79,旋塞和三通的连接由壬松动
E00555,58~59MPa,指标,具体施工压力值,79,施工压力 58~59MPa
E00556,8% + 9%,指标,具体砂比值,79,8% + 9% 砂比段塞
E00557,更换,处置措施,更换损坏部件,79,发现高压盘根破损，立即更换
E00558,试压,处置措施,施工前压力测试,"79,84,86,169,182,230,231,267",施工前对施工管线进行严格试压 | 第 11 段压裂施工前的试压作业 | 对更换后的旋塞进行试压，试压合格 | 19:00 连续油管防喷管及打捞井口试压 30MPa，30min 压降为 0.2MPa | 11:00 对连续油管试压 40MPa
E00559,高压管线刺漏,故障类型,高压管线发生泄漏故障,80,1.29.3 第 12 段高压管线刺漏
E00560,缸盖盘根刺漏,故障类型,压裂车吸入缸盖盘根发生刺漏,80,巡视人员发现一辆压裂车的吸入缸盖盘根刺漏
E00561,高压弯头刺漏,故障类型,高压分配器或压裂车弯头发生刺漏,80,1.29.4 第 14 段高压弯头刺漏
E00562,泵头排出法兰脱离,故障类型,泵头排出法兰发生脱离故障,80,1.29.5 第 15 段泵头排出法兰脱离
E00563,施工压力升高,现象,施工过程中压力异常上升,"80,109",施工压力从 68MPa 升至 81MPa | 施工压力由 28.61MPa 升至 58.63MPa
E00564,砂比 5%,施工参数,加砂施工时的砂液比为 5%,80,在加入砂比 5% 的 40/70 目陶粒进入地层的后
E00565,排量 12m³/min,施工参数,压裂施工排量提升至 12 立方米每分钟,80,17:22 排量阶梯提至 12m³/min
E00566,弯头,设备,高压管线连接部件,"80,85,271",高压分配器上的一个弯头漏水 | 高压流程中，弯头是一个应力集中的管件 | 建立弯头使用台账
E00567,盘根,材料,密封部件，易受损,80,检泵时未检查到盘根有裂纹
E00568,更换弯头,处置措施,故障弯头密封不严时进行更换,80,判断是弯头观察孔密封不严，立即更换
E00569,高压携砂流体冲刷,原因,高压含砂流体对设备的冲刷作用,80,高压携砂流体持续冲刷盘根薄弱处，导致最终刺漏
E00570,使用时间过长,原因,设备部件使用期限过长导致老化,80,弯头的问题可能是由于使用时间过长导致
E00571,密封不严,原因,部件连接处密封性能失效,"80,252",判断是弯头观察孔密封不严 | 油管头钢圈内进入陶粒导致密封不严发生渗漏
E00572,高压管汇断裂,故障类型,高压管汇断裂处喷出高压水柱,81,高压水柱从高压管汇断裂处喷出
E00573,施工压力突降,现象,施工压力突然降到 0,81,施工压力突降到 0，紧急停车
E00574,金属疲劳,原因,长期震动使得螺杆产生金属疲劳,"81,129",长期的震动使得螺杆产生金属疲劳 | 电缆容易产生金属疲劳，见图 2-20
E00575,使用时间较长,原因,该批次法兰螺杆的使用时间较长,81,该批次法兰螺杆的使用时间较长
E00576,关闭井口 4 号闸门,处置措施,停泵后关闭井口闸门泄压,81,停泵后立即安排人员关闭井口 4 号闸门
E00577,更换排出法兰及连接螺杆,处置措施,决定更换所有压裂车排出法兰及连接螺杆,81,决定更换所有压裂车排出法兰及连接螺杆
E00578,合理分配排量,处置措施,实现平衡操作，减少高负荷运转时间,81,合理分配每台车的排量，实现平衡操作
E00579,排出法兰,设备,压裂车排出法兰,81,更换所有压裂车排出法兰及连接螺杆
E00580,泵头,设备,压裂车泵头,81,压裂车泵头液力端的各部件都存在金属疲劳的风险
E00581,连接螺杆,设备,法兰与泵头之间的连接螺杆,81,发现压裂车的排出法兰与泵头之间的连接螺杆断裂
E00582,JY-B3HF 井,井,发生法兰螺杆断裂的井,81,1.30 JY-B3HF 并第 6 段压裂施工中法兰螺杆断裂
E00583,金属疲劳风险,风险,压裂车泵头液力端部件存在金属疲劳风险,81,压裂车泵头液力端的各部件都存在金属疲劳的风险
E00584,螺杆断裂,故障类型,法兰盘螺杆发生断裂故障,82,造成螺杆的弱点断裂
E00585,螺杆质量问题,原因,螺杆本身存在质量缺陷,82,螺杆质量问题
E00586,疲劳极限,原因,长期高压工作达到疲劳极限,82,达到疲劳极限
E00587,受力不均,原因,安装时螺杆受力不均匀,82,安装时螺杆的受力不均
E00588,管线震动,原因,施工管线震动导致断裂,82,压裂施工过程中管线震动
E00589,高压弯头质量问题,原因,高压弯头本身存在质量缺陷,82,高压弯头质量问题
E00590,紧急停车,处置措施,发生故障时紧急停止施工,82,紧急停车，施工压力降至 0
E00591,关井口闸门,处置措施,关闭井口特定闸门,82,关井口 4 号闸门
E00592,更换高压弯头,处置措施,更换爆裂部件并试压,82,更换高压弯头并试压
E00593,更换螺杆,处置措施,更换故障螺杆及同批次螺杆,"82,83",更换 3000 型 8 号压裂车法兰盘螺杆 | 更换所有 3000 型泵车高压排出法兰螺杆
E00594,增加千斤顶,处置措施,防止车辆抖动磨损部件,82,给 3000 型压裂车增加千斤顶
E00595,进货质检,处置措施,设备配件更换前质量检查,82,设备配件更换前做好进货质检
E00596,连接部位检查,处置措施,施工前检查车辆及管线连接,82,施工前做好车辆及高压管线连接部位的检查
E00597,3000 型 8 号压裂车,设备,发生螺杆断裂的压裂设备,82,更换 3000 型 8 号压裂车法兰盘螺杆
E00598,法兰盘螺杆,设备,压裂车法兰盘连接部件,82,法兰盘螺杆断裂
E00599,高压弯头,设备,分配管汇出口高压部件,"82,167",分配管汇出口一高压弯头 | 施工前对高压弯头、旋塞阀按规定保养
E00600,分配管汇,设备,压裂施工管汇设备,82,分配管汇出口
E00601,井口 4 号闸门,设备,井口控制闸门,82,关井口 4 号闸门
E00602,JY-B4HF 井,井,发生高压弯头爆裂的井,82,JY-B4HF 井于 2014 年 9 月 8 日完井
E00603,第 10 段压裂施工,工况,发生故障时的施工段次,82,第 10 段压裂施工
E00604,施工压力 81.9MPa,施工参数,第 10 段压裂施工压力,82,施工压力 81.9MPa
E00605,排量 1.45m³/min,施工参数,第 10 段压裂施工排量,82,排量 1.45m³/min
E00606,泵车排出法兰螺杆断裂,故障类型,泵车排出法兰连接螺杆发生断裂故障,83,11:56 一辆 3000 型泵车排出法兰螺杆断裂
E00607,JY-B5HF 井,井,发生压裂施工故障的页岩气井,83,1.32 JY-B5HF 并第 7 段压裂施工泵车排出法兰螺杆断裂
E00608,3000 型泵车,设备,发生故障的压裂泵车型号,83,11:56 一辆 3000 型泵车排出法兰螺杆断裂
E00609,排出法兰螺杆,设备,泵车排出法兰的连接部件,83,3000 型泵车排出法兰螺杆断裂
E00610,螺杆强度不足,原因,螺杆强度达不到施工要求,83,初步判断 3000 型泵车排出法兰螺杆强度达不到施工要求
E00611,关井,处置措施,发生故障后的紧急操作,"83,178,227,241,244,265",立即停泵，关井 | 28 日 6:00~3 月 1 日 16:00 关井 | 若有可能应关井避免交叉作业 | 应立即关井，维修设备 | 10 日 18:20 关井
E00612,断开该车,处置措施,故障设备隔离措施,83,12:20 断开该车，继续压裂施工
E00613,高压件,设备,压裂施工中的高压部件,"83,86",严格执行高压件的管理规定 | 长时间高强度压裂作业，高压件疲劳
E00614,降级使用,处置措施,高压件使用一定时间后的管理要求,83,使用一定时间后按要求降级使用
E00615,检测探伤,处置措施,高压件的定期检测手段,83,定期检测探伤
E00616,紧固法兰螺杆,处置措施,压裂施工前用专用工具紧固,84,压裂施工前，用专用工具紧固法兰螺杆
E00617,安全防护绳,设备,用于泵头法兰间及高压管汇防护,84,泵头前后法兰间绑安全防护绳
E00618,巡回检查,处置措施,施工前后检查泵车排出法兰螺杆,"84,95",每段施工前后巡回检查所有泵车排出法兰螺杆、垫木各 1 次 | 在施工过程中，应按频次要求对设备的关键部位进行巡回检查
E00619,高压区,风险,施工期间严禁进入的区域,84,施工期间，加强巡视工作，严禁进入高压区内
E00620,停泵关井,处置措施,出现异常情况时的紧急处置,84,一旦出现异常情况，泵车、混砂车立刻停泵，关井
E00621,JY-B6HF 井,井,发生井口弯头爆裂的井号,84,1.33 JY-B6HF 并口弯头爆裂
E00622,井口弯头爆裂,故障类型,试压过程中发生的设备故障,84,井口第三根爬坡管线落地弯头和与井口八通连接的弯头爆裂
E00623,75MPa,施工参数,导致弯头爆裂的试压压力值,"84,134",第三步试压至 75MPa 时 | 泵送桥塞射孔压力过高时（超过 75MPa）
E00624,30MPa,施工参数,试压第一步压力值,"84,237",第一步试压 30MPa 无异常情况 | 压力升至 30MPa
E00625,60MPa,施工参数,试压第二步压力值,84,第二步 14:40 试压 60MPa 无异常情况
E00626,弯头爆裂,故障类型,高压弯头发生破裂失效,85,落地弯头爆裂后，导致与井口八通连接的弯头被拉断
E00627,生产工艺问题,原因,厂家制造过程中的缺陷,85,爆裂原因可能是厂家生产工艺的问题
E00628,壁厚不达标,原因,弯头壁厚未达到标准要求,85,导致弯头壁厚不达标
E00629,更换高压管件,处置措施,替换损坏的管件并试压,85,更换弯头等损坏的高压管件，连接流程，试压合格
E00630,定期监测,处置措施,定期检查高压管件使用情况,85,应该定期监测高压管件的使用情况
E00631,禁止人员靠近,处置措施,压裂期间禁止人员在周边活动,85,压裂期间，禁止人员在周边工作或活动
E00632,能量缓冲装置,设备,防止管件爆裂伤人的装置,85,设置、优化能量缓冲装置，防止管件爆裂伤人
E00633,累计使用时间,施工参数,管件累计工作时长,85,累计使用时间为 90h
E00634,高压管件,设备,压裂施工中使用的高压连接部件,85,应该定期监测高压管件的使用情况
E00635,壁厚,指标,影响弯头性能的关键参数,85,弯头的壁厚、制造工艺都是影响弯头性能的关键参数
E00636,管件爆裂伤人,风险,管件爆裂可能导致人员受伤,85,防止管件爆裂伤人
E00637,弯头被拉断,现象,连接弯头因爆裂被拉断,85,导致与井口八通连接的弯头被拉断
E00638,JY-B7HF 井,井,发生压裂施工故障的井号,86,JY-B7HF 井于 2015 年 2 月 7 日完井
E00639,第 17 段压裂施工,工况,发生故障时的施工段次,86,2016 年 4 月 28 日 8:58 开始第 17 段压裂施工
E00640,旋塞,设备,发生刺漏的具体高压部件,86,9:11 旋塞刺漏，停泵整改，更换旋塞
E00641,高压件疲劳,原因,导致旋塞刺漏的设备原因,86,长时间高强度压裂作业，高压件疲劳
E00642,更换旋塞,处置措施,故障处理的具体更换操作,86,旋塞刺漏后停泵整改，更换旋塞
E00643,第三方探伤检测,处置措施,高压件管理要求的检测手段,86,按要求进行第三方探伤检测
E00644,安装防护钢板,处置措施,高压区安全防护措施,86,压裂施工高压区周围安装防护钢板
E00645,泵送桥塞 - 射孔联作,工况,采用复合桥塞封隔井段并分簇射孔的工艺,87,泵送桥塞－射孔联作施工是采用复合桥塞对拟改造井段与已改造井段封隔
E00646,水平井井眼轨迹复杂,原因,导致泵送桥塞 - 射孔联作施工困难的主要因素,87,涪陵页岩气田水平井井眼轨迹复杂、水平段长、工艺难度大成为泵送桥塞 - 射孔联作施工困难的主要因素
E00647,水平段长,原因,导致施工困难的因素之一,87,涪陵页岩气田水平井井眼轨迹复杂、水平段长、工艺难度大成为泵送桥塞 - 射孔联作施工困难的主要因素
E00648,设备质量问题,原因,造成作业复杂情况与故障的主要因素,87,其次设备和工具本身存在的质量问题，以及施工队伍多、技术水平和管理水平的不均衡也是造成作业复杂情况与故障的主要因素
E00649,桥塞中途坐封,故障类型,泵送桥塞 - 射孔联作施工环节出现的复杂情况,87,本章主要介绍涪陵页岩气田在泵送桥塞 - 射孔联作施工环节出现的桥塞中途坐封
E00650,井下工具遇卡,故障类型,泵送桥塞 - 射孔联作施工环节出现的复杂情况,87,本章主要介绍涪陵页岩气田在泵送桥塞 - 射孔联作施工环节出现的桥塞中途坐封、井下工具遇卡
E00651,砂卡电缆,故障类型,泵送桥塞 - 射孔联作施工环节出现的复杂情况,87,本章主要介绍涪陵页岩气田在泵送桥塞 - 射孔联作施工环节出现的砂卡电缆
E00652,误操作剪断电缆,故障类型,JY-C1HF 井发生的具体故障案例,87,2.1 JY-C1HF 并泵送桥塞 - 射孔误操作剪断电缆
E00653,施工排量大,施工参数,泵送桥塞 - 射孔联作工艺的特点,87,该工艺施工周期短、方便段簇调整、施工排量大，成本低
E00654,平衡压 35MPa,施工参数,JY-C1HF 井施工过程中的压力参数,87,8 月 23 日 19:50~20:00 打平衡压 35MPa
E00655,桥塞设计深度 3882.0m,施工参数,JY-C1HF 井第 2 级桥塞的设计深度,87,8 月 21 日第 1 段压裂，第 2 级桥塞设计深度 3882.0m
E00656,人工井底 4017.26m,施工参数,JY-C1HF 井完井后的人工井底深度,87,JY-C1HF 井于 2013 年 6 月 21 日完井，人工井底 4017.26m
E00657,工具串,设备,入井的工具组合，包含桥塞、射孔枪等,"87,123,253",工具串（工具串结构：φ109mm 桥塞 +φ108mm 推筒 +φ97mm 座封工具... | 泵送失败后上起工具串遇卡 | 未对工具串通过性测试
E00658,工具串井下遇阻,故障类型,泵送过程中工具串在井下无法活动,88,初步判断工具串井下遇阻，对工具串进行试起
E00659,桥塞座封,故障类型,桥塞意外在井筒内坐封导致卡阻,"88,230,266",反复试提 4 次均无行程，判断桥塞座封 | 17 日 0:50 连续油管下到深度 3050m 桥塞座封深度 | 完成桥塞座封，封位 3238.0m
E00660,施工压力突然升高,现象,泵送过程中压力异常上升,88,施工压力突然由 42MPa 升至 65MPa
E00661,电缆张力突然升高,现象,上提电缆时张力异常增加,88,张力由 4.8kN 突然升至 11kN
E00662,连续油管打捞,处置措施,使用连续油管进行井下工具打捞,"88,91,96,103,109,126,132,135,142,144,157,251",换装连续油管作业井口...检查捞获电缆 20m | 30 日 12:00~16:00 下连续油管带内钩打捞矛到井深 74.0m | 30 日 20:40 连续油管底带φ102mm 内钩打捞矛 | 做好连续油管打捞的技术调研工作，尽量采用连续油管打捞 | 连续油管下打捞管柱
E00663,桥塞点火,处置措施,点火销毁桥塞以解卡,88,平衡压后桥塞点火，丢掉桥塞后提出射孔枪
E00664,电缆张力,施工参数,电缆作业时承受的拉力,"88,113,114,115,132,143,154,165,168",电缆张力 4kN...张力由 4.8kN 突然升至 11kN | 上提电缆，拉力分别为 12.6kN、15.6kN、16.9kN、19.6kN | 电缆张力随即上升 3.6kN | 拉力升至 16.9kN（3800lb） | 电缆张力随之异常上涨
E00665,泵送排量,施工参数,泵送液体的体积流量,"88,90,126,136,137,143,147,251",泵送排量 0.48m³/min...保持泵送排量 1.7m³/min | 摸索合理的泵送排量、下放速度等作业参数 | 合理的减小泵送排量，减少工具串的泵送推力 | 泵送最高排量设计 1.6m^3/min | 在泵送排量设计上要结合井眼轨迹的变化，做好优化
E00666,电缆内钩打捞矛,设备,用于打捞电缆的工具,88,管柱结构：φ98mm 电缆内钩打捞矛
E00667,卡瓦打捞筒,设备,用于打捞落鱼的筒状工具,"88,92,109,121,124,131,133,142,149,150,159,172,177,181,184,191,202",管柱结构：φ110mm 卡瓦打捞筒 | 23 日 2:00 下φ111mm 卡瓦打捞筒 | φ105mm 卡瓦打捞筒 | 管柱结构：φ105mm 卡瓦打捞筒 | φ98mm 卡瓦打捞筒
E00668,遇阻,现象,管柱下放过程中遇到阻碍无法继续下行,"89,90,92,97,98,99,100,101,107,110,123,126,130,138,139,150,152,153,161,162,163,164,175,180,184,186,192,193,203,205,207,208,209,214,228,234,248,254,256,257,269",遇阻深度 2818.98m，上提管柱，悬重由 130kN 升至 180kN | 连续油管下到遇阻深度 3955.4m | 3:30 下放钻具到井深 2500.08m 遇阻 | 钻杆 87 柱）到 2519m 遇阻 | 钻杆 89 柱 2 单根遇阻，深度 2574.51m
E00669,井口溢流,现象,井口出现流体溢出现象,89,井口溢流，溢流量 0.20~0.30m^3/min
E00670,桥塞落井,其他,桥塞掉入井内导致后续作业,"89,116",检查捞获落鱼，全部射孔枪和座封工具打捞完，桥塞落井 | 捞获射孔工具串一套，桥塞落井
E00671,正循环压井,处置措施,通过循环泥浆控制井口压力,89,1.99~2.05g/cm^3、黏度 47~50s 泥浆 32m^3，泥浆正循环压井
E00672,打捞,处置措施,使用工具捞取井下落物,"89,92,110,117,136,138,150,178,191,201,203",30 日 11:20 起打捞油管 295 根，带出打捞筒 | 23 日 2:00 下卡瓦打捞筒...捞获落鱼 | 打捞 4 次 | 在打捞过程中先后下压管柱 3 次，最大加压 60kN | 检查工具，打捞出所有落鱼
E00673,替浆,处置措施,用清水替换井内泥浆,89,连续油管带喷嘴下到 1000m，700 型水泥车 9m^3 清水正循环替浆
E00674,钻塞,处置措施,使用磨鞋钻除井内桥塞,"89,153,161,231,271",连接钻磨工具 [管柱结构：φ110mm 平底磨鞋 | 减阻水正循环磨铣，钻塞井段 5078.1~5878.8m | 遇阻不能通过，下φ108mm 磨鞋钻塞 | 用减阻水正循环钻磨第二级桥塞 | 在钻塞、放喷流程上
E00675,泥浆密度,指标,压井泥浆的密度参数,"89,92,93,96,97,98,100",1.99~2.05g/cm^3、黏度 47~50s 泥浆 32m^3 | 进口泥浆密度 1.85g/cm³ | 进口泥浆密度 1.98g/cm^3，出口泥浆密度 1.96~1.97g/cm^3 | 700 型水泥车挤注 1.95g/cm^3 泥浆 35m^3 | 调整稳定后的泥浆是 1.83~1.85g/cm³
E00676,700 型水泥车,设备,用于注液和压井的施工车辆,"89,96",700 型水泥车 9m^3 清水正循环替浆一周 | 7 日 21:00 压井：700 型水泥车挤注 1.95g/cm^3 泥浆
E00677,篮式卡瓦打捞筒,设备,用于打捞落鱼的工具,"89,98,100,152",换篮式卡瓦打捞筒φ111mm（内装φ70mm 篮式卡瓦) | 下φ107mm 篮式卡瓦打捞筒 | φ107mm 篮式卡瓦打捞筒 | φ105mm 篮式卡瓦打捞筒
E00678,泥浆,材料,用于压井和循环的流体,"89,93",1.99~2.05g/cm^3、黏度 47~50s 泥浆 32m^3 | 循环井内泥浆 4 次
E00679,清水,材料,用于替浆的液体,"89,157,230,244",累计用清水 56m^3 替浆 | 12:25 泵入清水 27m³，压力继续升至 70MPa | 期间使用清水 40m³ | 20:50 压井，泵入清水 39.0m³
E00680,桥塞中途座封,故障类型,桥塞在未到达设计深度时提前座封,"90,123",泵送排量与工具下放速度不匹配，造成桥塞中途座封 | 有可能是桥塞中途座封导致
E00681,排量与下放速度不匹配,原因,施工参数配合不当导致故障,90,泵送排量与工具下放速度不匹配，造成桥塞中途座封
E00682,正循环磨铣钻塞,处置措施,处理桥塞遇阻或碎屑的作业方法,90,80m^3 正循环磨铣钻塞，钻塞井段 3955.4~3556.6m
E00683,反复泄压打压,处置措施,不当的处理操作,90,不应反复泄压、打压，增加了事件的复杂性
E00684,技术交底不到位,原因,管理流程落实不足,90,在丢手作业前，未能很好地进行技术交底
E00685,工具下放速度,施工参数,工具下入井筒的速度,90,泵送排量与工具下放速度不匹配
E00686,事件复杂性,风险,故障处理不当导致的后果,90,增加了事件的复杂性
E00687,防喷管丝扣断裂,故障类型,井口防喷管最下端丝扣发生断裂,91,15:00 桥塞中途座封，井口防喷管最下端防喷管下端丝扣断裂
E00688,电缆落井,故障类型,电缆和射孔工具串落入井内,91,2500m 电缆和射孔工具串落井，立即关闭井口
E00689,桥塞座封不完全,故障类型,桥塞已经座封但密封不严,91,每次压力上升很快，扩散的很慢，可以初步判断桥塞已经座封，但座封不完全
E00690,泵送排量 0.5m³/min,施工参数,泵送作业时的液体排量,91,14:45 开始泵送，泵送排量 0.5m³/min
E00691,井口压力 43MPa,施工参数,泵送作业时的井口压力,91,泵送排量 0.5m³/min，井口压力 43MPa
E00692,内钩打捞矛,设备,用于打捞落鱼的工具,"91,96,98,99",下连续油管带内钩打捞矛到井深 162.0m | 连续油管底带φ102mm 内钩打捞矛到 2508.9m 遇阻 | 下内钩下φ112mm 内钩打捞矛 | 下φ108mm 内钩打捞矛
E00693,内钩打捞矛断脱,故障类型,打捞工具倒刺断脱留井,91,内钩打捞矛一根倒刺从根部断脱留井，见图 2-1
E00694,注入减阻水,处置措施,注入减阻水测试桥塞座封情况,91,3 日注入减阻水 18.21m³，施工压力 4.5MPa 升至 88.0MPa
E00695,施工压力 88.0MPa,施工参数,注入减阻水时的最高施工压力,91,施工压力 4.5MPa 升至 88.0MPa，未推动桥塞
E00696,替入泥浆,处置措施,替入隔离液和高密度泥浆,91,7 日 3:30 替入隔离液 5m³ 和密度 2.04g/cm³ 泥浆 45m³
E00697,安装钻机,处置措施,安装钻机进行后续打捞作业,91,7~15 日安装钻机
E00698,无进尺,现象,钻磨过程中钻头没有进展,"92,191",25 日 18:00 钻磨到井深 3133.2m 无进尺 | 17:40 钻磨 324min 仍无进尺
E00699,落井,故障类型,工具串掉入井内,"92,168,191",桥塞已丢手处落井 | 经过计算，有 2932m 电缆和 11.44m 模拟工具串落井 | 转子、轴承座及平底磨鞋落井
E00700,循环压力,施工参数,循环泥浆时的泵送压力,"92,164",循环压力 16MPa | 循环压力 23.10MPa 升至 30.00MPa
E00701,悬重,施工参数,大钩负荷重量,"92,93,100,149,150,159,182,188,200,212,213",悬重 500kN 降至 450kN | 上提管柱到 900kN，悬重 1150kN 降至 600kN | 上提管柱悬重 400kN 升至 480kN | 悬重由 75kN 降至 15kN | 悬重 78kN 降至 48kN
E00702,套铣,处置措施,使用套铣筒清除落鱼周围障碍,"92,97,150,178,193,207",24:00 下套铣筒到鱼顶井深 2500.08m 套铣 | 20 日 13:10 下套铣管柱 | 5. 套铣 12 日 18:50 连续油管连接入井管柱 | 3. 套铣（1）第一次套铣 | 第三趟管柱：第一趟套铣 (清理落鱼周边)
E00703,钻磨,处置措施,使用磨鞋钻磨落鱼,"92,138,209",23:00 下磨鞋到井深 2511.0m 后用密度 1.85g/cm³泥浆循环 | 减阻水正循环钻磨桥塞 | 连接钻磨工具，管柱结构：φ105 mm 磨鞋
E00704,磨鞋,设备,用于钻磨井下落物的工具,"92,93,100,101,127,161,163,174,175,176,177,206,208,209,231",23:00 下φ113.5mm 磨鞋到井深 2511.0m | 21 日 14:30 连接钻磨管柱，管柱结构：φ114mm 磨鞋 | 10 日 2:00 下 φ111.1 磨鞋 | φ114mm 磨鞋，φ110mm 五棱平底磨鞋 | φ108mm 磨鞋
E00705,泵压升高,现象,循环泵压异常上升,"93,110",循环泵压 19MPa 升至 24MPa，后升至 26MPa | 开泵测试后，泵压升高
E00706,出口返砂,现象,出口有砂返出,93,出口有砂返出，出口有少量砂返出
E00707,活动解卡,处置措施,上提下放活动管柱解卡,"93,138",17:00 活动解卡，19:30 上提下放活动管柱多次后解卡成功 | 上提 130~180kN 活动解卡未成功
E00708,循环洗井,处置措施,期间循环洗井,"93,98,177,188,189,203,213,246",期间循环洗井，进口泥浆密度 1.98g/cm^3 | 用密度 1.84g/cm³泥浆循环洗井 | 泵注 10m³胶液并循环洗井一周 | 17:00 泵注减阻水 88.7 m³，胶液 10 m³，循环洗井 | 减阻水 217.6 m3 间断循环洗井
E00709,循环降密度,处置措施,循环降低泥浆密度,93,30 日循环降密度，进口泥浆密度 1.78g/cm^3 降至 1.68g/cm^3
E00710,连续油管钻桥塞,工况,使用连续油管钻磨桥塞,93,3. 连续油管钻桥塞 20 日 8:10~14:15 下连续油管
E00711,打捞碎屑,工况,下打捞篮捞碎屑,"93,161,246",14:15 组装打捞工具...18:45 下连续油管带打捞篮到井深 4088.5m 捞碎屑 | 加压钻塞期间，多次憋泵... 下φ80mm 强磁打捞碎屑 | 钻塞过程中充分循环洗井并打捞碎屑，尽量清理井筒
E00712,螺杆马达,设备,井下动力工具,"93,101,107,174,180,186,187,192,198,199,204,213,231",21 日 14:30 连接钻磨管柱，管柱结构：...φ89mm 螺杆马达 | 落鱼结构：φ89mm 螺杆马达 | 管柱结构：φ 110mm 五棱平底磨鞋+φ 73mm 螺杆马达 | +φ73mm 螺杆马达 | 平底磨鞋开始进行钻磨桥塞及 89mm 螺杆马达施工
E00713,震击器,设备,解卡辅助工具,"93,109,198,214",管柱结构：...φ73mm 震击器 | φ73mm 震击器 | φ73mm 螺杆马达 +φ73mm 震击器 | 使用的震击器下端扣型为 PACDSI 扣
E00714,打捞篮,设备,打捞碎屑工具,"93,204",14:15 组装打捞工具...φ73mm 文丘里反循环打捞篮 | 带出打捞篮，打捞篮内带出少量胶皮碎块
E00715,防喷管,设备,井口连接用于防喷的管柱结构,"94,115,170,259",防喷管由壬结构如图 2-3 所示 | 增加 2 根防喷管导出井内电缆 | 空气进入防喷管内，在防喷管上部形成了柴油挥发气体与空气的混合物 | 使用吊装连接第二根防喷管
E00716,内由壬接头,设备,防喷管连接用的由壬接头部件,94,内由壬接头没有完全上到位
E00717,限位顶丝,设备,内由壬母扣上的限位固定部件,94,内由壬母扣上的限位顶丝进行检查
E00718,电缆及工具落井,故障类型,电缆和工具掉入井内的事故,94,从而导致电缆及工具落井
E00719,防喷管被顶开,现象,高压下防喷管接头被压力顶开,94,上部防喷管被井筒压力突然顶开
E00720,限位顶丝未检查,原因,施工前未检查限位顶丝状态,94,没有及时对防喷管的内由壬母扣上的限位顶丝进行检查
E00721,内由壬接头未完全上到位,原因,由壬接头紧固未达到规定位置,94,内由壬接头没有完全上到位
E00722,射孔枪,设备,用于地层射孔的枪状工具,"94,102,108,110,112,120,121,122,123,125,130,139,143,154,156,160",φ89mm 射孔枪 | 10:00 连接射孔工具（管柱结构：\phi 89\mathrm{mm} 射孔枪 | φ89mm 射孔枪 +φ89mm 变扣接头 +φ93mm 压力起爆器 | 射孔枪未射孔 | 组下第 2 段射孔枪、桥塞
E00723,设备故障,原因,导致事故的主要原因,95,设备故障是发生该起事故的主要原因
E00724,吊车,设备,不足以支撑作业工况的设备,"95,115",吊车不足以支撑作业工况 | 安排 70t 吊车一部
E00725,第三方检测,处置措施,设备使用前需经过的检测,95,设备应经过第三方检测，同时保证在检测有效期内使用设备
E00726,验封失败,现象,施工压力无法稳定导致的后果,95,施工压力随排量增加而缓慢增加，稳压稳不住，验封失败
E00727,工具串遇卡,故障类型,泵送工具串过程中发生的卡阻,"95,106,114,151,166",上提电缆，张力由 4.42 kN 升至 11.38 kN，工具串遇卡 | 从而挂卡工具串...上提遇卡 | 初步判定工具串遇卡 | 判断工具串遇卡，下放电缆到正常张力 | 18:15 上提电缆张力由 8.2kN 升至 14.3kN 判断遇卡
E00728,电缆抖动,现象,解卡过程中电缆出现的异常状态,95,放松电缆缓慢上提过程中电缆出现大抖动
E00729,张力,施工参数,电缆上提过程中的受力指标,"95,117,121,141,151,158",张力由 11.0 kN 降至 3.0 kN | 张力之所以降低 0.2 kN，可能是推动工具上行过程中被卡 | 上提到张力为 14kN | 张力由 3kN 突升至 20kN | 上提张力升至 15.6kN，CCL 无信号
E00730,卸套压,处置措施,通过针阀控制释放套管压力,95,同时通过针阀控制卸套压解卡，控制速度缓慢上提
E00731,小排量泵送,处置措施,遇卡后放松电缆进行的泵送操作,95,放松电缆，进行小排量泵送；多次放松电缆
E00732,JY-C3HF 井,井,发生泵送桥塞射孔事故的井,95,2.3 JY-C3HF 并泵送桥塞 - 射孔中途座封拉断电缆
E00733,电缆变形,原因,电缆发生物理形变导致作业受阻,96,断原因为电缆变形在阻流管处遇卡
E00734,阻流管处遇卡,现象,电缆在阻流管位置被卡住,96,断原因为电缆变形在阻流管处遇卡
E00735,停起电缆作业,处置措施,停止并起出电缆的作业操作,96,经多次活动解卡，无效，停起电缆作业
E00736,地层微渗漏,原因,地层存在微小泄漏导致压力变化,96,停泵观察，井口压力降为 0，考虑地层微渗漏
E00737,井口压力降为 0,现象,井口压力读数降至零,96,停泵观察，井口压力降为 0，考虑地层微渗漏
E00738,重泥浆沉淀,原因,注入的重泥浆在井下发生沉淀,96,分析工具串以下的重浆已沉淀，大部分通道被堵死
E00739,通道被堵死,现象,井下流体通道被堵塞,96,分析工具串以下的重浆已沉淀，大部分通道被堵死
E00740,重晶石粉沉淀,原因,泥浆中的重晶石粉发生沉淀,"96,103",分析是泥浆的重晶石粉沉淀，内钩的槽片较长，冲砂较困难 | 本井在施工时泥浆的重晶石粉沉淀给下钻带来极大的困难
E00741,冲砂较困难,现象,清除井下砂堵或沉淀物难度大,96,分析是泥浆的重晶石粉沉淀，内钩的槽片较长，冲砂较困难
E00742,钻机打捞,处置措施,使用钻机进行落物打捞,96,2014 年 2 月 7 日钻井队上钻机，施工准备
E00743,压井,处置措施,向井内注入泥浆控制压力,"96,214,244",7 日 21:00 压井：700 型水泥车挤注 1.95g/cm^3 泥浆 | 故需对该井进行压井，以保护低速螺杆马达的正常运转 | 20:50 压井，泵入清水 39.0m³
E00744,电缆缠绕,原因,电缆缠绕打捞工具导致遇阻,"97,159,166",分析是电缆缠绕了打捞工具 | 电缆缠绕工具串 | 可能造成电缆缠绕在工具串上，现场决定不进行第 2 簇射孔点火
E00745,憋钻,故障类型,套铣过程中钻头被卡住无法转动,97,进尺 0.16m 时憋钻
E00746,外钩打捞,处置措施,使用外钩打捞矛进行落鱼打捞,97,11 日 13:40~23:40 下打捞管柱...外钩打捞矛
E00747,通井,处置措施,使用通井规疏通井筒,97,15 日 14:50 下通井管柱
E00748,内钩打捞,处置措施,使用内钩打捞矛进行落鱼打捞,97,17 日 6:00 下内钩打捞管柱
E00749,打捞筒,设备,用于打捞落鱼的篮式卡瓦打捞筒,"97,251",19 日 6:00 下...篮式卡瓦打捞筒 | \phi 86\mathrm{mm} 打捞筒
E00750,套铣筒,设备,用于套铣作业的筒状工具,"97,99,150,178,193,195,196",20 日 13:10 下套铣管柱...套铣筒 | 下φ108mm 套铣筒 | φ98mm 套铣筒 +φ73mm 液压丢手 | \phi 89\mathrm{mm} 套铣筒（前端外径 99\mathrm{mm}） | φ99mm 套铣筒
E00751,悬重异常,现象,上提管柱时悬重出现异常波动,97,上提管柱，悬重 400kN 升至 480kN 后降至 400kN
E00752,外钩打捞矛,设备,用于打捞作业的外钩工具,"98,99,169",下φ112mm 外钩打捞矛 | 组配打捞管柱：φ98mm（带φ110mm 防过）外钩打捞矛
E00753,加压冲下,处置措施,通过加压方式推动管柱下行,98,连接方钻杆加压 40kN 冲下到 2588.76m
E00754,捞获电缆,现象,打捞作业中成功捕获电缆,"98,100",带出外钩，捞获电缆 7 小段 4m | 捞获 0.1m 电缆和 16 圈弹簧
E00755,悬重正常,现象,管柱悬重指示正常,98,下放悬重 260~280kN，下放悬重正常
E00756,落鱼下行,现象,判断井下落物向下移动,98,上提管柱，悬重无明显变化，判断落鱼下行
E00757,外钩抓齿弯曲变形,故障类型,外钩工具抓齿发生形变,99,外钩抓齿弯曲变形
E00758,内钩槽片被挤压闭合,故障类型,内钩工具槽片被挤压闭合,99,内钩槽片被挤压闭合
E00759,下外钩打捞,处置措施,使用外钩进行打捞作业,99,（13）下外钩打捞
E00760,外钩插入到鱼顶的马笼头和套管的空间,原因,导致工具损坏的具体原因,99,分析是外钩插入到鱼顶的马笼头和套管的空间
E00761,铁屑,原因,导致遇卡的环空杂物,100,分析是套铣筒和套管环空有铁屑
E00762,活动管柱循环洗井,处置措施,处理遇卡故障的操作方法,100,活动管柱循环 1.84g/cm³ 泥浆洗井
E00763,鱼顶下行,现象,打捞过程中落鱼位置下移,100,活动管柱时鱼顶被下推 0.8m
E00764,磨鞋通井,工况,使用磨鞋进行通井作业,101,19:00~13 日 8:30 下φ114 磨鞋通井
E00765,刮管,工况,使用刮削器进行刮管作业,101,15 日 9:00 下刮削器刮管
E00766,清理井筒,工况,使用连续油管清理井筒,"101,127,130,139,153",25 日 6:00~24:00 安装连续油管设备清理井筒 | 2. 清理井筒 | 14:00 清理井筒，泵入减阻水 152m³ | 下入桥塞前要对井筒进行清理，防止异物影响桥塞的座封 | 下连续油管底带清理井筒工具
E00767,工具落井,故障类型,井下工具掉落井内,"101,109,214,258",12:00 起连续油管出井口，工具落井 | 工具落井 | 在下井的过程中螺杆马达及平底磨鞋落井 | 老虎钳落井时未发现
E00768,上提下放开泵,处置措施,遇阻时活动管柱并开泵循环,101,遇阻，上提下放开泵通过
E00769,循环减阻水,处置措施,泵注减阻水降低摩阻,101,开泵循环减阻水 20m³，排量 0.42m³/min
E00770,电缆缠绕工具串,故障类型,电缆与井下工具发生缠绕的故障,102,导致电缆缠绕工具串、电缆剪断
E00771,电缆剪断,故障类型,电缆被切断的故障现象,102,导致电缆缠绕工具串、电缆剪断
E00772,技术措施错误,原因,施工过程中采取的技术手段不当,102,（1）技术措施错误。遇卡后，通过泄压、打压方式解卡桥塞
E00773,施工经验不足,原因,施工人员缺乏足够的作业经验,"102,120",(2) 施工经验不足，对泵送桥塞工艺的复杂性认识不足 | 现场时施工经验不足，没有在桥塞点火后进行验封检测
E00774,未严格技术培训,原因,人员上岗前缺乏严格的技术培训,102,（3）现场人员上岗前没有经过严格技术培训
E00775,放喷泄压解卡,处置措施,通过泄压方式尝试解除工具卡阻,102,切勿采取放喷泄压的方式解卡，以免造成井下情况复杂化
E00776,优化施工参数,处置措施,调整施工参数以适应井况,"102,108,129",（4）优化施工参数，根据不同的井斜、井深、泵送泵压 | 优化施工参数，不同井段，不同井斜下，泵送参数与电缆起下速度一致 | 优化施工参数，根据不同的井斜、井深、泵送泵压
E00777,调整泥浆性能,处置措施,调整压井泥浆的性能指标,102,（5）压井前一定要调整好泥浆性能，只有泥浆合格了才能入井
E00778,泵压,施工参数,施工过程中的泵注压力,"102,112,212,268",根据不同的井斜、井深、泵送泵压，做到泵压和下电缆速度同步 | 确定泵送的泵压排量及电缆起下速度 | 进口泵压 15.0 MPa | 泵压 17.3MPa
E00779,下电缆速度,施工参数,电缆下入井下的速度,"102,129",做到泵压和下电缆速度同步
E00780,泥浆性能,指标,压井泥浆的质量性能指标,102,压井前一定要调整好泥浆性能，只有泥浆合格了才能入井
E00781,泥浆沉降,故障类型,重晶石粉沉淀导致下钻困难,103,本井在施工时泥浆的重晶石粉沉淀给下钻带来极大的困难
E00782,点火失败,故障类型,射孔桥塞点火未成功,"103,120",井口未观测到点火反应，初步判断为点火线路短路，点火失败 | 认定了编码开关的点火线路由原来的短路状态变为开路状态，致使点火失败
E00783,点火线路短路,原因,电缆头渗水导致绝缘损坏,103,发现电缆头接线处渗水，造成绝缘损坏，点火线路短路
E00784,电缆头渗水,原因,导致点火线路短路,103,发现电缆头接线处渗水，造成绝缘损坏，点火线路短路
E00785,电流表满偏,现象,点火电路短路时的电流显示,103,3s 后电流表满偏显示点火电路短路
E00786,套铣鱼头,处置措施,电缆打捞不清时的风险操作,103,对井内电缆长度不清楚的情况下，不能套铣鱼头
E00787,储层伤害,风险,压井可能造成的后果,103,避免压井造成井下状况复杂化和对储层的伤害
E00788,事故复杂化,风险,不当操作导致的后果,103,如果鱼头上还有较多的电缆，套铣将使事故复杂化
E00789,JY-C4HF 井,井,发生点火失败的井号,103,2.4 JY-C4HF 并泵送桥塞 - 射孔第 11 段点火失败
E00790,冲砂,处置措施,处理泥浆沉降消耗时间的操作,103,每次下钻冲砂消耗大量时间
E00791,电缆头绝缘损坏,故障类型,电缆头点火线绝缘层受损,104,导致液体渗入缆芯连接处，造成点火线绝缘损坏
E00792,操作人员不熟练,原因,作业人员技能不足,104,操作人员不熟练，电缆头缆芯连接处高压绝缘胶带包扎质量不合格
E00793,电缆头密封不严,原因,电缆头连接处密封失效,104,电缆头连接处密封不严，受井内压力的影响
E00794,液体渗入,原因,井内液体进入缆芯,104,受井内压力的影响，导致液体渗入缆芯连接处
E00795,注入足量硅脂,处置措施,定期维护电缆头绝缘,104,每下井 2 次就对电缆头注入足量硅脂，确保线路绝缘
E00796,重做电缆头,处置措施,定期更换电缆头配件,104,每下井 6 次重做电缆头，更换电缆头配件
E00797,工具遇卡,故障类型,井下工具无法正常移动,104,射孔队工程师确认井下工具遇卡
E00798,张力异常,现象,上提电缆时张力显示不正常,"104,109,111,125,126,129,165,251",上提电缆时发现张力异常，先后 5 次尝试 | 张力异常 | 发现 CCL 曲线异常、张力异常的情况下未采取任何措施 | 在前二次泵送失败时反复出现了几次张力异常后 | 如果遇到井下 CCL 曲线、张力异常等情况时
E00799,施工压力 53.5~74.6MPa,施工参数,第 2 段压裂施工压力范围,104,第 2 段压裂施工，施工压力 53.5~74.6MPa
E00800,排量 10.0~12.1m³/min,施工参数,第 2 段压裂施工排量,104,排量 10.0~12.1m³/min
E00801,平均砂比 3.08%,施工参数,第 2 段压裂平均砂比,104,加砂总量 50.51m³，平均砂比 3.08%
E00802,JY-C5HF 井,井,发生遇卡故障的井号,104,2.5 JY-C5HF 并泵送桥塞 - 射孔遇卡
E00803,桥塞原地座封,处置措施,决定桥塞在原有位置进行座封,105,经现场讨论，决定桥塞原地座封
E00804,射孔深度调整,处置措施,调整第一枪射孔深度范围,105,第一枪由原来 3673.0~3674.0m 调整为 3670.65~3671.65m
E00805,泵送压力波动,现象,泵送过程中压力出现明显波动,105,泵送曲线显示，泵送压力有明显波动
E00806,工具串遇阻,现象,桥塞及射孔工具串扎入砂堆受阻,"105,122",从而导致桥塞及射孔工具串扎入砂堆遇阻 | 1.8m³/min 的排量无法推动工具串继续前行，工具串遇阻
E00807,井筒积砂,其他,井筒内存在沉积的砂子,105,井筒积砂，分析与本段压裂结束，顶替不彻底有关
E00808,顶替不彻底,其他,压裂结束后顶替作业未完成,105,分析与本段压裂结束，顶替不彻底有关
E00809,软卡,故障类型,电缆张力可恢复的遇卡现象,105,停绞车时张力立即恢复，可判断为软卡
E00810,桥塞周围积砂,其他,桥塞周围存在压裂砂,105,可判断为软卡，桥塞周围有压裂砂
E00811,电缆张力变化不明显,现象,座封时电缆张力下降幅度小,105,座封桥塞时电缆张力下降不明显
E00812,座封滑移,现象,桥塞在砂堆中座封存在滑移,105,可进一步验证桥塞在砂堆中座封存在滑移现象
E00813,推筒外壁划痕,现象,工具推筒表面存在磨损痕迹,105,工具起出井口后检查发现推筒外壁有大量划痕
E00814,推筒卡阻,其他,卡阻位置位于推筒处,105,进一步验证了卡点在推筒上
E00815,射孔发射率,指标,射孔作业的成功率指标,"105,263",射孔发射率 100% | 经检查，射孔发射率 100%
E00816,试压 50MPa,施工参数,验封时的测试压力值,105,开始验封，试压到 50MPa
E00817,电缆张力异常,现象,电缆张力突然降低或升高,"106,116",电缆张力异常...原悬重 3.6kN 降至 2.8kN | 电缆张力突然变化范围加大到 2.9~4.0kN，速度由 32m/min 降至 22m/min
E00818,金属残渣,原因,射孔弹爆炸产生的金属残渣,106,推测异物为射孔弹爆炸时，金属残渣从炮眼冲出
E00819,井口压力升高,现象,停车后井口压力异常上升,106,停车后发现井口压力已经升至 54MPa
E00820,点火丢手,处置措施,通过点火使桥塞座封并丢手,106,采取点火丢手方式解卡
E00821,排量 1.8m³/min,施工参数,泵送施工时的排量,"106,122",2518m 时排量加到 1.8m³/min | 1.8m³/min 的排量无法推动工具串继续前行
E00822,JY-C6HF 井,井,发生遇卡故障的井号,106,2.6 JY-C6HF 并第 6 段泵送桥塞 - 射孔遇卡
E00823,过顶替清理井筒,处置措施,压裂结束后清理井筒的措施,106,建议每段压裂结束，采用过顶替彻底清理井筒
E00824,电缆断脱,风险,盲目起电缆可能导致的后果,"106,130",避免盲目起电缆，出现电缆断脱等复杂情况 | 上提电缆时张力下降，起出电缆，电缆断脱射孔枪落井
E00825,射孔弹,材料,产生金属残渣的来源,106,推测异物为射孔弹爆炸时
E00826,施工压力 37MPa,施工参数,正常排量下的施工压力,106,正常 1.8m³/min 排量的施工压力为 37MPa
E00827,加强工具保养检查,处置措施,预防故障的地面措施,106,加强入井工具地面保养和检查
E00828,电缆地面遇卡,故障类型,电缆在井口地面发生卡阻现象,107,判断为电缆地面遇卡（可能是防喷设备回油管线被堵或电缆被防喷盒抱死）
E00829,回油流量太小,现象,防喷设备回油管线流量异常降低,107,检查回油管线，发现回油流量太小，确定遇卡原因是回油管线被堵
E00830,回油管线被堵,原因,防喷设备回油管线堵塞导致遇卡,107,检查回油管线，发现回油流量太小，确定遇卡原因是回油管线被堵
E00831,人工卸掉回油管线,处置措施,通过人工拆卸回油管线进行解卡,107,最后用人工卸掉回油管线，卸掉喇叭口，手动释放防喷盒密封盘根解卡
E00832,手动释放防喷盒密封盘根解卡,处置措施,手动释放密封盘根实现电缆解卡,107,最后用人工卸掉回油管线，卸掉喇叭口，手动释放防喷盒密封盘根解卡
E00833,五棱平底磨鞋,设备,连续油管管柱底部的磨铣工具,107,管柱结构：φ 110mm 五棱平底磨鞋+φ 73mm 螺杆马达
E00834,磨鞋磨损严重,现象,作业后检查发现磨鞋磨损程度高,"107,231",18:25 起出连续油管通井管柱，检查五棱平底磨鞋磨损严重 | 经检查，磨鞋磨损严重
E00835,桥塞遇卡,故障类型,桥塞在井筒内遇到阻力无法正常工作,"108,116,160",将压裂砂堆积在桥塞与井筒间隙中，导致桥塞遇卡 | 分析出现桥塞点火座封后遇卡原因主要有 | 初步判断：桥塞遇卡。上提电缆张力由 6.0kN 缓慢升至 24.0kN，未能解卡
E00836,电缆被卡住,故障类型,电缆因砂积累过多无法移动,108,防喷盒内压裂砂积累过多，最终卡死电缆，电缆被卡住
E00837,井筒内壁粘有压裂砂,原因,井筒内壁附着压裂施工留下的砂,108,发现枪身有压裂砂，说明井筒内壁粘有压裂砂，沉积在井筒内
E00838,电缆携砂过多,原因,电缆携带大量压裂砂进入井口,108,电缆携砂过多，在水平段电缆起到井口时，压裂砂随电缆进入防喷盒内
E00839,大排量顶替,处置措施,使用大排量液体进行顶替作业,"108,165",压裂完成之后，尽量以大排量顶替以保证顶替效果，并增加顶替液量 | 保持大排量，1.5~2 倍井筒容积的顶替
E00840,冲洗回油管线,处置措施,清洁回油管线的操作,108,要在下次施工前冲洗回油管线，并把防喷盒的密封胶芯清理干净
E00841,清理防喷盒密封胶芯,处置措施,清除防喷盒密封部件上的砂,108,要在下次施工前冲洗回油管线，并把防喷盒的密封胶芯清理干净
E00842,泵压下降,现象,施工压力突然降低,108,连续油管内打压 42MPa 后降至 26MPa，射孔井段 3512.0~3513.5m
E00843,JY-C7HF 井,井,发生工具落井故障的页岩气井,109,2.7 JY-C7HF 并第 8 段泵送工具串落并
E00844,电缆打扭遇卡,原因,电缆扭曲导致遇卡进而引发故障,109,判断电缆打扭遇卡
E00845,CCL 曲线异常,现象,磁定位测井曲线显示异常,"109,111,126",CCL 曲线异常 | 发现 CCL 曲线异常、张力异常的情况下未采取任何措施 | 如果遇到井下 CCL 曲线、张力异常等情况时
E00846,桥塞未座封,现象,桥塞未能成功坐封,"109,158",判断桥塞未座封 | 误将第一枪起爆，而桥塞未座封
E00847,剪掉电缆打扭部分,处置措施,切除电缆扭曲变形部分,109,剪掉电缆打扭部分，重新连接电缆
E00848,点火不成功,故障类型,射孔枪未能按预期全部引爆,110,第一枪点火不成功
E00849,补射孔,处置措施,对未成功射孔井段进行补充射孔作业,110,下连续油管补射孔
E00850,发射率 50%,指标,实际射孔数量与计划数量的比例,110,应射 40 孔，实射 20 孔，发射率 50%
E00851,泵送桥塞遇阻,故障类型,泵送桥塞过程中遇到阻碍无法继续,111,最终造成泵送桥塞遇阻泵脱
E00852,泵脱,故障类型,泵送过程中工具脱落,"111,112,129,143",最终造成泵送桥塞遇阻泵脱 | 泵脱后上起电缆应有针对性措施 | 立即停泵并加速下放电缆，避免泵脱 | 导致电缆张力超过弱点设定的最大拉力泵脱
E00853,地面管线积砂,现象,地面管线内部沉积有压裂砂,111,发现地面管线内有积砂，积砂是压裂施工中沉积在管线内
E00854,速度不同步,原因,绞车速度与工具串速度不一致,111,在泵送期间绞车速度与工具串速度不同步造成本次事件
E00855,施工前准备不足,原因,施工前对井下问题预估不足,111,施工前准备不足，施工人员对井下可能出现的问题预估不足
E00856,管线连接不紧凑,原因,压裂车供液连接管线连接不紧密,111,压裂车供液连接管线不紧凑，导致尾部流速降低而含砂
E00857,井筒内压裂砂堆积,原因,井筒内压裂砂过多导致堆积,111,分析遇阻的主要原因是井筒内有较多压裂砂，在工具串作用下水平段压裂砂逐渐堆积
E00858,地面流程整改,处置措施,对地面施工流程进行改进,111,在处理井下复杂情况时，对地面流程进行了整改
E00859,缩短管汇长度,处置措施,缩短高低压集流管汇的长度,111,缩短高低压集流管汇长度，对地面流程进行优化
E00860,高低压集流管汇,设备,地面高压和低压流体集流管汇,111,缩短高低压集流管汇长度，对地面流程进行优化
E00861,泵送桥塞未丢手,故障类型,电缆泵送桥塞施工中出现桥塞未能成功丢手的故障,112,2.8 JY-C8HF 并电缆泵送桥塞未丢手
E00862,施工参数,施工参数,压裂及泵送施工中的关键控制参数,"112,129",优化施工参数，根据不同的井斜、井深、井身结构 | 优化施工参数，根据不同的井斜、井深、泵送泵压
E00863,电缆起下速度,施工参数,电缆下放或起出的速度控制,112,确定泵送的泵压排量及电缆起下速度
E00864,泵送施工限压值,指标,施工中设定的压力限制值,112,施工中设定泵送施工限压值
E00865,及时停泵,处置措施,施工过程中发现异常时的紧急操作,112,施工过程中有异常及时停泵
E00866,缩短地面流程管线,处置措施,共用流程时优化管线的措施,112,尽量缩短地面流程管线，管线接头处不留死角
E00867,流程单独连接,处置措施,防止压裂砂带入井内的流程措施,112,泵送桥塞 - 射孔联作流程单独连接
E00868,压裂砂,材料,压裂施工中使用的支撑剂,"112,141,142,168,169,246",确保泵送施工中无压裂砂带入井内 | 因井筒内及电缆上粘附大量压裂砂 | 电缆在阻流管内受到压裂砂的严重挤压 | 发现控制头自下而上第二根和第四根阻流管内有大量压裂砂将电缆卡住 | 防喷管上端有残留的密封脂和粘附的压裂砂等杂质
E00869,地面流程管线,设备,压裂及泵送施工使用的地面管线,112,压裂地面管线流程和泵送桥塞 - 射孔联作施工共用流程时
E00870,JY-C8HF 井,井,发生泵送桥塞未丢手故障的具体井号,112,2.8.1 基本情况 JY-C8HF 井于 2013 年 7 月 17 日完井
E00871,异常情况,现象,施工过程中出现的非正常状况,112,分析可能会出现的异常情况，制定相应的规避措施
E00872,桥塞未完全座封,故障类型,桥塞火药燃烧不足导致座封失败,113,桥塞火药只燃烧了 20% 就停止燃烧，产生的能量不足以使桥塞完全座封
E00873,桥塞火药质量问题,原因,桥塞未完全座封的根本原因,113,此次桥塞未完全座封的根本原因为桥塞火药质量问题
E00874,电缆拉断,故障类型,上提拉力过大导致电缆断裂,"113,127,144,149",继续上提拉力到 22.5kN，拉断电缆 | 该井段施工中电缆拉断 | 起出发现电缆从弱点拉断，井口压力 26MPa | 从电缆头弱点处拉断
E00875,打捞作业,处置措施,组下打捞管柱捞获落井工具,"113,116,121,149",16 日 8:00 组下打捞管柱，17:30 起出连续油管，捞获落井工具串 | 7 日 21:33 下打捞工具管柱，8 日 6:45 起连续油管打捞管柱，捞获射孔工具串一套 | 连接打捞管柱，并对连续油管防喷管试压 30MPa 合格 | 组下打捞管柱到 2500m 开泵循环
E00876,试挤作业,处置措施,测试地层吸收能力及井筒完整性,113,18:05 试挤：排量由 2.0m³/min 升至 10.0m³/min 再降至 2m³/min
E00877,打捞管柱,设备,用于打捞落井工具的管柱组合,"113,138,155,182",管柱结构：φ105mm 卡瓦打捞筒 +φ98mm 变扣接头 | 组下强磁打捞管柱 | 下打捞管柱，起出打捞管柱带出全部落鱼 | 18:45 连接打捞管柱
E00878,桥塞火药,材料,用于桥塞坐封的火药材料,114,禁止使用这一批次的桥塞火药（600 级）
E00879,JY-C9HF 井,井,发生遇卡故障的页岩气井,114,2.9 JY-C9HF 并第 6 段泵送桥塞 - 射孔遇卡
E00880,射孔器材,设备,现场存放的射孔作业工具,114,现场合理存放射孔器材
E00881,电缆张力上升,现象,遇卡时电缆受力增加的现象,"114,134",电缆张力随即上升 3.6kN（800lb）左右 | 深度 4000m 及电缆张力上升对应
E00882,禁止使用,处置措施,对特定批次火药的处理措施,114,禁止使用这一批次的桥塞火药（600 级）
E00883,防潮,处置措施,射孔器材存储的要求,114,做好防潮、保管工作
E00884,泵送桥塞射孔,工况,第 6 段进行的施工工艺,114,6 月 30 日进行第 6 段泵送桥塞射孔施工
E00885,电缆断裂,故障类型,电缆在弱点处发生断开,"115,124,139,142,251",判断电缆在电缆头弱点处断开 | 14:00 起出电缆，检查从弱点处断裂 | 发现电缆从弱点处断裂，发现桥塞及射孔枪落井 | 电缆外层钢丝受损，强度大幅下降，导致上提张力在 22kN 时电缆即被拉断 | 从弱点泵断，起出电缆确认工具串已掉井
E00886,仪器落井,故障类型,井下仪器掉入井筒,115,最终确定仪器落井
E00887,电缆头弱点,原因,导致电缆断裂的具体部位,115,判断电缆在电缆头弱点处断开
E00888,电缆剧烈跳动,现象,电缆断裂前的张力异常波动,115,电缆剧烈跳动，张力显示降至 3.0kN
E00889,张力下降,现象,电缆断裂后张力显著降低,"115,121",张力显示降至 3.0kN（680lb） | 张力显示由 7.8kN 降至 4.5kN
E00890,信号丢失,现象,地面仪器无法读取井下信号,115,地面仪器读不到磁定位的信号
E00891,电流增加,现象,仪器供电电流异常升高,115,仪器供电电流增加 70mA
E00892,电缆防喷器,设备,用于控制井口电缆密封,115,关闭电缆防喷器，拆开防喷控制头
E00893,上提电缆,处置措施,尝试回收电缆的操作,"115,119",现场确定逐步加大拉力上提电缆的方案 | 判断桥塞座封失败，上提电缆。
E00894,剪切电缆,处置措施,在地面或井口切断电缆,115,将电缆在地面剪切断
E00895,上提速度,施工参数,回收电缆的速度控制,115,以 10m/min 的速度上提电缆
E00896,慢燃火药燃烧不充分,其他,火药质量问题或受潮导致推力不足,116,桥塞火药的质量问题或雨天受潮，使燃烧产生的推力小于桥塞丢手拉断力
E00897,座封工具故障,其他,油缸漏油导致动力传递失效,116,座封工具可能存在下井过程中由于受环境影响，出现油缸漏油的情况
E00898,火药燃烧室漏气,其他,能量泄露无法满足丢手要求,116,桥塞投送工具的火药燃烧室可能出现漏气的现象，使火药燃烧产生的能量部分泄露
E00899,桥塞拉断销质量问题,其他,拉断力过大无法正常拉断,116,桥塞拉断销拉断力大于 177.8kN，桥塞点火后产生的拉断力无法正常拉断桥塞拉断销
E00900,桥塞试压,处置措施,打压检验桥塞密封性,116,7:30 减阻水打压 70MPa 对桥塞试压，10min 压降 0.2MPa，合格
E00901,施工压力 32.5MPa,施工参数,打捞时的施工压力,116,21:51 减阻水循环冲洗上提下放连续油管分别加压 30kN、45kN 打捞，施工压力 32.5MPa
E00902,排量 2.2m³/min,施工参数,泵送液体排量,116,在 2.2m³/min 排量液体的推动下经过沉砂位置
E00903,压降 0.2MPa,指标,试压过程中的压力下降值,116,7:30 减阻水打压 70MPa 对桥塞试压，10min 压降 0.2MPa，合格
E00904,工具被卡,故障类型,工具在井筒上行过程中受阻,"117,190",可能是推动工具上行过程中被卡，导致电缆无法正常提出工具 | 连续油管未上行或下行，造成被卡
E00905,电缆无法正常提出,现象,电缆无法将工具捞出井口,117,导致电缆无法正常提出工具
E00906,桥塞工具,设备,用于座封桥塞的下井工具,"117,119",桥塞点火后座封，桥塞工具动作中并无漏油现象 | 发现桥塞工具已经完成动作。
E00907,落井工具,设备,掉落井底后被捞获的工具,117,落井工具捞获之后，根据前期判断，进行解剖分析
E00908,漏气检查分析,处置措施,对工具燃烧室气体压力及密封进行检查,117,漏气检查分析：首先压迫破裂盘，释放燃烧室气体压力
E00909,漏油检查分析,处置措施,对工具油室密封圈及液面进行检查,117,漏油检查分析：检查上油室密封圈，观察油盆中的机油颜色
E00910,拉断环,设备,桥塞工具中的铝合金断裂部件,117,拉断环为铝合金材料，拉断力 177.8 kN
E00911,铝合金,材料,拉断环的制造材料,117,拉断环为铝合金材料，拉断力 177.8 kN
E00912,加压 60kN,施工参数,打捞过程中施加的最大压力,"117,152",在打捞过程中先后下压管柱 3 次，最大加压 60kN | 遇阻加压 60kN，上提管柱
E00913,工具携砂,故障类型,上提打捞工具过程中携带砂粒,118,工具携砂：上提打捞工具过程中，套管压力持续降低
E00914,套管压力降低,现象,井口压力降至 15 MPa 且不能恢复,118,套管压力持续降低，井口压力降至 15 MPa 时停止上提，压力不能恢复
E00915,排量 2.2 m³/min,施工参数,推动工具经过沉砂位置的排量,118,在 2.2 m³/min 排量液体的推动下经过沉砂位置
E00916,电缆无法起出,故障类型,工具被卡导致电缆无法正常起出,118,可能是推动工具上行过程中被卡，导致电缆无法正常起出工具
E00917,桥塞点火失败,故障类型,多次点火均无张力变化和直观现象,118,根据电流判定没有点火成功，均无张力变化和直观现象
E00918,点火电流异常,现象,点火电流高于 2000mA 或低至 50mA,118,瞬间点火电流高于 2000mA，电流 50mA 左右，均无张力变化
E00919,更换点火控制面板,处置措施,点火失败后更换设备再次尝试,118,更换点火控制面板，再次进行编码通信，13:17 点火
E00920,JY-C10HF 井,井,发生桥塞座封误判的井号,118,2.10 JY-C10HF 并第 12 级桥塞座封误判
E00921,桥塞设计深度 3396.0m,施工参数,第 12 级桥塞的设计座封深度,118,第 12 级桥塞设计深度 3396.0m
E00922,停止上提,处置措施,压力降至 15 MPa 时的操作,118,井口压力降至 15 MPa 时停止上提，压力不能恢复
E00923,校正深度操作,工况,上提测量校正深度过程,118,上提测量校正深度过程中，已停止泵送液体
E00924,桥塞座封失败,故障类型,初步判断桥塞未能成功座封的故障现象,119,判断桥塞座封失败，上提电缆。
E00925,井口试压,处置措施,对井口进行压力测试以验证密封性,119,进行井口试压 70MPa，稳压 10min，合格。
E00926,70MPa,指标,井口试压的压力值,119,进行井口试压 70MPa，稳压 10min，合格。
E00927,10min,指标,井口试压的稳压时间,119,进行井口试压 70MPa，稳压 10min，合格。
E00928,密封圈,材料,桥塞工具气室油室的密封部件,119,拆开工具检查气室、油室密封圈正常
E00929,连续油管输送射孔,处置措施,改用连续油管方式进行射孔作业,119,联系连续油管队伍进行连续油管输送射孔
E00930,射孔深度,施工参数,调整射孔作业的具体深度区间,119,射孔深度调整为 3364.0~3365.5m、3339.5~3341.0m
E00931,桥塞座封误判,现象,对桥塞座封状态判断错误,120,没有在桥塞点火后进行验封检测，导致对桥塞座封的误判
E00932,点火电流突变,现象,点火瞬间电流发生异常变化,120,瞬间点火电流突变，错误的判断点火开关出现短路现象
E00933,心理因素,原因,对设备批次失去信心加重怀疑,120,心理因素，对 GuardiaN 该批次编码开关失去信心，当问题出现时加重怀疑
E00934,泵送桥塞施工,工况,采用泵送方式进行的桥塞施工作业,120,提高对泵送桥塞施工的风险认识，细化施工设计及控制环节
E00935,JY-C11HF 井,井,发生工具串落井事故的井号,120,2.11 JY-C11HF 并第 2 段泵送工具串落并
E00936,排量 8.0~8.5m³/min,施工参数,第 1 段压裂施工时的液体排量,120,第 1 段压裂。排量 8.0~8.5m³/min，施工压力 86~78~85MPa
E00937,施工压力 86~85MPa,施工参数,第 1 段压裂施工时的压力范围,120,第 1 段压裂。排量 8.0~8.5m³/min，施工压力 86~78~85MPa
E00938,编码开关,设备,控制桥塞点火的开关装置,120,对 GuardiaN 该批次编码开关失去信心，当问题出现时加重怀疑
E00939,验封检测,处置措施,桥塞点火后验证密封性的操作,120,没有在桥塞点火后进行验封检测，导致对桥塞座封的误判
E00940,细化施工设计,处置措施,完善施工设计及控制环节,120,提高对泵送桥塞施工的风险认识，细化施工设计及控制环节
E00941,电缆从打捞头滑脱,原因,电缆与打捞头连接失效导致脱落,121,电缆从打捞头滑脱
E00942,井口压力下降,现象,井口监测压力数值降低,121,井口压力由 43MPa 降至 22MPa
E00943,防喷管抖动,现象,井口防喷管发生机械振动,121,发现防喷管、电缆、地滑轮发生抖动
E00944,磨铣作业,处置措施,使用磨鞋磨碎井下落鱼,121,连接磨铣管柱，下连续油管带磨铣工具到井深 4317.00m 遇阻
E00945,液压丢手,设备,可液压控制脱手的连接工具,"121,149,177,179",检查发现从液压丢手拉脱 | φ 73mm 液压丢手 | 工具串自液压丢手中部断裂 | 发生断裂的φ73mm 液压丢手是美国 GRIFCO 工具公司 2013 年 12 月生产的产品
E00946,井深,施工参数,井下作业的深度位置,121,下管柱到 4382.5m 探得鱼顶
E00947,新增井下落鱼,风险,打捞过程中产生的新落物,121,新增井下落鱼长 1.75m
E00948,70~78MPa,指标,试挤时的压力范围,121,施工压力 70~78MPa
E00949,7~8m³/min,指标,试挤时的排量范围,121,排量 7~8m³/min
E00950,4382.5m,指标,打捞探得鱼顶的深度,121,下管柱到 4382.5m 探得鱼顶
E00951,电缆头断裂,故障类型,电缆头弱点瞬间断裂导致工具串掉井,122,强大的液体推动力导致电缆头弱点瞬间断裂
E00952,井筒不清洁,原因,第 1 段压裂未能加砂导致井筒内有油泥,122,第 1 段压裂未能加砂，井筒不清洁，油泥多
E00953,油泥堆积,原因,黏稠性物体在桥塞下方逐渐堆积,122,泵送过程中井筒内黏稠性物体在桥塞下方逐渐堆积
E00954,压差推力,原因,桥塞上下端面净压差产生向下推力,122,桥塞上、下端面净压差 21MPa，在逐渐增大的压差产生的向下推力作用下
E00955,清洁井筒,处置措施,前期井筒准备时应保证井筒干净,122,前期井筒准备时应清洁井筒，保证井筒干净
E00956,泵压异常升高,现象,井口泵送压力突然上升,122,出现井口泵送压力突然从 52MPa 升至 60.1MPa
E00957,压力 52MPa 升至 60.1MPa,现象,泵送遇阻后井口压力变化,122,出现井口泵送压力突然从 52MPa 升至 60.1MPa
E00958,未能加砂,工况,第 1 段压裂施工未加入支撑剂,122,第 1 段压裂未能加砂，井筒不清洁，油泥多
E00959,绞车停车,处置措施,停止绞车运行,123,应立即通知压裂车停泵，绞车停车
E00960,放松电缆,处置措施,释放电缆张力,123,尽快放松电缆，同时开井泄压到与井内压力平衡
E00961,开井泄压,处置措施,打开井口释放压力,123,尽快放松电缆，同时开井泄压到与井内压力平衡
E00962,上提工具串,处置措施,将工具串提升至初始深度,123,遇阻后应上提工具串到初始泵送深度
E00963,起出工具串,处置措施,将工具串完全提出井筒,"123,129",建议起出工具串，处理井筒后再施工 | 起出工具串，查找原因，制订对策
E00964,处理井筒,处置措施,清理井筒障碍,123,建议起出工具串，处理井筒后再施工
E00965,降低井口压力,处置措施,减小井口压力值,123,则首先应降低井口压力，再进行提拉电缆解卡操作
E00966,提拉电缆解卡,处置措施,通过拉力解除卡阻,123,再进行提拉电缆解卡操作
E00967,点火座封桥塞,处置措施,引爆桥塞使其座封,123,通常采用点火座封桥塞，起出工具串
E00968,连续油管钻磨桥塞,处置措施,使用连续油管磨铣桥塞,123,再进行连续油管钻磨桥塞的处置方式
E00969,套管变形,原因,井筒套管形状改变,123,也可能是套管变形、井筒内异物所致
E00970,井筒内异物,原因,井筒内存在外来物体,123,也可能是套管变形、井筒内异物所致
E00971,压力不降,现象,停泵后井口压力未下降,"123,237",停泵后压力不降或下降非常缓慢 | 停泵稳压 10min 压力不降
E00972,顶替液,材料,用于顶替的液体,123,顶替液 197.12m³
E00973,绞车,设备,用于起下电缆的设备,123,绞车停车
E00974,JY-C12HF 井,井,发生故障的具体井号,123,2.12 JY-C12HF 并第 4 段泵送工具串落并
E00975,张力突然上升,现象,电缆张力在短时间内急剧增加,"124,139,144",张力开始上升，从 2.5kN 突然升至 5kN，并迅速升至 7.7kN | 泵送到 4447m 处时张力突然上升，由 3.0kN 上涨到 6.5kN | 对于张力的突然上升（整个过程持续约 7s）
E00976,打捞落鱼,处置措施,使用打捞工具 retrieve 井下落物,"124,147,169,214",14:08 下连续油管到 4303.00m 探得鱼顶，14:16 停泵打捞 | 10 月 4 日组装打捞工具进行打捞落鱼作业 | 18:00 组配打捞管柱，29 日 6:00~15:20 下入打捞工具串 | 8:40 起油管到井口，捕获落鱼
E00977,桥塞遇阻,现象,桥塞下入过程中遇到阻碍无法下行,124,16:12 下连续油管带座封工具到 4117.00m 遇阻，上提到 4108.00m 后下放到 4111.00m 无法继续下行
E00978,起出桥塞,处置措施,将遇阻的桥塞从井中取出,124,22:30 起连续油管带出桥塞
E00979,高挤液量,施工参数,高压挤入地层的液体体积,124,7:15~7:50 高挤液量 211.62m³，其中顶替液 91.06m³
E00980,文丘里反循环打捞篮,设备,用于打捞井筒杂质的工具,"125,178,190,203",3:00 组装文丘里反循环打捞篮打捞井筒杂质 | \phi 79\mathrm{mm} 文丘里反循环打捞篮（前端外径 105\mathrm{mm}） | 组装文丘里反循环打捞篮 | φ79mm 文丘里反循环打捞篮
E00981,泵送排量设置偏高,原因,泵送作业时排量参数设置过高,125,因此泵送排量设置偏高，使得工具串在井筒中的推进力增大
E00982,工具串与电缆脱离,故障类型,工具串与连接电缆发生分离,125,当这一阻力变为动力后大于电缆弱点时，工具串与电缆脱离
E00983,井筒内沉淀物,原因,井筒底部存在的沉积杂质,125,现场分析认为是由于井筒内沉淀物，导致的桥塞轻微遇阻
E00984,游离的硬质颗粒,原因,工具串与井筒间隙存在的硬颗粒,125,在工具串与井筒间隙有游离的硬质颗粒存在
E00985,打捞井筒杂质,处置措施,清除井筒内杂质的作业措施,125,3:00 组装文丘里反循环打捞篮打捞井筒杂质
E00986,细化泵送应急方案,处置措施,针对复杂井况调整泵送方案的措施,125,未能及时地制定针对这种井况调整和细化泵送的应急方案
E00987,工具串摩阻较大,现象,工具串在井筒内摩擦阻力大,125,由于井眼轨迹上翘，工具串在井筒内相对摩阻较大
E00988,桥塞丢手成功,现象,桥塞坐封并成功丢手,125,球入座后打压到 20MPa 降至 12MPa 桥塞丢手成功
E00989,掉枪风险,风险,泵送过程中工具串掉落井下的风险,126,减小工具串的泵送推力，从而减小掉枪风险
E00990,泵送推力,原因,泵送过程中作用于工具串的推力,126,减少工具串的泵送推力，从而减小掉枪风险
E00991,井眼轨迹,工况,井眼的轨迹情况,"126,137,171",根据井眼轨迹情况，合理的减小泵送排量 | 在泵送排量设计上要结合井眼轨迹的变化，做好优化 | 主要与涪陵页岩气田井眼轨迹等有关
E00992,立即停泵,处置措施,遇到异常时立即停止泵送,"126,140",立即停泵，起到直井段，分析原因 | 如泵送时电缆张力过低、张力变化过大等情况，应立即停泵
E00993,JY-C13HF 井,井,发生工具串落井事故的井号,126,JY-C13HF 井于 2014 年 5 月 6 日完井
E00994,电缆断开,故障类型,连接工具串的电缆断裂,"126,141,170",发现电缆从弱点处断开 | 电缆从密封控制头电缆保护器上方 20cm 处断开 | 高温高压气体快速冲击电缆，导致电缆在阻流管下端断开
E00995,正循环洗井,处置措施,通过正循环方式清洗井筒,"126,178",期间正循环洗井 1.5 周 | 减阻水 72.5\mathrm{m}^3、胶液 2.5\mathrm{m}^3 正循环洗井
E00996,上提悬重解卡,处置措施,通过增加上提悬重解除卡阻,126,上提悬重由 100kN 升至 240kN 解卡
E00997,桥塞断脱,故障类型,桥塞从弱点处断开脱落,127,检查工具发现桥塞从弱点处断脱
E00998,射孔枪未发射,故障类型,射孔枪未能正常点火发射,127,检查工具发现桥塞从弱点处断脱，射孔枪未发射
E00999,地面张力波动大,现象,泵送过程中地面张力波动范围异常,127,地面张力始终的波动范围要比平常泵送时大
E01000,变更本段射孔井段,处置措施,决定更改当前射孔的井段位置,127,决定变更本段射孔井段
E01001,压裂车试挤,工况,使用压裂车进行试挤作业,127,22:00 压裂车试挤
E01002,施工压力 20MPa 升至 75MPa,施工参数,试挤过程中压力变化情况,127,施工压力 20MPa 升至 75MPa 再降至 55MPa
E01003,排量 1m³/min,施工参数,试挤时的液体排量,127,排量 1m³/min
E01004,加压 60kN 无进尺,现象,施加压力后工具没有进尺,127,加压 60kN 无进尺
E01005,射孔率 100%,指标,射孔作业的成功率,127,检查射孔枪，射孔率 100%
E01006,保护套,设备,电缆保护装置,129,保护套也被拉断，见图 2-20
E01007,钢丝断裂,现象,电缆损坏表现,129,电缆钢丝断裂处呈现喇叭状，见图 2-21
E01008,井下滑轮短节,设备,用于降低摩阻的工具,129,入井工具增加井下滑轮短节，用于降低井下摩阻
E01009,电缆头,设备,电缆连接部件,129,应重新制作电缆头
E01010,加速下放电缆,处置措施,避免泵脱的操作,129,立即停泵并加速下放电缆，避免泵脱
E01011,重新制作电缆头,处置措施,定期维护措施,129,泵送 3~4 次后或视泵送施工情况，应重新制作电缆头
E01012,泵送泵压,施工参数,泵送时的压力参数,129,做到泵压和下电缆速度同步
E01013,井下摩阻,指标,井下摩擦阻力,129,用于降低井下摩阻，降低泵送过程中的张力变化
E01014,JY-C14HF 井,井,发生泵送工具落井故障的井号,130,JY-C14HF 井于 2014 年 7 月 21 日完井
E01015,泵送工具落井,故障类型,因井眼轨迹问题导致的工具掉落故障,130,2.14 JY-C14HF 井井眼轨迹上翘致泵送工具落井
E01016,座封工具中有砂,现象,检查发现座封工具内部存在砂粒,130,12:00 起出电缆、工具串，检查：座封工具中有砂
E01017,加滚珠接头,处置措施,针对轨迹上翘增加滚珠接头以减少摩擦,130,中间加φ96.5mm 滚珠接头 2 只
E01018,射孔枪落井,故障类型,因电缆断脱导致的射孔枪掉落故障,130,电缆断脱射孔枪落井
E01019,水平段为上翘型,工况,井眼水平段的轨迹形态特征,130,水平段为上翘型，最大井斜角 106.8°
E01020,模拟泵送遇阻,故障类型,模拟工具串在泵送过程中无法到达预定位置,131,在该井段连续三次泵不到位
E01021,井斜角变化较大,原因,井斜角从 95 度变化到 106.8 度,131,井斜角由 95°变化到 106.8°，井斜角变化较大
E01022,工具串设计长度长,原因,模拟枪工具串长度较长导致摩擦阻力大,131,模拟工具串设计长度长，第一次模拟枪工具串长 7.88m
E01023,摩擦阻力增大,现象,泵送过程中工具串受到的摩擦阻力增加,131,泵送过程中模拟工具串摩擦阻力增大
E01024,优化泵送射孔工具串结构,处置措施,根据设计和方案优化工具串结构以确保施工,131,根据试气工程设计和分段压裂方案，优化泵送射孔工具串结构
E01025,缩短射孔枪长度,处置措施,减小模拟泵送射孔工具串前行过程中的摩擦阻力,131,优化后的模拟泵送射孔工具串，缩短了射孔枪长度
E01026,增加滚珠接头,处置措施,减小工具串前行过程中的摩擦阻力,131,增加了滚珠接头，减小了模拟泵送射孔工具串前行过程中的摩擦阻力
E01027,剪断电缆的风险,风险,优化措施可能增加射孔时剪断电缆的风险,131,但也增加了射孔时剪断电缆的风险
E01028,落鱼偏心,现象,落鱼偏心抵住一侧导致卡瓦未撑开,131,显示落鱼偏心抵住一侧，卡瓦未撑开
E01029,打捞未获,现象,起出连续油管、工具串后未捞获落鱼,131,起出连续油管、工具串，未捞获
E01030,发射率 95%,指标,第 2 段射孔枪实射 38 发，发射率 95%,131,第 2 段射孔枪装弹 40 发，实射 38 发，发射率 95%
E01031,JY-C15HF 井,井,发生遇卡故障的具体井号,132,2.15 JY-C15HF 并第 16 段泵送桥塞 - 射孔遇卡
E01032,泵送桥塞 - 射孔遇卡,故障类型,泵送桥塞与射孔联作施工过程中发生的工具串卡阻故障,"132,148",2.15 JY-C15HF 并第 16 段泵送桥塞 - 射孔遇卡 | 14:40 上提电缆，张力升至 10 kN，判断射孔工具串遇卡
E01033,泵送设备故障,原因,导致施工停等的设备问题,132,28 日由于泵送设备故障和邻井压裂组织停等 7.5h
E01034,凸齿状波动,现象,施工压力呈现的异常波动形态,132,施工压力呈凸齿状波动，波动幅度 2~4MPa
E01035,射孔枪通讯异常,现象,井下射孔工具与地面通信失败,132,第二只射孔枪通讯异常，检测电流超过正常范围
E01036,紧急停泵,处置措施,发现异常后的紧急停止泵送操作,"132,146",操作人员采取紧急停泵、加快下放电缆速度等措施 | 操作人员采取紧急停泵、并加快下放电缆速度等措施
E01037,正打压冲洗,处置措施,尝试建立通道解卡的冲洗操作,132,22:40 采用正打压冲洗，泵车挂一挡怠速状态下
E01038,拉断电缆弱点,处置措施,无法解卡时切断电缆连接点的措施,132,决定拉断电缆弱点。上提电缆拉力二次到 23.1kN
E01039,工具串砂卡,故障类型,泵送桥塞射孔过程中工具串被砂卡住,133,泵送桥塞射孔过程中，工具串砂卡，导致了异常情况发生。
E01040,沉砂堆积,现象,井筒内沉砂堆积严重,133,未能及时泵送桥塞射孔，导致井筒内沉砂堆积更加严重
E01041,压裂施工压力较高,原因,压裂时压力最高达到 92.4MPa,133,该段在压裂时压力最高达到 92.4MPa，由于压裂施工压力较高
E01042,排量下降,原因,为避免超压停泵降低排量,133,为避免超压停泵，排量由 14m³/min 降至 8.5m³/min 下降
E01043,未能及时泵送桥塞射孔,原因,压裂完后到开始泵送间隔 7.5h,133,压裂完后到开始水平段泵送桥塞射孔间隔 7.5h，未能及时泵送
E01044,水平井段上翘拐点,井,4000m 处为水平井段上翘拐点,133,4000m 处为水平井段上翘拐点，容易造成沉砂。
E01045,泵送压力呈凸齿状波动,现象,泵送压力波动异常,133,泵送压力呈凸齿状波动，说明泵送推送中沉砂形成小砂堆临时阻挡所致
E01046,钻除井筒内 15 级桥塞,处置措施,15 日钻除井筒内 15 级桥塞,133,15 日钻除井筒内 15 级桥塞，16、17 日用强磁和文丘里两趟钻清理
E01047,清理井筒碎屑,处置措施,用强磁和文丘里清理井筒碎屑,133,16、17 日用强磁和文丘里两趟钻清理井筒碎屑
E01048,压力 92.4MPa,施工参数,压裂时最高压力,133,该段在压裂时压力最高达到 92.4MPa
E01049,砂堆堵塞套管,原因,工具串运行到深度时砂堆冲入井筒堵塞套管,134,表明工具串运行到该深度时，冲入井筒内更大的砂堆堵塞住套管
E01050,泵送压力突升,现象,泵送压力突然升高且不降,134,随即泵送压力突升到 84MPa 且不降
E01051,停泵后压力不降,现象,停止泵送后井内压力保持不变,134,造成井内压力瞬间提高，停泵后压力不降
E01052,泵脱异常,故障类型,泵送过程中发生的脱异常故障,"134,136",是导致泵脱异常发生的因素 | 是导致泵脱异常发生的因素之一
E01053,压裂完到泵送时间长,原因,压裂结束到泵送开始间隔时间过长,134,压裂完到泵送时间长，使井筒条件变的更为复杂，是导致泵脱异常发生的因素
E01054,水平段沉积污物,原因,水平段内污物沉积严重,134,压裂完到泵送间隔达 7.5h，时间越长，水平段沉积污物越严重
E01055,经验不足,原因,对井筒认识及问题处理经验缺乏,134,主观上被进度牵制影响，没有客观的认识到问题，经验不足
E01056,复杂情况发生,故障类型,施工过程中出现的复杂工况,134,是导致复杂情况发生的又一因素
E01057,挤注,处置措施,对特殊井进行挤注处理,134,对于压裂情况比较特殊的井，建议进行挤注、顶替等处理
E01058,缩短等待时间,处置措施,力争缩短工序间等待时间,134,与压裂结合，力争缩短等待时间，尽可能做到压裂、射孔两个工序的无缝隙衔接
E01059,停止泵送,处置措施,压力过高时停止泵送作业,134,泵送桥塞射孔压力过高时（超过 75MPa）停止泵送
E01060,大排量冲洗,处置措施,使用大排量进行冲洗处理,134,重新挤酸及大排量冲洗处理
E01061,84MPa,指标,泵送压力突升达到的数值,134,随即泵送压力突升到 84MPa 且不降
E01062,4000m,施工参数,砂堆堵塞发生的深度,134,深度 4000m 及电缆张力上升对应
E01063,7.5h,施工参数,压裂完到泵送间隔时间,134,压裂完到泵送间隔达 7.5h
E01064,特殊井,井,压裂情况比较特殊的井,134,对于压裂情况比较特殊的井
E01065,泵送压力过高,现象,泵送桥塞射孔压力超过阈值,134,泵送桥塞射孔压力过高时
E01066,JY-C16HF 井,井,发生工具串落井事故的页岩气井,135,JY-C16HF 井于 2015 年 9 月 27 日完井，人工井底 4948.00m
E01067,泵送工具串落井,故障类型,泵送过程中工具串脱离电缆落入井底,"135,144,149",曲线显示已经泵脱桥塞射孔工具串，射孔工具串落井 | 2.21 JY-C21HF 并第 2 段泵送工具串落并 | 射孔枪、桥塞落井，落鱼深度 3834m
E01068,泵车供液泵坏,原因,导致改用主压车泵送的设备故障,135,由于泵车供液泵坏，直到完成第 2 段压裂后，18:16 采用主压车泵送
E01069,电缆在弱点处拉脱,原因,导致工具串落井的直接原因,135,起出电缆检查，电缆在弱点处拉脱，射孔工具串落井
E01070,电缆张力突然上升,现象,工具串落井前的张力异常表现,135,当泵送到 4243.8m 时，电缆张力突然上升，4244.96m 时升至 14.1kN
E01071,主压车泵送,施工参数,因供液泵坏采用的替代泵送方式,135,由于泵车供液泵坏，直到完成第 2 段压裂后，18:16 采用主压车泵送
E01072,螺旋卡瓦打捞筒,设备,打捞工具串中的关键打捞设备,"135,147,194,195,196,197,206",φ98mm 螺旋卡瓦打捞筒 +φ73mm 液压丢手 +φ73mm 震击器 | φ98mm 螺旋卡瓦打捞筒 +φ73mm 液压丢手 | 继续下螺旋卡瓦打捞筒，打捞落鱼 | φ98mm 螺旋卡瓦打捞筒 | 第四趟螺旋卡瓦打捞
E01073,排量设计不合理,原因,泵送排量设计偏大导致故障,136,泵送排量设计不合理，是导致泵脱异常发生的因素之一
E01074,冗余量设计不合理,原因,电缆冗余量设计不足导致故障,136,冗余量设计不合理，也是导致泵脱异常发生的因素
E01075,反应速度慢,原因,操作反应速度未跟上工具串速度,136,反应速度慢，是导致泵脱异常发生的又一因素
E01076,压裂泵送间隔长,原因,压裂完到泵送时间长使井筒条件复杂,136,压裂完到泵送时间长，使井筒条件变的更为复杂
E01077,电缆持续伸长,现象,泵送过程中电缆出现持续伸长现象,136,泵送过程中，在 1.4m^3/min 出现电缆持续伸长后
E01078,张力异常上升,现象,泵送过程中张力出现异常上升,136,提高到 1.6m^3/min 后 2min 即出现张力异常上升
E01079,水平段沉积物,现象,水平段沉积物较严重,136,且又是第 1 段压裂后泵送，水平段沉积物较严重
E01080,电缆冗余量,施工参数,设计时电缆最大冗余量,136,设计时电缆最大冗余量为 3 m
E01081,发动机转速,施工参数,驱动设备的旋转速度,137,泵送前由原来的 1200 r/min 提高到 1500 r/min
E01082,等待时间,施工参数,工序之间的间隔时长,137,与压裂结合，力争缩短等待时间
E01083,井筒处理,处置措施,对井筒进行的预处理作业,137,对等待时间较长的井，泵送前要对井筒先行处理
E01084,JY-C17HF 井,井,发生套管异常的页岩气井,137,2.17 JY-C17HF 并套管异常致泵送射孔遇卡
E01085,泵送射孔遇卡,故障类型,泵送射孔工具在井内被卡住,"137,160",2.17 JY-C17HF 并套管异常致泵送射孔遇卡 | 2.30 JY-C30HF 并套管异常致泵送射孔遇卡
E01086,冲砂洗井,处置措施,清除井筒砂堵的清洗作业,137,25 日连续油管队组装连接冲砂洗井管柱
E01087,试压不合格,故障类型,压力测试未达到标准要求,"138,248",10min 压降 20MPa，试压不合格 | 试压不合格
E01088,压降明显,现象,压力测试期间压力下降幅度大,138,反复两次试压 50MPa，压降明显
E01089,连续油管冲砂管柱,设备,用于冲砂作业的连续油管组合,138,连续油管冲砂管柱下到 4707m
E01090,桥塞管柱,设备,用于下入桥塞的工具串,138,下第 2 级桥塞管柱遇阻
E01091,钻磨管柱,设备,用于钻磨桥塞的工具串,138,连接连续油管钻磨管柱
E01092,套管挤注,处置措施,向套管内高压泵入液体,138,大排量套管挤注
E01093,金属碎屑,其他,从井筒清理出的金属碎片,138,清理金属碎屑称重 1kg
E01094,桥塞试压不合格,故障类型,桥塞座封后压力测试未达到标准,139,打压 50MPa 验封，10min 压降 20MPa，反复二次试压，压降明显，试压不合格
E01095,套管可能存在变形,原因,遇阻处套管形状改变导致工具通过困难,"139,164",遇阻处套管可能存在变形，对电缆泵送桥塞工具串顺利通过造成了阻力 | 综合认为，该井 3809.3m 深度套管可能存在变形
E01096,改用连续油管,处置措施,变更施工设备为连续油管进行作业,139,改用连续油管进行后续封闭分段、射孔
E01097,JY-C18HF 井,井,发生工具串落井事故的井号,139,2.18 JY-C18HF 井泵送工具串落井
E01098,CCL 信号消失,现象,电缆测井信号丢失,139,测试井下仪器 CCL 信号消失
E01099,井口压力突增,现象,电缆头泵脱前井口压力突然增加,140,在电缆头泵脱前，井口压力突增 2 MPa
E01100,拉断弱点,故障类型,工具串加速前进导致弱点断裂,140,砂桥突然垮塌，致使工具串加速前进，拉断弱点
E01101,降低泵送排量,处置措施,针对油泥风险的预防措施,140,基于该井套管内壁可能有油泥，应适当降低泵送排量和电缆下放速度
E01102,电缆张力过低,现象,泵送过程中电缆张力异常,140,泵送时电缆张力过低、张力变化过大等情况
E01103,电缆鸟窝,现象,电缆整形处形成的缠绕状故障,141,判断为阻流管下端电缆整形处形成“鸟窝”
E01104,风险评估不足,原因,故障发生的管理原因,141,对阻流管阻卡电缆风险评估不足
E01105,压力冲砂,处置措施,清洗阻流管解卡的措施,141,先采用压力冲砂对阻流管进行清洗
E01106,电缆整形,处置措施,处理电缆鸟窝的措施,141,遂再次进行电缆整形
E01107,更换新阻流管,处置措施,拆除旧阻流管后更换新件,141,15:00 更换新阻流管
E01108,阻流管,设备,发生砂卡故障的设备部件,"141,146,165",拆除阻流管解卡 | 建立阻流管保养清洗制度，按时对阻流管进行清洗保养 | 电缆在控制头下方 3 根流管处砂卡最为严重
E01109,罗切斯特单芯电缆,设备,美国进口的φ8mm 单芯电缆,142,本次使用电缆系美国进口的罗切斯特φ8mm 单芯电缆
E01110,砂卡,故障类型,电缆携带压裂砂在阻流管内形成卡阻,"142,145,146,168",电缆上携带压裂砂，在阻流管内形成砂卡 | 绞车下放，电缆无下行显示，判断为砂卡 | 第 20 段砂卡 | 发现控制头自下而上第二根和第四根阻流管内有大量压裂砂将电缆卡住
E01111,控制起电缆速度,处置措施,严格控制速度并观察张力变化,142,严格控制起电缆速度，注意观察张力变化，及时做好现场应对措施
E01112,排量 0.6~1.4m³/min,施工参数,泵送工具串时的施工排量,142,排量 0.6~1.4m³/min，施工压力 62MPa
E01113,施工压力 62MPa,施工参数,泵送工具串时的施工压力,142,排量 0.6~1.4m³/min，施工压力 62MPa
E01114,张力突变,现象,电缆张力突然升高后降低,142,张力从 3.2kN 突升至 15.3kN，随即降低 2.0kN 左右
E01115,化学注脂泵,设备,应急处理预案中配备的设备,142,配备化学注脂泵，制定完善的应急处理预案
E01116,电缆下放速度,施工参数,电缆下入井下的速度,143,电缆下放速度和泵送排量不匹配
E01117,弱点设定最大拉力,指标,电缆弱点设计的最大承受拉力,143,导致电缆张力超过弱点设定的最大拉力泵脱
E01118,处置措施不妥,原因,故障发生时应对操作不当,143,绞车操作工没有及时快速下放电缆，泵送指挥人员下达停泵指令较慢
E01119,快速下放电缆,处置措施,张力异常时快速释放电缆,143,绞车操作工没有及时快速下放电缆
E01120,井筒清洗,处置措施,清除井筒内杂物,"143,144",若重新泵送仍然出现曲线异常，则应将工具串起出井口，进行井筒清洗 | 建议压裂完毕往井筒内打一定量的胶液，确保将井筒清洗干净
E01121,曲线异常,现象,施工监测曲线出现不正常波动,143,进行速度与排量调节不能消除曲线异常
E01122,处理不及时,原因,操作人员响应速度慢导致事故,144,绞车操作工没有及时快速下放电缆，泵送指挥人员发出停泵指令也较慢
E01123,电缆头张力,指标,泵送时电缆头部承受的拉力,144,尽量使电缆头张力在 5kN 以下
E01124,5kN 以下,指标,电缆头张力的安全控制范围,144,尽量使电缆头张力在 5kN 以下
E01125,节箍信号异常,现象,泵送过程中监测到的信号异常,144,一旦发现节箍信号异常
E01126,重新泵送,处置措施,停止后重新开始泵送作业,144,则应及时停泵，进行重新泵送
E01127,电缆张力迅速增加,现象,砂卡发生前的张力异常表现,145,发生电缆张力迅速增加幅度达 1.50kN 时
E01128,提升绞车速度,处置措施,张力异常时的紧急应对措施,145,迅速提升绞车速度，待张力平稳后再恢复
E01129,注入柴油,处置措施,第 11 段砂卡尝试的化学解卡措施,"145,168",使用化学疏通泵往阻流管内注入柴油，经过 24h 尝试 | 使用化学清洗泵向电缆密封控制头内注入柴油，尝试清洗疏通阻流管
E01130,高空拆除阻流管,处置措施,第 11 段砂卡最终成功的解卡措施,145,9 日 14:47 高空拆除阻流管，解卡成功
E01131,化学疏通泵,设备,用于注入柴油解卡的设备,"145,146",使用化学疏通泵往阻流管内注入柴油 | 配备化学疏通泵，制定完善的应急处理预案
E01132,柴油,材料,用于化学疏通的液体材料,"145,165,168,169",注入 300L 柴油无法解卡 | 控制头应配接注柴油接口 | 使用化学清洗泵向电缆密封控制头内注入柴油，尝试清洗疏通阻流管 | 使用化学清洗泵向电缆密封控制头内注入大量柴油，试图溶解密封脂解卡
E01133,44.20MPa,指标,第 11 段施工最高压力,145,最高施工压力 44.20MPa
E01134,0.4~1.3m³/min,指标,第 11 段施工排量范围,145,排量 0.4~1.3m³/min
E01135,1.50kN,指标,电缆张力异常增加的阈值,145,发生电缆张力迅速增加幅度达 1.50kN 时
E01136,第 11 段砂卡,故障类型,JY-C22HF 井第 11 段发生的砂卡故障,145,第 11 段砂卡：7 月 7 日 14:50 组下第 11 段射孔枪
E01137,第 20 段砂卡,故障类型,JY-C22HF 井第 20 段发生的砂卡故障,145,第 20 段砂卡：15 日 13:07 组下第 20 段射孔枪
E01138,电缆遇卡,故障类型,电缆在阻流管内遇卡,"146,164",导致电缆在阻流管内遇卡 | 17:30 起到 1500m 电缆遇卡
E01139,电缆张力异常上涨,现象,泵送过程中电缆张力突然异常,146,此时电缆张力突然异常上涨
E01140,井筒内残留压裂砂,原因,压裂井筒内残留压裂砂导致遇卡,146,第 11、20 段压裂井筒内残留压裂砂，导致电缆在阻流管内遇卡
E01141,拆除阻流管,处置措施,高空拆除阻流管解卡,146,16 日 14:25 高空拆除阻流管，拆除阻流管解卡成功
E01142,加快下放电缆速度,处置措施,张力异常时加快下放速度,146,操作人员采取紧急停泵、并加快下放电缆速度等措施
E01143,胶液顶替,处置措施,加砂完毕后加入胶液顶替,146,建议加入适当的胶液并以大排量、不小于井筒容积 1.5 倍减阻水顶替
E01144,配备化学疏通泵,处置措施,配备化学疏通泵应急,146,配备化学疏通泵，制定完善的应急处理预案
E01145,覆膜砂,材料,压裂使用的覆膜砂材料,"146,178",70/140 目覆膜砂 13 m³，40/70 目覆膜砂 4.8 m³ | 带出部分桥塞碎屑、覆膜砂及少量卡瓦碎屑
E01146,工具串泵脱,故障类型,电缆头弱点处泵脱，工具串落井,147,发现电缆在电缆头弱点处泵脱，射孔工具串落井
E01147,射孔工具串落井,故障类型,射孔工具串落入井底成为落鱼,"147,156",射孔工具串落井，落鱼鱼头无电缆 | 起出电缆后发现射孔工具串落井等情况
E01148,电缆张力突然增加,现象,泵送过程中电缆张力异常升高,147,电缆张力突然增加，电缆下放速度无法快速下放到需要的泵送速度
E01149,套管壁清洗不彻底,原因,压裂施工困难导致套管壁清洗不彻底,147,由于第 1 段压裂施工困难，对套管壁清洗不彻底，套管壁上粘附一些油泥
E01150,反打压,处置措施,通过反打压和上下活动解卡,"147,212",16:08 反打压，反复上提下放解卡成功，悬重降到 128kN | 采取由管汇台处逐级反打压到 45 MPa
E01151,开泵超压,现象,捕获落鱼后开泵出现超压现象,147,上提连续油管后 3 次开泵超压，确认捕获落鱼
E01152,压裂最大排量,施工参数,第 1 段压裂施工时的最大排量,147,压裂最大排量 12m³/min 共计加砂量 17.8m³
E01153,摩阻过大,原因,导致工具串遇卡的主要原因之一,148,工具串遇卡井段可能有沉砂，造成工具串摩阻增大
E01154,井筒内积砂,原因,导致摩阻过大的潜在因素,148,工具串遇卡井段可能有沉砂，造成工具串摩阻增大
E01155,桥塞质量问题,原因,导致工具串遇卡的潜在原因,"148,264",不排除切断的销钉有残留的碎屑，卡在推筒与桥塞之间 | 可能为桥塞质量问题，导致桥塞座封失效
E01156,销钉残留碎屑,原因,桥塞质量问题具体表现，造成暂时性遇阻,148,不排除切断的销钉有残留的碎屑，卡在推筒与桥塞之间
E01157,加重枪,设备,工具串组成部分，增大了摩阻,148,因井口压力有 40 MPa，在工具串上增加了加重枪，也增大了摩阻
E01158,活动电缆解卡,处置措施,遇卡后首先尝试的解卡方法,148,14:56 活动电缆解卡，活动范围 0~18 kN，活动解卡无效
E01159,上提张力解卡,处置措施,活动电缆无效后采用的解卡方法,148,16:52 上提到 18.5 kN 活动解卡时，张力突然从 18.5 kN 降至 5.8 kN
E01160,了解压裂和顶替情况,处置措施,预防井筒积砂导致遇卡的建议措施,148,泵送桥塞 - 射孔联作施工前要了解泵送施工前压裂和顶替情况
E01161,桥塞销钉改进,处置措施,预防桥塞质量问题导致遇卡的建议措施,148,结合桥塞厂家，进行桥塞销钉改进
E01162,1.4 m³/min,施工参数,泵送过程中的最大排量,148,泵送最大排量 1.4 m³/min，最大施工压力 59.9 MPa
E01163,59.9 MPa,施工参数,泵送过程中的最大施工压力,148,泵送最大排量 1.4 m³/min，最大施工压力 59.9 MPa
E01164,10 kN,施工参数,判断遇卡时的张力阈值,148,14:40 上提电缆，张力升至 10 kN，判断射孔工具串遇卡
E01165,18.5 kN,施工参数,成功解卡时的上提张力,148,16:52 上提到 18.5 kN 活动解卡时，张力突然从 18.5 kN 降至 5.8 kN
E01166,电缆张力突升,现象,电缆张力异常增加,149,电缆张力由 3.7 kN 突升至 9.8 kN
E01167,射孔枪泵脱,现象,射孔枪与电缆分离,149,射孔枪泵脱，起出电缆检查
E01168,投球打压脱手,处置措施,通过投球加压实现工具脱手,149,11:41 投球打压脱手
E01169,连续油管遇卡,现象,连续油管在井内被卡住,"149,171,173,212",上提连续油管遇卡，上提最大悬重 340kN | 本章主要介绍了连续油管遇卡 | 连续油管上提到距离井口 1550.4m，连续油管遇卡 | 开泵起连续油管到 2976 m 后遇卡，上提下放活动解卡，未成功
E01170,落鱼,故障类型,井下落井工具或部件,"150,177,193,198,200,204,206",判断落鱼进入打捞筒，停泵，起连续油管 | 井内落鱼：φ110mm 磨鞋 +φ73mm 变扣接头 | 清理落鱼周边 | 成功捞获全部井下落鱼 | 判断工具存在异常...落鱼为
E01171,环空打压,处置措施,向环空施加压力以辅助解卡,150,环空打压 15MPa 管柱自 4866.7m 下行到 4895.7m
E01172,解卡,处置措施,解除管柱卡阻状态,150,连续油管上提下放正常，解卡成功
E01173,桥塞卡瓦,材料,落井的桥塞部件,150,检查：射孔枪完好，桥塞卡瓦及胶皮落井
E01174,工具串被拉脱,故障类型,工具串因外力突然释放而脱离,151,突然释放砂桥的力导致工具串被拉脱
E01175,冲洗,处置措施,通过泵入液体冲洗井筒解卡,151,采取 0.4~2.0m³/min 排量冲洗，压力 28.83~67.70MPa
E01176,震动解卡,处置措施,通过点火射孔枪产生震动解卡,151,在卡点处点火第 2 簇射孔枪震动解卡
E01177,电缆弱点拉断,处置措施,通过拉断电缆弱点放弃部分工具,151,判断弱点拉断...确认从弱点处断开
E01178,泄压,处置措施,通过油嘴控制降低井口压力,"151,224",套管用 12mm 油嘴控制泄压，井口压力由 23.5MPa 降至 4.2MPa | 在保证井内安全的情况下，关闭了 2 号、3 号、4 号防喷器，泄压后
E01179,泵送设计,施工参数,泵送作业的方案设计,151,泵送设计应充分考虑井眼轨迹的变化，制定详细的预案
E01180,打捞落物,工况,打捞井下落物的作业过程,151,打捞落物前先将鱼顶附近清理干净，以便于后继打捞
E01181,清理鱼顶附近,处置措施,清理落物顶部周围环境,151,打捞落物前先将鱼顶附近清理干净，以便于后继打捞
E01182,顶替干净井筒内砂子,处置措施,压裂后将砂子顶替出井筒,151,遇到井眼轨迹上翘的井，压裂完成后，尽量将井筒内砂子顶替干净
E01183,无火焰,现象,返液时无火焰产生,152,无火焰，返液 16m³
E01184,返液 16m³,指标,返液量达到 16 立方米,152,无火焰，返液 16m³
E01185,井内落鱼,设备,井内遗留的工具串,152,井内落鱼：φ102mm 推筒
E01186,工具串太短,原因,工具串长度不足导致倾斜,152,现场判断由于工具串太短，工具串过井口时倾斜
E01187,工具串倾斜,现象,工具串过井口时发生倾斜,152,工具串过井口时倾斜，无法通过
E01188,金属减阻剂,材料,用于循环冲下的化学剂,"152,155,157,159,189,196,207",用金属减阻剂配 20m³ 混合液正循环冲下 | 正循环替入金属减阻剂 15.10m³ | 11:50~12:05 泵入金属减阻剂 21m³ | 并泵入金属减阻剂 0.12\mathrm{m}^3 | 泵注金属减阻剂 25.0 m3
E01189,正循环冲下,处置措施,通过循环液体冲刷遇阻点,152,用金属减阻剂配 20m³ 混合液正循环冲下
E01190,排量 0.3m³/min,施工参数,连续油管打捞时的排量,152,排量 0.3m³/min，施工压力 6.3~8.7MPa
E01191,施工压力 15MPa,施工参数,打捞作业时的施工压力,152,排量 0.5m³/min，施工压力 15MPa
E01192,未捞获落鱼,现象,打捞作业未能成功 retrieve 落鱼,"152,153,184",检查工具串无异常，未捞获落鱼 | 上提打捞管柱到井口，检查出井工具无异常，未捞获落鱼 | 闸门关闭未捞获落鱼
E01193,给入井工具倒角,处置措施,对工具进行倒角处理以通过遇阻点,152,检查无异常（给入井工具倒角）
E01194,更换打捞工具,处置措施,因未捞获落鱼而更换工具,153,未捞获落鱼。10:50 更换打捞工具
E01195,销钉未被剪切,其他,桥塞释放机构未正常工作,153,捞获全部落鱼（销钉未被剪切，桥塞芯轴被抽出）
E01196,桥塞碎屑,材料,钻塞后产生的残留物,"153,154,178,206,246",捞获桥塞碎屑 1.9kg | 文丘里捞获微量桥塞碎屑 | 带出部分桥塞碎屑、覆膜砂及少量卡瓦碎屑 | 强磁捞获桥塞铁屑 2.36kg | 天然气流携带迈出压裂砂与桥塞碎屑
E01197,磨鞋底面损伤,现象,钻磨工具使用后出现磨损,153,检查磨鞋底面有轻微损伤，其他工具无异常
E01198,桥塞未丢手,故障类型,桥塞座封后未能成功丢手,154,桥塞未丢手原因是桥塞设计缺陷，导致座封力未完全作用于剪切销钉上
E01199,桥塞设计缺陷,原因,桥塞结构设计存在问题,154,桥塞未丢手原因是桥塞设计缺陷，导致座封力未完全作用于剪切销钉上
E01200,电脑黑屏故障,故障类型,射孔点火后电脑屏幕变黑,154,桥塞点火后电脑出现黑屏故障，看不到射孔曲线
E01201,未严格执行操作规程,原因,现场操作违反规定流程,154,现场未严格执行操作规程停止射孔作业，而是继续上提电缆进行第 1 簇射孔
E01202,操作人员判断失误,原因,现场人员未能正确识别异常,154,现场操作人员判断失误，未在第一时间发现桥塞未丢手
E01203,重复射孔,故障类型,同一井段进行了多次射孔,154,未对射孔工艺进行技术交底，造成对井段 5043.07~5044.57m 重复射孔
E01204,未进行技术交底,原因,施工前未进行工艺技术说明,154,连续油管射孔时，未对射孔工艺进行技术交底
E01205,改进 SJS 桥塞,处置措施,对特定型号桥塞进行优化改进,154,对 SJS 桥塞进行改进
E01206,发射率,指标,射孔孔眼成功发射的比例,154,检查发射率：应射 60 孔，实射 60 孔，发射率 100%
E01207,电缆上提张力异常,现象,电缆上提时张力低于正常值,155,发现电缆上提张力异常，较正常上提电缆张力下降 2.7kN
E01208,射孔点火震动,原因,射孔枪起爆产生的震动,155,判断可能是由于第一枪射孔点火震动导致射孔马笼头出现故障
E01209,上提值,施工参数,桥塞到第一枪的上提距离,155,尽量使桥塞到第一枪的上提值大于 15m
E01210,无磁定位信号,现象,电缆测井无法接收到磁定位信号,"155,157",上提电缆后发现无磁定位信号 | 13:42 上提电缆，张力由 8.9kN 升至 15kN，无磁定位信号，判断工具串卡住。
E01211,15m,指标,桥塞到第一枪的最小上提值,155,尽量使桥塞到第一枪的上提值大于 15m
E01212,2.7kN,指标,电缆张力异常下降值,155,较正常上提电缆张力下降 2.7kN
E01213,电缆断,故障类型,电缆被射孔枪射断,"156,168",第 1 簇点火时将电缆射断 | 电缆断头突然从控制头最上端掉落，查看发现电缆断开处附近的电缆扭曲变形
E01214,井斜角,施工参数,井眼轨迹与垂直线的夹角,"156,176",该井段井斜角达到 103.8° | 遇卡（井斜角 47.6°）
E01215,不停车点火,处置措施,射孔时保持连续操作不停止,156,采用不停车点火的方式，防止工具串下滑压断电缆
E01216,工具串卡住,故障类型,井下工具串无法正常移动,157,13:42 上提电缆，张力由 8.9kN 升至 15kN，无磁定位信号，判断工具串卡住。
E01217,电缆头弱点拉断,故障类型,电缆头弱点处发生断裂,157,14:37 起出井口，由电缆头处标记判断为电缆头弱点拉断，工具串落井
E01218,点火极性接反,原因,点火线路极性连接错误,157,通过复查点火施工过程，检查发现点火极性接反造成误射孔。
E01219,泵注液体解卡,处置措施,通过泵注液体尝试解除卡阻,157,20:38~21:55 将电缆放松后，泵注液体解卡，无磁定位信号，解卡未成功
E01220,拉断电缆,处置措施,主动拉断电缆以回收部分工具,157,12:40 停泵，压力 43MPa，进入拉断电缆程序
E01221,压力 70MPa,施工参数,施工过程中的最高泵压,157,12:25 泵入清水 27m³，压力继续升至 70MPa
E01222,张力 15kN,施工参数,卡住时的电缆张力,157,13:42 上提电缆，张力由 8.9kN 升至 15kN，无磁定位信号，判断工具串卡住。
E01223,桥塞点火极性错误,原因,供电极性接反导致误起爆,158,导致桥塞点火时供电极性错误（桥塞为负电点火，第一枪为正电点火）
E01224,人为疏忽,原因,操作人员疏忽导致故障,158,属于人为疏忽导致
E01225,责任心不足,原因,操作员、队长和质量监督责任心不足,158,操作员、队长和质量监督责任心不足
E01226,禁止疲劳施工,处置措施,防止人为失误的管理措施,158,禁止疲劳施工，严格执行施工人员的轮换班制度
E01227,接线固定标识,处置措施,防止接线错误的物理措施,158,将点火面板供电输出端接线进行固定，接线头做明显标识
E01228,井斜,指标,井眼倾斜角度,159,本次施工的井斜为 102.7^{\circ}
E01229,电缆炸断,故障类型,点火时电缆断裂,159,使得第一枪点火时炸断电缆
E01230,发射率低,现象,实际射孔数少于设计数,159,应射 60 孔，实射 20 孔，发射率 33.3\%
E01231,技术培训不到位,原因,人员经验不足,159,技术培训不到位，现场施工人员对施工经验不够
E01232,施工设计不明确,原因,针对复杂情况措施缺失,159,施工设计针对复杂情况的措施不明确
E01233,组下打捞管柱,处置措施,打捞落鱼作业,159,19 日 5:38 组下打捞管柱
E01234,悬浮座封,工况,特定施工方式,159,应制定更合理详细的“悬浮座封
E01235,拖动射孔,工况,特定施工方式,159,拖动射孔”措施
E01236,张力信号异常,现象,张力监测数据异常,159,没有及时发现张力和 CCL 信号的异常
E01237,电缆拉力,指标,监测电缆受力情况的关键施工指标,160,电缆张力由 6.0kN 升至 9.0kN，停止上提
E01238,CCL 信号,指标,磁定位信号，用于判断井下工具深度,160,CCL 信号突然停止，电缆下放到 3809.0m 停止下放
E01239,电缆拉力实验,处置措施,施工前对电缆强度进行的测试措施,160,施工所需要电缆拉力实验做好，实测 45 kN 未拉断电缆，才可用于正常施工
E01240,地面预演操作,处置措施,泵送施工前在地面进行的模拟操作,160,在泵送施工前，地面进行预演操作，各岗位配合到位
E01241,点火座封,处置措施,遇卡无法解卡时采取的座封桥塞措施,160,20:00 在 3798.15 m 点火座封桥塞；21:00 工具串起出井口
E01242,张力产生波动,现象,泵送过程中电缆张力出现异常变化,160,泵送到 2920.0m 张力产生波动停泵，上提到 2500.0m 重新泵送
E01243,压力突降,现象,试压过程中压力突然下降的异常现象,"160,166",当压力由 27.30 MPa 逐步升至 45.30 MPa 时，压力突降至 30.00 MPa | 17:41 上提到深度 4640.00m 时，压力突然由 25.00MPa 降至 2.80MPa
E01244,憋泵,现象,施工期间泵压异常升高或泵送困难,"161,162,163,164,188,191,192,195",钻塞期间，多次憋泵 | 开泵，仍憋泵 | 多次重复下放，均在 3809.5m 处憋泵 | 导致钻磨工具频繁憋泵 | 突然发生憋泵，压裂车超压
E01245,挂卡,现象,管柱上提时遇到阻力悬重增加,161,随后上提油管，挂卡 40kN，上提到 3807.5m
E01246,磨痕,现象,工具表面因摩擦产生的痕迹,161,检查：磨鞋外壁及底部边缘有明显磨痕
E01247,洗井,处置措施,大排量循环液体清洁井筒,"161,209,247",大排量洗井，采用模拟桥塞探座封桥塞实际深度 | 决定带φ73 mm 喷嘴进行洗井，并备料金属减阻剂 | 清水正循环洗井，洗井深度 4199.58m
E01248,上提连续油管,处置措施,遇到挂卡时上提管柱解卡,"161,188,192",随后上提油管，挂卡 40kN，上提到 3807.5m | 20:22 上提连续油管悬重 0 升至 128 kN | 即可上提连续油管
E01249,钻压 0,现象,钻进过程中钻压显示为零,162,均在 3809.5m 处出现钻压 0 的憋泵
E01250,卷曲胶皮,材料,从井筒内捞出的橡胶类碎屑,162,地面捕屑器内捞出少许卷曲胶皮
E01251,金属块,材料,从井筒内捞出的金属碎屑,"162,163",清洗碎屑后发现一金属块 | 一金属块（无磁性，尺寸：20mm×6mm×11mm）
E01252,细丝状胶皮,材料,从井筒内清理出的胶皮碎屑,162,除砂器清理出 0.1kg 细丝状胶皮
E01253,铅模底部被切,现象,铅模底部受到切削损伤,162,铅模底部圆周多处被切
E01254,磨鞋钻塞,处置措施,使用磨鞋进行钻塞作业,162,下 108mm 宽水槽磨鞋钻塞
E01255,铅模打铅印,处置措施,使用铅模探查井下落物形态,162,下 105mm 铅模打铅印
E01256,强磁打捞,处置措施,使用强磁工具打捞金属碎屑,"162,193,200,207,209",下 105mm 底部强磁通井 | 第一趟管柱：第一趟强磁清理 | 清理强磁打捞器，捞出桥塞金属碎屑 7.8kg | 连接强磁打捞管柱入井 | 连接强磁打捞管柱，捞获碎屑质量 2.76 kg
E01257,PDC 钻头钻磨,处置措施,使用 PDC 钻头进行钻磨作业,162,下φ106mmPDC 钻头钻磨
E01258,套铣筒套铣,处置措施,使用套铣筒进行套铣作业,162,下φ105mm 套铣筒套铣
E01259,3809.5m,指标,作业遇阻或故障发生的深度,162,到 3809.5m 遇阻
E01260,48.00MPa,指标,施工压力上升后的最高值,162,持续上升至 48.00MPa
E01261,磨损,现象,工具表面受损,163,检查：磨鞋边缘有磨损，底部无明显变化
E01262,石块,原因,导致憋泵的井下异物,163,地面捕屑器清理出一石块（尺寸：18mm×13mm×21mm）
E01263,泵入胶液,处置措施,遇阻时泵入润滑或清洗液体,163,遇阻，泵入胶液 10.00m^3，开始上提
E01264,大排量洗井,处置措施,高排量循环清洗井筒,163,17:06 大排量洗井：注入前置胶液 20.00m^3
E01265,加压,施工参数,钻塞或探底时施加的压力,"163,181,207",加压 10kN 遇阻 | 9:54 下入 50.8mm 连续油管底带打捞工具，加压 20kN 探鱼顶 | 加压 50kN
E01266,强磁打捞器,设备,用于打捞金属异物的工具,"163,193,203,206,257",组下强磁打捞管柱（管柱结构：φ80mm 强磁打捞器 | φ73mm 强磁打捞器 4 根 | φ80mm 强磁打捞器 | 先后 5 次下入强磁打捞器 | 21 日 9:53 下连续油管底带φ73mm 强磁打捞器
E01267,第 17 段阻流管砂卡,故障类型,井段发生的砂卡故障,164,2.31 JY-C31HF 并第 17 段阻流管砂卡
E01268,异物,原因,导致憋泵的原因,164,遇阻点 3809.3m 位置可能存在异物
E01269,固井质量,原因,影响套变井的因素,164,提高页岩气井固井质量水平
E01270,放弃第 4 段施工,处置措施,针对故障的施工调整,164,经讨论放弃第 4 段施工
E01271,连续油管座封桥塞,处置措施,后续层段施工方式,164,第 5 段采用连续油管座封桥塞
E01272,张力波动较大,现象,遇卡时的张力表现,164,张力波动较大，出现挂卡现象
E01273,砂粒粘附,现象,电缆上的砂粒情况,164,电缆上有大量砂粒粘附
E01274,注脂泵,设备,注入密封脂的设备,164,注脂泵回油管流出的密封脂也带有大量砂粒
E01275,铅模单方向多处被切,现象,铅印检查的结果,164,铅模单方向多处被切
E01276,电缆砂卡,故障类型,电缆在阻流管内被砂粒卡死,165,初步判断电缆在阻流管内砂卡
E01277,控制头,设备,井口密封及电缆导入装置,165,电缆在控制头下方 3 根流管处砂卡最为严重
E01278,顶替液量不充分,原因,压裂后顶替液量不足导致积砂,165,压裂后顶替液量不充分，导致井筒内积砂
E01279,加砂管线存砂,原因,加砂管线内存留砂粒带入井筒,165,加砂管线内存留的砂粒带进井筒
E01280,处理经验不足,原因,作业人员未及时处理阻流管砂粒,165,小队作业人员处理砂卡经验不足
E01281,拆除清洗阻流管,处置措施,拆除阻流管短接并清洗电缆,165,依次逐级拆除阻流管短接并清洗电缆和阻流管
E01282,注柴油清砂,处置措施,遇砂卡时注柴油清洗砂粒,165,若遇有砂卡时，及时注柴油清砂
E01283,专用泵送流程,处置措施,避免用加砂流程泵送射孔枪,165,采用专用的泵送流程，避免用加砂流程泵送
E01284,注脂压力,施工参数,控制头密封及冲砂压力,165,增大注脂压力，继续缓慢上起电缆
E01285,磁定位信号混乱,现象,测井磁定位曲线信号异常无法识别,166,磁定位信号混乱同时连续出现结箍信号，缓慢停车
E01286,工具串回滑,原因,工具串在井筒内非预期向下滑动,166,检查磁定位曲线怀疑工具串有回滑现象，可能造成电缆缠绕
E01287,旋塞阀刺漏,原因,旋塞阀密封失效导致流体泄漏,166,压裂流程泄压，整改刺漏旋塞阀，更换液控泄压阀后的 3in 手动旋塞阀
E01288,3in 手动旋塞,设备,原使用的 3 英寸手动旋塞阀,166,更换液控泄压阀后的 3in 手动旋塞阀为 2in 旋塞阀
E01289,2in 旋塞阀,设备,整改后更换的 2 英寸旋塞阀,166,更换液控泄压阀后的 3in 手动旋塞阀为 2in 旋塞阀（由于 2in 旋塞阀开关方便）
E01290,反复上提下放活动电缆,处置措施,通过活动电缆尝试解除工具串卡阻,166,判断遇卡，反复上提下放活动电缆；20:11 在深度 4613.4m 处以排量开泵
E01291,排量 0.30m³/min,施工参数,解卡过程中使用的开泵排量,166,20:11 在深度 4613.4m 处以排量 0.30m³/min 排量开泵，同时开始下放电缆
E01292,流程整改,处置措施,针对泄压失控进行的设备流程改造,166,压裂流程泄压，整改刺漏旋塞阀，更换液控泄压阀后的 3in 手动旋塞阀
E01293,泵送补孔,处置措施,故障处理后重新进行的射孔施工,166,11:31 组下第 4 段第 2 簇射孔枪；11:33 第 2 簇射孔；13:20 射孔工具串起出井口
E01294,密封盘根刺坏,故障类型,密封盘根被刺坏,167,每泄压 3~4 次后其密封盘根即会刺坏出现滴漏的现象
E01295,滴漏,现象,密封失效出现滴漏,167,每泄压 3~4 次后其密封盘根即会刺坏出现滴漏的现象
E01296,3in 手动旋塞阀,设备,用于泄压的手动旋塞阀,167,先缓慢全开 3in 手动旋塞阀后通过操作远程液控旋塞
E01297,远程液控旋塞,设备,用于泄压的远程液控旋塞,167,先缓慢全开 3in 手动旋塞阀后通过操作远程液控旋塞
E01298,3in 旋塞阀,设备,泄压不好控制的旋塞阀,167,但由于用 3in 旋塞阀泄压不好控制，泄压过程较为急促
E01299,泄压过程较为急促,原因,泄压速度过快,167,但由于用 3in 旋塞阀泄压不好控制，泄压过程较为急促
E01300,2in 手动旋塞阀,设备,整改后用于控制泄压的阀门,167,泄压流程 3in 液动旋塞阀后连接 2in 手动旋塞阀
E01301,3in 液动旋塞阀,设备,整改后泄压流程中的液动阀,167,泄压流程 3in 液动旋塞阀后连接 2in 手动旋塞阀
E01302,加强高压件的管理,处置措施,管理高压管件,167,加强高压件的管理，施工前对高压弯头、旋塞阀按规定保养
E01303,平稳操作,处置措施,操作高压管件时应平稳,167,操作旋塞阀等高压管件泄压时应平稳操作，严禁剧烈开关
E01304,电缆熔断,故障类型,井内电缆发生熔断,167,2.33 JY-C33HF 并电缆熔断
E01305,人工井底 5422.00m,施工参数,井的人工井底深度,167,人工井底 5422.00m
E01306,发射率 100%,指标,射孔枪发射率,167,应射 30 孔，实射 30 孔，发射率 100%
E01307,泵送遇卡,故障类型,泵送过程中工具串或电缆受阻无法移动,168,18:21 上提电缆，当起到 2934m 时，张力突然由 9.1kN 升至 15.0kN，停车
E01308,控制头阻流管,设备,电缆密封控制头内的节流管道,168,经判断电缆是在控制头阻流管内遇卡
E01309,化学清洗泵,设备,用于注入清洗液的泵送设备,168,23:20~22 日 7:00 使用化学清洗泵向电缆密封控制头内注入柴油
E01310,BOP 半封闸板,设备,防喷器的半封闭闸板组件,168,关闭 BOP 二副半封闸板，对防喷管放压后，拆卸清洗阻流管
E01311,防喷管内压力,指标,防喷管内部的压力数值,168,发现防喷管内压力迅速上升至 30MPa，与井内压力平衡
E01312,高温熔化,现象,电缆绝缘层因高温发生熔融,168,缆芯绝缘层有高温熔化现象，电缆控制头内部亦有颜色发黑现象
E01313,拆卸清洗阻流管,处置措施,拆除阻流管清除内部砂堵,168,拆卸清洗阻流管，发现控制头自下而上第二根和第四根阻流管内有大量压裂砂
E01314,活动电缆,处置措施,上下活动电缆尝试解卡,168,决定再次关闭 BOP 半封闸板，活动电缆尝试解卡
E01315,阻流管堵塞,故障类型,阻流管与电缆之间的间隙被杂质堵塞,169,携带杂质进入了阻流管内，堵塞了阻流管与电缆之间的间隙
E01316,开启 BOP 平衡阀行程过大,原因,操作不当导致阀门开启圈数过多,169,开启 BOP 平衡阀圈数为两周半，从而导致防喷管内升压过快
E01317,绝热压缩,现象,防喷管内升压过快产生的物理现象,169,导致防喷管内升压过快，发生绝热压缩，产生高温高压气流
E01318,混合气体爆燃,风险,防喷管内混合气体无法正常排出引发的风险,"169,170",防喷管上部的混合气体无法正常排出，为混合气体爆燃提供了必要条件 | 应该是柴油挥发性气体与空气混合物发生了爆燃
E01319,放压,处置措施,使用油嘴降低井口压力,169,18:00 用 2mm 油嘴放压，压力由 27.2MPa 降至 16.6MPa
E01320,剪切防喷器,设备,组配安装的防喷设备之一,169,29 日 6:00 组配安装 FZ18-105 型剪切防喷器
E01321,柴油挥发气体,材料,防喷管内形成的可燃气体,170,在防喷管上部形成了柴油挥发气体与空气的混合物
E01322,空气,材料,进入防喷管内的气体,170,空气进入防喷管内，在防喷管上部形成了柴油挥发气体与空气的混合物
E01323,误操作打开半封,原因,可能导致防喷管内压力快速上升的操作失误,170,不排除误操作打开半封，造成防喷管内压力快速上升而导致电缆熔断
E01324,平衡阀,设备,用于给防喷管打备压的阀门,170,利用防喷器平衡阀给防喷管打备压时，旋转针阀的圈数不能超过半圈
E01325,密封脂,材料,用于密封的材料，可能携砂,170,尽量使用黏度低的密封脂，尽量少注密封脂，以减少密封脂携砂量
E01326,施工队长,其他,现场施工监督人员,170,在防喷管打备压过程中，施工队长必须监督注脂岗操作
E01327,0.5 MPa,指标,防喷管内压力阈值,170,当防喷管内压力上升到 0.5MPa 后，回脂口无气体溢出，应立即关闭平衡阀
E01328,0.1 MPa/s,指标,防喷管内压力上升速度阈值,170,当防喷管内压力上升速度超过 0.1 MPa/s 时，立即关闭平衡阀
E01329,关闭平衡阀,处置措施,压力异常时的紧急操作,170,当防喷管内压力上升到 0.5MPa 后，回脂口无气体溢出，应立即关闭平衡阀
E01330,清洗柴油,处置措施,打平衡压前的准备工作,170,打平衡压前必须将防喷管内的柴油清洗干净
E01331,绝热升温,风险,施工中可能出现的温度升高风险,170,施工中，有绝热升温风险时，建议减少打开阀门圈数以降低风险
E01332,井口压力过高,现象,施工过程中井口压力异常升高的现象,171,22:00 井口压力过高发生砂堵
E01333,连续油管工具落井,故障类型,连续油管作业中工具落入井下的故障,171,本章主要介绍了连续油管工具落井
E01334,人员操作水平,原因,影响连续油管作业复杂情况的因素之一,171,主要与人员操作水平等有关
E01335,第 11 段压裂施工,工况,发生砂堵的具体施工段次,171,9 月 7 日 6:25~22:40 第 11 段压裂施工
E01336,上提速度过快,原因,上提管柱速度过快导致工具挂脱,172,上提速度过快，造成工具在井口挂脱落井
E01337,电子计数器损坏,原因,计数器损坏导致无法正确判断长度,172,因电子计数器损坏、机械计数器存在一定误差
E01338,人员疲劳,原因,连续作业导致操作人员疲劳,172,操作人员连续作业 24h 作业，0:30 进行设备人员动员，人员疲劳
E01339,卡瓦打捞筒选型错误,原因,第一次打捞选用工具型号错误,172,第一次打捞失败，是选用 98mm 卡瓦打捞筒错误
E01340,打捞失败,现象,第一次打捞未捞获落鱼,"172,194,195,206",21:00 起连续油管，带出打捞工具串，检查未捞获 | 起出打捞管柱后发现未打捞出落鱼 | 检查井下工具，未打捞成功 | 未捞获落鱼
E01341,打捞成功,现象,第二次打捞捞获全部落鱼,"172,230",16:00 起连续油管完，带出打捞工具及射孔工具串，捞获全部落鱼 | 上提连续油管悬重 90kN 升至 195kN，打捞成功
E01342,更换卡瓦打捞筒,处置措施,更换为 113mm 卡瓦打捞筒,172,第二次打捞作业，更换 113mm 卡瓦打捞筒
E01343,现场测试,处置措施,打捞工具入井前进行现场测试,172,坚持要求 TTS 工程师做现场测试，测试成功后，连续油管入井打捞成功
E01344,指重表读数异常,现象,指重表读数发生突变,172,指重表由 -20kN 增加到 7kN（上提拉力 27kN）
E01345,射孔段深度,施工参数,套管环空打压射孔段位置,172,对射孔段 3243.0~3244.5m，套管环空打压射孔
E01346,连续油管变形,现象,连续油管物理形状发生改变,173,发现连续油管变形，上提连续油管检查连续油管变形程度
E01347,连续油管遇阻,现象,连续油管下入过程中遇到阻力,173,连续油管下到 4275.2m 遇阻，加压 10kN，复探 3 次深度不变
E01348,防喷盒,设备,井口控制设备，用于密封连续油管,"173,183",拆除防喷盒上铜套卡箍；用吊篮将施工人员吊到防喷盒旁 | 21:47 连续油管起到 320m 防喷盒出现刺漏
E01349,注入器,设备,用于推送连续油管入井的设备,173,将变形连续油管提出注入器，发现连续油管严重变形
E01350,拆除防喷盒上铜套卡箍,处置措施,处理连续油管变形遇卡的具体操作步骤,173,拆除防喷盒上铜套卡箍；用吊篮将施工人员吊到防喷盒旁
E01351,15MPa,施工参数,套管环空打压压力值,173,套管环空打压 15MPa，井口压力降至 0，连续油管抖动明显
E01352,38MPa,施工参数,施工期间达到的最高压力值,173,逐渐打压到 38MPa，施工压力降至 29MPa，射孔成功
E01353,180kN,施工参数,处理故障时上提连续油管的拉力,173,上提连续油管 180kN，将变形连续油管提出注入器
E01354,连接扭矩,施工参数,入井工具连接时的扭矩要求,173,严格按照入井工具的连接扭矩要求，各连接部位上扣上到位
E01355,8.27MPa,施工参数,注入器链条夹紧力限制值,173,视工作情况注入器链条夹紧力不超过 8.27MPa
E01356,人工标记,处置措施,为杜绝不当操作采用的深度标记方法,173,采用人工标记、磁定位标记等方法，在连续油管下入 20m、50m 处进行标记
E01357,连续油管呈挤扁状,现象,连续油管在上提过程中发生物理变形,174,上提过程中井内 1500m 连续油管呈挤扁状。
E01358,连续油管内外平衡压力不够,原因,导致油管内外压差过大的直接原因,174,连续油管内外平衡压力不够，导致油管内外压差过大。
E01359,油管内没有水,原因,未做通水试压试验导致管内无水,174,未对连续油管做通水试压试验，油管内没有水。
E01360,油管头阀门未打开,原因,导致压力不平衡的操作失误,174,油管头阀门未打开。
E01361,施工人员对设备性能不了解,原因,导致事故的间接原因之一,174,施工人员对设备性能、射孔工艺不了解。
E01362,施工设计无细化操作步骤,原因,设计缺陷导致操作无依据,174,施工设计无细化操作步骤。
E01363,建立完善的工序操作规范,处置措施,防止类似事故发生的经验教训,174,建立完善的工序操作规范，举一反三建立健全连续油管各技术规范。
E01364,排量 0.45m3/min,施工参数,钻磨桥塞时的液体排量,174,23 日 23:25 钻完第 2 级桥塞，纯钻 140min，排量 0.45m3/min 左右
E01365,施工压力 33~35MPa,施工参数,钻磨桥塞时的井口压力,174,施工压力 33~35MPa
E01366,出砂,现象,施工过程中井口返出砂粒,175,在钻塞期间出砂严重，过多的压裂砂沉积
E01367,钻磨无进尺,故障类型,钻磨工具接触桥塞但无法钻进,"175,203",过多的压裂砂沉积在第 1 级桥塞上方，导致磨鞋不能和桥塞面接触，钻磨无进尺 | 6:00 钻磨无进尺
E01368,压裂砂沉积,原因,压裂砂堆积在桥塞上方阻碍钻磨,175,过多的压裂砂沉积在第 1 级桥塞上方，导致磨鞋不能和桥塞面接触，钻磨无进尺
E01369,碎屑未能全部带出,原因,钻除桥塞产生的碎屑残留井内,175,剩余碎屑被推到最后一个桥塞上方，导致管柱遇阻
E01370,换磨鞋,处置措施,更换钻磨工具底部的磨鞋,175,19:05 起出检查工具发现工具良好。换磨鞋
E01371,开泵洗井,处置措施,开启泵注液体清洗井筒,175,6:05 连续油管底带喷嘴到井深 4165m 遇阻...开泵洗井
E01372,活动管柱,处置措施,上下活动连续油管以解卡,"175,177",4170m 遇卡 170kN 无效，活动 15 次后 160kN 解卡 | 洗井时要活动管柱，严禁定点停留
E01373,0.45m^3/min,指标,施工排量数值,175,排量 0.45m^3/min 左右
E01374,33~35MPa,指标,施工压力数值,175,施工压力 33~35MPa
E01375,6mm,指标,油嘴尺寸,175,换为 6mm 油嘴
E01376,8mm,指标,油嘴尺寸,175,期间交替用 6mm、8mm 油嘴开井排液
E01377,造斜段,工况,发生遇卡故障的井段类型,176,3.4 JY-D4HF 井连续油管起钻（造斜段）遇卡
E01378,金属解堵剂,材料,用于解卡作业的化学剂,176,13:40 泵入金属解堵剂 6m³
E01379,循环时间短,原因,导致钻屑未清除干净的作业原因,176,循环时间短，洗井不彻底，钻屑未清除干净
E01380,起钻速度过快,原因,导致造斜段遇卡的作业原因,176,起钻速度过快，本次遇卡井段井斜度在 48°左右
E01381,钻屑,其他,未清除干净导致遇卡的固体颗粒,176,循环时间短，洗井不彻底，钻屑未清除干净
E01382,泵入金属解堵剂,处置措施,遇卡后尝试的解卡措施之一,176,13:40 泵入金属解堵剂 6m³，关井 6h
E01383,注入胶液,处置措施,遇卡后成功的解卡措施,176,倒反打压流程注入胶液 10m³，活动解卡成功
E01384,钻塞参数掌握不好,原因,钻塞施工参数控制不当,177,钻塞参数掌握不好，破碎的桥塞残片过大
E01385,桥塞残片过大,现象,桥塞破碎后残片尺寸过大,177,破碎的桥塞残片过大，不容易随循环液带出井筒
E01386,工具串断裂,故障类型,钻磨工具串在井下发生断裂,177,发现钻塞工具串自液压丢手中部断裂
E01387,钻压,施工参数,钻塞时的钻压,"177,180,192,231",钻压 15~20kN | 11:42 钻压 10~40kN，施工压力 43.4MPa，排量 0.66 m³/min | 施加适当钻压 | 钻压 7kN
E01388,文丘里反循环打捞筒,设备,用于清扫钻磨碎屑,177,使用文丘里反循环打捞筒清扫钻磨碎屑
E01389,无明显进尺,现象,钻塞时无进尺,177,无明显进尺，施工压力 32~36MPa
E01390,连续油管作业复杂情况,故障类型,连续油管作业中遇到的复杂状况,178,连续油管作业复杂情况与故障 第 3 章
E01391,连续油管下打捞管柱,设备,用于打捞作业的管柱组合,178,连续油管下打捞管柱（管柱结构：\phi 79\mathrm{mm} 文丘里反循环打捞篮
E01392,连续油管下套铣管柱,设备,用于套铣作业的管柱组合,178,连续油管下套铣管柱（管柱结构：\phi 89\mathrm{mm} 套铣筒
E01393,井口压力 19.5MPa,施工参数,关井时的井口压力值,178,14:45 关井，井口压力 19.5\mathrm{MPa}
E01394,工具串脱落,故障类型,钻磨工具组合在井下分离,179,可以判断连续油管在钻第 7 级桥塞时钻磨工具串脱落
E01395,液压丢手断裂,现象,液压丢手工具发生物理断裂,179,发生断裂的φ73mm 液压丢手是美国 GRIFCO 工具公司 2013 年 12 月生产的产品
E01396,偏载,原因,工具受力不均匀,179,在内径 118mm 的套管内钻磨时易产生偏载
E01397,疲劳,原因,工具长期工作产生的损伤,179,"工具连接配合间隙过大 (卡爪), 工作过程中产生疲劳所致"
E01398,下打捞筒打捞,处置措施,使用打捞筒回收落鱼,179,先后 3 次下打捞筒到 3701.26m 探落鱼，加压 10~25kN 打捞
E01399,优化管柱组合,处置措施,改进工具连接配置以防故障,179,优化管柱组合，将钻压和施工压力控制在最能发挥马达和磨鞋效能的范围内
E01400,严禁猛提猛放,处置措施,操作过程中的禁止行为,179,在钻磨桥塞过程中操作手严格按标准操作，严禁猛提猛放
E01401,自封失效,现象,防喷盒自封功能失去作用,180,"12:54 上提连续油管到 4088.79 m , 自封失效，紧急关闭防喷盒防喷器"
E01402,有明显划痕,原因,断口处检查发现表面存在明显机械损伤,180,检查上半部分断口处外径 50.0~53.0mm，壁厚 3.0~4.0mm，有明显划痕
E01403,紧急关闭防喷盒防喷器,处置措施,自封失效后采取的紧急井控措施,180,"12:54 上提连续油管到 4088.79 m , 自封失效，紧急关闭防喷盒防喷器"
E01404,关闭井口,处置措施,确认断脱后关闭井口控制风险,180,14:30 经检查，连续油管断脱，关闭井口
E01405,拆注入头及防喷管,处置措施,故障处理后拆除地面设备,180,15:30 拆注入头及防喷管
E01406,管柱悬重,施工参数,上提管柱时的悬挂重量,180,12:19 上提连续油管到 4095.00 m，管柱悬重 230 kN
E01407,引鞋,设备,打捞管柱前端的导向工具,181,15 日 20:15 连接φ113mm 引鞋
E01408,未捞获,现象,打捞作业未能成功捕获落鱼,181,9:54 下入 50.8mm 连续油管底带打捞工具... 试捞，未捞获
E01409,引鞋划痕,现象,打捞工具引鞋表面出现的损伤痕迹,181,21:15 起出连续油管... 检查引鞋端变钝，内壁有划痕
E01410,落鱼未入卡瓦,原因,打捞失败的具体原因分析,181,1:00 起出连续油管，带出打捞工具，未捞获，落鱼未进入卡瓦
E01411,铅模打印,处置措施,用于确认落鱼形态的探测措施,181,10:17 下φ50.8mm 连续油管，φ114mm 铅模... 打印
E01412,连续油管质量存在问题,原因,油管本身质量缺陷导致断裂,182,分析造成连续油管断脱落井的直接原因是连续油管本身的质量存在问题
E01413,连续油管疲劳,原因,多次起下加重疲劳导致断裂,182,因井筒原因下放遇阻多次起下，加重了连续油管的疲劳
E01414,安全意识淡薄,原因,施工人员安全意识不足,182,现场施工人员的安全意识、施工质量意识淡薄
E01415,试捞,处置措施,尝试打捞落鱼的操作,182,15:11 上提下放连续油管...试捞
E01416,焊接,处置措施,对连续油管进行焊接修复,182,氩弧焊焊接 1502 由壬
E01417,捞深,指标,打捞作业的深度记录,182,捞深分别为 132.47m
E01418,防喷器,设备,井口控制压力的设备,"182,185,201,202,217,218,219,225,229,249,253,258",关防喷器卡瓦及半封闸板 | 防喷器各闸板控制阀 | 怀疑是防喷器半封卡瓦未处在全开位置 | 误将防喷器全封手柄当半封手柄操作 | 防喷器组试压
E01419,防喷盒刺漏,现象,连续油管起钻时防喷盒出现流体泄漏,183,21:47 连续油管起到 320m 防喷盒出现刺漏，水溢流高度 0.5m
E01420,防喷盒密封失效,现象,防喷盒压力调高后密封仍然失败,183,将防喷盒压力调至 21MPa 时，防喷盒密封失效
E01421,误关剪切闸板,原因,主操手错误关闭剪切闸板导致油管被切,"183,232",22:37 当关闭防喷器卡瓦时，主操手误将剪切闸板关闭 | 而是采取“关闭剪切闸板”的误操作
E01422,剪切闸板,设备,防喷器用于剪切管柱的闸板,183,主操手误将剪切闸板关闭，防喷盒内有流体刺漏
E01423,更换防喷盒胶芯,处置措施,更换损坏的防喷盒密封件,183,18 日 16:30~17:40 更换防喷盒胶芯，试压合格
E01424,反挤压井,处置措施,使用减阻水反向挤压控制井口,"183,184",19:25 减阻水 47m³ 反挤压井，停泵井口压力 17.3MPa | 减阻水 45m³反挤压井，施工压力 19.8MPa
E01425,下连续油管打捞管柱,处置措施,使用打捞工具打捞落井油管,183,24 日下连续油管打捞管柱，管柱结构：φ98mm 卡瓦打捞筒
E01426,主操手误操作,原因,人员操作失误导致事故扩大,183,主操手误将剪切闸板关闭，防喷盒内有流体刺漏
E01427,卡瓦破裂,原因,打捞筒卡瓦损坏导致打捞失败,184,检查发现卡瓦打捞筒卡瓦破裂成 2 瓣
E01428,加压 70kN,施工参数,打捞作业时施加的压力,184,加压 70kN 实探遇阻深度 3971.8m
E01429,施工压力 23.6MPa,施工参数,开泵下放时的施工压力,184,开泵下放连续油管，施工压力 23.6MPa
E01430,排量 0.40m³/min,施工参数,开泵下放时的液体排量,184,排量 0.40m³/min 加压 20kN
E01431,割断连续油管,处置措施,切割落井的连续油管,184,割刀割断连续油管，吊下注入头
E01432,捞获落鱼,工况,成功捕获井下落鱼,184,确认为连续油管本体，捞获落鱼
E01433,连续油管本体,原因,导致闸门无法关闭的原因,184,闸门未完全关闭，确认为连续油管本体
E01434,落井连续油管,材料,落入井内的连续油管段,184,带出外径 50.8mm 落井连续油管 2m
E01435,拆井口检查工具,处置措施,拆卸井口检查打捞工具,184,反复下放无法通过，拆井口，检查工具
E01436,上提解卡,处置措施,通过上提操作解除卡阻,184,遇卡，上提 3 次，解卡成功
E01437,连续油管自锁,故障类型,JY-D8HF 井发生的连续油管故障,185,3.8 JY-D8HF 并连续油管自锁
E01438,密封失效,故障类型,防喷盒磨损造成的结果,"185,216",造成密封失效 | 2 号工作防喷器密封突然失效
E01439,盲目操作,原因,造成事故发生的直接原因,185,盲目操作是造成事故发生的直接原因
E01440,夜间施工,工况,影响操作确认的环境因素,185,由于是在夜间施工
E01441,培训不足,原因,职工未进行过专业系统培训,185,职工未进行过连续油管方面专业、系统的培训
E01442,防喷盒磨损,原因,易引起密封失效,185,易引起防喷盒磨损加快
E01443,面板设计隐患,原因,控制阀间距小易误操作,185,防喷器各闸板控制阀之间间距小
E01444,加强职工培训,处置措施,提高设备操作技术水平,185,加强职工培训学习，提高设备操作技术水平
E01445,加工分段式安全销,处置措施,保证闸板操作前再确认,185,加工分段式安全销，使防喷器全封、剪切闸板与半封、卡瓦闸板分开固定
E01446,闸板,设备,防喷器组件,185,防喷器全封、剪切闸板
E01447,人工井底,施工参数,井深参数 4541.00m,185,人工井底 4541.00m
E01448,压裂段数,施工参数,全井压裂 22 段,"185,250",全井压裂 22 段 | 减少压裂段数
E01449,自锁,故障类型,连续油管在井内因摩擦等原因卡锁,"186,193",可以确定连续油管遇阻是因为自锁 | 11:51 上提下放尝试下油管解除自锁
E01450,减阻剂,材料,用于降低管柱摩擦阻力的化学剂,186,18:00 用减阻剂 20m^3 开泵循环通井到 4555.2m
E01451,马达停转,现象,井下马达停止转动,"186,187",马达测试时，发生马达停转 | 钻塞用液成酸性是造成马达停转的直接原因。
E01452,软件模拟,处置措施,施工前模拟管柱状态预判风险,186,软件模拟连续油管在井内的状态，预判自锁深度
E01453,管柱结构优化,处置措施,调整工具组合避免故障,186,对连续油管钻塞管柱结构和施工参数进行优化
E01454,干酸液污染钻塞液,故障类型,钻塞液被干酸液污染的情况,186,3.9 JY-D9HF 干酸液污染钻塞液
E01455,钻塞卡钴,故障类型,钻塞作业中发生卡钻事故,187,3.10 JY-D10HF 并钴塞卡钴
E01456,钻塞用液成酸性,原因,钻井液体呈酸性导致设备故障,187,钻塞用液成酸性是造成马达停转的直接原因。
E01457,残酸处理方式不正确,原因,未按规范处理施工后残酸,187,压裂队对本井残酸的处理方式不正确。
E01458,管理规定不完善,原因,项目部相关管理规定存在缺失,187,项目部相关管理规定不完善，对残酸的处理没有明确的规定
E01459,中和处理,处置措施,对酸性液体进行中和,187,对显酸性的液体进行中和处理。
E01460,重新配制新钻塞液,处置措施,重新准备钻井液体,187,同时重新配制新钻塞液，保证后期钻塞正常施工。
E01461,pH 值检测,处置措施,施工前检测液体酸碱度,187,后续施工在钻塞施工前，对液体进行 pH 值检测
E01462,修订完善管理规定,处置措施,更新酸液使用管理规定,187,压裂队修订完善页岩气施工酸液使用管理规定
E01463,施工压力 34.0MPa,施工参数,钻塞时的施工压力值,187,施工压力 34.0MPa
E01464,排量 0.45m³/min,施工参数,钻塞时的液体排量,187,排量 0.45m³/min
E01465,井口压力 17.2MPa,施工参数,钻塞时的井口压力值,187,井口压力 17.2MPa
E01466,钻压 2kN,施工参数,钻塞时的钻压值,187,钻压 2kN
E01467,钻塞施工,工况,钻井塞子的施工过程,187,保证后期钻塞正常施工
E01468,压裂车超压,现象,压裂车压力超过额定值,188,突然发生憋泵，压裂车超压
E01469,连续油管卡死,故障类型,连续油管无法上下活动,188,螺杆马达无法转动，连续油管管柱卡死
E01470,螺杆马达卡死,故障类型,井下马达无法旋转,188,螺杆马达依然卡死无法转动
E01471,活动连续油管,处置措施,上下活动管柱尝试解卡,"188,189",反复上下活动连续油管，尝试开泵 | 在悬重 -50~200 kN 之间活动连续油管 11 次
E01472,35.0~42.0 MPa,指标,施工压力具体数值范围,188,施工压力 35.0~42.0 MPa
E01473,0.45 m³/min,指标,排量具体数值,188,排量 0.45 m³/min
E01474,未解卡,现象,连续油管活动后仍未解除卡阻状态,189,活动连续油管 11 次，均未解卡
E01475,注氮气,处置措施,使用液氮泵车注入氮气助排或解卡,189,液氮泵车开泵注氮气，排量 60 L/min
E01476,泵注金属减阻剂,处置措施,向井内泵注金属减阻剂,189,20:50 泵注金属减阻剂 25.0 m3
E01477,投球,处置措施,向井内投放球体进行暂堵或作业,189,13:55 投球，泵送排量
E01478,液氮,材料,用于注入井下的气体材料,189,泵注液氮 7.5 m3
E01479,液氮泵车,设备,用于注入液氮的施工设备,189,11:16 液氮泵车开泵注氮气
E01480,点火未燃,现象,放喷口尝试点火但未成功燃烧,189,放喷口点火未燃
E01481,桥塞卡瓦卡住工具,原因,导致工具被卡的原因,190,分析认为可能是桥塞的卡瓦卡住钻磨工具
E01482,井筒内碎屑沉积,现象,井筒内存在碎屑堆积,190,没有将碎屑带出井筒，造成井筒内碎屑沉积
E01483,短起时间短,原因,导致碎屑沉积的操作原因,190,短起时间短，用液少，没有将碎屑带出井筒
E01484,用液少,原因,导致碎屑沉积的操作原因,190,短起时间短，用液少，没有将碎屑带出井筒
E01485,胶液循环清理,处置措施,清理碎屑和返砂的措施,190,每级桥塞钻完后应该有足够的胶液循环
E01486,工具定期更换,处置措施,保证钻磨工具质量的措施,190,使用过程中应该定期更换
E01487,放弃打捞落鱼,处置措施,打捞失败后的决策,190,根据打捞碎屑情况，放弃打捞落鱼
E01488,螺杆马达脱芯,故障类型,螺杆马达内部核心部件分离,191,发现螺杆马达脱芯，转子、轴承座及平底磨鞋落井
E01489,钻压过大,原因,施加的钻磨压力超过合理范围,"191,198",钻磨过程中施加钻压过大，造成憋泵 | 也不排除施工中钻压过大等因素而加剧工具断裂
E01490,进口排量,施工参数,泵入井内的流体流量,191,进口排量 0.30m^3/min
E01491,3288m,指标,桥塞所在的深度,191,下探到第 15 级桥塞深度 3288m
E01492,马达甩脱,故障类型,马达从连接处脱开,192,造成马达甩脱
E01493,通知开泵,处置措施,憋泵后的操作步骤,192,通知开泵
E01494,建立工具使用台账,处置措施,管理工具使用记录,192,建立工具使用、保养台账
E01495,胶液胶性变化,原因,可能导致压力降低的因素,192,外部因素导致胶液胶性发生变化
E01496,过井口困难,现象,工具组合通过井口时遇到阻碍,193,13:37 过井口困难，开泵，尝试通过井口，未果
E01497,卡瓦碎片,材料,井内遗留的金属卡瓦碎片,193,井内存在未打捞出的卡瓦碎片
E01498,更换工具组合,处置措施,调整井下工具配置以通过障碍,193,14:07 拆井口，更换工具组合（减去 1 根强磁打捞器）
E01499,提高排量,处置措施,增加泵注排量以解除遇阻,193,遇阻；上提油管，提高排量
E01500,41.5MPa,指标,套铣施工压力数值,193,施工压力 41.5MPa
E01501,0.39m³/min,指标,套铣施工排量数值,193,排量 0.39m³/min
E01502,引鞋端部卷曲磨损,现象,打捞筒引鞋端部变形磨损,194,在螺旋式卡瓦打捞筒引鞋端部出现卷曲
E01503,打捞筒未旋转,原因,下压过程中打捞筒疑似未旋转,194,下压过程中疑似打捞筒未旋转，并未套入落鱼
E01504,改变引导形状,处置措施,修改引鞋端部形状以利导入,194,改变引导形状及外径，重新制作大外径引鞋
E01505,低速螺杆马达,设备,带动打捞筒旋转的工具,"194,214",低速螺杆马达带动打捞筒抓落鱼 | 所使用的低速螺杆马达由于气侵导致内部橡胶件损坏
E01506,kick off tool,设备,井下转向或驱动工具,195,φ73mm kick off tool
E01507,下压,施工参数,油管施加的下压力,195,下压 20kN
E01508,定向强磁,设备,用于打捞磁性落物的工具,195,决定下定向强磁
E01509,低速马达,设备,建议使用的打捞驱动设备,195,低速马达 + 套铣筒进行打捞更为合适
E01510,鱼顶深度,指标,落鱼顶部的井深位置,195,下探到鱼顶深度 4425m
E01511,超压保护,指标,泵压安全保护阈值,195,超压保护 50MPa
E01512,未打捞成功,现象,打捞作业未达到预期目的,196,检查工具，未打捞成功
E01513,套铣筒端部出现深槽,故障类型,工具受损现象,196,分析套铣筒端部出现两处深槽
E01514,鱼顶变形,风险,落鱼顶部可能发生的损坏,196,该情况的出现可能导致鱼顶变形
E01515,下压重量,施工参数,下放油管施加的压力,196,下压 10kN
E01516,增加延长筒,处置措施,为将落鱼尽可能多的套入打捞筒内部,196,决定将打捞筒增加一节延长筒
E01517,组合打捞管柱,处置措施,打捞筒与套铣筒组合使用,196,下一趟管柱下打捞筒 + 套铣筒组合打捞管柱
E01518,滤罩端面磨圆,故障类型,滤罩端面及下端磨损变圆,196,验证了滤罩端面及下端磨圆
E01519,第一趟打捞筒打捞,原因,导致滤罩端面磨圆的原因,196,应该为第一趟打捞筒打捞时所致
E01520,铅模,设备,用于探测落鱼深度及形态的工具,"197,257",决定下一趟铅模，探测落鱼深度及形态 | 11 月 18 日 14:35 组下铅模
E01521,落鱼顶部变形,现象,落鱼顶部存在轻微变形的情况,"197,198",初步判断落鱼顶部存在贴紧套管壁的可能，并且存在鱼顶有轻微变形的可能 | 发现落鱼顶部出现变形，直径由原 73mm，扩大到 77mm
E01522,贴紧套管壁,原因,落鱼顶部可能贴紧套管壁导致变形,197,根据铅模边缘出现的磨损情况，初步判断落鱼顶部存在贴紧套管壁的可能
E01523,开窗打捞工具,设备,用于打捞鱼顶有轻微变形的落鱼,197,最终决定下开窗打捞工具，用以打捞鱼顶有轻微变形的落鱼
E01524,落鱼脱落,现象,打捞过程中落鱼未能被提起而脱落,197,在管柱上提过程中，落鱼脱落
E01525,摩擦力不足,原因,导致落鱼无法被提起的原因,197,存在摩擦力不足以将落鱼提起的因素
E01526,落鱼推到底部,处置措施,将落鱼推到底部后再实施打捞,197,分析后决定下卡瓦打捞筒将落鱼推到底部，然后再实施打捞作业
E01527,油管遇阻,现象,油管下放过程中遇到阻碍,197,19:00 油管下到 4380m，停泵，关返排闸门，油管遇阻
E01528,下压 90kN,施工参数,第十趟管柱探测时的下压重量,197,17:03 下探到鱼顶深度 4425m，下压 90kN，起油管
E01529,第十趟管柱,工况,第一趟铅模作业管柱,197,（10）第十趟管柱：第 1 趟铅模
E01530,第十二趟管柱,工况,第六趟螺旋卡瓦打捞作业管柱,197,（12）第十二趟管柱：第六趟螺旋卡瓦打捞
E01531,篮式打捞筒,设备,用于打捞井下落物的工具,198,φ108mm 篮式打捞筒 +φ73mm 双公变扣接头
E01532,工具疲劳断裂,故障类型,工具因交变载荷导致的断裂故障,198,承受拉力、压力、扭转力、弯曲力等交变载荷，导致工具发生疲劳断裂
E01533,交变载荷,原因,工具承受的多方向变化载荷,198,该工具在钻磨作业过程中承受拉力、压力、扭转力、弯曲力等交变载荷
E01534,施工压力 38.3MPa,施工参数,作业时的施工压力值,198,施工压力 38.3MPa，井口压力 16.2MPa
E01535,排量 0.31m³/min,施工参数,作业时的循环排量,198,0.31m³/min 排量循环，施工压力 38.3MPa
E01536,严格控制采购和检验环节,处置措施,针对工具质量的管控措施,198,对连续油管工具严格控制采购和检验环节，选择质量稳定且被认可的品牌
E01537,定期维保及检查,处置措施,作业前对工具的维护措施,198,作业前对井下工具做好定期维保及检查工作
E01538,杜绝盲目加压,处置措施,规范操作避免过大钻压,198,杜绝钻塞过程中盲目加压，野蛮操作
E01539,连续油管破裂,故障类型,连续油管在滚筒处发生破裂,199,13:30~15:55 连续油管短起到 3300m 处时发现滚筒处油管破裂
E01540,累积弯曲疲劳过度,原因,导致连续油管破裂的主要原因,199,该井钻塞所用的连续油管存在累积弯曲疲劳过度
E01541,钻塞管柱,设备,包含磨鞋、马达等工具的管柱,199,连续油管队连接钻塞管柱（管柱结构：phi108mm 平底磨鞋...
E01542,打开出口阀门,处置措施,发现破裂后的紧急处置动作,199,发现破裂后立即打开出口阀门，加强坐岗和巡检
E01543,更换连续油管队,处置措施,后续继续作业的处置措施,199,将油管起出，拆下设备，更换连续油管队继续钻完剩余桥塞
E01544,软件模拟疲劳强度,处置措施,施工前预防疲劳过度的措施,199,连续油管施工前，进行软件模拟连续油管疲劳强度
E01545,在线检测装置,设备,用于检测连续油管状态的设备,199,引进（研发）连续油管在线检测装置，制订连续油管检测制度
E01546,3300m,施工参数,发现破裂时的短起深度,199,连续油管短起到 3300m 处时发现滚筒处油管破裂
E01547,工具断裂,故障类型,井下工具串发生物理断裂,200,工具串从外卡瓦下本体断裂
E01548,施工压力突然下降,现象,施工过程中压力数值突然降低,200,施工压力突然由 32MPa 降至 28MPa
E01549,中途遇阻,现象,管柱下放过程中遇到阻碍,200,下探第 8 级桥塞时候中途遇阻
E01550,工具疲劳,原因,工具因长期使用或参数不当产生疲劳,200,造成工具疲劳，导致管柱从外卡瓦下本体断裂
E01551,钻磨参数不合理,原因,钻井或磨铣作业参数设置不当,200,钻磨参数不合理，造成工具疲劳
E01552,卡瓦打捞,处置措施,使用卡瓦打捞筒打捞井下落鱼,200,起出卡瓦打捞筒管柱，带出全部落鱼
E01553,桥塞金属碎屑,材料,桥塞损坏产生的金属碎片,200,清理强磁打捞器，捞出桥塞金属碎屑 7.8kg
E01554,连续油管剪断,故障类型,因误操作导致的连续油管断裂故障,201,误将全封和剪切操作手柄当成半封操作手柄开关活动
E01555,误操作剪切手柄,原因,主操误将全封和剪切手柄当半封操作,201,误将全封和剪切操作手柄当成半封操作手柄开关活动
E01556,连续油管悬重突降,现象,故障发生时悬重从 180kN 降至 80kN,201,连续油管悬重由 180kN 突降至 80kN
E01557,打铅印,处置措施,故障后下打印管柱探鱼顶,201,8 月 10 日 18:00~11 日 1:43 连续油管组下打印管柱
E01558,建立工具台账,处置措施,制订工具的使用、管理、检测制度,201,建立工具台账，制订工具的使用、管理、检测制度
E01559,入井前检查工具,处置措施,工具合格后方可入井,201,入井前检查工具，合格后方可入井
E01560,全井压裂 22 段,施工参数,该井完成的压裂段数,201,2015 年 8 月 16 日～10 月 5 日全井压裂 22 段
E01561,连续油管悬重,指标,监测连续油管受力状态的指标,201,连续油管悬重由 180kN 突降至 80kN
E01562,长时间钻磨无进尺,现象,钻塞作业中的异常情况,201,长时间钻磨无进尺，应及时起出检查
E01563,打捞滑脱,故障类型,打捞过程中落鱼再次掉落,202,缓慢上提悬重 100\sim 80\mathrm{kN} 均滑脱
E01564,误操作防喷器,故障类型,错误操作防喷器手柄,202,误将防喷器全封手柄当半封手柄操作
E01565,主操责任心不强,原因,操作人员责任意识缺失,202,主操责任心不强，是这起事件发生的主要原因
E01566,全封手柄未上锁,原因,安全锁扣未启用,202,全封手柄未上锁，未能实行二次操作
E01567,加强技术培训,处置措施,提升人员操作技能,202,加强连续油管操作人员的技术培训和岗位练兵活动
E01568,手柄标记红色警戒,处置措施,视觉警示防止误操作,202,手柄标记红色警戒，将防喷器全封和剪切闸板安装控制总阀
E01569,下深 728m,施工参数,工具下入井深,202,连续油管，下深到 728m
E01570,加压 30kN,施工参数,打捞加压值,202,加压 30kN 后上提
E01571,悬重 210kN,施工参数,上提悬重值,202,悬重由 105\mathrm{kN} 升至 210\mathrm{kN}
E01572,第二次打捞,工况,第二次打捞作业过程,202,第二次打捞 20:30~12 日 0:30 连续油管队组下打捞管柱
E01573,第三次打捞,工况,第三次打捞作业过程,202,第三次打捞 12 日 4:35 连续油管队更换新卡瓦打捞筒
E01574,螺杆马达转子,设备,落井的连续油管工具部件之一,203,检查：螺杆马达转子和平底磨鞋落井
E01575,施工压力 40MPa,施工参数,钻塞施工时的压力参数,203,施工压力 40MPa，排量 0.43m³/min
E01576,排量 0.43m³/min,施工参数,钻塞施工时的排量参数,203,施工压力 40MPa，排量 0.43m³/min
E01577,井口压力 14MPa,施工参数,钻塞施工时的井口压力,203,井口压力 14MPa，返排量 0.43m³/min
E01578,维护保养不到位,原因,工具维护不足,204,可能由于螺杆马达维护保养不到位
E01579,丝扣脱落,原因,连接螺纹分离,204,转子与轴承座下部连接的丝扣脱落
E01580,压力升至 37MPa,指标,压力升高至 37 兆帕,204,施工压力 25MPa 升至 37MPa
E01581,工具掉井,风险,工具落入井内的风险,204,防止工具掉井等复杂情况发生
E01582,起出管柱检查,处置措施,提起管柱进行检查,204,须及时起出管柱检查
E01583,进尺异常,现象,钻进速度不正常,204,进尺缓慢，进尺异常
E01584,油管漏点,故障类型,油管在特定深度出现泄漏点,205,3521.0m 处发现油管有漏点
E01585,连续油管质量问题,原因,连续油管本体可能存在质量问题,205,连续油管本体可能存在一定的质量问题
E01586,焊接处薄弱,原因,刺穿处为油管焊接处，是薄弱点,205,刺穿处为油管焊接处，是连续油管的薄弱点
E01587,注入头夹持块硬物,原因,注入头夹持块内硬物未清理导致油管损坏,205,注入头夹持块内有硬物没清理干净，在工作时导致油管损坏
E01588,卡瓦碎块机械损伤,原因,井内卡瓦碎块对连续油管造成机械损伤,205,井内的卡瓦碎块对连续油管造成机械损伤
E01589,更换连续油管,处置措施,起出井内管柱，更换新连续油管再作业,"205,210",起出井内管柱，更换新连续油管再作业 | 更换检测合格的连续油管后，重新进行通井洗井施工
E01590,把控油管质量,处置措施,购买连续油管时严格把控质量，需有合格证书,205,在购买连续油管时严格把控质量，必须要有出厂合格证书和检验报告
E01591,建立维护台账,处置措施,建立使用维护保养台账，作业前检查设备,205,建立使用维护保养台账，在施工作业前，仔细检查设备情况
E01592,执行钻塞规定,处置措施,严格执行钻塞管理规定，减少井下钻屑损伤,205,严格执行钻塞管理规定，减少井下钻屑对连续油管的损伤
E01593,人员培训,处置措施,加大操作人员技术培训，提高应急处置能力,205,加大对操作人员的技术培训，要有相应的应急情况处置能力
E01594,加压磨铣,施工参数,遇阻时加压进行磨铣作业,205,加压 30kN 磨铣，不憋泵
E01595,卡瓦裂缝,原因,打捞工具损坏原因,206,检查卡瓦有裂缝
E01596,更换新螺旋卡瓦,处置措施,工具损坏后的处理,206,更换新螺旋卡瓦
E01597,31.0 MPa,指标,压力数值,206,施工压力 31.0 MPa
E01598,0.35 m³/min,指标,排量数值,206,排量 0.35 m³/min
E01599,振荡器下端,其他,落鱼组成部分,206,落鱼为振荡器下端、马达及磨鞋
E01600,马达,设备,落鱼组成部分,206,落鱼为振荡器下端、马达及磨鞋
E01601,油管自锁,故障类型,连续油管下放过程中无法下推的故障,207,判断油管出现自锁，无法下推
E01602,桥塞铁屑,材料,打捞出的桥塞碎屑,207,强磁捞获桥塞铁屑 3.77kg
E01603,开泵循环,处置措施,遇阻时开泵恢复悬重,207,开泵 30s，悬重恢复
E01604,振荡器芯轴,材料,套铣捞获的部件,207,检查捞获振荡器芯轴
E01605,螺旋卡瓦打捞筒打捞,处置措施,使用螺旋卡瓦打捞筒进行打捞,207,组装打捞管柱，螺旋卡瓦打捞筒
E01606,工具损坏,故障类型,井下工具发生断裂或损坏,208,使工具在短时间内损坏断裂
E01607,调节阀,设备,振荡器上的调节部件,208,振荡器上的调节阀没有调节到合适的位置
E01608,上提油管,处置措施,将油管向上提起的操作,"208,209",立即上提油管 5m 后泵压悬重恢复正常 | 立即上提油管 5 m 后泵压悬重恢复正常
E01609,检查工具,处置措施,对井下工具串进行检查,208,上提连续油管到井口，检查工具串
E01610,捞获,工况,成功打捞落鱼的状态,208,施工压力上升 1.0MPa，判断捞获
E01611,异物堆积,原因,推断遇阻深度可能有异物堆积并卡在炮眼,209,推断遇阻深度可能有异物堆积，并有可能卡在炮眼阻碍通道
E01612,井斜大,原因,遇阻深度临近射孔段且井斜都比较大,209,遇阻深度临近射孔段且井斜都比较大，考虑到 4629 m 之后的井段井斜由 90°逐渐增大
E01613,工具选择不合理,原因,施工队伍对井筒及井况分析不够充分,209,施工队伍对井筒及井况分析不够充分，工具选择不合理
E01614,射孔段,地层,遇阻深度临近射孔段,209,最近射孔段 4530.0~4531.0 m、4552.0~4553.0 m
E01615,21.2 MPa,指标,遇阻前的施工压力值,209,施工压力由 21.2 MPa 迅速升至 38 MPa
E01616,38 MPa,指标,遇阻后的施工压力值,209,施工压力由 21.2 MPa 迅速升至 38 MPa
E01617,4576.2 m,施工参数,第一次明显遇阻的深度,209,17:35 探到 4576.2 m 遇阻
E01618,JY-D20HF 井,井,发生连续油管刺漏的井,210,JY-D20HF 井于 2015 年 12 月 15 日完井
E01619,连续油管刺漏,故障类型,连续油管表面出现裂口导致泄漏,210,巡检人员发现油管在刚盘入滚筒处刺漏
E01620,2mm×6mm 缺口,现象,刺漏处的具体尺寸,210,确认连续油管刺漏，刺漏处为 2mm×6mm 缺口
E01621,7m/min,施工参数,上提油管的速度,210,上提油管，速度 7m/min
E01622,硬状突出点刮伤,原因,油管起下过程中被刮伤,210,油管在起下过程中遇到硬状突出点刮伤
E01623,硬物进入注入头夹持块,原因,硬物导致夹持块损伤油管,210,硬物进入注入头夹持块，在起下油管时夹持块与硬物夹持所致
E01624,出厂时就有伤痕,原因,油管本体质量缺陷,210,可能油管本体在出厂时就有伤痕
E01625,注入头夹持块,设备,连续油管作业关键设备部件,210,硬物进入注入头夹持块
E01626,清理夹持块,处置措施,预防刺漏的维护措施,210,对注入头夹持块的表面清理
E01627,更换夹持块,处置措施,磨损后的处理措施,210,对磨损的夹持块及时更换
E01628,加强自检,处置措施,使用前的检测要求,210,加强对连续油管使用前的自检工作
E01629,JY-D21HF 井,井,发生数据传输异常的井,210,JY-D21HF 井于 2015 年 3 月 25 日完井
E01630,数据传输异常,故障类型,钻塞作业中的数据问题,210,JY-D21HF 并钻塞作业数据传输异常
E01631,悬重显示异常,现象,连续油管作业时指重表显示数据不符,211,时发现悬重显示异常；上提连续油管测试，上提悬重为 110kN
E01632,井口指重系统故障,故障类型,指重系统无法正确传输数据,211,分析认为油管没有断裂掉入井内，井口指重系统出了故障
E01633,数据线接头进水,原因,雨水进入数据线接头导致传输异常,211,近期雨水天气较多，外加操作人员工作经验不足，造成数据线接头进入雨水
E01634,操作人员经验不足,原因,人员缺乏应对雨水天气的经验,211,近期雨水天气较多，外加操作人员工作经验不足，造成数据线接头进入雨水
E01635,更换指重表数据线接头,处置措施,更换故障接头恢复数据传输,211,更换指重表数据线接头后数据传输正常
E01636,接口防水保护,处置措施,对数据线接口进行防水处理,211,对数据线接口等重点部位进行防水措施保护，入井前要进行测试
E01637,连续油管卡钻,故障类型,连续油管在井内发生卡阻,211,3.22 JY-D22HF 并连续油管卡钻
E01638,JY-D22HF 井,井,发生连续油管卡钻的井号,211,JY-D22HF 井于 2016 年 3 月 14 日完井，人工井底 4586.00m
E01639,连续油管钻塞管柱,设备,用于钻磨桥塞的管柱组合,211,连续油管钻塞管柱（管柱结构：φ 108mm 平底磨鞋 +φ 73mm 螺杆马达）
E01640,出口无液返出,现象,起钻时井口无液体返回,211,6:00 起钻到 3320m，坐岗人员观察返排捕屑器压力为零，确认出口无液返出
E01641,地面管汇堵塞,故障类型,地面管汇及油管头四通处被堵塞,212,因怀疑地面管汇及油管头四通处被胶皮及返排压裂砂堵塞
E01642,返排压裂砂,材料,压裂施工后返排的支撑剂,212,因怀疑地面管汇及油管头四通处被胶皮及返排压裂砂堵塞
E01643,钻磨桥塞碎屑,材料,钻磨桥塞产生的固体碎屑,212,钻磨桥塞的碎屑块较大，上返过程中造成地面管汇堵塞
E01644,下放连续油管,处置措施,通过下放管柱解除遇卡,212,缓慢下放连续油管到 3066.00 m，停泵后，出口返液正常，解卡成功
E01645,坐岗制度不落实,原因,现场监测人员未履行职责,212,坐岗制度不落实，坐岗人员责任心不强
E01646,反打压过高,原因,反向压力过大导致碎屑压实,212,反打压过高造成碎屑堆积后被压实，上提油管遇卡
E01647,出口不返液,现象,井口出口无液体返回,212,泄压后套管放喷观察出口不返液
E01648,JY-D23HF 井,井,发生螺杆马达落井故障的页岩气井,213,JY-D23HF 井于 2016 年 8 月 24 日完井，人工井底 4936.50m
E01649,螺杆马达落井,故障类型,井下工具螺杆马达掉落井底的故障,213,3.23 JY - D23HF 并螺杆马达落井
E01650,特殊井况,工况,需要特别关注的井况条件,213,对特殊井况和复杂工况的井，认真研究设计
E01651,复杂工况,工况,施工难度较大的工况条件,213,对特殊井况和复杂工况的井，认真研究设计
E01652,研究设计,处置措施,针对复杂井况的技术准备措施,213,认真研究设计，考虑好可能发生的技术困难，做好应对措施
E01653,密切注意施工参数,处置措施,施工过程中监控参数的措施,213,在施工中，操作人员密切注意各项施工参数变化情况
E01654,严格执行操作规程,处置措施,强化制度落实的要求,"213,241",强化制度落实，严格执行操作规程 | 要求现场操作人员严格执行放喷流程连接及热交换器、分离器操作规程
E01655,打捞工具,设备,用于打捞落鱼的工具,213,连续油管连接打捞工具（管柱结构：φ108mm 螺旋卡瓦打捞筒
E01656,34.3 MPa,指标,施工压力具体数值,213,施工压力 34.3 MPa
E01657,0.40 m³/min,指标,排量具体数值,213,排量 0.40 m³/min
E01658,95 kN 降至 72 kN,指标,悬重变化数值,213,悬重由 95 kN 降至 72 kN
E01659,打捞筒卡瓦,设备,打捞工具关键部件,214,打捞筒卡瓦被鱼头损坏
E01660,气侵,原因,气体侵入井筒现象,214,所使用的低速螺杆马达由于气侵导致内部橡胶件损坏
E01661,扣型不匹配,原因,工具螺纹类型不一致,214,震击器下端扣型为 PACDSI 扣，螺杆马达上端扣型为 PAC 扣...不能完全匹配
E01662,反扭矩,原因,开泵产生的反向力矩,214,过井口台阶面时开泵产生的反扭矩致使该两道扣之间松动
E01663,未捕获落鱼,故障类型,打捞作业失败,214,11:23 起连续油管到井口，拆井口，未捕获落鱼
E01664,排量 0.60m³/min,施工参数,泵注清水排量,214,14:50~16:15 以 0.60m³/min 排量从压裂八通共泵注清水
E01665,低速螺杆马达损坏,故障类型,马达内部橡胶件损坏,214,所使用的低速螺杆马达由于气侵导致内部橡胶件损坏
E01666,工作防喷器密封失效,原因,2 号工作防喷器密封突然失效,215,2 号工作防喷器密封突然失效，导致油管挂上部压力外泄
E01667,压差,原因,油管挂上下巨大压差导致故障,215,造成油管挂上下巨大压差，瞬间压力导致油管弯曲断裂
E01668,关闭防喷器,处置措施,关闭安全阀及工作防喷器控制井口,"215,224",立即关闭 1 号安全阀防喷器及 1、2 号工作防喷器 | 关闭了 2 号、3 号、4 号防喷器
E01669,手动锁死,处置措施,关闭安全防喷器后手动锁死,215,然后关闭 2 号安全防喷器并手动锁死
E01670,工作防喷器,设备,用于控制压力的防喷器组,"215,221",带压作业设备主要有提升设备、工作防喷器组 | 发现工作防喷器关不到位
E01671,安全阀防喷器,设备,用于紧急关闭的安全设备,215,关闭 1 号安全阀防喷器及 1、2 号工作防喷器
E01672,73mm 管柱,设备,下入的油管规格,215,12 月 8 日开始下入 73mm 管柱
E01673,2 号工作防喷器,设备,井口控制设备之一,216,2 号工作防喷器密封突然失效
E01674,油管挂上窜,现象,油管挂向上移动,"216,222",油管挂带动油管上窜 | 当压力从降至 4~5MPa 时，油管挂出现上窜
E01675,油管弯曲断裂,故障类型,油管发生形变并断开,216,导致油管在工作窗位置弯曲断裂
E01676,切割弯曲油管,处置措施,移除损坏油管,216,用割刀对弯曲油管进行切割
E01677,更换防喷器胶芯,处置措施,替换失效密封件,216,更换 1 号、2 号工作防喷器胶芯
E01678,更换油管挂,处置措施,替换旧油管挂,216,取出旧的油管挂，并更换油管挂
E01679,操作人员疲惫,原因,人员状态不佳,216,用时近 4h 造成操作人员疲惫
E01680,液压卡瓦太大,原因,设备尺寸不匹配,216,液压卡瓦太大，油管挂加变径也很大
E01681,胶芯刺漏,原因,密封件突发泄漏,216,工作防喷器胶芯在下油管挂时突然刺漏
E01682,胶芯更换周期,施工参数,胶芯使用长度限制,216,工作闸板防喷器胶芯每 2000m 强制更换 1 次
E01683,密封观察时间,施工参数,下挂前等待时间,216,下入油管挂前等待 30min
E01684,下油管挂,工况,井下油管悬挂器安装操作,217,下油管挂和第一根油管时操作要慢、要稳
E01685,液动旋塞阀渗漏,故障类型,防喷管线阀门出现泄漏现象,217,发现防喷管线一侧液动旋塞阀渗漏
E01686,维修液动旋塞阀并注脂,处置措施,针对阀门渗漏的修复手段,217,维修液动旋塞阀并注脂
E01687,安全监督现场值班,处置措施,施工期间安全人员在场要求,217,整个施工过程中安全监督要一直在现场值班
E01688,80kN 下压,施工参数,管柱下压力度指标,217,下压 80kN
E01689,白天施工,施工参数,油管挂下入时间要求,217,下油管挂操作时只能在白天进行
E01690,防喷器备用闸板,材料,备用井控部件,217,报计划购买 2 套 2% in 的防喷器备用闸板
E01691,高压管线密封垫,材料,耐高压低温密封件,217,购买一些高压管线密封垫，可以耐高压和低温
E01692,JY-E2HF 井,井,案例涉及的具体井号,217,JY-E2HF 井于 2014 年 1 月 14 日完井
E01693,人工井底 4317.00m,指标,井的人工底部深度,217,人工井底 4317.00m
E01694,队干部代行监督,处置措施,安全监督离开时的替代方案,217,如有特殊情况需要离开时一定要有一名有经验的队干部代行监督职责
E01695,管柱上顶,故障类型,井下管柱受压力影响向上移动,218,部分管柱从 1m 工作窗顶出，放喷口气量变大
E01696,公扣撸脱,故障类型,油管公扣螺纹脱扣受损,218,下端公扣有撸脱痕迹，公扣受损，上端断口变形严重
E01697,管柱变形,故障类型,油管发生弯曲变形,218,工作窗内发生“之”字型变形，变扣接头及悬挂器未飞出
E01698,2.1MPa,施工参数,放压过程中发生故障时的压力值,218,当压力放到 2.1MPa 时，突然听见一声撞击响声
E01699,关闭井口 1 号闸门,处置措施,紧急关闭井口闸门控制风险,218,紧急关闭液动旋塞阀，并关闭井口 1 号闸门
E01700,关闭全封/剪切闸板防喷器,处置措施,手动关闭防喷器密封井口,218,手动关闭全封/剪切闸板防喷器（关闭 1 号闸门和全封/剪切闸板防喷器期间井口无气体溢出）
E01701,启动队级应急预案,处置措施,启动应急预案进行处置,218,启动队级应急预案
E01702,悬挂器,设备,用于坐挂管柱的设备,"218,224,225",坐悬挂器 | 在第 282 根油管顶部安装悬挂器 | 试坐原悬挂器，顶紧顶丝后试提 50kN 管柱无上移
E01703,游动防顶卡瓦,设备,防止管柱上顶的卡瓦设备,218,发现管柱上顶时，迅速关闭游动防顶卡瓦后
E01704,卡瓦组,设备,用于夹持管柱的工具组,219,联系 CUDD 公司，租借到两个卡瓦组，已运到现场。
E01705,主液压系统回油管线,设备,液压系统回油管路,219,主液压系统回油管线拆下后，已完成更换丝扣，可正常使用。
E01706,试压塞,设备,用于压力测试的密封塞,219,现场监督要求放弃使用试压塞试压，改用关 1 号闸门进行试压。
E01707,支撑隔栏,设备,试压塞主密封的支撑部件,219,施工人员动手安装试压塞主密封的支撑隔栏，由于对试压塞的结构及工作原理不熟悉，将支撑隔栏装反。
E01708,顶丝,设备,固定或支撑用的螺丝,"219,222,223,233",致使顶丝受力面积减小，导致顶丝被剪断。 | 对油管头进行顶入顶丝作业 | 顶丝未顶到位，顶丝未进油管挂锥面 | 将 8 个顶丝均退到 80mm 以上
E01709,事故发生,故障类型,施工期间发生的意外事件,219,未按照《带压作业指导书》要求进行试压是导致事故发生的主要原因。
E01710,顶丝被剪断,故障类型,顶丝因受力不当断裂,219,致使顶丝受力面积减小，导致顶丝被剪断。
E01711,更换丝扣,处置措施,更换管线连接螺纹,219,主液压系统回油管线拆下后，已完成更换丝扣，可正常使用。
E01712,检测与维修,处置措施,对设备进行检查和修理,219,6 月 4 日起运到四川广汉进行防喷器的检测与维修。
E01713,未按照指导书试压,原因,未按作业指导书要求操作,219,未按照《带压作业指导书》要求进行试压是导致事故发生的主要原因。
E01714,支撑隔栏装反,原因,安装方向错误,219,将支撑隔栏装反，致使顶丝受力面积减小，导致顶丝被剪断。
E01715,违反操作规程,原因,未遵守操作规定,219,外方施工人员为加快工作进度，坚持放压，进行低压测试，违反了操作规程。
E01716,监管不力,原因,对外方人员管理不到位,219,存在对外方施工人员监管不力情况。
E01717,JY-E3HF 井,井,发生顶丝故障的具体井号,220,4.3 JY-E3HF 并油管头顶丝不能到位
E01718,顶丝不能到位,故障类型,油管头顶丝无法紧固到指定位置,220,在紧顶丝过程中，发现 4 颗顶丝不能到位
E01719,顶丝扣损坏,原因,顶丝螺纹受损导致无法紧固,220,顶丝扣损坏，且内有异物（疑为加砂压裂时造成）
E01720,内有异物,原因,顶丝槽内部存在异物阻碍,220,顶丝扣损坏，且内有异物（疑为加砂压裂时造成）
E01721,加砂压裂,工况,疑似造成异物的前期施工工序,220,内有异物（疑为加砂压裂时造成）
E01722,风险未辨识到位,原因,前期施工风险控制不足,220,前期施工过程中风险未辨识到位，致使顶丝扣损坏
E01723,更换新顶丝,处置措施,移除损坏顶丝并更换新的,220,卸掉 4 颗顶丝，并用高压水枪冲洗后，更换新顶丝
E01724,高压水枪冲洗,处置措施,清理顶丝槽异物的方法,220,卸掉 4 颗顶丝，并用高压水枪冲洗后，更换新顶丝
E01725,泄掉圈闭压力,处置措施,处理前释放顶丝槽压力,220,厂家技术人员泄掉顶丝槽的圈闭压力，卸掉 4 颗顶丝
E01726,水合物冰堵,故障类型,冬季作业因节流效应形成的冰堵故障,221,发现腔室内有大量水合物，解决了防喷器冰堵问题
E01727,甲醇,材料,用于抑制水合物的化学剂,221,往防喷器内腔注入甲醇等水合物抑制剂
E01728,蒸汽车,设备,用于喷淋加热防喷器壳体的设备,221,使用蒸汽车喷淋防喷器壳体
E01729,锅炉车,设备,用于冬季加热保温的设备,221,配备锅炉车对设备进行加热保温
E01730,冬季环境温度低,原因,导致水合物形成的环境因素,221,冬季环境温度低，且井内产水较多
E01731,井内产水较多,原因,导致水合物形成的井内条件,221,冬季环境温度低，且井内产水较多
E01732,节流效应,原因,放喷泄压形成的物理效应,221,在倒换接箍时需要放喷泄压，形成节流效应
E01733,防喷器关不到位,现象,冰堵导致的设备故障现象,221,实施上下工作防喷器补泄压流程时，发现工作防喷器关不到位
E01734,注入甲醇,处置措施,解决冰堵的化学措施,221,往防喷器内腔注入甲醇等水合物抑制剂
E01735,蒸汽车喷淋,处置措施,解决冰堵的物理加热措施,221,使用蒸汽车喷淋防喷器壳体
E01736,冬防保温措施,处置措施,预防冬季冰堵的综合措施,221,冬季带压作业施工过程中确保冬防保温措施做到位
E01737,JY-E5HF 井,井,页面提及的另一口井,221,JY-E5HF 井于 2014 年 10 月 22 日完井，人工井底 4504.36m
E01738,管柱不居中,原因,管柱在井筒内未处于中心位置,"222,224",经过分析是由于管柱不居中导致油管挂在工作下半封内腔刮蹭引起的 | 后发现管柱不居中，上下活动管柱 2 次后发现管柱还是不居中
E01739,辅助盘根受损,故障类型,密封元件出现划痕或断口,222,辅助盘根及金属密封盘根均有不同程度的受损
E01740,扶正,处置措施,调整管柱位置使其居中的操作,222,通过扶正后解决了油管挂下行刮蹭的问题
E01741,更换辅助盘根,处置措施,替换损坏的密封元件,222,15:00 更换辅助盘根及金属盘根后下行
E01742,顶丝剩余尺寸,施工参数,顶丝顶入后外部剩余的长度,222,8 颗顶丝顶入后外部剩余长度分别为 99.2mm、99.6mm 等
E01743,下压力 30kN,施工参数,坐封油管挂时施加的下压力,222,采取下压方式确保油管挂坐实，加压到 30kN
E01744,平衡井压 27MPa,施工参数,起出油管挂前平衡的压力值,222,将油管挂上部圈闭关压力平衡到井压 27MPa
E01745,油管挂,设备,用于悬挂油管并密封井口的设备,"222,223,233,234,236",11:00 进行带压下油管挂作业 | 程对油管头和油管挂进行水密封试压 | 更换同类型号规格的油管挂再次尝试 | 要提前与厂家多次确认油管挂是否匹配 | 17 日用加工好的油管挂进行通径
E01746,油管头,设备,井口装置组成部分，用于悬挂油管和密封,"223,233",程对油管头和油管挂进行水密封试压 | 油管挂无法坐入油管头
E01747,全封闸板,设备,防喷器组件，用于完全封闭井口,223,关闭全封闸板。9 日 9:00 油管挂到全封闸板圈闭压力仍为 0
E01748,水密封试压,施工参数,对设备进行水压密封性测试的作业,223,程对油管头和油管挂进行水密封试压，试压值 70 MPa
E01749,70 MPa,指标,试压作业的压力值,223,试压值 70 MPa，现场稳压 25 min，未出现压降
E01750,25 min,指标,试压作业的稳压持续时间,223,试压值 70 MPa，现场稳压 25 min，未出现压降
E01751,座封失败,故障类型,油管挂未能成功固定在预定位置,223,导致座封无法到位，出现油管挂与油管向上移动
E01752,顶丝未顶到位,原因,顶丝未进入油管挂锥面导致固定失效,223,顶丝未顶到位，顶丝未进油管挂锥面导致逐级泄压到上顶力大于下压力
E01753,油管头内部脏东西,原因,密封脂胶结压裂砂等杂质阻碍座封,223,油管头内部有较多脏东西粘附，如密封脂胶结压裂砂等，导致座封无法到位
E01754,新产品顶丝前端非锥面,原因,新设计顶丝容错率低，难以保证座封,223,新产品顶丝前端非锥面，旧批次的顶丝前端为锥尖，而新顶丝在极小的工程误差时才可座封成功
E01755,技术交底缺失,原因,厂家未提供关键结构参数导致操作失误,223,厂家技术人员不了解自家设备情况，未对关键参数进行交底
E01756,技术交底会议,处置措施,开工前要求厂家技术人员参加交底,223,开工验收前的技术交底会议，要求厂家安排技术人员参加
E01757,厂家技术人员到场,处置措施,作业期间厂家人员现场确认尺寸,223,下油管挂期间厂家技术人员到场，座封到位时，厂家与我方共同确认尺寸
E01758,JY-E6HF 井,井,发生密封圈脱落故障的井,224,JY-E6HF 井于 2014 年 9 月 13 日完井
E01759,密封圈脱落,故障类型,悬挂器金属密封圈掉落故障,224,起出悬挂器后发现金属密封圈脱落
E01760,指重表管重减轻,现象,下放管柱时重量指示异常,224,主操发现指重表管重有轻微减轻
E01761,金属密封圈,材料,悬挂器使用的密封部件,"224,225,228,229,236",起出悬挂器后发现金属密封圈脱落 | 取出损坏的金属密封圈，有半个密封圈大小，断茬较尖锐 | 悬挂器金属密封圈变形 | 悬挂器金属密封圈严重变形，导致密封圈卡在井控上半封闸板 | 发现金属密封圈损坏
E01762,环形防喷器,设备,防喷器组组成部分,224,主操打开环形防喷器，缓慢将悬挂器下入到防喷器组中
E01763,甲供料改变,风险,材料变化带来施工风险,224,当甲供料有改变或改进时，应及时向施工单位和监督通报
E01764,金属密封圈损坏,故障类型,密封圈断裂失效,225,取出损坏的金属密封圈，有半个密封圈大小，断茬较尖锐
E01765,微型摄像头,设备,井下观察工具,225,工作窗处将带有光源的微型摄像头送到 2 号工作防喷器闸板顶部
E01766,橡胶密封圈,材料,悬挂器密封部件,225,发现第一道及第三道橡胶密封圈损坏
E01767,环形防喷器胶芯未完全回位,原因,导致密封圈损坏的原因,225,环形防喷器胶芯未完全回位，当悬挂器通过环形防喷器时
E01768,冲洗油管头,处置措施,清除残留物措施,225,冲洗油管头后，下入完井管柱
E01769,更换密封件,处置措施,更换损坏部件,225,更换 1、2 号工作防喷器闸板及密封件
E01770,坐悬挂器,工况,管柱固定作业,225,坐新悬挂器，上紧顶丝并做上提测试
E01771,压力恢复,指标,密封性测试指标,225,做压力恢复观察，1.5h 后，压力升至 19MPa
E01772,管柱无上移,现象,悬挂器坐封稳固现象,225,顶紧顶丝，试提 50kN 管柱无上移
E01773,JY-E7HF 井,井,发生井口遇阻事故的井号,226,4.7 JY-E7HF 并并口遇阻
E01774,井口遇阻,故障类型,管柱在下入过程中无法通过特定深度,226,2015 年 6 月 8 日，在下入第 1 根油管时遇阻
E01775,生产流速快,原因,生产管线出口侧翼阀门生产流速过快,226,本井生产管线出口侧翼阀门生产流速快，导致管柱下到 1 号闸门位置时发生位移
E01776,管柱位移,现象,管柱下到闸门位置时发生位置偏移,226,导致管柱下到 1 号闸门位置时发生位移，无法正常通过
E01777,1 号闸门,设备,井口装置中的闸门部件,"226,227,234,235,236",提供 1 号闸门的详细技术参数，开关 1 号闸门并记录圈数 | 油管挂下到 1 号闸门阀芯位置，发现遇阻 | 当油管挂下到 1 号闸门处遇卡 | 经验证，油管挂在 1 号闸门内不密封，通过手动泄压阀泄压 | 上提过程中油管挂卡在 1 号闸门处
E01778,管柱旋转,处置措施,让管柱缓速顺时针旋转通过遇阻位置,226,打开转盘，让管柱缓速顺时针旋转，管柱在旋转状态下顺利通过
E01779,降低产量,处置措施,协调采气生产单位降低产量以减低气体流速,"226,227",与采气生产单位协调，降低产量来减低气体流速 | 带压作业期间，应降低产量
E01780,20 r/min,指标,管柱旋转的速度指标,226,旋转速度大概为 20 r/min
E01781,1.5 kN,指标,遇阻时下压尝试的力值,226,下压 1.5 kN 未通过遇阻段
E01782,21.41m,指标,遇阻发生的深度,226,遇阻深度为 21.41m
E01783,带压作业机,设备,用于起下管柱的作业设备,"226,234",测量带压作业机水平状况，发现举升机垂直方向上无偏移 | 带压作业机设备系统，必须通过居中测试验证
E01784,旧悬挂器,设备,施工前用于设备通径的工具,226,施工前用旧悬挂器进行设备通径，及时发现问题
E01785,环形防喷器胶芯,材料,使用的防喷器密封材料,226,使用进口环形防喷器胶芯
E01786,油管挂遇阻,故障类型,油管悬挂器在下入过程中无法到达预定位置的现象,227,在坐油管挂时发生遇阻情况
E01787,上提管柱,处置措施,向上提升井下管柱以解除遇阻的操作,227,缓慢加压上提管柱，施加上提力 150kN
E01788,设备水平,处置措施,安装设备时确保处于水平状态的要求,227,安装设备时确保设备水平
E01789,150kN,施工参数,解卡时施加的上提力大小,"227,257",施加上提力 150kN，悬挂器从 1 号闸门位置解卡 | 加压 150kN，复探 1 次
E01790,80kN,施工参数,遇阻后尝试下入时施加的压力,227,加压 80kN 后，悬挂器下放了 18cm
E01791,JY-E8HF 井,井,发生油管挂遇阻故障的具体井号,227,4.8 JY-E8HF 并坐油管挂遇阻
E01792,金属密封圈变形,原因,悬挂器金属密封圈发生变形导致卡阻,228,遇阻原因是由于悬挂器金属密封圈变形
E01793,卡在法兰连接处,现象,密封圈卡在闸板法兰连接处,228,卡在井控上半封闸板与下工作闸板法兰连接处
E01794,下放管柱 0.4m,处置措施,下放管柱 0.4 米以调整密封圈位置,228,下放管柱 0.4m，对井控上闸板进行开腔
E01795,开腔井控上闸板,处置措施,打开井控上闸板腔体以便活动密封圈,228,对井控上闸板进行开腔
E01796,活动密封圈,处置措施,手动活动金属密封圈以解除卡阻,228,活动悬挂器金属密封圈后，关闭防喷器腔体
E01797,上提管柱 150kN,处置措施,上提管柱施加 150kN 力以解卡,228,上提到 150kN 解卡成功
E01798,解卡成功,现象,管柱解除卡阻并起出井口,228,解卡成功，将油管悬挂器起出井口
E01799,金石悬挂器,设备,井下使用的油管悬挂器设备,228,随后对金石悬挂器进行测量
E01800,井控上闸板,设备,井控装置的上部闸板,228,对井控上闸板进行开腔
E01801,半封闸板,设备,井控装置中的半封闸板,228,卡在井控上半封闸板与下工作闸板法兰连接处
E01802,下工作闸板,设备,井控装置中的下部工作闸板,228,卡在井控上半封闸板与下工作闸板法兰连接处
E01803,防喷器腔体,设备,防喷器的内部腔体,228,关闭防喷器腔体
E01804,下放 0.4m,施工参数,管柱下放距离参数,228,下放管柱 0.4m
E01805,上提力 150kN,施工参数,解卡时上提管柱的力值,228,上提到 150kN 解卡成功
E01806,坐油管挂遇阻,故障类型,坐油管挂过程中遇到的阻碍情况,229,得出此次坐油管挂遇阻原因是坐油管挂过程中悬挂器金属密封圈严重变形
E01807,金属密封圈严重变形,原因,悬挂器金属密封圈发生严重变形,229,坐油管挂过程中悬挂器金属密封圈严重变形，导致密封圈卡在井控上半封闸板
E01808,1 号闸门未完全打开,原因,采气树 1 号闸门未处于全开状态,229,坐油管挂前采气树厂家未对 1 号闸门是否完全打开进行确认，1 号闸门未完全打开
E01809,金属密封圈直径偏大,原因,金属密封圈尺寸不合格,229,金属密封圈直径偏大或松动，导致坐油管挂过程中金属密封圈挂在法兰连接处
E01810,现场监督未严格执行规定,原因,管理及监督环节未执行规定,229,现场监督及施工单位未严格执行规定，未要求采气树厂家到场进行确认
E01811,油管挂通过防喷器作业,处置措施,开工前进行的防喷器通过性测试,229,在开工前，要进行油管挂通过防喷器作业，确保施工时油管挂顺利通过防喷器
E01812,采气树厂家人员提前到场,处置措施,要求厂家人员现场确认,229,实施坐油管挂作业前，采气树厂家人员务必提前到场，确认 1 闸门全开
E01813,JY-E9HF 井,井,发生连续油管落井事故的井号,229,4.9 JY-E9HF 并连续油管落井 4.9.1 基本情况 JY-E9HF 井于 2015 年 6 月 5 日完井
E01814,连续油管落井,故障类型,连续油管落入井内的事故,"229,232",4.9 JY-E9HF 并连续油管落井 | 连续油管落井的直接原因是连续油管主操手未按设计执行操作
E01815,连续油管滚压连接器抗拉测试,施工参数,连续油管连接器的抗拉强度测试,229,连续油管滚压连接器抗拉测试 60kN，无位移，合格
E01816,60kN,指标,抗拉测试合格指标,229,连续油管滚压连接器抗拉测试 60kN，无位移，合格
E01817,连续油管连接器及本体试压,施工参数,连续油管及连接器的压力测试,229,连续油管连接器及本体试压 45MPa，合格
E01818,45MPa,指标,试压合格压力值,229,连续油管连接器及本体试压 45MPa，合格
E01819,高压气体泄漏,现象,井内气体窜出，一号阀附近大量高压气体泄漏,230,16:35 在观测井口压力、油管压力有无压力上升期间，突然发生井内气体窜出
E01820,一号阀注脂阀损坏,原因,经检查确认一号阀注脂阀损坏导致泄漏,230,经检查一号阀注脂阀损坏
E01821,高压管线软管串漏,原因,防喷器上所接高压管线支路软管出口串漏,230,发现是由防喷器上所接高压管线支路有一软管出口在串漏
E01822,关闭旋塞阀,处置措施,关闭高压管线上旋塞阀控制泄漏,230,随后关闭高压管线上旋塞阀，泄漏得到控制
E01823,开启防喷流程,处置措施,试气队开启防喷流程进行井筒放压,230,16:40 试气队开启防喷流程进行井筒放压
E01824,连续油管打捞管柱,设备,用于打捞内置悬挂器的连续油管组合工具,230,连续油管队组装悬挂器打捞管柱
E01825,连续油管桥塞管柱,设备,用于座封桥塞的连续油管组合工具,230,连续油管队组装连续油管桥塞管柱
E01826,GS 打捞矛,设备,打捞管柱组成部分,230,φ120.6mm GS 打捞矛×0.577m
E01827,排量 0.35m³/min,施工参数,施工期间使用的液体排量,230,排量 0.35m³/min
E01828,强磁,设备,用于打捞金属碎屑,231,φ79mm 强磁×4.0m
E01829,座封,工况,桥塞坐封作业,231,连续油管下第 2 个桥塞到深度 3200m 座封
E01830,更换一号阀,处置措施,井口阀门维修措施,231,拆卸井口阀门，更换一号阀
E01831,连接强磁打捞管柱,处置措施,井下打捞作业准备,231,连接强磁打捞管柱
E01832,未按设计操作,原因,操作人员未按照施工设计执行,232,连续油管主操手未按设计执行操作
E01833,手柄设计不合理,原因,操作室各闸板操作手柄设计存在缺陷,232,操作室全封、剪切、卡瓦、半封各闸板操作手柄设计不合理
E01834,泄压软管,设备,井口临时连接的防喷管泄压软管,232,在井口临时接了一条防喷管泄压软管
E01835,未关闭泄压阀,原因,压力观察期间未关闭泄压流程旋塞阀,232,在压力观察期间，未关闭泄压流程旋塞阀
E01836,瞬时压力 18.5 MPa,施工参数,泵车起压时的瞬时压力值,232,泵车起压瞬时压力 18.5 MPa
E01837,压力降至 2.5 MPa,现象,打通生产套管通道后压力下降值,232,打通生产套管通道后出现压降，压力降至 2.5 MPa
E01838,加强技术交底和监管,处置措施,加强现场技术交底和技术监管工作,232,加强新技术新工艺的培训，加强现场技术交底和技术监管工作
E01839,手柄上锁,处置措施,剪切、全封手柄应上锁实行二步操作,232,关键操作节点应设立监护人，剪切、全封手柄应上锁
E01840,严禁使用软管,处置措施,泄压管线严禁使用软管,232,泄压管线必须接出井场，按标准联接固定，严禁使用软管
E01841,关键操作节点,工况,需要设立监护人的操作环节,232,关键操作节点应设立监护人
E01842,泄压管线,设备,用于泄压的管线,232,泄压管线必须接出井场
E01843,JY-E10HF 井,井,发生坐管挂遇阻故障的井,233,JY-E10HF 井于 2014 年 7 月 13 日完井
E01844,坐管挂遇阻,故障类型,油管挂无法坐入油管头的故障,233,10 月 3 日坐油管挂作业过程中，尝试 4 次坐油管挂未成功
E01845,油管挂无法坐入,现象,坐管挂作业时的具体故障现象,233,油管挂无法坐入油管头
E01846,油管四通,设备,井口设备组件,"233,249",冲洗油管四通 | 期间安装油管四通，安装 1、4、7 号闸门及八通
E01847,178mm,指标,油管头内径及油管挂外径原始尺寸,233,油管头的内径及油管挂外径都为 178mm
E01848,177mm,指标,加工后的油管挂外径尺寸,233,将油管挂加工到 177mm 再次尝试
E01849,12cm,指标,遇阻位置距离到位处的距离,233,经测算到位还差 12cm
E01850,尺寸匹配问题,原因,导致坐挂失败的根本原因,233,本井使用油管四通内径及油管挂外径都为 178mm，导致油管挂无法正常坐入
E01851,加工油管挂,处置措施,减小油管挂外径以解决遇阻,"233,235",将油管挂加工到 177mm 再次尝试，坐挂成功 | 决定对油管挂进行加工后再次通径测试，具体加工方法待油管挂厂家测试后决定。
E01852,检查顶丝,处置措施,排除顶丝未退出导致的遇阻,233,检查确认 8 个顶丝均退到 80mm 以上
E01853,居中测试,处置措施,排除设备不居中导致的遇阻,"233,234",对 1 号闸门以上部分设备再次进行居中测试 | 必须通过居中测试验证
E01854,井口倾斜,原因,导致上下活动余量小的原因,"234,236",上下活动余量仅为 5cm（因本井井口倾斜） | 井口倾斜比较严重，造成由于挂不能完全居中
E01855,冰堵,原因,怀疑闸门处存在冰堵情况,"234,235,241",怀疑 1 号闸门可能存在冰堵情况 | 对可能存在冰堵的 1 号闸门、剪切防喷器、2 号安全防喷器进行锅炉蒸汽加热 | 放喷管线会发生“冰堵”
E01856,加热,处置措施,连接锅炉管线进行加热解卡,234,连接锅炉管线进行加热 1 号闸门处
E01857,JY-E11HF 井,井,发生坐管挂阻卡的井,234,4.11 JY-E11HF 并坐管挂阻卡
E01858,遇阻遇卡深度,施工参数,处理事故需提供精确数据,234,遇阻遇卡深度要精确到毫米
E01859,解卡失败,故障类型,上提下放油管挂无法解除卡阻,235,上提下放油管挂解卡失败。
E01860,上提下放,处置措施,通过活动管柱尝试解卡,235,16:00 上提油管过载重量 100 m{kN}，下压 100 m{kN} 活动管柱解卡均无效。
E01861,100kN,施工参数,解卡尝试时的过载重量,235,16:00 上提油管过载重量 100 m{kN}，下压 100 m{kN} 活动管柱解卡均无效。
E01862,7MPa,施工参数,油管挂上下压差限制值,235,若油管挂不密封则加大放压量，保证上下压差不超过 7 m{MPa}。
E01863,金属密封圈脱落,原因,油管挂遇卡的故障原因之一,235,油管挂上的金属密封圈已经脱落，前后两侧磨损严重
E01864,手动开关,处置措施,液压防喷器存在时间差时的替代操作,235,因液压防喷器左右两翼液压开关存在短暂的时间差...因此采用手动开关方式
E01865,锅炉蒸汽加热,处置措施,排除冰堵隐患的措施,235,对可能存在冰堵的 1 号闸门、剪切防喷器、2 号安全防喷器进行锅炉蒸汽加热
E01866,杂物堵塞,原因,可能导致闸门遇阻的原因,235,向 1 号闸门内灌入 0.4 m{m}^3 清水冲洗，排除因杂物堵塞的可能。
E01867,清水冲洗,处置措施,排除杂物堵塞的措施,235,向 1 号闸门内灌入 0.4 m{m}^3 清水冲洗，排除因杂物堵塞的可能。
E01868,油管挂外径过大,原因,导致通径遇阻的可能原因,235,判断油管挂外径过大或 1 号闸门内径稍小，或 1 号闸门开关不全。
E01869,174mm,施工参数,加工后油管挂的目标外径,235,16 日油管挂厂家已测试完成，决定将油管挂外径缩小至 174 m{mm}
E01870,稳压失败,故障类型,打压后压力无法保持稳定,236,打压 35MPa 稳压失败
E01871,油管挂遇卡,故障类型,油管挂在下入或上提过程中被卡住,236,上提过程中油管挂卡在 1 号闸门处
E01872,平板闸门开关不到位,原因,阀门显示全开但实际未开到位,236,悬挂器在平板闸门处遇卡原因为平板闸门开关不到位
E01873,间隙太小,原因,油管挂外径与闸门内径配合间隙不足,236,油管挂外径和 1 号闸门内径之间间隙太小
E01874,金属密封圈设计不合理,原因,密封圈受力变形后外径过大造成无法取出,236,金属密封圈设计不合理，当金属密封圈受力变形后外径有可能会大于 180mm
E01875,加工特制油管挂,处置措施,由厂家重新加工特殊规格油管挂,236,决定用由油管挂厂家新加工二个特制油管挂
E01876,35 MPa,指标,试压压力值,236,油管挂试压到 35 MPa
E01877,JY-E12HF 井,井,涉及的具体井号,236,JY-E12HF 井于 2015 年 10 月 1 日完井
E01878,定压接头未打掉,故障类型,井下定压接头未能成功去除,236,JY-E12HF 并定压接头未打掉
E01879,定压接头,设备,完井管柱中的关键连接部件,"237,238,239",φ93mm 定压接头×0.20m | φ94mm 定压接头×0.2m | 定压接头为委托第三方加工的工具
E01880,破裂盘,设备,用于打压打破的工具,"237,239",φ94mm 破裂盘×0.26m | 用破裂盘代替定压接头
E01881,销钉,材料,固定堵头的剪切部件,237,销钉已剪断
E01882,堵头,设备,定压接头内的封堵部件,237,定压接头堵头向下移动约 1cm
E01883,堵头卡死,故障类型,堵头与本体之间卡死无法动作,237,堵头和本体之间卡死
E01884,销钉拧入深度不一致,原因,装配时两侧销钉深度不同,237,两侧销钉拧入深度不一致，导致堵头向一侧倾斜
E01885,销钉质量问题,原因,销钉剪切力不一致,237,销钉本身也可能存在质量问题，剪切力不一致
E01886,带压起出管柱,处置措施,钢丝作业投送座封工具起出管柱,237,钢丝作业投送座封工具，带压起出管柱
E01887,更换新的定压接头和破裂盘,处置措施,更换损坏部件重新下入,237,更换新的定压接头和破裂盘重新带压下入完井管柱
E01888,50MPa,施工参数,再次打压压力值,"237,250",缓慢开启泵车打压至 50MPa | 若技术套管压力超过 50MPa
E01889,定压接头异常,故障类型,定压接头施工中出现压力异常,238,4.13 JY-E13HF 并打定压接头异常
E01890,销钉全部断裂,原因,定压接头销钉断裂导致故障,238,24 日打定压接头时，3 个销钉全部断裂
E01891,堵芯未完全脱落,原因,堵芯未完全掉落导致密封,238,但密封圈部分密封，堵芯未完全脱落
E01892,施工压力升至 35MPa,现象,施工时压力升高,238,施工压力升至 35MPa，未出现压降
E01893,大排量打液,处置措施,利用泵车大排量向油管打液,238,25 日 8:00 泵车大排量向油管继续累计打液
E01894,油管放喷,处置措施,通过油管放喷观察压力变化,238,油管放喷 1h，累计出液 2m³
E01895,JY-E13HF 井,井,发生异常的井号,238,JY-E13HF 井于 2015 年 5 月 18 日完井
E01896,测量销钉长度,施工参数,装配前对销钉长度进行测量,238,定压接头在装配装前对两侧销钉长度进行测量
E01897,委托第三方加工,原因,定压接头加工方式,239,定压接头为委托第三方加工的工具
E01898,工艺差异,原因,导致工具不够精细的原因,239,由于工艺、技术等的差异，不够精细
E01899,不够精细,故障类型,定压接头存在的质量问题,239,由于工艺、技术等的差异，不够精细
E01900,内部检查,处置措施,工具入井前拆开进行的检查,239,还应拆开，进行内部检查，确保工具正常使用
E01901,完善管理制度,处置措施,确保工具正常使用的管理措施,239,同时完善管理制度
E01902,改进管柱结构,处置措施,针对定压接头问题的改进措施,239,改进管柱结构，用破裂盘代替定压接头
E01903,工具,设备,入井前需检查的设备,239,工具在入井前除试压合格、表面检查无损伤外
E01904,锅炉安全阀垫片损坏,原因,导致蒸汽泄漏及后续压力异常的原因,240,8:00 锅炉安全阀垫片损坏，蒸汽严重泄漏，不能进行正常供热
E01905,4mm 油嘴,施工参数,试气求产使用的油嘴尺寸,240,4mm 油嘴求产，井口压力由 25.0MPa 升至 29.1MPa
E01906,热交换器压力,施工参数,热交换器内部压力监测值,240,10:00 发现热交换器压力突然升至 10MPa
E01907,立即关井,处置措施,分离器安全阀开启后的紧急处理动作,240,分离器安全阀开启，立即关井
E01908,更换锅炉安全阀垫片,处置措施,针对锅炉安全阀损坏的修复措施,240,更换锅炉安全阀垫片，检查调试设备
E01909,压裂 19 段,施工参数,该井完成的压裂施工段数,240,2013 年 12 月 26 日~2014 年 1 月 12 日压裂 19 段
E01910,锅炉,设备,提供热源的锅炉设备,"240,241,242",8:00 锅炉安全阀垫片损坏，蒸汽严重泄漏 | 停掉锅炉，导入分离器后 | 期间运转锅炉向热交换器、油嘴保温套输送蒸汽
E01911,锅炉安全阀垫片刺漏,故障类型,锅炉安全阀垫片发生泄漏,241,锅炉安全阀垫片发生刺漏，现场组织抢修
E01912,安全阀开启,现象,安全阀自动打开释放压力,241,是造成安全阀开启的主要原因
E01913,闸门没有关严,原因,管线间闸门未完全关闭,241,放喷管线与释放管线之间的闸门没有关严
E01914,应对措施不正确,原因,故障处理方案不当,241,应对措施不正确，在锅炉不能供热的情况下不具备继续施工的条件
E01915,设备管理台账不健全,原因,设备记录和管理缺失,241,设备管理台账不健全，设备管理不到位
E01916,岗位工人操作不规范,原因,人员操作违反规定,241,岗位工人操作不规范，制度不落实
E01917,维修设备,处置措施,修理故障设备,241,应立即关井，维修设备
E01918,建立设备使用检维修台账,处置措施,完善设备管理记录,241,建立设备使用检维修台账，加强设备管理
E01919,放喷管线,设备,排放流体的管线,241,放喷管线会发生“冰堵”
E01920,锅炉不能供热,工况,锅炉无法提供热能,241,在锅炉不能供热的情况下不具备继续施工的条件
E01921,间接原因,原因,导致故障的非直接因素,241,2. 间接原因...（1）应对措施不正确
E01922,JY-F2HF 井,井,发生分离器安全泄压管线刺漏的井,242,5.2 JY-F2HF 并分离器安全泄压管线刺漏
E01923,分离器安全泄压管线刺漏,故障类型,安全阀法兰与安全泄压管线法兰连接处发生刺漏,242,11:07 安全阀法兰与安全泄压管线法兰连接处发生刺漏
E01924,水合物,原因,因保温不足形成的堵塞物,242,出口温度满足不了保温要求，形成水合物，导致流程堵塞
E01925,流程堵塞,现象,因水合物形成导致的流程不通,242,形成水合物，导致流程堵塞，分离器超压
E01926,分离器超压,现象,分离器压力超过安全设定值,242,11:07 显示分离器最高压力达到 17.58MPa，远超过分离器安全阀设定压力 14MPa
E01927,背压阀故障,原因,背压阀未正常泄压,242,背压阀压力最高达到 1200psi（8.3MPa）未正常泄压，造成分离器憋压
E01928,安全阀故障,原因,安全阀未及时开启泄压,242,背压阀与分离器安全阀同时发生故障，未正常泄压
E01929,增加三通,处置措施,在分离器进口管线前增加三通,242,5 月 30 日 11:15 于分离器进口管线前增加 1 个三通
E01930,设置分离器旁通管线,处置措施,实现流体通过热交换器不过分离器,242,设置分离器旁通管线，实现流体通过热交换器不过分离器进行放喷
E01931,孔板,设备,一体化流量计组件,"242,245",将一体化流量计孔板由 44mm 更换为 29mm | 29mm 孔板进分离器求产
E01932,分离器压力,指标,分离器内部工作压力,242,分离器压力由 6.3MPa 升至 10.9MPa
E01933,背压阀压力,指标,背压阀处监测压力,242,背压阀压力升至 7.6MPa（1100psi）
E01934,常开启,原因,造成此次事件的主要原因,243,常开启，是造成此次事件的主要原因
E01935,此次事件,故障类型,需要总结经验教训的故障事件,243,常开启，是造成此次事件的主要原因
E01936,1 号闸门泄漏,故障类型,JY-F3HF 井发生的闸门泄漏故障,243,5.3 JY-F3HF 并 1 号闸门泄漏
E01937,阀杆处漏水,现象,1 号闸门泄漏的具体表现,243,发现 1 号闸门阀杆处漏水，见图 5-2
E01938,井下遇卡,故障类型,钻除桥塞时发生的井下故障,243,10 月 2 日钻除井内第 8 级桥塞，井下遇卡
E01939,注脂枪枪筒漏气,现象,注脂过程中设备出现的异常,243,在注脂后发现注脂枪枪筒漏气
E01940,漏点处开始结冰,现象,漏气导致的低温现象,243,并且漏点处开始结冰，不能冒然将注脂枪拆卸掉
E01941,注密封脂,处置措施,针对闸门泄漏的临时处理措施,243,10 月 5 日厂家现场维护闸门，注密封脂暂时漏点变小
E01942,更换 1 号闸门,处置措施,彻底解决泄漏的更换措施,243,厂家安装完密封套，拆采气树、装 1 号闸门、装采气树
E01943,采气树试压,施工参数,验证密封性的施工操作,243,对采气树试压 50.0 MPa 时
E01944,50.0 MPa,指标,采气树试压压力值,243,对采气树试压 50.0 MPa 时
E01945,31.4 MPa,指标,排液测试后关井井口压力,243,10 月 10 日该井排液测试后关井，井口压力 31.4 MPa
E01946,15.6 MPa,指标,处理过程中关井井口压力,243,18:05 关井，井口压力 15.6 MPa
E01947,JY-F3HF 井,井,发生闸门泄漏的井号,243,5.3 JY-F3HF 并 1 号闸门泄漏
E01948,加强坐岗管理,处置措施,经验教训中提出的管理措施,243,对目前的试气流程进行优化，加强坐岗管理
E01949,加强设备保养与维护,处置措施,保障设备正常工作的措施,243,加强设备保养与维护，保障其正常工作
E01950,丢手,处置措施,井下遇卡解卡无效后的措施,243,多次活动解卡无效后丢手
E01951,1 号 A 闸门,设备,发生泄漏的井口闸门设备,244,厂家服务人员在对 1 号 A 闸门注脂
E01952,注脂枪,设备,用于闸门注脂的工具,244,注脂枪枪筒漏气，现场整改未完
E01953,8mm 油嘴,设备,用于开井排液的节流装置,244,21:05 用 8mm 油嘴开井
E01954,阀门外漏,故障类型,阀门密封失效导致的外部泄漏,244,阀杆、尾杆密封面被腐蚀导致阀门外漏
E01955,阀门内漏,故障类型,阀门内部密封不严导致的泄漏,244,密封不严，出现内漏
E01956,阀杆处密封损坏,原因,压裂施工后阀杆密封受损,244,1 号闸门在经过压裂施工后，阀杆处密封受到损坏
E01957,钢珠不复位,原因,注入阀钢珠未回到原位,244,注入阀的钢珠不复位
E01958,密封面腐蚀,原因,阀杆或尾杆密封面被腐蚀,244,阀杆、尾杆密封面被腐蚀导致阀门外漏
E01959,加工公差偏大,原因,阀板阀座加工公差超出范围,244,阀板、阀座在加工过程中，公差范围偏大
E01960,密封面污垢,原因,密封面上存在污垢影响密封,244,阀板、阀座密封面上有少许污垢，导致密封不严
E01961,产品质量问题,原因,阀门本身存在质量缺陷,244,产品质量问题，在本平台邻井同样出现 1 号闸门阀杆处泄漏
E01962,带压拆注脂枪,处置措施,在带压状态下拆除注脂设备,244,厂家进行带压拆注脂枪，在拆掉后闸门内的钢珠自动回位，泄漏点止漏
E01963,气产量数据失真,故障类型,井口测试气产量数据异常,245,5.4 JY-F4HF 并气产量数据失真
E01964,油嘴刺坏,故障类型,油嘴被流体冲蚀损坏,245,检查 12mm 油嘴，已刺坏
E01965,缺乏风险认识,原因,操作前未做好风险分析,245,对潜在风险缺乏认识，操作前没有做好风险分析
E01966,制定风险预案,处置措施,提前准备抢险装备和预案,245,没有制定风险预案准备抢险装备
E01967,更换油嘴,处置措施,更换受损的油嘴设备,245,5:35 更换为 10mm 油嘴
E01968,产气量,指标,每日产生的气体体积,"245,262",产气量（37.1~59.5）×10^4m^3/d | 产气量 29000\sim 73642\mathrm{m}^3 /\mathrm{d}
E01969,JY-F4HF 井,井,发生数据失真的具体井号,245,5.4 JY-F4HF 并气产量数据失真
E01970,耽误整改时机,风险,未能及时发现并整改问题,245,耽误了最早发现整改的时机
E01971,求产数据异常,现象,测试产量计算数据不准确,246,导致流体实际过流孔径远大于 12mm 油嘴理论孔径值，致使求产数据异常
E01972,高压冲蚀损坏,故障类型,油嘴本体被刺坏,246,瞬时高产天然气流对油嘴造成高压冲蚀损坏
E01973,天然气产量高,工况,放喷初期测试天然气产量高,246,该井放喷初期测试天然气产量高，产液量大
E01974,产液量大,工况,气液同产期间液量较大,246,该井放喷初期测试天然气产量高，产液量大
E01975,数采系统监管,处置措施,加强数据采集系统管理,246,加强数采系统监管，试气前，做好数采系统参数设置和调试工作
E01976,设计压裂 22 段,施工参数,JY-G1HF 井设计的压裂段数,247,设计压裂 22 段，排量 12~14m³/min
E01977,排量 12~14m³/min,施工参数,JY-G1HF 井设计施工排量,247,设计压裂 22 段，排量 12~14m³/min
E01978,施工限压 95MPa,施工参数,JY-G1HF 井施工压力限制,247,施工限压 95MPa
E01979,刮削器,设备,用于处理套管渗漏问题的工具,247,配合钻井队下 GX-T127 刮削器
E01980,施工压力 20.0MPa,施工参数,洗井过程中的施工压力,247,施工压力 20.0MPa，排量 0.6m³/min
E01981,排量 0.6m³/min,施工参数,洗井过程中的施工排量,247,施工压力 20.0MPa，排量 0.6m³/min
E01982,产品质量,原因,复杂情况发生的可能原因之一,247,这些复杂情况的发生，有产品质量的问题
E01983,人员操作,原因,复杂情况发生的可能原因之一,247,有人员操作的问题，有工程管理的因素等
E01984,工程管理,原因,复杂情况发生的可能原因之一,247,有人员操作的问题，有工程管理的因素等
E01985,通井规,设备,用于通井作业的工具,248,下通井管柱：φ112mm 通井规
E01986,安全接头,设备,连接在管柱中的安全装置,248,φ105mmH 型安全接头
E01987,加重钻杆,设备,用于增加钻柱重量的钻杆,248,φ73mm 加重钻杆 3 根
E01988,堵塞器,设备,用于封堵井筒的工具,248,φ130mm 堵塞器
E01989,氧化脂,材料,用于堵漏的化学材料,248,注入氧化脂 16.2L 打胶垫
E01990,环氧树脂,材料,用于堵漏的树脂材料,"248,249,250",注入 40L 环氧树脂堵漏 | 脂泵注入 30L 环氧树脂堵漏 | 通过打压挤注环氧树脂堵漏失败
E01991,试压压力,施工参数,试压时的压力值,248,全井筒试压 90MPa
E01992,压降,指标,压力测试中的压力下降值,"248,249,254,263,267",压降 20MPa | 15min 压降 0.4MPa，合格 | 6min 降至 20.0 m{MPa}，压降为 0.5 m{MPa} | 压力 50.00MPa 降至 47.80MPa，压降 2.20MPa | 30min 后压降 0.2MPa，试压合格
E01993,通井规变形,现象,通井规底部发生形变,248,通井规底部有轻微变形
E01994,套管串漏,故障类型,生产套管和技术套管之间泄漏,248,发现生产套管和技术套管串漏
E01995,清水正循环洗井,处置措施,用清水循环清洗井筒,248,清水正循环洗井
E01996,找漏,处置措施,寻找泄漏点的施工过程,248,1. 第一次找漏、堵漏
E01997,堵漏,处置措施,封堵泄漏点的施工过程,"248,249",1. 第一次找漏、堵漏 | 脂泵注入 30L 环氧树脂堵漏
E01998,更换 BT 密封,处置措施,更换油管四通的密封件,248,更换油管四通 BT 密封
E01999,套管四通,设备,井口连接设备,249,对金属密封与套管四通之间试压 90MPa
E02000,试压皮碗,设备,试压用井下工具,249,入井工具：堵头 + 试压皮碗
E02001,钻杆丝扣密封刺漏,故障类型,试压过程中发生的密封失效,249,试压过程中钻杆丝扣密封刺漏，试压不成功
E02002,试压不成功,现象,试压未达到合格标准,249,试压过程中钻杆丝扣密封刺漏，试压不成功
E02003,生产套管压力,指标,生产套管内的压力监测值,"249,262",生产套管压力由 80MPa 降至 49MPa | 生产套管压力 2.94 \sim 1.99 \mathrm{MPa}
E02004,技术套管压力,指标,技术套管内的压力监测值,"249,254,266",技术套管压力由 0 升至 46MPa | 观察技术套管压力 2.0 m{MPa} | 技术套管、井口压力同步降至 0
E02005,全井筒试压,施工参数,对整个井筒进行的压力测试,"249,254,255",10 日安装井口附件，全井筒打压 51MPa | 关闭 4 号闸门对全井筒试压 | 3 月 7 日空井筒试压，第一次试压：油压打压到 61MPa
E02006,合格,现象,试压结果符合标准,249,15min 压降 0.4MPa，合格
E02007,技术套管压力升高,现象,试压过程中技术套管压力异常上升,250,技术套管压力由 2MPa 升至 3MPa
E02008,套管头渗漏,故障类型,套管悬挂器外部及连接丝扣处发生渗漏,250,套管悬挂器外部及悬挂器与双公短节连接丝扣处渗漏
E02009,丝扣未上到位,原因,双公短节丝扣未上到位或者质量存在缺陷,250,双公短节丝扣未上到位或者质量存在缺陷
E02010,更换套管头,处置措施,堵漏失败后决定直接更换井口密封,250,决定直接更换井口密封的方式
E02011,技术套管检测管线,设备,更换套管头后安装用于监测的管线,250,决定安装技术套管检测管线
E02012,气密封试验,处置措施,钻井下套管时建议进行的试验,250,钻井下套管时，建议进行气密封试验
E02013,JY-G2HF 井,井,发生油管头上法兰渗漏的井,250,6.2 JY-G2HF 井油管头上法兰渗漏
E02014,压裂规模,施工参数,窜漏井压裂施工需降低的参数,250,降低压裂规模
E02015,BT 法兰,设备,更换套管头时安装的法兰,250,安装 35MPa 转 105MPa 的 BT 法兰
E02016,施工限压,施工参数,压裂施工允许的最高压力限制,"251,253,260,263",施工限压 90\mathrm{MPa} | 施工限压 95 MPa | 施工限压 90MPa | 施工限压 95MPa
E02017,工具串掉井,故障类型,井下工具串脱离电缆落入井底,251,初步判断工具串掉井
E02018,绞车抖动,现象,地面绞车设备出现明显震动,251,绞车抖动明显
E02019,井口渗漏,故障类型,井口连接处出现液体泄漏现象,251,油管头与 1 号闸门连接处有水渗漏
E02020,泵送压力,施工参数,泵送过程中的井口压力值,251,泵送压力 34 \sim 35 \mathrm{MPa}
E02021,整改螺栓,处置措施,紧固连接螺栓以消除渗漏,251,经整改连接螺栓后还有渗漏
E02022,泵送桥塞工具串,设备,用于泵送桥塞的井下工具组合,251,泵送桥塞工具串结构
E02023,渗漏,故障类型,井口装置因密封问题导致流体泄漏,252,油管头钢圈内进入陶粒导致密封不严发生渗漏
E02024,电缆脱离,故障类型,工具串和电缆在弱点处分离,252,致使张力急速上升，工具串和电缆在电缆弱点脱离
E02025,油管头钢圈,设备,井口密封组件，受损或污染导致泄漏,252,发现油管头上钢圈槽和 1 号闸门下钢圈槽均无损伤
E02026,井筒内有杂物,原因,固相沉积导致工具串遇阻或加速,252,井筒内有杂物。该井桥塞外径和套管间隙较小
E02027,井口震动,原因,施工过程中的震动导致部件松动,252,压裂施工过程中井口震动造成螺栓松动
E02028,螺栓松动,原因,震动导致连接件松动，异物进入,252,压裂施工过程中井口震动造成螺栓松动
E02029,排量较低,施工参数,挤酸过程中排量低，加剧酸液腐蚀影响,252,在挤酸过程中压力维持在 80MPa 以上，排量较低
E02030,清洗油管头钢圈槽,处置措施,清除异物恢复密封面,252,经厂家清洗油管头钢圈槽并检查合格后，换新钢圈
E02031,换新钢圈和 1 号闸门,处置措施,更换受损部件恢复井口装置,252,经厂家清洗油管头钢圈槽并检查合格后，换新钢圈和 1 号闸门
E02032,排量和通过性模拟计算,处置措施,针对工具串制定施工方案的预防措施,252,应针对不同长度的工具串，进行排量和通过性模拟计算
E02033,JY-G3HF 井,井,发生套管渗漏的井号,253,JY-G3HF 井 2013 年 11 月 3 日完井
E02034,组织和技术措施实施不力,原因,导致处置措施不当的管理原因,253,组织和技术措施实施不力
E02035,大排量冲洗井筒,处置措施,等候时间长时的井筒处理措施,253,要求在泵送射孔前大排量冲洗井筒
E02036,生产套管和技术套管窜漏,现象,试压发现的套管泄漏现象,253,发现生产套管和技术套管窜漏
E02037,处置措施不当,风险,因未风险分析导致的问题后果,253,造成出现问题时的处置措施不当
E02038,12~14 m³/min,指标,设计排量具体数值,253,排量 12~14 m³/min
E02039,95 MPa,指标,施工限压具体数值,253,施工限压 95 MPa
E02040,60.0 MPa,指标,防喷器试压压力值,253,对防喷器试压到 60.0 MPa
E02041,套管窜漏,故障类型,油层套管与技术套管之间存在泄漏点,254,油层套管与技术套管存在窜漏点
E02042,封隔器失效,故障类型,封隔器无法维持密封压力,"254,255",封隔器失效，起出管柱 | 上提到 1970m 验封，加油压 15MPa，4min 压力降至 9MPa，封隔器失效
E02043,封隔器胶筒局部损伤,原因,封隔器胶筒损坏导致密封失败,254,发现封隔器胶筒局部损伤
E02044,更换封隔器,处置措施,替换损坏的封隔器重新施工,"254,255",更换封隔器后重新下入找漏管柱 | 发现尾管中有大量水泥块。更换封隔器
E02045,反洗井,处置措施,通过反向循环清洗井筒,"254,255",立即大排量（0.37 m{m^3/min}）反洗井 | 3 月 4 日封隔器下到 2722.99m 处卡封，反洗井 15m³
E02046,大排量,施工参数,较高的流体注入速率,254,立即大排量（0.37 m{m^3/min}）反洗井
E02047,油压,指标,油管内的压力数值,254,逐级加压到油压 50 m{MPa}
E02048,封隔器卡点,施工参数,封隔器坐封的深度位置,"254,255",封隔器卡点：1986.49 m{m} | 第五趟管柱（封隔器卡点：2704.01m）
E02049,封隔器漏失,故障类型,封隔器密封性能失败导致压力无法维持,255,油压 40MPa 时，6min 油压降至 25MPa，封隔器存在漏失
E02050,尾管水泥块,原因,尾管内存在水泥杂物导致故障,255,起出找漏管柱，发现尾管中有大量水泥块
E02051,油压下降,现象,测试过程中油压降低,255,观察压力 30min，油压下降 5MPa，井口压力、技术套管均为 0
E02052,验套试压,工况,验证套管密封性测试,255,第一次验套试压：油压提高到 40MPa，井口压力为 0
E02053,验封,工况,验证封隔器密封性测试,255,验封：油压 40MPa 时，井口压力由 0 升至 8.2MPa
E02054,套管丝扣渗漏,故障类型,套管螺纹连接处不密封导致的泄漏,256,分析为套管丝扣渗漏
E02055,井筒压力下降,现象,试压过程中井筒内压力降低,256,井筒压力下降较慢，漏失量较少
E02056,封隔器,设备,用于卡封井筒的工具,256,卡封封隔器工作正常、密封良好
E02057,限压 60 MPa,施工参数,限制施工压力不超过 60 兆帕,256,限压 60 m{MPa} 进行分段压裂
E02058,套管螺纹洁净度,原因,套管螺纹连接时的清洁程度,256,未能保持套管螺纹洁净度
E02059,入井总液量,施工参数,压裂施工注入的液体总量,256,入井总液量 1852.3 m{m}^3
E02060,入井砂量,施工参数,压裂施工注入的支撑剂总量,256,入井砂量 81.0 m{m}^3
E02061,气密封检测,处置措施,下套管时进行的密封性测试,256,钻井下套管时，进行气密封检测
E02062,JY-G4HF 井,井,发生故障的具体井号,257,图 6-1 JY-G4HF 井入井后桥塞
E02063,落物,原因,井内存在异物导致故障,257,起出后桥塞上面的部分油漆被刮掉，初步判断井内有落物
E02064,老虎钳,原因,具体的井下落物对象,257,强磁打捞器捞获一把老虎钳
E02065,油层套管,设备,遇阻发生的井筒位置,257,遇阻位置为油层套管双公短节处
E02066,桥塞油漆刮掉,现象,桥塞表面受损迹象,257,起出后桥塞上面的部分油漆被刮掉
E02067,铅模印痕,现象,铅模表面留下的落物痕迹,257,检查铅模底部边缘处有 11mm×9mm 深 7mm 的凹槽
E02068,3293.2m,施工参数,打捞作业遇阻深度,257,到 3293.2m 遇阻
E02069,7m,施工参数,初期下桥塞遇阻深度,257,到 7m 遇阻
E02070,井口防护措施未执行,原因,工具入井时未严格执行井口防护措施,258,工具入井时未严格执行井口防护措施
E02071,井口坐岗未执行 24h 看护,原因,试气队井口坐岗未执行 24h 看护制度,258,试气队井口坐岗未执行 24h 看护制度
E02072,加强现场监管,处置措施,对整个装枪到入井过程派专人监管,258,加强现场监管，对整个装枪到入井过程派专人监管
E02073,工具登记造册,处置措施,加强对工具的管理，对所有工具登记造册,258,加强对工具的管理，对所有工具登记造册
E02074,吊车倾翻,故障类型,连续油管安装时吊车发生倾翻风险,"258,259",JY-G5HF 并连续油管安装时吊车倾翻 | 吊车吊臂开始倾倒。防喷管触地，随吊臂随即倒塌
E02075,JY-G5HF 井,井,发生吊车倾翻事件的井号,258,JY-G5HF 并连续油管安装时吊车倾翻
E02076,注入头夹紧压力,施工参数,注入头夹紧油管时的压力值,"258,259",注入头夹紧压力 3.44MPa | 注入头夹紧压力 3.44MPa（500psi）
E02077,注入头张紧压力,施工参数,注入头张紧油管时的压力值,258,张紧压力 3.44MPa
E02078,滚筒背压,施工参数,连续油管滚筒背压值,"258,259",滚筒背压 2.41MPa | 滚筒背压 2.41MPa（350psi）
E02079,注入头,设备,连续油管注入关键设备,259,所吊注入头和防喷工具串出现明显上下晃动
E02080,吊车司机状态不佳,原因,司机无法判断安全工作范围,259,吊车司机状态不佳，不能及时判断出该车的安全工作范围
E02081,速度不稳定性,原因,起下吊物速度不稳产生冲量,259,不停的起下吊物，速度的不稳定性造成连续油管产生冲量
E02082,施工准备不足,原因,未做好吊装条件检查,259,吊装施工前，施工准备不足，没有做好吊装条件检查
E02083,滚筒刹车,处置措施,事故后控制室立即刹车,259,控制室立即进行滚筒刹车
E02084,建立现场紧急隔离带,处置措施,拒绝非工作人员进入,259,建立现场紧急隔离带拒绝非工作人员进入
E02085,设备损坏,现象,注入头及防喷管等受损,259,导致注入头、滚筒车尾部照明灯、防喷管损坏
E02086,JY-G6HF 井,井,2014 年 10 月 8 日完井的压裂井,"260,261",JY-G6HF 井 2014 年 10 月 8 日完井，人工井底 4430.00m | JY-G6HF 井与正钻进的邻井空间距离较近
E02087,设计排量,施工参数,设计压裂施工时的液体排量范围,260,设计压裂 17 段，排量 12~14m³/min
E02088,挤入盐酸,材料,压裂前挤入的酸液体积,260,6:22~8:40 挤入盐酸 20m³
E02089,邻井井口溢流,现象,压裂施工时邻井出现的异常现象,260,正在施工时，正在三开钻进的邻井反映井口溢流
E02090,压裂与邻井压串,故障类型,压裂施工导致与邻井发生连通故障,260,6.6 JY-G6HF 并第 1 段压裂与邻井压串
E02091,吊车资质检查,处置措施,作业前对吊车及人员的检查措施,260,作业前检查验收吊车和司机资质，查看吊车各项部件是否正常工作
E02092,吊车作业风险,风险,吊车作业过程中可能存在的安全风险,260,吊车指挥和现场管理人员应密切关注施工现场人员工作状况，及时消除人为风险
E02093,邻井空间距离较近,原因,导致井间干扰或复杂情况的原因,261,JY-G6HF 井与正钻进的邻井空间距离较近
E02094,停止压裂施工,处置措施,遇到异常时的首要处理动作,261,立即停止压裂施工，并观察井口压力做好记录
E02095,关井监测压力,处置措施,泄压后的压力监测措施,261,放喷泄压之后，关井监测压力
E02096,放弃第 2、3 段,处置措施,最终决定的施工段次调整,261,同时与钻井队保持好联系，了解钻井情况。最后放弃第 2、3 段
E02097,JY-G7HF 井,井,发现硫化氢的页岩气井,261,JY-G7HF 井 2015 年 11 月 8 日完井，人工井底 4704.00m
E02098,排量 14~16m³/min,施工参数,设计压裂施工排量范围,261,设计压裂 21 段，排量 14~16m³/min，施工限压 90MPa
E02099,施工限压 90MPa,施工参数,设计压裂施工压力上限,261,设计压裂 21 段，排量 14~16m³/min，施工限压 90MPa
E02100,H2S,风险,放喷排液过程中发现的有毒气体,"261,262",发现气样含 H2S，化验结果 249.4mg/m³ | 现场检测仪检测 56 \sim 192 \mathrm{ppm}
E02101,立刻关井上报,处置措施,发现硫化氢后的紧急应对措施,261,发现气样含 H2S，化验结果 249.4mg/m³。立刻关井上报
E02102,邻井钻井进度,原因,压裂设计方案应考虑的风险因素,261,压裂设计方案中应考虑邻井钻井进度，给出风险提示
E02103,井漏,故障类型,钻井过程中钻井液漏失,262,该井在钻井过程中水平段有 9 次井漏
E02104,压裂液,材料,施工液体材料,262,漏失的油基泥浆或污水配制的压裂液
E02105,正压式空气呼吸器,设备,安全防护设备,"262,263",佩戴正压式空气呼吸器进行现场巡回检查 | 要求正压式空气呼吸器、H2S 检测仪等应急物资检测台账
E02106,烧碱,材料,应急处理材料,262,转上应急物资，烧碱 2t
E02107,应急处置,处置措施,应对突发事件措施,262,组织开展 H2S 泄漏的专项应急演练
E02108,放喷排液,工况,试油施工工序,262,采用 6.20 \mathrm{~mm} 油嘴放喷排液
E02109,巡检,处置措施,安全检查措施,262,对附近 500 \mathrm{m} 范围内进行巡检
E02110,JY-G8HF 井,井,发生压裂酸降异常的页岩气井,263,JY-G8HF 井 2015 年 12 月 20 日完井，人工井底 5378.03m
E02111,压裂酸降异常,故障类型,第 10 段压裂施工过程中出现的异常情况,263,6.8 JY-G8HF 并第 10 段压裂酸降异常
E02112,悬浮座封方式,处置措施,桥塞点火座封采用的工艺方式,263,16:32 采取悬浮座封方式（保持排量 0.4m^3/min，超压设置 50.0MPa）
E02113,H2S 检测仪,设备,现场应急物资之一,263,要求正压式空气呼吸器、H2S 检测仪等应急物资检测台账
E02114,慢燃火药,材料,桥塞座封使用的火药材料,264,可能由于桥塞慢燃火药燃烧过快
E02115,井口压力突降,现象,施工压力突然降低的异常现象,264,井口压力由 75.08MPa 突降至 33.73MPa
E02116,桥塞座封失效,故障类型,桥塞未能有效封隔地层,264,可能为桥塞质量问题，导致桥塞座封失效
E02117,桥塞选型不匹配,原因,选择的桥塞型号与工况不符,264,桥塞选型不匹配，卡瓦座封力不够
E02118,慢燃火药燃烧过快,原因,火药燃烧速度超过设计要求,264,可能由于桥塞慢燃火药燃烧过快
E02119,卡瓦座封力不够,原因,桥塞卡瓦提供的封隔力不足,264,造成桥塞卡瓦座封力不足，桥塞在高压差的环境下出现位移
E02120,桥塞位移,现象,桥塞位置发生移动,264,桥塞在高压差的环境下出现位移
E02121,加强桥塞产品的出厂检测,处置措施,强化桥塞生产环节的质量控制,264,查找桥塞质量问题，加强桥塞产品的出厂检测
E02122,改进桥塞慢燃火药,处置措施,优化火药性能以延长燃烧时间,264,改进桥塞慢燃火药，延长燃烧时间
E02123,更换桥塞型号,处置措施,选用更匹配的桥塞型号,264,更换桥塞型号
E02124,保证大排量和足液量,处置措施,顶替施工时的参数要求,264,压裂最后一段顶替时，要保证大排量和足液量
E02125,JY-G9HF 井,井,发生套管穿孔故障的页岩气井,265,JY-G9HF 井 2016 年 4 月 25 日完井
E02126,套管双公短节穿孔,故障类型,井套管双公短节处发生穿孔故障,265,6.9 JY-G9HF 并套管双公短节穿孔
E02127,技术套管压力瞬间升至 65.0MPa,现象,压裂施工期间技术套管压力异常升高,265,监测人员发现技术套管压力瞬间升至 65.0MPa
E02128,生产套管有漏点,原因,初步判定生产套管存在泄漏点,265,初步判定生产套管有漏点
E02129,黑墨水,材料,用于试挤检测漏点的示踪材料,265,18:32 用黑墨水试挤
E02130,出口见返出黑色液体,现象,试挤时出口返回含有黑墨水的液体,265,出口见返出黑色液体（计算地面管汇容积 2.0m³）
E02131,MAGNUM 全封式可钻桥塞,设备,用于井筒封隔的可钻式桥塞设备,266,组下φ105mm MAGNUM 全封式可钻桥塞，完成桥塞座封
E02132,20.0MPa,指标,具体的施工压力数值,266,施工压力 20.0MPa、排量 70L/min
E02133,70L/min,指标,具体的施工排量数值,266,施工压力 20.0MPa、排量 70L/min
E02134,红色示踪剂,材料,用于检测漏点的水性油墨配制材料,266,用水性油墨配制 2.0m³红色示踪剂
E02135,套管刺水,现象,套管发生泄漏导致水溢出的现象,266,发现 1 号阀上端面以下 2.61m 处套管刺水
E02136,套管双公短节本体,设备,发生泄漏的套管部件,266,判断漏点在 5% 套管双公短节本体上
E02137,穿孔,原因,导致泄漏的套管损伤形式之一,266,证实双公短节本体有穿孔及纵向裂纹
E02138,纵向裂纹,原因,导致泄漏的套管损伤形式之一,266,证实双公短节本体有穿孔及纵向裂纹
E02139,漏点,故障类型,井筒或管线发生流体泄漏的位置,266,出口见返出示踪剂停泵，推算漏点
E02140,摄像头入井视频,设备,用于井下视觉确认的设备,266,15:00 通过摄像头入井视频证实
E02141,套管短节,材料,井口连接用的套管部件,267,安装 139.7mm 套管短节，连接处进行焊接加固
E02142,裂缝,故障类型,套管短节本体存在的断裂痕迹,267,检查发现套管短节本体有一道 80mm 长的裂缝
E02143,质量问题,原因,导致套管破裂的初步判断原因,267,现场初步判断套管短节本身存在质量问题
E02144,破裂,故障类型,压裂过程中套管发生的失效现象,267,压裂过程中导致破裂
E02145,炔氧焰切割,处置措施,移除损坏套管头的维修方法,267,炔氧焰切割套管头，露出芯轴悬挂器
E02146,液压钳,设备,用于油管扣紧或卸扣的工具,267,裂缝旁边有液压钳牙损伤印迹
E02147,井口压力为 0,工况,观察期间井口无压力显示,267,10 月 15 日～11 月 14 日观察监测井口压力为 0
E02148,JY-G10HF 井,井,发生水泥塞临时封井失败的井,268,6.10 JY-G10HF 并打水泥塞临时封并失败
E02149,打水泥塞临时封井失败,故障类型,连续油管打水泥塞临时封井作业未成功,268,JY-G10HF 并打水泥塞临时封并失败
E02150,水泥浆,材料,用于打水泥塞的封堵材料,"268,269",连续油管泵注密度 1.85g/cm³ 的水泥浆 | 连续油管泵注密度 1.85g/cm³水泥浆 3.6m³
E02151,技术套管,设备,压裂施工压力监测对象之一,268,压裂施工必须做好技术套管、表层套管压力监测
E02152,表层套管,设备,压裂施工压力监测对象之一,268,压裂施工必须做好技术套管、表层套管压力监测
E02153,压力监测,处置措施,压裂施工及套管作业时的必要监控措施,268,压裂施工必须做好技术套管、表层套管压力监测
E02154,示踪剂找漏,处置措施,用于计算管线容积及验证深度的方法,268,采用示踪剂找漏尽可能计算准确地面管线和井口装置的容积
E02155,换套施工,工况,涉及套管操作的特殊施工工况,268,换套施工操作时必须安全平衡
E02156,损坏下部丝扣和套管,风险,换套施工操作不当可能导致的后果,268,避免损坏下部丝扣和套管
E02157,未探得水泥塞面,现象,水泥塞失败后连续油管遇阻未找到预期塞面,268,遇阻，未探得水泥塞面
E02158,出口返出灰色混浆,现象,水泥塞失败后井口返出的流体特征,268,出口返出灰色混浆 3m³ 后出口变成清水
E02159,水泥浆超缓凝,故障类型,水泥凝固时间异常延长,269,出现水泥浆超缓凝现象
E02160,未顶替到位,故障类型,顶替液未能将水泥浆推至设计位置,269,出现未顶替到位现象
E02161,计量误差,原因,流量计或水柜计量不准确,269,固井车在低泵速条件下计量误差较大
E02162,水泥浆持续混浆,原因,水泥浆与其它液体混合导致稀释,269,导致在后续上提顶替过程中水泥浆持续混浆
E02163,出口返出黑色混浆,现象,井口返出异常混合液体,269,期间 18:32~18:34 出口返出黑色混浆 1m³
E02164,固井车,设备,用于泵注水泥浆的车辆设备,269,固井车在低泵速条件下计量误差较大
E02165,流量计,设备,用于计量流体流量的仪器,269,流量计计量不准
E02166,关井候凝,处置措施,关闭井口等待水泥凝固,269,11 月 3 日 7:30 关井候凝
E02167,前置隔离液,材料,水泥浆前注入的隔离液体,269,连续油管泵注 2m³前置隔离液
E02168,清水顶替液,材料,用于顶替水泥浆的清水,269,连续油管泵注 8.0m³清水顶替液
E02169,连续油管内容积标定误差,故障类型,连续油管内容积标定存在误差,270,连续油管内容积标定有误差（由于使用固井车水柜计量的缘故）
E02170,固井车水柜计量,原因,使用固井车水柜计量导致误差,270,由于使用固井车水柜计量的缘故
E02171,水泥浆闪凝,风险,水泥浆出现过闪凝现象,270,避免水泥浆出现过闪凝
E02172,降低水泥浆实验温度,处置措施,根据实际井温降低实验温度,270,降低水泥浆实验温度（根据实际井温）
E02173,调整稠化时间,处置措施,调整稠化时间到设计要求,270,调整稠化时间到设计要求 220~250min
E02174,稠化时间,施工参数,水泥浆稠化时间参数,270,调整稠化时间到设计要求 220~250min
E02175,直角弯头刺漏,故障类型,钻塞通道直角弯头发生刺漏,270,直角弯头（钻塞通道）发生刺漏
E02176,安装未认真检查,原因,安装时未对弯头认真检查,270,安装时未对该弯头认真检查
E02177,井内出砂,原因,钻塞施工时井内出砂,270,钻塞施工时井内出砂
E02178,长时间打磨,原因,长时间打磨直角弯头,270,长时间打磨直角弯头，造成弯头刺漏
E02179,更换刺漏直角弯头,处置措施,更换刺漏的直角弯头,270,更换刺漏的直角弯头，恢复钻塞流程
E02180,关闭上下游闸门,处置措施,关闭刺漏直角弯头上下游闸门,270,关闭原钻塞通道刺漏直角弯头上下游闸门
E02181,JY-G11HF 井,井,发生刺漏故障的井号,270,JY-G11HF 井 2016 年 8 月 7 日完井
E02182,直角弯头,设备,管汇台油嘴下游直角弯头,270,管汇台油嘴下游φ73mm 直角弯头
E02183,加厚直角弯头,设备,特定类型的弯头设备,271,宜采用加厚直角弯头
E02184,壁厚检测,处置措施,对弯头进行的检测措施,271,定期进行壁厚检测
E02185,风险识别,处置措施,安全管理措施,271,加强风险识别
E02186,应对措施,处置措施,针对风险建立的措施,271,建立应对措施
E02187,流程设计,施工参数,作业流程的规划设计,271,优化流程设计
