id,head,relation,tail,pages,evidence,weight
T00001,故障,发生于,试气压裂作业井,1,涪陵页岩气田试气压裂作业井复杂情况与故障案例分析,1
T00002,试气压裂作业井,发生于,涪陵页岩气田,1,涪陵页岩气田试气压裂作业井复杂情况与故障案例分析,1
T00003,复杂情况与故障,相关,试气压裂作业,2,涪陵页岩气田试气压裂作业井复杂情况与故障案例分析,1
T00004,复杂情况与故障,发生于,涪陵页岩气田,2,涪陵页岩气田试气压裂作业井复杂情况与故障案例分析,1
T00005,复杂情况与故障案例,发生于,涪陵页岩气田,3,本书共收录涪陵页岩气田近几年在试气压裂过程中的复杂情况与故障案例 118 篇,1
T00006,复杂情况与故障案例,包含,压裂施工作业,3,内容涵盖了压裂施工作业、泵送桥塞－射孔联作、连续油管作业,1
T00007,复杂情况与故障案例,包含,泵送桥塞－射孔联作,3,内容涵盖了压裂施工作业、泵送桥塞－射孔联作、连续油管作业,1
T00008,复杂情况与故障案例,包含,连续油管作业,3,内容涵盖了压裂施工作业、泵送桥塞－射孔联作、连续油管作业,1
T00009,复杂情况与故障案例,包含,带压作业,3,连续油管作业、带压作业（包括速度管柱完井作业）、试气测试作业,1
T00010,复杂情况与故障案例,包含,试气测试作业,3,带压作业（包括速度管柱完井作业）、试气测试作业等的复杂情况与故障,1
T00011,复杂情况,相关,故障,3,本书共收录涪陵页岩气田近几年在试气压裂过程中的复杂情况与故障案例 118 篇,1
T00012,复杂情况与故障,发生于,压裂施工作业,6,试气压裂作业过程中发生的复杂情况与故障,1
T00013,复杂情况与故障,相关,新技术,6,面对页岩气井分段压裂新技术...总结前期试气压裂作业过程中发生的复杂情况,1
T00014,涪陵页岩气田,包含,压裂施工作业,6,涪陵页岩气田...页岩气井分段压裂新技术,1
T00015,压裂施工作业,同义,试气压裂作业,6,试气压裂作业过程中发生的复杂情况与故障,1
T00016,JY-A1HF 井,表现为,砂堵,8,1.1 JY-A1HF 井第 9 段砂堵 (1),1
T00017,JY-A2HF 井,表现为,砂堵,8,1.2 JY-A2HF 井第 10 段砂堵 (3）,1
T00018,JY-A3HF 井,表现为,砂堵,8,1.3 JY-A3HF 井第 6 段砂堵 (4）,1
T00019,JY-A4HF 井,表现为,砂堵,8,1.4 JY-A4HF 井第 1 段砂堵,1
T00020,JY-A5HF 井,表现为,砂堵,8,1.5 JY-A5HF 井第 1 段砂堵,1
T00021,JY-A6HF 井,表现为,砂堵,8,1.6 JY-A6HF 井第 5 段砂堵 (9）,1
T00022,JY-A7HF 井,表现为,砂堵,8,1.7 JY-A7HF 井第 7 段砂堵 (12）,1
T00023,JY-A8HF 井,表现为,砂堵,8,1.8 JY-A8HF 井第 1 段砂堵 (14),1
T00024,JY-A9HF 井,表现为,砂堵,8,1.9 JY-A9HF 井第 2 段砂堵 (16),1
T00025,JY-A10HF 井,表现为,砂堵,8,1.10 JY-A10HF 井第 4 段砂堵 (19),1
T00026,JY-A11HF 井,表现为,砂堵,8,1.11 JY-A11HF 井第 1、10 段砂堵 (21),1
T00027,JY-A12HF 井,表现为,砂堵,8,1.12 JY-A12HF 井第 13 段砂堵 (26),1
T00028,JY-A13HF 井,表现为,砂堵,8,1.13 JY-A13HF 井第 1 段砂堵 (27),1
T00029,JY-A14HF 井,表现为,砂堵,8,1.14 JY-A14HF 井第 1 段砂堵 (29),1
T00030,JY-A15HF 井,表现为,砂堵,8,1.15 JY-A15HF 井第 5 段砂堵 (31),1
T00031,JY-A16HF 井,表现为,砂堵,8,1.16 JY-A16HF 井第 8 段砂堵 (33),1
T00032,JY-A17HF 井,表现为,砂堵,8,1.17 JY-A17HF 井第 16 段砂堵 (35),1
T00033,JY-A18HF 井,表现为,砂堵,8,1.18 JY-A18HF 井第 2 段砂堵 (37),1
T00034,JY-A19HF 井,表现为,砂堵,8,1.19 JY-A19HF 井第 1 段砂堵 (43),1
T00035,JY-A20HF 井,表现为,砂堵,8,1.20 JY-A20HF 井第 1 段砂堵 (48),1
T00036,JY-A21HF 井,表现为,砂堵,8,1.21 JY-A21HF 井第 11 段砂堵 (50),1
T00037,JY-A22HF 井,表现为,砂堵,8,1.22 JY-A22HF 井第 2 段砂堵 (52),1
T00038,压裂施工作业复杂情况与故障,包含,砂堵,8,第 1 章 压裂施工作业复杂情况与故障,1
T00039,JY-A23HF 井,表现为,砂堵,9,1.23 JY-A23HF 井第 11 段砂堵 (54),1
T00040,砂堵,发生于,第 11 段,9,1.23 JY-A23HF 井第 11 段砂堵 (54),1
T00041,JY-A24HF 井,表现为,砂堵,9,1.24 JY-A24HF 井第 2、12 段砂堵 (56),1
T00042,砂堵,发生于,第 2、12 段,9,1.24 JY-A24HF 井第 2、12 段砂堵 (56),1
T00043,JY-A25HF 井,表现为,砂堵,9,1.25 JY-A25HF 井第 4 段砂堵 (60),1
T00044,JY-A26HF 井,表现为,砂堵,9,1.26 JY-A26HF 井第 10 段砂堵 (61),1
T00045,JY-A27HF 井,表现为,砂堵,9,1.27 JY-A27HF 井第 15 段砂堵 (63),1
T00046,误操作,导致,剪断电缆,9,2.1 JY-C1HF 井泵送桥塞 - 射孔误操作剪断电缆 (74),1
T00047,套管异常,导致,遇卡,9,2.17 JY-C17HF 井套管异常致泵送射孔遇卡 (124),1
T00048,井眼轨迹上翘,导致,工具串落井,9,2.14 JY-C14HF 井井眼轨迹上翘致泵送工具落井 (117),1
T00049,法兰螺杆,表现为,断裂,9,1.30 JY-B3HF 井第 6 段压裂施工中法兰螺杆断裂 (68),1
T00050,高压弯头,表现为,爆裂,9,1.31 JY-B4HF 井第 10 段压裂施工中高压弯头爆裂 (69),1
T00051,泵送工具串,表现为,落井,9,2.7 JY-C7HF 井第 8 段泵送工具串落井 (96),1
T00052,JY-C19HF 井,表现为,阻流管砂卡,10,2.19 JY-C19HF 井阻流管砂卡 (128),1
T00053,JY-C20HF 井,表现为,工具串落井,10,2.20 JY-C20HF 井泵送工具串落井 (129),1
T00054,JY-C21HF 井,表现为,工具串落井,10,2.21 JY-C21HF 井第 2 段泵送工具串落井 (131),1
T00055,JY-C22HF 井,表现为,阻流管砂卡,10,2.22 JY-C22HF 井第 11、20 段泵送桥塞 - 射孔砂卡 (132),1
T00056,JY-C23HF 井,表现为,工具串落井,10,2.23 JY-C23HF 井泵送工具串落井 (133),1
T00057,JY-C24HF 井,表现为,射孔遇卡,10,2.24 JY-C24HF 井第 4 段泵送桥塞 - 射孔遇卡 (135),1
T00058,JY-C25HF 井,表现为,工具串落井,10,2.25 JY-C25HF 井泵送工具串落井 (136),1
T00059,JY-C26HF 井,表现为,射孔遇卡,10,2.26 JY-C26HF 井第 2 段泵送桥塞 - 射孔遇卡 (138),1
T00060,JY-C27HF 井,表现为,电缆射断,10,2.27 JY-C27HF 井泵送电缆射断 (142),1
T00061,JY-C28HF 井,表现为,误射孔,10,2.28 JY-C28HF 井第 17 段误射孔 (143),1
T00062,JY-C29HF 井,表现为,电缆射断,10,2.29 JY-C29HF 井第 10 段射断电缆 (145),1
T00063,JY-C30HF 井,表现为,射孔遇卡,10,2.30 JY-C30HF 井套管异常致泵送射孔遇卡 (147),1
T00064,JY-C31HF 井,表现为,阻流管砂卡,10,2.31 JY-C31HF 井第 17 段阻流管砂卡 (151),1
T00065,JY-C32HF 井,表现为,泄压失控,10,2.32 JY-C32HF 井第 4 段泵送桥塞 - 射孔泄压失控 (153),1
T00066,JY-C33HF 井,表现为,电缆射断,10,2.33 JY-C33HF 井电缆熔断 (154),1
T00067,JY-D1HF 井,表现为,工具串落井,10,3.1 JY-D1HF 井连续油管射孔工具串落井 (158),1
T00068,JY-D2HF 井,表现为,连续油管挤毁,10,3.2 JY-D2HF 井连续油管挤毁 (160),1
T00069,JY-D3HF 井,表现为,射孔遇卡,10,3.3 JY-D3HF 井未钻遇第 1 级桥塞 (161),1
T00070,JY-D4HF 井,表现为,射孔遇卡,10,3.4 JY-D4HF 井连续油管起钻 (造斜段) 遇卡 (163),1
T00071,JY-D5HF 井,表现为,工具串落井,10,3.5 JY-D5HF 井连续油管钻磨工具串落井 (164),1
T00072,JY-D6HF 井,表现为,连续油管断脱,10,3.6 JY-D6HF 井连续油管断脱 (167),1
T00073,JY-D7HF 井,表现为,连续油管断脱,10,3.7 JY-D7HF 井连续油管断脱 (170),1
T00074,JY-D8HF 井,表现为,连续油管自锁,10,3.8 JY-D8HF 井连续油管自锁 (172),1
T00075,JY-D9HF 井,表现为,酸液污染钻塞液,10,3.9 JY-D9HF 井酸液污染钻塞液 (173),1
T00076,JY-D10HF 井,表现为,钻塞卡钻,10,3.10 JY-D10HF 井钻塞卡钻 (174),1
T00077,JY-D11HF 井,表现为,连续油管断脱,10,3.11 JY-D11HF 井连续油管工具断脱 (177),1
T00078,JY-D12HF 井,表现为,振荡器断裂,10,3.12 JY-D12HF 井振荡器断裂 (179),1
T00079,JY-D13HF 井,表现为,连续油管破裂,10,3.13 JY-D13HF 井连续油管破裂 (186),1
T00080,JY-D14HF 井,表现为,工具串落井,10,3.14 JY-D14HF 井连续油管钻塞工具串落井 (186),1
T00081,JY-D15HF 井,表现为,连续油管破裂,10,3.15 JY-D15HF 井误操作剪断连续油管 (188),1
T00082,连续油管,发生于,连续油管挤毁,10,3.2 JY-D2HF 井连续油管挤毁 (160),1
T00083,电缆,发生于,电缆射断,10,2.27 JY-C27HF 井泵送电缆射断 (142),1
T00084,桥塞,发生于,射孔遇卡,10,2.24 JY-C24HF 井第 4 段泵送桥塞 - 射孔遇卡 (135),1
T00085,JY-D16HF 井,表现为,连续油管工具串落井,11,3.16 JY-D16HF 井连续油管工具串落井 (190),1
T00086,连续油管工具串落井,包含,连续油管,11,3.16 JY-D16HF 井连续油管工具串落井 (190),1
T00087,JY-D17HF 井,表现为,连续油管穿孔,11,3.17 JY-D17HF 井连续油管穿孔 (191),1
T00088,连续油管穿孔,包含,连续油管,11,3.17 JY-D17HF 井连续油管穿孔 (191),1
T00089,JY-D18HF 井,表现为,振荡器断裂,11,3.18 JY-D18HF 井振荡器断裂 (192),1
T00090,振荡器断裂,包含,振荡器,11,3.18 JY-D18HF 井振荡器断裂 (192),1
T00091,JY-D19HF 井,表现为,钻塞遇阻,11,3.19 JY-D19HF 井钻塞遇阻 (195),1
T00092,JY-E1HF 井,表现为,油管憋弯,11,4.1 JY-E1HF 井油管憋弯 (202),1
T00093,油管憋弯,包含,油管,11,4.1 JY-E1HF 井油管憋弯 (202),1
T00094,JY-E4HF 井,表现为,井口水合物冰堵,11,4.4 JY-E4HF 井井口水合物冰堵 (208),1
T00095,JY-F1HF 井,表现为,分离器安全阀开启,11,5.1 JY-F1HF 井分离器安全阀开启 (227),1
T00096,分离器安全阀开启,包含,分离器,11,5.1 JY-F1HF 井分离器安全阀开启 (227),1
T00097,JY-G1HF 井,表现为,套管渗漏,"11,247",6.1 JY-G1HF 井套管渗漏 (234) | 6.1 JY-G1HF 并套管渗漏,2
T00098,套管渗漏,包含,套管,11,6.1 JY-G1HF 井套管渗漏 (234),1
T00099,砂比,导致,砂堵,"14,21,68,69",砂比 15% 中砂时，压力快速升至 93MPa，超压停泵，发生砂堵 | 砂比 16% 的中砂进入裂缝后形成突然性砂堵 | 当第五个中砂段塞砂比（6% +7%）进入地层后，施工压力急速上升 | 当砂比增加超过临界砂比后，施工压力大幅上升和波动,4
T00100,高压应力集聚,导致,弯头刺漏,14,集聚的高压应力得不到有效释放，最终导致弯头刺漏,1
T00101,高压应力集聚,导致,法兰螺杆断裂,14,集聚的高压应力得不到有效释放，最终导致...法兰螺杆断裂,1
T00102,砂堵,发生于,JY-A1HF 井,14,1.1 JY-A1HF 并第 9 段砂堵,1
T00103,施工压力,影响,压裂施工进度,14,造成压裂中途停泵整改，影响了压裂施工进度和施工效果,1
T00104,砂堵,表现为,施工压力急剧上升,15,形成渐进性砂堵，导致施工压力急剧上升至 93MPa,1
T00105,砂比,导致,渐进性砂堵,15,当 15% 砂比进入地层后，中砂进一步堆积，形成渐进性砂堵,1
T00106,裂缝延伸受限,导致,砂桥,15,由于裂缝延伸受限，逐渐在裂缝中形成砂桥,1
T00107,放喷解堵,处置措施,砂堵,"15,21",砂堵停泵后...现场讨论决定放喷解堵 | 后采取放喷解堵方式,2
T00108,盐酸,影响,压力下降,15,尝试挤入盐酸 10m^3，酸进地层后压力由 69MPa 下降至 49MPa,1
T00109,③号小层,包含,地层层理缝,15,本段穿行于③号小层，地层层理缝较发育,1
T00110,近井地带微裂缝发育,导致,液体滤失过大,16,近井地带微裂缝发育，导致液体滤失过大,1
T00111,液体滤失过大,导致,液体效率偏低,16,导致液体滤失过大，液体效率偏低,1
T00112,液体效率偏低,导致,隔离液量不足,16,液体效率偏低，因此 40 m³隔离液量未能满足均匀铺砂条件,1
T00113,施工压力上升,处置措施,控制砂比,16,遇到这种情况...应实时控制砂比,1
T00114,放喷,影响,解除桥堵,16,采取放喷方式...解除桥堵，实现解堵,1
T00115,地面压裂设备发生故障,导致,支撑剂沉降,16,地面压裂设备发生故障...导致支撑剂沉降在井筒内,1
T00116,支撑剂沉降,导致,砂堵,16,支撑剂沉降在井筒内，堵塞炮眼处...发生砂堵,1
T00117,JY-A2HF 井,发生于,砂堵,16,JY-A2HF 井第 10 段砂堵,1
T00118,砂堵,原因是,压裂设备故障,17,本井发生砂堵的主要原因是由于压裂设备故障,1
T00119,压裂设备故障,导致,停泵,17,由于压裂设备故障导致停泵、沉砂,1
T00120,压裂设备故障,导致,沉砂,17,由于压裂设备故障导致停泵、沉砂,1
T00121,砂堵,处置措施,设备维护保养,17,必须做好压裂设备的维护保养和检修工作,1
T00122,砂堵,处置措施,放喷解堵,"17,18,20,25,28,40,43,44,50,57,63,171",反映出放喷解堵的方式对此类砂堵井适应性较好 | 现场讨论后决定放喷解堵 | 采取了放喷解堵、酸化解堵、小排量顶替解堵 3 种手段 | 现场讨论后决定放喷解堵。采用 20mm 油嘴控制放喷 | 砂堵停泵后，采用开井方式进行放喷解堵,12
T00123,JY-A3HF 井,包含,第 6 段,17,1.3 JY-A3HF 并第 6 段砂堵,1
T00124,粉砂阶段,表现为,施工压力波动明显,17,粉砂阶段施工压力波动明显,1
T00125,施工压力波动明显,相关,多裂缝破裂,17,反映出多裂缝破裂特征,1
T00126,中砂阶段,表现为,压力相对平稳,17,中砂阶段，压力相对平稳,1
T00127,13% 砂比,导致,砂堵,18,当 13% 的砂比加砂进入地层后，由于裂缝宽度不够，导致形成突然性砂堵,1
T00128,层理缝发育,导致,压裂液滤失大,18,本段穿行于①号、②号小层，层理缝发育，压裂液滤失大,1
T00129,压裂液滤失大,导致,裂缝宽度窄,18,压裂液滤失大，造缝效率低，裂缝宽度窄,1
T00130,裂缝宽度窄,导致,砂堵,18,由于裂缝宽度不够，导致形成突然性砂堵,1
T00131,砂堵,表现为,超压停泵,"18,19,50",导致超压停泵，发生砂堵 | 超压停泵，出现砂堵现象。 | 施工压力 73MPa 升至 95MPa，超压停泵,3
T00132,放喷液量 25m3,影响,解堵成功,18,累计放喷液量 25m3 后再次试挤，解堵成功,1
T00133,直接试挤,表现为,弹簧状变化,18,采取直接试挤减阻水、胶液、酸液进行解堵，施工压力曲线为“弹簧状”变化,1
T00134,酸液,处置措施,砂堵,18,后挤入 10m3 酸液，压力仍无明显下降,1
T00135,减阻水,处置措施,砂堵,18,累计试挤 100m3 减阻水，施工压力稳定,1
T00136,砂堵,处置措施,放喷,"19,42,48,61,64,65,68,71,74,76",砂堵停泵后，首先采用了 3 次放喷 | 若一旦发生砂堵，应采取放喷、试挤的方式进行解堵 | 发生砂堵停泵后，采取放喷、试挤的方式解堵 | 处理过程主要是放喷、试挤 | 而在出现砂堵后，采用放喷的方法,10
T00137,砂堵,处置措施,低排量试挤减阻水,19,采用了 3 次放喷和低排量试挤减阻水,1
T00138,泵车旋塞阀,表现为,刺漏,19,泵车旋塞阀刺漏，停泵整改。,1
T00139,刺漏,处置措施,停泵整改,19,泵车旋塞阀刺漏，停泵整改。,1
T00140,粉陶段塞,影响,压力,19,加入砂比 3% 粉陶段塞，压力 74MPa 升至 82MPa 再至 92MPa,1
T00141,排量,影响,压力,19,排量升至 11m³/min，压力升至 84MPa,1
T00142,第 1 段,相关,⑤号小层,19,第 1 段穿行于⑤号小层,1
T00143,施工压力高,导致,砂堵,20,由于施工压力高，与限压差值小，导致砂堵,1
T00144,施工压力高,导致,近井地带砂堵,20,由于施工压力高，与限压差值小，导致砂堵...导致近井地带发生砂堵,1
T00145,砂堵,处置措施,酸化解堵,20,采取了放喷解堵、酸化解堵、小排量顶替解堵 3 种手段,1
T00146,砂堵,处置措施,小排量顶替解堵,20,采取了放喷解堵、酸化解堵、小排量顶替解堵 3 种手段,1
T00147,管线刺漏,发生于,升排量过程中,20,升排量过程中出现管线刺漏，停泵整改,1
T00148,粉陶段塞,导致,压力升高,20,粉陶段塞进入地层后，压力升高 3MPa,1
T00149,层理缝,影响,裂缝扩展形态复杂,20,为层理缝、高角度裂缝发育段，裂缝扩展形态复杂,1
T00150,缝宽窄,导致,对砂比敏感性较强,20,缝宽窄，对砂比敏感性较强,1
T00151,切换胶液,导致,泵压异常,20,切换胶液后，施工压力开始快速上升，由 50MPa 升至 95MPa,1
T00152,砂堵,导致,停泵,"21,35,37",压停泵，发生砂堵 | 压力骤升至限压 90 MPa，砂堵停泵 | 压力骤升至限压（90MPa），砂堵停泵,3
T00153,转换胶液,原因是,砂堵,21,当转换胶液后，砂比 16% 的中砂进入裂缝后形成突然性砂堵,1
T00154,胶液,导致,摩阻压力,21,胶液摩阻较高，增加摩阻压力 6~8MPa,1
T00155,缝宽,影响,施工压力,21,由于缝宽较窄，前期砂比中砂进入地层后，压力已呈现上升趋势,1
T00156,中砂,发生于,裂缝缝口,21,在裂缝缝口产生堆积、堵塞,1
T00157,关井反应,处置措施,砂堵,21,砂堵停泵后，先采用关井反应,1
T00158,连续油管冲砂,处置措施,砂堵,"21,62,66",采用连续油管冲砂解堵 | 连续油管冲砂解堵施工 | 决定采用连续油管冲砂试挤解堵...解堵成功,3
T00159,连续油管射孔,处置措施,砂堵,21,仍未完全解堵...决定采用连续油管射孔方式,1
T00160,高砂比,导致,砂堵,22,使用高砂比转胶液时，压力出现大幅上升，造成砂堵,1
T00161,转换液性,处置措施,隔离液,22,若需要转换液性施工，应将顶替足够的隔离液后再转换液性,1
T00162,油泥,影响,压裂施工,22,减少压裂过程中“油泥”对地层的伤害及对压裂施工的影响,1
T00163,胶液,导致,压力大幅上升,22,胶液进入井筒后压力快速由 49.2MPa 升至 70.1MPa,1
T00164,压力快速上升,处置措施,降排量,22,为防止超压，降排量至 12m³/min，有效控制了压力升高趋势,1
T00165,JY-A6HF 井,发生于,第 5 段,22,1.6 JY-A6HF 并第 5 段砂堵,1
T00166,第 1 段压裂施工,处置措施,井筒清洁,22,在各井第 1 段压裂施工时，应以清洁钻井井筒污染为主要目的,1
T00167,砂堵,导致,超压停泵,"23,65,70",砂堵后二次试挤曲线见图 1-7，直到超压停泵 | 施工压力由 77MPa 升至 95MPa，超压停泵，发生砂堵 | 压力陡升至 96.69MPa，超压停泵，发生砂堵,3
T00168,地层堵塞严重,处置措施,连续油管冲砂,23,现场分析认为地层堵塞严重，下步采取连续油管冲砂,1
T00169,施工压力过高,导致,停泵,23,施工压力过高，停泵,1
T00170,连续油管,包含,平底磨鞋,"23,153,180,213",下连续油管，底带冲砂管柱（管柱结构：\phi 110\mathrm{mm} 平底磨鞋 | 管柱结构：φ108mm 平底磨鞋 | 连续油管底带 112mm 平底磨鞋开始进行钻磨桥塞 | 管柱结构：φ108mm 平底磨鞋 + φ73mm 螺杆马达,4
T00171,胶液进地层,导致,施工压力过高,23,胶液进地层后压力由 52.3MPa 升至 70.1MPa，压力变化超出正常摩阻,1
T00172,砂堵,发生于,二次试挤,24,图 1-7 砂堵后二次试挤曲线,1
T00173,二次试挤,监测指标,压力增加值不超过 10MPa,24,增加值不超过 10MPa,1
T00174,压力上升速度较快,导致,超压,24,考虑压力上升速度较快，为避免超压,1
T00175,超压,处置措施,降排量,24,为避免超压，降排量至 12m³/min,1
T00176,降排量,影响,缝内净压力降低,24,"降排量至 12m³/min , 缝内净压力降低",1
T00177,降排量,影响,缝宽变窄,24,缝内净压力降低，缝宽变窄,1
T00178,压力陡降,原因是,产生新缝,24,压力突降表明产生新缝,1
T00179,产生新缝,相关,裂缝系统改变,24,地层形成的裂缝系统发生明显改变,1
T00180,胶液,导致,压力异常升高,25,图 1-8 胶液进地层后压力异常升高,1
T00181,支撑剂,导致,砂堵,25,大量支撑剂迅速“过滤、沉积”在近井筒附近，发生砂堵。,1
T00182,粉陶,影响,滤失,25,可以适当使用粉陶进行小裂缝堵塞，降低地层滤失。,1
T00183,试挤,导致,堵塞愈加严重,25,过多试挤造成堵塞愈加严重。,1
T00184,胶液,原因是,砂堵,25,本段砂堵发生在胶液携砂进入地层的过程中,1
T00185,JY-A7HF 井,发生于,砂堵,25,1.7 JY-A7HF 并第 7 段砂堵,1
T00186,压力突然上升,表现为,砂堵,"25,55",为突然性砂堵，即压力突然上升 | 中陶进地层后压力突然上升，砂堵,2
T00187,砂堵,发生于,近井地带,26,砂堵发生在近井地带,1
T00188,砂堵,原因是,胶液摩阻大,26,主要原因为胶液摩阻大、缝宽窄,1
T00189,砂堵,原因是,缝宽窄,26,主要原因为胶液摩阻大、缝宽窄,1
T00190,砂堵,原因是,高砂比粗砂进入困难,26,高砂比粗砂进入困难,1
T00191,减阻水转胶液,导致,摩阻增加,26,由减阻水转胶液后摩阻一般增加,1
T00192,高砂比粗砂,相关,砂桥,26,高砂比粗砂在裂缝缝口形成砂桥,1
T00193,砂桥,导致,砂堵,"26,45",形成砂桥，导致砂堵 | 在裂缝缝口形成“砂桥”，施工压力升高，导致砂堵现象发生,2
T00194,胶液量较少,导致,难以在短时间内形成有效的缝宽,26,由于胶液量较少，难以在短时间内形成有效的缝宽,1
T00195,砂堵,原因是,缝宽较窄,27,本井发生砂堵的主要原因是由于缝宽较窄,1
T00196,高砂比粗砂,导致,砂堵,27,高砂比粗砂进入困难,1
T00197,直接试挤方式,表现为,解堵成功率低,27,采用直接试挤方式解堵成功率较低,1
T00198,放喷解堵方式,处置措施,砂堵,27,宜采用放喷解堵方式,1
T00199,压力出现缓慢上升趋势,表现为,地层已疏通,27,当压力出现缓慢上升趋势时，说明地层已疏通,1
T00200,JY-A8HF 井,发生于,砂堵,27,1.8 JY-A8HF 并第 1 段砂堵,1
T00201,施工压力,监测指标,砂堵,"27,34,70,71",施工压力突然迅速上升，由 64MPa 升至 95MPa | 施工压力快速升至限压，形成突然性砂堵 | 突然压力曲线的斜率瞬间增加，压力陡升至 96.69MPa | 从施工曲线可以观察到，从开始加 40/70 目覆膜陶粒后压力就一直成上升趋势,4
T00202,施工压力,导致,超压停泵,"27,56",施工压力突然迅速上升...超压停泵 | 施工压力 50MPa 升至 95MPa 超压停泵,2
T00203,前置液阶段,包含,粉砂,27,前置液阶段...按设计加入砂比 3% 粉砂,1
T00204,砂堵,原因是,粉砂携砂液,28,砂比 3% 粉砂携砂液 40m³ 进入地层后发生突然性砂堵,1
T00205,砂堵,原因是,油泥,28,这些油泥堵塞地层,1
T00206,井筒较脏,相关,油泥,28,说明井筒较脏。这些油泥堵塞地层,1
T00207,施工压力,导致,放弃该段压裂,28,由于施工压力较高，不能满足泵送作业要求，因此决定放弃该段压裂,1
T00208,放弃该段压裂,导致,连续油管传输座封桥塞及射孔施工,28,因此决定采取连续油管传输座封桥塞及射孔施工,1
T00209,连续油管洗井冲砂,相关,油泥,28,在后期连续油管冲砂洗井过程中，捕屑器捕获油泥等脏物,1
T00210,试挤,包含,减阻水,"28,48,68,110",试挤减阻水 13.36m³ | 试挤施工过程中，正挤减阻水 41.8m³ | 正挤减阻水 72.56m³ | 试挤：挤酸 10.0m³，减阻水 297.2m³,4
T00211,试挤,包含,盐酸,"28,68,73",试挤盐酸 10.11m³ | 正挤盐酸 10.0m³ | 试挤时挤入盐酸 10m³,3
T00212,油基泥浆,导致,砂堵,29,油基泥浆和丝扣油附着套管内壁...导致发生压力异常波动及砂堵,1
T00213,丝扣油,导致,压力异常波动,29,油基泥浆和丝扣油附着套管内壁...导致发生压力异常波动及砂堵,1
T00214,油泥,导致,裂缝堵塞,29,可以看出油泥对裂缝堵塞严重,1
T00215,清洗剂,处置措施,砂堵,29,用清洗剂对套管进行清洗，以保证压裂施工正常平稳运行,1
T00216,放喷,处置措施,砂堵,"29,66,70",本段采取三次放喷、试挤解堵 | 经过二次放喷、试挤未解堵成功 | 再次停泵，现场决定放喷，井口压力从 82.10MPa 降至 22.00MPa,3
T00217,连续油管冲砂洗井,处置措施,砂堵,29,及时采取连续油管洗井冲砂方式进行解堵,1
T00218,JY-A9HF 井,发生于,砂堵,29,1.9 JY-A9HF 并第 2 段砂堵,1
T00219,第四次试挤施工曲线,导致,异常砂堵,29,图 1-13 第四次试挤施工曲线 是本段发生异常砂堵的主要原因,1
T00220,施工压力陡增,导致,设备瞬间超压停泵,30,施工压力陡增，设备瞬间超压停泵（设备超压设置为 95MPa）,1
T00221,地层通道狭窄,导致,不能建立足够排量,30,地层通道狭窄不能建立足够排量泵送桥塞,1
T00222,100 目粉陶打磨地层,导致,压降明显,30,先采用低浓度 100 目粉陶打磨地层...压降明显,1
T00223,中砂段塞,导致,顶替压力明显增高,30,当砂比为 (11% +12%) 的中砂段塞...进入地层后，顶替压力明显增高,1
T00224,设备瞬间超压停泵,处置措施,放喷,30,设备瞬间超压停泵...10:55~12:27 采用 12mm 油嘴进行第一次放喷,1
T00225,试挤,监测指标,压力,30,开始第一次试挤...压力从 18MPa 升至 85MPa,1
T00226,试挤,表现为,压力升高,31,进行第四次试挤，压力从 0 升至 85MPa,1
T00227,高砂比,导致,桥堵,31,高砂比加砂易形成桥堵,1
T00228,裂缝宽度不够,原因是,地层因素限制,31,受地层因素限制，人工裂缝宽度不够,1
T00229,胶液性能不达标,导致,裂缝未充分扩展,31,胶液降滤失性能不达标，人工裂缝未充分扩展,1
T00230,套管壁油泥,导致,二次污染,31,套管壁附着有油泥，导致对地层的二次污染,1
T00231,地层未通,处置措施,放弃本段施工,31,地层未通，放弃本段施工，转入第 3 段施工,1
T00232,砂堵,发生于,第 4 段,32,1.10 JY-A10HF 并第 4 段砂堵,1
T00233,第 4 段,包含,③号小层,32,第 4 段深度 3732m，穿行于 ③ 号小层,1
T00234,砂堵,表现为,施工压力快速上升,32,施工压力快速上升，由 54MPa 升至 95MPa,1
T00235,施工压力快速上升,导致,超压停泵,32,施工压力快速上升...超压停泵,1
T00236,粗砂,相关,施工压力快速上升,32,粗砂进入地层后，施工压力快速上升,1
T00237,砂比 15%,相关,施工压力快速上升,32,当最后一段砂比 15% 粗砂进入地层后，施工压力快速上升,1
T00238,砂堵,处置措施,关井反应,32,发生砂堵停泵后，先采用关井反应,1
T00239,砂堵,处置措施,开泵试挤,32,先采用关井反应、开泵试挤的方法试挤,1
T00240,砂堵,处置措施,开井放喷,"32,39",试挤不成功，决定开井放喷 | 砂堵后，开井放喷 0.5h 后用减阻水试挤,2
T00241,第二次放喷、试挤施工,表现为,解堵未成功,33,第二次放喷、试挤施工...停止施工，解堵未成功。,1
T00242,第三次放喷、试挤施工,表现为,压力仍有上升趋势,33,第三次放喷、试挤施工...压力 57~60MPa，仍有上升趋势。,1
T00243,第三次放喷、试挤施工,处置措施,停止施工,33,仍有上升趋势。停止施工，下步再试挤,1
T00244,第三次放喷、试挤施工,处置措施,下步再试挤,33,停止施工，下步再试挤，见图 1-17。,1
T00245,第五次试挤施工,表现为,解堵成功,33,第五次试挤施工...停止施工，解堵成功,1
T00246,第二次放喷、试挤施工,包含,盐酸,33,试挤总液量 121.6m³，其中盐酸 9.7m³,1
T00247,第五次试挤施工,包含,胶液,33,试挤总液量 75.5m³，其中胶液 23.5m³,1
T00248,第三次放喷、试挤施工,监测指标,试挤压力,33,试挤压力 18~85MPa，降排量至 2m³/min，压力 57~60MPa,1
T00249,第三次放喷、试挤施工,监测指标,试挤排量,33,试挤排量 0.5~7.4m³/min，降排量至 2m³/min,1
T00250,微裂缝,导致,砂堵,34,支撑剂进入微裂缝中形成堵塞，同时压力的升高又促使其他的微裂缝开始,1
T00251,30/50 目粗砂,影响,砂比,34,30/50 目粗砂对地层裂缝缝宽尺寸要求更大,1
T00252,天然裂缝,导致,压裂液效率低,34,由于裂缝的存在和不断开启，压裂液效率低,1
T00253,替酸,处置措施,试挤,34,在以后的试挤施工时，在能够建立小排量试挤的前提下替酸,1
T00254,桥堵,表现为,砂堵,34,支撑剂在较窄的裂缝口形成桥堵，施工压力快速升至限压，形成突然性砂堵,1
T00255,JY-A11HF 井,发生于,砂堵,34,1.11 JY-A11HF 并第 1、10 段砂堵,1
T00256,排量,相关,试挤,34,在能够建立小排量试挤的前提下替酸,1
T00257,砂堵,表现为,压力骤升至限压,35,压力骤升至限压 90 MPa，砂堵停泵,1
T00258,砂堵,处置措施,20mm 油嘴放喷,35,12:56~16:26 采用 20mm 油嘴放喷，井口压力 35.0 MPa 降至 0,1
T00259,砂堵,处置措施,连续油管洗井冲砂,35,10~11 日，采用连续油管洗井冲砂，管柱结构：φ73mm 四眼喷嘴,1
T00260,连续油管洗井冲砂,包含,四眼喷嘴,35,管柱结构：φ73mm 四眼喷嘴 +φ73mm 循环短节,1
T00261,压力骤升至限压,影响,90 MPa,35,压力骤升至限压 90 MPa，砂堵停泵,1
T00262,压裂施工,包含,100 目粉陶,35,加入 100 目粉陶 2.06 m³，砂比 3%,1
T00263,压裂施工,包含,15% 盐酸,35,12 日进行第 1 段第二次压裂施工，正挤 15% 盐酸 20.00 m³,1
T00264,砂堵,原因是,近井污染,36,近井地带泥浆侵入，造成了地层污染,1
T00265,砂堵,原因是,近井裂缝扭曲,36,近井地带裂缝扭曲严重，近井摩阻较高,1
T00266,砂堵,原因是,滤失,36,压裂液滤失严重，造缝不完善，裂缝缝宽较窄,1
T00267,龙马溪组③号层,包含,层理缝,36,本段位于龙马溪组③号小层，层理缝异常发育,1
T00268,层理缝,导致,滤失,36,造缝时液体沿层理缝滤失,1
T00269,近井裂缝扭曲,导致,压力上升,36,使进液通道受限，施工压力大幅度提高,1
T00270,粉陶,导致,压力上升,36,粉陶段塞进入地层后，压力上升明显,1
T00271,提排量,处置措施,砂堵,36,迅速提排量至设计排量，取得较好的施工效果,1
T00272,低砂比段塞,处置措施,砂堵,36,加入低砂比段塞，适当调整后续砂比的用量,1
T00273,砂堵,处置措施,油嘴放喷,37,13:44~17:09 采用 20mm 油嘴放喷,1
T00274,砂堵,处置措施,试挤,"37,42,48,50,61,65,68,71,73,76",至 19:28 试挤减阻水 97.50m³ | 若一旦发生砂堵，应采取放喷、试挤的方式进行解堵 | 发生砂堵停泵后，采取放喷、试挤的方式解堵 | 放喷后进行试挤 | 处理过程主要是放喷、试挤,10
T00275,施工压力,表现为,限压,37,压力骤升至限压（90MPa）,1
T00276,砂堵,影响,第二次压裂施工,37,第一次压裂施工砂堵，第二次压裂施工应该及时调整,1
T00277,前置液数量,影响,油嘴放喷,37,提高前置液数量，可以增加砂堵后放喷疏导的成功率,1
T00278,砂堵,发生于,第 10 段压裂,37,1.11.3 第 10 段压裂砂堵,1
T00279,100 目粉陶,相关,砂比,37,加入 100 目粉陶 1.20m³，砂比 3%,1
T00280,油嘴放喷,包含,20mm 油嘴,37,13:44~17:09 采用 20mm 油嘴放喷,1
T00281,油嘴放喷,包含,10mm 油嘴,37,至 22:05 采用 10mm 油嘴放喷,1
T00282,100 目粉陶,导致,压力上升明显,38,砂比 3% 的粉陶段塞进入地层后，压力上升明显,1
T00283,五峰组,包含,层理缝异常发育,38,本段位于五峰组，层理缝异常发育,1
T00284,层理缝异常发育,导致,液体滤失,38,造缝时液体沿层理缝滤失，在纵向造缝较差,1
T00285,近井裂缝扭曲严重,导致,施工压力大幅度提高,38,使进液通道受限，施工压力大幅度提高,1
T00286,裂缝发育位置较多,影响,砂堵风险,38,裂缝发育位置较多的井段，注意加强砂堵风险的预防,1
T00287,压力上升明显,处置措施,降低排量,38,压力上升明显，及时降低排量,1
T00288,JY-A12HF 井,包含,第 13 段,39,1.12 JY-A12HF 并第 13 段砂堵,1
T00289,第 13 段,表现为,砂堵,39,1.12 JY-A12HF 并第 13 段砂堵,1
T00290,加砂量,导致,压力上升趋势,39,加砂量达 34m³后，发现压力有上升趋势,1
T00291,压力上升趋势,导致,停止加砂,39,发现压力有上升趋势，停止加砂,1
T00292,顶替阶段,表现为,施工压力直线上升,39,顶替阶段，施工压力直线上升至 82MPa,1
T00293,降排量,导致,压力升至 93MPa,39,迅速降排量至 2m³/min 后，压力升至 93MPa,1
T00294,压力升至 93MPa,导致,压裂车超压停泵,39,压力升至 93MPa，压裂车超压停泵,1
T00295,砂堵,处置措施,减阻水试挤,39,砂堵后，开井放喷 0.5h 后用减阻水试挤,1
T00296,减阻水试挤,影响,解堵成功,39,压力小于等于 78MPa，解堵成功,1
T00297,解堵成功,处置措施,高挤减阻水,39,解堵成功，高挤减阻水 110m³后，重新开始加砂,1
T00298,砂堵,发生于,JY-A13HF 井,40,1.13 JY-A13HF 并第 1 段砂堵,1
T00299,排量提升速度不够,导致,裂缝开启程度不够,40,提升排量的速度不够，造缝效果不理想，裂缝开启程度不够,1
T00300,胶液性能不达标,导致,缝宽较窄,40,胶液性能不达标，导致前期分支缝较多，缝宽较窄,1
T00301,低砂比段塞,导致,施工压力大幅上升,40,低砂比（3%~5%）段塞进入地层后，施工压力大幅上升,1
T00302,砂堵,处置措施,试挤施工,"40,60",关井进行第一次试挤施工 | 本井发生砂堵后，共采取 7 次试挤施工，历时 5 天,2
T00303,施工压力大幅上升,处置措施,降排量加粉砂,40,施工压力大幅上升...后采取降排量加粉砂的方法继续施工,1
T00304,胶液性能不达标,处置措施,加强压裂液的质量监控工作,40,加强压裂液的质量监控工作，确保各项性能满足压裂要求,1
T00305,井筒油泥污染,导致,压力波动,41,这种污染可以使压开的裂缝被油泥所堵塞，因此造成压力波动。,1
T00306,井筒油泥污染,导致,砂堵,"41,42",这种污染可以使压开的裂缝被油泥所堵塞 | 因此在各井第 1 段压裂施工过程中...尽量避免砂堵发生,2
T00307,层理缝发育,导致,液体滤失较大,"41,67",层理缝发育，液体滤失较大,2
T00308,液体滤失较大,导致,施工排量受限,41,液体滤失较大，本段施工排量受限严重,1
T00309,人工裂缝缝宽窄,影响,砂比,41,人工裂缝缝宽窄，对砂比浓度较为敏感,1
T00310,中砂,导致,施工压力,41,当砂比 7% 中砂进入地层后，施工压力快速上升,1
T00311,施工压力,表现为,砂堵,41,施工压力快速上升，形成突然性砂堵,1
T00312,关井进行第三次试挤施工,处置措施,解堵成功,41,关井进行第三次试挤施工...解堵成功,1
T00313,井筒油泥污染,导致,压力曲线波动异常,42,在压裂施工中反映出压力曲线波动异常且整体偏高,1
T00314,试挤,影响,低排量,42,且要在低排量下耐心试挤，不要急于升排量,1
T00315,砂堵,处置措施,连续油管冲砂,"42,43,53,68",若多次解堵均未成功，则可采取连续油管冲砂的方式进行解堵 | 采用连续油管冲砂方式成功解堵 | 30 日采用连续油管冲砂 | 决定采用连续油管冲砂试挤解堵,4
T00316,胶液携粗砂,导致,施工压力,42,由胶液携 14% 砂比粗砂进入地层，施工压力快速上升,1
T00317,施工压力,表现为,超压停泵,42,施工压力快速上升，由 62MPa 升至 95MPa，超压停泵,1
T00318,地层能量有限,导致,解堵难度大,42,由于地层能量有限，放喷解堵成功难度通常较大,1
T00319,JY-A14HF 井,包含,第 1 段,42,1.14 JY-A14HF 并第 1 段砂堵,1
T00320,放喷解堵,相关,试挤施工,43,放喷后共进行了 4 次试挤施工,1
T00321,试挤施工,包含,盐酸,43,累计试挤盐酸 6.7m³,1
T00322,试挤施工,包含,减阻水,43,减阻水 221m³,1
T00323,试挤施工,影响,解堵失败,43,但均未试挤成功，始终无法解堵,1
T00324,连续油管冲砂,影响,解堵成功,43,采用连续油管冲砂方式成功解堵,1
T00325,砂堵,原因是,裂缝延伸长度不足,44,远端裂缝延伸长度和缝宽已不能满足加砂要求,1
T00326,砂堵,原因是,缝宽不足,44,远端裂缝延伸长度和缝宽已不能满足加砂要求,1
T00327,砂堵,原因是,地层进砂能力极限,44,地层进砂能力已经达到一定极限,1
T00328,胶液携砂,导致,施工摩阻增加,44,胶液携砂不仅增加了施工摩阻,1
T00329,胶液携砂,导致,砂堵,44,很可能在地层中推动了先前支撑剂运移，进一步增大了施工风险，最终导致砂堵,1
T00330,井筒污染,导致,砂堵,44,污染物有可能随着压裂液进入地层并堵塞裂缝，导致施工压力异常波动甚到造成砂堵,1
T00331,地层能量不足,影响,放喷解堵,"44,56",地层能量相对不足，导致放喷能量较小，对发生桥堵裂缝的反向冲砂效果不理想 | 因此放喷解堵的成功率受到影响,2
T00332,砂堵,处置措施,挤酸,44,后关井试挤。挤酸 10m³,1
T00333,砂堵,处置措施,超压停泵,44,超压停泵，发生砂堵,1
T00334,JY-A15HF 井,发生于,第 5 段,44,JY-A15HF 并第 5 段砂堵,1
T00335,砂比 9%,导致,施工压力 95MPa,44,当砂比 9% 中砂进入地层后，施工压力迅速由 70MPa 升至 95MPa,1
T00336,砂堵,表现为,施工压力 95MPa,44,施工压力迅速由 70MPa 升至 95MPa，超压停泵，发生砂堵,1
T00337,砂堵,表现为,施工压力上升,45,在裂缝缝口形成“砂桥”，施工压力升高，导致砂堵现象发生,1
T00338,②号小层,包含,黏土含量增高,45,分析砂堵原因为：本段穿行②号小层，黏土含量增高,1
T00339,层理缝极发育,导致,液体滤失大,45,且层理缝极发育，易产生多裂缝，液体滤失大,1
T00340,液体滤失大,导致,人工裂缝缝宽窄,45,液体滤失大，效率低，裂缝延伸扩展难度大，人工裂缝缝宽窄,1
T00341,砂比 9% + 10%,发生于,砂堵,45,当砂比（9% + 10%）中砂段塞进入地层后，在裂缝缝口形成“砂桥”,1
T00342,砂堵,处置措施,放喷处理,45,在砂堵后进行放喷处理，可充分利用地层能量,1
T00343,施工压力上升,处置措施,盐酸,45,后挤入盐酸，以降低施工压力,1
T00344,粉砂,影响,主缝延伸,45,利用小粒径粉砂封堵微裂缝，起到暂堵转向作用，以保证裂缝正常延伸,1
T00345,施工压力上升,处置措施,降低砂比,45,施工压力上升后，采取降低砂比、减少携砂液量的办法尝试加砂,1
T00346,JY-A16HF 井,发生于,第 8 段,46,JY-A16HF 井人工井底 4803m。第 8 段穿行于①号、②号小层,1
T00347,第 8 段,表现为,砂堵,46,1.16 JY-A16HF 并第 8 段砂堵,1
T00348,压裂车设备故障,导致,排量发生波动,46,由于压裂车设备故障，排量发生波动,1
T00349,排量发生波动,导致,施工压力异常,46,排量波动后，施工压力出现异常,1
T00350,施工压力急速上升,导致,砂堵,46,施工压力急速上升...超压停泵，发生砂堵,1
T00351,砂堵,处置措施,放喷方式解堵,46,砂堵停泵后，决定采用放喷方式解堵,1
T00352,放喷方式解堵,包含,试挤盐酸,46,放喷后先向井筒内试挤 10m³盐酸,1
T00353,第 8 段,包含,设计液量 1700m³,46,本段压裂设计液量 1700m³,1
T00354,第 8 段,包含,设计砂量 60.1m³,46,砂量 60.1m³,1
T00355,泵车故障,导致,排量波动,47,由于泵车故障，导致施工排量产生较大波动,1
T00356,排量波动,导致,施工压力大幅上升,47,因此出现了排量波动后，施工压力大幅上升的情况,1
T00357,层理缝发育,导致,近井滤失大,47,由于层理缝极发育，导致近井滤失大,1
T00358,高应力条带,导致,裂缝缝口形成桥堵,47,裂缝受②号小层存在高应力条带影响，导致裂缝缝口形成桥堵,1
T00359,砂堵,处置措施,试挤盐酸,47,采用先试挤盐酸，再顶替减阻水的办法解堵,1
T00360,施工压力大幅上升,处置措施,降低排量,47,在降低排量至 11m³/min 后，裂缝内的静压力随之减小,1
T00361,②号小层,包含,高应力条带,47,且②号小层存在高应力条带,1
T00362,盐酸,影响,施工压力大幅上升,47,可有效降低施工压力，这样更有力于解堵时提高试挤排量,1
T00363,第 16 段,发生于,JY-A17HF 井,48,JY-A17HF 并第 16 段砂堵,1
T00364,第 16 段,相关,①号小层,48,第 16 段穿行于①号小层,1
T00365,第 16 段,表现为,砂堵,48,JY-A17HF 并第 16 段砂堵,1
T00366,粉砂,导致,压力波动较大,48,粉砂进入地层，压力波动较大,1
T00367,粉陶段塞,影响,施工压力,48,加入 6 段粉陶段塞，施工压力由 82MPa 降至 72MPa,1
T00368,中砂,导致,超压停泵,48,中砂段塞进入地层后，施工压力由 73MPa 升至 95MPa,1
T00369,层理缝发育,导致,液体滤失,49,主要原因是①号小层层理缝发育，液体滤失较大,1
T00370,液体滤失,导致,裂缝延伸受限,49,液体滤失较大，导致施工净压力不足，裂缝延伸受限,1
T00371,砂比快速提升,导致,砂堵,49,砂比提升较快...施工压力突升，发生砂堵,1
T00372,主动放喷,处置措施,砂桥,49,中途主动放喷 1h，通过地层能量对已产生的部分砂桥进行反向冲刷,1
T00373,排量提升过快,导致,超压停泵,49,由于排量提升过快...导致试挤压力快速上升，超压停泵,1
T00374,降低排量,相关,主缝,49,可适当降低排量...有利于主缝的形成和扩展,1
T00375,低砂比长段塞,相关,砂堵,49,可采取低砂比长段塞试探加砂...降低砂堵风险,1
T00376,粉砂段塞,影响,施工压力,49,在加入 6 个粉砂段塞后，裂缝延伸舒畅，施工压力下降明显,1
T00377,砂堵,发生于,JY-A18HF 井,50,1.18 JY-A18HF 并第 2 段砂堵,1
T00378,排量,影响,施工压力,"50,57,70,161",排量提到 13m³/min，压力由 52MPa 升至 91MPa | 1.0\mathrm{m}^3 /\mathrm{min} 1.0\mathrm{m}^3 /\mathrm{min} 排量时压力 70\mathrm{MPa} 70\mathrm{MPa} | 开始降排量，当排量为 12.00m³/min 时，压力 85.32MPa | 当排量由 3.0 提到 14.0，施工压力同步上升到 71.34MPa,4
T00379,试挤,包含,酸,50,排量 0.8m³/min 挤酸 20m³,1
T00380,粉陶,相关,砂比,50,减阻水加砂比 5% 粉陶,1
T00381,试挤,包含,排量,51,进行试挤。排量 0.5m³/min,1
T00382,试挤,包含,施工压力,51,进行试挤。施工压力由 91MPa 降至 74MPa,1
T00383,试挤,导致,解堵未成功,51,停止施工，解堵未成功，见图 1-36,1
T00384,放喷,处置措施,试挤,51,19 日再次放喷，放喷液量 40m³后，进行试挤,1
T00385,挤酸,处置措施,试挤,51,进行试挤。排量 0.5m³/min 挤酸 20m³,1
T00386,停止施工,处置措施,解堵未成功,51,停止施工，解堵未成功，见图 1-35,1
T00387,施工压力,表现为,88MPa,51,施工压力 88MPa，停止施工,1
T00388,施工压力,表现为,94MPa,51,施工压力升至 94MPa。停泵再开始,1
T00389,排量,表现为,1.5m³/min,51,量 1.5m³/min，施工压力 88MPa,1
T00390,排量,表现为,0.5m³/min,51,排量 0.5m³/min 挤酸 20m³,1
T00391,解堵未成功,处置措施,连续油管冲砂,52,经讨论决定先采用连续油管冲砂,1
T00392,连续油管冲砂,发生于,试挤,52,21 日试挤解堵未成功，25 日连续油管冲砂,1
T00393,电缆泵送方式补孔,包含,5038.0 ~ 5039.0m,52,补孔二簇（5038.0 m{m},1
T00394,试挤,监测指标,施工压力,"52,94",试挤。排量 0.5 m{m}^3/ m{min}，施工压力 94 m{MPa} | 试挤 24min，施工压力 64~80MPa,2
T00395,试挤,监测指标,排量,"52,94",试挤。排量 0.5 m{m}^3/ m{min} | 试挤 24min，排量 3~5.9m³/min,2
T00396,砂比 10%,导致,砂堵,53,砂比 10%，超压停泵，造成砂堵,1
T00397,施工压力 96MPa,表现为,泵压异常,53,施工压力 60MPa 降至 52MPa 突升至 96MPa,1
T00398,超压,导致,停泵,53,突升至 96MPa，超压停泵,1
T00399,停泵,导致,砂堵,53,超压停泵，造成砂堵,1
T00400,放喷,发生于,砂堵,53,造成砂堵；液量 1181m³...放喷液量 128m³ 后,1
T00401,电缆泵送补孔,发生于,重新压裂施工,53,电缆泵送补孔二簇后重新压裂施工,1
T00402,地层偏塑性,原因是,黏土含量较高,54,本段黏土含量较高，地层偏塑性,1
T00403,排量,影响,近井弯曲摩阻过大,54,快升排量至 14m3/min，地层被快速压缩，造成近井弯曲摩阻过大,1
T00404,大粒径粉陶比例超标,导致,砂堵,54,大粒径粉陶比例超标，导致 3% 粉陶进入地层后砂堵,1
T00405,砂堵,原因是,近井弯曲摩阻过大,54,造成近井弯曲摩阻过大，同时粉陶检测结果显示不合格...导致砂堵,1
T00406,砂堵,原因是,大粒径粉陶比例超标,54,大粒径粉陶比例超标，导致 3% 粉陶进入地层后砂堵,1
T00407,第一次施工,发生于,前置减阻水阶段,54,第一次施工前置减阻水阶段,1
T00408,粉陶检测结果显示不合格,表现为,大粒径粉陶比例超标,54,粉陶检测结果显示不合格，大粒径粉陶比例超标,1
T00409,近井地带被堵死,导致,试挤无效,55,由于近井地带被堵死，导致试挤 4 次均无效,1
T00410,中陶,导致,压力突然上升,55,中陶进地层后压力突然上升，砂堵,1
T00411,塑性地层,原因是,砂堵,55,说明塑性地层被快速压缩后恢复能力较差，易造成砂堵,1
T00412,局部应力过大,导致,裂缝延伸困难,55,造成局部应力过大，裂缝延伸困难,1
T00413,裂缝延伸困难,导致,砂堵,55,裂缝延伸困难，易造成砂堵,1
T00414,新裂缝和老裂缝干扰,导致,缝宽受限,55,新裂缝和老裂缝干扰较大，缝宽受限,1
T00415,缝宽受限,导致,加砂困难,55,缝宽受限，加砂困难,1
T00416,试挤无效,处置措施,连续油管冲砂,55,试挤 3 次无效后，连续油管冲砂,1
T00417,砂堵,发生于,③号小层,55,针对本段施工中发生的砂堵现象...在③号小层施工过程中,1
T00418,砂堵,发生于,JY-A19HF 井,56,1.19 JY-A19HF 并第 1 段砂堵,1
T00419,砂堵,发生于,第 1 段,56,1.19 JY-A19HF 并第 1 段砂堵,1
T00420,第 2 段施工,原因是,钻井污染,56,由于本段为该井第 2 段，井筒及储层可能存在一些前期钻井带来的污染和伤害,1
T00421,第 2 段施工,原因是,地层能量不足,56,由于本段为该井第 2 段施工，地层能量相对不足,1
T00422,中砂阶段,表现为,超压停泵,56,中砂阶段，砂比（12% +13% ），进入地层后，施工压力 50MPa 升至 95MPa 超压停泵,1
T00423,中砂阶段,包含,砂比,56,中砂阶段，砂比（12% +13% ）,1
T00424,第 1 段,包含,③号小层,56,第 1 段穿行于③号小层,1
T00425,第 1 段,包含,减阻水,56,采用减阻水施工,1
T00426,第一次试挤施工,表现为,砂堵,57,第一次试挤施工：砂堵后采取放喷解堵,1
T00427,第一次试挤施工,处置措施,挤酸,57,放喷后进行试挤。挤酸 10\mathrm{m}^3 10\mathrm{m}^3,1
T00428,第一次试挤施工,导致,解堵未成功,57,停止施工，解堵未成功。总液量 81.51\mathrm{m}^3 81.51\mathrm{m}^3,1
T00429,第二次试挤施工,表现为,弹簧状试挤曲线,57,形成“弹簧状”试挤曲线。酸降压力由 80\mathrm{MPa} 80\mathrm{MPa} 降至,1
T00430,第二次试挤施工,导致,解堵未成功,57,停止施工，解堵未成功。试挤总液量 80.05\mathrm{m}^3 80.05\mathrm{m}^3,1
T00431,第三次试挤施工,表现为,解堵未成功,58,停止施工，解堵未成功,1
T00432,第三次试挤施工,处置措施,替酸,58,分别替酸 3 次,1
T00433,第三次试挤施工,处置措施,放喷,58,重新放喷后,1
T00434,第四次试挤施工,表现为,解堵未成功,58,停止施工，解堵未成功,1
T00435,第五次试挤施工,表现为,解堵未成功,58,停止施工，解堵未成功,1
T00436,试挤排量,影响,施工压力,58,试挤排量 0.5m³/min 提到 3.0m³/min，施工压力 46MPa 升至 87MPa,1
T00437,压裂施工作业复杂情况与故障,包含,第三次试挤施工,58,压裂施工作业复杂情况与故障 第 1 章 第三次试挤施工,1
T00438,第六次试挤施工,表现为,解堵未成功,59,停止施工，解堵未成功,1
T00439,第七次试挤施工,表现为,解堵成功,59,施工排量足够清理井筒内沉砂，解堵成功。,1
T00440,第七次试挤施工,包含,试挤排量,59,试挤排量 0.5m³/min 升至 10.0m³/min,1
T00441,试挤排量,影响,解堵成功,59,施工排量足够清理井筒内沉砂，解堵成功。,1
T00442,井筒内沉砂,相关,解堵成功,59,施工排量足够清理井筒内沉砂，解堵成功。,1
T00443,放喷,处置措施,第六次试挤施工,59,第六次试挤施工：放喷后，继续试挤。,1
T00444,放喷,处置措施,第七次试挤施工,59,第七次试挤施工：放喷后，继续试挤。,1
T00445,砂堵,原因是,油泥堵塞地层,60,而造成砂堵的原因很可能是油泥堵塞地层所致,1
T00446,施工压力波动,处置措施,控制砂比及排量,60,施工过程中若施工压力波动较大，应及时控制砂比及排量,1
T00447,粉陶段塞,影响,施工压力下降,60,加入一个粉陶段塞后，施工压力下降且保持平稳,1
T00448,第 1 段,导致,砂堵,60,尽量避免在第 1 段施工过程中出现砂堵现象,1
T00449,中砂,导致,施工压力升至 95MPa,60,但当砂比（12% + 13%）中砂进入地层后，施工压力由 49MPa 升至 95MPa,1
T00450,试挤施工,处置措施,提高排量和压力,60,在试挤过程中可在条件允许的前提下，尽可能的提高排量和压力进行试挤,1
T00451,施工压力波动,表现为,污染,60,本段仍明显存在“污染”情况，在替酸及加入粉砂阶段，施工压力有明显波动,1
T00452,JY-A20HF 井,发生于,砂堵,61,1.20 JY-A20HF 并第 1 段砂堵,1
T00453,16m³/min,导致,施工压力直线上升,61,排量从 15m³/min 升至 16m³/min，施工直线上升,1
T00454,施工压力直线上升,导致,砂堵,61,施工直线上升，迅速降排量至 12m³/min；18:46 砂堵,1
T00455,砂堵,处置措施,冲砂解堵,61,经过多次放喷、试挤，冲砂解堵,1
T00456,冲砂解堵,影响,放弃该段压裂施工,61,冲砂解堵，效果不明显，放弃该段压裂施工,1
T00457,降排量,表现为,100MPa,61,降排量过程中瞬时施工升至 100MPa,1
T00458,施工压力过高,导致,套管敞放,62,因施工压力过高，套管敞放,1
T00459,连续油管冲砂,相关,陶粒,62,出口点火不燃，带出部分陶粒,1
T00460,第 1 段试挤施工,表现为,解堵不成功,62,第 1 段试挤施工... 解堵不成功,1
T00461,第 1 段试挤施工,包含,减阻水,62,挤入减阻水 24.1m^3,1
T00462,施工压力过高,导致,井口压力归零,62,因施工压力过高... 井口压力 37.0MPa 降至 0,1
T00463,第 1 段试挤施工,包含,盐酸,62,挤 15% 盐酸 28.6m^3,1
T00464,泵压过高,导致,试挤失败,63,都因泵压过高，试挤失败,1
T00465,缝宽极窄,导致,砂堵,63,缝宽极窄，导致砂堵,1
T00466,地层对排量很敏感,导致,砂堵,63,地层对排量很敏感，缝宽极窄，导致砂堵,1
T00467,70/140 目粉陶砂,影响,缝口打磨,63,证明每次粉砂进地层都有对地层裂缝缝口打磨作用,1
T00468,压力持续增高,处置措施,降排量,63,若压力有持续增高的趋势，可采取降排量、挤酸的方式降低泵压,1
T00469,压力持续增高,处置措施,挤酸,63,若压力有持续增高的趋势，可采取降排量、挤酸的方式降低泵压,1
T00470,放喷液量,相关,井筒容积,63,根据放喷液量为 0.5~1 倍的井筒容积,1
T00471,试挤排量偏低,导致,遇卡,64,试挤排量偏低，若井筒内有沉砂，将无法完全将沉砂挤入地层，可能导致下桥塞射孔枪时发生遇卡现象,1
T00472,沉砂,导致,遇卡,64,若井筒内有沉砂，将无法完全将沉砂挤入地层，可能导致下桥塞射孔枪时发生遇卡现象,1
T00473,施工压力,处置措施,替酸,64,决定替酸 20m^3，以降低施工压力,1
T00474,中砂,导致,施工压力上升,64,当低砂比中砂进入地层后，施工压力出现明显上升,1
T00475,施工压力上升,原因是,动态缝宽不足,64,这表明由于动态缝宽不足，该砂比为临界砂比,1
T00476,粉砂,影响,施工压力,"64,65",粉砂对施工压力上升有较好的抑制作用 | 粉砂阶段，打磨效果较好，施工压力明显下降,2
T00477,放喷,导致,憋压释放,64,可以使地层压力在炮眼处形成反向冲刷，使近井地带的“憋压”得到释放,1
T00478,缝口桥堵,表现为,施工压力上升,64,在缝口发生桥堵，施工压力升高,1
T00479,替酸,影响,解堵,64,及时替酸，降低试挤压力，可大大提高试挤解堵效率,1
T00480,砂堵,发生于,JY-A22HF 井,65,1.22 JY-A22HF 并第 2 段砂堵,1
T00481,砂堵,发生于,②号小层,65,第 2 段穿行于②号小层...发生砂堵,1
T00482,砂堵,表现为,施工压力节节攀升,65,再次转加中砂后，施工压力节节攀升，最终...发生砂堵,1
T00483,中砂,影响,施工压力,65,再次转加中砂后，施工压力节节攀升,1
T00484,砂堵,原因是,桥堵,66,反映出地层裂缝中已发生桥堵...发生砂堵,1
T00485,砂堵,原因是,液体滤失增大,66,随着液体滤失的不断增大，最终在 6% 中砂携砂液进入地层后发生砂堵,1
T00486,桥堵,表现为,施工压力抬升,66,当再次转加中砂时，施工压力仍上升明显，反映出地层裂缝中已发生桥堵,1
T00487,高应力条带,导致,裂缝缝宽窄,66,高应力条带附近裂缝开启难度增大，导致所开启的裂缝缝宽窄,1
T00488,中砂,导致,施工压力抬升,66,中砂进入地层后施工压力逐步抬升,1
T00489,粉砂,影响,施工压力抬升,66,转入粉砂后，施工压力又能趋于平稳,1
T00490,②号小层,包含,层理缝发育,"66,67",本段穿行于②号小层，层理缝发育 | 本井由于穿行于②号小层，层理缝发育,2
T00491,高应力条带,导致,裂缝延伸难度增大,67,靠近高应力条带，导致裂缝开启及延伸难度增大,1
T00492,液体滤失较大,导致,裂缝延伸难度增大,67,液体滤失较大，同时靠近高应力条带，导致裂缝开启及延伸难度增大,1
T00493,增大前置胶液用量,处置措施,裂缝延伸难度增大,67,导致裂缝开启及延伸难度增大。应增大前置胶液用量,1
T00494,主动加粉砂,影响,封堵微裂缝,67,主动加粉砂，封堵微裂缝,1
T00495,封堵微裂缝,影响,主缝内净压力,67,封堵微裂缝，以提高主缝内净压力,1
T00496,主缝内净压力,影响,主裂缝正常延伸,67,提高主缝内净压力，促进主裂缝内的正常延伸,1
T00497,过快提升试挤排量,导致,施工压力迅速超压,67,现场很快将排量由 0.4m³/min 升至 4m³/min，施工压力迅速超压,1
T00498,过快提升试挤排量,表现为,“弹簧状”曲线,67,第一次放喷、试挤时形成了“弹簧状”曲线...施工压力迅速超压,1
T00499,稳定替酸排量,处置措施,“弹簧状”曲线,67,在能建立起一个稳定替酸排量...以避免“弹簧状”试挤曲线的出现,1
T00500,JY-A23HF 井,包含,第 11 段,67,JY-A23HF 并第 11 段砂堵,1
T00501,第 11 段,发生于,砂堵,67,JY-A23HF 并第 11 段砂堵,1
T00502,第 11 段,相关,③号小层,67,第 11 段穿行于③号小层,1
T00503,砂堵,表现为,施工压力,"68,72,73",施工压力急速上升，由 64MPa 升至 95MPa | 使得施工压力从 79.40MPa 升至 86.70MPa...形成“突发性”砂堵 | 施工压力快速上升，由 62MPa 升至 95MPa,3
T00504,连续油管冲砂,导致,解堵成功,68,26 日正挤减阻水 318.02m³...解堵成功,1
T00505,采气返排液,导致,压裂液性能受到影响,69,该段压裂液采用采气返排液配制，中间等停时间长，压裂液性能受到影响,1
T00506,层理缝发育,导致,动态缝宽窄,69,靠近②号、③号层岩性交界面，层理缝发育，动态缝宽窄,1
T00507,施工压力迅速上升,表现为,砂堵,69,施工压力迅速上升到限压，发生砂堵,1
T00508,严格控制配液质量,处置措施,砂堵,69,在压裂施工过程中，要严格控制配液质量，同时要合理安排运行施工,1
T00509,砂堵,发生于,JY-A24HF 井,69,1.24 JY-A24HF 并第 2、12 段砂堵,1
T00510,上覆岩层压力明显增大,导致,压裂裂缝扩展困难,69,上覆岩层压力明显增大，地层压实作用增强，压裂裂缝扩展困难,1
T00511,排量,影响,施工压力迅速上升,69,之后排量升至 16.00 m3/h，施工压力升至 65.7 MPa,1
T00512,砂堵,表现为,压力陡升,"70,71",突然压力曲线的斜率瞬间增加，压力陡升至 96.69MPa | 施工压力曲线的斜率突然增大，施工压力陡升至 102.7MPa,2
T00513,压力曲线斜率瞬间增加,原因是,砂堵,70,突然压力曲线的斜率瞬间增加，压力陡升至 96.69MPa，超压停泵，发生砂堵,1
T00514,盐酸,处置措施,砂堵,70,注入盐酸 10.00m³后倒减阻水，并升排量至 14.70m³/min,1
T00515,试挤,发生于,砂堵,70,当施工压力降至 44MPa 时，10:44 第一次试挤,1
T00516,70/140 目粉陶,包含,段塞,70,接着加 6% 的 70/140 目粉陶段塞，施工压力升至 70.00MPa,1
T00517,40/70 目覆膜陶粒,导致,压力上升趋势,71,开始加 40/70 目覆膜陶粒后压力就一直成上升趋势,1
T00518,砂堵,原因是,未能充分造缝,71,本段施工前期未能充分造缝，导致裂缝有效体积小,1
T00519,裂缝有效体积小,导致,砂堵,71,导致裂缝有效体积小，40/70 目覆膜陶粒加入后裂缝未能有效延伸,1
T00520,砂堵,发生于,第 12 段,71,1.24.3 第 12 段砂堵,1
T00521,砂堵,原因是,裂缝缝宽不足,72,前期造缝的时候裂缝的缝宽未能充分扩张，5% 及以上的砂比进入裂缝难度较大,1
T00522,页岩裂缝性储层,导致,减阻水滤失大,"72,77",由于页岩裂缝性储层非均质性强，裂缝延伸困难，裂缝缝口窄，减阻水滤失大 | 裂缝延伸困难，裂缝缝口窄，减阻水滤失大,2
T00523,页岩裂缝性储层,导致,裂缝延伸困难,"72,77",由于页岩裂缝性储层非均质性强，裂缝延伸困难，裂缝缝口窄，减阻水滤失大 | 由于页岩裂缝性储层非均质性强，裂缝延伸困难,2
T00524,砂比,影响,施工压力,72,5% 的 40/70 目覆膜陶粒段使得施工压力从 79.40MPa 升至 86.70MPa,1
T00525,砂堵,处置措施,降排量,72,对于加砂后期施工压力呈现上升趋势的时候，应该提前阶段降排量，以防造成砂堵,1
T00526,砂堵,处置措施,中途挤酸,72,在压裂施工过程中，可适当的中途挤酸，扩大地层裂缝，提高裂缝导流能力。,1
T00527,高黏胶液,处置措施,扩展缝宽和延伸裂缝,72,对于泥质含量高、物性差的地层，先期造缝应使用高黏胶液，扩展缝宽和延伸裂缝,1
T00528,砂堵,发生于,JY-A25HF 井,73,1.25 JY-A25HF 并第 4 段砂堵,1
T00529,砂堵,原因是,支撑剂粒径变化,73,判断砂堵原因为支撑剂粒径变化引起的近井地带堵塞,1
T00530,砂堵,原因是,近井地带堵塞,73,判断砂堵原因为支撑剂粒径变化引起的近井地带堵塞,1
T00531,粗砂段塞,导致,施工压力,73,粗砂段塞进入地层后，施工压力快速上升,1
T00532,砂堵,处置措施,快速放喷,73,因此采用快速放喷方式进行解堵,1
T00533,层理缝发育,导致,施工压力波动异常,74,在粉砂阶段施工压力波动异常，反映出地层多破裂的现象,1
T00534,粗砂段塞,导致,缝口桥堵,74,10% 砂比粗砂段塞在缝口形成桥堵，形成突然性砂堵。,1
T00535,缝口桥堵,导致,砂堵,74,10% 砂比粗砂段塞在缝口形成桥堵，形成突然性砂堵。,1
T00536,中砂段塞,导致,施工压力急速爬升,74,当最后一个中砂段塞（14% +15%）进入地层后，施工压力急速爬升,1
T00537,JY-A26HF 井,发生于,砂堵,74,1.26 JY-A26HF 并第 10 段砂堵,1
T00538,高应力条带,相关,层理缝发育,74,本段位于②号小层，层理缝发育，且存在高应力条带。,1
T00539,高砂比,导致,施工压力急速爬升,74,反映出地层对高砂比产生敏感。当最后一个中砂段塞进入地层后，施工压力急速爬升,1
T00540,砂堵,原因是,层理缝发育,75,③号小层层理缝较发育，压裂液滤失较大，压裂液效率较低,1
T00541,砂堵,原因是,滤失较大,75,③号小层层理缝较发育，压裂液滤失较大，压裂液效率较低,1
T00542,砂堵,原因是,砂比较高,75,同时由于砂比较高，在裂缝缝口处形成明显桥堵，发生砂堵,1
T00543,端部脱砂,表现为,压力逐渐上升,75,裂缝内部已发生明显的端部脱砂特征，压力出现逐渐上升的趋势,1
T00544,桥堵,发生于,裂缝缝口,75,在裂缝缝口处形成明显桥堵，发生砂堵,1
T00545,敞放方式放喷,处置措施,砂堵,75,解堵时可采用大油嘴直到敞放方式放喷，以充分利用地层能量,1
T00546,挤盐酸,处置措施,砂堵,75,放喷后向井筒内先试挤 10m3 盐酸，当酸进地层后，施工压力出现明显下降,1
T00547,降低排量工艺,处置措施,层理缝发育,75,针对这类层理发育地层，可采取降低排量工艺，控制缝内延伸压力,1
T00548,③号小层,包含,层理缝发育,75,③号小层层理缝较发育，压裂液滤失较大，压裂液效率较低,1
T00549,降低排量工艺,影响,滤失较大,75,针对这类层理发育地层，可采取降低排量工艺，降低液体滤失,1
T00550,JY-A27HF 井,发生于,砂堵,76,1.27 JY-A27HF 并第 15 段砂堵,1
T00551,40/70 目覆膜陶粒,导致,砂堵,76,最后加了一段 8% 的 40/70 目覆膜陶粒，该段进地层后施工压力迅速升至 94.86MPa，停泵，发生砂堵,1
T00552,施工压力迅速升至 94.86MPa,表现为,砂堵,76,施工压力迅速升至 94.86MPa，停泵，发生砂堵,1
T00553,施工压力显示下降趋势,表现为,解堵,76,施工压力升至 86.15MPa 后显示出下降趋势，说明已解堵,1
T00554,排量降至 0.96m³/min,导致,施工压力升至 95.24MPa,76,排量降至 0.96m³/min，施工压力升至 95.24MPa,1
T00555,放喷,表现为,出口点火可燃,76,出液 92.00m³，出口点火可燃,1
T00556,渐进型砂堵,表现为,施工压力上升,77,从开始加 40/70 目覆膜陶粒后施工压力就一直呈上升趋势,1
T00557,前期未能充分造缝,导致,裂缝有效体积小,77,说明本段施工前期未能充分造缝，导致裂缝有效体积小,1
T00558,裂缝有效体积小,导致,渐进型砂堵,77,裂缝有效体积小，40/70 目覆膜陶粒加入后裂缝未能有效延伸...形成最后的“渐进型”砂堵,1
T00559,页岩裂缝性储层,导致,裂缝缝口窄,77,由于页岩裂缝性储层非均质性强，裂缝延伸困难，裂缝缝口窄,1
T00560,施工压力上升过快,处置措施,调整泵注程序,77,施工时应依据压力变化，及时调整泵注程序，以控制施工压力上升过快的趋势,1
T00561,砂堵,处置措施,阶段降排量,77,对于加砂后期施工压力呈现上升趋势的时候，应该提前阶段降排量，以防...造成砂堵,1
T00562,地层裂缝,处置措施,中途挤酸,77,在压裂施工过程中，可适当地中途挤酸，扩大地层裂缝,1
T00563,高黏胶液,相关,先期造缝,77,对于泥质含量高、物性差的地层，先期造缝应使用高黏胶液,1
T00564,JY-B1HF 井,发生于,低压管线断裂,78,1.28 JY-B1HF 并低压管线断裂,1
T00565,低压管线断裂,原因是,管线使用时间过长,78,低压管线使用时间过长，承压能力大大降低,1
T00566,低压管线断裂,原因是,携砂液磨损,78,携砂液对低压管线的打磨加剧了管线的磨损,1
T00567,480 型混砂车,包含,低压管汇,78,480 型混砂车低压管汇打爆,1
T00568,低压管线断裂,处置措施,更换管线,78,对管线进行更换，并试压合格,1
T00569,低压管线断裂,处置措施,备用混砂车顶替,78,继续使用备用混砂车进行顶替,1
T00570,携砂液磨损,导致,低压管线断裂,78,从而导致管线的断裂,1
T00571,JY-B2HF 井,发生于,高压管件断裂,79,期间出现 4 起高压管件断裂、刺漏事件,1
T00572,管线抖动,导致,由壬松动,79,施工中管线的抖动使得旋塞和三通的连接由壬松动,1
T00573,由壬松动,导致,高压盘根破损,79,导致盘根的受力不均匀...盘根破裂,1
T00574,高压盘根破损,处置措施,更换,79,发现高压盘根破损，立即更换,1
T00575,施工压力,监测指标,58~59MPa,79,施工压力 58~59MPa,1
T00576,砂比,监测指标,8% + 9%,79,8% + 9% 砂比段塞,1
T00577,施工管线,处置措施,试压,79,施工前对施工管线进行严格试压,1
T00578,高压密封圈破裂,导致,刺漏,79,高压密封圈破裂导致高压流体刺漏,1
T00579,高压管线刺漏,表现为,施工压力升高,80,施工压力从 68MPa 升至 81MPa,1
T00580,高压携砂流体冲刷,导致,缸盖盘根刺漏,80,高压携砂流体持续冲刷盘根薄弱处，导致最终刺漏,1
T00581,使用时间过长,导致,高压弯头刺漏,80,弯头的问题可能是由于使用时间过长导致,1
T00582,密封不严,导致,高压弯头刺漏,80,判断是弯头观察孔密封不严，立即更换,1
T00583,高压管线刺漏,处置措施,停泵,80,指挥决定停泵,1
T00584,高压管线刺漏,处置措施,降低排量,80,施工指挥决定降低排量,1
T00585,高压弯头刺漏,处置措施,更换弯头,80,判断是弯头观察孔密封不严，立即更换,1
T00586,砂比 5%,发生于,第 11 段加砂压裂施工,80,11 月 3 日，7:24 开始第 11 段加砂压裂施工,1
T00587,砂比 10%,发生于,第 14 段加砂压裂施工,80,11 月 8 日，6:54 开始第 14 段加砂压裂施工,1
T00588,排量 12m³/min,发生于,第 15 段压裂施工,80,11 月 9 日 7:32 第 15 段开始压裂施工,1
T00589,法兰螺杆断裂,导致,施工压力突降,81,此时 3000 型 8 号压裂车高压出口法兰盘螺杆断裂，施工压力突降到 0,1
T00590,法兰螺杆断裂,导致,高压管汇断裂,81,高压水柱从高压管汇断裂处喷出,1
T00591,金属疲劳,原因是,震动,81,长期的震动使得螺杆产生金属疲劳,1
T00592,金属疲劳,原因是,使用时间较长,81,该批次法兰螺杆的使用时间较长,1
T00593,停泵,处置措施,法兰螺杆断裂,81,发现情况后，施工指挥下达立即停泵指令,1
T00594,更换排出法兰及连接螺杆,处置措施,法兰螺杆断裂,81,决定更换所有压裂车排出法兰及连接螺杆,1
T00595,合理分配排量,处置措施,金属疲劳风险,81,合理分配每台车的排量...减轻疲劳对高压件的影响,1
T00596,关闭井口 4 号闸门,处置措施,法兰螺杆断裂,81,停泵后立即安排人员关闭井口 4 号闸门后泄压整改,1
T00597,螺杆断裂,原因是,螺杆质量问题,82,螺杆质量问题,1
T00598,螺杆断裂,原因是,疲劳极限,82,达到疲劳极限,1
T00599,螺杆断裂,原因是,受力不均,82,安装时螺杆的受力不均,1
T00600,螺杆断裂,原因是,管线震动,82,压裂施工过程中管线震动,1
T00601,高压弯头爆裂,原因是,高压弯头质量问题,82,高压弯头质量问题,1
T00602,高压弯头爆裂,原因是,疲劳极限,82,高压弯头长期高压状态工作，达到疲劳极限,1
T00603,高压弯头爆裂,处置措施,紧急停车,82,紧急停车，施工压力降至 0,1
T00604,高压弯头爆裂,处置措施,关井口闸门,82,关井口 4 号闸门,1
T00605,高压弯头爆裂,处置措施,更换高压弯头,82,更换高压弯头并试压,1
T00606,螺杆断裂,处置措施,更换螺杆,82,更换 3000 型 8 号压裂车法兰盘螺杆,1
T00607,管线震动,处置措施,增加千斤顶,82,防止压裂施工中车辆抖动,1
T00608,3000 型 8 号压裂车,包含,法兰盘螺杆,82,更换 3000 型 8 号压裂车法兰盘螺杆,1
T00609,高压弯头爆裂,发生于,分配管汇,82,分配管汇出口一高压弯头突然爆裂,1
T00610,高压弯头爆裂,发生于,JY-B4HF 井,82,JY-B4HF 并第 10 段压裂施工中高压弯头爆裂,1
T00611,第 10 段压裂施工,监测指标,施工压力 81.9MPa,82,第 10 段压裂施工...施工压力 81.9MPa,1
T00612,第 10 段压裂施工,监测指标,排量 1.45m³/min,82,排量 1.45m³/min,1
T00613,泵车排出法兰螺杆断裂,原因是,螺杆强度不足,83,初步判断 3000 型泵车排出法兰螺杆强度达不到施工要求,1
T00614,泵车排出法兰螺杆断裂,处置措施,停泵,83,立即停泵，关井,1
T00615,泵车排出法兰螺杆断裂,处置措施,关井,83,立即停泵，关井,1
T00616,泵车排出法兰螺杆断裂,处置措施,断开该车,83,12:20 断开该车，继续压裂施工,1
T00617,3000 型泵车,包含,排出法兰螺杆,83,3000 型泵车排出法兰螺杆断裂,1
T00618,高压件,处置措施,检测探伤,83,定期检测探伤,1
T00619,高压件,处置措施,降级使用,83,使用一定时间后按要求降级使用,1
T00620,JY-B5HF 井,发生于,第 7 段压裂施工,83,JY-B5HF 并第 7 段压裂施工,1
T00621,井口弯头爆裂,发生于,JY-B6HF 井,84,1.33 JY-B6HF 并口弯头爆裂,1
T00622,井口弯头爆裂,表现为,75MPa,84,第三步试压至 75MPa 时，井口第三根爬坡管线落地弯头和与井口八通连接的弯头爆裂,1
T00623,异常情况,处置措施,停泵关井,84,一旦出现异常情况，泵车、混砂车立刻停泵，关井,1
T00624,试压,包含,30MPa,84,第一步试压 30MPa 无异常情况,1
T00625,试压,包含,60MPa,84,第二步 14:40 试压 60MPa 无异常情况,1
T00626,试压,包含,75MPa,84,第三步试压至 75MPa 时,1
T00627,安全防护绳,相关,泵头前后法兰间,84,泵头前后法兰间绑安全防护绳,1
T00628,弯头,表现为,弯头爆裂,85,落地弯头爆裂后,1
T00629,弯头爆裂,原因是,生产工艺问题,85,爆裂原因可能是厂家生产工艺的问题,1
T00630,生产工艺问题,导致,壁厚不达标,85,导致弯头壁厚不达标,1
T00631,壁厚不达标,导致,弯头爆裂,85,导致弯头壁厚不达标,1
T00632,弯头爆裂,处置措施,更换高压管件,85,更换弯头等损坏的高压管件,1
T00633,高压管件,监测指标,累计使用时间,85,应该定期监测高压管件的使用情况,1
T00634,壁厚,影响,弯头性能,85,弯头的壁厚、制造工艺都是影响弯头性能的关键参数,1
T00635,弯头爆裂,导致,弯头被拉断,85,落地弯头爆裂后，导致与井口八通连接的弯头被拉断,1
T00636,管件爆裂伤人,处置措施,能量缓冲装置,85,设置、优化能量缓冲装置，防止管件爆裂伤人,1
T00637,弯头爆裂,处置措施,禁止人员靠近,85,压裂期间，禁止人员在周边工作或活动,1
T00638,旋塞刺漏,发生于,第 17 段压裂施工,86,2016 年 4 月 28 日 8:58 开始第 17 段压裂施工...9:11 旋塞刺漏,1
T00639,第 17 段压裂施工,发生于,JY-B7HF 井,86,JY-B7HF 井...2016 年 4 月 28 日 8:58 开始第 17 段压裂施工,1
T00640,旋塞刺漏,原因是,高压件疲劳,86,高压件疲劳，并且施工压力高，导致旋塞刺漏,1
T00641,旋塞刺漏,原因是,施工压力高,86,高压件疲劳，并且施工压力高，导致旋塞刺漏,1
T00642,旋塞刺漏,处置措施,停泵整改,86,旋塞刺漏后停泵整改，更换旋塞,1
T00643,旋塞刺漏,处置措施,更换旋塞,86,旋塞刺漏后停泵整改，更换旋塞,1
T00644,更换旋塞,影响,试压,86,对更换后的旋塞进行试压，试压合格,1
T00645,高压件,处置措施,第三方探伤检测,86,按要求进行第三方探伤检测,1
T00646,水平井井眼轨迹复杂,导致,泵送桥塞 - 射孔联作施工困难,87,涪陵页岩气田水平井井眼轨迹复杂、水平段长、工艺难度大成为泵送桥塞 - 射孔联作施工困难的主要因素,1
T00647,设备质量问题,导致,作业复杂情况与故障,87,其次设备和工具本身存在的质量问题，以及施工队伍多、技术水平和管理水平的不均衡也是造成作业复杂情况与故障的主要因素,1
T00648,人为误判,导致,误操作剪断电缆,87,本章主要介绍涪陵页岩气田在泵送桥塞 - 射孔联作施工环节出现的人为误判...2.1 JY-C1HF 并泵送桥塞 - 射孔误操作剪断电缆,1
T00649,泵送桥塞 - 射孔联作,包含,桥塞中途坐封,87,本章主要介绍涪陵页岩气田在泵送桥塞 - 射孔联作施工环节出现的桥塞中途坐封,1
T00650,泵送桥塞 - 射孔联作,包含,砂卡电缆,87,本章主要介绍涪陵页岩气田在泵送桥塞 - 射孔联作施工环节出现的砂卡电缆,1
T00651,泵送桥塞 - 射孔联作,相关,施工排量大,87,该工艺施工周期短、方便段簇调整、施工排量大，成本低,1
T00652,工具串井下遇阻,表现为,电缆张力突然升高,88,张力由 4.8kN 突然升至 11kN,1
T00653,工具串井下遇阻,表现为,施工压力突然升高,88,施工压力突然由 42MPa 升至 65MPa,1
T00654,桥塞座封,导致,电缆张力不变,88,施工压力由 37MPa 降至 22MPa，电缆张力不减小,1
T00655,工具串井下遇阻,处置措施,连续油管打捞,88,换装连续油管作业井口...检查捞获电缆 20m,1
T00656,桥塞座封,处置措施,剪断电缆,88,关 7 号闸门剪断电缆,1
T00657,桥塞座封,处置措施,桥塞点火,88,平衡压后桥塞点火，丢掉桥塞后提出射孔枪,1
T00658,遇阻,发生于,2818.98m,89,遇阻深度 2818.98m，上提管柱，悬重由 130kN 升至 180kN,1
T00659,井口溢流,表现为,0.20~0.30m^3/min,89,井口溢流，溢流量 0.20~0.30m^3/min,1
T00660,桥塞落井,导致,打捞,89,检查捞获落鱼，全部射孔枪和座封工具打捞完，桥塞落井,1
T00661,正循环压井,相关,泥浆,89,1.99~2.05g/cm^3、黏度 47~50s 泥浆 32m^3，泥浆正循环压井,1
T00662,替浆,相关,连续油管,89,23:10 连续油管带喷嘴下到 1000m，700 型水泥车 9m^3 清水正循环替浆,1
T00663,替浆,相关,清水,89,累计用清水 56m^3 替浆，出口返泥浆、混浆等黑色液体 140m^3,1
T00664,钻塞,相关,平底磨鞋,89,连接钻磨工具 [管柱结构：φ110mm 平底磨鞋,1
T00665,施工压力,相关,16MPa 升至 18MPa 降至 15MPa,89,施工压力由 16MPa 升至 18MPa 降至 15MPa,1
T00666,排量,相关,0.20m^3/min 提到 0.40m^3/min,89,排量由 0.20m^3/min 提到 0.40m^3/min,1
T00667,泵压异常,表现为,0.2MPa 升至 17MPa,89,小排量注液 2.3m^3 后井口压力 0.2MPa 升至 17MPa,1
T00668,排量与下放速度不匹配,导致,桥塞中途座封,90,泵送排量与工具下放速度不匹配，造成桥塞中途座封,1
T00669,遇阻,处置措施,正循环磨铣钻塞,90,连续油管下到遇阻深度...正循环磨铣钻塞,1
T00670,反复泄压打压,影响,事件复杂性,90,不应反复泄压、打压，增加了事件的复杂性,1
T00671,技术交底不到位,导致,剪断电缆,90,未能很好地进行技术交底...对指令理解错误剪断电缆,1
T00672,连续油管,发生于,遇阻,"90,150",连续油管下到遇阻深度 3955.4m | 连续油管下到 4838.4m 遇阻，加压 50~100kN 通过,2
T00673,减阻水,相关,正循环磨铣钻塞,90,减阻水 80m^3 正循环磨铣钻塞,1
T00674,防喷管丝扣断裂,导致,电缆落井,91,防喷管从井口倒落地面，2500m 电缆和射孔工具串落井,1
T00675,桥塞座封不完全,表现为,施工压力 88.0MPa,91,每次压力上升很快，扩散的很慢，可以初步判断桥塞已经座封，但座封不完全,1
T00676,连续油管打捞,处置措施,电缆落井,91,2500m 电缆和射孔工具串落井...1. 连续油管打捞,1
T00677,内钩打捞矛断脱,发生于,连续油管打捞,91,起出连续油管检查打捞工具，未捞获落鱼，内钩打捞矛一根倒刺从根部断脱留井,1
T00678,注入减阻水,相关,桥塞座封不完全,91,经过三次泵送，均没有看见井下落鱼移动的显示...判断桥塞已经座封，但座封不完全,1
T00679,安装钻机,处置措施,电缆落井,91,井内落鱼还有电缆 87m 及射孔枪、桥塞等...7~15 日安装钻机,1
T00680,遇阻,发生于,下放钻具,92,3:30 下放钻具到井深 2500.08m 遇阻,1
T00681,无进尺,发生于,钻磨,92,25 日 18:00 钻磨到井深 3133.2m 无进尺,1
T00682,落井,原因是,桥塞,92,桥塞已丢手处落井,1
T00683,套铣,处置措施,落井,92,24:00 下套铣筒到鱼顶井深 2500.08m 套铣,1
T00684,打捞,处置措施,落井,92,23 日 2:00 下卡瓦打捞筒...捞获落鱼,1
T00685,循环压力,监测指标,套铣,92,循环压力 16MPa,1
T00686,排量,监测指标,套铣,92,排量 0.36m³/min,1
T00687,悬重,监测指标,打捞,92,悬重 500kN 降至 450kN,1
T00688,遇卡,表现为,泵压升高,93,27 日 6:30 循环冲砂时上提管柱发现遇卡，循环泵压 19MPa 升至 24MPa,1
T00689,遇卡,表现为,出口返砂,93,循环冲砂时上提管柱发现遇卡，出口有砂返出,1
T00690,遇卡,处置措施,活动解卡,93,17:00 活动解卡...19:30...活动管柱多次后，解卡成功,1
T00691,遇卡,处置措施,循环洗井,93,期间循环洗井，进口泥浆密度 1.98g/cm^3,1
T00692,遇卡,处置措施,循环降密度,93,30 日循环降密度，施工压力 14~15MPa,1
T00693,遇卡,处置措施,替酸,93,9 日 14:00~15:10...替 20% 盐酸 1m^3 到井深 3133m,1
T00694,循环降密度,影响,施工压力,93,30 日循环降密度，施工压力 14~15MPa,1
T00695,连续油管钻桥塞,包含,磨鞋,93,21 日 14:30 连接钻磨管柱，管柱结构：φ114mm 磨鞋,1
T00696,连续油管钻桥塞,包含,螺杆马达,93,21 日 14:30 连接钻磨管柱，管柱结构：...φ89mm 螺杆马达,1
T00697,打捞碎屑,相关,打捞篮,93,14:15 组装打捞工具...φ73mm 文丘里反循环打捞篮,1
T00698,连续油管钻桥塞,相关,连续油管,93,20 日 8:10~14:15 下φ50.4mm 连续油管到井深 3134m,1
T00699,限位顶丝未检查,导致,内由壬接头未完全上到位,94,没有及时检查...导致内由壬接头没有完全上到位,1
T00700,内由壬接头未完全上到位,导致,防喷管被顶开,94,由于内由壬接头没有完全到位...上部防喷管被井筒压力突然顶开,1
T00701,防喷管被顶开,导致,电缆及工具落井,94,上部防喷管被井筒压力突然顶开，从而导致电缆及工具落井,1
T00702,设备故障,原因是,吊车,95,吊车不足以支撑作业工况,1
T00703,设备故障,处置措施,第三方检测,95,设备应经过第三方检测，同时保证在检测有效期内使用设备,1
T00704,设备故障,处置措施,巡回检查,95,在施工过程中，应按频次要求对设备的关键部位进行巡回检查,1
T00705,验封失败,表现为,施工压力随排量增加而缓慢增加,95,施工压力随排量增加而缓慢增加，稳压稳不住，验封失败,1
T00706,工具串遇卡,处置措施,反复上提下放电缆解卡,95,总共 6 次在 0 ~ 12.0 kN 范围内反复上提下放电缆解卡，解卡无效,1
T00707,工具串遇卡,处置措施,卸套压,95,同时通过针阀控制卸套压解卡，控制速度缓慢上提,1
T00708,工具串遇卡,处置措施,小排量泵送,95,放松电缆，进行小排量泵送；多次放松电缆,1
T00709,电缆抖动,发生于,放松电缆缓慢上提过程中,95,放松电缆缓慢上提过程中电缆出现大抖动,1
T00710,JY-C3HF 井,发生于,泵送桥塞 - 射孔中途座封拉断电缆,95,2.3 JY-C3HF 并泵送桥塞 - 射孔中途座封拉断电缆,1
T00711,电缆变形,导致,阻流管处遇卡,96,断原因为电缆变形在阻流管处遇卡,1
T00712,阻流管处遇卡,处置措施,停起电缆作业,96,经多次活动解卡，无效，停起电缆作业,1
T00713,工具串落井,处置措施,连续油管打捞,"96,157",判断工具串落井...30 日 20:40 连续油管底带 | 22:30 连续油管起出打捞工具，捞出落井射孔工具串,2
T00714,工具串落井,处置措施,钻机打捞,96,判断工具串落井...2014 年 2 月 7 日钻井队上钻机,1
T00715,重泥浆沉淀,导致,通道被堵死,96,分析工具串以下的重浆已沉淀，大部分通道被堵死,1
T00716,重晶石粉沉淀,导致,冲砂较困难,96,分析是泥浆的重晶石粉沉淀，内钩的槽片较长，冲砂较困难,1
T00717,井口压力降为 0,原因是,地层微渗漏,96,停泵观察，井口压力降为 0，考虑地层微渗漏,1
T00718,压井,相关,700 型水泥车,96,7 日 21:00 压井：700 型水泥车挤注 1.95g/cm^3 泥浆,1
T00719,连续油管打捞,相关,内钩打捞矛,96,连续油管底带φ102mm 内钩打捞矛到 2508.9m 遇阻,1
T00720,压井,包含,施工压力,96,施工压力 29MPa 升至 40MPa 后降至 26MPa,1
T00721,压井,包含,排量,96,排量 0.15~0.35m^3/min,1
T00722,遇阻,原因是,电缆缠绕,97,鱼顶以上有遇阻现象，分析是电缆缠绕了打捞工具,1
T00723,套铣,导致,憋钻,97,15:00 套铣...进尺 0.16m 时憋钻,1
T00724,憋钻,表现为,悬重异常,97,上提管柱，悬重 400kN 升至 480kN 后降至 400kN,1
T00725,外钩打捞,包含,泥浆密度,97,充分循环调整泥浆，调整稳定后的泥浆是 1.83~1.85g/cm³,1
T00726,通井,监测指标,施工压力,97,通井...施工压力 17~20MPa,1
T00727,套铣,监测指标,排量,97,套铣...排量 0.30m³/min,1
T00728,内钩打捞矛,相关,下内钩打捞,98,下内钩下φ112mm 内钩打捞矛,1
T00729,外钩打捞矛,相关,下外钩打捞,98,下φ112mm 外钩打捞矛,1
T00730,篮式卡瓦打捞筒,相关,下打捞筒打捞,98,下φ107mm 篮式卡瓦打捞筒,1
T00731,循环洗井,相关,泥浆密度,98,用密度 1.84g/cm³泥浆循环洗井,1
T00732,循环洗井,相关,施工压力,98,施工压力 17~18MPa,1
T00733,循环洗井,相关,排量,98,排量 0.26~0.30m³/min,1
T00734,遇阻,导致,加压冲下,98,遇阻，深度 2574.51m...加压 40kN 冲下,1
T00735,捞获电缆,表现为,外钩打捞矛,98,带出外钩，捞获电缆 7 小段 4m,1
T00736,悬重正常,相关,下放悬重,98,下放悬重 260~280kN，下放悬重正常,1
T00737,落鱼下行,相关,悬重无明显变化,98,上提管柱，悬重无明显变化，判断落鱼下行,1
T00738,下外钩打捞,导致,外钩抓齿弯曲变形,99,外钩抓齿弯曲变形。分析是外钩插入到鱼顶的马笼头和套管的空间,1
T00739,外钩抓齿弯曲变形,原因是,外钩插入到鱼顶的马笼头和套管的空间,99,分析是外钩插入到鱼顶的马笼头和套管的空间，转动管柱时抓齿变形,1
T00740,下外钩打捞,表现为,遇阻,99,方钻杆方余 11.53m 遇阻，复探 3 次不变,1
T00741,下内钩打捞,监测指标,施工压力,99,下内钩打捞...施工压力 17~19MPa,1
T00742,下内钩打捞,监测指标,排量,99,下内钩打捞...排量 0.27~0.30m^3/min,1
T00743,下套铣筒套铣,监测指标,施工压力,99,下套铣筒套铣...施工压力 17~19MPa,1
T00744,遇卡,原因是,铁屑,100,480kN 遇卡，分析是套铣筒和套管环空有铁屑,1
T00745,遇卡,处置措施,活动管柱循环洗井,100,480kN 遇卡，活动管柱循环 1.84g/cm³ 泥浆洗井,1
T00746,活动管柱循环洗井,监测指标,施工压力,100,活动管柱循环洗井，施工压力 18 ~ 19MPa,1
T00747,活动管柱循环洗井,监测指标,排量,100,活动管柱循环洗井，排量 0.30m³/min,1
T00748,篮式卡瓦打捞筒,包含,捞获电缆,100,起钻带出打捞筒，捞获 0.1m 电缆,1
T00749,磨鞋,相关,通井,100,10 日 2:00 下 φ111.1 磨鞋，磨鞋通井,1
T00750,遇卡,表现为,遇阻,100,480kN 遇卡，下放管柱 260kN 降至 200kN 遇阻,1
T00751,清理井筒,发生于,遇阻,101,期间在 3862.0m、3957.0m、4092.0m 遇阻,1
T00752,遇阻,处置措施,上提下放开泵,101,遇阻，上提下放开泵通过,1
T00753,遇阻,处置措施,循环减阻水,101,15:30 上提到 4213.0m 开泵循环减阻水,1
T00754,连续油管,导致,工具落井,101,12:00 起连续油管出井口，工具落井,1
T00755,工具落井,包含,磨鞋,101,落鱼结构：φ110mm 五棱平底磨鞋,1
T00756,工具落井,包含,螺杆马达,101,落鱼结构：φ89mm 螺杆马达,1
T00757,磨鞋通井,监测指标,施工压力,101,施工压力 17.2~19.4MPa,1
T00758,磨鞋通井,监测指标,排量,101,排量 0.26~0.32m³/min,1
T00759,技术措施错误,导致,电缆缠绕工具串,102,遇卡后，通过泄压、打压方式解卡桥塞，导致电缆缠绕工具串,1
T00760,技术措施错误,导致,电缆剪断,102,通过泄压、打压方式解卡桥塞，导致电缆缠绕工具串、电缆剪断,1
T00761,施工经验不足,导致,事件故障复杂化,102,施工经验不足，对泵送桥塞工艺的复杂性认识不足，造成事件故障复杂化,1
T00762,优化施工参数,影响,泵压和下电缆速度同步,"102,129",优化施工参数，根据不同的井斜、井深、泵送泵压，做到泵压和下电缆速度同步,2
T00763,调整泥浆性能,发生于,压井前,102,（5）压井前一定要调整好泥浆性能，只有泥浆合格了才能入井,1
T00764,泥浆沉降,原因是,重晶石粉沉淀,103,本井在施工时泥浆的重晶石粉沉淀给下钻带来极大的困难,1
T00765,点火失败,原因是,点火线路短路,103,井口未观测到点火反应，初步判断为点火线路短路，点火失败,1
T00766,点火线路短路,原因是,电缆头渗水,103,发现电缆头接线处渗水，造成绝缘损坏，点火线路短路,1
T00767,点火线路短路,表现为,电流表满偏,103,3s 后电流表满偏显示点火电路短路,1
T00768,套铣鱼头,导致,事故复杂化,103,如果鱼头上还有较多的电缆，套铣将使事故复杂化,1
T00769,压井,导致,储层伤害,103,避免压井造成井下状况复杂化和对储层的伤害,1
T00770,JY-C4HF 井,发生于,点火失败,103,2.4 JY-C4HF 并泵送桥塞 - 射孔第 11 段点火失败,1
T00771,操作人员不熟练,导致,电缆头绝缘损坏,104,操作人员不熟练...造成点火线绝缘损坏,1
T00772,电缆头密封不严,导致,液体渗入,104,电缆头连接处密封不严...导致液体渗入缆芯连接处,1
T00773,液体渗入,导致,电缆头绝缘损坏,104,导致液体渗入缆芯连接处，造成点火线绝缘损坏,1
T00774,注入足量硅脂,处置措施,确保线路绝缘,104,每下井 2 次就对电缆头注入足量硅脂，确保线路绝缘,1
T00775,重做电缆头,处置措施,保证电缆头绝缘,104,每下井 6 次重做电缆头...保证电缆头绝缘,1
T00776,JY-C5HF 井,发生于,工具遇卡,104,JY-C5HF 并泵送桥塞 - 射孔遇卡,1
T00777,工具遇卡,表现为,张力异常,104,上提电缆时发现张力异常...确认井下工具遇卡,1
T00778,砂桥,导致,工具串遇阻,105,形成砂桥，从而导致桥塞及射孔工具串扎入砂堆遇阻,1
T00779,井筒积砂,原因是,顶替不彻底,105,井筒积砂，分析与本段压裂结束，顶替不彻底有关,1
T00780,砂桥,导致,泵送压力波动,105,泵送压力有明显波动，推测是由于...形成砂桥,1
T00781,软卡,原因是,桥塞周围积砂,105,可判断为软卡，桥塞周围有压裂砂,1
T00782,电缆张力变化不明显,表现为,座封滑移,105,座封桥塞时电缆张力下降不明显，可进一步验证桥塞在砂堆中座封存在滑移现象,1
T00783,推筒外壁划痕,相关,推筒卡阻,105,推筒外壁有大量划痕，进一步验证了卡点在推筒上,1
T00784,桥塞原地座封,包含,射孔深度调整,105,决定桥塞原地座封...第一枪由原来 3673.0~3674.0m 调整为 3670.65~3671.65m,1
T00785,金属残渣,导致,工具串遇卡,106,颗粒较大的残渣无法通过推筒与套管间的间隙，从而挂卡工具串,1
T00786,工具串遇卡,表现为,电缆张力异常,106,从而挂卡工具串，电缆张力异常,1
T00787,工具串遇卡,表现为,井口压力升高,106,停车后发现井口压力已经升至 54MPa,1
T00788,桥塞遇卡,处置措施,点火丢手,106,采取点火丢手方式解卡,1
T00789,盲目起电缆,导致,电缆断脱,106,避免盲目起电缆，出现电缆断脱等复杂情况,1
T00790,过顶替清理井筒,影响,工具串顺利入井,106,以便于后续电缆泵送桥塞及射孔工具串顺利入井,1
T00791,排量 1.8m³/min,监测指标,施工压力 37MPa,106,正常 1.8m³/min 排量的施工压力为 37MPa,1
T00792,电缆地面遇卡,原因是,回油管线被堵,107,检查回油管线，发现回油流量太小，确定遇卡原因是回油管线被堵,1
T00793,电缆地面遇卡,表现为,回油流量太小,107,检查回油管线，发现回油流量太小，确定遇卡原因是回油管线被堵,1
T00794,回油管线被堵,处置措施,人工卸掉回油管线,107,最后用人工卸掉回油管线，卸掉喇叭口，手动释放防喷盒密封盘根解卡,1
T00795,回油管线被堵,处置措施,手动释放防喷盒密封盘根解卡,107,最后用人工卸掉回油管线，卸掉喇叭口，手动释放防喷盒密封盘根解卡,1
T00796,连续油管,包含,五棱平底磨鞋,107,管柱结构：φ 110mm 五棱平底磨鞋+φ 73mm 螺杆马达,1
T00797,连续油管,包含,螺杆马达,"107,180,186,187,213",管柱结构：φ 110mm 五棱平底磨鞋+φ 73mm 螺杆马达 | 平底磨鞋开始进行钻磨桥塞及 89mm 螺杆马达施工 | 连接钻塞工具：φ110mm 贝克平底磨鞋 +φ73mm 螺杆马达 | 连续油管连接钻塞管柱，管柱结构：φ110mm 平底磨鞋 +φ73mm 螺杆马达 | 管柱结构：φ108mm 平底磨鞋 + φ73mm 螺杆马达,5
T00798,遇阻,监测指标,施工压力,107,减阻水正循环洗井，施工压力 35.3~35.6MPa，排量 0.40m^3/min,1
T00799,遇阻,监测指标,排量,107,减阻水正循环洗井，施工压力 35.3~35.6MPa，排量 0.40m^3/min,1
T00800,五棱平底磨鞋,表现为,磨鞋磨损严重,107,18:25 起出连续油管通井管柱，检查五棱平底磨鞋磨损严重,1
T00801,遇阻,发生于,连续油管,107,22:40 下连续油管加压 20kN 遇阻，深度 4104.00m,1
T00802,井筒内壁粘有压裂砂,导致,桥塞遇卡,108,将压裂砂堆积在桥塞与井筒间隙中，导致桥塞遇卡,1
T00803,电缆携砂过多,导致,电缆被卡住,108,导致防喷盒内压裂砂积累过多，最终卡死电缆，电缆被卡住,1
T00804,连续油管内打压,表现为,泵压下降,108,连续油管内打压 42MPa 后降至 26MPa,1
T00805,优化施工参数,影响,电缆起下速度,108,泵送参数与电缆起下速度一致,1
T00806,工具落井,发生于,JY-C7HF 井,109,2.7 JY-C7HF 并第 8 段泵送工具串落并,1
T00807,工具落井,原因是,电缆打扭遇卡,109,排除设备原因，判断电缆打扭遇卡,1
T00808,工具落井,表现为,施工压力升高,109,施工压力由 28.61MPa 升至 58.63MPa,1
T00809,工具落井,表现为,张力异常,109,张力异常,1
T00810,工具落井,表现为,CCL 曲线异常,109,CCL 曲线异常,1
T00811,电缆打扭遇卡,导致,桥塞未座封,109,工具落井。12 日 0:30 起电缆到 323m 遇卡...判断桥塞未座封,1
T00812,工具落井,处置措施,连续油管打捞,109,1. 连续油管打捞,1
T00813,工具落井,处置措施,剪掉电缆打扭部分,109,剪掉电缆打扭部分，重新连接电缆,1
T00814,连续油管打捞,包含,卡瓦打捞筒,"109,142",管柱结构：φ105mm 卡瓦打捞筒 | 管柱结构：φ76.20mm 卡瓦打捞筒,2
T00815,连续油管打捞,包含,震击器,109,φ73mm 震击器,1
T00816,工具落井,监测指标,排量,109,排量由 0.4m3/min 升至 1.8m3/min,1
T00817,工具落井,监测指标,施工压力,109,施工压力由 28.61MPa 升至 58.63MPa,1
T00818,遇阻,导致,泵压升高,110,泵送桥塞到 2866.0m 遇阻，施工压力 58MPa,1
T00819,点火不成功,表现为,发射率 50%,110,第一枪点火不成功，发射率 50%,1
T00820,泵送桥塞,发生于,第 8 段,110,电缆输送第 8 段射孔枪、桥塞,1
T00821,遇阻,处置措施,起出工具串,"110,123",15:40 起出工具串，检查无明显磨损 | 若泵送时仍然遇阻，建议起出工具串,2
T00822,点火不成功,处置措施,补射孔,110,第一枪点火不成功... 下连续油管补射孔,1
T00823,速度不同步,导致,泵送桥塞遇阻,111,在泵送期间绞车速度与工具串速度不同步造成本次事件,1
T00824,井筒内压裂砂堆积,导致,泵送桥塞遇阻,111,分析遇阻的主要原因是井筒内有较多压裂砂，在工具串作用下水平段压裂砂逐渐堆积,1
T00825,管线连接不紧凑,导致,地面管线积砂,111,压裂车供液连接管线不紧凑，导致尾部流速降低而含砂,1
T00826,施工前准备不足,导致,盲目施工,111,施工前准备不足，施工人员对井下可能出现的问题预估不足，没有采取预防措施,1
T00827,地面流程整改,包含,缩短管汇长度,111,对地面流程进行了整改，缩短高低压集流管汇长度,1
T00828,CCL 曲线异常,表现为,井下可能出现的问题,111,施工人员对井下可能出现的问题预估不足，发现 CCL 曲线异常,1
T00829,施工参数,包含,泵压,112,确定泵送的泵压排量及电缆起下速度,1
T00830,施工参数,包含,排量,112,确定泵送的泵压排量及电缆起下速度,1
T00831,施工参数,包含,电缆起下速度,112,确定泵送的泵压排量及电缆起下速度,1
T00832,异常情况,处置措施,及时停泵,112,施工过程中有异常及时停泵,1
T00833,地面流程管线,处置措施,缩短地面流程管线,112,尽量缩短地面流程管线，管线接头处不留死角,1
T00834,泵送桥塞 - 射孔联作流程,处置措施,流程单独连接,112,泵送桥塞 - 射孔联作流程单独连接,1
T00835,流程单独连接,影响,无压裂砂带入井内,112,确保泵送施工中无压裂砂带入井内,1
T00836,JY-C8HF 井,表现为,泵送桥塞未丢手,112,2.8 JY-C8HF 并电缆泵送桥塞未丢手,1
T00837,泵送,监测指标,排量,112,开始泵送，开泵后逐步提升排量,1
T00838,施工参数,相关,井身结构,112,根据不同的井斜、井深、井身结构，确定泵送的泵压排量,1
T00839,桥塞未完全座封,原因是,桥塞火药质量问题,113,此次桥塞未完全座封的根本原因为桥塞火药质量问题,1
T00840,电缆拉断,处置措施,打捞作业,113,拉断电缆...16 日 8:00 组下打捞管柱,1
T00841,试挤作业,监测指标,施工压力,113,试挤：排量由 2.0m³/min 升至 10.0m³/min...施工压力由 15.6MPa 升至 77.1MPa,1
T00842,试挤作业,监测指标,排量,113,试挤：排量由 2.0m³/min 升至 10.0m³/min 再降至 2m³/min,1
T00843,施工压力,表现为,泵压异常,"113,141",施工压力由 15.6MPa 升至 77.1MPa 后降至 44MPa | 施工压力升高到 82MPa，无法继续泵送,2
T00844,打捞管柱,包含,卡瓦打捞筒,113,管柱结构：φ105mm 卡瓦打捞筒 +φ98mm 变扣接头,1
T00845,桥塞未完全座封,发生于,涪陵页岩气田,113,涪陵页岩气田试气压裂作业井复杂情况与故障案例分析,1
T00846,工具串遇卡,发生于,JY-C9HF 井,114,2.9 JY-C9HF 并第 6 段泵送桥塞 - 射孔遇卡,1
T00847,工具串遇卡,表现为,电缆张力上升,114,电缆张力随即上升 3.6kN（800lb）左右,1
T00848,桥塞火药,处置措施,禁止使用,114,禁止使用这一批次的桥塞火药（600 级）,1
T00849,射孔器材,处置措施,防潮,114,现场合理存放射孔器材，做好防潮、保管工作,1
T00850,泵送桥塞射孔,相关,排量,114,最高排量 2.2m³/min,1
T00851,电缆断裂,原因是,电缆头弱点,115,判断电缆在电缆头弱点处断开,1
T00852,电缆断裂,表现为,电缆剧烈跳动,115,电缆剧烈跳动，张力显示降至 3.0kN,1
T00853,电缆断裂,表现为,张力下降,115,张力显示降至 3.0kN（680lb）,1
T00854,仪器落井,原因是,电缆断裂,115,判断电缆在电缆头弱点处断开，最终确定仪器落井,1
T00855,仪器落井,表现为,信号丢失,115,地面仪器读不到磁定位的信号,1
T00856,仪器落井,表现为,电流增加,115,仪器供电电流增加 70mA,1
T00857,上提电缆,监测指标,电缆张力,115,观察电缆张力变化，上提电缆 128.5m,1
T00858,上提电缆,相关,上提速度,115,以 10m/min 的速度上提电缆,1
T00859,桥塞遇卡,原因是,慢燃火药燃烧不充分,116,桥塞火药的质量问题或雨天受潮，使燃烧产生的推力小于桥塞丢手拉断力,1
T00860,桥塞遇卡,原因是,座封工具故障,116,座封工具可能存在下井过程中由于受环境影响，出现油缸漏油的情况,1
T00861,桥塞遇卡,原因是,火药燃烧室漏气,116,桥塞投送工具的火药燃烧室可能出现漏气的现象，使火药燃烧产生的能量部分泄露,1
T00862,桥塞遇卡,原因是,桥塞拉断销质量问题,116,桥塞拉断销拉断力大于 177.8kN，桥塞点火后产生的拉断力无法正常拉断桥塞拉断销,1
T00863,桥塞遇卡,原因是,沉砂,116,根据泵送张力变化曲线推断，泵送桥塞工具串即将到达桥塞深度时受沉砂影响,1
T00864,桥塞落井,处置措施,打捞作业,116,7 日 21:33 下打捞工具管柱，8 日 6:45 起连续油管打捞管柱，捞获射孔工具串一套,1
T00865,打捞作业,监测指标,施工压力 32.5MPa,116,21:51 减阻水循环冲洗上提下放连续油管分别加压 30kN、45kN 打捞，施工压力 32.5MPa,1
T00866,沉砂,影响,电缆张力异常,116,电缆张力突然变化范围加大到 2.9~4.0kN，速度由 32m/min 降至 22m/min,1
T00867,桥塞试压,监测指标,压降 0.2MPa,116,7:30 减阻水打压 70MPa 对桥塞试压，10min 压降 0.2MPa，合格,1
T00868,排量 2.2m³/min,相关,沉砂,116,在 2.2m³/min 排量液体的推动下经过沉砂位置,1
T00869,工具被卡,导致,电缆无法正常提出,117,可能是推动工具上行过程中被卡，导致电缆无法正常提出工具,1
T00870,张力,原因是,工具被卡,117,张力之所以降低 0.2 kN，可能是推动工具上行过程中被卡,1
T00871,打捞,处置措施,落井工具,117,落井工具捞获之后，根据前期判断，进行解剖分析,1
T00872,漏气检查分析,处置措施,落井工具,117,漏气检查分析：首先压迫破裂盘，释放燃烧室气体压力,1
T00873,漏油检查分析,处置措施,落井工具,117,漏油检查分析：检查上油室密封圈，观察油盆中的机油颜色,1
T00874,桥塞工具,包含,拉断环,117,桥塞工具动作中并无漏油现象，拉断环为铝合金材料,1
T00875,沉砂,影响,张力,117,无异于拖动部分沉砂向上堆积，张力之所以降低,1
T00876,工具携砂,表现为,套管压力降低,118,工具携砂：上提打捞工具过程中，套管压力持续降低,1
T00877,沉砂,导致,电缆无法起出,118,可能是推动工具上行过程中被卡，导致电缆无法正常起出工具,1
T00878,校正深度操作,导致,沉砂,118,上提测量校正深度过程中，无异于拖动部分沉砂向上堆积,1
T00879,桥塞点火失败,表现为,点火电流异常,118,瞬间点火电流高于 2000mA，电流 50mA 左右，均无张力变化,1
T00880,桥塞点火失败,处置措施,更换点火控制面板,118,更换点火控制面板，再次进行编码通信，13:17 点火,1
T00881,套管压力降低,处置措施,停止上提,118,井口压力降至 15 MPa 时停止上提，压力不能恢复,1
T00882,桥塞座封失败,处置措施,上提电缆,119,判断桥塞座封失败，上提电缆。,1
T00883,井口试压,监测指标,70MPa,119,进行井口试压 70MPa，稳压 10min，合格。,1
T00884,井口试压,监测指标,10min,119,进行井口试压 70MPa，稳压 10min，合格。,1
T00885,桥塞工具,包含,密封圈,119,拆开工具检查气室、油室密封圈正常,1
T00886,连续油管输送射孔,影响,射孔深度,119,进行连续油管输送射孔，射孔深度调整为 3364.0~3365.5m,1
T00887,桥塞座封失败,处置措施,井口试压,119,起出电缆后进行井口试压，试压合格。,1
T00888,施工经验不足,导致,桥塞座封误判,120,现场时施工经验不足，没有在桥塞点火后进行验封检测，导致对桥塞座封的误判,1
T00889,点火电流突变,导致,点火失败,120,瞬间点火电流突变，错误的判断点火开关出现短路现象...致使点火失败,1
T00890,心理因素,影响,点火失败,120,心理因素，对 GuardiaN 该批次编码开关失去信心，当问题出现时加重怀疑,1
T00891,泵送桥塞施工,相关,工具串落井,120,2.11 JY-C11HF 并第 2 段泵送工具串落并,1
T00892,排量 8.0~8.5m³/min,发生于,第 1 段压裂,120,2014 年 8 月 10 日第 1 段压裂，第 1 级桥塞设计深度 4373.0m,1
T00893,桥塞,包含,射孔枪,120,工具串结构：φ105mm 桥塞 +φ105mm 推筒 +φ97mm 座封工具...射孔枪,1
T00894,工具串落井,原因是,电缆从打捞头滑脱,121,电缆从打捞头滑脱。井下落鱼结构,1
T00895,工具串落井,表现为,井口压力下降,121,井口压力由 43MPa 降至 22MPa,1
T00896,工具串落井,表现为,张力下降,121,张力显示由 7.8kN 降至 4.5kN,1
T00897,工具串落井,表现为,防喷管抖动,121,发现防喷管、电缆、地滑轮发生抖动,1
T00898,工具串落井,处置措施,打捞作业,121,连接打捞管柱，并对连续油管防喷管试压,1
T00899,打捞作业,包含,连续油管,"121,149",下连续油管带打捞工具到井深 2000.00m | 下连续油管到 3834m,2
T00900,打捞作业,包含,卡瓦打捞筒,"121,149",φ95.5mm 卡瓦打捞筒 | 组下打捞管柱（管柱结构：φ 105mm 卡瓦打捞筒,2
T00901,试挤减阻水,监测指标,施工压力,121,施工压力 70~78MPa,1
T00902,施工压力,同义,70~78MPa,121,施工压力 70~78MPa,1
T00903,试挤减阻水,监测指标,排量,121,排量 7~8m³/min,1
T00904,排量,同义,7~8m³/min,121,排量 7~8m³/min,1
T00905,液压丢手,导致,新增井下落鱼,121,检查发现从液压丢手拉脱。新增井下落鱼长 1.75m,1
T00906,打捞作业,发生于,4382.5m,121,下管柱到 4382.5m 探得鱼顶,1
T00907,未能加砂,导致,井筒不清洁,122,第 1 段压裂未能加砂，井筒不清洁，油泥多,1
T00908,工具串遇阻,原因是,井筒不清洁,122,第 1 段压裂未能加砂，井筒不清洁，油泥多,1
T00909,油泥堆积,导致,工具串遇阻,122,泵送过程中井筒内黏稠性物体在桥塞下方逐渐堆积...工具串遇阻,1
T00910,压差推力,导致,电缆头断裂,122,强大的液体推动力导致电缆头弱点瞬间断裂,1
T00911,泵压异常升高,表现为,压力 52MPa 升至 60.1MPa,122,出现井口泵送压力突然从 52MPa 升至 60.1MPa,1
T00912,排量 1.8m³/min,影响,工具串遇阻,122,1.8m³/min 的排量无法推动工具串继续前行,1
T00913,清洁井筒,处置措施,工具串遇阻,122,前期井筒准备时应清洁井筒，保证井筒干净,1
T00914,油泥堆积,导致,泵压异常升高,122,当桥塞与套管环空完全被堵塞时，出现井口泵送压力突然从 52MPa 升至 60.1MPa,1
T00915,遇阻,处置措施,停泵,123,若泵送过程中突然发生遇阻，应立即通知压裂车停泵,1
T00916,遇阻,处置措施,绞车停车,123,应立即通知压裂车停泵，绞车停车,1
T00917,压力不降,处置措施,放松电缆,123,尽快放松电缆，同时开井泄压到与井内压力平衡,1
T00918,压力不降,处置措施,开井泄压,123,尽快放松电缆，同时开井泄压到与井内压力平衡,1
T00919,遇阻,处置措施,上提工具串,123,遇阻后应上提工具串到初始泵送深度,1
T00920,遇阻,处置措施,处理井筒,123,处理井筒后再施工,1
T00921,遇卡,原因是,桥塞中途座封,123,有可能是桥塞中途座封导致,1
T00922,遇卡,原因是,套管变形,123,也可能是套管变形、井筒内异物所致,1
T00923,遇卡,原因是,井筒内异物,123,也可能是套管变形、井筒内异物所致,1
T00924,遇卡,处置措施,降低井口压力,123,则首先应降低井口压力,1
T00925,遇卡,处置措施,提拉电缆解卡,123,再进行提拉电缆解卡操作,1
T00926,遇卡,处置措施,点火座封桥塞,123,通常采用点火座封桥塞,1
T00927,遇卡,处置措施,连续油管钻磨桥塞,123,再进行连续油管钻磨桥塞的处置方式,1
T00928,工具串,包含,桥塞,123,组装φ105mm 桥塞和φ89mm 射孔枪,1
T00929,工具串,包含,射孔枪,123,组装φ105mm 桥塞和φ89mm 射孔枪,1
T00930,施工压力,监测指标,遇阻,123,泵送射孔枪及桥塞到 2960.00 轻微遇阻，施工压力 54.0MPa,1
T00931,排量,相关,遇阻,123,排量 0.5~1.8m³/min,1
T00932,电缆断裂,导致,工具串落井,"124,139,142",14:00 起出电缆，检查从弱点处断裂。随后工具串落井 | 发现电缆从弱点处断裂，发现桥塞及射孔枪落井 | 确定电缆从马笼头弱点处断脱，工具串落井,3
T00933,张力突然上升,表现为,工具串落井,124,张力开始上升，从 2.5kN 突然升至 5kN...随后工具串落井,1
T00934,打捞落鱼,处置措施,工具串落井,124,随后工具串落井...14:08 下连续油管到 4303.00m 探得鱼顶，14:16 停泵打捞,1
T00935,桥塞遇阻,处置措施,起出桥塞,124,16:12 下连续油管带座封工具到 4117.00m 遇阻...22:30 起连续油管带出桥塞,1
T00936,连续油管,相关,打捞落鱼,"124,147",下连续油管带打捞工具到井深 4265.00m 探得鱼顶...捞获全部落鱼 | 开始下连续油管...进行打捞落鱼作业,2
T00937,井口压力,监测指标,张力突然上升,124,张力开始上升...井口压力为 51~52MPa，排量 2.0m³/min,1
T00938,井眼轨迹上翘,导致,工具串摩阻较大,125,由于井眼轨迹上翘，工具串在井筒内相对摩阻较大,1
T00939,泵送排量设置偏高,导致,工具串推进力增大,125,因此泵送排量设置偏高，使得工具串在井筒中的推进力增大,1
T00940,工具串遇阻到瞬间失阻,导致,工具串弹射冲击力增加,125,一旦遇阻到瞬间失阻时工具串弹射出去的冲击力增加,1
T00941,工具串弹射冲击力增加,导致,电缆头弱点冲击,125,纵然井口加速下放也很难减缓其对电缆头弱点的冲击,1
T00942,井筒内沉淀物,导致,桥塞轻微遇阻,125,现场分析认为是由于井筒内沉淀物，导致的桥塞轻微遇阻,1
T00943,游离的硬质颗粒,导致,工具串与电缆脱离,125,在工具串与井筒间隙有游离的硬质颗粒存在...工具串与电缆脱离,1
T00944,文丘里反循环打捞篮,处置措施,打捞井筒杂质,125,3:00 组装文丘里反循环打捞篮打捞井筒杂质,1
T00945,张力异常,相关,复杂井况,125,在前二次泵送失败时反复出现了几次张力异常后,1
T00946,泵压变化,表现为,桥塞丢手成功,125,泵压由 0 升至 20MPa 降至 12MPa 桥塞丢手成功,1
T00947,泵送排量,影响,掉枪风险,126,合理的减小泵送排量，减少工具串的泵送推力，从而减小掉枪风险,1
T00948,泵送排量,影响,泵送推力,126,合理的减小泵送排量，减少工具串的泵送推力,1
T00949,井眼轨迹,影响,泵送排量,126,根据井眼轨迹情况，合理的减小泵送排量,1
T00950,张力异常,处置措施,立即停泵,126,如果遇到井下 CCL 曲线、张力异常等情况时，立即停泵,1
T00951,CCL 曲线异常,处置措施,立即停泵,126,如果遇到井下 CCL 曲线、张力异常等情况时，立即停泵,1
T00952,电缆断开,导致,工具串落井,126,发现电缆从弱点处断开，落鱼结构,1
T00953,工具串落井,发生于,JY-C13HF 井,126,2.13 JY-C13HF 并第 5 段泵送工具串落并,1
T00954,连续油管打捞,处置措施,工具串落井,"126,132,142",2.13.3 处理过程 1. 连续油管打捞 | 下外径 50.8mm 连续油管底带打捞工具 | 下连续油管打捞管柱，带出整个工具串,3
T00955,遇阻,处置措施,正循环洗井,126,处遇阻，加压 50kN，复探 3 次深度不变，期间正循环洗井 1.5 周,1
T00956,遇卡,处置措施,上提悬重解卡,126,处遇卡，上提悬重由 100kN 升至 240kN 解卡,1
T00957,桥塞断脱,导致,射孔枪未发射,127,检查工具发现桥塞从弱点处断脱，射孔枪未发射,1
T00958,地面张力波动大,导致,电缆拉断,127,地面张力始终的波动范围要比平常泵送时大... 该井段施工中电缆拉断,1
T00959,压裂车试挤,表现为,施工压力 20MPa 升至 75MPa,127,22:00 压裂车试挤... 施工压力 20MPa 升至 75MPa,1
T00960,压裂车试挤,表现为,排量 1m³/min,127,22:00 压裂车试挤，排量 1m³/min,1
T00961,清理井筒,处置措施,桥塞断脱,127,检查工具发现桥塞从弱点处断脱... 2. 清理井筒,1
T00962,变更本段射孔井段,处置措施,压裂车试挤,127,22:00 压裂车试挤... 决定变更本段射孔井段,1
T00963,连续油管射孔,处置措施,变更本段射孔井段,127,决定变更本段射孔井段。3. 连续油管射孔,1
T00964,加压 60kN 无进尺,发生于,清理井筒,127,2. 清理井筒... 加压 60kN 无进尺,1
T00965,金属疲劳,导致,钢丝断裂,129,增加了金属的疲劳，电缆钢丝断裂处呈现喇叭状,1
T00966,张力异常,导致,电缆被拉断,129,在出现异常大的张力下，电缆在弱点被拉断后的瞬间,1
T00967,压力波动,相关,泵送风险,129,如果压力波动或者压力绝对值过高，应积极与压裂队等共同查找原因，降低泵送风险,1
T00968,井下滑轮短节,相关,降低井下摩阻,129,入井工具增加井下滑轮短节，用于降低井下摩阻,1
T00969,张力异常,处置措施,停泵,129,如果发现异常，立即停泵并加速下放电缆,1
T00970,井眼轨迹上翘,导致,泵送工具落井,130,2.14 JY-C14HF 井井眼轨迹上翘致泵送工具落井,1
T00971,电缆断脱,导致,射孔枪落井,130,电缆断脱射孔枪落井,1
T00972,座封工具中有砂,导致,遇阻,130,检查：座封工具中有砂；下到 2880.00m 遇阻,1
T00973,清理井筒,处置措施,遇阻,130,14:00 清理井筒，泵入减阻水 152m³,1
T00974,加滚珠接头,处置措施,遇阻,130,中间加φ96.5mm 滚珠接头 2 只...泵送 3 次不成功...下到 2880.00m 遇阻,1
T00975,JY-C14HF 井,包含,水平段为上翘型,130,水平段为上翘型，最大井斜角 106.8°,1
T00976,泵送工具落井,发生于,JY-C14HF 井,130,2.14 JY-C14HF 井井眼轨迹上翘致泵送工具落井,1
T00977,施工压力,监测指标,泵送过程,130,用减阻水泵送，施工压力 29MPa,1
T00978,排量,监测指标,泵送过程,130,用减阻水泵送，施工压力 29MPa，排量 2m³/min,1
T00979,模拟泵送遇阻,原因是,井斜角变化较大,131,井斜角变化较大，泵送过程中模拟工具串摩擦阻力增大,1
T00980,模拟泵送遇阻,原因是,工具串设计长度长,131,模拟工具串设计长度长，模拟枪长度较长,1
T00981,井斜角变化较大,导致,摩擦阻力增大,131,井斜角变化较大，泵送过程中模拟工具串摩擦阻力增大,1
T00982,工具串设计长度长,导致,摩擦阻力增大,131,模拟枪长度较长，在如此大井斜角及上翘型井眼轨迹中，模拟工具串泵送摩擦阻力大,1
T00983,摩擦阻力增大,导致,泵不到位,131,摩擦阻力增大，导致在该井段连续三次泵不到位,1
T00984,优化泵送射孔工具串结构,包含,缩短射孔枪长度,131,优化后的模拟泵送射孔工具串，缩短了射孔枪长度,1
T00985,优化泵送射孔工具串结构,包含,增加滚珠接头,131,增加了滚珠接头，减小了模拟泵送射孔工具串前行过程中的摩擦阻力,1
T00986,增加滚珠接头,影响,减小摩擦阻力,131,增加了滚珠接头，减小了模拟泵送射孔工具串前行过程中的摩擦阻力,1
T00987,增加滚珠接头,影响,剪断电缆的风险,131,但也增加了射孔时剪断电缆的风险,1
T00988,落鱼偏心,导致,打捞未获,131,显示落鱼偏心抵住一侧，卡瓦未撑开...未捞获,1
T00989,泵送桥塞 - 射孔遇卡,发生于,JY-C15HF 井,132,2.15 JY-C15HF 并第 16 段泵送桥塞 - 射孔遇卡,1
T00990,泵送设备故障,导致,施工停等,132,28 日由于泵送设备故障和邻井压裂组织停等 7.5h,1
T00991,施工压力,表现为,凸齿状波动,132,施工压力呈凸齿状波动，波动幅度 2~4MPa,1
T00992,施工压力,表现为,突升至 84MPa,132,施工压力突降至 77.2MPa 后，随即突升至 84MPa,1
T00993,电缆张力,表现为,异常上涨,132,电缆张力随之异常上涨,1
T00994,射孔枪通讯异常,原因是,检测电流超过正常范围,132,检测电流超过正常范围，无法与桥塞工具进行通信,1
T00995,紧急停泵,处置措施,泵送桥塞 - 射孔遇卡,132,操作人员采取紧急停泵、加快下放电缆速度等措施,1
T00996,正打压冲洗,处置措施,泵送桥塞 - 射孔遇卡,132,22:40 采用正打压冲洗，泵车挂一挡怠速状态下,1
T00997,拉断电缆弱点,处置措施,泵送桥塞 - 射孔遇卡,132,决定拉断电缆弱点。上提电缆拉力二次到 23.1kN,1
T00998,拉断电缆弱点,导致,工具串落井,132,判断电缆在电缆弱点处拉脱。7:50 上提电缆到井口...工具串落井,1
T00999,工具串砂卡,导致,异常情况,133,泵送桥塞射孔过程中，工具串砂卡，导致了异常情况发生。,1
T01000,排量下降,导致,井筒内存在沉砂,133,为避免超压停泵，排量由 14m³/min 降至 8.5m³/min 下降，可能导致井筒内存在沉砂,1
T01001,未能及时泵送桥塞射孔,导致,沉砂堆积更加严重,133,未能及时泵送桥塞射孔，导致井筒内沉砂堆积更加严重,1
T01002,水平井段上翘拐点,影响,沉砂,133,4000m 处为水平井段上翘拐点，容易造成沉砂。,1
T01003,泵送压力呈凸齿状波动,表现为,沉砂形成小砂堆临时阻挡,133,泵送压力呈凸齿状波动，说明泵送推送中沉砂形成小砂堆临时阻挡所致,1
T01004,钻除井筒内 15 级桥塞,处置措施,15 级桥塞,133,15 日钻除井筒内 15 级桥塞，16、17 日用强磁和文丘里两趟钻清理,1
T01005,清理井筒碎屑,处置措施,井筒碎屑,133,16、17 日用强磁和文丘里两趟钻清理井筒碎屑,1
T01006,砂堆堵塞套管,导致,泵送压力突升,134,表明工具串运行到该深度时，冲入井筒内更大的砂堆堵塞住套管，造成井内压力瞬间提高,1
T01007,砂堆堵塞套管,导致,停泵后压力不降,134,堵塞住套管，造成井内压力瞬间提高，停泵后压力不降,1
T01008,砂堆堵塞套管,发生于,4000m,134,工具串运行到该深度时，冲入井筒内更大的砂堆堵塞住套管,1
T01009,压裂完到泵送时间长,导致,泵脱异常,134,压裂完到泵送时间长，使井筒条件变的更为复杂，是导致泵脱异常发生的因素,1
T01010,压裂完到泵送时间长,导致,水平段沉积污物,134,压裂完到泵送间隔达 7.5h，时间越长，水平段沉积污物越严重,1
T01011,经验不足,导致,复杂情况发生,134,主观上被进度牵制影响，没有客观的认识到问题，经验不足，是导致复杂情况发生的又一因素,1
T01012,泵送压力过高,处置措施,停止泵送,134,泵送桥塞射孔压力过高时（超过 75MPa）停止泵送,1
T01013,泵送压力过高,处置措施,挤酸,134,重新挤酸及大排量冲洗处理,1
T01014,泵送压力过高,处置措施,大排量冲洗,134,重新挤酸及大排量冲洗处理,1
T01015,特殊井,处置措施,挤注,134,对于压裂情况比较特殊的井，建议进行挤注、顶替等处理,1
T01016,特殊井,处置措施,顶替,134,对于压裂情况比较特殊的井，建议进行挤注、顶替等处理,1
T01017,特殊井,处置措施,缩短等待时间,134,与压裂结合，力争缩短等待时间，尽可能做到压裂、射孔两个工序的无缝隙衔接,1
T01018,泵车供液泵坏,导致,主压车泵送,135,由于泵车供液泵坏，直到完成第 2 段压裂后，18:16 采用主压车泵送,1
T01019,电缆在弱点处拉脱,导致,泵送工具串落井,135,起出电缆检查，电缆在弱点处拉脱，射孔工具串落井,1
T01020,泵送工具串落井,表现为,电缆张力突然上升,135,当泵送到 4243.8m 时，电缆张力突然上升，4244.96m 时升至 14.1kN,1
T01021,连续油管打捞,处置措施,泵送工具串落井,135,21 日连续油管队组装井口设备，连接防喷管，下打捞工具,1
T01022,施工压力,监测指标,主压车泵送,135,施工压力/MPa，排量/(m³/min)，深度/m，速度/(m/h),1
T01023,排量,监测指标,主压车泵送,135,施工压力/MPa，排量/(m³/min)，深度/m，速度/(m/h),1
T01024,泵送工具串落井,发生于,JY-C16HF 井,135,2.16 JY-C16HF 井泵送工具串落井,1
T01025,排量设计不合理,导致,泵脱异常,136,泵送排量设计不合理，是导致泵脱异常发生的因素之一,1
T01026,冗余量设计不合理,导致,泵脱异常,136,冗余量设计不合理，也是导致泵脱异常发生的因素,1
T01027,反应速度慢,导致,泵脱异常,136,反应速度慢，是导致泵脱异常发生的又一因素,1
T01028,压裂泵送间隔长,导致,泵脱异常,136,压裂完到泵送时间长... 也是导致泵脱异常发生的又一因素,1
T01029,排量设计不合理,表现为,电缆持续伸长,136,泵送过程中，在 1.4m^3/min 出现电缆持续伸长后,1
T01030,排量设计不合理,表现为,张力异常上升,136,提高到 1.6m^3/min 后 2min 即出现张力异常上升,1
T01031,压裂泵送间隔长,导致,水平段沉积物,136,压裂完到泵送间隔达 6 h，水平段沉积物较严重,1
T01032,泵脱异常,处置措施,打捞,136,检查工具，打捞出所有落鱼,1
T01033,连续油管,相关,打捞,"136,191",连续油管带出打捞管柱 | 连续油管底带打捞管柱,2
T01034,泵送排量,影响,泵送安全,137,尽可能降低排量对泵送安全的影响,1
T01035,发动机转速,影响,应对复杂问题的能力,137,尽可能提高发动机转速，以提高应对复杂问题的能力,1
T01036,等待时间较长,处置措施,井筒处理,137,对等待时间较长的井，泵送前要对井筒先行处理,1
T01037,JY-C17HF 井,相关,套管异常,137,2.17 JY-C17HF 并套管异常致泵送射孔遇卡,1
T01038,套管异常,导致,泵送射孔遇卡,"137,160",2.17 JY-C17HF 并套管异常致泵送射孔遇卡 | 2.30 JY-C30HF 并套管异常致泵送射孔遇卡,2
T01039,第 2 段压裂,表现为,超压停泵,137,第 2 段压裂施工，施工压力 57.5~82.8MPa、排量 10.0~14.0m³/min，超压停泵,1
T01040,套管异常,处置措施,冲砂洗井,137,25 日连续油管队组装连接冲砂洗井管柱,1
T01041,第 2 段压裂,相关,酸液,137,注入酸液 20.0m³、减阻水 1199.52m³,1
T01042,第 2 段压裂,相关,陶粒,137,加 70/140 目陶粒 11.73m³、40/70 目陶粒 15.76m³,1
T01043,连续油管冲砂管柱,表现为,遇阻,138,连续油管冲砂管柱下到 4707m 遇阻,1
T01044,桥塞管柱,表现为,遇阻,138,下第 2 级桥塞管柱遇阻,1
T01045,桥塞管柱,表现为,遇卡,138,加压 25kN 未通过，上提遇卡,1
T01046,试压不合格,原因是,压降明显,138,10min 压降 20MPa，试压不合格,1
T01047,试压不合格,原因是,滤失,138,10min 压降 20MPa,1
T01048,钻磨,处置措施,桥塞,138,减阻水正循环钻磨桥塞,1
T01049,打捞,处置措施,金属碎屑,138,清理金属碎屑称重 1kg,1
T01050,套管挤注,包含,减阻水,138,泵入减阻水 207.62m³,1
T01051,套管挤注,包含,胶液,138,胶液 21.00m³,1
T01052,套管挤注,监测指标,施工压力,138,施工压力 40.99~78.82MPa,1
T01053,套管挤注,监测指标,排量,138,排量 0.4~11.0m³/min,1
T01054,活动解卡,处置措施,遇卡,138,上提 130~180kN 活动解卡未成功,1
T01055,套管可能存在变形,导致,遇阻,"139,164",遇阻处套管可能存在变形，对电缆泵送桥塞工具串顺利通过造成了阻力 | 深度套管可能存在变形...多次下工具在 3809.3m 遇阻,2
T01056,遇阻,导致,桥塞试压不合格,139,第二次组下桥塞管柱到 4638m 遇阻...压降明显，试压不合格,1
T01057,张力突然上升,表现为,电缆断裂,139,张力突然上升...分析为射孔枪断脱...发现电缆从弱点处断裂,1
T01058,改用连续油管,处置措施,后续封闭分段,139,改用连续油管进行后续封闭分段、射孔,1
T01059,清理井筒,处置措施,防止异物影响,139,下入桥塞前要对井筒进行清理，防止异物影响桥塞的座封,1
T01060,CCL 信号消失,表现为,电缆断裂,139,测试井下仪器 CCL 信号消失，分析为射孔枪断脱,1
T01061,砂桥,导致,井口压力突增,140,工具串在水平井段途遇砂桥导致的压力突升现象,1
T01062,套管壁油泥,导致,砂桥,140,不断刮起套管壁上的油泥，逐步在工具串前端形成砂桥,1
T01063,砂桥突然垮塌,导致,拉断弱点,140,砂桥突然垮塌，致使工具串加速前进，拉断弱点,1
T01064,降低泵送排量,处置措施,套管壁油泥,140,基于该井套管内壁可能有油泥，应适当降低泵送排量,1
T01065,立即停泵,处置措施,电缆张力过低,140,泵送时电缆张力过低、张力变化过大等情况，应立即停泵,1
T01066,连续油管,包含,卡瓦打捞筒,"140,172,181,202",连续油管队组下打捞管柱（管柱结构：phi 105mm 卡瓦打捞筒 | 安装连续油管打捞工具：phi 98mm 卡瓦打捞筒 | 15 日 20:15 连接φ113mm 引鞋 +φ113mm 卡瓦打捞筒 | 连续油管队组下打捞管柱：...卡瓦打捞筒,4
T01067,JY-C19HF 井,发生于,阻流管砂卡,141,2.19 JY-C19HF 并阻流管砂卡,1
T01068,阻流管砂卡,原因是,压裂砂,141,因井筒内及电缆上粘附大量压裂砂,1
T01069,阻流管砂卡,原因是,风险评估不足,141,对阻流管阻卡电缆风险评估不足,1
T01070,阻流管砂卡,处置措施,压力冲砂,141,先采用压力冲砂对阻流管进行清洗,1
T01071,阻流管砂卡,处置措施,电缆整形,141,遂再次进行电缆整形,1
T01072,阻流管砂卡,处置措施,更换新阻流管,141,15:00 更换新阻流管,1
T01073,电缆,表现为,电缆断开,141,电缆从密封控制头电缆保护器上方 20cm 处断开,1
T01074,电缆鸟窝,导致,张力,141,电缆缓慢上提过程中发现张力逐渐增大,1
T01075,张力,监测指标,电缆,141,张力由 3kN 突升至 20kN,1
T01076,压裂砂,导致,砂卡,142,电缆上携带压裂砂，在阻流管内形成砂卡,1
T01077,砂卡,导致,电缆断裂,142,电缆在阻流管内受到压裂砂的严重挤压...导致上提张力在 22kN 时电缆即被拉断,1
T01078,张力突变,表现为,电缆断裂,142,张力从 3.2kN 突升至 15.3kN...确定电缆从马笼头弱点处断脱,1
T01079,控制起电缆速度,处置措施,电缆断裂,142,严格控制起电缆速度，注意观察张力变化,1
T01080,排量 0.6~1.4m³/min,发生于,JY-C20HF 井,142,JY-C20HF 井...排量 0.6~1.4m³/min,1
T01081,电缆下放速度和泵送排量不匹配,导致,泵脱,143,电缆下放速度和泵送排量不匹配...导致电缆张力超过弱点设定的最大拉力泵脱,1
T01082,电缆张力,影响,泵脱,143,导致电缆张力超过弱点设定的最大拉力泵脱,1
T01083,处置措施不妥,原因是,泵脱,143,应处置措施不妥。对于张力的突然上升...导致电缆张力超过弱点设定的最大拉力泵脱,1
T01084,曲线异常,处置措施,停泵,143,进行速度与排量调节不能消除曲线异常，则应及时停泵,1
T01085,曲线异常,处置措施,井筒清洗,143,若重新泵送仍然出现曲线异常，则应将工具串起出井口，进行井筒清洗,1
T01086,电缆张力迅速增加,处置措施,快速下放电缆,143,电缆张力迅速增加...应迅速提升绞车速度,1
T01087,泵送工具串落井,原因是,电缆拉断,144,当射孔工具串泵送到 4376m 时，电缆拉断，射孔工具串落井,1
T01088,泵送工具串落井,原因是,处理不及时,144,处理不及时。对于张力的突然上升,1
T01089,电缆拉断,表现为,张力突然上升,144,对于张力的突然上升（整个过程持续约 7s）,1
T01090,泵送工具串落井,处置措施,连续油管打捞,144,23 日 9:43 组下连续油管打捞管柱,1
T01091,泵送工具串落井,处置措施,井筒清洗,144,井筒清洗重新泵送施工,1
T01092,节箍信号异常,处置措施,停泵,144,则应及时停泵，进行重新泵送,1
T01093,节箍信号异常,处置措施,重新泵送,144,则应及时停泵，进行重新泵送,1
T01094,电缆头张力,监测指标,5kN 以下,144,尽量使电缆头张力在 5kN 以下,1
T01095,电缆张力迅速增加,导致,砂卡,145,上提张力由 6kN 上升至 8kN...判断为砂卡,1
T01096,砂卡,处置措施,停泵,145,泵送指挥人员必须果断发出停泵指令,1
T01097,砂卡,处置措施,提升绞车速度,145,迅速提升绞车速度，待张力平稳后再恢复,1
T01098,第 11 段砂卡,处置措施,注入柴油,145,使用化学疏通泵往阻流管内注入柴油,1
T01099,第 11 段砂卡,处置措施,高空拆除阻流管,145,9 日 14:47 高空拆除阻流管，解卡成功,1
T01100,第 11 段砂卡,相关,44.20MPa,145,最高施工压力 44.20MPa,1
T01101,第 11 段砂卡,相关,0.4~1.3m³/min,145,排量 0.4~1.3m³/min,1
T01102,JY-C22HF 井,发生于,第 11 段砂卡,145,2.22 JY-C22HF 并第 11、20 段泵送桥塞 - 射孔砂卡,1
T01103,JY-C22HF 井,发生于,第 20 段砂卡,145,2.22 JY-C22HF 并第 11、20 段泵送桥塞 - 射孔砂卡,1
T01104,井筒内残留压裂砂,导致,电缆遇卡,146,第 11、20 段压裂井筒内残留压裂砂，导致电缆在阻流管内遇卡,1
T01105,电缆遇卡,表现为,砂卡,146,第 20 段砂卡：16 日 14:25 高空拆除阻流管，拆除阻流管解卡成功,1
T01106,砂卡,处置措施,拆除阻流管,146,16 日 14:25 高空拆除阻流管，拆除阻流管解卡成功,1
T01107,电缆张力异常上涨,处置措施,紧急停泵,146,操作人员采取紧急停泵、并加快下放电缆速度等措施,1
T01108,电缆张力异常上涨,处置措施,加快下放电缆速度,146,操作人员采取紧急停泵、并加快下放电缆速度等措施,1
T01109,井筒内残留压裂砂,处置措施,胶液顶替,146,建议加入适当的胶液并以大排量、不小于井筒容积 1.5 倍减阻水顶替,1
T01110,井筒内残留压裂砂,处置措施,配备化学疏通泵,146,配备化学疏通泵，制定完善的应急处理预案,1
T01111,JY-C23HF 井,包含,施工压力,146,施工压力 91 ~ 56 ~ 84 ~ 55 ~ 84 MPa,1
T01112,施工压力,监测指标,排量,146,排量 1.8 m³/min，压力升至 60 MPa,1
T01113,油泥,导致,工具串泵脱,147,套管壁上粘附一些油泥，给泵送带来较大难度...最终导致工具串泵脱,1
T01114,沉砂,导致,工具串泵脱,147,粘附在工具串上的泥浆或沉砂突然冲掉...导致了电缆头泵脱,1
T01115,套管壁清洗不彻底,导致,油泥,147,对套管壁清洗不彻底，套管壁上粘附一些油泥,1
T01116,电缆张力突然增加,导致,工具串泵脱,147,电缆张力突然增加...导致了电缆头泵脱、工具串落井的异常情况发生,1
T01117,打捞落鱼,处置措施,射孔工具串落井,147,组装打捞工具进行打捞落鱼作业...打捞出所有落鱼,1
T01118,反打压,处置措施,遇卡,147,16:08 反打压，反复上提下放解卡成功,1
T01119,开泵超压,表现为,捕获落鱼,147,上提连续油管后 3 次开泵超压，确认捕获落鱼,1
T01120,泵送桥塞 - 射孔遇卡,发生于,JY-C24HF 井,148,2.24 JY-C24HF 并第 4 段泵送桥塞 - 射孔遇卡,1
T01121,泵送桥塞 - 射孔遇卡,原因是,摩阻过大,148,工具串遇卡井段可能有沉砂，造成工具串摩阻增大,1
T01122,摩阻过大,原因是,井筒内积砂,148,工具串遇卡井段可能有沉砂，造成工具串摩阻增大,1
T01123,加重枪,导致,摩阻过大,148,因井口压力有 40 MPa，在工具串上增加了加重枪，也增大了摩阻,1
T01124,泵送桥塞 - 射孔遇卡,原因是,桥塞质量问题,148,不排除切断的销钉有残留的碎屑，卡在推筒与桥塞之间,1
T01125,桥塞质量问题,原因是,销钉残留碎屑,148,不排除切断的销钉有残留的碎屑，卡在推筒与桥塞之间,1
T01126,泵送桥塞 - 射孔遇卡,处置措施,活动电缆解卡,148,14:56 活动电缆解卡，活动范围 0~18 kN，活动解卡无效,1
T01127,泵送桥塞 - 射孔遇卡,处置措施,上提张力解卡,148,16:52 上提到 18.5 kN 活动解卡时，张力突然从 18.5 kN 降至 5.8 kN,1
T01128,泵送桥塞 - 射孔联作施工前,处置措施,了解压裂和顶替情况,148,泵送桥塞 - 射孔联作施工前要了解泵送施工前压裂和顶替情况,1
T01129,泵送桥塞 - 射孔联作施工前,处置措施,桥塞销钉改进,148,结合桥塞厂家，进行桥塞销钉改进,1
T01130,电缆张力突升,导致,电缆拉断,149,电缆张力由 3.7 kN 突升至 9.8 kN...从电缆头弱点处拉断,1
T01131,电缆拉断,导致,射孔枪泵脱,149,从电缆头弱点处拉断；射孔枪泵脱,1
T01132,射孔枪泵脱,导致,泵送工具串落井,149,射孔枪泵脱...射孔枪、桥塞落井,1
T01133,泵送工具串落井,发生于,JY-C25HF 井,149,2.25 JY-C25HF 并泵送工具串落并,1
T01134,投球打压脱手,处置措施,连续油管遇卡,149,上提连续油管遇卡...11:41 投球打压脱手,1
T01135,施工压力,监测指标,打捞作业,149,施工压力 24MPa 升至 26MPa,1
T01136,井眼轨迹上翘,导致,砂桥,150,该井井眼轨迹上翘，在上翘段泵送过程中工具串推动砂子前进，容易形成砂桥,1
T01137,工具串推动砂子前进,导致,砂桥,150,在上翘段泵送过程中工具串推动砂子前进，容易形成砂桥,1
T01138,套铣,处置措施,落鱼,150,连续油管起出，带出套铣筒，检查：套铣筒引鞋及内壁有明显磨痕，判断落鱼进入套铣筒,1
T01139,打捞,处置措施,落鱼,150,多次上提下放打捞，加压 50~150kN，无进尺，悬重无变化，施工压力无变化，无捞获显示,1
T01140,环空打压,处置措施,解卡,150,环空打压 15MPa 管柱自 4866.7m 下行到 4895.7m，连续油管上提下放正常，解卡成功,1
T01141,施工压力,表现为,升至 32MPa,150,施工压力 28MPa 升至 32MPa，悬重 78kN 降至 48kN,1
T01142,悬重,表现为,降至 48kN,150,施工压力 28MPa 升至 32MPa，悬重 78kN 降至 48kN,1
T01143,砂桥,导致,工具串被拉脱,151,突然释放砂桥的力导致工具串被拉脱,1
T01144,工具串遇卡,表现为,张力上升,151,上提张力升至 15.6kN，CCL 无信号,1
T01145,工具串遇卡,表现为,CCL 无信号,151,上提张力升至 15.6kN，CCL 无信号,1
T01146,工具串遇卡,处置措施,冲洗,151,采取 0.4~2.0m³/min 排量冲洗，压力 28.83~67.70MPa,1
T01147,工具串遇卡,处置措施,震动解卡,151,在卡点处点火第 2 簇射孔枪震动解卡,1
T01148,工具串遇卡,处置措施,电缆弱点拉断,151,判断弱点拉断...确认从弱点处断开,1
T01149,工具串遇卡,处置措施,泄压,151,套管用 12mm 油嘴控制泄压，井口压力由 23.5MPa 降至 4.2MPa,1
T01150,泵送设计,相关,井眼轨迹的变化,151,泵送设计应充分考虑井眼轨迹的变化，制定详细的预案,1
T01151,打捞落物,相关,清理鱼顶附近,151,打捞落物前先将鱼顶附近清理干净，以便于后继打捞,1
T01152,井眼轨迹上翘,相关,顶替干净井筒内砂子,151,遇到井眼轨迹上翘的井，压裂完成后，尽量将井筒内砂子顶替干净,1
T01153,工具串太短,导致,工具串倾斜,152,现场判断由于工具串太短，工具串过井口时倾斜,1
T01154,工具串倾斜,导致,遇阻,152,工具串过井口时倾斜，无法通过,1
T01155,正循环冲下,处置措施,遇阻,152,用金属减阻剂配 20m³ 混合液正循环冲下，分别过遇阻点,1
T01156,金属减阻剂,相关,正循环冲下,152,用金属减阻剂配 20m³ 混合液正循环冲下,1
T01157,连续油管,包含,篮式卡瓦打捞筒,152,连续油管打捞管柱（管柱结构：φ105mm 篮式卡瓦打捞筒,1
T01158,遇阻,表现为,未捞获落鱼,152,遇阻，加压 20kN，上提管柱，悬重无变化，未捞获落鱼,1
T01159,给入井工具倒角,处置措施,遇阻,152,检查无异常（给入井工具倒角）,1
T01160,未捞获落鱼,处置措施,更换打捞工具,153,未捞获落鱼。10:50 更换打捞工具,1
T01161,下放打捞管柱,表现为,遇阻,153,下连续油管打捞管柱到井深 5063.9m 遇阻,1
T01162,捞获全部落鱼,相关,销钉未被剪切,153,捞获全部落鱼（销钉未被剪切，桥塞芯轴被抽出）,1
T01163,连续油管,包含,螺旋打捞筒,153,管柱结构：φ107mm 螺旋打捞筒,1
T01164,钻塞,处置措施,清理井筒,153,钻除；8:00 减阻水正循环...清理井筒工具,1
T01165,桥塞未丢手,原因是,桥塞设计缺陷,154,桥塞未丢手原因是桥塞设计缺陷,1
T01166,桥塞未丢手,原因是,操作人员判断失误,154,现场操作人员判断失误，未在第一时间发现桥塞未丢手,1
T01167,电脑黑屏故障,导致,未严格执行操作规程,154,电脑出现黑屏故障，看不到射孔曲线，现场未严格执行操作规程,1
T01168,未进行技术交底,导致,重复射孔,154,未对射孔工艺进行技术交底，造成对井段重复射孔,1
T01169,桥塞未丢手,处置措施,改进 SJS 桥塞,154,对 SJS 桥塞进行改进,1
T01170,连续油管,包含,射孔枪,154,下连续油管射孔管柱,1
T01171,电缆张力,监测指标,桥塞未丢手,154,电缆张力从 9.0kN 上升至 10.0kN，未在第一时间发现桥塞未丢手,1
T01172,射孔点火震动,导致,电缆射断,155,判断可能是由于第一枪射孔点火震动导致射孔马笼头出现故障,1
T01173,电缆射断,导致,工具串落井,"155,158",电缆断开，怀疑工具串有可能落井 | 判断工具串可能落井...确定工具串落井,2
T01174,电缆射断,表现为,电缆上提张力异常,155,发现电缆上提张力异常，电缆断开,1
T01175,电缆射断,表现为,无磁定位信号,155,上提电缆后发现无磁定位信号，电缆断开,1
T01176,打捞管柱,处置措施,工具串落井,155,下打捞管柱，起出打捞管柱带出全部落鱼,1
T01177,桥塞,相关,15m,155,尽量使桥塞到第一枪的上提值大于 15m,1
T01178,电缆上提张力异常,相关,2.7kN,155,较正常上提电缆张力下降 2.7kN,1
T01179,井斜角,导致,射孔工具串落井,156,射孔工具串由于井斜原因下滑,1
T01180,压力波动,导致,射孔工具串落井,156,射孔枪在压力波动下继续下滑,1
T01181,射孔工具串落井,导致,电缆断,156,导致与电缆重叠在一起，第 1 簇点火时将电缆射断,1
T01182,射孔工具串落井,处置措施,不停车点火,156,采用不停车点火的方式，防止工具串下滑压断电缆,1
T01183,射孔枪,包含,变扣接头,156,管柱结构：φ89mm 变扣接头 + φ93mm 压力开孔起爆器,1
T01184,工具串卡住,表现为,无磁定位信号,157,13:42 上提电缆，张力由 8.9kN 升至 15kN，无磁定位信号，判断工具串卡住。,1
T01185,工具串卡住,表现为,张力 15kN,157,13:42 上提电缆，张力由 8.9kN 升至 15kN，无磁定位信号，判断工具串卡住。,1
T01186,工具串卡住,处置措施,泵注液体解卡,157,20:38~21:55 将电缆放松后，泵注液体解卡，无磁定位信号，解卡未成功,1
T01187,工具串卡住,处置措施,拉断电缆,157,12:40 停泵，压力 43MPa，进入拉断电缆程序,1
T01188,电缆头弱点拉断,导致,工具串落井,157,14:37 起出井口，由电缆头处标记判断为电缆头弱点拉断，工具串落井,1
T01189,点火极性接反,导致,误射孔,157,通过复查点火施工过程，检查发现点火极性接反造成误射孔。,1
T01190,清水,影响,压力 70MPa,157,12:25 泵入清水 27m³，压力继续升至 70MPa,1
T01191,连续油管,相关,连续油管打捞,157,22:30 连续油管起出打捞工具，捞出落井射孔工具串,1
T01192,人为疏忽,导致,桥塞点火极性错误,158,属于人为疏忽导致,1
T01193,桥塞点火极性错误,导致,桥塞未座封,158,导致桥塞点火时供电极性错误...而桥塞未座封,1
T01194,责任心不足,导致,桥塞点火极性错误,158,操作员、队长和质量监督责任心不足,1
T01195,张力,监测指标,电缆射断,158,张力 0.4kN，确定工具串落井,1
T01196,JY-C29HF 井,发生于,电缆射断,158,2.29 JY-C29HF 并第 10 段射断电缆,1
T01197,接线固定标识,处置措施,桥塞点火极性错误,158,防止误操作接反线路极性,1
T01198,电缆缠绕,导致,电缆炸断,159,电缆缠绕工具串，使得第一枪点火时炸断电缆,1
T01199,电缆起速过慢,导致,电缆缠绕,159,电缆起速过慢，小于工具串下滑速度，电缆缠绕工具串,1
T01200,技术培训不到位,导致,风险识别不足,159,风险识别和管控能力不足,1
T01201,组下打捞管柱,处置措施,捞获落鱼,159,14:30 捞获全部落鱼,1
T01202,第二、三枪未起爆,表现为,发射率低,159,第二、三枪未起爆，应射 60 孔，实射 20 孔,1
T01203,井斜 102.7°,影响,电缆起速,159,本次施工的井斜为 102.7^{\circ}，电缆起速过慢,1
T01204,张力信号异常,监测指标,风险识别,159,没有及时发现张力和 CCL 信号的异常,1
T01205,JY-C30HF 井,发生于,泵送射孔遇卡,160,2.30 JY-C30HF 并套管异常致泵送射孔遇卡,1
T01206,张力产生波动,表现为,泵送射孔遇卡,160,泵送到 2920.0m 张力产生波动停泵，上提到 2500.0m 重新泵送,1
T01207,CCL 信号,监测指标,桥塞遇卡,160,CCL 信号突然停止...初步判断：桥塞遇卡,1
T01208,电缆拉力,监测指标,桥塞遇卡,160,上提电缆张力由 6.0kN 缓慢升至 24.0kN，未能解卡,1
T01209,桥塞遇卡,处置措施,点火座封,160,初步判断：桥塞遇卡...20:00 在 3798.15 m 点火座封桥塞,1
T01210,压力突降,表现为,桥塞,160,当压力由 27.30 MPa 逐步升至 45.30 MPa 时，压力突降至 30.00 MPa,1
T01211,排量,影响,泵送射孔遇卡,160,排量逐步提升至 1.8m³/min，对 CCL 曲线进行时间驱动监测，仍没有信号变化,1
T01212,钻塞,导致,憋泵,161,钻塞期间，多次憋泵,1
T01213,遇阻,表现为,磨痕,161,遇阻不能通过，起出检查：工具表面有明显刮痕,1
T01214,遇阻,处置措施,钻塞,161,遇阻不能通过，下φ108mm 磨鞋钻塞,1
T01215,憋泵,处置措施,打捞碎屑,161,加压钻塞期间，多次憋泵... 下φ80mm 强磁打捞碎屑,1
T01216,挂卡,处置措施,上提连续油管,161,随后上提油管，挂卡 40kN，上提到 3807.5m,1
T01217,洗井,包含,减阻水,161,大排量洗井... 累计泵入减阻水 230.40m³,1
T01218,打捞碎屑,包含,胶液,161,泵入胶液 10.00m³,1
T01219,磨鞋钻塞,表现为,施工压力上升,162,施工压力由 39.0MPa 持续上升至 48.00MPa,1
T01220,磨鞋钻塞,表现为,憋泵,162,开泵，仍憋泵,1
T01221,憋泵,原因是,卷曲胶皮,162,地面捕屑器内捞出少许卷曲胶皮,1
T01222,铅模打铅印,表现为,遇阻,162,到 3809.5m 遇阻,1
T01223,铅模打铅印,表现为,铅模底部被切,162,铅模底部圆周多处被切,1
T01224,强磁打捞,表现为,遇阻,162,到 3809.5m 遇阻,1
T01225,强磁打捞,原因是,金属块,162,清洗碎屑后发现一金属块,1
T01226,PDC 钻头钻磨,表现为,憋泵,162,14:36 吊扫多次憋泵,1
T01227,PDC 钻头钻磨,原因是,细丝状胶皮,162,除砂器清理出 0.1kg 细丝状胶皮,1
T01228,套铣筒套铣,表现为,憋泵,162,均在 3809.5m 处出现钻压 0 的憋泵,1
T01229,套铣筒套铣,表现为,钻压 0,162,均在 3809.5m 处出现钻压 0 的憋泵,1
T01230,磨鞋钻塞,发生于,3809.5m,162,到 3809.5m（未加压）,1
T01231,憋泵,原因是,石块,163,多次重复下放，均在 3809.5m 处憋泵；地面捕屑器清理出一石块,1
T01232,憋泵,原因是,金属块,163,均在 3809.5m 处憋泵；地面捕屑器清理出...一金属块,1
T01233,遇阻,处置措施,泵入胶液,163,加压 10kN 遇阻，泵入胶液 10.00m^3，开始上提,1
T01234,磨鞋,表现为,磨损,163,检查：磨鞋边缘有磨损，底部无明显变化,1
T01235,大排量洗井,监测指标,总液量,163,17:06 大排量洗井...总液量 135.70m^3,1
T01236,连续油管,包含,磨鞋,"163,176,177,209",组下钻塞管柱（管柱结构：φ93mm 磨鞋 +φ73mm 螺杆马达 | 组下钻塞管柱：φ110mm 磨鞋...φ50.8mm 连续油管 | 管柱结构：φ110mm 磨鞋 | 管柱结构：φ105 mm 磨鞋 +φ73 mm 螺杆马达,4
T01237,连续油管,包含,强磁打捞器,"163,257",组下强磁打捞管柱（管柱结构：φ80mm 强磁打捞器 | 下连续油管底带φ73mm 强磁打捞器,2
T01238,异物,导致,憋泵,164,位置可能存在异物，导致钻磨工具频繁憋泵,1
T01239,电缆遇卡,表现为,张力波动较大,164,电缆遇卡。张力波动较大,1
T01240,电缆遇卡,表现为,砂粒粘附,164,电缆上有大量砂粒粘附,1
T01241,第 17 段阻流管砂卡,发生于,JY-C31HF 井,164,2.31 JY-C31HF 并第 17 段阻流管砂卡,1
T01242,固井工艺,影响,固井质量,164,加强对固井工艺的研究，提高页岩气井固井质量水平,1
T01243,铅模单方向多处被切,原因是,套管可能存在变形,164,铅模单方向多处被切...套管可能存在变形,1
T01244,电缆砂卡,表现为,张力异常,165,张力升至 12kN（正常上起张力 7.5kN）,1
T01245,电缆砂卡,发生于,阻流管,165,初步判断电缆在阻流管内砂卡,1
T01246,顶替液量不充分,导致,井筒内积砂,165,压裂后顶替液量不充分，导致井筒内积砂,1
T01247,加砂管线存砂,导致,井筒内积砂,165,加砂管线内存留的砂粒带进井筒,1
T01248,拆除清洗阻流管,处置措施,电缆砂卡,165,拆除清洗完后，恢复控制头管线，解卡成功,1
T01249,大排量顶替,处置措施,井筒内积砂,165,保持大排量，1.5~2 倍井筒容积的顶替,1
T01250,注柴油清砂,处置措施,电缆砂卡,165,若遇有砂卡时，及时注柴油清砂,1
T01251,电缆砂卡,影响,注脂泵无正常工作泵冲,165,判断阻流管和电缆的间隙已被堵死，解卡失败,1
T01252,JY-C32HF 井,发生于,第 4 段泵送桥塞 - 射孔,166,2.32 JY-C32HF 并第 4 段泵送桥塞 - 射孔泄压失控,1
T01253,泄压失控,原因是,旋塞阀刺漏,166,压裂流程泄压，整改刺漏旋塞阀，更换液控泄压阀后的 3in 手动旋塞阀,1
T01254,工具串遇卡,原因是,工具串回滑,166,检查磁定位曲线怀疑工具串有回滑现象，可能造成电缆缠绕,1
T01255,工具串遇卡,导致,电缆缠绕,166,可能造成电缆缠绕在工具串上，现场决定不进行第 2 簇射孔点火,1
T01256,压力突降,表现为,25.00MPa 降至 2.80MPa,166,17:41 上提到深度 4640.00m 时，压力突然由 25.00MPa 降至 2.80MPa,1
T01257,磁定位信号混乱,表现为,连续出现结箍信号,166,磁定位信号混乱同时连续出现结箍信号，缓慢停车,1
T01258,工具串遇卡,处置措施,反复上提下放活动电缆,166,判断遇卡，反复上提下放活动电缆；20:11 在深度 4613.4m 处以排量开泵,1
T01259,工具串遇卡,处置措施,排量 0.30m³/min 开泵,166,20:11 在深度 4613.4m 处以排量 0.30m³/min 排量开泵，同时开始下放电缆,1
T01260,泄压失控,处置措施,流程整改,166,压裂流程泄压，整改刺漏旋塞阀，更换液控泄压阀后的 3in 手动旋塞阀,1
T01261,流程整改,处置措施,更换 3in 手动旋塞为 2in 旋塞阀,166,更换液控泄压阀后的 3in 手动旋塞阀为 2in 旋塞阀（由于 2in 旋塞阀开关方便）,1
T01262,泵送补孔,相关,排量 0.4~9.1m³/min,166,施工压力 53.2~83.2MPa，排量 0.4~9.1m³/min,1
T01263,泵送补孔,相关,15% 盐酸,166,15 日 6:41~7:35 进行井筒处理施工，挤 15% 盐酸 10m³，减阻水 143.7m³,1
T01264,3in 旋塞阀,导致,密封盘根刺坏,167,但由于用 3in 旋塞阀泄压不好控制...容易损坏密封盘根,1
T01265,泄压过程较为急促,导致,密封盘根刺坏,167,泄压过程较为急促，能量释放较为剧烈，容易损坏密封盘根,1
T01266,密封盘根刺坏,表现为,滴漏,167,密封盘根即会刺坏出现滴漏的现象,1
T01267,2in 手动旋塞阀,处置措施,密封盘根刺坏,167,由 2in 手动旋塞阀控制泄压,1
T01268,平稳操作,处置措施,密封盘根刺坏,167,操作旋塞阀等高压管件泄压时应平稳操作,1
T01269,JY-C33HF 井,发生于,电缆熔断,167,2.33 JY-C33HF 并电缆熔断,1
T01270,加强高压件的管理,处置措施,密封盘根刺坏,167,加强高压件的管理，施工前对高压弯头、旋塞阀按规定保养,1
T01271,泵送遇卡,表现为,电缆张力,168,张力突然由 9.1kN 升至 15.0kN，停车,1
T01272,砂卡,原因是,压裂砂,168,发现控制头自下而上第二根和第四根阻流管内有大量压裂砂将电缆卡住,1
T01273,砂卡,发生于,控制头阻流管,168,经判断电缆是在控制头阻流管内遇卡,1
T01274,砂卡,处置措施,注入柴油,168,使用化学清洗泵向电缆密封控制头内注入柴油，尝试清洗疏通阻流管,1
T01275,砂卡,处置措施,拆卸清洗阻流管,168,拆卸清洗阻流管，发现控制头自下而上第二根和第四根阻流管内有大量压裂砂,1
T01276,砂卡,处置措施,活动电缆,168,决定再次关闭 BOP 半封闸板，活动电缆尝试解卡,1
T01277,电缆断,表现为,高温熔化,168,缆芯绝缘层有高温熔化现象，电缆控制头内部亦有颜色发黑现象,1
T01278,电缆断,导致,落井,168,电缆断头突然从控制头最上端掉落，经过计算，有 2932m 电缆和 11.44m 模拟工具串落井,1
T01279,防喷管内压力,监测指标,泵送遇卡,168,发现防喷管内压力迅速上升至 30MPa，与井内压力平衡,1
T01280,开启 BOP 平衡阀行程过大,导致,阻流管堵塞,169,开启 BOP 平衡阀行程过大，导致阻流管堵塞,1
T01281,压裂砂,导致,阻流管堵塞,169,携带杂质进入了阻流管内，堵塞了阻流管与电缆之间的间隙,1
T01282,开启 BOP 平衡阀行程过大,导致,绝热压缩,169,开启 BOP 平衡阀行程过大，导致防喷管内升压过快，发生绝热压缩,1
T01283,绝热压缩,导致,高温高压气流,169,发生绝热压缩，产生高温高压气流，对电缆产生了巨大冲击,1
T01284,高温高压气流,影响,电缆,169,产生高温高压气流，对电缆产生了巨大冲击,1
T01285,柴油,原因是,混合气体爆燃,169,防喷管内进入了一定量的柴油，并漂浮在防喷管内液体的上部,1
T01286,打捞落鱼,包含,外钩打捞矛,169,组配打捞管柱：φ98mm（带φ110mm 防过）外钩打捞矛,1
T01287,试压,监测指标,井口压力,169,连续油管防喷管及打捞井口试压 30MPa，30min 压降为 0.2MPa,1
T01288,放压,相关,油嘴,169,18:00 用 2mm 油嘴放压，压力由 27.2MPa 降至 16.6MPa,1
T01289,柴油挥发气体,导致,混合气体爆燃,170,柴油挥发气体与空气的混合物发生了爆燃,1
T01290,混合气体爆燃,导致,电缆断开,170,高温高压气体快速冲击电缆，导致电缆在阻流管下端断开,1
T01291,误操作打开半封,导致,压力快速上升,170,不排除误操作打开半封，造成防喷管内压力快速上升,1
T01292,压力快速上升,导致,电缆熔断,170,造成防喷管内压力快速上升而导致电缆熔断,1
T01293,施工队长,相关,监督注脂岗,170,施工队长必须监督注脂岗操作,1
T01294,密封脂,影响,携砂量,170,尽量少注密封脂，以减少密封脂携砂量,1
T01295,平衡阀,相关,打备压,170,利用防喷器平衡阀给防喷管打备压,1
T01296,砂堵,表现为,井口压力过高,171,22:00 井口压力过高发生砂堵,1
T01297,第 11 段压裂施工,发生于,砂堵,171,第 11 段压裂施工...22:00 井口压力过高发生砂堵,1
T01298,JY-D1HF 井,发生于,砂堵,171,JY-D1HF 井...第 11 段压裂施工...发生砂堵,1
T01299,工程复杂情况与故障,原因是,井眼轨迹,171,主要与涪陵页岩气田井眼轨迹等有关,1
T01300,工程复杂情况与故障,原因是,人员操作水平,171,主要与人员操作水平等有关,1
T01301,连续油管,相关,射孔施工,171,决定用连续油管对第 12 段进行射孔施工,1
T01302,工具串落井,原因是,上提速度过快,172,上提速度过快，造成工具在井口挂脱落井,1
T01303,工具串落井,原因是,电子计数器损坏,172,因电子计数器损坏、机械计数器存在一定误差，在上提过程中，无法正确判断井下油管长度,1
T01304,工具串落井,原因是,人员疲劳,172,操作人员连续作业 24h 作业，0:30 进行设备人员动员，人员疲劳,1
T01305,打捞失败,原因是,卡瓦打捞筒选型错误,172,第一次打捞失败，是选用 98mm 卡瓦打捞筒错误,1
T01306,打捞成功,处置措施,更换卡瓦打捞筒,172,第二次打捞作业，更换 113mm 卡瓦打捞筒，坚持要求 TTS 工程师做现场测试,1
T01307,打捞成功,处置措施,现场测试,172,坚持要求 TTS 工程师做现场测试，测试成功后，连续油管入井打捞成功,1
T01308,指重表读数异常,表现为,指重表由 -20kN 增加到 7kN,172,指重表由 -20kN 增加到 7kN（上提拉力 27kN）,1
T01309,连续油管挤毁,发生于,JY-D2HF 井,173,3.2 JY-D2HF 并连续油管挤毁,1
T01310,连续油管遇卡,表现为,连续油管变形,173,连续油管遇卡，打开 2 号闸门放掉井口压力，发现连续油管变形,1
T01311,连续油管挤毁,处置措施,拆除防喷盒上铜套卡箍,173,拆除防喷盒上铜套卡箍；用吊篮将施工人员吊到防喷盒旁,1
T01312,套管环空打压,监测指标,15MPa,173,套管环空打压 15MPa，井口压力降至 0，连续油管抖动明显,1
T01313,施工压力,监测指标,38MPa,173,逐渐打压到 38MPa，施工压力降至 29MPa，射孔成功,1
T01314,上提连续油管,监测指标,180kN,173,上提连续油管 180kN，将变形连续油管提出注入器,1
T01315,注入器链条夹紧力,监测指标,8.27MPa,173,视工作情况注入器链条夹紧力不超过 8.27MPa,1
T01316,连续油管连接器,相关,连接扭矩,173,严格按照入井工具的连接扭矩要求，各连接部位上扣上到位,1
T01317,连续油管遇阻,发生于,连续油管下入过程,173,连续油管下到 4275.2m 遇阻，加压 10kN，复探 3 次深度不变,1
T01318,连续油管呈挤扁状,原因是,连续油管内外平衡压力不够,174,连续油管内外平衡压力不够，导致油管内外压差过大。,1
T01319,连续油管内外平衡压力不够,原因是,油管内没有水,174,未对连续油管做通水试压试验，油管内没有水。,1
T01320,连续油管内外平衡压力不够,原因是,油管头阀门未打开,174,油管头阀门未打开。,1
T01321,连续油管呈挤扁状,发生于,上提过程中,174,上提过程中井内 1500m 连续油管呈挤扁状。,1
T01322,连续油管钻磨工具,包含,磨鞋,174,安装连续油管钻磨工具，管柱结构如下：φ110mm 磨鞋,1
T01323,连续油管钻磨工具,包含,螺杆马达,174,+φ73mm 螺杆马达,1
T01324,钻完第 2 级桥塞,监测指标,施工压力 33~35MPa,174,钻完第 2 级桥塞，纯钻 140min，排量 0.45m3/min 左右，施工压力 33~35MPa,1
T01325,压裂砂沉积,导致,钻磨无进尺,175,过多的压裂砂沉积在第 1 级桥塞上方，导致磨鞋不能和桥塞面接触，钻磨无进尺,1
T01326,碎屑未能全部带出,导致,遇阻,175,剩余碎屑被推到最后一个桥塞上方，导致管柱遇阻,1
T01327,换磨鞋,处置措施,遇阻,175,19:05 起出检查工具发现工具良好。换磨鞋,1
T01328,开泵洗井,处置措施,遇阻,175,6:05 连续油管底带喷嘴到井深 4165m 遇阻...开泵洗井,1
T01329,活动管柱,处置措施,遇卡,175,4170m 遇卡 170kN 无效，活动 15 次后 160kN 解卡,1
T01330,排量,监测指标,0.45m^3/min,175,排量 0.45m^3/min 左右,1
T01331,施工压力,监测指标,33~35MPa,175,施工压力 33~35MPa,1
T01332,油嘴,包含,6mm,175,换为 6mm 油嘴,1
T01333,油嘴,包含,8mm,175,期间交替用 6mm、8mm 油嘴开井排液,1
T01334,JY-D4HF 井,发生于,遇卡,176,3.4 JY-D4HF 井连续油管起钻（造斜段）遇卡,1
T01335,遇卡,发生于,造斜段,176,3.4 JY-D4HF 井连续油管起钻（造斜段）遇卡,1
T01336,遇卡,原因是,循环时间短,176,循环时间短，洗井不彻底，钻屑未清除干净,1
T01337,遇卡,原因是,起钻速度过快,176,起钻速度过快，本次遇卡井段井斜度在 48°左右,1
T01338,循环时间短,导致,钻屑,176,循环时间短，洗井不彻底，钻屑未清除干净,1
T01339,遇卡,处置措施,泵入金属解堵剂,176,13:40 泵入金属解堵剂 6m³，关井 6h,1
T01340,遇卡,处置措施,注入胶液,176,倒反打压流程注入胶液 10m³，活动解卡成功,1
T01341,造斜段,监测指标,井斜角,176,遇卡（井斜角 47.6°）,1
T01342,遇卡,表现为,活动解卡无效,176,上提下放多次活动解卡无效,1
T01343,钻塞参数掌握不好,导致,桥塞残片过大,177,钻塞参数掌握不好，破碎的桥塞残片过大,1
T01344,桥塞残片过大,导致,不容易随循环液带出井筒,177,破碎的桥塞残片过大，不容易随循环液带出井筒,1
T01345,工具串断裂,导致,落鱼,177,发现钻塞工具串自液压丢手中部断裂，井内落鱼,1
T01346,工具串断裂,发生于,液压丢手中部,177,发现钻塞工具串自液压丢手中部断裂,1
T01347,连续油管,包含,液压丢手,177,管柱结构：φ73mm 液压丢手,1
T01348,文丘里反循环打捞筒,处置措施,清扫钻磨碎屑,177,使用文丘里反循环打捞筒清扫钻磨碎屑,1
T01349,卡瓦打捞筒,处置措施,打捞出落鱼,177,最后进行卡瓦打捞筒打捞出落鱼,1
T01350,无明显进尺,表现为,施工压力 32~36MPa,177,无明显进尺，施工压力 32~36MPa,1
T01351,连续油管作业复杂情况,处置措施,打捞,178,连续油管下打捞管柱到 3695.92\mathrm{m} 探鱼顶,1
T01352,连续油管作业复杂情况,处置措施,正循环洗井,178,2. 洗井...正循环洗井,1
T01353,连续油管作业复杂情况,处置措施,套铣,178,3. 套铣...套铣鱼顶,1
T01354,连续油管下打捞管柱,包含,文丘里反循环打捞篮,178,管柱结构：\phi 79\mathrm{mm} 文丘里反循环打捞篮,1
T01355,连续油管下套铣管柱,包含,套铣筒,178,管柱结构：\phi 89\mathrm{mm} 套铣筒,1
T01356,正循环洗井,影响,减阻水,178,边起边用减阻水 100\mathrm{m}^3 正循环洗井,1
T01357,正循环洗井,影响,胶液,178,胶液 4\mathrm{m}^3 正循环洗井,1
T01358,正循环洗井,影响,桥塞碎屑,178,带出部分桥塞碎屑、覆膜砂及少量卡瓦碎屑,1
T01359,正循环洗井,影响,覆膜砂,178,带出部分桥塞碎屑、覆膜砂及少量卡瓦碎屑,1
T01360,关井,监测指标,井口压力 19.5MPa,178,地面关井，井口压力 19.5\mathrm{MPa},1
T01361,工具串脱落,原因是,液压丢手断裂,179,从钻磨第 7 级桥塞时加不上钻压的现象，可以判断连续油管在钻第 7 级桥塞时钻磨工具串脱落,1
T01362,液压丢手断裂,原因是,偏载,179,工具串连接外径 110mm 的磨鞋，在内径 118mm 的套管内钻磨时易产生偏载,1
T01363,液压丢手断裂,原因是,疲劳,179,"工具连接配合间隙过大 (卡爪), 工作过程中产生疲劳所致",1
T01364,施工压力,表现为,20.2MPa 升至 37.7MPa,179,开泵，施工压力 20.2MPa 升至 37.7MPa,1
T01365,工具串脱落,处置措施,下打捞筒打捞,179,先后 3 次下打捞筒到 3701.26m 探落鱼，加压 10~25kN 打捞，确认捞获全部落鱼,1
T01366,液压丢手断裂,处置措施,优化管柱组合,179,优化管柱组合，将钻压和施工压力控制在最能发挥马达和磨鞋效能的范围内,1
T01367,连续油管,相关,下打捞筒打捞,179,6:42φ50.8mm 连续油管下打捞管柱,1
T01368,连续油管断脱,发生于,JY-D6HF 井,180,3.6 JY - D6HF 并连续油管断脱,1
T01369,连续油管断脱,表现为,遇阻,180,6:25 下连续油管到 3851.09m 遇阻，施工压力 38.3MPa,1
T01370,连续油管断脱,表现为,自封失效,180,"12:54 上提连续油管到 4088.79 m , 自封失效，紧急关闭防喷盒防喷器",1
T01371,连续油管断脱,原因是,有明显划痕,180,检查上半部分断口处外径 50.0~53.0mm，壁厚 3.0~4.0mm，有明显划痕,1
T01372,连续油管断脱,处置措施,紧急关闭防喷盒防喷器,180,"12:54 上提连续油管到 4088.79 m , 自封失效，紧急关闭防喷盒防喷器",1
T01373,连续油管断脱,处置措施,关闭井口,180,14:30 经检查，连续油管断脱，关闭井口,1
T01374,连续油管断脱,处置措施,拆注入头及防喷管,180,15:30 拆注入头及防喷管,1
T01375,施工压力,监测指标,连续油管断脱,180,11:42 钻压 10~40kN，施工压力 43.4MPa，排量 0.66 m³/min,1
T01376,管柱悬重,监测指标,连续油管断脱,180,12:19 上提连续油管到 4095.00 m，管柱悬重 230 kN,1
T01377,连续油管,包含,引鞋,181,15 日 20:15 连接φ113mm 引鞋,1
T01378,未捞获,原因是,落鱼未入卡瓦,181,1:00 起出连续油管，带出打捞工具，未捞获，落鱼未进入卡瓦,1
T01379,未捞获,表现为,引鞋划痕,181,21:15 起出连续油管... 检查引鞋端变钝，内壁有划痕,1
T01380,未捞获,处置措施,铅模打印,181,10:17 下φ50.8mm 连续油管，φ114mm 铅模... 打印,1
T01381,正挤减阻水,相关,减阻水,181,16 日 9:09 正挤减阻水 40.9m³,1
T01382,加压,影响,未捞获,181,11:34 下放连续油管加压 60kN 试捞，未捞获,1
T01383,连续油管断脱,原因是,连续油管质量存在问题,182,分析造成连续油管断脱落井的直接原因是连续油管本身的质量存在问题,1
T01384,连续油管断脱,原因是,连续油管疲劳,182,因井筒原因下放遇阻多次起下，加重了连续油管的疲劳,1
T01385,连续油管断脱,原因是,安全意识淡薄,182,现场施工人员的安全意识、施工质量意识淡薄,1
T01386,试捞,监测指标,悬重,182,上提悬重 110kN 显示捞获,1
T01387,试捞,监测指标,捞深,182,捞深分别为 132.47m,1
T01388,连续油管,处置措施,试压,182,11:00 对连续油管试压 40MPa,1
T01389,连续油管,处置措施,焊接,182,氩弧焊焊接 1502 由壬,1
T01390,连续油管,处置措施,试捞,182,15:11 上提下放连续油管...试捞,1
T01391,JY-D7HF 井,发生于,连续油管断脱,183,3.7 JY-D7HF 并连续油管断脱 3.7.1 基本情况 JY-D7HF 井,1
T01392,防喷盒刺漏,导致,防喷盒密封失效,183,防喷盒出现刺漏... 将防喷盒压力调至 21MPa 时，防喷盒密封失效,1
T01393,误关剪切闸板,导致,连续油管断脱,183,主操手误将剪切闸板关闭... 油管压力由 16MPa 降至 0,1
T01394,误关剪切闸板,原因是,主操手误操作,183,主操手误将剪切闸板关闭，防喷盒内有流体刺漏,1
T01395,连续油管断脱,处置措施,更换防喷盒胶芯,183,18 日 16:30~17:40 更换防喷盒胶芯，试压合格,1
T01396,连续油管断脱,处置措施,反挤压井,183,19:25 减阻水 47m³ 反挤压井，停泵井口压力 17.3MPa,1
T01397,连续油管断脱,处置措施,下连续油管打捞管柱,183,24 日下连续油管打捞管柱，管柱结构：φ98mm 卡瓦打捞筒,1
T01398,防喷盒,包含,更换防喷盒胶芯,183,18 日 16:30~17:40 更换防喷盒胶芯，试压合格,1
T01399,卡瓦打捞筒,表现为,卡瓦破裂,184,检查发现卡瓦打捞筒卡瓦破裂成 2 瓣,1
T01400,遇阻,处置措施,加压 70kN,184,加压 70kN 实探遇阻深度 3971.8m,1
T01401,捞获落鱼,表现为,悬重升至 101kN,184,上提悬重升至 101kN（原悬重 91kN）,1
T01402,施工压力 23.6MPa,发生于,开泵下放连续油管,184,开泵下放连续油管，施工压力 23.6MPa,1
T01403,遇卡,处置措施,上提解卡,184,遇卡，上提 3 次，解卡成功,1
T01404,闸门未完全关闭,原因是,连续油管本体,184,闸门未完全关闭，确认为连续油管本体,1
T01405,反挤压井,处置措施,落井连续油管,184,减阻水 45m³反挤压井... 带出落井连续油管,1
T01406,未捞获落鱼,处置措施,拆井口检查工具,184,反复下放无法通过，拆井口，检查工具,1
T01407,盲目操作,导致,事故发生,185,盲目操作是造成事故发生的直接原因,1
T01408,夜间施工,影响,操作确认,185,主操室内外光线交叉又影响操作,1
T01409,防喷盒磨损,导致,密封失效,185,易引起防喷盒磨损加快，造成密封失效,1
T01410,面板设计隐患,导致,误操作,185,易造成误操作,1
T01411,加强职工培训,处置措施,提高操作技术水平,185,加强职工培训学习，提高设备操作技术水平,1
T01412,加工分段式安全销,处置措施,保证闸板再确认,185,以保证防喷器全封、剪切闸板在操作前能够进行再确认,1
T01413,JY-D8HF 井,发生于,连续油管自锁,185,3.8 JY-D8HF 并连续油管自锁,1
T01414,培训不足,原因是,盲目操作,185,职工未进行过连续油管方面专业、系统的培训,1
T01415,连续油管,表现为,遇阻,"186,269",9 日 2:00 连续油管模拟通井到 4349.8m 遇阻 | 连续油管队下φ60.32mm 连续油管打塞管柱到 2393.8m...到 2841.5m 遇阻,2
T01416,遇阻,原因是,自锁,186,可以确定连续油管遇阻是因为自锁,1
T01417,自锁,处置措施,减阻剂,186,准备好金属减阻剂，以便施工中随时使用,1
T01418,自锁,处置措施,软件模拟,186,软件模拟连续油管在井内的状态，预判自锁深度,1
T01419,螺杆马达,表现为,马达停转,186,马达测试时，发生马达停转,1
T01420,干酸液污染钻塞液,发生于,JY-D9HF 井,186,3.9 JY-D9HF 干酸液污染钻塞液,1
T01421,钻塞用液成酸性,导致,马达停转,187,钻塞用液成酸性是造成马达停转的直接原因。,1
T01422,残酸处理方式不正确,原因是,管理规定不完善,187,导致现场操作人员随意操作处理残酸是导致事件的间接原因。,1
T01423,液体呈酸性,处置措施,中和处理,187,对显酸性的液体进行中和处理。,1
T01424,JY-D10HF 井,发生于,钻塞卡钴,187,3.10 JY-D10HF 并钴塞卡钴,1
T01425,施工压力 34.0MPa,监测指标,钻塞施工,187,钻完第 8 级桥塞，纯钻 100min，钻压 2kN，施工压力 34.0MPa,1
T01426,排量 0.45m³/min,监测指标,钻塞施工,187,排量 0.45m³/min，井口压力 17.2MPa。,1
T01427,憋泵,导致,压裂车超压,188,突然发生憋泵，压裂车超压,1
T01428,连续油管卡死,表现为,螺杆马达卡死,188,螺杆马达依然卡死无法转动,1
T01429,连续油管卡死,处置措施,上提连续油管,188,20:22 上提连续油管悬重 0 升至 128 kN,1
T01430,连续油管卡死,处置措施,活动连续油管,188,反复上下活动连续油管，尝试开泵,1
T01431,连续油管卡死,处置措施,循环洗井,188,17:00 泵注减阻水 88.7 m³，胶液 10 m³，循环洗井,1
T01432,施工压力,监测指标,35.0~42.0 MPa,188,施工压力 35.0~42.0 MPa,1
T01433,排量,监测指标,0.45 m³/min,188,排量 0.45 m³/min,1
T01434,活动连续油管,处置措施,未解卡,189,活动连续油管 11 次，均未解卡,1
T01435,循环洗井,处置措施,未解卡,189,循环洗井，用 8 mm 油嘴排液，未解卡,1
T01436,注氮气,处置措施,未解卡,189,注氮气...上提下放管柱，未解卡,1
T01437,减阻水,相关,循环洗井,189,减阻水 217.6 m3 间断循环洗井,1
T01438,液氮,相关,注氮气,189,泵注液氮 7.5 m3,1
T01439,金属减阻剂,相关,泵注金属减阻剂,189,泵注金属减阻剂 25.0 m3,1
T01440,油嘴,相关,排液,189,用 8 mm 油嘴排液,1
T01441,井口压力,监测指标,施工参数,189,井口压力 17.5 MPa,1
T01442,施工压力,监测指标,施工参数,189,施工压力 36.85 MPa,1
T01443,点火未燃,表现为,现象,189,放喷口点火未燃,1
T01444,工具被卡,原因是,桥塞卡瓦卡住工具,190,分析认为可能是桥塞的卡瓦卡住钻磨工具，造成被卡,1
T01445,井筒内碎屑沉积,原因是,短起时间短,190,短起时间短，用液少，没有将碎屑带出井筒，造成井筒内碎屑沉积,1
T01446,井筒内碎屑沉积,原因是,用液少,190,短起时间短，用液少，没有将碎屑带出井筒，造成井筒内碎屑沉积,1
T01447,工具被卡,处置措施,文丘里反循环打捞篮,190,组装文丘里反循环打捞篮,1
T01448,工具被卡,处置措施,放弃打捞落鱼,190,根据打捞碎屑情况，放弃打捞落鱼,1
T01449,桥塞,处置措施,胶液循环清理,190,每级桥塞钻完后应该有足够的胶液循环，以便钻磨碎屑和地层返砂的清理,1
T01450,钻磨工具,处置措施,工具定期更换,190,钻磨工具的选择要注意质量，使用过程中应该定期更换,1
T01451,钻压过大,导致,憋泵,191,钻磨过程中施加钻压过大，造成憋泵,1
T01452,憋泵,表现为,施工压力突升,191,施工压力由 25.14MPa 突升至 40MPa 憋泵,1
T01453,螺杆马达脱芯,导致,落井,191,螺杆马达脱芯，转子、轴承座及平底磨鞋落井,1
T01454,桥塞,相关,3288m,191,下探到第 15 级桥塞深度 3288m,1
T01455,施工压力突升,处置措施,上提连续油管,191,施工压力突升至 40MPa 憋泵；12:06 上提连续油管,1
T01456,无进尺,处置措施,起钻,191,钻磨 324min 仍无进尺，起钻,1
T01457,憋泵,处置措施,通知开泵,192,造成憋泵后，不能上提连续油管，通知开泵,1
T01458,憋泵,处置措施,上提连续油管,192,施工压力超过井口出口压力时即可上提连续油管,1
T01459,马达甩脱,原因是,憋泵后上提连续油管,192,造成憋泵后，不能上提连续油管...防止马达甩脱,1
T01460,遇阻,处置措施,上提下放,192,通过上提下放管柱...最终通过遇阻深度,1
T01461,遇阻,处置措施,提高排量,"192,193",短时间提高排量方式，最终通过遇阻深度 | 遇阻；上提油管，提高排量,2
T01462,施工压力连续降低,原因是,胶液胶性变化,192,压力的持续降低，可能因外部因素导致胶液胶性发生变化,1
T01463,振荡器断裂,发生于,JY-D12HF 井,192,3.12 JY-D12HF 并振荡器断裂,1
T01464,过井口困难,处置措施,更换工具组合,193,14:07 拆井口，更换工具组合（减去 1 根强磁打捞器），连接井口,1
T01465,卡瓦碎片,处置措施,强磁打捞,193,井内存在未打捞出的卡瓦碎片，决定继续进行强磁打捞,1
T01466,施工压力,相关,41.5MPa,193,施工压力 41.5MPa,1
T01467,排量,相关,0.39m³/min,193,排量 0.39m³/min,1
T01468,套铣,包含,套铣筒,193,第三趟管柱：第一趟套铣...φ99mm 套铣筒,1
T01469,自锁,处置措施,上提下放,193,11:51 上提下放尝试下油管解除自锁,1
T01470,打捞筒未旋转,导致,引鞋端部卷曲磨损,194,在旋转及加压的作用下，致使打捞筒引鞋端部出现卷曲磨损,1
T01471,改变引导形状,处置措施,打捞失败,194,经决定，改变引导形状及外径，重新制作大外径引鞋,1
T01472,螺旋卡瓦打捞筒,包含,低速螺杆马达,194,管柱结构：φ98mm 螺旋卡瓦打捞筒 +φ73mm 低速螺杆马达,1
T01473,施工压力,监测指标,开泵测试,194,开泵测试，排量 0.34m³/min，施工压力 38.3MPa,1
T01474,憋泵,表现为,超压保护 50MPa,195,19:03 憋泵（超压保护 50MPa）,1
T01475,打捞失败,原因是,Kick off tool 在下推力作用下已工作,195,探到鱼顶后，Kick off tool 在下推力的作用下已工作,1
T01476,打捞失败,原因是,打捞筒引鞋完全压在鱼顶上,195,打捞筒引鞋已完全压在鱼顶上,1
T01477,定向强磁,处置措施,试探打捞振荡器滤罩,195,决定下定向强磁，试探打捞振荡器滤罩,1
T01478,低速马达,处置措施,进行打捞更为合适,195,经过分析认为，低速马达 + 套铣筒进行打捞更为合适,1
T01479,施工压力,监测指标,38.4MPa,195,18:27 开泵，施工压力 38.4MPa,1
T01480,排量,监测指标,0.36m³/min,195,18:27 开泵，排量 0.36m³/min,1
T01481,kick off tool,影响,套铣筒引鞋无法套入落鱼,195,Kick off tool 的旋转并不能使套铣筒引鞋套入落鱼,1
T01482,鱼顶插入套铣筒端部,导致,套铣筒端部出现深槽,196,判断为在下压过程中，鱼顶插入套铣筒端部所致,1
T01483,鱼顶插入套铣筒端部,导致,鱼顶变形,196,该情况的出现可能导致鱼顶变形,1
T01484,第八趟管柱,包含,螺旋卡瓦打捞筒,196,第八趟管柱：第四趟螺旋卡瓦打捞,1
T01485,第九趟管柱,包含,套铣筒,196,第九趟管柱：第五趟螺旋卡瓦打捞 + 第二趟套铣,1
T01486,打捞落鱼,处置措施,增加延长筒,196,决定将打捞筒增加一节延长筒，目的是为将落鱼尽可能多的套入,1
T01487,第一趟打捞筒打捞,导致,滤罩端面磨圆,196,验证了滤罩端面及下端磨圆应该为第一趟打捞筒打捞时所致,1
T01488,铅模,监测指标,落鱼顶部变形,197,根据铅模端部被压出圆形槽及相对位置，通过测量铅模环形槽,1
T01489,落鱼顶部变形,原因是,贴紧套管壁,197,根据铅模边缘出现的磨损情况，初步判断落鱼顶部存在贴紧套管壁的可能,1
T01490,开窗打捞工具,导致,落鱼脱落,197,落鱼进入开窗打捞工具后，二窗距离并未恢复，致使未锁紧落鱼,1
T01491,落鱼脱落,原因是,摩擦力不足,197,存在摩擦力不足以将落鱼提起的因素。在管柱上提过程中，落鱼脱落,1
T01492,落鱼脱落,处置措施,落鱼推到底部,197,分析后决定下卡瓦打捞筒将落鱼推到底部，然后再实施打捞作业,1
T01493,螺旋卡瓦打捞筒,发生于,第十二趟管柱,197,（12）第十二趟管柱：第六趟螺旋卡瓦打捞,1
T01494,第十二趟管柱,表现为,油管遇阻,197,19:00 油管下到 4380m，停泵，关返排闸门，油管遇阻,1
T01495,第十趟管柱,相关,下压 90kN,197,17:03 下探到鱼顶深度 4425m，下压 90kN，起油管,1
T01496,工具疲劳断裂,原因是,振荡器,198,初步判断为振荡器在工作时，产生强烈的震动,1
T01497,工具疲劳断裂,原因是,交变载荷,198,承受拉力、压力、扭转力、弯曲力等交变载荷，导致工具发生疲劳断裂,1
T01498,工具疲劳断裂,原因是,钻压过大,198,也不排除施工中钻压过大等因素而加剧工具断裂,1
T01499,落鱼顶部变形,表现为,直径由原 73mm 扩大到 77mm,198,发现落鱼顶部出现变形，直径由原 73mm，扩大到 77mm,1
T01500,落鱼顶部变形,原因是,硬质合金套铣筒,198,形状成喇叭口状，经分析可能是由硬质合金套铣筒所致,1
T01501,工具疲劳断裂,处置措施,严格控制采购和检验环节,198,对连续油管工具严格控制采购和检验环节，选择质量稳定且被认可的品牌,1
T01502,工具疲劳断裂,处置措施,定期维保及检查,198,作业前对井下工具做好定期维保及检查工作,1
T01503,工具疲劳断裂,处置措施,杜绝盲目加压,198,杜绝钻塞过程中盲目加压，野蛮操作,1
T01504,连续油管,包含,篮式打捞筒,198,连接井下工具（管柱结构：φ108mm 篮式打捞筒,1
T01505,连续油管破裂,发生于,JY-D13HF 井,199,3.13 JY-D13HF 并连续油管破裂,1
T01506,连续油管破裂,原因是,累积弯曲疲劳过度,199,该井钻塞所用的连续油管存在累积弯曲疲劳过度,1
T01507,连续油管破裂,处置措施,打开出口阀门,199,发现破裂后立即打开出口阀门，加强坐岗和巡检,1
T01508,连续油管破裂,处置措施,更换连续油管队,199,更换连续油管队继续钻完剩余桥塞,1
T01509,钻塞管柱,包含,平底磨鞋,199,管柱结构：phi108mm 平底磨鞋,1
T01510,钻塞管柱,包含,螺杆马达,199,管柱结构：...+phi73mm 螺杆马达,1
T01511,连续油管,相关,软件模拟疲劳强度,199,连续油管施工前，进行软件模拟连续油管疲劳强度,1
T01512,连续油管,相关,在线检测装置,199,引进（研发）连续油管在线检测装置,1
T01513,钻磨参数不合理,导致,工具断裂,200,钻磨参数不合理，造成工具疲劳，导致管柱从外卡瓦下本体断裂,1
T01514,工具疲劳,导致,工具断裂,200,造成工具疲劳，导致管柱从外卡瓦下本体断裂,1
T01515,工具断裂,表现为,施工压力突然下降,200,当悬重达到最大 160kN 时，施工压力突然由 32MPa 降至 28MPa,1
T01516,工具断裂,导致,落鱼,200,导致管柱从外卡瓦下本体断裂落井,1
T01517,工具断裂,处置措施,强磁打捞,200,下强磁打捞管柱...捞出桥塞金属碎屑,1
T01518,工具断裂,处置措施,卡瓦打捞,200,连接卡瓦打捞筒管柱...带出全部落鱼,1
T01519,工具断裂,监测指标,悬重,200,当悬重达到最大 160kN 时，施工压力突然下降,1
T01520,误操作剪切手柄,导致,连续油管剪断,201,误将全封和剪切操作手柄当成半封操作手柄开关活动,1
T01521,连续油管剪断,发生于,JY-D15HF 井,201,3.15 JY-D15HF 并误操作剪断连续油管,1
T01522,连续油管剪断,表现为,连续油管悬重突降,201,连续油管悬重由 180kN 突降至 80kN,1
T01523,连续油管剪断,处置措施,打铅印,201,8 月 10 日 18:00~11 日 1:43 连续油管组下打印管柱,1
T01524,连续油管剪断,处置措施,打捞,201,11 日 17:56 连续油管组下打捞管柱,1
T01525,JY-D15HF 井,包含,全井压裂 22 段,201,2015 年 8 月 16 日～10 月 5 日全井压裂 22 段,1
T01526,防喷器,相关,连续油管剪断,201,怀疑是防喷器半封卡瓦未处在全开位置,1
T01527,连续油管悬重,监测指标,连续油管剪断,201,连续油管悬重由 180kN 突降至 80kN,1
T01528,误操作防喷器,原因是,主操责任心不强,202,主操责任心不强，是这起事件发生的主要原因,1
T01529,误操作防喷器,原因是,全封手柄未上锁,202,全封手柄未上锁，未能实行二次操作,1
T01530,误操作防喷器,处置措施,加强技术培训,202,加强连续油管操作人员的技术培训和岗位练兵活动,1
T01531,误操作防喷器,处置措施,手柄标记红色警戒,202,手柄标记红色警戒，将防喷器全封和剪切闸板安装控制总阀,1
T01532,打捞滑脱,发生于,第二次打捞,202,缓慢上提悬重 100\sim 80\mathrm{kN} 均滑脱,1
T01533,打捞滑脱,发生于,第三次打捞,202,缓慢上提悬重 80\mathrm{kN} 滑脱,1
T01534,JY-D16HF 井,发生于,连续油管工具串落井,203,3.16 JY-D16HF 并连续油管工具串落并,1
T01535,连续油管工具串落井,包含,螺杆马达转子,203,检查：螺杆马达转子和平底磨鞋落井,1
T01536,连续油管工具串落井,包含,平底磨鞋,203,检查：螺杆马达转子和平底磨鞋落井,1
T01537,连续油管工具串落井,导致,钻磨无进尺,203,6:00 钻磨无进尺,1
T01538,连续油管工具串落井,处置措施,打捞,203,连接打捞管柱...强磁打捞器,1
T01539,连续油管工具串落井,处置措施,循环洗井,203,打胶液 10m³，循环洗井,1
T01540,遇阻,处置措施,加压探鱼顶,203,遇阻，加压 10kN 探鱼顶,1
T01541,落鱼,原因是,丝扣脱落,204,转子与轴承座下部连接的丝扣脱落，造成上部锁帽及以下部分落井,1
T01542,落鱼,原因是,维护保养不到位,204,可能由于螺杆马达维护保养不到位，转子与轴承座下部连接的丝扣脱落,1
T01543,施工压力,表现为,压力升至 37MPa,204,施工压力 25MPa 升至 37MPa,1
T01544,进尺异常,处置措施,起出管柱检查,204,进尺缓慢，进尺异常，须及时起出管柱检查,1
T01545,连续油管,包含,打捞篮,204,起出连续油管，带出打捞篮,1
T01546,钻塞过程,相关,工具掉井,204,钻塞过程中...防止工具掉井等复杂情况发生,1
T01547,连续油管质量问题,导致,油管漏点,205,连续油管本体可能存在一定的质量问题，刺穿处为油管焊接处,1
T01548,焊接处薄弱,导致,油管漏点,205,刺穿处为油管焊接处，是连续油管的薄弱点,1
T01549,注入头夹持块硬物,导致,油管损坏,205,注入头夹持块内有硬物没清理干净，在工作时导致油管损坏,1
T01550,卡瓦碎块机械损伤,导致,油管损坏,205,井内的卡瓦碎块对连续油管造成机械损伤,1
T01551,油管漏点,处置措施,更换连续油管,205,起出井内管柱，更换新连续油管再作业,1
T01552,把控油管质量,处置措施,油管漏点,205,在购买连续油管时严格把控质量,1
T01553,建立维护台账,处置措施,油管损坏,205,建立使用维护保养台账，在施工作业前，仔细检查设备情况,1
T01554,执行钻塞规定,处置措施,减少钻屑损伤,205,严格执行钻塞管理规定，减少井下钻屑对连续油管的损伤,1
T01555,人员培训,处置措施,应急能力提升,205,加大对操作人员的技术培训，要有相应的应急情况处置能力,1
T01556,振荡器断裂,表现为,遇阻,205,JY-D18HF 并振荡器断裂...在 3491.50m 遇阻,1
T01557,落鱼,包含,振荡器下端,206,落鱼为振荡器下端、马达及磨鞋,1
T01558,落鱼,包含,马达,206,落鱼为振荡器下端、马达及磨鞋,1
T01559,落鱼,包含,磨鞋,206,落鱼为振荡器下端、马达及磨鞋,1
T01560,螺旋卡瓦打捞筒,表现为,卡瓦裂缝,206,检查工具串，未捞获落鱼，检查卡瓦有裂缝,1
T01561,卡瓦裂缝,导致,打捞失败,206,未捞获落鱼，检查卡瓦有裂缝,1
T01562,卡瓦裂缝,处置措施,更换新螺旋卡瓦,206,检查卡瓦有裂缝，更换新螺旋卡瓦,1
T01563,施工压力,监测指标,31.0 MPa,206,施工压力 31.0 MPa,1
T01564,排量,监测指标,0.35 m³/min,206,排量 0.35 m³/min,1
T01565,强磁打捞器,影响,桥塞碎屑,206,强磁捞获桥塞铁屑 2.36kg,1
T01566,油管自锁,表现为,遇阻,207,下放连续油管到 5254.00m 遇阻，判断油管出现自锁,1
T01567,油管自锁,处置措施,开泵循环,207,开泵 30s，悬重恢复,1
T01568,油管自锁,处置措施,上提连续油管,207,油管自锁，无法下放，上提连续油管,1
T01569,强磁打捞,相关,桥塞铁屑,207,强磁捞获桥塞铁屑 3.77kg,1
T01570,套铣,相关,振荡器芯轴,207,检查捞获振荡器芯轴,1
T01571,螺旋卡瓦打捞筒打捞,相关,金属减阻剂,207,期间泵注金属减阻剂 20.00m³,1
T01572,遇阻,处置措施,加压,207,遇阻，加压 50kN,1
T01573,油管自锁,发生于,连续油管,207,判断油管出现自锁,1
T01574,调节阀未调节合适,导致,工具损坏,208,导致震荡过于强烈，使工具在短时间内损坏断裂,1
T01575,遇阻,表现为,泵压异常,208,时遇阻，施工压力由 26.3MPa 迅速升至 39MPa,1
T01576,上提油管 5m,处置措施,泵压悬重恢复正常,208,立即上提油管 5m 后泵压悬重恢复正常,1
T01577,施工压力上升 1.0MPa,表现为,捞获,208,施工压力上升 1.0MPa，判断捞获,1
T01578,新型振荡器不熟悉,原因是,振荡器使用不当损坏,208,对其性能和使用方法没有熟悉了解...导致振荡器使用不当损坏,1
T01579,振荡器,包含,调节阀,208,振荡器上的调节阀没有调节到合适的位置,1
T01580,遇阻,表现为,施工压力上升,209,施工压力由 21.2 MPa 迅速升至 38 MPa,1
T01581,异物堆积,导致,遇阻,209,推断遇阻深度可能有异物堆积，并有可能卡在炮眼阻碍通道,1
T01582,井斜大,导致,遇阻,209,遇阻深度临近射孔段且井斜都比较大,1
T01583,工具选择不合理,导致,遇阻,209,施工队伍对井筒及井况分析不够充分，工具选择不合理,1
T01584,遇阻,发生于,射孔段,209,可见遇阻深度临近射孔段且井斜都比较大,1
T01585,遇阻,处置措施,上提油管,209,立即上提油管 5 m 后泵压悬重恢复正常,1
T01586,遇阻,处置措施,强磁打捞,209,连接强磁打捞管柱，捞获碎屑质量 2.76 kg,1
T01587,遇阻,处置措施,钻磨,209,连接钻磨工具，管柱结构：φ105 mm 磨鞋,1
T01588,遇阻,处置措施,洗井,209,决定带φ73 mm 喷嘴进行洗井,1
T01589,连续油管刺漏,发生于,JY-D20HF 井,210,3.20 JY-D20HF 并连续油管穿孔,1
T01590,连续油管刺漏,表现为,2mm×6mm 缺口,210,确认连续油管刺漏，刺漏处为 2mm×6mm 缺口,1
T01591,连续油管刺漏,原因是,硬状突出点刮伤,210,油管在起下过程中遇到硬状突出点刮伤,1
T01592,连续油管刺漏,原因是,硬物进入注入头夹持块,210,硬物进入注入头夹持块，在起下油管时夹持块与硬物夹持所致,1
T01593,连续油管刺漏,原因是,出厂时就有伤痕,210,可能油管本体在出厂时就有伤痕,1
T01594,连续油管刺漏,处置措施,停泵,210,立即停泵，停止上提油管,1
T01595,连续油管刺漏,处置措施,更换连续油管,210,更换检测合格的连续油管后，重新进行通井洗井施工,1
T01596,注入头夹持块,相关,连续油管刺漏,210,硬物进入注入头夹持块...夹持所致,1
T01597,连续油管刺漏,处置措施,清理夹持块,210,对注入头夹持块的表面清理,1
T01598,连续油管刺漏,处置措施,更换夹持块,210,对磨损的夹持块及时更换,1
T01599,连续油管刺漏,处置措施,加强自检,210,加强对连续油管使用前的自检工作,1
T01600,数据传输异常,发生于,JY-D21HF 井,210,3.21 JY-D21HF 并钻塞作业数据传输异常,1
T01601,悬重显示异常,原因是,井口指重系统故障,211,分析认为油管没有断裂掉入井内，井口指重系统出了故障,1
T01602,井口指重系统故障,原因是,数据线接头进水,211,造成数据线接头进入雨水导致数据传输出现异常,1
T01603,井口指重系统故障,原因是,操作人员经验不足,211,近期雨水天气较多，外加操作人员工作经验不足,1
T01604,井口指重系统故障,处置措施,更换指重表数据线接头,211,更换指重表数据线接头后数据传输正常,1
T01605,井口指重系统故障,处置措施,接口防水保护,211,对数据线接口等重点部位进行防水措施保护,1
T01606,连续油管卡钻,发生于,JY-D22HF 井,211,3.22 JY-D22HF 并连续油管卡钻,1
T01607,连续油管钻塞管柱,包含,平底磨鞋,211,管柱结构：φ 108mm 平底磨鞋,1
T01608,连续油管钻塞管柱,包含,螺杆马达,211,管柱结构：φ 73mm 螺杆马达,1
T01609,出口无液返出,表现为,返排捕屑器压力为零,211,坐岗人员观察返排捕屑器压力为零，确认出口无液返出,1
T01610,返排压裂砂,导致,地面管汇堵塞,212,因怀疑地面管汇及油管头四通处被胶皮及返排压裂砂堵塞,1
T01611,钻磨桥塞碎屑,导致,连续油管遇卡,212,钻磨桥塞的碎屑块较大，上返过程中造成地面管汇堵塞，且环空中未能上返碎屑较多,1
T01612,反打压过高,导致,连续油管遇卡,212,反打压过高造成碎屑堆积后被压实，上提油管遇卡,1
T01613,出口不返液,相关,连续油管遇卡,212,出口不返液后上提连续油管造成连续油管遇卡,1
T01614,下放连续油管,处置措施,连续油管遇卡,212,缓慢下放连续油管到 3066.00 m，停泵后，出口返液正常，解卡成功,1
T01615,反打压,处置措施,地面管汇堵塞,212,因怀疑地面管汇及油管头四通处被胶皮及返排压裂砂堵塞，采取由管汇台处逐级反打压,1
T01616,坐岗制度不落实,原因是,连续油管遇卡,212,坐岗制度不落实，坐岗人员责任心不强,1
T01617,JY-D23HF 井,发生于,螺杆马达落井,213,3.23 JY - D23HF 并螺杆马达落井,1
T01618,施工压力,表现为,34.3 MPa,213,施工压力 34.3 MPa,1
T01619,排量,表现为,0.40 m³/min,213,排量 0.40 m³/min,1
T01620,悬重,表现为,95 kN 降至 72 kN,213,悬重由 95 kN 降至 72 kN,1
T01621,特殊井况,处置措施,研究设计,213,对特殊井况和复杂工况的井，认真研究设计,1
T01622,复杂工况,处置措施,研究设计,213,对特殊井况和复杂工况的井，认真研究设计,1
T01623,螺杆马达落井,处置措施,循环洗井,213,减阻水 60m³循环洗井,1
T01624,螺杆马达落井,处置措施,打捞工具,213,连续油管连接打捞工具,1
T01625,气侵,导致,低速螺杆马达损坏,214,所使用的低速螺杆马达由于气侵导致内部橡胶件损坏,1
T01626,扣型不匹配,导致,工具落井,214,两种扣型虽然可以相连，但不能完全匹配...致使该两道扣之间松动...落井,1
T01627,反扭矩,导致,扣之间松动,214,过井口台阶面时开泵产生的反扭矩致使该两道扣之间松动,1
T01628,打捞筒卡瓦,导致,未捕获落鱼,214,未捕获落鱼，主要原因：打捞筒卡瓦被鱼头损坏,1
T01629,压井,处置措施,保护低速螺杆马达,214,故需对该井进行压井，以保护低速螺杆马达的正常运转,1
T01630,泵注清水,影响,井口压力,214,泵注清水 50m³，井口压力 35.0MPa 降至 16.0MPa,1
T01631,震击器,包含,PACDSI 扣,214,使用的震击器下端扣型为 PACDSI 扣,1
T01632,低速螺杆马达,包含,PAC 扣,214,螺杆马达上端扣型为 PAC 扣,1
T01633,工作防喷器密封失效,导致,油管憋弯,215,2 号工作防喷器密封突然失效，导致油管挂上部压力外泄,1
T01634,压差,导致,油管憋弯,215,造成油管挂上下巨大压差，瞬间压力导致油管弯曲断裂,1
T01635,油管憋弯,处置措施,关闭防喷器,215,现场操作人员依据工作防喷器刺漏预案立即关闭,1
T01636,油管憋弯,处置措施,手动锁死,215,然后关闭 2 号安全防喷器并手动锁死,1
T01637,带压作业,包含,工作防喷器,215,带压作业设备主要有提升设备、工作防喷器组,1
T01638,JY-E1HF 井,发生于,油管憋弯,215,本章主要介绍了涪陵页岩气田水平井带压作业过程中出现的油管憋弯,1
T01639,2 号工作防喷器,表现为,密封失效,216,2 号工作防喷器密封突然失效,1
T01640,密封失效,导致,油管挂上窜,216,导致油管挂上部压力外泄，油管挂带动油管上窜,1
T01641,油管挂上窜,导致,油管弯曲断裂,216,油管挂带动油管上窜，导致油管在工作窗位置弯曲断裂,1
T01642,液压卡瓦太大,导致,操作人员疲惫,216,液压卡瓦太大，造成操作人员疲惫,1
T01643,切割弯曲油管,处置措施,油管弯曲断裂,216,用割刀对弯曲油管进行切割，取出弯曲油管,1
T01644,更换防喷器胶芯,处置措施,密封失效,216,更换 1 号、2 号工作防喷器胶芯，更换完毕后正常关井,1
T01645,液动旋塞阀,表现为,液动旋塞阀渗漏,217,发现防喷管线一侧液动旋塞阀渗漏,1
T01646,液动旋塞阀渗漏,处置措施,维修液动旋塞阀并注脂,217,维修液动旋塞阀并注脂,1
T01647,下油管挂,发生于,白天施工,217,下油管挂操作时只能在白天进行,1
T01648,安全监督,处置措施,安全监督现场值班,217,整个施工过程中安全监督要一直在现场值班,1
T01649,防喷器,包含,防喷器备用闸板,217,报计划购买 2 套 2% in 的防喷器备用闸板,1
T01650,JY-E2HF 井,包含,人工井底 4317.00m,217,人工井底 4317.00m,1
T01651,下油管挂,处置措施,队干部代行监督,217,如有特殊情况需要离开时一定要有一名有经验的队干部代行监督职责,1
T01652,管柱上顶,表现为,部分管柱从 1m 工作窗顶出,218,部分管柱从 1m 工作窗顶出，放喷口气量变大,1
T01653,2.1MPa,发生于,管柱上顶,218,当压力放到 2.1MPa 时，突然听见一声撞击响声,1
T01654,管柱上顶,导致,公扣撸脱,218,下端公扣有撸脱痕迹，公扣受损，上端断口变形严重,1
T01655,关闭井口 1 号闸门,处置措施,管柱上顶,218,紧急关闭液动旋塞阀，并关闭井口 1 号闸门,1
T01656,防喷器,包含,剪切闸板防喷器,218,开剪切闸板防喷器,1
T01657,管柱变形,表现为,“之”字型变形,218,工作窗内发生“之”字型变形，变扣接头及悬挂器未飞出,1
T01658,主液压系统回油管线,处置措施,更换丝扣,219,主液压系统回油管线拆下后，已完成更换丝扣，可正常使用。,1
T01659,防喷器,处置措施,检测与维修,219,6 月 4 日起运到四川广汉进行防喷器的检测与维修。,1
T01660,支撑隔栏装反,导致,顶丝被剪断,219,将支撑隔栏装反，致使顶丝受力面积减小，导致顶丝被剪断。,1
T01661,顶丝被剪断,导致,事故发生,219,导致顶丝被剪断。施工人员对试压塞结构不熟悉是导致事故发生的又一主要原因。,1
T01662,未按照指导书试压,原因是,事故发生,219,未按照《带压作业指导书》要求进行试压是导致事故发生的主要原因。,1
T01663,违反操作规程,导致,事故发生,219,违反了操作规程。存在对外方施工人员监管不力情况。,1
T01664,监管不力,原因是,事故发生,219,存在对外方施工人员监管不力情况。,1
T01665,顶丝不能到位,原因是,顶丝扣损坏,220,顶丝扣损坏，且内有异物（疑为加砂压裂时造成），导致顶丝不能顶到位,1
T01666,顶丝不能到位,原因是,内有异物,220,顶丝扣损坏，且内有异物（疑为加砂压裂时造成），导致顶丝不能顶到位,1
T01667,内有异物,原因是,加砂压裂,220,内有异物（疑为加砂压裂时造成）,1
T01668,顶丝不能到位,处置措施,更换新顶丝,220,更换新顶丝，重新顶紧顶丝,1
T01669,顶丝不能到位,处置措施,高压水枪冲洗,220,并用高压水枪冲洗后，更换新顶丝,1
T01670,风险未辨识到位,导致,顶丝扣损坏,220,前期施工过程中风险未辨识到位，致使顶丝扣损坏,1
T01671,顶丝扣损坏,导致,顶丝不能到位,220,致使顶丝扣损坏，引起带压作业过程顶丝不到位,1
T01672,冬季环境温度低,导致,水合物冰堵,221,冬季环境温度低，且井内产水较多，在倒换接箍时需要放喷泄压,1
T01673,井内产水较多,导致,水合物冰堵,221,冬季环境温度低，且井内产水较多，在倒换接箍时需要放喷泄压,1
T01674,节流效应,导致,水合物冰堵,221,形成节流效应，达到了水合物形成条件，并在防喷器内腔集结,1
T01675,水合物冰堵,表现为,防喷器关不到位,221,导致防喷器开关不到位,1
T01676,注入甲醇,处置措施,水合物冰堵,221,往防喷器内腔注入甲醇等水合物抑制剂，解决了防喷器冰堵问题,1
T01677,蒸汽车喷淋,处置措施,水合物冰堵,221,使用蒸汽车喷淋防喷器壳体，解决了防喷器冰堵问题,1
T01678,冬防保温措施,处置措施,水合物冰堵,221,确保冬防保温措施做到位，配备锅炉车对设备进行加热保温,1
T01679,水合物冰堵,发生于,JY-E4HF 井,221,4.4 JY-E4HF 并井口水合物冰堵,1
T01680,锅炉车,相关,冬防保温措施,221,配备锅炉车对设备进行加热保温，保障井控安全,1
T01681,管柱不居中,导致,辅助盘根受损,222,由于管柱不居中导致油管挂在工作下半封内腔刮蹭引起的,1
T01682,油管挂上窜,表现为,标记线高出基准面 3cm,222,此时油管标记线高出基准面 3cm,1
T01683,扶正,处置措施,管柱不居中,222,通过扶正后解决了油管挂下行刮蹭的问题,1
T01684,更换辅助盘根,处置措施,辅助盘根受损,222,更换辅助盘根及金属盘根后下行,1
T01685,顶丝剩余尺寸,影响,油管挂座封,222,顶丝顶入锥面时外部剩余尺寸小于 94mm,1
T01686,水密封试压,监测指标,70 MPa,223,试压值 70 MPa，现场稳压 25 min，未出现压降,1
T01687,水密封试压,监测指标,25 min,223,试压值 70 MPa，现场稳压 25 min，未出现压降,1
T01688,座封失败,原因是,顶丝未顶到位,223,顶丝未顶到位，顶丝未进油管挂锥面导致逐级泄压到上顶力大于下压力,1
T01689,座封失败,原因是,油管头内部脏东西,223,油管头内部有较多脏东西粘附，如密封脂胶结压裂砂等，导致座封无法到位,1
T01690,座封失败,原因是,新产品顶丝前端非锥面,223,新产品顶丝前端非锥面，而新顶丝在极小的工程误差时才可座封成功,1
T01691,座封失败,原因是,技术交底缺失,223,厂家技术人员不了解自家设备情况，未对关键参数进行交底,1
T01692,技术交底会议,处置措施,座封失败,223,开工验收前的技术交底会议，要求厂家安排技术人员参加,1
T01693,厂家技术人员到场,处置措施,座封失败,223,下油管挂期间厂家技术人员到场，座封到位时，厂家与我方共同确认尺寸,1
T01694,顶丝,相关,油管挂,223,顶丝未进油管挂锥面导致逐级泄压到上顶力大于下压力,1
T01695,密封圈脱落,表现为,指重表管重减轻,224,当悬挂器下放到环形防喷器位置时，主操发现指重表管重有轻微减轻,1
T01696,管柱不居中,导致,密封圈脱落,224,后发现管柱不居中...起出悬挂器后发现金属密封圈脱落,1
T01697,密封圈脱落,处置措施,关闭防喷器,224,关闭了 2 号、3 号、4 号防喷器,1
T01698,密封圈脱落,处置措施,泄压,224,泄压后打开 1 号工作防喷器,1
T01699,悬挂器,包含,金属密封圈,224,起出悬挂器后发现金属密封圈脱落,1
T01700,甲供料改变,导致,风险,224,有变化就有风险，当甲供料有改变或改进时,1
T01701,环形防喷器胶芯未完全回位,导致,金属密封圈损坏,225,环形防喷器胶芯支撑筋将悬挂器钢圈挤断，同时造成悬挂器本体受损,1
T01702,金属密封圈损坏,处置措施,微型摄像头,225,将带有光源的微型摄像头送到 2 号工作防喷器闸板顶部，观察脱落金属密封圈位置,1
T01703,金属密封圈损坏,处置措施,更换密封件,225,更换 1、2 号工作防喷器闸板及密封件,1
T01704,坐悬挂器,监测指标,压力恢复,225,缓慢释放压力至 0，做压力恢复观察，1.5h 后，压力升至 19MPa,1
T01705,坐悬挂器,监测指标,管柱无上移,225,顶紧顶丝，试提 50kN 管柱无上移,1
T01706,井口遇阻,发生于,JY-E7HF 井,226,4.7 JY-E7HF 并并口遇阻,1
T01707,井口遇阻,原因是,生产流速快,226,本井生产管线出口侧翼阀门生产流速快，导致管柱下到 1 号闸门位置时发生位移,1
T01708,生产流速快,导致,管柱位移,226,生产流速快，导致管柱下到 1 号闸门位置时发生位移,1
T01709,管柱位移,导致,井口遇阻,226,无法正常通过生产管线出口侧翼阀门位置导致遇阻,1
T01710,井口遇阻,处置措施,管柱旋转,226,让管柱缓速顺时针旋转，管柱在旋转状态下顺利通过遇阻位置,1
T01711,井口遇阻,处置措施,降低产量,226,降低产量来减低气体流速，打开转盘，让管柱缓速顺时针旋转,1
T01712,管柱旋转,监测指标,20 r/min,226,旋转速度大概为 20 r/min,1
T01713,井口遇阻,相关,1 号闸门,226,无法正常通过生产管线出口侧翼阀门位置导致遇阻,1
T01714,油管挂遇阻,发生于,1 号闸门,227,油管挂下到 1 号闸门阀芯位置，发现遇阻,1
T01715,油管挂遇阻,处置措施,放喷,227,打开泄压通道，放喷 3 次，每次放喷时间为 3s,1
T01716,油管挂遇阻,处置措施,上提管柱,227,缓慢加压上提管柱，施加上提力 150kN,1
T01717,带压作业,处置措施,降低产量,227,带压作业期间，应降低产量,1
T01718,带压作业,处置措施,关井,227,若有可能应关井避免交叉作业,1
T01719,安装设备,处置措施,设备水平,227,安装设备时确保设备水平,1
T01720,JY-E8HF 井,表现为,油管挂遇阻,227,4.8 JY-E8HF 并坐油管挂遇阻,1
T01721,金属密封圈变形,导致,遇阻,228,遇阻原因是由于悬挂器金属密封圈变形,1
T01722,金属密封圈变形,导致,卡在法兰连接处,228,导致密封圈卡在井控上半封闸板与下工作闸板法兰连接处,1
T01723,遇阻,表现为,卡在法兰连接处,228,推断出遇阻可能是由于...卡在...法兰连接处,1
T01724,下放管柱 0.4m,处置措施,遇阻,228,下放管柱 0.4m，对井控上闸板进行开腔,1
T01725,开腔井控上闸板,处置措施,遇阻,228,对井控上闸板进行开腔,1
T01726,活动密封圈,处置措施,遇阻,228,活动悬挂器金属密封圈后，关闭防喷器腔体,1
T01727,上提管柱 150kN,处置措施,遇阻,228,上提到 150kN 解卡成功,1
T01728,上提管柱 150kN,导致,解卡成功,228,上提到 150kN 解卡成功,1
T01729,金属密封圈,包含,金石悬挂器,228,悬挂器金属密封圈变形,1
T01730,遇阻,发生于,带压作业,228,带压作业复杂情况与故障,1
T01731,坐油管挂遇阻,原因是,金属密封圈严重变形,229,得出此次坐油管挂遇阻原因是坐油管挂过程中悬挂器金属密封圈严重变形,1
T01732,金属密封圈严重变形,原因是,1 号闸门未完全打开,229,1 号闸门未完全打开，坐油管挂时金属密封圈卡在 1 号闸门处导致遇阻,1
T01733,金属密封圈严重变形,原因是,金属密封圈直径偏大,229,金属密封圈直径偏大或松动，导致坐油管挂过程中金属密封圈挂在法兰连接处,1
T01734,坐油管挂遇阻,处置措施,油管挂通过防喷器作业,229,在开工前，要进行油管挂通过防喷器作业，确保施工时油管挂顺利通过防喷器,1
T01735,坐油管挂遇阻,处置措施,采气树厂家人员提前到场,229,实施坐油管挂作业前，采气树厂家人员务必提前到场，确认 1 闸门全开,1
T01736,JY-E9HF 井,发生于,连续油管落井,229,4.9 JY-E9HF 并连续油管落井,1
T01737,连续油管滚压连接器抗拉测试,监测指标,60kN,229,连续油管滚压连接器抗拉测试 60kN，无位移，合格,1
T01738,连续油管连接器及本体试压,监测指标,45MPa,229,连续油管连接器及本体试压 45MPa，合格,1
T01739,金属密封圈严重变形,导致,坐油管挂遇阻,229,悬挂器金属密封圈严重变形，导致密封圈卡在井控上半封闸板与下工作闸板法兰连接处,1
T01740,高压气体泄漏,原因是,一号阀注脂阀损坏,230,经检查一号阀注脂阀损坏,1
T01741,高压气体泄漏,原因是,高压管线软管串漏,230,发现是由防喷器上所接高压管线支路有一软管出口在串漏,1
T01742,高压气体泄漏,处置措施,关闭旋塞阀,230,随后关闭高压管线上旋塞阀，泄漏得到控制,1
T01743,高压气体泄漏,处置措施,开启防喷流程,230,16:40 试气队开启防喷流程进行井筒放压,1
T01744,连续油管打捞管柱,包含,GS 打捞矛,230,φ120.6mm GS 打捞矛×0.577m,1
T01745,连续油管桥塞管柱,包含,桥塞,230,φ105mm 桥塞×1.0m,1
T01746,桥塞座封,发生于,3050m,230,连续油管下到深度 3050m 桥塞座封深度,1
T01747,排量 0.35m³/min,监测指标,清水,230,期间使用清水 48m³，排量 0.35m³/min,1
T01748,打捞成功,表现为,井口压力,230,上提连续油管悬重 90kN 升至 195kN，打捞成功,1
T01749,钻塞,包含,磨鞋,231,连续油管队组装连续油管钻塞管柱：φ108mm 磨鞋,1
T01750,钻塞,包含,减阻水,231,用减阻水正循环钻磨第二级桥塞,1
T01751,磨鞋磨损严重,发生于,钻塞,231,连续油管起到井口，经检查，磨鞋磨损严重,1
T01752,座封,监测指标,施工压力,231,循环压力 23.2MPa 降至 13.7MPa,1
T01753,桥塞,处置措施,钻塞,231,用减阻水正循环钻磨第二级桥塞,1
T01754,连续油管落井,原因是,未按设计操作,232,连续油管落井的直接原因是连续油管主操手未按设计执行操作,1
T01755,连续油管落井,原因是,手柄设计不合理,232,连续油管落井的间接原因是操作室...操作手柄设计不合理,1
T01756,未按设计操作,表现为,误关剪切闸板,232,而是采取“关闭剪切闸板”的误操作,1
T01757,连续油管落井,原因是,未关闭泄压阀,232,在压力观察期间，未关闭泄压流程旋塞阀,1
T01758,连续油管落井,原因是,泄压软管,232,施工队伍违反设计，在井口临时接了一条防喷管泄压软管,1
T01759,连续油管落井,处置措施,加强技术交底和监管,232,加强新技术新工艺的培训，加强现场技术交底和技术监管工作,1
T01760,关键操作节点,处置措施,手柄上锁,232,关键操作节点应设立监护人，剪切、全封手柄应上锁,1
T01761,泄压管线,处置措施,严禁使用软管,232,泄压管线必须接出井场，按标准联接固定，严禁使用软管,1
T01762,JY-E10HF 井,发生于,坐管挂遇阻,233,4.10 JY-E10HF 并坐管挂遇阻,1
T01763,坐管挂遇阻,表现为,油管挂无法坐入,233,油管挂无法坐入油管头,1
T01764,坐管挂遇阻,原因是,尺寸匹配问题,233,导致油管挂无法正常坐入,1
T01765,尺寸匹配问题,相关,178mm,233,油管头的内径及油管挂外径都为 178mm,1
T01766,坐管挂遇阻,处置措施,加工油管挂,233,将油管挂加工到 177mm 再次尝试,1
T01767,加工油管挂,影响,坐挂成功,233,坐挂成功，试压正常,1
T01768,坐管挂遇阻,处置措施,检查顶丝,233,检查确认 8 个顶丝均退到 80mm 以上,1
T01769,坐管挂遇阻,处置措施,居中测试,233,对 1 号闸门以上部分设备再次进行居中测试,1
T01770,遇卡,发生于,1 号闸门,234,当油管挂下到 1 号闸门处遇卡,1
T01771,遇卡,原因是,井口倾斜,234,上下活动余量仅为 5cm（因本井井口倾斜）,1
T01772,遇卡,原因是,冰堵,234,怀疑 1 号闸门可能存在冰堵情况,1
T01773,遇卡,处置措施,加热,234,连接锅炉管线进行加热 1 号闸门处,1
T01774,遇卡,处置措施,居中测试,234,带压作业机设备系统，必须通过居中测试验证,1
T01775,油管挂,相关,绘制草图,234,所入井的一切特殊工具必须有精准的尺寸规格，绘制草图,1
T01776,油管挂,表现为,解卡失败,235,上提下放油管挂解卡失败。,1
T01777,解卡失败,处置措施,上提下放,235,16:00 上提油管过载重量 100 m{kN}，下压 100 m{kN} 活动管柱解卡均无效。,1
T01778,解卡失败,原因是,金属密封圈脱落,235,油管挂上的金属密封圈已经脱落，前后两侧磨损严重,1
T01779,1 号闸门,相关,冰堵,235,对可能存在冰堵的 1 号闸门、剪切防喷器、2 号安全防喷器进行锅炉蒸汽加热,1
T01780,冰堵,处置措施,锅炉蒸汽加热,235,对可能存在冰堵的 1 号闸门、剪切防喷器、2 号安全防喷器进行锅炉蒸汽加热,1
T01781,1 号闸门,相关,杂物堵塞,235,向 1 号闸门内灌入 0.4 m{m}^3 清水冲洗，排除因杂物堵塞的可能。,1
T01782,杂物堵塞,处置措施,清水冲洗,235,向 1 号闸门内灌入 0.4 m{m}^3 清水冲洗，排除因杂物堵塞的可能。,1
T01783,遇阻,原因是,油管挂外径过大,235,判断油管挂外径过大或 1 号闸门内径稍小，或 1 号闸门开关不全。,1
T01784,油管挂,处置措施,加工油管挂,235,决定对油管挂进行加工后再次通径测试，具体加工方法待油管挂厂家测试后决定。,1
T01785,加工油管挂,影响,174mm,235,16 日油管挂厂家已测试完成，决定将油管挂外径缩小至 174 m{mm},1
T01786,油管挂遇卡,原因是,平板闸门开关不到位,236,悬挂器在平板闸门处遇卡原因为平板闸门开关不到位,1
T01787,油管挂遇卡,原因是,井口倾斜,236,井口倾斜比较严重，造成由于挂不能完全居中,1
T01788,油管挂遇卡,原因是,间隙太小,236,油管挂外径和 1 号闸门内径之间间隙太小,1
T01789,油管挂遇卡,原因是,金属密封圈设计不合理,236,金属密封圈设计不合理，当金属密封圈受力变形后外径有可能会大于 180mm,1
T01790,稳压失败,原因是,金属密封圈,236,发现金属密封圈损坏,1
T01791,油管挂遇卡,发生于,1 号闸门,236,上提过程中油管挂卡在 1 号闸门处,1
T01792,油管挂遇卡,处置措施,加工特制油管挂,236,发现金属密封圈损坏...决定用由油管挂厂家新加工二个特制油管挂,1
T01793,JY-E12HF 井,表现为,定压接头未打掉,236,JY-E12HF 并定压接头未打掉,1
T01794,定压接头,包含,堵头,237,定压接头堵头向下移动约 1cm,1
T01795,定压接头,包含,销钉,237,2 个销钉残留长度不一样长,1
T01796,销钉拧入深度不一致,导致,堵头卡死,237,两侧销钉拧入深度不一致，堵头和本体之间卡死,1
T01797,销钉质量问题,导致,堵头卡死,237,销钉本身也可能存在质量问题，堵头和本体之间卡死,1
T01798,堵头卡死,表现为,压力不降,237,停泵等待 10min，仍无压力变化,1
T01799,带压起出管柱,处置措施,堵头卡死,237,钢丝作业投送座封工具，带压起出管柱,1
T01800,更换新的定压接头和破裂盘,处置措施,堵头卡死,237,更换新的定压接头和破裂盘重新带压下入完井管柱,1
T01801,定压接头异常,原因是,销钉全部断裂,238,24 日打定压接头时，3 个销钉全部断裂,1
T01802,定压接头异常,原因是,堵芯未完全脱落,238,但密封圈部分密封，堵芯未完全脱落,1
T01803,定压接头异常,处置措施,大排量打液,238,25 日 8:00 泵车大排量向油管继续累计打液,1
T01804,大排量打液,导致,堵芯完全脱落,238,25 日重新利用泵车大排量向油管打液时，堵芯完全脱落,1
T01805,定压接头异常,发生于,JY-E13HF 井,238,4.13 JY-E13HF 并打定压接头异常,1
T01806,施工压力升至 35MPa,表现为,未出现压降,238,施工压力升至 35MPa，未出现压降,1
T01807,定压接头,原因是,委托第三方加工,239,定压接头为委托第三方加工的工具,1
T01808,定压接头,表现为,不够精细,239,由于工艺、技术等的差异，不够精细,1
T01809,不够精细,原因是,工艺差异,239,由于工艺、技术等的差异，不够精细,1
T01810,工具,处置措施,内部检查,239,还应拆开，进行内部检查，确保工具正常使用,1
T01811,工具,处置措施,完善管理制度,239,同时完善管理制度,1
T01812,定压接头,处置措施,改进管柱结构,239,改进管柱结构，用破裂盘代替定压接头,1
T01813,改进管柱结构,包含,破裂盘,239,用破裂盘代替定压接头,1
T01814,JY-F1HF 井,发生于,涪陵页岩气田,240,本章主要介绍了涪陵页岩气田试气环节出现的分离器安全阀开启,1
T01815,分离器安全阀开启,发生于,JY-F1HF 井,240,5.1 JY-F1HF 并分离器安全阀开启,1
T01816,锅炉安全阀垫片损坏,导致,分离器安全阀开启,240,锅炉安全阀垫片损坏...10:00 发现热交换器压力突然升至 10MPa，分离器安全阀开启,1
T01817,分离器安全阀开启,处置措施,立即关井,240,分离器安全阀开启，立即关井,1
T01818,锅炉安全阀垫片损坏,处置措施,更换锅炉安全阀垫片,240,更换锅炉安全阀垫片，检查调试设备,1
T01819,JY-F1HF 井,包含,压裂 19 段,240,2013 年 12 月 26 日~2014 年 1 月 12 日压裂 19 段,1
T01820,井口压力,表现为,25.0MPa 升至 29.1MPa,240,井口压力由 25.0MPa 升至 29.1MPa,1
T01821,热交换器压力,表现为,突然升至 10MPa,240,10:00 发现热交换器压力突然升至 10MPa,1
T01822,锅炉安全阀垫片刺漏,导致,冰堵,241,锅炉内蒸汽释放、冷却需要一个过程...放喷管线会发生“冰堵”,1
T01823,冰堵,导致,安全阀开启,241,放喷管线会发生“冰堵”...是造成安全阀开启的主要原因,1
T01824,闸门没有关严,导致,冰堵,241,闸门没有关严，导致分离器安全释放管线发生“冰堵”,1
T01825,冰堵,发生于,放喷管线,241,放喷管线会发生“冰堵”,1
T01826,冰堵,发生于,分离器,241,分离器安全释放管线发生“冰堵”,1
T01827,锅炉不能供热,处置措施,关井,241,在锅炉不能供热的情况下...应立即关井,1
T01828,间接原因,包含,应对措施不正确,241,2. 间接原因...（1）应对措施不正确,1
T01829,水合物,导致,流程堵塞,242,形成水合物，导致流程堵塞，分离器超压,1
T01830,流程堵塞,导致,分离器超压,242,形成水合物，导致流程堵塞，分离器超压,1
T01831,分离器超压,导致,分离器安全泄压管线刺漏,242,分离器超压，安全阀泄压管线刺漏,1
T01832,背压阀故障,导致,分离器超压,242,背压阀压力最高达到 1200psi（8.3MPa）未正常泄压，造成分离器憋压,1
T01833,安全阀故障,导致,分离器安全泄压管线刺漏,242,致使安全阀法兰与泄压管线法兰连接处发生刺漏,1
T01834,增加三通,处置措施,分离器安全泄压管线刺漏,242,5 月 30 日 11:15 于分离器进口管线前增加 1 个三通,1
T01835,设置分离器旁通管线,处置措施,分离器安全泄压管线刺漏,242,设置分离器旁通管线，实现流体通过热交换器不过分离器,1
T01836,更换孔板,影响,分离器压力,242,将一体化流量计孔板由 44mm 更换为 29mm。分离器压力由 6.3MPa 升至 10.9MPa,1
T01837,常开启,导致,此次事件,243,常开启，是造成此次事件的主要原因,1
T01838,1 号闸门泄漏,表现为,阀杆处漏水,243,发现 1 号闸门阀杆处漏水，见图 5-2,1
T01839,1 号闸门泄漏,发生于,JY-F3HF 井,243,5.3 JY-F3HF 并 1 号闸门泄漏,1
T01840,1 号闸门泄漏,处置措施,注密封脂,243,10 月 5 日厂家现场维护闸门，注密封脂暂时漏点变小,1
T01841,1 号闸门泄漏,处置措施,更换 1 号闸门,243,厂家安装完密封套，拆采气树、装 1 号闸门、装采气树,1
T01842,井下遇卡,处置措施,丢手,243,多次活动解卡无效后丢手,1
T01843,采气树试压,监测指标,50.0 MPa,243,对采气树试压 50.0 MPa 时,1
T01844,注脂枪枪筒漏气,表现为,漏点处开始结冰,243,并且漏点处开始结冰，不能冒然将注脂枪拆卸掉,1
T01845,加强坐岗管理,相关,及时发现现场的异常情况,243,加强坐岗管理，保障试气过程中全面及时监测产量、压力、温度等数据,1
T01846,加强设备保养与维护,相关,保障其正常工作,243,加强设备保养与维护，保障其正常工作,1
T01847,1 号 A 闸门,表现为,阀门外漏,244,阀杆、尾杆密封面被腐蚀导致阀门外漏,1
T01848,1 号 A 闸门,表现为,阀门内漏,244,阀板、阀座没有 100% 贴合，密封不严，出现内漏,1
T01849,阀杆处密封损坏,导致,阀门外漏,244,1 号闸门在经过压裂施工后，阀杆处密封受到损坏,1
T01850,钢珠不复位,导致,阀门外漏,244,注入阀的钢珠不复位,1
T01851,密封面腐蚀,导致,阀门外漏,244,阀杆、尾杆密封面被腐蚀导致阀门外漏,1
T01852,加工公差偏大,导致,阀门内漏,244,公差范围偏大，阀门在带压的情况下...出现内漏,1
T01853,密封面污垢,导致,阀门内漏,244,阀板、阀座密封面上有少许污垢，导致密封不严，出现内漏,1
T01854,产品质量问题,导致,阀门外漏,244,产品质量问题，在本平台邻井同样出现 1 号闸门阀杆处泄漏,1
T01855,带压拆注脂枪,处置措施,泄漏点止漏,244,厂家进行带压拆注脂枪，在拆掉后闸门内的钢珠自动回位，泄漏点止漏,1
T01856,压井,处置措施,控制井情,244,20:50 压井，泵入清水 39.0m³,1
T01857,8mm 油嘴,相关,开井排液,244,21:05 用 8mm 油嘴开井...排液 2.5m³,1
T01858,油嘴刺坏,导致,气产量数据失真,245,更换孔板后，测试气产量远远高于更换孔板前，判断油嘴可能被刺坏,1
T01859,缺乏风险认识,导致,耽误整改时机,245,以至于在第一次出现外漏情况时没有很好地从产品找原因，耽误了最早发现整改的时机,1
T01860,更换油嘴,处置措施,油嘴刺坏,245,5:35 更换为 10mm 油嘴、43mm 孔板进行放喷求产,1
T01861,井口压力,监测指标,气产量数据失真,245,井口压力 25.1MPa，产气量（37.1~59.5）×10^4m^3/d,1
T01862,油嘴,发生于,JY-F4HF 井,245,5.4 JY-F4HF 并气产量数据失真,1
T01863,天然气产量高,导致,高压冲蚀损坏,246,瞬时高产天然气流对油嘴造成高压冲蚀损坏,1
T01864,产液量大,导致,高压冲蚀损坏,246,瞬时高产天然气流对油嘴造成高压冲蚀损坏,1
T01865,压裂砂,导致,高压冲蚀损坏,246,天然气流携带迈出压裂砂与桥塞碎屑，同时对油嘴套产生严重冲蚀造成损坏,1
T01866,桥塞碎屑,导致,高压冲蚀损坏,246,天然气流携带迈出压裂砂与桥塞碎屑，同时对油嘴套产生严重冲蚀造成损坏,1
T01867,高压冲蚀损坏,表现为,求产数据异常,246,导致流体实际过流孔径远大于 12mm 油嘴理论孔径值，致使求产数据异常,1
T01868,循环洗井,处置措施,高压冲蚀损坏,246,避免放喷求产过程中因返出压裂砂和桥塞碎屑等对油嘴造成冲蚀破坏,1
T01869,打捞碎屑,处置措施,高压冲蚀损坏,246,避免放喷求产过程中因返出压裂砂和桥塞碎屑等对油嘴造成冲蚀破坏,1
T01870,数采系统监管,处置措施,求产数据异常,246,确保测试产量计算数据准确,1
T01871,套管渗漏,原因是,产品质量,247,这些复杂情况的发生，有产品质量的问题,1
T01872,套管渗漏,原因是,人员操作,247,有人员操作的问题，有工程管理的因素等,1
T01873,套管渗漏,原因是,工程管理,247,有人员操作的问题，有工程管理的因素等,1
T01874,JY-G1HF 井,包含,设计压裂 22 段,247,设计压裂 22 段，排量 12~14m³/min,1
T01875,设计压裂 22 段,监测指标,排量 12~14m³/min,247,设计压裂 22 段，排量 12~14m³/min,1
T01876,设计压裂 22 段,监测指标,施工限压 95MPa,247,施工限压 95MPa,1
T01877,洗井,监测指标,施工压力 20.0MPa,247,施工压力 20.0MPa，排量 0.6m³/min,1
T01878,洗井,监测指标,排量 0.6m³/min,247,施工压力 20.0MPa，排量 0.6m³/min,1
T01879,套管渗漏,处置措施,刮削器,247,配合钻井队下 GX-T127 刮削器,1
T01880,套管渗漏,处置措施,洗井,247,清水正循环洗井，洗井深度 4199.58m,1
T01881,全井筒试压,表现为,压降 20MPa,248,全井筒试压 90MPa，压降 20MPa,1
T01882,压降 20MPa,导致,试压不合格,248,压降 20MPa，试压不合格,1
T01883,试压不合格,原因是,套管串漏,248,试压不合格，发现生产套管和技术套管串漏,1
T01884,找漏,处置措施,套管串漏,248,第一次找漏、堵漏...发现生产套管和技术套管串漏,1
T01885,堵漏,处置措施,套管串漏,248,第一次找漏、堵漏...发现生产套管和技术套管串漏,1
T01886,清水正循环洗井,监测指标,施工压力,248,清水正循环洗井...施工压力 24MPa,1
T01887,清水正循环洗井,监测指标,排量,248,清水正循环洗井...排量 0.6m^3/min,1
T01888,找漏施工,影响,漏点,248,通过现场 4 次打压找漏施工，分析漏点在双公短节到套管头芯轴间,1
T01889,更换 BT 密封,处置措施,渗漏,248,套管悬挂器外部...渗漏...更换油管四通 BT 密封,1
T01890,起出通井管柱,表现为,通井规变形,248,起出通井管住...通井规底部有轻微变形,1
T01891,环氧树脂,处置措施,堵漏,249,脂泵注入 30L 环氧树脂堵漏,1
T01892,钻杆丝扣密封刺漏,导致,试压不成功,249,试压过程中钻杆丝扣密封刺漏，试压不成功,1
T01893,全井筒试压,监测指标,生产套管压力,249,期间观测生产套管、技术套管压力,1
T01894,全井筒试压,监测指标,技术套管压力,"249,254",期间观测生产套管、技术套管压力 | 观察技术套管压力 2.0 m{MPa},2
T01895,压降,影响,合格,249,15min 压降 0.4MPa，合格,1
T01896,套管头渗漏,原因是,丝扣未上到位,250,双公短节丝扣未上到位或者质量存在缺陷,1
T01897,环氧树脂,相关,堵漏效果不理想,250,采用泵注环氧树脂堵漏效果不理想,1
T01898,技术套管压力超过 50MPa,处置措施,从技术套管放压管汇放压,250,若技术套管压力超过 50MPa，则从技术套管放压管汇放压,1
T01899,窜漏井压裂施工,处置措施,减少压裂段数,250,生产套管、技术套管窜漏井压裂施工，减少压裂段数,1
T01900,更换套管头,包含,安装 BT 法兰,250,安装 35MPa 转 105MPa 的 BT 法兰,1
T01901,工具串掉井,表现为,张力异常,251,张力从 3.6 \mathrm{kN} 升至 17 \mathrm{kN},1
T01902,工具串掉井,表现为,绞车抖动,251,绞车抖动明显,1
T01903,工具串掉井,原因是,电缆断裂,251,从弱点泵断，起出电缆确认工具串已掉井,1
T01904,井口渗漏,处置措施,整改螺栓,251,经整改连接螺栓后还有渗漏,1
T01905,工具串掉井,处置措施,连续油管打捞,251,下连续油管到井深 3814\mathrm{m},1
T01906,工具串掉井,发生于,泵送桥塞工具串,251,泵送桥塞工具串结构... 确定工具串掉井,1
T01907,工具串掉井,相关,泵送压力,251,泵送压力 34 \sim 35 \mathrm{MPa},1
T01908,工具串掉井,相关,泵送排量,251,排量 1.7 \mathrm{~m}^{3} / \mathrm{min},1
T01909,陶粒,导致,密封不严,252,油管头钢圈内进入陶粒导致密封不严发生渗漏,1
T01910,密封不严,导致,渗漏,252,油管头钢圈内进入陶粒导致密封不严发生渗漏,1
T01911,井筒内有杂物,导致,电缆脱离,252,井筒液体中的固相...沉积...致使张力急速上升，工具串和电缆在电缆弱点脱离,1
T01912,井口震动,导致,螺栓松动,252,压裂施工过程中井口震动造成螺栓松动,1
T01913,螺栓松动,导致,陶粒,252,在高挤携砂液时陶粒进入钢圈槽内,1
T01914,排量较低,影响,施工压力,252,排量较低，因此酸作用在钢圈槽的位置影响也很大,1
T01915,清洗油管头钢圈槽,处置措施,渗漏,252,经厂家清洗油管头钢圈槽并检查合格后，换新钢圈和 1 号闸门恢复井口装置,1
T01916,换新钢圈和 1 号闸门,处置措施,渗漏,252,经厂家清洗油管头钢圈槽并检查合格后，换新钢圈和 1 号闸门恢复井口装置,1
T01917,排量和通过性模拟计算,处置措施,电缆脱离,252,应针对不同长度的工具串，进行排量和通过性模拟计算,1
T01918,套管渗漏,发生于,JY-G3HF 井,253,6.3 JY-G3HF 并套管渗漏,1
T01919,套管渗漏,表现为,生产套管和技术套管窜漏,253,发现生产套管和技术套管窜漏,1
T01920,组织和技术措施实施不力,导致,处置措施不当,253,造成出现问题时的处置措施不当,1
T01921,大排量冲洗井筒,处置措施,等候时间长,253,如果等候时间长，则要求在泵送射孔前大排量冲洗井筒,1
T01922,排量,相关,12~14 m³/min,253,排量 12~14 m³/min,1
T01923,施工限压,相关,95 MPa,253,施工限压 95 MPa,1
T01924,防喷器,监测指标,60.0 MPa,253,对防喷器试压到 60.0 MPa,1
T01925,全井筒试压,表现为,压降,254,6min 降至 20.0 m{MPa}，压降为 0.5 m{MPa},1
T01926,套管窜漏,发生于,油层套管与技术套管,254,油层套管与技术套管存在窜漏点,1
T01927,封隔器失效,原因是,封隔器胶筒局部损伤,254,发现封隔器胶筒局部损伤,1
T01928,封隔器失效,处置措施,更换封隔器,"254,255",更换封隔器后重新下入找漏管柱 | 发现尾管中有大量水泥块。更换封隔器,2
T01929,遇阻,处置措施,反洗井,254,遇阻，立即大排量反洗井,1
T01930,封隔器找漏,相关,封隔器卡点,254,封隔器卡点：1986.49 m{m},1
T01931,封隔器失效,原因是,尾管水泥块,255,发现尾管中有大量水泥块。更换封隔器,1
T01932,验封,表现为,油压下降,255,6min 油压降至 25MPa，封隔器存在漏失,1
T01933,第六趟管柱,包含,反洗井,255,第六趟管柱... 处卡封，反洗井 15m³,1
T01934,封隔器漏失,发生于,第五趟管柱,255,第五趟管柱... 封隔器存在漏失,1
T01935,全井筒试压,监测指标,油压下降,255,观察 60min，油压下降到 46.5MPa（下降 14.5MPa）,1
T01936,套管丝扣渗漏,导致,井筒压力下降,256,井筒压力下降较慢，漏失量较少，分析为套管丝扣渗漏,1
T01937,套管螺纹洁净度不足,原因是,套管丝扣渗漏,256,未能保持套管螺纹洁净度，造成油层套管螺纹连接多处不密封,1
T01938,降低排量,处置措施,保证施工安全,256,为保证施工安全，降低排量,1
T01939,限压 60 MPa,处置措施,分段压裂,256,限压 60 m{MPa} 进行分段压裂,1
T01940,工具串,发生于,遇阻,256,工具串下到一号阀遇阻,1
T01941,封隔器,表现为,密封良好,256,卡封封隔器工作正常、密封良好,1
T01942,遇阻,发生于,JY-G4HF 井,257,图 6-1 JY-G4HF 井入井后桥塞,1
T01943,落物,导致,遇阻,257,初步判断井内有落物,1
T01944,老虎钳,同义,落物,257,强磁打捞器捞获一把老虎钳,1
T01945,强磁打捞器,处置措施,落物,257,下连续油管底带φ73mm 强磁打捞器,1
T01946,铅模,处置措施,遇阻,257,11 月 18 日 14:35 组下铅模,1
T01947,遇阻,表现为,桥塞油漆刮掉,257,起出后桥塞上面的部分油漆被刮掉,1
T01948,遇阻,表现为,铅模印痕,257,检查铅模底部边缘处有 11mm×9mm 深 7mm 的凹槽,1
T01949,遇阻,发生于,油层套管,257,遇阻位置为油层套管双公短节处,1
T01950,桥塞,发生于,JY-G4HF 井,257,射孔队电缆下第 11 段桥塞,1
T01951,工具落井,原因是,井口防护措施未执行,258,工具入井时未严格执行井口防护措施,1
T01952,工具落井,原因是,井口坐岗未执行 24h 看护,258,试气队井口坐岗未执行 24h 看护制度,1
T01953,工具落井,处置措施,加强现场监管,258,加强现场监管，对整个装枪到入井过程派专人监管,1
T01954,工具落井,处置措施,工具登记造册,258,加强对工具的管理，对所有工具登记造册,1
T01955,吊车倾翻,发生于,JY-G5HF 井,258,JY-G5HF 并连续油管安装时吊车倾翻,1
T01956,注入头夹紧压力,监测指标,连续油管,258,注入头夹紧压力 3.44MPa,1
T01957,吊车移动吊臂幅度较大,导致,安装工摔下风险,258,吊车司机移动吊臂幅度较大，险些造成脚手架上安装工摔下,1
T01958,速度不稳定性,导致,吊车倾翻,259,速度的不稳定性造成连续油管产生冲量...导致吊车侧翻,1
T01959,吊车倾翻,原因是,吊车司机状态不佳,259,吊车司机状态不佳，不能及时判断出该车的安全工作范围,1
T01960,吊车倾翻,原因是,施工准备不足,259,吊装施工前，施工准备不足，没有做好吊装条件检查,1
T01961,吊车倾翻,导致,设备损坏,259,导致注入头、滚筒车尾部照明灯、防喷管损坏,1
T01962,吊车倾翻,处置措施,滚筒刹车,259,吊车倾翻后，控制室立即进行滚筒刹车,1
T01963,吊车倾翻,处置措施,建立现场紧急隔离带,259,建立现场紧急隔离带拒绝非工作人员进入,1
T01964,滚筒背压,监测指标,2.41MPa,259,滚筒背压 2.41MPa（350psi）,1
T01965,JY-G6HF 井,相关,12~14m³/min,260,设计压裂 17 段，排量 12~14m³/min,1
T01966,JY-G6HF 井,相关,90MPa,260,施工限压 90MPa,1
T01967,压裂与邻井压串,表现为,邻井井口溢流,260,正在施工时，正在三开钻进的邻井反映井口溢流,1
T01968,顶替盐酸过程,表现为,压力升至 65MPa,260,顶替盐酸过程中，压力升至 65MPa,1
T01969,吊车作业,相关,吊车作业风险,260,吊车指挥和现场管理人员应密切关注施工现场人员工作状况,1
T01970,作业前检查验收,处置措施,吊车作业风险,260,作业前检查验收吊车和司机资质，查看吊车各项部件是否正常工作,1
T01971,JY-G6HF 井,原因是,邻井空间距离较近,261,JY-G6HF 井与正钻进的邻井空间距离较近,1
T01972,停止压裂施工,处置措施,关井监测压力,261,立即停止压裂施工，并观察井口压力做好记录。放喷泄压之后，关井监测压力,1
T01973,JY-G7HF 井,包含,排量 14~16m³/min,261,JY-G7HF 井 2015 年 11 月 8 日完井，设计压裂 21 段，排量 14~16m³/min,1
T01974,H2S,处置措施,立刻关井上报,261,发现气样含 H2S，化验结果 249.4mg/m³。立刻关井上报,1
T01975,压裂设计方案,相关,邻井钻井进度,261,压裂设计方案中应考虑邻井钻井进度，给出风险提示,1
T01976,施工单位间,处置措施,保持有效联系,261,施工单位间应保持有效联系,1
T01977,油基泥浆,导致,H2S,262,初步怀疑为外来物（漏失的油基泥浆）在地层环境下产生的 H2S,1
T01978,压裂液,导致,H2S,262,初步怀疑为外来物（污水配制的压裂液）在地层环境下产生的 H2S,1
T01979,井漏,发生于,钻井过程,262,该井在钻井过程中水平段有 9 次井漏,1
T01980,正压式空气呼吸器,相关,应急处置,262,佩戴正压式空气呼吸器进行现场巡回检查,1
T01981,油嘴,相关,放喷排液,262,采用 6.20 \mathrm{~mm} 油嘴放喷排液,1
T01982,生产套管压力,监测指标,放喷排液,262,生产套管压力 2.94 \sim 1.99 \mathrm{MPa}，放喷排液,1
T01983,烧碱,相关,应急处置,262,转上应急物资，烧碱 2t，做好应急准备,1
T01984,巡检,影响,居民安全,262,对附近 500 \mathrm{m} 范围内进行巡检，保证附近周边居民安全,1
T01985,JY-G8HF 井,发生于,压裂酸降异常,263,6.8 JY-G8HF 并第 10 段压裂酸降异常,1
T01986,JY-G8HF 井,相关,14m^3/min,263,设计压裂 17 段，排量 14m^3/min,1
T01987,JY-G8HF 井,相关,95MPa,263,施工限压 95MPa,1
T01988,第 10 段泵送施工,相关,悬浮座封方式,263,16:32 采取悬浮座封方式（保持排量 0.4m^3/min）,1
T01989,悬浮座封方式,相关,0.4m^3/min,263,保持排量 0.4m^3/min，超压设置 50.0MPa,1
T01990,桥塞点火座封,导致,压力上升,263,压力上升至 50.0MPa，停泵，桥塞丢手,1
T01991,点火第 1 枪,导致,压降 2.20MPa,263,压力 50.00MPa 降至 47.80MPa，压降 2.20MPa,1
T01992,点火第 2 枪,导致,压降 3.1MPa,263,压力 47.80MPa 降至 44.70MPa，压降 3.1MPa,1
T01993,点火第 3 枪,导致,压降 4.20MPa,263,压力 44.70MPa 降至 40.50MPa，压降 4.20MPa,1
T01994,点火第 4 枪,导致,压降 0.6MPa,263,压力 40.5MPa 降至 39.9MPa，压降 0.6MPa,1
T01995,射孔发射率,相关,100%,263,经检查，射孔发射率 100%,1
T01996,应急物资,包含,正压式空气呼吸器,263,要求正压式空气呼吸器、H2S 检测仪等应急物资,1
T01997,应急物资,包含,H2S 检测仪,263,要求正压式空气呼吸器、H2S 检测仪等应急物资,1
T01998,井口压力,表现为,井口压力突降,264,井口压力由 75.08MPa 突降至 33.73MPa,1
T01999,桥塞质量问题,导致,桥塞座封失效,264,可能为桥塞质量问题，导致桥塞座封失效,1
T02000,桥塞选型不匹配,导致,卡瓦座封力不够,264,桥塞选型不匹配，卡瓦座封力不够,1
T02001,慢燃火药燃烧过快,导致,卡瓦座封力不够,264,慢燃火药燃烧过快，造成桥塞卡瓦座封力不足,1
T02002,卡瓦座封力不够,导致,桥塞位移,264,桥塞卡瓦座封力不足，桥塞在高压差的环境下出现位移,1
T02003,桥塞质量问题,处置措施,加强桥塞产品的出厂检测,264,查找桥塞质量问题，加强桥塞产品的出厂检测,1
T02004,慢燃火药燃烧过快,处置措施,改进桥塞慢燃火药,264,改进桥塞慢燃火药，延长燃烧时间,1
T02005,桥塞选型不匹配,处置措施,更换桥塞型号,264,更换桥塞型号,1
T02006,压裂最后一段顶替,处置措施,保证大排量和足液量,264,压裂最后一段顶替时，要保证大排量和足液量,1
T02007,套管双公短节穿孔,发生于,JY-G9HF 井,265,6.9 JY-G9HF 并套管双公短节穿孔,1
T02008,技术套管压力瞬间升至 65.0MPa,导致,停泵,265,监测人员发现技术套管压力瞬间升至 65.0MPa，停泵,1
T02009,技术套管压力瞬间升至 65.0MPa,处置措施,停泵,265,监测人员发现技术套管压力瞬间升至 65.0MPa，停泵,1
T02010,出口见返出黑色液体,原因是,生产套管有漏点,265,出口见返出黑色液体...初步判定生产套管有漏点,1
T02011,生产套管有漏点,处置措施,关井,265,初步判定生产套管有漏点...12 日 8:00~16:45 地面关井,1
T02012,粉陶,相关,第 4 段压裂施工,265,压裂队第 4 段压裂施工...本段加粉陶 2.1m³,1
T02013,黑墨水,相关,试挤,265,18:32 用黑墨水试挤,1
T02014,套管双公短节本体,表现为,套管刺水,266,发现 1 号阀上端面以下 2.61m 处套管刺水,1
T02015,穿孔,导致,漏点,266,证实双公短节本体有穿孔及纵向裂纹，漏点在一级套管头以上 0.26m 处,1
T02016,纵向裂纹,导致,漏点,266,证实双公短节本体有穿孔及纵向裂纹，漏点在一级套管头以上 0.26m 处,1
T02017,施工压力,监测指标,20.0MPa,266,施工压力 20.0MPa、排量 70L/min,1
T02018,排量,监测指标,70L/min,266,施工压力 20.0MPa、排量 70L/min,1
T02019,红色示踪剂,相关,漏点,266,出口见返出示踪剂停泵，推算漏点,1
T02020,摄像头入井视频,相关,套管双公短节本体,266,通过摄像头入井视频证实双公短节本体有穿孔及纵向裂纹,1
T02021,套管短节,表现为,裂缝,267,检查发现套管短节本体有一道 80mm 长的裂缝,1
T02022,质量问题,导致,破裂,267,现场初步判断套管短节本身存在质量问题，压裂过程中导致破裂,1
T02023,破裂,处置措施,炔氧焰切割,267,炔氧焰切割套管头，将悬挂器上半部与套管头一起卸下,1
T02024,试压,监测指标,压降,267,稳压 30min，压降 0.20MPa，合格,1
T02025,压裂过程,导致,破裂,267,压裂过程中导致破裂,1
T02026,液压钳,导致,液压钳牙损伤印迹,267,裂缝旁边有液压钳牙损伤印迹,1
T02027,JY-G10HF 井,相关,打水泥塞临时封井失败,268,JY-G10HF 并打水泥塞临时封并失败,1
T02028,打水泥塞临时封井失败,表现为,未探得水泥塞面,268,遇阻，未探得水泥塞面,1
T02029,打水泥塞临时封井失败,表现为,出口返出灰色混浆,268,出口返出灰色混浆 3m³ 后出口变成清水,1
T02030,连续油管,相关,打水泥塞临时封井,268,连续油管队搬上，进行临时封井作业,1
T02031,水泥浆,相关,打水泥塞临时封井,268,连续油管泵注密度 1.85g/cm³ 的水泥浆,1
T02032,压裂施工,相关,压力监测,268,压裂施工必须做好技术套管、表层套管压力监测,1
T02033,压力监测,相关,技术套管,268,压裂施工必须做好技术套管、表层套管压力监测,1
T02034,压力监测,相关,表层套管,268,压裂施工必须做好技术套管、表层套管压力监测,1
T02035,换套施工,相关,损坏下部丝扣和套管,268,换套施工操作时必须安全平衡，避免损坏下部丝扣和套管,1
T02036,示踪剂找漏,相关,计算准确地面管线和井口装置的容积,268,采用示踪剂找漏尽可能计算准确地面管线和井口装置的容积,1
T02037,水泥浆超缓凝,原因是,水泥浆持续混浆,269,导致在后续上提顶替过程中水泥浆持续混浆...出现水泥浆超缓凝现象,1
T02038,未顶替到位,原因是,计量误差,269,固井车在低泵速条件下计量误差较大...出现未顶替到位现象,1
T02039,未顶替到位,原因是,顶替液泵入量不足,269,顶替液泵入量未达到施工设计要求，出现未顶替到位现象,1
T02040,固井车,导致,计量误差,269,固井车在低泵速条件下计量误差较大,1
T02041,出口返出黑色混浆,表现为,水泥浆持续混浆,269,出口返出黑色混浆 1m³...水泥浆持续混浆,1
T02042,施工压力,监测指标,连续油管施工,269,施工压力 9.2~14.3MPa,1
T02043,排量,监测指标,连续油管施工,269,排量 0.40m³/min,1
T02044,连续油管内容积标定误差,原因是,固井车水柜计量,270,由于使用固井车水柜计量的缘故,1
T02045,水泥浆闪凝,处置措施,降低水泥浆实验温度,270,降低水泥浆实验温度（根据实际井温）,1
T02046,水泥浆闪凝,处置措施,调整稠化时间,270,调整稠化时间到设计要求 220~250min,1
T02047,直角弯头刺漏,原因是,安装未认真检查,270,安装时未对该弯头认真检查,1
T02048,直角弯头刺漏,原因是,井内出砂,270,钻塞施工时井内出砂,1
T02049,直角弯头刺漏,原因是,长时间打磨,270,长时间打磨直角弯头，造成弯头刺漏,1
T02050,直角弯头刺漏,处置措施,更换刺漏直角弯头,270,更换刺漏的直角弯头，恢复钻塞流程,1
T02051,直角弯头刺漏,处置措施,关闭上下游闸门,270,关闭原钻塞通道刺漏直角弯头上下游闸门,1
T02052,直角弯头刺漏,发生于,JY-G11HF 井,270,6.11 JY-G11HF 并钻塞时一直角弯头刺漏,1
T02053,弯头,处置措施,壁厚检测,271,定期进行壁厚检测,1
T02054,钻塞,处置措施,加厚直角弯头,271,在钻塞、放喷流程上宜采用加厚直角弯头,1
T02055,放喷,处置措施,加厚直角弯头,271,在钻塞、放喷流程上宜采用加厚直角弯头,1
T02056,经验教训,包含,风险识别,271,加强风险识别，建立应对措施,1
T02057,弯头,相关,弯头使用台账,271,建立弯头使用台账,1
