entity_id,entity_name,entity_type,description,image_path,audio_path,video_path,source_node_id
E0001,井号 红页L1HF,well,,,,,well:红页L1HF
E0002,井号时间 2024-01-04 14:21:40,time,,,,,well_time:红页L1HF
E0003,段号 1,segment,,,,,segment:红页L1HF:1
E0004,段号时间 2024-01-04 14:21:40,time,,,,,segment_time:红页L1HF:1
E0005,砂比平均值: 6.5207,stat,,,,,segment_stats:红页L1HF:1:砂比:mean
E0006,砂比方差: 3.7453,stat,,,,,segment_stats:红页L1HF:1:砂比:var
E0007,排量平均值: 11.0978,stat,,,,,segment_stats:红页L1HF:1:排量:mean
E0008,排量方差: 86.5513,stat,,,,,segment_stats:红页L1HF:1:排量:var
E0009,施工泵压平均值: 57.1497,stat,,,,,segment_stats:红页L1HF:1:施工泵压:mean
E0010,施工泵压方差: 415.1877,stat,,,,,segment_stats:红页L1HF:1:施工泵压:var
E0011,施工情况 加砂前,condition,,,,,condition:红页L1HF:1:加砂前
E0012,施工时间 2024-01-04 14:21:40,time,,,,,condition_time:红页L1HF:1:加砂前
E0013,砂比平均值: 无数据,stat,,,,,condition_stats:红页L1HF:1:加砂前:砂比:mean
E0014,砂比方差: 无数据,stat,,,,,condition_stats:红页L1HF:1:加砂前:砂比:var
E0015,排量平均值: 6.455,stat,,,,,condition_stats:红页L1HF:1:加砂前:排量:mean
E0016,排量方差: 36.4102,stat,,,,,condition_stats:红页L1HF:1:加砂前:排量:var
E0017,施工泵压平均值: 61.8049,stat,,,,,condition_stats:红页L1HF:1:加砂前:施工泵压:mean
E0018,施工泵压方差: 228.6507,stat,,,,,condition_stats:红页L1HF:1:加砂前:施工泵压:var
E0019,施工情况 加砂中,condition,,,,,condition:红页L1HF:1:加砂中
E0020,施工时间 2024-01-04 15:06:20,time,,,,,condition_time:红页L1HF:1:加砂中
E0021,砂比平均值: 6.5207,stat,,,,,condition_stats:红页L1HF:1:加砂中:砂比:mean
E0022,砂比方差: 3.7453,stat,,,,,condition_stats:红页L1HF:1:加砂中:砂比:var
E0023,排量平均值: 20.6746,stat,,,,,condition_stats:红页L1HF:1:加砂中:排量:mean
E0024,排量方差: 0.091,stat,,,,,condition_stats:红页L1HF:1:加砂中:排量:var
E0025,施工泵压平均值: 70.7477,stat,,,,,condition_stats:红页L1HF:1:加砂中:施工泵压:mean
E0026,施工泵压方差: 1.514,stat,,,,,condition_stats:红页L1HF:1:加砂中:施工泵压:var
E0027,工况 主缝延伸,worktype,,,,,worktype:红页L1HF:1:加砂中:主缝延伸
E0028,工况时间 2024-01-04 15:32:30,time,,,,,worktype_time:红页L1HF:1:加砂中:主缝延伸
E0029,砂比平均值: 7.7158,stat,,,,,worktype_stats:红页L1HF:1:加砂中:主缝延伸:砂比:mean
E0030,砂比方差: 1.8924,stat,,,,,worktype_stats:红页L1HF:1:加砂中:主缝延伸:砂比:var
E0031,排量平均值: 20.9446,stat,,,,,worktype_stats:红页L1HF:1:加砂中:主缝延伸:排量:mean
E0032,排量方差: 0.0213,stat,,,,,worktype_stats:红页L1HF:1:加砂中:主缝延伸:排量:var
E0033,施工泵压平均值: 70.2212,stat,,,,,worktype_stats:红页L1HF:1:加砂中:主缝延伸:施工泵压:mean
E0034,施工泵压方差: 0.8402,stat,,,,,worktype_stats:红页L1HF:1:加砂中:主缝延伸:施工泵压:var
E0035,当前建议: 保持当前措施,suggestion,,,,,suggestion:红页L1HF:1:加砂中:主缝延伸
E0036,施工情况 加砂后,condition,,,,,condition:红页L1HF:1:加砂后
E0037,施工时间 2024-01-04 15:54:20,time,,,,,condition_time:红页L1HF:1:加砂后
E0038,砂比平均值: 无数据,stat,,,,,condition_stats:红页L1HF:1:加砂后:砂比:mean
E0039,砂比方差: 无数据,stat,,,,,condition_stats:红页L1HF:1:加砂后:砂比:var
E0040,排量平均值: 3.0861,stat,,,,,condition_stats:红页L1HF:1:加砂后:排量:mean
E0041,排量方差: 53.5988,stat,,,,,condition_stats:红页L1HF:1:加砂后:排量:var
E0042,施工泵压平均值: 30.3825,stat,,,,,condition_stats:红页L1HF:1:加砂后:施工泵压:mean
E0043,施工泵压方差: 267.4653,stat,,,,,condition_stats:红页L1HF:1:加砂后:施工泵压:var
E0044,工况 主缝延伸,worktype,,,,,worktype:红页L1HF:1:加砂后:主缝延伸
E0045,工况时间 2024-01-04 15:54:20,time,,,,,worktype_time:红页L1HF:1:加砂后:主缝延伸
E0046,砂比平均值: 无数据,stat,,,,,worktype_stats:红页L1HF:1:加砂后:主缝延伸:砂比:mean
E0047,砂比方差: 无数据,stat,,,,,worktype_stats:红页L1HF:1:加砂后:主缝延伸:砂比:var
E0048,排量平均值: 20.9975,stat,,,,,worktype_stats:红页L1HF:1:加砂后:主缝延伸:排量:mean
E0049,排量方差: 0.0,stat,,,,,worktype_stats:红页L1HF:1:加砂后:主缝延伸:排量:var
E0050,施工泵压平均值: 70.265,stat,,,,,worktype_stats:红页L1HF:1:加砂后:主缝延伸:施工泵压:mean
E0051,施工泵压方差: 0.0051,stat,,,,,worktype_stats:红页L1HF:1:加砂后:主缝延伸:施工泵压:var
E0052,当前建议: 保持当前措施,suggestion,,,,,suggestion:红页L1HF:1:加砂后:主缝延伸
E0053,段号 10,segment,,,,,segment:红页L1HF:10
E0054,段号时间 2024-01-09 09:59:00,time,,,,,segment_time:红页L1HF:10
E0055,砂比平均值: 9.3981,stat,,,,,segment_stats:红页L1HF:10:砂比:mean
E0056,砂比方差: 6.6821,stat,,,,,segment_stats:红页L1HF:10:砂比:var
E0057,排量平均值: 18.6762,stat,,,,,segment_stats:红页L1HF:10:排量:mean
E0058,排量方差: 92.1738,stat,,,,,segment_stats:红页L1HF:10:排量:var
E0059,施工泵压平均值: 72.1342,stat,,,,,segment_stats:红页L1HF:10:施工泵压:mean
E0060,施工泵压方差: 380.947,stat,,,,,segment_stats:红页L1HF:10:施工泵压:var
E0061,施工情况 加砂前,condition,,,,,condition:红页L1HF:10:加砂前
E0062,施工时间 2024-01-09 09:59:00,time,,,,,condition_time:红页L1HF:10:加砂前
E0063,砂比平均值: 无数据,stat,,,,,condition_stats:红页L1HF:10:加砂前:砂比:mean
E0064,砂比方差: 无数据,stat,,,,,condition_stats:红页L1HF:10:加砂前:砂比:var
E0065,排量平均值: 13.351,stat,,,,,condition_stats:红页L1HF:10:加砂前:排量:mean
E0066,排量方差: 82.6414,stat,,,,,condition_stats:红页L1HF:10:加砂前:排量:var
E0067,施工泵压平均值: 55.6879,stat,,,,,condition_stats:红页L1HF:10:加砂前:施工泵压:mean
E0068,施工泵压方差: 341.0919,stat,,,,,condition_stats:红页L1HF:10:加砂前:施工泵压:var
E0069,施工情况 加砂中,condition,,,,,condition:红页L1HF:10:加砂中
E0070,施工时间 2024-01-09 10:05:50,time,,,,,condition_time:红页L1HF:10:加砂中
E0071,砂比平均值: 9.3981,stat,,,,,condition_stats:红页L1HF:10:加砂中:砂比:mean
E0072,砂比方差: 6.6821,stat,,,,,condition_stats:红页L1HF:10:加砂中:砂比:var
E0073,排量平均值: 23.6559,stat,,,,,condition_stats:红页L1HF:10:加砂中:排量:mean
E0074,排量方差: 2.6753,stat,,,,,condition_stats:红页L1HF:10:加砂中:排量:var
E0075,施工泵压平均值: 82.179,stat,,,,,condition_stats:红页L1HF:10:加砂中:施工泵压:mean
E0076,施工泵压方差: 32.7494,stat,,,,,condition_stats:红页L1HF:10:加砂中:施工泵压:var
E0077,工况 缝内暂堵,worktype,,,,,worktype:红页L1HF:10:加砂中:缝内暂堵
E0078,工况时间 2024-01-09 10:23:30,time,,,,,worktype_time:红页L1HF:10:加砂中:缝内暂堵
E0079,砂比平均值: 7.2755,stat,,,,,worktype_stats:红页L1HF:10:加砂中:缝内暂堵:砂比:mean
E0080,砂比方差: 4.8161,stat,,,,,worktype_stats:红页L1HF:10:加砂中:缝内暂堵:砂比:var
E0081,排量平均值: 24.0287,stat,,,,,worktype_stats:红页L1HF:10:加砂中:缝内暂堵:排量:mean
E0082,排量方差: 0.0005,stat,,,,,worktype_stats:红页L1HF:10:加砂中:缝内暂堵:排量:var
E0083,施工泵压平均值: 80.2892,stat,,,,,worktype_stats:红页L1HF:10:加砂中:缝内暂堵:施工泵压:mean
E0084,施工泵压方差: 13.6051,stat,,,,,worktype_stats:红页L1HF:10:加砂中:缝内暂堵:施工泵压:var
E0085,当前建议: 无建议,suggestion,,,,,suggestion:红页L1HF:10:加砂中:缝内暂堵
E0086,工况 缝口暂堵,worktype,,,,,worktype:红页L1HF:10:加砂中:缝口暂堵
E0087,工况时间 2024-01-09 10:43:30,time,,,,,worktype_time:红页L1HF:10:加砂中:缝口暂堵
E0088,砂比平均值: 8.0,stat,,,,,worktype_stats:红页L1HF:10:加砂中:缝口暂堵:砂比:mean
E0089,砂比方差: 5.1972,stat,,,,,worktype_stats:红页L1HF:10:加砂中:缝口暂堵:砂比:var
E0090,排量平均值: 21.7838,stat,,,,,worktype_stats:红页L1HF:10:加砂中:缝口暂堵:排量:mean
E0091,排量方差: 7.8297,stat,,,,,worktype_stats:红页L1HF:10:加砂中:缝口暂堵:排量:var
E0092,施工泵压平均值: 76.8416,stat,,,,,worktype_stats:红页L1HF:10:加砂中:缝口暂堵:施工泵压:mean
E0093,施工泵压方差: 90.8287,stat,,,,,worktype_stats:红页L1HF:10:加砂中:缝口暂堵:施工泵压:var
E0094,当前建议: 无建议,suggestion,,,,,suggestion:红页L1HF:10:加砂中:缝口暂堵
E0095,工况 主缝延伸,worktype,,,,,worktype:红页L1HF:10:加砂中:主缝延伸
E0096,工况时间 2024-01-09 11:41:10,time,,,,,worktype_time:红页L1HF:10:加砂中:主缝延伸
E0097,砂比平均值: 10.4547,stat,,,,,worktype_stats:红页L1HF:10:加砂中:主缝延伸:砂比:mean
E0098,砂比方差: 5.7079,stat,,,,,worktype_stats:红页L1HF:10:加砂中:主缝延伸:砂比:var
E0099,排量平均值: 24.0767,stat,,,,,worktype_stats:红页L1HF:10:加砂中:主缝延伸:排量:mean
E0100,排量方差: 0.0005,stat,,,,,worktype_stats:红页L1HF:10:加砂中:主缝延伸:排量:var
E0101,施工泵压平均值: 84.2148,stat,,,,,worktype_stats:红页L1HF:10:加砂中:主缝延伸:施工泵压:mean
E0102,施工泵压方差: 5.8633,stat,,,,,worktype_stats:红页L1HF:10:加砂中:主缝延伸:施工泵压:var
E0103,当前建议: 保持当前措施,suggestion,,,,,suggestion:红页L1HF:10:加砂中:主缝延伸
E0104,施工情况 加砂后,condition,,,,,condition:红页L1HF:10:加砂后
E0105,施工时间 2024-01-09 12:06:00,time,,,,,condition_time:红页L1HF:10:加砂后
E0106,砂比平均值: 无数据,stat,,,,,condition_stats:红页L1HF:10:加砂后:砂比:mean
E0107,砂比方差: 无数据,stat,,,,,condition_stats:红页L1HF:10:加砂后:砂比:var
E0108,排量平均值: 2.4341,stat,,,,,condition_stats:红页L1HF:10:加砂后:排量:mean
E0109,排量方差: 49.4261,stat,,,,,condition_stats:红页L1HF:10:加砂后:排量:var
E0110,施工泵压平均值: 40.5062,stat,,,,,condition_stats:红页L1HF:10:加砂后:施工泵压:mean
E0111,施工泵压方差: 193.9675,stat,,,,,condition_stats:红页L1HF:10:加砂后:施工泵压:var
E0112,工况 主缝延伸,worktype,,,,,worktype:红页L1HF:10:加砂后:主缝延伸
E0113,工况时间 2024-01-09 12:06:00,time,,,,,worktype_time:红页L1HF:10:加砂后:主缝延伸
E0114,砂比平均值: 无数据,stat,,,,,worktype_stats:红页L1HF:10:加砂后:主缝延伸:砂比:mean
E0115,砂比方差: 无数据,stat,,,,,worktype_stats:红页L1HF:10:加砂后:主缝延伸:砂比:var
E0116,排量平均值: 24.09,stat,,,,,worktype_stats:红页L1HF:10:加砂后:主缝延伸:排量:mean
E0117,排量方差: 0.0,stat,,,,,worktype_stats:红页L1HF:10:加砂后:主缝延伸:排量:var
E0118,施工泵压平均值: 82.56,stat,,,,,worktype_stats:红页L1HF:10:加砂后:主缝延伸:施工泵压:mean
E0119,施工泵压方差: 0.0,stat,,,,,worktype_stats:红页L1HF:10:加砂后:主缝延伸:施工泵压:var
E0120,当前建议: 保持当前措施,suggestion,,,,,suggestion:红页L1HF:10:加砂后:主缝延伸
E0121,段号 11,segment,,,,,segment:红页L1HF:11
E0122,段号时间 2024-01-09 16:10:00,time,,,,,segment_time:红页L1HF:11
E0123,砂比平均值: 8.3647,stat,,,,,segment_stats:红页L1HF:11:砂比:mean
E0124,砂比方差: 9.2147,stat,,,,,segment_stats:红页L1HF:11:砂比:var
E0125,排量平均值: 16.2039,stat,,,,,segment_stats:红页L1HF:11:排量:mean
E0126,排量方差: 98.1173,stat,,,,,segment_stats:红页L1HF:11:排量:var
E0127,施工泵压平均值: 68.0071,stat,,,,,segment_stats:红页L1HF:11:施工泵压:mean
E0128,施工泵压方差: 377.2174,stat,,,,,segment_stats:红页L1HF:11:施工泵压:var
E0129,施工情况 加砂前,condition,,,,,condition:红页L1HF:11:加砂前
E0130,施工时间 2024-01-09 16:10:00,time,,,,,condition_time:红页L1HF:11:加砂前
E0131,砂比平均值: 无数据,stat,,,,,condition_stats:红页L1HF:11:加砂前:砂比:mean
E0132,砂比方差: 无数据,stat,,,,,condition_stats:红页L1HF:11:加砂前:砂比:var
E0133,排量平均值: 8.181,stat,,,,,condition_stats:红页L1HF:11:加砂前:排量:mean
E0134,排量方差: 52.9865,stat,,,,,condition_stats:红页L1HF:11:加砂前:排量:var
E0135,施工泵压平均值: 56.1228,stat,,,,,condition_stats:红页L1HF:11:加砂前:施工泵压:mean
E0136,施工泵压方差: 484.6932,stat,,,,,condition_stats:红页L1HF:11:加砂前:施工泵压:var
E0137,工况 滤失过大,worktype,,,,,worktype:红页L1HF:11:加砂前:滤失过大
E0138,工况时间 2024-01-09 16:34:10,time,,,,,worktype_time:红页L1HF:11:加砂前:滤失过大
E0139,砂比平均值: 无数据,stat,,,,,worktype_stats:红页L1HF:11:加砂前:滤失过大:砂比:mean
E0140,砂比方差: 无数据,stat,,,,,worktype_stats:红页L1HF:11:加砂前:滤失过大:砂比:var
E0141,排量平均值: 17.8437,stat,,,,,worktype_stats:红页L1HF:11:加砂前:滤失过大:排量:mean
E0142,排量方差: 16.8601,stat,,,,,worktype_stats:红页L1HF:11:加砂前:滤失过大:排量:var
E0143,施工泵压平均值: 84.2274,stat,,,,,worktype_stats:红页L1HF:11:加砂前:滤失过大:施工泵压:mean
E0144,施工泵压方差: 35.5345,stat,,,,,worktype_stats:红页L1HF:11:加砂前:滤失过大:施工泵压:var
E0145,当前建议: 保持当前措施,suggestion,,,,,suggestion:红页L1HF:11:加砂前:滤失过大
E0146,施工情况 加砂中,condition,,,,,condition:红页L1HF:11:加砂中
E0147,施工时间 2024-01-09 16:45:30,time,,,,,condition_time:红页L1HF:11:加砂中
E0148,砂比平均值: 8.3647,stat,,,,,condition_stats:红页L1HF:11:加砂中:砂比:mean
E0149,砂比方差: 9.2147,stat,,,,,condition_stats:红页L1HF:11:加砂中:砂比:var
E0150,排量平均值: 22.9672,stat,,,,,condition_stats:红页L1HF:11:加砂中:排量:mean
E0151,排量方差: 4.0095,stat,,,,,condition_stats:红页L1HF:11:加砂中:排量:var
E0152,施工泵压平均值: 79.6283,stat,,,,,condition_stats:红页L1HF:11:加砂中:施工泵压:mean
E0153,施工泵压方差: 18.8136,stat,,,,,condition_stats:红页L1HF:11:加砂中:施工泵压:var
E0154,工况 滤失过大,worktype,,,,,worktype:红页L1HF:11:加砂中:滤失过大
E0155,工况时间 2024-01-09 16:45:30,time,,,,,worktype_time:红页L1HF:11:加砂中:滤失过大
E0156,砂比平均值: 3.075,stat,,,,,worktype_stats:红页L1HF:11:加砂中:滤失过大:砂比:mean
E0157,砂比方差: 3.6819,stat,,,,,worktype_stats:红页L1HF:11:加砂中:滤失过大:砂比:var
E0158,排量平均值: 24.08,stat,,,,,worktype_stats:红页L1HF:11:加砂中:滤失过大:排量:mean
E0159,排量方差: 0.0,stat,,,,,worktype_stats:红页L1HF:11:加砂中:滤失过大:排量:var
E0160,施工泵压平均值: 73.0225,stat,,,,,worktype_stats:红页L1HF:11:加砂中:滤失过大:施工泵压:mean
E0161,施工泵压方差: 0.0005,stat,,,,,worktype_stats:红页L1HF:11:加砂中:滤失过大:施工泵压:var
E0162,当前建议: 保持当前措施,suggestion,,,,,suggestion:红页L1HF:11:加砂中:滤失过大
E0163,工况 缝内暂堵,worktype,,,,,worktype:红页L1HF:11:加砂中:缝内暂堵
E0164,工况时间 2024-01-09 17:03:10,time,,,,,worktype_time:红页L1HF:11:加砂中:缝内暂堵
E0165,砂比平均值: 5.4194,stat,,,,,worktype_stats:红页L1HF:11:加砂中:缝内暂堵:砂比:mean
E0166,砂比方差: 2.7383,stat,,,,,worktype_stats:红页L1HF:11:加砂中:缝内暂堵:砂比:var
E0167,排量平均值: 24.0343,stat,,,,,worktype_stats:红页L1HF:11:加砂中:缝内暂堵:排量:mean
E0168,排量方差: 0.0016,stat,,,,,worktype_stats:红页L1HF:11:加砂中:缝内暂堵:排量:var
E0169,施工泵压平均值: 77.4853,stat,,,,,worktype_stats:红页L1HF:11:加砂中:缝内暂堵:施工泵压:mean
E0170,施工泵压方差: 4.5135,stat,,,,,worktype_stats:红页L1HF:11:加砂中:缝内暂堵:施工泵压:var
E0171,当前建议: 无建议,suggestion,,,,,suggestion:红页L1HF:11:加砂中:缝内暂堵
E0172,工况 缝口暂堵,worktype,,,,,worktype:红页L1HF:11:加砂中:缝口暂堵
E0173,工况时间 2024-01-09 17:19:50,time,,,,,worktype_time:红页L1HF:11:加砂中:缝口暂堵
E0174,砂比平均值: 6.0189,stat,,,,,worktype_stats:红页L1HF:11:加砂中:缝口暂堵:砂比:mean
E0175,砂比方差: 9.1929,stat,,,,,worktype_stats:红页L1HF:11:加砂中:缝口暂堵:砂比:var
E0176,排量平均值: 21.3527,stat,,,,,worktype_stats:红页L1HF:11:加砂中:缝口暂堵:排量:mean
E0177,排量方差: 6.4811,stat,,,,,worktype_stats:红页L1HF:11:加砂中:缝口暂堵:排量:var
E0178,施工泵压平均值: 78.7871,stat,,,,,worktype_stats:红页L1HF:11:加砂中:缝口暂堵:施工泵压:mean
E0179,施工泵压方差: 43.9393,stat,,,,,worktype_stats:红页L1HF:11:加砂中:缝口暂堵:施工泵压:var
E0180,当前建议: 无建议,suggestion,,,,,suggestion:红页L1HF:11:加砂中:缝口暂堵
E0181,工况 主缝延伸,worktype,,,,,worktype:红页L1HF:11:加砂中:主缝延伸
E0182,工况时间 2024-01-09 18:26:40,time,,,,,worktype_time:红页L1HF:11:加砂中:主缝延伸
E0183,砂比平均值: 6.7768,stat,,,,,worktype_stats:红页L1HF:11:加砂中:主缝延伸:砂比:mean
E0184,砂比方差: 5.0149,stat,,,,,worktype_stats:红页L1HF:11:加砂中:主缝延伸:砂比:var
E0185,排量平均值: 22.2497,stat,,,,,worktype_stats:红页L1HF:11:加砂中:主缝延伸:排量:mean
E0186,排量方差: 0.0302,stat,,,,,worktype_stats:红页L1HF:11:加砂中:主缝延伸:排量:var
E0187,施工泵压平均值: 83.2476,stat,,,,,worktype_stats:红页L1HF:11:加砂中:主缝延伸:施工泵压:mean
E0188,施工泵压方差: 2.8783,stat,,,,,worktype_stats:红页L1HF:11:加砂中:主缝延伸:施工泵压:var
E0189,当前建议: 无建议,suggestion,,,,,suggestion:红页L1HF:11:加砂中:主缝延伸
E0190,施工情况 加砂后,condition,,,,,condition:红页L1HF:11:加砂后
E0191,施工时间 2024-01-09 18:53:40,time,,,,,condition_time:红页L1HF:11:加砂后
E0192,砂比平均值: 无数据,stat,,,,,condition_stats:红页L1HF:11:加砂后:砂比:mean
E0193,砂比方差: 无数据,stat,,,,,condition_stats:红页L1HF:11:加砂后:砂比:var
E0194,排量平均值: 2.4315,stat,,,,,condition_stats:红页L1HF:11:加砂后:排量:mean
E0195,排量方差: 45.9831,stat,,,,,condition_stats:红页L1HF:11:加砂后:排量:var
E0196,施工泵压平均值: 42.3954,stat,,,,,condition_stats:红页L1HF:11:加砂后:施工泵压:mean
E0197,施工泵压方差: 192.6975,stat,,,,,condition_stats:红页L1HF:11:加砂后:施工泵压:var
E0198,工况 主缝延伸,worktype,,,,,worktype:红页L1HF:11:加砂后:主缝延伸
E0199,工况时间 2024-01-09 18:53:40,time,,,,,worktype_time:红页L1HF:11:加砂后:主缝延伸
E0200,砂比平均值: 无数据,stat,,,,,worktype_stats:红页L1HF:11:加砂后:主缝延伸:砂比:mean
E0201,砂比方差: 无数据,stat,,,,,worktype_stats:红页L1HF:11:加砂后:主缝延伸:砂比:var
E0202,排量平均值: 22.28,stat,,,,,worktype_stats:红页L1HF:11:加砂后:主缝延伸:排量:mean
E0203,排量方差: 0.0,stat,,,,,worktype_stats:红页L1HF:11:加砂后:主缝延伸:排量:var
E0204,施工泵压平均值: 83.2775,stat,,,,,worktype_stats:红页L1HF:11:加砂后:主缝延伸:施工泵压:mean
E0205,施工泵压方差: 0.0026,stat,,,,,worktype_stats:红页L1HF:11:加砂后:主缝延伸:施工泵压:var
E0206,当前建议: 无建议,suggestion,,,,,suggestion:红页L1HF:11:加砂后:主缝延伸
E0207,段号 12,segment,,,,,segment:红页L1HF:12
E0208,段号时间 2024-01-10 07:57:30,time,,,,,segment_time:红页L1HF:12
E0209,砂比平均值: 9.8198,stat,,,,,segment_stats:红页L1HF:12:砂比:mean
E0210,砂比方差: 6.9018,stat,,,,,segment_stats:红页L1HF:12:砂比:var
E0211,排量平均值: 16.2737,stat,,,,,segment_stats:红页L1HF:12:排量:mean
E0212,排量方差: 107.9838,stat,,,,,segment_stats:红页L1HF:12:排量:var
E0213,施工泵压平均值: 66.5042,stat,,,,,segment_stats:红页L1HF:12:施工泵压:mean
E0214,施工泵压方差: 322.1387,stat,,,,,segment_stats:红页L1HF:12:施工泵压:var
E0215,施工情况 加砂前,condition,,,,,condition:红页L1HF:12:加砂前
E0216,施工时间 2024-01-10 07:57:30,time,,,,,condition_time:红页L1HF:12:加砂前
E0217,砂比平均值: 无数据,stat,,,,,condition_stats:红页L1HF:12:加砂前:砂比:mean
E0218,砂比方差: 无数据,stat,,,,,condition_stats:红页L1HF:12:加砂前:砂比:var
E0219,排量平均值: 8.5328,stat,,,,,condition_stats:红页L1HF:12:加砂前:排量:mean
E0220,排量方差: 55.1458,stat,,,,,condition_stats:红页L1HF:12:加砂前:排量:var
E0221,施工泵压平均值: 58.951,stat,,,,,condition_stats:红页L1HF:12:加砂前:施工泵压:mean
E0222,施工泵压方差: 461.8671,stat,,,,,condition_stats:红页L1HF:12:加砂前:施工泵压:var
E0223,工况 缝高延伸,worktype,,,,,worktype:红页L1HF:12:加砂前:缝高延伸
E0224,工况时间 2024-01-10 08:19:40,time,,,,,worktype_time:红页L1HF:12:加砂前:缝高延伸
E0225,砂比平均值: 无数据,stat,,,,,worktype_stats:红页L1HF:12:加砂前:缝高延伸:砂比:mean
E0226,砂比方差: 无数据,stat,,,,,worktype_stats:红页L1HF:12:加砂前:缝高延伸:砂比:var
E0227,排量平均值: 18.0186,stat,,,,,worktype_stats:红页L1HF:12:加砂前:缝高延伸:排量:mean
E0228,排量方差: 16.46,stat,,,,,worktype_stats:红页L1HF:12:加砂前:缝高延伸:排量:var
E0229,施工泵压平均值: 84.5251,stat,,,,,worktype_stats:红页L1HF:12:加砂前:缝高延伸:施工泵压:mean
E0230,施工泵压方差: 31.0088,stat,,,,,worktype_stats:红页L1HF:12:加砂前:缝高延伸:施工泵压:var
E0231,当前建议: 保持当前措施,suggestion,,,,,suggestion:红页L1HF:12:加砂前:缝高延伸
E0232,施工情况 加砂中,condition,,,,,condition:红页L1HF:12:加砂中
E0233,施工时间 2024-01-10 08:31:00,time,,,,,condition_time:红页L1HF:12:加砂中
E0234,砂比平均值: 9.8198,stat,,,,,condition_stats:红页L1HF:12:加砂中:砂比:mean
E0235,砂比方差: 6.9018,stat,,,,,condition_stats:红页L1HF:12:加砂中:砂比:var
E0236,排量平均值: 23.7324,stat,,,,,condition_stats:红页L1HF:12:加砂中:排量:mean
E0237,排量方差: 2.1989,stat,,,,,condition_stats:红页L1HF:12:加砂中:排量:var
E0238,施工泵压平均值: 77.2594,stat,,,,,condition_stats:红页L1HF:12:加砂中:施工泵压:mean
E0239,施工泵压方差: 15.2208,stat,,,,,condition_stats:红页L1HF:12:加砂中:施工泵压:var
E0240,工况 缝内暂堵,worktype,,,,,worktype:红页L1HF:12:加砂中:缝内暂堵
E0241,工况时间 2024-01-10 08:48:10,time,,,,,worktype_time:红页L1HF:12:加砂中:缝内暂堵
E0242,砂比平均值: 6.3645,stat,,,,,worktype_stats:红页L1HF:12:加砂中:缝内暂堵:砂比:mean
E0243,砂比方差: 2.6942,stat,,,,,worktype_stats:红页L1HF:12:加砂中:缝内暂堵:砂比:var
E0244,排量平均值: 24.0116,stat,,,,,worktype_stats:红页L1HF:12:加砂中:缝内暂堵:排量:mean
E0245,排量方差: 0.0001,stat,,,,,worktype_stats:红页L1HF:12:加砂中:缝内暂堵:排量:var
E0246,施工泵压平均值: 76.5925,stat,,,,,worktype_stats:红页L1HF:12:加砂中:缝内暂堵:施工泵压:mean
E0247,施工泵压方差: 8.9653,stat,,,,,worktype_stats:红页L1HF:12:加砂中:缝内暂堵:施工泵压:var
E0248,当前建议: 无建议,suggestion,,,,,suggestion:红页L1HF:12:加砂中:缝内暂堵
E0249,工况 缝口暂堵,worktype,,,,,worktype:红页L1HF:12:加砂中:缝口暂堵
E0250,工况时间 2024-01-10 09:49:40,time,,,,,worktype_time:红页L1HF:12:加砂中:缝口暂堵
E0251,砂比平均值: 8.5068,stat,,,,,worktype_stats:红页L1HF:12:加砂中:缝口暂堵:砂比:mean
E0252,砂比方差: 7.6261,stat,,,,,worktype_stats:红页L1HF:12:加砂中:缝口暂堵:砂比:var
E0253,排量平均值: 22.1333,stat,,,,,worktype_stats:红页L1HF:12:加砂中:缝口暂堵:排量:mean
E0254,排量方差: 11.7725,stat,,,,,worktype_stats:红页L1HF:12:加砂中:缝口暂堵:排量:var
E0255,施工泵压平均值: 73.1143,stat,,,,,worktype_stats:红页L1HF:12:加砂中:缝口暂堵:施工泵压:mean
E0256,施工泵压方差: 50.9636,stat,,,,,worktype_stats:红页L1HF:12:加砂中:缝口暂堵:施工泵压:var
E0257,当前建议: 无建议,suggestion,,,,,suggestion:红页L1HF:12:加砂中:缝口暂堵
E0258,施工情况 加砂后,condition,,,,,condition:红页L1HF:12:加砂后
E0259,施工时间 2024-01-10 10:31:10,time,,,,,condition_time:红页L1HF:12:加砂后
E0260,砂比平均值: 无数据,stat,,,,,condition_stats:红页L1HF:12:加砂后:砂比:mean
E0261,砂比方差: 无数据,stat,,,,,condition_stats:红页L1HF:12:加砂后:砂比:var
E0262,排量平均值: 1.9561,stat,,,,,condition_stats:红页L1HF:12:加砂后:排量:mean
E0263,排量方差: 40.3114,stat,,,,,condition_stats:红页L1HF:12:加砂后:排量:var
E0264,施工泵压平均值: 42.5641,stat,,,,,condition_stats:红页L1HF:12:加砂后:施工泵压:mean
E0265,施工泵压方差: 117.6677,stat,,,,,condition_stats:红页L1HF:12:加砂后:施工泵压:var
E0266,段号 13,segment,,,,,segment:红页L1HF:13
E0267,段号时间 2024-01-10 14:57:40,time,,,,,segment_time:红页L1HF:13
E0268,砂比平均值: 9.4558,stat,,,,,segment_stats:红页L1HF:13:砂比:mean
E0269,砂比方差: 7.3203,stat,,,,,segment_stats:红页L1HF:13:砂比:var
E0270,排量平均值: 16.2405,stat,,,,,segment_stats:红页L1HF:13:排量:mean
E0271,排量方差: 107.5521,stat,,,,,segment_stats:红页L1HF:13:排量:var
E0272,施工泵压平均值: 65.4647,stat,,,,,segment_stats:红页L1HF:13:施工泵压:mean
E0273,施工泵压方差: 287.2276,stat,,,,,segment_stats:红页L1HF:13:施工泵压:var
E0274,施工情况 加砂前,condition,,,,,condition:红页L1HF:13:加砂前
E0275,施工时间 2024-01-10 14:57:40,time,,,,,condition_time:红页L1HF:13:加砂前
E0276,砂比平均值: 无数据,stat,,,,,condition_stats:红页L1HF:13:加砂前:砂比:mean
E0277,砂比方差: 无数据,stat,,,,,condition_stats:红页L1HF:13:加砂前:砂比:var
E0278,排量平均值: 7.1444,stat,,,,,condition_stats:红页L1HF:13:加砂前:排量:mean
E0279,排量方差: 39.7376,stat,,,,,condition_stats:红页L1HF:13:加砂前:排量:var
E0280,施工泵压平均值: 56.187,stat,,,,,condition_stats:红页L1HF:13:加砂前:施工泵压:mean
E0281,施工泵压方差: 385.1827,stat,,,,,condition_stats:红页L1HF:13:加砂前:施工泵压:var
E0282,工况 缝高延伸,worktype,,,,,worktype:红页L1HF:13:加砂前:缝高延伸
E0283,工况时间 2024-01-10 15:19:40,time,,,,,worktype_time:红页L1HF:13:加砂前:缝高延伸
E0284,砂比平均值: 无数据,stat,,,,,worktype_stats:红页L1HF:13:加砂前:缝高延伸:砂比:mean
E0285,砂比方差: 无数据,stat,,,,,worktype_stats:红页L1HF:13:加砂前:缝高延伸:砂比:var
E0286,排量平均值: 16.9782,stat,,,,,worktype_stats:红页L1HF:13:加砂前:缝高延伸:排量:mean
E0287,排量方差: 10.3086,stat,,,,,worktype_stats:红页L1HF:13:加砂前:缝高延伸:排量:var
E0288,施工泵压平均值: 85.142,stat,,,,,worktype_stats:红页L1HF:13:加砂前:缝高延伸:施工泵压:mean
E0289,施工泵压方差: 39.0722,stat,,,,,worktype_stats:红页L1HF:13:加砂前:缝高延伸:施工泵压:var
E0290,当前建议: 保持当前措施,suggestion,,,,,suggestion:红页L1HF:13:加砂前:缝高延伸
E0291,施工情况 加砂中,condition,,,,,condition:红页L1HF:13:加砂中
E0292,施工时间 2024-01-10 15:27:40,time,,,,,condition_time:红页L1HF:13:加砂中
E0293,砂比平均值: 9.4558,stat,,,,,condition_stats:红页L1HF:13:加砂中:砂比:mean
E0294,砂比方差: 7.3203,stat,,,,,condition_stats:红页L1HF:13:加砂中:砂比:var
E0295,排量平均值: 23.3571,stat,,,,,condition_stats:红页L1HF:13:加砂中:排量:mean
E0296,排量方差: 7.8471,stat,,,,,condition_stats:红页L1HF:13:加砂中:排量:var
E0297,施工泵压平均值: 75.2453,stat,,,,,condition_stats:红页L1HF:13:加砂中:施工泵压:mean
E0298,施工泵压方差: 30.9334,stat,,,,,condition_stats:红页L1HF:13:加砂中:施工泵压:var
E0299,工况 缝高延伸,worktype,,,,,worktype:红页L1HF:13:加砂中:缝高延伸
E0300,工况时间 2024-01-10 15:27:40,time,,,,,worktype_time:红页L1HF:13:加砂中:缝高延伸
E0301,砂比平均值: 3.9,stat,,,,,worktype_stats:红页L1HF:13:加砂中:缝高延伸:砂比:mean
E0302,砂比方差: 1.44,stat,,,,,worktype_stats:红页L1HF:13:加砂中:缝高延伸:砂比:var
E0303,排量平均值: 24.05,stat,,,,,worktype_stats:红页L1HF:13:加砂中:缝高延伸:排量:mean
E0304,排量方差: 0.0,stat,,,,,worktype_stats:红页L1HF:13:加砂中:缝高延伸:排量:var
E0305,施工泵压平均值: 70.45,stat,,,,,worktype_stats:红页L1HF:13:加砂中:缝高延伸:施工泵压:mean
E0306,施工泵压方差: 0.0169,stat,,,,,worktype_stats:红页L1HF:13:加砂中:缝高延伸:施工泵压:var
E0307,当前建议: 保持当前措施,suggestion,,,,,suggestion:红页L1HF:13:加砂中:缝高延伸
E0308,工况 缝内暂堵,worktype,,,,,worktype:红页L1HF:13:加砂中:缝内暂堵
E0309,工况时间 2024-01-10 15:45:10,time,,,,,worktype_time:红页L1HF:13:加砂中:缝内暂堵
E0310,砂比平均值: 6.7989,stat,,,,,worktype_stats:红页L1HF:13:加砂中:缝内暂堵:砂比:mean
E0311,砂比方差: 4.8061,stat,,,,,worktype_stats:红页L1HF:13:加砂中:缝内暂堵:砂比:var
E0312,排量平均值: 21.7382,stat,,,,,worktype_stats:红页L1HF:13:加砂中:缝内暂堵:排量:mean
E0313,排量方差: 18.0965,stat,,,,,worktype_stats:红页L1HF:13:加砂中:缝内暂堵:排量:var
E0314,施工泵压平均值: 70.9966,stat,,,,,worktype_stats:红页L1HF:13:加砂中:缝内暂堵:施工泵压:mean
E0315,施工泵压方差: 70.4973,stat,,,,,worktype_stats:红页L1HF:13:加砂中:缝内暂堵:施工泵压:var
E0316,当前建议: 无建议,suggestion,,,,,suggestion:红页L1HF:13:加砂中:缝内暂堵
E0317,工况 缝口暂堵,worktype,,,,,worktype:红页L1HF:13:加砂中:缝口暂堵
E0318,工况时间 2024-01-10 16:05:20,time,,,,,worktype_time:红页L1HF:13:加砂中:缝口暂堵
E0319,砂比平均值: 7.8864,stat,,,,,worktype_stats:红页L1HF:13:加砂中:缝口暂堵:砂比:mean
E0320,砂比方差: 1.9948,stat,,,,,worktype_stats:红页L1HF:13:加砂中:缝口暂堵:砂比:var
E0321,排量平均值: 22.8089,stat,,,,,worktype_stats:红页L1HF:13:加砂中:缝口暂堵:排量:mean
E0322,排量方差: 8.5626,stat,,,,,worktype_stats:红页L1HF:13:加砂中:缝口暂堵:排量:var
E0323,施工泵压平均值: 73.1351,stat,,,,,worktype_stats:红页L1HF:13:加砂中:缝口暂堵:施工泵压:mean
E0324,施工泵压方差: 28.9022,stat,,,,,worktype_stats:红页L1HF:13:加砂中:缝口暂堵:施工泵压:var
E0325,当前建议: 无建议,suggestion,,,,,suggestion:红页L1HF:13:加砂中:缝口暂堵
E0326,施工情况 加砂后,condition,,,,,condition:红页L1HF:13:加砂后
E0327,施工时间 2024-01-10 17:30:10,time,,,,,condition_time:红页L1HF:13:加砂后
E0328,砂比平均值: 无数据,stat,,,,,condition_stats:红页L1HF:13:加砂后:砂比:mean
E0329,砂比方差: 无数据,stat,,,,,condition_stats:红页L1HF:13:加砂后:砂比:var
E0330,排量平均值: 2.1044,stat,,,,,condition_stats:红页L1HF:13:加砂后:排量:mean
E0331,排量方差: 43.9277,stat,,,,,condition_stats:红页L1HF:13:加砂后:排量:var
E0332,施工泵压平均值: 43.4224,stat,,,,,condition_stats:红页L1HF:13:加砂后:施工泵压:mean
E0333,施工泵压方差: 137.7092,stat,,,,,condition_stats:红页L1HF:13:加砂后:施工泵压:var
E0334,段号 14,segment,,,,,segment:红页L1HF:14
E0335,段号时间 2024-01-11 07:58:00,time,,,,,segment_time:红页L1HF:14
E0336,砂比平均值: 9.4279,stat,,,,,segment_stats:红页L1HF:14:砂比:mean
E0337,砂比方差: 7.5171,stat,,,,,segment_stats:红页L1HF:14:砂比:var
E0338,排量平均值: 16.8635,stat,,,,,segment_stats:红页L1HF:14:排量:mean
E0339,排量方差: 106.256,stat,,,,,segment_stats:红页L1HF:14:排量:var
E0340,施工泵压平均值: 67.0155,stat,,,,,segment_stats:红页L1HF:14:施工泵压:mean
E0341,施工泵压方差: 307.5522,stat,,,,,segment_stats:红页L1HF:14:施工泵压:var
E0342,施工情况 加砂前,condition,,,,,condition:红页L1HF:14:加砂前
E0343,施工时间 2024-01-11 07:58:00,time,,,,,condition_time:红页L1HF:14:加砂前
E0344,砂比平均值: 无数据,stat,,,,,condition_stats:红页L1HF:14:加砂前:砂比:mean
E0345,砂比方差: 无数据,stat,,,,,condition_stats:红页L1HF:14:加砂前:砂比:var
E0346,排量平均值: 8.1357,stat,,,,,condition_stats:红页L1HF:14:加砂前:排量:mean
E0347,排量方差: 54.7228,stat,,,,,condition_stats:红页L1HF:14:加砂前:排量:var
E0348,施工泵压平均值: 54.6313,stat,,,,,condition_stats:红页L1HF:14:加砂前:施工泵压:mean
E0349,施工泵压方差: 356.0242,stat,,,,,condition_stats:红页L1HF:14:加砂前:施工泵压:var
E0350,工况 缝高延伸,worktype,,,,,worktype:红页L1HF:14:加砂前:缝高延伸
E0351,工况时间 2024-01-11 08:20:40,time,,,,,worktype_time:红页L1HF:14:加砂前:缝高延伸
E0352,砂比平均值: 无数据,stat,,,,,worktype_stats:红页L1HF:14:加砂前:缝高延伸:砂比:mean
E0353,砂比方差: 无数据,stat,,,,,worktype_stats:红页L1HF:14:加砂前:缝高延伸:砂比:var
E0354,排量平均值: 18.485,stat,,,,,worktype_stats:红页L1HF:14:加砂前:缝高延伸:排量:mean
E0355,排量方差: 10.4035,stat,,,,,worktype_stats:红页L1HF:14:加砂前:缝高延伸:排量:var
E0356,施工泵压平均值: 80.5844,stat,,,,,worktype_stats:红页L1HF:14:加砂前:缝高延伸:施工泵压:mean
E0357,施工泵压方差: 94.5303,stat,,,,,worktype_stats:红页L1HF:14:加砂前:缝高延伸:施工泵压:var
E0358,当前建议: 保持当前措施,suggestion,,,,,suggestion:红页L1HF:14:加砂前:缝高延伸
E0359,施工情况 加砂中,condition,,,,,condition:红页L1HF:14:加砂中
E0360,施工时间 2024-01-11 08:30:00,time,,,,,condition_time:红页L1HF:14:加砂中
E0361,砂比平均值: 9.4279,stat,,,,,condition_stats:红页L1HF:14:加砂中:砂比:mean
E0362,砂比方差: 7.5171,stat,,,,,condition_stats:红页L1HF:14:加砂中:砂比:var
E0363,排量平均值: 23.9802,stat,,,,,condition_stats:红页L1HF:14:加砂中:排量:mean
E0364,排量方差: 0.2398,stat,,,,,condition_stats:红页L1HF:14:加砂中:排量:var
E0365,施工泵压平均值: 77.9442,stat,,,,,condition_stats:红页L1HF:14:加砂中:施工泵压:mean
E0366,施工泵压方差: 9.5092,stat,,,,,condition_stats:红页L1HF:14:加砂中:施工泵压:var
E0367,工况 缝内暂堵,worktype,,,,,worktype:红页L1HF:14:加砂中:缝内暂堵
E0368,工况时间 2024-01-11 08:51:20,time,,,,,worktype_time:红页L1HF:14:加砂中:缝内暂堵
E0369,砂比平均值: 6.9221,stat,,,,,worktype_stats:红页L1HF:14:加砂中:缝内暂堵:砂比:mean
E0370,砂比方差: 7.27,stat,,,,,worktype_stats:红页L1HF:14:加砂中:缝内暂堵:砂比:var
E0371,排量平均值: 24.0443,stat,,,,,worktype_stats:红页L1HF:14:加砂中:缝内暂堵:排量:mean
E0372,排量方差: 0.0,stat,,,,,worktype_stats:红页L1HF:14:加砂中:缝内暂堵:排量:var
E0373,施工泵压平均值: 76.9759,stat,,,,,worktype_stats:红页L1HF:14:加砂中:缝内暂堵:施工泵压:mean
E0374,施工泵压方差: 8.3498,stat,,,,,worktype_stats:红页L1HF:14:加砂中:缝内暂堵:施工泵压:var
E0375,当前建议: 无建议,suggestion,,,,,suggestion:红页L1HF:14:加砂中:缝内暂堵
E0376,工况 缝口暂堵,worktype,,,,,worktype:红页L1HF:14:加砂中:缝口暂堵
E0377,工况时间 2024-01-11 09:08:30,time,,,,,worktype_time:红页L1HF:14:加砂中:缝口暂堵
E0378,砂比平均值: 6.6812,stat,,,,,worktype_stats:红页L1HF:14:加砂中:缝口暂堵:砂比:mean
E0379,砂比方差: 7.1434,stat,,,,,worktype_stats:红页L1HF:14:加砂中:缝口暂堵:砂比:var
E0380,排量平均值: 23.4388,stat,,,,,worktype_stats:红页L1HF:14:加砂中:缝口暂堵:排量:mean
E0381,排量方差: 1.9203,stat,,,,,worktype_stats:红页L1HF:14:加砂中:缝口暂堵:排量:var
E0382,施工泵压平均值: 77.1065,stat,,,,,worktype_stats:红页L1HF:14:加砂中:缝口暂堵:施工泵压:mean
E0383,施工泵压方差: 22.8456,stat,,,,,worktype_stats:红页L1HF:14:加砂中:缝口暂堵:施工泵压:var
E0384,当前建议: 无建议,suggestion,,,,,suggestion:红页L1HF:14:加砂中:缝口暂堵
E0385,施工情况 加砂后,condition,,,,,condition:红页L1HF:14:加砂后
E0386,施工时间 2024-01-11 10:27:20,time,,,,,condition_time:红页L1HF:14:加砂后
E0387,砂比平均值: 无数据,stat,,,,,condition_stats:红页L1HF:14:加砂后:砂比:mean
E0388,砂比方差: 无数据,stat,,,,,condition_stats:红页L1HF:14:加砂后:砂比:var
E0389,排量平均值: 2.2208,stat,,,,,condition_stats:红页L1HF:14:加砂后:排量:mean
E0390,排量方差: 45.6182,stat,,,,,condition_stats:红页L1HF:14:加砂后:排量:var
E0391,施工泵压平均值: 43.5917,stat,,,,,condition_stats:红页L1HF:14:加砂后:施工泵压:mean
E0392,施工泵压方差: 142.1998,stat,,,,,condition_stats:红页L1HF:14:加砂后:施工泵压:var
E0393,段号 15,segment,,,,,segment:红页L1HF:15
E0394,段号时间 2024-01-11 14:29:50,time,,,,,segment_time:红页L1HF:15
E0395,砂比平均值: 9.2755,stat,,,,,segment_stats:红页L1HF:15:砂比:mean
E0396,砂比方差: 6.7275,stat,,,,,segment_stats:红页L1HF:15:砂比:var
E0397,排量平均值: 16.1612,stat,,,,,segment_stats:红页L1HF:15:排量:mean
E0398,排量方差: 95.0076,stat,,,,,segment_stats:红页L1HF:15:排量:var
E0399,施工泵压平均值: 70.6141,stat,,,,,segment_stats:红页L1HF:15:施工泵压:mean
E0400,施工泵压方差: 388.3396,stat,,,,,segment_stats:红页L1HF:15:施工泵压:var
E0401,施工情况 加砂前,condition,,,,,condition:红页L1HF:15:加砂前
E0402,施工时间 2024-01-11 14:29:50,time,,,,,condition_time:红页L1HF:15:加砂前
E0403,砂比平均值: 无数据,stat,,,,,condition_stats:红页L1HF:15:加砂前:砂比:mean
E0404,砂比方差: 无数据,stat,,,,,condition_stats:红页L1HF:15:加砂前:砂比:var
E0405,排量平均值: 8.5268,stat,,,,,condition_stats:红页L1HF:15:加砂前:排量:mean
E0406,排量方差: 54.1036,stat,,,,,condition_stats:红页L1HF:15:加砂前:排量:var
E0407,施工泵压平均值: 59.3109,stat,,,,,condition_stats:红页L1HF:15:加砂前:施工泵压:mean
E0408,施工泵压方差: 353.6367,stat,,,,,condition_stats:红页L1HF:15:加砂前:施工泵压:var
E0409,工况 缝高延伸,worktype,,,,,worktype:红页L1HF:15:加砂前:缝高延伸
E0410,工况时间 2024-01-11 14:52:50,time,,,,,worktype_time:红页L1HF:15:加砂前:缝高延伸
E0411,砂比平均值: 无数据,stat,,,,,worktype_stats:红页L1HF:15:加砂前:缝高延伸:砂比:mean
E0412,砂比方差: 无数据,stat,,,,,worktype_stats:红页L1HF:15:加砂前:缝高延伸:砂比:var
E0413,排量平均值: 19.0154,stat,,,,,worktype_stats:红页L1HF:15:加砂前:缝高延伸:排量:mean
E0414,排量方差: 9.442,stat,,,,,worktype_stats:红页L1HF:15:加砂前:缝高延伸:排量:var
E0415,施工泵压平均值: 83.3544,stat,,,,,worktype_stats:红页L1HF:15:加砂前:缝高延伸:施工泵压:mean
E0416,施工泵压方差: 28.0372,stat,,,,,worktype_stats:红页L1HF:15:加砂前:缝高延伸:施工泵压:var
E0417,当前建议: 保持当前措施,suggestion,,,,,suggestion:红页L1HF:15:加砂前:缝高延伸
E0418,施工情况 加砂中,condition,,,,,condition:红页L1HF:15:加砂中
E0419,施工时间 2024-01-11 15:02:30,time,,,,,condition_time:红页L1HF:15:加砂中
E0420,砂比平均值: 9.2755,stat,,,,,condition_stats:红页L1HF:15:加砂中:砂比:mean
E0421,砂比方差: 6.7275,stat,,,,,condition_stats:红页L1HF:15:加砂中:砂比:var
E0422,排量平均值: 22.5506,stat,,,,,condition_stats:红页L1HF:15:加砂中:排量:mean
E0423,排量方差: 5.7469,stat,,,,,condition_stats:红页L1HF:15:加砂中:排量:var
E0424,施工泵压平均值: 82.563,stat,,,,,condition_stats:红页L1HF:15:加砂中:施工泵压:mean
E0425,施工泵压方差: 19.1333,stat,,,,,condition_stats:红页L1HF:15:加砂中:施工泵压:var
E0426,工况 缝内暂堵,worktype,,,,,worktype:红页L1HF:15:加砂中:缝内暂堵
E0427,工况时间 2024-01-11 15:24:40,time,,,,,worktype_time:红页L1HF:15:加砂中:缝内暂堵
E0428,砂比平均值: 6.8697,stat,,,,,worktype_stats:红页L1HF:15:加砂中:缝内暂堵:砂比:mean
E0429,砂比方差: 2.7585,stat,,,,,worktype_stats:红页L1HF:15:加砂中:缝内暂堵:砂比:var
E0430,排量平均值: 24.048,stat,,,,,worktype_stats:红页L1HF:15:加砂中:缝内暂堵:排量:mean
E0431,排量方差: 0.0,stat,,,,,worktype_stats:红页L1HF:15:加砂中:缝内暂堵:排量:var
E0432,施工泵压平均值: 79.59,stat,,,,,worktype_stats:红页L1HF:15:加砂中:缝内暂堵:施工泵压:mean
E0433,施工泵压方差: 10.8411,stat,,,,,worktype_stats:红页L1HF:15:加砂中:缝内暂堵:施工泵压:var
E0434,当前建议: 无建议,suggestion,,,,,suggestion:红页L1HF:15:加砂中:缝内暂堵
E0435,工况 缝口暂堵,worktype,,,,,worktype:红页L1HF:15:加砂中:缝口暂堵
E0436,工况时间 2024-01-11 15:39:30,time,,,,,worktype_time:红页L1HF:15:加砂中:缝口暂堵
E0437,砂比平均值: 6.9324,stat,,,,,worktype_stats:红页L1HF:15:加砂中:缝口暂堵:砂比:mean
E0438,砂比方差: 11.8265,stat,,,,,worktype_stats:红页L1HF:15:加砂中:缝口暂堵:砂比:var
E0439,排量平均值: 20.8909,stat,,,,,worktype_stats:红页L1HF:15:加砂中:缝口暂堵:排量:mean
E0440,排量方差: 8.5131,stat,,,,,worktype_stats:红页L1HF:15:加砂中:缝口暂堵:排量:var
E0441,施工泵压平均值: 82.9129,stat,,,,,worktype_stats:红页L1HF:15:加砂中:缝口暂堵:施工泵压:mean
E0442,施工泵压方差: 40.3184,stat,,,,,worktype_stats:红页L1HF:15:加砂中:缝口暂堵:施工泵压:var
E0443,当前建议: 无建议,suggestion,,,,,suggestion:红页L1HF:15:加砂中:缝口暂堵
E0444,工况 主缝延伸,worktype,,,,,worktype:红页L1HF:15:加砂中:主缝延伸
E0445,工况时间 2024-01-11 16:47:10,time,,,,,worktype_time:红页L1HF:15:加砂中:主缝延伸
E0446,砂比平均值: 10.2479,stat,,,,,worktype_stats:红页L1HF:15:加砂中:主缝延伸:砂比:mean
E0447,砂比方差: 2.0143,stat,,,,,worktype_stats:红页L1HF:15:加砂中:主缝延伸:砂比:var
E0448,排量平均值: 21.6858,stat,,,,,worktype_stats:红页L1HF:15:加砂中:主缝延伸:排量:mean
E0449,排量方差: 0.4073,stat,,,,,worktype_stats:红页L1HF:15:加砂中:主缝延伸:排量:var
E0450,施工泵压平均值: 85.8093,stat,,,,,worktype_stats:红页L1HF:15:加砂中:主缝延伸:施工泵压:mean
E0451,施工泵压方差: 1.9216,stat,,,,,worktype_stats:红页L1HF:15:加砂中:主缝延伸:施工泵压:var
E0452,当前建议: 保持当前措施,suggestion,,,,,suggestion:红页L1HF:15:加砂中:主缝延伸
E0453,施工情况 加砂后,condition,,,,,condition:红页L1HF:15:加砂后
E0454,施工时间 2024-01-11 17:11:10,time,,,,,condition_time:红页L1HF:15:加砂后
E0455,砂比平均值: 无数据,stat,,,,,condition_stats:红页L1HF:15:加砂后:砂比:mean
E0456,砂比方差: 无数据,stat,,,,,condition_stats:红页L1HF:15:加砂后:砂比:var
E0457,排量平均值: 2.3294,stat,,,,,condition_stats:红页L1HF:15:加砂后:排量:mean
E0458,排量方差: 44.5358,stat,,,,,condition_stats:红页L1HF:15:加砂后:排量:var
E0459,施工泵压平均值: 42.1042,stat,,,,,condition_stats:红页L1HF:15:加砂后:施工泵压:mean
E0460,施工泵压方差: 223.4635,stat,,,,,condition_stats:红页L1HF:15:加砂后:施工泵压:var
E0461,工况 主缝延伸,worktype,,,,,worktype:红页L1HF:15:加砂后:主缝延伸
E0462,工况时间 2024-01-11 17:11:10,time,,,,,worktype_time:红页L1HF:15:加砂后:主缝延伸
E0463,砂比平均值: 无数据,stat,,,,,worktype_stats:红页L1HF:15:加砂后:主缝延伸:砂比:mean
E0464,砂比方差: 无数据,stat,,,,,worktype_stats:红页L1HF:15:加砂后:主缝延伸:砂比:var
E0465,排量平均值: 22.16,stat,,,,,worktype_stats:红页L1HF:15:加砂后:主缝延伸:排量:mean
E0466,排量方差: 0.0,stat,,,,,worktype_stats:红页L1HF:15:加砂后:主缝延伸:排量:var
E0467,施工泵压平均值: 86.2267,stat,,,,,worktype_stats:红页L1HF:15:加砂后:主缝延伸:施工泵压:mean
E0468,施工泵压方差: 0.003,stat,,,,,worktype_stats:红页L1HF:15:加砂后:主缝延伸:施工泵压:var
E0469,当前建议: 保持当前措施,suggestion,,,,,suggestion:红页L1HF:15:加砂后:主缝延伸
E0470,段号 16,segment,,,,,segment:红页L1HF:16
E0471,段号时间 2024-01-12 08:03:30,time,,,,,segment_time:红页L1HF:16
E0472,砂比平均值: 9.7534,stat,,,,,segment_stats:红页L1HF:16:砂比:mean
E0473,砂比方差: 8.2606,stat,,,,,segment_stats:红页L1HF:16:砂比:var
E0474,排量平均值: 17.0401,stat,,,,,segment_stats:红页L1HF:16:排量:mean
E0475,排量方差: 100.2111,stat,,,,,segment_stats:红页L1HF:16:排量:var
E0476,施工泵压平均值: 70.1239,stat,,,,,segment_stats:红页L1HF:16:施工泵压:mean
E0477,施工泵压方差: 409.1276,stat,,,,,segment_stats:红页L1HF:16:施工泵压:var
E0478,施工情况 加砂前,condition,,,,,condition:红页L1HF:16:加砂前
E0479,施工时间 2024-01-12 08:03:30,time,,,,,condition_time:红页L1HF:16:加砂前
E0480,砂比平均值: 无数据,stat,,,,,condition_stats:红页L1HF:16:加砂前:砂比:mean
E0481,砂比方差: 无数据,stat,,,,,condition_stats:红页L1HF:16:加砂前:砂比:var
E0482,排量平均值: 8.3459,stat,,,,,condition_stats:红页L1HF:16:加砂前:排量:mean
E0483,排量方差: 54.6486,stat,,,,,condition_stats:红页L1HF:16:加砂前:排量:var
E0484,施工泵压平均值: 59.9171,stat,,,,,condition_stats:红页L1HF:16:加砂前:施工泵压:mean
E0485,施工泵压方差: 274.3572,stat,,,,,condition_stats:红页L1HF:16:加砂前:施工泵压:var
E0486,工况 缝高延伸,worktype,,,,,worktype:红页L1HF:16:加砂前:缝高延伸
E0487,工况时间 2024-01-12 08:24:50,time,,,,,worktype_time:红页L1HF:16:加砂前:缝高延伸
E0488,砂比平均值: 无数据,stat,,,,,worktype_stats:红页L1HF:16:加砂前:缝高延伸:砂比:mean
E0489,砂比方差: 无数据,stat,,,,,worktype_stats:红页L1HF:16:加砂前:缝高延伸:砂比:var
E0490,排量平均值: 17.3989,stat,,,,,worktype_stats:红页L1HF:16:加砂前:缝高延伸:排量:mean
E0491,排量方差: 11.6116,stat,,,,,worktype_stats:红页L1HF:16:加砂前:缝高延伸:排量:var
E0492,施工泵压平均值: 80.4586,stat,,,,,worktype_stats:红页L1HF:16:加砂前:缝高延伸:施工泵压:mean
E0493,施工泵压方差: 47.5503,stat,,,,,worktype_stats:红页L1HF:16:加砂前:缝高延伸:施工泵压:var
E0494,当前建议: 保持当前措施,suggestion,,,,,suggestion:红页L1HF:16:加砂前:缝高延伸
E0495,施工情况 加砂中,condition,,,,,condition:红页L1HF:16:加砂中
E0496,施工时间 2024-01-12 08:35:20,time,,,,,condition_time:红页L1HF:16:加砂中
E0497,砂比平均值: 9.7534,stat,,,,,condition_stats:红页L1HF:16:加砂中:砂比:mean
E0498,砂比方差: 8.2606,stat,,,,,condition_stats:红页L1HF:16:加砂中:砂比:var
E0499,排量平均值: 23.6068,stat,,,,,condition_stats:红页L1HF:16:加砂中:排量:mean
E0500,排量方差: 2.1272,stat,,,,,condition_stats:红页L1HF:16:加砂中:排量:var
E0501,施工泵压平均值: 82.1263,stat,,,,,condition_stats:红页L1HF:16:加砂中:施工泵压:mean
E0502,施工泵压方差: 28.1115,stat,,,,,condition_stats:红页L1HF:16:加砂中:施工泵压:var
E0503,工况 缝内暂堵,worktype,,,,,worktype:红页L1HF:16:加砂中:缝内暂堵
E0504,工况时间 2024-01-12 08:53:20,time,,,,,worktype_time:红页L1HF:16:加砂中:缝内暂堵
E0505,砂比平均值: 6.875,stat,,,,,worktype_stats:红页L1HF:16:加砂中:缝内暂堵:砂比:mean
E0506,砂比方差: 2.3081,stat,,,,,worktype_stats:红页L1HF:16:加砂中:缝内暂堵:砂比:var
E0507,排量平均值: 24.09,stat,,,,,worktype_stats:红页L1HF:16:加砂中:缝内暂堵:排量:mean
E0508,排量方差: 0.0,stat,,,,,worktype_stats:红页L1HF:16:加砂中:缝内暂堵:排量:var
E0509,施工泵压平均值: 78.4248,stat,,,,,worktype_stats:红页L1HF:16:加砂中:缝内暂堵:施工泵压:mean
E0510,施工泵压方差: 4.2795,stat,,,,,worktype_stats:红页L1HF:16:加砂中:缝内暂堵:施工泵压:var
E0511,当前建议: 无建议,suggestion,,,,,suggestion:红页L1HF:16:加砂中:缝内暂堵
E0512,工况 缝口暂堵,worktype,,,,,worktype:红页L1HF:16:加砂中:缝口暂堵
E0513,工况时间 2024-01-12 09:11:10,time,,,,,worktype_time:红页L1HF:16:加砂中:缝口暂堵
E0514,砂比平均值: 7.2583,stat,,,,,worktype_stats:红页L1HF:16:加砂中:缝口暂堵:砂比:mean
E0515,砂比方差: 3.6691,stat,,,,,worktype_stats:红页L1HF:16:加砂中:缝口暂堵:砂比:var
E0516,排量平均值: 21.7429,stat,,,,,worktype_stats:红页L1HF:16:加砂中:缝口暂堵:排量:mean
E0517,排量方差: 4.9445,stat,,,,,worktype_stats:红页L1HF:16:加砂中:缝口暂堵:排量:var
E0518,施工泵压平均值: 79.7519,stat,,,,,worktype_stats:红页L1HF:16:加砂中:缝口暂堵:施工泵压:mean
E0519,施工泵压方差: 76.2462,stat,,,,,worktype_stats:红页L1HF:16:加砂中:缝口暂堵:施工泵压:var
E0520,当前建议: 无建议,suggestion,,,,,suggestion:红页L1HF:16:加砂中:缝口暂堵
E0521,工况 主缝延伸,worktype,,,,,worktype:红页L1HF:16:加砂中:主缝延伸
E0522,工况时间 2024-01-12 10:24:10,time,,,,,worktype_time:红页L1HF:16:加砂中:主缝延伸
E0523,砂比平均值: 12.1309,stat,,,,,worktype_stats:红页L1HF:16:加砂中:主缝延伸:砂比:mean
E0524,砂比方差: 3.9306,stat,,,,,worktype_stats:红页L1HF:16:加砂中:主缝延伸:砂比:var
E0525,排量平均值: 23.867,stat,,,,,worktype_stats:红页L1HF:16:加砂中:主缝延伸:排量:mean
E0526,排量方差: 0.1132,stat,,,,,worktype_stats:红页L1HF:16:加砂中:主缝延伸:排量:var
E0527,施工泵压平均值: 87.4897,stat,,,,,worktype_stats:红页L1HF:16:加砂中:主缝延伸:施工泵压:mean
E0528,施工泵压方差: 0.7559,stat,,,,,worktype_stats:红页L1HF:16:加砂中:主缝延伸:施工泵压:var
E0529,当前建议: 保持当前措施,suggestion,,,,,suggestion:红页L1HF:16:加砂中:主缝延伸
E0530,施工情况 加砂后,condition,,,,,condition:红页L1HF:16:加砂后
E0531,施工时间 2024-01-12 10:40:40,time,,,,,condition_time:红页L1HF:16:加砂后
E0532,砂比平均值: 无数据,stat,,,,,condition_stats:红页L1HF:16:加砂后:砂比:mean
E0533,砂比方差: 无数据,stat,,,,,condition_stats:红页L1HF:16:加砂后:砂比:var
E0534,排量平均值: 2.2226,stat,,,,,condition_stats:红页L1HF:16:加砂后:排量:mean
E0535,排量方差: 45.4675,stat,,,,,condition_stats:红页L1HF:16:加砂后:排量:var
E0536,施工泵压平均值: 37.6163,stat,,,,,condition_stats:红页L1HF:16:加砂后:施工泵压:mean
E0537,施工泵压方差: 215.7261,stat,,,,,condition_stats:红页L1HF:16:加砂后:施工泵压:var
E0538,工况 主缝延伸,worktype,,,,,worktype:红页L1HF:16:加砂后:主缝延伸
E0539,工况时间 2024-01-12 10:40:40,time,,,,,worktype_time:红页L1HF:16:加砂后:主缝延伸
E0540,砂比平均值: 无数据,stat,,,,,worktype_stats:红页L1HF:16:加砂后:主缝延伸:砂比:mean
E0541,砂比方差: 无数据,stat,,,,,worktype_stats:红页L1HF:16:加砂后:主缝延伸:砂比:var
E0542,排量平均值: 24.07,stat,,,,,worktype_stats:红页L1HF:16:加砂后:主缝延伸:排量:mean
E0543,排量方差: 0.0,stat,,,,,worktype_stats:红页L1HF:16:加砂后:主缝延伸:排量:var
E0544,施工泵压平均值: 86.035,stat,,,,,worktype_stats:红页L1HF:16:加砂后:主缝延伸:施工泵压:mean
E0545,施工泵压方差: 0.0903,stat,,,,,worktype_stats:红页L1HF:16:加砂后:主缝延伸:施工泵压:var
E0546,当前建议: 保持当前措施,suggestion,,,,,suggestion:红页L1HF:16:加砂后:主缝延伸
E0547,段号 17,segment,,,,,segment:红页L1HF:17
E0548,段号时间 2024-01-12 14:47:30,time,,,,,segment_time:红页L1HF:17
E0549,砂比平均值: 8.9616,stat,,,,,segment_stats:红页L1HF:17:砂比:mean
E0550,砂比方差: 6.0108,stat,,,,,segment_stats:红页L1HF:17:砂比:var
E0551,排量平均值: 18.2514,stat,,,,,segment_stats:红页L1HF:17:排量:mean
E0552,排量方差: 53.2549,stat,,,,,segment_stats:红页L1HF:17:排量:var
E0553,施工泵压平均值: 80.449,stat,,,,,segment_stats:红页L1HF:17:施工泵压:mean
E0554,施工泵压方差: 193.6291,stat,,,,,segment_stats:红页L1HF:17:施工泵压:var
E0555,施工情况 加砂前,condition,,,,,condition:红页L1HF:17:加砂前
E0556,施工时间 2024-01-12 14:47:30,time,,,,,condition_time:红页L1HF:17:加砂前
E0557,砂比平均值: 无数据,stat,,,,,condition_stats:红页L1HF:17:加砂前:砂比:mean
E0558,砂比方差: 无数据,stat,,,,,condition_stats:红页L1HF:17:加砂前:砂比:var
E0559,排量平均值: 9.0424,stat,,,,,condition_stats:红页L1HF:17:加砂前:排量:mean
E0560,排量方差: 68.4896,stat,,,,,condition_stats:红页L1HF:17:加砂前:排量:var
E0561,施工泵压平均值: 59.5404,stat,,,,,condition_stats:红页L1HF:17:加砂前:施工泵压:mean
E0562,施工泵压方差: 351.5429,stat,,,,,condition_stats:红页L1HF:17:加砂前:施工泵压:var
E0563,施工情况 加砂中,condition,,,,,condition:红页L1HF:17:加砂中
E0564,施工时间 2024-01-12 15:18:00,time,,,,,condition_time:红页L1HF:17:加砂中
E0565,砂比平均值: 8.9616,stat,,,,,condition_stats:红页L1HF:17:加砂中:砂比:mean
E0566,砂比方差: 6.0108,stat,,,,,condition_stats:红页L1HF:17:加砂中:砂比:var
E0567,排量平均值: 22.0885,stat,,,,,condition_stats:红页L1HF:17:加砂中:排量:mean
E0568,排量方差: 7.5586,stat,,,,,condition_stats:红页L1HF:17:加砂中:排量:var
E0569,施工泵压平均值: 85.0926,stat,,,,,condition_stats:红页L1HF:17:加砂中:施工泵压:mean
E0570,施工泵压方差: 22.5948,stat,,,,,condition_stats:红页L1HF:17:加砂中:施工泵压:var
E0571,工况 缝内暂堵,worktype,,,,,worktype:红页L1HF:17:加砂中:缝内暂堵
E0572,工况时间 2024-01-12 15:40:20,time,,,,,worktype_time:红页L1HF:17:加砂中:缝内暂堵
E0573,砂比平均值: 7.1583,stat,,,,,worktype_stats:红页L1HF:17:加砂中:缝内暂堵:砂比:mean
E0574,砂比方差: 3.9258,stat,,,,,worktype_stats:红页L1HF:17:加砂中:缝内暂堵:砂比:var
E0575,排量平均值: 24.0461,stat,,,,,worktype_stats:红页L1HF:17:加砂中:缝内暂堵:排量:mean
E0576,排量方差: 0.0011,stat,,,,,worktype_stats:红页L1HF:17:加砂中:缝内暂堵:排量:var
E0577,施工泵压平均值: 82.0657,stat,,,,,worktype_stats:红页L1HF:17:加砂中:缝内暂堵:施工泵压:mean
E0578,施工泵压方差: 20.8775,stat,,,,,worktype_stats:红页L1HF:17:加砂中:缝内暂堵:施工泵压:var
E0579,当前建议: 无建议,suggestion,,,,,suggestion:红页L1HF:17:加砂中:缝内暂堵
E0580,工况 缝口暂堵,worktype,,,,,worktype:红页L1HF:17:加砂中:缝口暂堵
E0581,工况时间 2024-01-12 16:03:40,time,,,,,worktype_time:红页L1HF:17:加砂中:缝口暂堵
E0582,砂比平均值: 7.5333,stat,,,,,worktype_stats:红页L1HF:17:加砂中:缝口暂堵:砂比:mean
E0583,砂比方差: 1.933,stat,,,,,worktype_stats:红页L1HF:17:加砂中:缝口暂堵:砂比:var
E0584,排量平均值: 20.1662,stat,,,,,worktype_stats:红页L1HF:17:加砂中:缝口暂堵:排量:mean
E0585,排量方差: 8.8152,stat,,,,,worktype_stats:红页L1HF:17:加砂中:缝口暂堵:排量:var
E0586,施工泵压平均值: 80.9014,stat,,,,,worktype_stats:红页L1HF:17:加砂中:缝口暂堵:施工泵压:mean
E0587,施工泵压方差: 77.1872,stat,,,,,worktype_stats:红页L1HF:17:加砂中:缝口暂堵:施工泵压:var
E0588,当前建议: 无建议,suggestion,,,,,suggestion:红页L1HF:17:加砂中:缝口暂堵
E0589,工况 延伸受阻,worktype,,,,,worktype:红页L1HF:17:加砂中:延伸受阻
E0590,工况时间 2024-01-12 17:13:40,time,,,,,worktype_time:红页L1HF:17:加砂中:延伸受阻
E0591,砂比平均值: 8.4353,stat,,,,,worktype_stats:红页L1HF:17:加砂中:延伸受阻:砂比:mean
E0592,砂比方差: 1.8737,stat,,,,,worktype_stats:红页L1HF:17:加砂中:延伸受阻:砂比:var
E0593,排量平均值: 17.3069,stat,,,,,worktype_stats:红页L1HF:17:加砂中:延伸受阻:排量:mean
E0594,排量方差: 0.2719,stat,,,,,worktype_stats:红页L1HF:17:加砂中:延伸受阻:排量:var
E0595,施工泵压平均值: 88.758,stat,,,,,worktype_stats:红页L1HF:17:加砂中:延伸受阻:施工泵压:mean
E0596,施工泵压方差: 1.6937,stat,,,,,worktype_stats:红页L1HF:17:加砂中:延伸受阻:施工泵压:var
E0597,当前建议: 无建议,suggestion,,,,,suggestion:红页L1HF:17:加砂中:延伸受阻
E0598,施工情况 加砂后,condition,,,,,condition:红页L1HF:17:加砂后
E0599,施工时间 2024-01-12 17:22:10,time,,,,,condition_time:红页L1HF:17:加砂后
E0600,砂比平均值: 无数据,stat,,,,,condition_stats:红页L1HF:17:加砂后:砂比:mean
E0601,砂比方差: 无数据,stat,,,,,condition_stats:红页L1HF:17:加砂后:砂比:var
E0602,排量平均值: 9.9868,stat,,,,,condition_stats:红页L1HF:17:加砂后:排量:mean
E0603,排量方差: 12.115,stat,,,,,condition_stats:红页L1HF:17:加砂后:排量:var
E0604,施工泵压平均值: 85.4685,stat,,,,,condition_stats:红页L1HF:17:加砂后:施工泵压:mean
E0605,施工泵压方差: 126.7506,stat,,,,,condition_stats:红页L1HF:17:加砂后:施工泵压:var
E0606,工况 延伸受阻,worktype,,,,,worktype:红页L1HF:17:加砂后:延伸受阻
E0607,工况时间 2024-01-12 17:22:10,time,,,,,worktype_time:红页L1HF:17:加砂后:延伸受阻
E0608,砂比平均值: 无数据,stat,,,,,worktype_stats:红页L1HF:17:加砂后:延伸受阻:砂比:mean
E0609,砂比方差: 无数据,stat,,,,,worktype_stats:红页L1HF:17:加砂后:延伸受阻:砂比:var
E0610,排量平均值: 15.0892,stat,,,,,worktype_stats:红页L1HF:17:加砂后:延伸受阻:排量:mean
E0611,排量方差: 2.5201,stat,,,,,worktype_stats:红页L1HF:17:加砂后:延伸受阻:排量:var
E0612,施工泵压平均值: 88.7065,stat,,,,,worktype_stats:红页L1HF:17:加砂后:延伸受阻:施工泵压:mean
E0613,施工泵压方差: 2.5778,stat,,,,,worktype_stats:红页L1HF:17:加砂后:延伸受阻:施工泵压:var
E0614,当前建议: 无建议,suggestion,,,,,suggestion:红页L1HF:17:加砂后:延伸受阻
E0615,段号 18,segment,,,,,segment:红页L1HF:18
E0616,段号时间 2024-01-13 16:02:20,time,,,,,segment_time:红页L1HF:18
E0617,砂比平均值: 9.9561,stat,,,,,segment_stats:红页L1HF:18:砂比:mean
E0618,砂比方差: 5.4314,stat,,,,,segment_stats:红页L1HF:18:砂比:var
E0619,排量平均值: 16.0175,stat,,,,,segment_stats:红页L1HF:18:排量:mean
E0620,排量方差: 105.9031,stat,,,,,segment_stats:红页L1HF:18:排量:var
E0621,施工泵压平均值: 67.7931,stat,,,,,segment_stats:红页L1HF:18:施工泵压:mean
E0622,施工泵压方差: 354.5006,stat,,,,,segment_stats:红页L1HF:18:施工泵压:var
E0623,施工情况 加砂前,condition,,,,,condition:红页L1HF:18:加砂前
E0624,施工时间 2024-01-13 16:02:20,time,,,,,condition_time:红页L1HF:18:加砂前
E0625,砂比平均值: 无数据,stat,,,,,condition_stats:红页L1HF:18:加砂前:砂比:mean
E0626,砂比方差: 无数据,stat,,,,,condition_stats:红页L1HF:18:加砂前:砂比:var
E0627,排量平均值: 8.1516,stat,,,,,condition_stats:红页L1HF:18:加砂前:排量:mean
E0628,排量方差: 53.4647,stat,,,,,condition_stats:红页L1HF:18:加砂前:排量:var
E0629,施工泵压平均值: 60.2757,stat,,,,,condition_stats:红页L1HF:18:加砂前:施工泵压:mean
E0630,施工泵压方差: 205.851,stat,,,,,condition_stats:红页L1HF:18:加砂前:施工泵压:var
E0631,施工情况 加砂中,condition,,,,,condition:红页L1HF:18:加砂中
E0632,施工时间 2024-01-13 16:40:00,time,,,,,condition_time:红页L1HF:18:加砂中
E0633,砂比平均值: 9.9561,stat,,,,,condition_stats:红页L1HF:18:加砂中:砂比:mean
E0634,砂比方差: 5.4314,stat,,,,,condition_stats:红页L1HF:18:加砂中:砂比:var
E0635,排量平均值: 23.6377,stat,,,,,condition_stats:红页L1HF:18:加砂中:排量:mean
E0636,排量方差: 0.4627,stat,,,,,condition_stats:红页L1HF:18:加砂中:排量:var
E0637,施工泵压平均值: 80.3142,stat,,,,,condition_stats:红页L1HF:18:加砂中:施工泵压:mean
E0638,施工泵压方差: 11.7133,stat,,,,,condition_stats:红页L1HF:18:加砂中:施工泵压:var
E0639,工况 缝内暂堵,worktype,,,,,worktype:红页L1HF:18:加砂中:缝内暂堵
E0640,工况时间 2024-01-13 17:04:20,time,,,,,worktype_time:红页L1HF:18:加砂中:缝内暂堵
E0641,砂比平均值: 7.2769,stat,,,,,worktype_stats:红页L1HF:18:加砂中:缝内暂堵:砂比:mean
E0642,砂比方差: 3.7541,stat,,,,,worktype_stats:红页L1HF:18:加砂中:缝内暂堵:砂比:var
E0643,排量平均值: 23.5718,stat,,,,,worktype_stats:红页L1HF:18:加砂中:缝内暂堵:排量:mean
E0644,排量方差: 0.2686,stat,,,,,worktype_stats:红页L1HF:18:加砂中:缝内暂堵:排量:var
E0645,施工泵压平均值: 77.8267,stat,,,,,worktype_stats:红页L1HF:18:加砂中:缝内暂堵:施工泵压:mean
E0646,施工泵压方差: 6.0742,stat,,,,,worktype_stats:红页L1HF:18:加砂中:缝内暂堵:施工泵压:var
E0647,当前建议: 无建议,suggestion,,,,,suggestion:红页L1HF:18:加砂中:缝内暂堵
E0648,工况 缝口暂堵,worktype,,,,,worktype:红页L1HF:18:加砂中:缝口暂堵
E0649,工况时间 2024-01-13 17:33:00,time,,,,,worktype_time:红页L1HF:18:加砂中:缝口暂堵
E0650,砂比平均值: 8.5542,stat,,,,,worktype_stats:红页L1HF:18:加砂中:缝口暂堵:砂比:mean
E0651,砂比方差: 7.9825,stat,,,,,worktype_stats:红页L1HF:18:加砂中:缝口暂堵:砂比:var
E0652,排量平均值: 22.9024,stat,,,,,worktype_stats:红页L1HF:18:加砂中:缝口暂堵:排量:mean
E0653,排量方差: 2.7999,stat,,,,,worktype_stats:红页L1HF:18:加砂中:缝口暂堵:排量:var
E0654,施工泵压平均值: 79.0464,stat,,,,,worktype_stats:红页L1HF:18:加砂中:缝口暂堵:施工泵压:mean
E0655,施工泵压方差: 19.9111,stat,,,,,worktype_stats:红页L1HF:18:加砂中:缝口暂堵:施工泵压:var
E0656,当前建议: 无建议,suggestion,,,,,suggestion:红页L1HF:18:加砂中:缝口暂堵
E0657,工况 主缝延伸,worktype,,,,,worktype:红页L1HF:18:加砂中:主缝延伸
E0658,工况时间 2024-01-13 18:04:20,time,,,,,worktype_time:红页L1HF:18:加砂中:主缝延伸
E0659,砂比平均值: 11.2691,stat,,,,,worktype_stats:红页L1HF:18:加砂中:主缝延伸:砂比:mean
E0660,砂比方差: 4.4038,stat,,,,,worktype_stats:红页L1HF:18:加砂中:主缝延伸:砂比:var
E0661,排量平均值: 24.0329,stat,,,,,worktype_stats:红页L1HF:18:加砂中:主缝延伸:排量:mean
E0662,排量方差: 0.0001,stat,,,,,worktype_stats:红页L1HF:18:加砂中:主缝延伸:排量:var
E0663,施工泵压平均值: 83.1101,stat,,,,,worktype_stats:红页L1HF:18:加砂中:主缝延伸:施工泵压:mean
E0664,施工泵压方差: 3.2891,stat,,,,,worktype_stats:红页L1HF:18:加砂中:主缝延伸:施工泵压:var
E0665,当前建议: 保持当前措施,suggestion,,,,,suggestion:红页L1HF:18:加砂中:主缝延伸
E0666,施工情况 加砂后,condition,,,,,condition:红页L1HF:18:加砂后
E0667,施工时间 2024-01-13 18:22:00,time,,,,,condition_time:红页L1HF:18:加砂后
E0668,砂比平均值: 无数据,stat,,,,,condition_stats:红页L1HF:18:加砂后:砂比:mean
E0669,砂比方差: 无数据,stat,,,,,condition_stats:红页L1HF:18:加砂后:砂比:var
E0670,排量平均值: 2.2057,stat,,,,,condition_stats:红页L1HF:18:加砂后:排量:mean
E0671,排量方差: 45.0523,stat,,,,,condition_stats:红页L1HF:18:加砂后:排量:var
E0672,施工泵压平均值: 39.0629,stat,,,,,condition_stats:红页L1HF:18:加砂后:施工泵压:mean
E0673,施工泵压方差: 183.3668,stat,,,,,condition_stats:红页L1HF:18:加砂后:施工泵压:var
E0674,工况 主缝延伸,worktype,,,,,worktype:红页L1HF:18:加砂后:主缝延伸
E0675,工况时间 2024-01-13 18:22:00,time,,,,,worktype_time:红页L1HF:18:加砂后:主缝延伸
E0676,砂比平均值: 无数据,stat,,,,,worktype_stats:红页L1HF:18:加砂后:主缝延伸:砂比:mean
E0677,砂比方差: 无数据,stat,,,,,worktype_stats:红页L1HF:18:加砂后:主缝延伸:砂比:var
E0678,排量平均值: 24.04,stat,,,,,worktype_stats:红页L1HF:18:加砂后:主缝延伸:排量:mean
E0679,排量方差: 0.0,stat,,,,,worktype_stats:红页L1HF:18:加砂后:主缝延伸:排量:var
E0680,施工泵压平均值: 82.02,stat,,,,,worktype_stats:红页L1HF:18:加砂后:主缝延伸:施工泵压:mean
E0681,施工泵压方差: 0.0,stat,,,,,worktype_stats:红页L1HF:18:加砂后:主缝延伸:施工泵压:var
E0682,当前建议: 保持当前措施,suggestion,,,,,suggestion:红页L1HF:18:加砂后:主缝延伸
E0683,段号 19,segment,,,,,segment:红页L1HF:19
E0684,段号时间 2024-01-14 07:46:00,time,,,,,segment_time:红页L1HF:19
E0685,砂比平均值: 9.6791,stat,,,,,segment_stats:红页L1HF:19:砂比:mean
E0686,砂比方差: 5.8663,stat,,,,,segment_stats:红页L1HF:19:砂比:var
E0687,排量平均值: 16.0491,stat,,,,,segment_stats:红页L1HF:19:排量:mean
E0688,排量方差: 112.0055,stat,,,,,segment_stats:红页L1HF:19:排量:var
E0689,施工泵压平均值: 69.4963,stat,,,,,segment_stats:红页L1HF:19:施工泵压:mean
E0690,施工泵压方差: 388.4978,stat,,,,,segment_stats:红页L1HF:19:施工泵压:var
E0691,施工情况 加砂前,condition,,,,,condition:红页L1HF:19:加砂前
E0692,施工时间 2024-01-14 07:46:00,time,,,,,condition_time:红页L1HF:19:加砂前
E0693,砂比平均值: 无数据,stat,,,,,condition_stats:红页L1HF:19:加砂前:砂比:mean
E0694,砂比方差: 无数据,stat,,,,,condition_stats:红页L1HF:19:加砂前:砂比:var
E0695,排量平均值: 9.2166,stat,,,,,condition_stats:红页L1HF:19:加砂前:排量:mean
E0696,排量方差: 63.3102,stat,,,,,condition_stats:红页L1HF:19:加砂前:排量:var
E0697,施工泵压平均值: 60.4191,stat,,,,,condition_stats:红页L1HF:19:加砂前:施工泵压:mean
E0698,施工泵压方差: 286.5138,stat,,,,,condition_stats:红页L1HF:19:加砂前:施工泵压:var
E0699,施工情况 加砂中,condition,,,,,condition:红页L1HF:19:加砂中
E0700,施工时间 2024-01-14 08:20:40,time,,,,,condition_time:红页L1HF:19:加砂中
E0701,砂比平均值: 9.6791,stat,,,,,condition_stats:红页L1HF:19:加砂中:砂比:mean
E0702,砂比方差: 5.8663,stat,,,,,condition_stats:红页L1HF:19:加砂中:砂比:var
E0703,排量平均值: 24.0034,stat,,,,,condition_stats:红页L1HF:19:加砂中:排量:mean
E0704,排量方差: 0.2524,stat,,,,,condition_stats:红页L1HF:19:加砂中:排量:var
E0705,施工泵压平均值: 83.0463,stat,,,,,condition_stats:红页L1HF:19:加砂中:施工泵压:mean
E0706,施工泵压方差: 9.5203,stat,,,,,condition_stats:红页L1HF:19:加砂中:施工泵压:var
E0707,工况 缝内暂堵,worktype,,,,,worktype:红页L1HF:19:加砂中:缝内暂堵
E0708,工况时间 2024-01-14 08:44:40,time,,,,,worktype_time:红页L1HF:19:加砂中:缝内暂堵
E0709,砂比平均值: 7.3478,stat,,,,,worktype_stats:红页L1HF:19:加砂中:缝内暂堵:砂比:mean
E0710,砂比方差: 3.3573,stat,,,,,worktype_stats:红页L1HF:19:加砂中:缝内暂堵:砂比:var
E0711,排量平均值: 24.0797,stat,,,,,worktype_stats:红页L1HF:19:加砂中:缝内暂堵:排量:mean
E0712,排量方差: 0.0001,stat,,,,,worktype_stats:红页L1HF:19:加砂中:缝内暂堵:排量:var
E0713,施工泵压平均值: 81.4492,stat,,,,,worktype_stats:红页L1HF:19:加砂中:缝内暂堵:施工泵压:mean
E0714,施工泵压方差: 10.4385,stat,,,,,worktype_stats:红页L1HF:19:加砂中:缝内暂堵:施工泵压:var
E0715,当前建议: 无建议,suggestion,,,,,suggestion:红页L1HF:19:加砂中:缝内暂堵
E0716,工况 缝口暂堵,worktype,,,,,worktype:红页L1HF:19:加砂中:缝口暂堵
E0717,工况时间 2024-01-14 09:13:00,time,,,,,worktype_time:红页L1HF:19:加砂中:缝口暂堵
E0718,砂比平均值: 8.2963,stat,,,,,worktype_stats:红页L1HF:19:加砂中:缝口暂堵:砂比:mean
E0719,砂比方差: 5.0752,stat,,,,,worktype_stats:红页L1HF:19:加砂中:缝口暂堵:砂比:var
E0720,排量平均值: 23.1182,stat,,,,,worktype_stats:红页L1HF:19:加砂中:缝口暂堵:排量:mean
E0721,排量方差: 2.3343,stat,,,,,worktype_stats:红页L1HF:19:加砂中:缝口暂堵:排量:var
E0722,施工泵压平均值: 81.3891,stat,,,,,worktype_stats:红页L1HF:19:加砂中:缝口暂堵:施工泵压:mean
E0723,施工泵压方差: 19.1202,stat,,,,,worktype_stats:红页L1HF:19:加砂中:缝口暂堵:施工泵压:var
E0724,当前建议: 无建议,suggestion,,,,,suggestion:红页L1HF:19:加砂中:缝口暂堵
E0725,工况 主缝延伸,worktype,,,,,worktype:红页L1HF:19:加砂中:主缝延伸
E0726,工况时间 2024-01-14 09:53:30,time,,,,,worktype_time:红页L1HF:19:加砂中:主缝延伸
E0727,砂比平均值: 11.8222,stat,,,,,worktype_stats:红页L1HF:19:加砂中:主缝延伸:砂比:mean
E0728,砂比方差: 3.5626,stat,,,,,worktype_stats:红页L1HF:19:加砂中:主缝延伸:砂比:var
E0729,排量平均值: 24.07,stat,,,,,worktype_stats:红页L1HF:19:加砂中:主缝延伸:排量:mean
E0730,排量方差: 0.0,stat,,,,,worktype_stats:红页L1HF:19:加砂中:主缝延伸:排量:var
E0731,施工泵压平均值: 86.3549,stat,,,,,worktype_stats:红页L1HF:19:加砂中:主缝延伸:施工泵压:mean
E0732,施工泵压方差: 0.0842,stat,,,,,worktype_stats:红页L1HF:19:加砂中:主缝延伸:施工泵压:var
E0733,当前建议: 保持当前措施,suggestion,,,,,suggestion:红页L1HF:19:加砂中:主缝延伸
E0734,施工情况 加砂后,condition,,,,,condition:红页L1HF:19:加砂后
E0735,施工时间 2024-01-14 10:01:00,time,,,,,condition_time:红页L1HF:19:加砂后
E0736,砂比平均值: 无数据,stat,,,,,condition_stats:红页L1HF:19:加砂后:砂比:mean
E0737,砂比方差: 无数据,stat,,,,,condition_stats:红页L1HF:19:加砂后:砂比:var
E0738,排量平均值: 2.0686,stat,,,,,condition_stats:红页L1HF:19:加砂后:排量:mean
E0739,排量方差: 42.471,stat,,,,,condition_stats:红页L1HF:19:加砂后:排量:var
E0740,施工泵压平均值: 43.2916,stat,,,,,condition_stats:红页L1HF:19:加砂后:施工泵压:mean
E0741,施工泵压方差: 219.9578,stat,,,,,condition_stats:红页L1HF:19:加砂后:施工泵压:var
E0742,工况 主缝延伸,worktype,,,,,worktype:红页L1HF:19:加砂后:主缝延伸
E0743,工况时间 2024-01-14 10:01:00,time,,,,,worktype_time:红页L1HF:19:加砂后:主缝延伸
E0744,砂比平均值: 无数据,stat,,,,,worktype_stats:红页L1HF:19:加砂后:主缝延伸:砂比:mean
E0745,砂比方差: 无数据,stat,,,,,worktype_stats:红页L1HF:19:加砂后:主缝延伸:砂比:var
E0746,排量平均值: 24.07,stat,,,,,worktype_stats:红页L1HF:19:加砂后:主缝延伸:排量:mean
E0747,排量方差: 0.0,stat,,,,,worktype_stats:红页L1HF:19:加砂后:主缝延伸:排量:var
E0748,施工泵压平均值: 86.526,stat,,,,,worktype_stats:红页L1HF:19:加砂后:主缝延伸:施工泵压:mean
E0749,施工泵压方差: 0.0021,stat,,,,,worktype_stats:红页L1HF:19:加砂后:主缝延伸:施工泵压:var
E0750,当前建议: 保持当前措施,suggestion,,,,,suggestion:红页L1HF:19:加砂后:主缝延伸
E0751,段号 2,segment,,,,,segment:红页L1HF:2
E0752,段号时间 2024-01-05 08:41:30,time,,,,,segment_time:红页L1HF:2
E0753,砂比平均值: 9.4044,stat,,,,,segment_stats:红页L1HF:2:砂比:mean
E0754,砂比方差: 5.8548,stat,,,,,segment_stats:红页L1HF:2:砂比:var
E0755,排量平均值: 12.9907,stat,,,,,segment_stats:红页L1HF:2:排量:mean
E0756,排量方差: 119.1341,stat,,,,,segment_stats:红页L1HF:2:排量:var
E0757,施工泵压平均值: 52.6909,stat,,,,,segment_stats:红页L1HF:2:施工泵压:mean
E0758,施工泵压方差: 447.4888,stat,,,,,segment_stats:红页L1HF:2:施工泵压:var
E0759,施工情况 加砂前,condition,,,,,condition:红页L1HF:2:加砂前
E0760,施工时间 2024-01-05 08:41:30,time,,,,,condition_time:红页L1HF:2:加砂前
E0761,砂比平均值: 无数据,stat,,,,,condition_stats:红页L1HF:2:加砂前:砂比:mean
E0762,砂比方差: 无数据,stat,,,,,condition_stats:红页L1HF:2:加砂前:砂比:var
E0763,排量平均值: 5.984,stat,,,,,condition_stats:红页L1HF:2:加砂前:排量:mean
E0764,排量方差: 45.2863,stat,,,,,condition_stats:红页L1HF:2:加砂前:排量:var
E0765,施工泵压平均值: 45.6901,stat,,,,,condition_stats:红页L1HF:2:加砂前:施工泵压:mean
E0766,施工泵压方差: 255.1716,stat,,,,,condition_stats:红页L1HF:2:加砂前:施工泵压:var
E0767,工况 缝高延伸,worktype,,,,,worktype:红页L1HF:2:加砂前:缝高延伸
E0768,工况时间 2024-01-05 09:18:00,time,,,,,worktype_time:红页L1HF:2:加砂前:缝高延伸
E0769,砂比平均值: 无数据,stat,,,,,worktype_stats:红页L1HF:2:加砂前:缝高延伸:砂比:mean
E0770,砂比方差: 无数据,stat,,,,,worktype_stats:红页L1HF:2:加砂前:缝高延伸:砂比:var
E0771,排量平均值: 20.3359,stat,,,,,worktype_stats:红页L1HF:2:加砂前:缝高延伸:排量:mean
E0772,排量方差: 7.1289,stat,,,,,worktype_stats:红页L1HF:2:加砂前:缝高延伸:排量:var
E0773,施工泵压平均值: 77.009,stat,,,,,worktype_stats:红页L1HF:2:加砂前:缝高延伸:施工泵压:mean
E0774,施工泵压方差: 35.144,stat,,,,,worktype_stats:红页L1HF:2:加砂前:缝高延伸:施工泵压:var
E0775,当前建议: 保持当前措施,suggestion,,,,,suggestion:红页L1HF:2:加砂前:缝高延伸
E0776,施工情况 加砂中,condition,,,,,condition:红页L1HF:2:加砂中
E0777,施工时间 2024-01-05 09:25:00,time,,,,,condition_time:红页L1HF:2:加砂中
E0778,砂比平均值: 9.4044,stat,,,,,condition_stats:红页L1HF:2:加砂中:砂比:mean
E0779,砂比方差: 5.8548,stat,,,,,condition_stats:红页L1HF:2:加砂中:砂比:var
E0780,排量平均值: 22.8635,stat,,,,,condition_stats:红页L1HF:2:加砂中:排量:mean
E0781,排量方差: 13.5689,stat,,,,,condition_stats:红页L1HF:2:加砂中:排量:var
E0782,施工泵压平均值: 69.4644,stat,,,,,condition_stats:红页L1HF:2:加砂中:施工泵压:mean
E0783,施工泵压方差: 68.5288,stat,,,,,condition_stats:红页L1HF:2:加砂中:施工泵压:var
E0784,工况 缝高延伸,worktype,,,,,worktype:红页L1HF:2:加砂中:缝高延伸
E0785,工况时间 2024-01-05 09:25:00,time,,,,,worktype_time:红页L1HF:2:加砂中:缝高延伸
E0786,砂比平均值: 3.2667,stat,,,,,worktype_stats:红页L1HF:2:加砂中:缝高延伸:砂比:mean
E0787,砂比方差: 3.5756,stat,,,,,worktype_stats:红页L1HF:2:加砂中:缝高延伸:砂比:var
E0788,排量平均值: 23.98,stat,,,,,worktype_stats:红页L1HF:2:加砂中:缝高延伸:排量:mean
E0789,排量方差: 0.0,stat,,,,,worktype_stats:红页L1HF:2:加砂中:缝高延伸:排量:var
E0790,施工泵压平均值: 63.9867,stat,,,,,worktype_stats:红页L1HF:2:加砂中:缝高延伸:施工泵压:mean
E0791,施工泵压方差: 0.0082,stat,,,,,worktype_stats:红页L1HF:2:加砂中:缝高延伸:施工泵压:var
E0792,当前建议: 保持当前措施,suggestion,,,,,suggestion:红页L1HF:2:加砂中:缝高延伸
E0793,工况 缝内暂堵,worktype,,,,,worktype:红页L1HF:2:加砂中:缝内暂堵
E0794,工况时间 2024-01-05 09:47:50,time,,,,,worktype_time:红页L1HF:2:加砂中:缝内暂堵
E0795,砂比平均值: 7.2286,stat,,,,,worktype_stats:红页L1HF:2:加砂中:缝内暂堵:砂比:mean
E0796,砂比方差: 4.722,stat,,,,,worktype_stats:红页L1HF:2:加砂中:缝内暂堵:砂比:var
E0797,排量平均值: 24.0076,stat,,,,,worktype_stats:红页L1HF:2:加砂中:缝内暂堵:排量:mean
E0798,排量方差: 0.0003,stat,,,,,worktype_stats:红页L1HF:2:加砂中:缝内暂堵:排量:var
E0799,施工泵压平均值: 69.9552,stat,,,,,worktype_stats:红页L1HF:2:加砂中:缝内暂堵:施工泵压:mean
E0800,施工泵压方差: 2.0408,stat,,,,,worktype_stats:红页L1HF:2:加砂中:缝内暂堵:施工泵压:var
E0801,当前建议: 无建议,suggestion,,,,,suggestion:红页L1HF:2:加砂中:缝内暂堵
E0802,工况 缝口暂堵,worktype,,,,,worktype:红页L1HF:2:加砂中:缝口暂堵
E0803,工况时间 2024-01-05 10:14:30,time,,,,,worktype_time:红页L1HF:2:加砂中:缝口暂堵
E0804,砂比平均值: 8.273,stat,,,,,worktype_stats:红页L1HF:2:加砂中:缝口暂堵:砂比:mean
E0805,砂比方差: 5.2155,stat,,,,,worktype_stats:红页L1HF:2:加砂中:缝口暂堵:砂比:var
E0806,排量平均值: 16.3134,stat,,,,,worktype_stats:红页L1HF:2:加砂中:缝口暂堵:排量:mean
E0807,排量方差: 29.6774,stat,,,,,worktype_stats:红页L1HF:2:加砂中:缝口暂堵:排量:var
E0808,施工泵压平均值: 55.4605,stat,,,,,worktype_stats:红页L1HF:2:加砂中:缝口暂堵:施工泵压:mean
E0809,施工泵压方差: 128.3079,stat,,,,,worktype_stats:红页L1HF:2:加砂中:缝口暂堵:施工泵压:var
E0810,当前建议: 无建议,suggestion,,,,,suggestion:红页L1HF:2:加砂中:缝口暂堵
E0811,工况 主缝延伸,worktype,,,,,worktype:红页L1HF:2:加砂中:主缝延伸
E0812,工况时间 2024-01-05 10:33:10,time,,,,,worktype_time:红页L1HF:2:加砂中:主缝延伸
E0813,砂比平均值: 10.2313,stat,,,,,worktype_stats:红页L1HF:2:加砂中:主缝延伸:砂比:mean
E0814,砂比方差: 7.0063,stat,,,,,worktype_stats:红页L1HF:2:加砂中:主缝延伸:砂比:var
E0815,排量平均值: 24.0576,stat,,,,,worktype_stats:红页L1HF:2:加砂中:主缝延伸:排量:mean
E0816,排量方差: 0.0,stat,,,,,worktype_stats:红页L1HF:2:加砂中:主缝延伸:排量:var
E0817,施工泵压平均值: 75.6,stat,,,,,worktype_stats:红页L1HF:2:加砂中:主缝延伸:施工泵压:mean
E0818,施工泵压方差: 0.5247,stat,,,,,worktype_stats:红页L1HF:2:加砂中:主缝延伸:施工泵压:var
E0819,当前建议: 保持当前措施,suggestion,,,,,suggestion:红页L1HF:2:加砂中:主缝延伸
E0820,施工情况 加砂后,condition,,,,,condition:红页L1HF:2:加砂后
E0821,施工时间 2024-01-05 10:41:20,time,,,,,condition_time:红页L1HF:2:加砂后
E0822,砂比平均值: 无数据,stat,,,,,condition_stats:红页L1HF:2:加砂后:砂比:mean
E0823,砂比方差: 无数据,stat,,,,,condition_stats:红页L1HF:2:加砂后:砂比:var
E0824,排量平均值: 2.5883,stat,,,,,condition_stats:红页L1HF:2:加砂后:排量:mean
E0825,排量方差: 52.7089,stat,,,,,condition_stats:红页L1HF:2:加砂后:排量:var
E0826,施工泵压平均值: 29.6703,stat,,,,,condition_stats:红页L1HF:2:加砂后:施工泵压:mean
E0827,施工泵压方差: 252.2081,stat,,,,,condition_stats:红页L1HF:2:加砂后:施工泵压:var
E0828,工况 主缝延伸,worktype,,,,,worktype:红页L1HF:2:加砂后:主缝延伸
E0829,工况时间 2024-01-05 10:41:20,time,,,,,worktype_time:红页L1HF:2:加砂后:主缝延伸
E0830,砂比平均值: 无数据,stat,,,,,worktype_stats:红页L1HF:2:加砂后:主缝延伸:砂比:mean
E0831,砂比方差: 无数据,stat,,,,,worktype_stats:红页L1HF:2:加砂后:主缝延伸:砂比:var
E0832,排量平均值: 24.06,stat,,,,,worktype_stats:红页L1HF:2:加砂后:主缝延伸:排量:mean
E0833,排量方差: 0.0,stat,,,,,worktype_stats:红页L1HF:2:加砂后:主缝延伸:排量:var
E0834,施工泵压平均值: 76.18,stat,,,,,worktype_stats:红页L1HF:2:加砂后:主缝延伸:施工泵压:mean
E0835,施工泵压方差: 0.0753,stat,,,,,worktype_stats:红页L1HF:2:加砂后:主缝延伸:施工泵压:var
E0836,当前建议: 保持当前措施,suggestion,,,,,suggestion:红页L1HF:2:加砂后:主缝延伸
E0837,段号 20,segment,,,,,segment:红页L1HF:20
E0838,段号时间 2024-01-14 14:05:00,time,,,,,segment_time:红页L1HF:20
E0839,砂比平均值: 9.7565,stat,,,,,segment_stats:红页L1HF:20:砂比:mean
E0840,砂比方差: 4.7686,stat,,,,,segment_stats:红页L1HF:20:砂比:var
E0841,排量平均值: 15.9474,stat,,,,,segment_stats:红页L1HF:20:排量:mean
E0842,排量方差: 107.516,stat,,,,,segment_stats:红页L1HF:20:排量:var
E0843,施工泵压平均值: 68.4912,stat,,,,,segment_stats:红页L1HF:20:施工泵压:mean
E0844,施工泵压方差: 358.0777,stat,,,,,segment_stats:红页L1HF:20:施工泵压:var
E0845,施工情况 加砂前,condition,,,,,condition:红页L1HF:20:加砂前
E0846,施工时间 2024-01-14 14:05:00,time,,,,,condition_time:红页L1HF:20:加砂前
E0847,砂比平均值: 无数据,stat,,,,,condition_stats:红页L1HF:20:加砂前:砂比:mean
E0848,砂比方差: 无数据,stat,,,,,condition_stats:红页L1HF:20:加砂前:砂比:var
E0849,排量平均值: 9.2892,stat,,,,,condition_stats:红页L1HF:20:加砂前:排量:mean
E0850,排量方差: 57.5522,stat,,,,,condition_stats:红页L1HF:20:加砂前:排量:var
E0851,施工泵压平均值: 60.3274,stat,,,,,condition_stats:红页L1HF:20:加砂前:施工泵压:mean
E0852,施工泵压方差: 202.7147,stat,,,,,condition_stats:红页L1HF:20:加砂前:施工泵压:var
E0853,施工情况 加砂中,condition,,,,,condition:红页L1HF:20:加砂中
E0854,施工时间 2024-01-14 14:40:50,time,,,,,condition_time:红页L1HF:20:加砂中
E0855,砂比平均值: 9.7565,stat,,,,,condition_stats:红页L1HF:20:加砂中:砂比:mean
E0856,砂比方差: 4.7686,stat,,,,,condition_stats:红页L1HF:20:加砂中:砂比:var
E0857,排量平均值: 23.7217,stat,,,,,condition_stats:红页L1HF:20:加砂中:排量:mean
E0858,排量方差: 0.5435,stat,,,,,condition_stats:红页L1HF:20:加砂中:排量:var
E0859,施工泵压平均值: 81.3507,stat,,,,,condition_stats:红页L1HF:20:加砂中:施工泵压:mean
E0860,施工泵压方差: 17.4362,stat,,,,,condition_stats:红页L1HF:20:加砂中:施工泵压:var
E0861,工况 缝内暂堵,worktype,,,,,worktype:红页L1HF:20:加砂中:缝内暂堵
E0862,工况时间 2024-01-14 15:04:50,time,,,,,worktype_time:红页L1HF:20:加砂中:缝内暂堵
E0863,砂比平均值: 7.0409,stat,,,,,worktype_stats:红页L1HF:20:加砂中:缝内暂堵:砂比:mean
E0864,砂比方差: 6.0861,stat,,,,,worktype_stats:红页L1HF:20:加砂中:缝内暂堵:砂比:var
E0865,排量平均值: 24.0242,stat,,,,,worktype_stats:红页L1HF:20:加砂中:缝内暂堵:排量:mean
E0866,排量方差: 0.0001,stat,,,,,worktype_stats:红页L1HF:20:加砂中:缝内暂堵:排量:var
E0867,施工泵压平均值: 80.415,stat,,,,,worktype_stats:红页L1HF:20:加砂中:缝内暂堵:施工泵压:mean
E0868,施工泵压方差: 9.2318,stat,,,,,worktype_stats:红页L1HF:20:加砂中:缝内暂堵:施工泵压:var
E0869,当前建议: 无建议,suggestion,,,,,suggestion:红页L1HF:20:加砂中:缝内暂堵
E0870,工况 缝口暂堵,worktype,,,,,worktype:红页L1HF:20:加砂中:缝口暂堵
E0871,工况时间 2024-01-14 15:34:30,time,,,,,worktype_time:红页L1HF:20:加砂中:缝口暂堵
E0872,砂比平均值: 7.7462,stat,,,,,worktype_stats:红页L1HF:20:加砂中:缝口暂堵:砂比:mean
E0873,砂比方差: 0.524,stat,,,,,worktype_stats:红页L1HF:20:加砂中:缝口暂堵:砂比:var
E0874,排量平均值: 22.9033,stat,,,,,worktype_stats:红页L1HF:20:加砂中:缝口暂堵:排量:mean
E0875,排量方差: 2.8869,stat,,,,,worktype_stats:红页L1HF:20:加砂中:缝口暂堵:排量:var
E0876,施工泵压平均值: 79.8003,stat,,,,,worktype_stats:红页L1HF:20:加砂中:缝口暂堵:施工泵压:mean
E0877,施工泵压方差: 13.9273,stat,,,,,worktype_stats:红页L1HF:20:加砂中:缝口暂堵:施工泵压:var
E0878,当前建议: 无建议,suggestion,,,,,suggestion:红页L1HF:20:加砂中:缝口暂堵
E0879,工况 主缝延伸,worktype,,,,,worktype:红页L1HF:20:加砂中:主缝延伸
E0880,工况时间 2024-01-14 16:12:00,time,,,,,worktype_time:红页L1HF:20:加砂中:主缝延伸
E0881,砂比平均值: 11.6796,stat,,,,,worktype_stats:红页L1HF:20:加砂中:主缝延伸:砂比:mean
E0882,砂比方差: 2.7761,stat,,,,,worktype_stats:红页L1HF:20:加砂中:主缝延伸:砂比:var
E0883,排量平均值: 24.0043,stat,,,,,worktype_stats:红页L1HF:20:加砂中:主缝延伸:排量:mean
E0884,排量方差: 0.0,stat,,,,,worktype_stats:红页L1HF:20:加砂中:主缝延伸:排量:var
E0885,施工泵压平均值: 86.1757,stat,,,,,worktype_stats:红页L1HF:20:加砂中:主缝延伸:施工泵压:mean
E0886,施工泵压方差: 0.0645,stat,,,,,worktype_stats:红页L1HF:20:加砂中:主缝延伸:施工泵压:var
E0887,当前建议: 保持当前措施,suggestion,,,,,suggestion:红页L1HF:20:加砂中:主缝延伸
E0888,施工情况 加砂后,condition,,,,,condition:红页L1HF:20:加砂后
E0889,施工时间 2024-01-14 16:21:10,time,,,,,condition_time:红页L1HF:20:加砂后
E0890,砂比平均值: 无数据,stat,,,,,condition_stats:红页L1HF:20:加砂后:砂比:mean
E0891,砂比方差: 无数据,stat,,,,,condition_stats:红页L1HF:20:加砂后:砂比:var
E0892,排量平均值: 1.9939,stat,,,,,condition_stats:红页L1HF:20:加砂后:排量:mean
E0893,排量方差: 41.3919,stat,,,,,condition_stats:红页L1HF:20:加砂后:排量:var
E0894,施工泵压平均值: 42.5881,stat,,,,,condition_stats:红页L1HF:20:加砂后:施工泵压:mean
E0895,施工泵压方差: 238.2744,stat,,,,,condition_stats:红页L1HF:20:加砂后:施工泵压:var
E0896,工况 主缝延伸,worktype,,,,,worktype:红页L1HF:20:加砂后:主缝延伸
E0897,工况时间 2024-01-14 16:21:10,time,,,,,worktype_time:红页L1HF:20:加砂后:主缝延伸
E0898,砂比平均值: 无数据,stat,,,,,worktype_stats:红页L1HF:20:加砂后:主缝延伸:砂比:mean
E0899,砂比方差: 无数据,stat,,,,,worktype_stats:红页L1HF:20:加砂后:主缝延伸:砂比:var
E0900,排量平均值: 24.0067,stat,,,,,worktype_stats:红页L1HF:20:加砂后:主缝延伸:排量:mean
E0901,排量方差: 0.0,stat,,,,,worktype_stats:红页L1HF:20:加砂后:主缝延伸:排量:var
E0902,施工泵压平均值: 86.0667,stat,,,,,worktype_stats:红页L1HF:20:加砂后:主缝延伸:施工泵压:mean
E0903,施工泵压方差: 0.003,stat,,,,,worktype_stats:红页L1HF:20:加砂后:主缝延伸:施工泵压:var
E0904,当前建议: 保持当前措施,suggestion,,,,,suggestion:红页L1HF:20:加砂后:主缝延伸
E0905,段号 21,segment,,,,,segment:红页L1HF:21
E0906,段号时间 2024-01-15 08:33:10,time,,,,,segment_time:红页L1HF:21
E0907,砂比平均值: 9.7207,stat,,,,,segment_stats:红页L1HF:21:砂比:mean
E0908,砂比方差: 6.2107,stat,,,,,segment_stats:红页L1HF:21:砂比:var
E0909,排量平均值: 16.144,stat,,,,,segment_stats:红页L1HF:21:排量:mean
E0910,排量方差: 108.5168,stat,,,,,segment_stats:红页L1HF:21:排量:var
E0911,施工泵压平均值: 72.1013,stat,,,,,segment_stats:红页L1HF:21:施工泵压:mean
E0912,施工泵压方差: 241.04,stat,,,,,segment_stats:红页L1HF:21:施工泵压:var
E0913,施工情况 加砂前,condition,,,,,condition:红页L1HF:21:加砂前
E0914,施工时间 2024-01-15 08:33:10,time,,,,,condition_time:红页L1HF:21:加砂前
E0915,砂比平均值: 无数据,stat,,,,,condition_stats:红页L1HF:21:加砂前:砂比:mean
E0916,砂比方差: 无数据,stat,,,,,condition_stats:红页L1HF:21:加砂前:砂比:var
E0917,排量平均值: 8.8196,stat,,,,,condition_stats:红页L1HF:21:加砂前:排量:mean
E0918,排量方差: 52.6552,stat,,,,,condition_stats:红页L1HF:21:加砂前:排量:var
E0919,施工泵压平均值: 62.61,stat,,,,,condition_stats:红页L1HF:21:加砂前:施工泵压:mean
E0920,施工泵压方差: 179.5773,stat,,,,,condition_stats:红页L1HF:21:加砂前:施工泵压:var
E0921,施工情况 加砂中,condition,,,,,condition:红页L1HF:21:加砂中
E0922,施工时间 2024-01-15 09:08:10,time,,,,,condition_time:红页L1HF:21:加砂中
E0923,砂比平均值: 9.7207,stat,,,,,condition_stats:红页L1HF:21:加砂中:砂比:mean
E0924,砂比方差: 6.2107,stat,,,,,condition_stats:红页L1HF:21:加砂中:砂比:var
E0925,排量平均值: 23.9565,stat,,,,,condition_stats:红页L1HF:21:加砂中:排量:mean
E0926,排量方差: 0.2096,stat,,,,,condition_stats:红页L1HF:21:加砂中:排量:var
E0927,施工泵压平均值: 82.9048,stat,,,,,condition_stats:红页L1HF:21:加砂中:施工泵压:mean
E0928,施工泵压方差: 6.5769,stat,,,,,condition_stats:红页L1HF:21:加砂中:施工泵压:var
E0929,工况 缝内暂堵,worktype,,,,,worktype:红页L1HF:21:加砂中:缝内暂堵
E0930,工况时间 2024-01-15 09:33:20,time,,,,,worktype_time:红页L1HF:21:加砂中:缝内暂堵
E0931,砂比平均值: 7.887,stat,,,,,worktype_stats:红页L1HF:21:加砂中:缝内暂堵:砂比:mean
E0932,砂比方差: 8.229,stat,,,,,worktype_stats:红页L1HF:21:加砂中:缝内暂堵:砂比:var
E0933,排量平均值: 24.0216,stat,,,,,worktype_stats:红页L1HF:21:加砂中:缝内暂堵:排量:mean
E0934,排量方差: 0.0001,stat,,,,,worktype_stats:红页L1HF:21:加砂中:缝内暂堵:排量:var
E0935,施工泵压平均值: 80.7252,stat,,,,,worktype_stats:红页L1HF:21:加砂中:缝内暂堵:施工泵压:mean
E0936,施工泵压方差: 13.6855,stat,,,,,worktype_stats:红页L1HF:21:加砂中:缝内暂堵:施工泵压:var
E0937,当前建议: 无建议,suggestion,,,,,suggestion:红页L1HF:21:加砂中:缝内暂堵
E0938,工况 缝口暂堵,worktype,,,,,worktype:红页L1HF:21:加砂中:缝口暂堵
E0939,工况时间 2024-01-15 10:03:40,time,,,,,worktype_time:红页L1HF:21:加砂中:缝口暂堵
E0940,砂比平均值: 7.66,stat,,,,,worktype_stats:红页L1HF:21:加砂中:缝口暂堵:砂比:mean
E0941,砂比方差: 1.6304,stat,,,,,worktype_stats:红页L1HF:21:加砂中:缝口暂堵:砂比:var
E0942,排量平均值: 22.8186,stat,,,,,worktype_stats:红页L1HF:21:加砂中:缝口暂堵:排量:mean
E0943,排量方差: 2.7259,stat,,,,,worktype_stats:红页L1HF:21:加砂中:缝口暂堵:排量:var
E0944,施工泵压平均值: 78.2476,stat,,,,,worktype_stats:红页L1HF:21:加砂中:缝口暂堵:施工泵压:mean
E0945,施工泵压方差: 19.5654,stat,,,,,worktype_stats:红页L1HF:21:加砂中:缝口暂堵:施工泵压:var
E0946,当前建议: 无建议,suggestion,,,,,suggestion:红页L1HF:21:加砂中:缝口暂堵
E0947,工况 主缝延伸,worktype,,,,,worktype:红页L1HF:21:加砂中:主缝延伸
E0948,工况时间 2024-01-15 10:32:40,time,,,,,worktype_time:红页L1HF:21:加砂中:主缝延伸
E0949,砂比平均值: 11.4011,stat,,,,,worktype_stats:红页L1HF:21:加砂中:主缝延伸:砂比:mean
E0950,砂比方差: 3.2847,stat,,,,,worktype_stats:红页L1HF:21:加砂中:主缝延伸:砂比:var
E0951,排量平均值: 24.0162,stat,,,,,worktype_stats:红页L1HF:21:加砂中:主缝延伸:排量:mean
E0952,排量方差: 0.0001,stat,,,,,worktype_stats:红页L1HF:21:加砂中:主缝延伸:排量:var
E0953,施工泵压平均值: 84.9296,stat,,,,,worktype_stats:红页L1HF:21:加砂中:主缝延伸:施工泵压:mean
E0954,施工泵压方差: 1.6368,stat,,,,,worktype_stats:红页L1HF:21:加砂中:主缝延伸:施工泵压:var
E0955,当前建议: 保持当前措施,suggestion,,,,,suggestion:红页L1HF:21:加砂中:主缝延伸
E0956,施工情况 加砂后,condition,,,,,condition:红页L1HF:21:加砂后
E0957,施工时间 2024-01-15 10:49:40,time,,,,,condition_time:红页L1HF:21:加砂后
E0958,砂比平均值: 无数据,stat,,,,,condition_stats:红页L1HF:21:加砂后:砂比:mean
E0959,砂比方差: 无数据,stat,,,,,condition_stats:红页L1HF:21:加砂后:砂比:var
E0960,排量平均值: 2.1074,stat,,,,,condition_stats:红页L1HF:21:加砂后:排量:mean
E0961,排量方差: 43.8631,stat,,,,,condition_stats:红页L1HF:21:加砂后:排量:var
E0962,施工泵压平均值: 52.041,stat,,,,,condition_stats:红页L1HF:21:加砂后:施工泵压:mean
E0963,施工泵压方差: 133.5349,stat,,,,,condition_stats:红页L1HF:21:加砂后:施工泵压:var
E0964,段号 22,segment,,,,,segment:红页L1HF:22
E0965,段号时间 2024-01-15 15:09:50,time,,,,,segment_time:红页L1HF:22
E0966,砂比平均值: 9.9031,stat,,,,,segment_stats:红页L1HF:22:砂比:mean
E0967,砂比方差: 6.4288,stat,,,,,segment_stats:红页L1HF:22:砂比:var
E0968,排量平均值: 15.6145,stat,,,,,segment_stats:红页L1HF:22:排量:mean
E0969,排量方差: 115.0115,stat,,,,,segment_stats:红页L1HF:22:排量:var
E0970,施工泵压平均值: 60.3158,stat,,,,,segment_stats:红页L1HF:22:施工泵压:mean
E0971,施工泵压方差: 373.6146,stat,,,,,segment_stats:红页L1HF:22:施工泵压:var
E0972,施工情况 加砂前,condition,,,,,condition:红页L1HF:22:加砂前
E0973,施工时间 2024-01-15 15:09:50,time,,,,,condition_time:红页L1HF:22:加砂前
E0974,砂比平均值: 无数据,stat,,,,,condition_stats:红页L1HF:22:加砂前:砂比:mean
E0975,砂比方差: 无数据,stat,,,,,condition_stats:红页L1HF:22:加砂前:砂比:var
E0976,排量平均值: 8.5508,stat,,,,,condition_stats:红页L1HF:22:加砂前:排量:mean
E0977,排量方差: 65.5026,stat,,,,,condition_stats:红页L1HF:22:加砂前:排量:var
E0978,施工泵压平均值: 50.79,stat,,,,,condition_stats:红页L1HF:22:加砂前:施工泵压:mean
E0979,施工泵压方差: 202.2721,stat,,,,,condition_stats:红页L1HF:22:加砂前:施工泵压:var
E0980,施工情况 加砂中,condition,,,,,condition:红页L1HF:22:加砂中
E0981,施工时间 2024-01-15 15:46:20,time,,,,,condition_time:红页L1HF:22:加砂中
E0982,砂比平均值: 9.9031,stat,,,,,condition_stats:红页L1HF:22:加砂中:砂比:mean
E0983,砂比方差: 6.4288,stat,,,,,condition_stats:红页L1HF:22:加砂中:砂比:var
E0984,排量平均值: 23.8716,stat,,,,,condition_stats:红页L1HF:22:加砂中:排量:mean
E0985,排量方差: 3.6732,stat,,,,,condition_stats:红页L1HF:22:加砂中:排量:var
E0986,施工泵压平均值: 74.3663,stat,,,,,condition_stats:红页L1HF:22:加砂中:施工泵压:mean
E0987,施工泵压方差: 19.6889,stat,,,,,condition_stats:红页L1HF:22:加砂中:施工泵压:var
E0988,工况 缝内暂堵,worktype,,,,,worktype:红页L1HF:22:加砂中:缝内暂堵
E0989,工况时间 2024-01-15 16:06:20,time,,,,,worktype_time:红页L1HF:22:加砂中:缝内暂堵
E0990,砂比平均值: 7.0487,stat,,,,,worktype_stats:红页L1HF:22:加砂中:缝内暂堵:砂比:mean
E0991,砂比方差: 1.9399,stat,,,,,worktype_stats:红页L1HF:22:加砂中:缝内暂堵:砂比:var
E0992,排量平均值: 24.0751,stat,,,,,worktype_stats:红页L1HF:22:加砂中:缝内暂堵:排量:mean
E0993,排量方差: 0.0,stat,,,,,worktype_stats:红页L1HF:22:加砂中:缝内暂堵:排量:var
E0994,施工泵压平均值: 73.7928,stat,,,,,worktype_stats:红页L1HF:22:加砂中:缝内暂堵:施工泵压:mean
E0995,施工泵压方差: 15.2498,stat,,,,,worktype_stats:红页L1HF:22:加砂中:缝内暂堵:施工泵压:var
E0996,当前建议: 无建议,suggestion,,,,,suggestion:红页L1HF:22:加砂中:缝内暂堵
E0997,工况 缝口暂堵,worktype,,,,,worktype:红页L1HF:22:加砂中:缝口暂堵
E0998,工况时间 2024-01-15 16:30:20,time,,,,,worktype_time:红页L1HF:22:加砂中:缝口暂堵
E0999,砂比平均值: 9.1037,stat,,,,,worktype_stats:红页L1HF:22:加砂中:缝口暂堵:砂比:mean
E1000,砂比方差: 11.2537,stat,,,,,worktype_stats:红页L1HF:22:加砂中:缝口暂堵:砂比:var
E1001,排量平均值: 23.399,stat,,,,,worktype_stats:红页L1HF:22:加砂中:缝口暂堵:排量:mean
E1002,排量方差: 1.9793,stat,,,,,worktype_stats:红页L1HF:22:加砂中:缝口暂堵:排量:var
E1003,施工泵压平均值: 72.748,stat,,,,,worktype_stats:红页L1HF:22:加砂中:缝口暂堵:施工泵压:mean
E1004,施工泵压方差: 12.2292,stat,,,,,worktype_stats:红页L1HF:22:加砂中:缝口暂堵:施工泵压:var
E1005,当前建议: 无建议,suggestion,,,,,suggestion:红页L1HF:22:加砂中:缝口暂堵
E1006,工况 主缝延伸,worktype,,,,,worktype:红页L1HF:22:加砂中:主缝延伸
E1007,工况时间 2024-01-15 16:59:10,time,,,,,worktype_time:红页L1HF:22:加砂中:主缝延伸
E1008,砂比平均值: 11.2096,stat,,,,,worktype_stats:红页L1HF:22:加砂中:主缝延伸:砂比:mean
E1009,砂比方差: 4.6606,stat,,,,,worktype_stats:红页L1HF:22:加砂中:主缝延伸:砂比:var
E1010,排量平均值: 24.0704,stat,,,,,worktype_stats:红页L1HF:22:加砂中:主缝延伸:排量:mean
E1011,排量方差: 0.0,stat,,,,,worktype_stats:红页L1HF:22:加砂中:主缝延伸:排量:var
E1012,施工泵压平均值: 77.2906,stat,,,,,worktype_stats:红页L1HF:22:加砂中:主缝延伸:施工泵压:mean
E1013,施工泵压方差: 1.3891,stat,,,,,worktype_stats:红页L1HF:22:加砂中:主缝延伸:施工泵压:var
E1014,当前建议: 保持当前措施,suggestion,,,,,suggestion:红页L1HF:22:加砂中:主缝延伸
E1015,施工情况 加砂后,condition,,,,,condition:红页L1HF:22:加砂后
E1016,施工时间 2024-01-15 17:13:50,time,,,,,condition_time:红页L1HF:22:加砂后
E1017,砂比平均值: 无数据,stat,,,,,condition_stats:红页L1HF:22:加砂后:砂比:mean
E1018,砂比方差: 无数据,stat,,,,,condition_stats:红页L1HF:22:加砂后:砂比:var
E1019,排量平均值: 2.3062,stat,,,,,condition_stats:红页L1HF:22:加砂后:排量:mean
E1020,排量方差: 48.1621,stat,,,,,condition_stats:红页L1HF:22:加砂后:排量:var
E1021,施工泵压平均值: 34.8912,stat,,,,,condition_stats:红页L1HF:22:加砂后:施工泵压:mean
E1022,施工泵压方差: 218.4014,stat,,,,,condition_stats:红页L1HF:22:加砂后:施工泵压:var
E1023,工况 主缝延伸,worktype,,,,,worktype:红页L1HF:22:加砂后:主缝延伸
E1024,工况时间 2024-01-15 17:13:50,time,,,,,worktype_time:红页L1HF:22:加砂后:主缝延伸
E1025,砂比平均值: 无数据,stat,,,,,worktype_stats:红页L1HF:22:加砂后:主缝延伸:砂比:mean
E1026,砂比方差: 无数据,stat,,,,,worktype_stats:红页L1HF:22:加砂后:主缝延伸:砂比:var
E1027,排量平均值: 24.07,stat,,,,,worktype_stats:红页L1HF:22:加砂后:主缝延伸:排量:mean
E1028,排量方差: 0.0,stat,,,,,worktype_stats:红页L1HF:22:加砂后:主缝延伸:排量:var
E1029,施工泵压平均值: 77.2525,stat,,,,,worktype_stats:红页L1HF:22:加砂后:主缝延伸:施工泵压:mean
E1030,施工泵压方差: 0.0091,stat,,,,,worktype_stats:红页L1HF:22:加砂后:主缝延伸:施工泵压:var
E1031,当前建议: 保持当前措施,suggestion,,,,,suggestion:红页L1HF:22:加砂后:主缝延伸
E1032,段号 23,segment,,,,,segment:红页L1HF:23
E1033,段号时间 2024-01-16 08:28:30,time,,,,,segment_time:红页L1HF:23
E1034,砂比平均值: 9.2289,stat,,,,,segment_stats:红页L1HF:23:砂比:mean
E1035,砂比方差: 6.1168,stat,,,,,segment_stats:红页L1HF:23:砂比:var
E1036,排量平均值: 16.708,stat,,,,,segment_stats:红页L1HF:23:排量:mean
E1037,排量方差: 106.8282,stat,,,,,segment_stats:红页L1HF:23:排量:var
E1038,施工泵压平均值: 65.451,stat,,,,,segment_stats:红页L1HF:23:施工泵压:mean
E1039,施工泵压方差: 393.2794,stat,,,,,segment_stats:红页L1HF:23:施工泵压:var
E1040,施工情况 加砂前,condition,,,,,condition:红页L1HF:23:加砂前
E1041,施工时间 2024-01-16 08:28:30,time,,,,,condition_time:红页L1HF:23:加砂前
E1042,砂比平均值: 无数据,stat,,,,,condition_stats:红页L1HF:23:加砂前:砂比:mean
E1043,砂比方差: 无数据,stat,,,,,condition_stats:红页L1HF:23:加砂前:砂比:var
E1044,排量平均值: 8.4861,stat,,,,,condition_stats:红页L1HF:23:加砂前:排量:mean
E1045,排量方差: 56.7168,stat,,,,,condition_stats:红页L1HF:23:加砂前:排量:var
E1046,施工泵压平均值: 54.9813,stat,,,,,condition_stats:红页L1HF:23:加砂前:施工泵压:mean
E1047,施工泵压方差: 357.8173,stat,,,,,condition_stats:红页L1HF:23:加砂前:施工泵压:var
E1048,施工情况 加砂中,condition,,,,,condition:红页L1HF:23:加砂中
E1049,施工时间 2024-01-16 08:59:10,time,,,,,condition_time:红页L1HF:23:加砂中
E1050,砂比平均值: 9.2289,stat,,,,,condition_stats:红页L1HF:23:加砂中:砂比:mean
E1051,砂比方差: 6.1168,stat,,,,,condition_stats:红页L1HF:23:加砂中:砂比:var
E1052,排量平均值: 23.8414,stat,,,,,condition_stats:红页L1HF:23:加砂中:排量:mean
E1053,排量方差: 2.2697,stat,,,,,condition_stats:红页L1HF:23:加砂中:排量:var
E1054,施工泵压平均值: 77.6916,stat,,,,,condition_stats:红页L1HF:23:加砂中:施工泵压:mean
E1055,施工泵压方差: 15.4697,stat,,,,,condition_stats:红页L1HF:23:加砂中:施工泵压:var
E1056,工况 缝内暂堵,worktype,,,,,worktype:红页L1HF:23:加砂中:缝内暂堵
E1057,工况时间 2024-01-16 09:24:50,time,,,,,worktype_time:红页L1HF:23:加砂中:缝内暂堵
E1058,砂比平均值: 6.6061,stat,,,,,worktype_stats:红页L1HF:23:加砂中:缝内暂堵:砂比:mean
E1059,砂比方差: 5.2745,stat,,,,,worktype_stats:红页L1HF:23:加砂中:缝内暂堵:砂比:var
E1060,排量平均值: 24.0245,stat,,,,,worktype_stats:红页L1HF:23:加砂中:缝内暂堵:排量:mean
E1061,排量方差: 0.0,stat,,,,,worktype_stats:红页L1HF:23:加砂中:缝内暂堵:排量:var
E1062,施工泵压平均值: 76.595,stat,,,,,worktype_stats:红页L1HF:23:加砂中:缝内暂堵:施工泵压:mean
E1063,施工泵压方差: 7.2502,stat,,,,,worktype_stats:红页L1HF:23:加砂中:缝内暂堵:施工泵压:var
E1064,当前建议: 无建议,suggestion,,,,,suggestion:红页L1HF:23:加砂中:缝内暂堵
E1065,工况 缝口暂堵,worktype,,,,,worktype:红页L1HF:23:加砂中:缝口暂堵
E1066,工况时间 2024-01-16 09:54:30,time,,,,,worktype_time:红页L1HF:23:加砂中:缝口暂堵
E1067,砂比平均值: 8.1826,stat,,,,,worktype_stats:红页L1HF:23:加砂中:缝口暂堵:砂比:mean
E1068,砂比方差: 7.4823,stat,,,,,worktype_stats:红页L1HF:23:加砂中:缝口暂堵:砂比:var
E1069,排量平均值: 22.6248,stat,,,,,worktype_stats:红页L1HF:23:加砂中:缝口暂堵:排量:mean
E1070,排量方差: 3.187,stat,,,,,worktype_stats:红页L1HF:23:加砂中:缝口暂堵:排量:var
E1071,施工泵压平均值: 74.3439,stat,,,,,worktype_stats:红页L1HF:23:加砂中:缝口暂堵:施工泵压:mean
E1072,施工泵压方差: 27.3205,stat,,,,,worktype_stats:红页L1HF:23:加砂中:缝口暂堵:施工泵压:var
E1073,当前建议: 无建议,suggestion,,,,,suggestion:红页L1HF:23:加砂中:缝口暂堵
E1074,工况 主缝延伸,worktype,,,,,worktype:红页L1HF:23:加砂中:主缝延伸
E1075,工况时间 2024-01-16 10:24:00,time,,,,,worktype_time:红页L1HF:23:加砂中:主缝延伸
E1076,砂比平均值: 9.5446,stat,,,,,worktype_stats:红页L1HF:23:加砂中:主缝延伸:砂比:mean
E1077,砂比方差: 5.3929,stat,,,,,worktype_stats:红页L1HF:23:加砂中:主缝延伸:砂比:var
E1078,排量平均值: 24.025,stat,,,,,worktype_stats:红页L1HF:23:加砂中:主缝延伸:排量:mean
E1079,排量方差: 0.0,stat,,,,,worktype_stats:红页L1HF:23:加砂中:主缝延伸:排量:var
E1080,施工泵压平均值: 80.5541,stat,,,,,worktype_stats:红页L1HF:23:加砂中:主缝延伸:施工泵压:mean
E1081,施工泵压方差: 5.4067,stat,,,,,worktype_stats:红页L1HF:23:加砂中:主缝延伸:施工泵压:var
E1082,当前建议: 保持当前措施,suggestion,,,,,suggestion:红页L1HF:23:加砂中:主缝延伸
E1083,施工情况 加砂后,condition,,,,,condition:红页L1HF:23:加砂后
E1084,施工时间 2024-01-16 10:44:30,time,,,,,condition_time:红页L1HF:23:加砂后
E1085,砂比平均值: 无数据,stat,,,,,condition_stats:红页L1HF:23:加砂后:砂比:mean
E1086,砂比方差: 无数据,stat,,,,,condition_stats:红页L1HF:23:加砂后:砂比:var
E1087,排量平均值: 2.2022,stat,,,,,condition_stats:红页L1HF:23:加砂后:排量:mean
E1088,排量方差: 46.514,stat,,,,,condition_stats:红页L1HF:23:加砂后:排量:var
E1089,施工泵压平均值: 37.201,stat,,,,,condition_stats:红页L1HF:23:加砂后:施工泵压:mean
E1090,施工泵压方差: 232.9139,stat,,,,,condition_stats:红页L1HF:23:加砂后:施工泵压:var
E1091,工况 主缝延伸,worktype,,,,,worktype:红页L1HF:23:加砂后:主缝延伸
E1092,工况时间 2024-01-16 10:44:30,time,,,,,worktype_time:红页L1HF:23:加砂后:主缝延伸
E1093,砂比平均值: 无数据,stat,,,,,worktype_stats:红页L1HF:23:加砂后:主缝延伸:砂比:mean
E1094,砂比方差: 无数据,stat,,,,,worktype_stats:红页L1HF:23:加砂后:主缝延伸:砂比:var
E1095,排量平均值: 24.03,stat,,,,,worktype_stats:红页L1HF:23:加砂后:主缝延伸:排量:mean
E1096,排量方差: 0.0,stat,,,,,worktype_stats:红页L1HF:23:加砂后:主缝延伸:排量:var
E1097,施工泵压平均值: 81.32,stat,,,,,worktype_stats:红页L1HF:23:加砂后:主缝延伸:施工泵压:mean
E1098,施工泵压方差: 0.0,stat,,,,,worktype_stats:红页L1HF:23:加砂后:主缝延伸:施工泵压:var
E1099,当前建议: 保持当前措施,suggestion,,,,,suggestion:红页L1HF:23:加砂后:主缝延伸
E1100,段号 24,segment,,,,,segment:红页L1HF:24
E1101,段号时间 2024-01-16 15:04:10,time,,,,,segment_time:红页L1HF:24
E1102,砂比平均值: 9.7958,stat,,,,,segment_stats:红页L1HF:24:砂比:mean
E1103,砂比方差: 4.823,stat,,,,,segment_stats:红页L1HF:24:砂比:var
E1104,排量平均值: 16.5301,stat,,,,,segment_stats:红页L1HF:24:排量:mean
E1105,排量方差: 107.3545,stat,,,,,segment_stats:红页L1HF:24:排量:var
E1106,施工泵压平均值: 67.3468,stat,,,,,segment_stats:红页L1HF:24:施工泵压:mean
E1107,施工泵压方差: 341.0599,stat,,,,,segment_stats:红页L1HF:24:施工泵压:var
E1108,施工情况 加砂前,condition,,,,,condition:红页L1HF:24:加砂前
E1109,施工时间 2024-01-16 15:04:10,time,,,,,condition_time:红页L1HF:24:加砂前
E1110,砂比平均值: 无数据,stat,,,,,condition_stats:红页L1HF:24:加砂前:砂比:mean
E1111,砂比方差: 无数据,stat,,,,,condition_stats:红页L1HF:24:加砂前:砂比:var
E1112,排量平均值: 9.1188,stat,,,,,condition_stats:红页L1HF:24:加砂前:排量:mean
E1113,排量方差: 63.7106,stat,,,,,condition_stats:红页L1HF:24:加砂前:排量:var
E1114,施工泵压平均值: 52.5736,stat,,,,,condition_stats:红页L1HF:24:加砂前:施工泵压:mean
E1115,施工泵压方差: 314.0002,stat,,,,,condition_stats:红页L1HF:24:加砂前:施工泵压:var
E1116,施工情况 加砂中,condition,,,,,condition:红页L1HF:24:加砂中
E1117,施工时间 2024-01-16 15:37:50,time,,,,,condition_time:红页L1HF:24:加砂中
E1118,砂比平均值: 9.7958,stat,,,,,condition_stats:红页L1HF:24:加砂中:砂比:mean
E1119,砂比方差: 4.823,stat,,,,,condition_stats:红页L1HF:24:加砂中:砂比:var
E1120,排量平均值: 23.7821,stat,,,,,condition_stats:红页L1HF:24:加砂中:排量:mean
E1121,排量方差: 3.209,stat,,,,,condition_stats:红页L1HF:24:加砂中:排量:var
E1122,施工泵压平均值: 79.5823,stat,,,,,condition_stats:红页L1HF:24:加砂中:施工泵压:mean
E1123,施工泵压方差: 25.238,stat,,,,,condition_stats:红页L1HF:24:加砂中:施工泵压:var
E1124,工况 缝内暂堵,worktype,,,,,worktype:红页L1HF:24:加砂中:缝内暂堵
E1125,工况时间 2024-01-16 16:02:00,time,,,,,worktype_time:红页L1HF:24:加砂中:缝内暂堵
E1126,砂比平均值: 8.1302,stat,,,,,worktype_stats:红页L1HF:24:加砂中:缝内暂堵:砂比:mean
E1127,砂比方差: 4.1677,stat,,,,,worktype_stats:红页L1HF:24:加砂中:缝内暂堵:砂比:var
E1128,排量平均值: 24.0062,stat,,,,,worktype_stats:红页L1HF:24:加砂中:缝内暂堵:排量:mean
E1129,排量方差: 0.0,stat,,,,,worktype_stats:红页L1HF:24:加砂中:缝内暂堵:排量:var
E1130,施工泵压平均值: 77.6542,stat,,,,,worktype_stats:红页L1HF:24:加砂中:缝内暂堵:施工泵压:mean
E1131,施工泵压方差: 11.7359,stat,,,,,worktype_stats:红页L1HF:24:加砂中:缝内暂堵:施工泵压:var
E1132,当前建议: 无建议,suggestion,,,,,suggestion:红页L1HF:24:加砂中:缝内暂堵
E1133,工况 缝口暂堵,worktype,,,,,worktype:红页L1HF:24:加砂中:缝口暂堵
E1134,工况时间 2024-01-16 16:29:20,time,,,,,worktype_time:红页L1HF:24:加砂中:缝口暂堵
E1135,砂比平均值: 8.7185,stat,,,,,worktype_stats:红页L1HF:24:加砂中:缝口暂堵:砂比:mean
E1136,砂比方差: 8.3215,stat,,,,,worktype_stats:红页L1HF:24:加砂中:缝口暂堵:砂比:var
E1137,排量平均值: 22.4761,stat,,,,,worktype_stats:红页L1HF:24:加砂中:缝口暂堵:排量:mean
E1138,排量方差: 3.2681,stat,,,,,worktype_stats:红页L1HF:24:加砂中:缝口暂堵:排量:var
E1139,施工泵压平均值: 76.1618,stat,,,,,worktype_stats:红页L1HF:24:加砂中:缝口暂堵:施工泵压:mean
E1140,施工泵压方差: 30.8623,stat,,,,,worktype_stats:红页L1HF:24:加砂中:缝口暂堵:施工泵压:var
E1141,当前建议: 无建议,suggestion,,,,,suggestion:红页L1HF:24:加砂中:缝口暂堵
E1142,工况 主缝延伸,worktype,,,,,worktype:红页L1HF:24:加砂中:主缝延伸
E1143,工况时间 2024-01-16 17:10:50,time,,,,,worktype_time:红页L1HF:24:加砂中:主缝延伸
E1144,砂比平均值: 10.6446,stat,,,,,worktype_stats:红页L1HF:24:加砂中:主缝延伸:砂比:mean
E1145,砂比方差: 1.8479,stat,,,,,worktype_stats:红页L1HF:24:加砂中:主缝延伸:砂比:var
E1146,排量平均值: 24.0019,stat,,,,,worktype_stats:红页L1HF:24:加砂中:主缝延伸:排量:mean
E1147,排量方差: 0.0,stat,,,,,worktype_stats:红页L1HF:24:加砂中:主缝延伸:排量:var
E1148,施工泵压平均值: 83.9554,stat,,,,,worktype_stats:红页L1HF:24:加砂中:主缝延伸:施工泵压:mean
E1149,施工泵压方差: 0.2484,stat,,,,,worktype_stats:红页L1HF:24:加砂中:主缝延伸:施工泵压:var
E1150,当前建议: 保持当前措施,suggestion,,,,,suggestion:红页L1HF:24:加砂中:主缝延伸
E1151,施工情况 加砂后,condition,,,,,condition:红页L1HF:24:加砂后
E1152,施工时间 2024-01-16 17:23:40,time,,,,,condition_time:红页L1HF:24:加砂后
E1153,砂比平均值: 无数据,stat,,,,,condition_stats:红页L1HF:24:加砂后:砂比:mean
E1154,砂比方差: 无数据,stat,,,,,condition_stats:红页L1HF:24:加砂后:砂比:var
E1155,排量平均值: 2.1492,stat,,,,,condition_stats:红页L1HF:24:加砂后:排量:mean
E1156,排量方差: 44.3872,stat,,,,,condition_stats:红页L1HF:24:加砂后:排量:var
E1157,施工泵压平均值: 45.3644,stat,,,,,condition_stats:红页L1HF:24:加砂后:施工泵压:mean
E1158,施工泵压方差: 165.7028,stat,,,,,condition_stats:红页L1HF:24:加砂后:施工泵压:var
E1159,段号 25,segment,,,,,segment:红页L1HF:25
E1160,段号时间 2024-01-17 08:10:10,time,,,,,segment_time:红页L1HF:25
E1161,砂比平均值: 9.8244,stat,,,,,segment_stats:红页L1HF:25:砂比:mean
E1162,砂比方差: 6.2097,stat,,,,,segment_stats:红页L1HF:25:砂比:var
E1163,排量平均值: 16.6399,stat,,,,,segment_stats:红页L1HF:25:排量:mean
E1164,排量方差: 106.6141,stat,,,,,segment_stats:红页L1HF:25:排量:var
E1165,施工泵压平均值: 66.182,stat,,,,,segment_stats:红页L1HF:25:施工泵压:mean
E1166,施工泵压方差: 316.01,stat,,,,,segment_stats:红页L1HF:25:施工泵压:var
E1167,施工情况 加砂前,condition,,,,,condition:红页L1HF:25:加砂前
E1168,施工时间 2024-01-17 08:10:10,time,,,,,condition_time:红页L1HF:25:加砂前
E1169,砂比平均值: 无数据,stat,,,,,condition_stats:红页L1HF:25:加砂前:砂比:mean
E1170,砂比方差: 无数据,stat,,,,,condition_stats:红页L1HF:25:加砂前:砂比:var
E1171,排量平均值: 9.3531,stat,,,,,condition_stats:红页L1HF:25:加砂前:排量:mean
E1172,排量方差: 65.9788,stat,,,,,condition_stats:红页L1HF:25:加砂前:排量:var
E1173,施工泵压平均值: 59.9675,stat,,,,,condition_stats:红页L1HF:25:加砂前:施工泵压:mean
E1174,施工泵压方差: 251.3649,stat,,,,,condition_stats:红页L1HF:25:加砂前:施工泵压:var
E1175,施工情况 加砂中,condition,,,,,condition:红页L1HF:25:加砂中
E1176,施工时间 2024-01-17 08:43:00,time,,,,,condition_time:红页L1HF:25:加砂中
E1177,砂比平均值: 9.8244,stat,,,,,condition_stats:红页L1HF:25:加砂中:砂比:mean
E1178,砂比方差: 6.2097,stat,,,,,condition_stats:红页L1HF:25:加砂中:砂比:var
E1179,排量平均值: 23.7748,stat,,,,,condition_stats:红页L1HF:25:加砂中:排量:mean
E1180,排量方差: 1.6951,stat,,,,,condition_stats:红页L1HF:25:加砂中:排量:var
E1181,施工泵压平均值: 77.2084,stat,,,,,condition_stats:红页L1HF:25:加砂中:施工泵压:mean
E1182,施工泵压方差: 11.0623,stat,,,,,condition_stats:红页L1HF:25:加砂中:施工泵压:var
E1183,工况 缝内暂堵,worktype,,,,,worktype:红页L1HF:25:加砂中:缝内暂堵
E1184,工况时间 2024-01-17 09:03:50,time,,,,,worktype_time:红页L1HF:25:加砂中:缝内暂堵
E1185,砂比平均值: 7.2962,stat,,,,,worktype_stats:红页L1HF:25:加砂中:缝内暂堵:砂比:mean
E1186,砂比方差: 6.4558,stat,,,,,worktype_stats:红页L1HF:25:加砂中:缝内暂堵:砂比:var
E1187,排量平均值: 24.0245,stat,,,,,worktype_stats:红页L1HF:25:加砂中:缝内暂堵:排量:mean
E1188,排量方差: 0.0003,stat,,,,,worktype_stats:红页L1HF:25:加砂中:缝内暂堵:排量:var
E1189,施工泵压平均值: 76.6283,stat,,,,,worktype_stats:红页L1HF:25:加砂中:缝内暂堵:施工泵压:mean
E1190,施工泵压方差: 5.3722,stat,,,,,worktype_stats:红页L1HF:25:加砂中:缝内暂堵:施工泵压:var
E1191,当前建议: 无建议,suggestion,,,,,suggestion:红页L1HF:25:加砂中:缝内暂堵
E1192,工况 缝口暂堵,worktype,,,,,worktype:红页L1HF:25:加砂中:缝口暂堵
E1193,工况时间 2024-01-17 09:19:30,time,,,,,worktype_time:红页L1HF:25:加砂中:缝口暂堵
E1194,砂比平均值: 8.7567,stat,,,,,worktype_stats:红页L1HF:25:加砂中:缝口暂堵:砂比:mean
E1195,砂比方差: 7.9921,stat,,,,,worktype_stats:红页L1HF:25:加砂中:缝口暂堵:砂比:var
E1196,排量平均值: 22.466,stat,,,,,worktype_stats:红页L1HF:25:加砂中:缝口暂堵:排量:mean
E1197,排量方差: 3.5126,stat,,,,,worktype_stats:红页L1HF:25:加砂中:缝口暂堵:排量:var
E1198,施工泵压平均值: 74.5623,stat,,,,,worktype_stats:红页L1HF:25:加砂中:缝口暂堵:施工泵压:mean
E1199,施工泵压方差: 23.6262,stat,,,,,worktype_stats:红页L1HF:25:加砂中:缝口暂堵:施工泵压:var
E1200,当前建议: 无建议,suggestion,,,,,suggestion:红页L1HF:25:加砂中:缝口暂堵
E1201,工况 主缝延伸,worktype,,,,,worktype:红页L1HF:25:加砂中:主缝延伸
E1202,工况时间 2024-01-17 10:22:00,time,,,,,worktype_time:红页L1HF:25:加砂中:主缝延伸
E1203,砂比平均值: 11.1425,stat,,,,,worktype_stats:红页L1HF:25:加砂中:主缝延伸:砂比:mean
E1204,砂比方差: 2.8532,stat,,,,,worktype_stats:红页L1HF:25:加砂中:主缝延伸:砂比:var
E1205,排量平均值: 24.04,stat,,,,,worktype_stats:红页L1HF:25:加砂中:主缝延伸:排量:mean
E1206,排量方差: 0.0,stat,,,,,worktype_stats:红页L1HF:25:加砂中:主缝延伸:排量:var
E1207,施工泵压平均值: 77.7042,stat,,,,,worktype_stats:红页L1HF:25:加砂中:主缝延伸:施工泵压:mean
E1208,施工泵压方差: 1.6955,stat,,,,,worktype_stats:红页L1HF:25:加砂中:主缝延伸:施工泵压:var
E1209,当前建议: 保持当前措施,suggestion,,,,,suggestion:红页L1HF:25:加砂中:主缝延伸
E1210,施工情况 加砂后,condition,,,,,condition:红页L1HF:25:加砂后
E1211,施工时间 2024-01-17 10:38:20,time,,,,,condition_time:红页L1HF:25:加砂后
E1212,砂比平均值: 无数据,stat,,,,,condition_stats:红页L1HF:25:加砂后:砂比:mean
E1213,砂比方差: 无数据,stat,,,,,condition_stats:红页L1HF:25:加砂后:砂比:var
E1214,排量平均值: 2.7618,stat,,,,,condition_stats:红页L1HF:25:加砂后:排量:mean
E1215,排量方差: 56.9596,stat,,,,,condition_stats:红页L1HF:25:加砂后:排量:var
E1216,施工泵压平均值: 40.2564,stat,,,,,condition_stats:红页L1HF:25:加砂后:施工泵压:mean
E1217,施工泵压方差: 189.8073,stat,,,,,condition_stats:红页L1HF:25:加砂后:施工泵压:var
E1218,段号 26,segment,,,,,segment:红页L1HF:26
E1219,段号时间 2024-01-17 17:02:40,time,,,,,segment_time:红页L1HF:26
E1220,砂比平均值: 8.9279,stat,,,,,segment_stats:红页L1HF:26:砂比:mean
E1221,砂比方差: 8.5972,stat,,,,,segment_stats:红页L1HF:26:砂比:var
E1222,排量平均值: 16.0765,stat,,,,,segment_stats:红页L1HF:26:排量:mean
E1223,排量方差: 89.7491,stat,,,,,segment_stats:红页L1HF:26:排量:var
E1224,施工泵压平均值: 68.9877,stat,,,,,segment_stats:红页L1HF:26:施工泵压:mean
E1225,施工泵压方差: 316.3093,stat,,,,,segment_stats:红页L1HF:26:施工泵压:var
E1226,施工情况 加砂前,condition,,,,,condition:红页L1HF:26:加砂前
E1227,施工时间 2024-01-17 17:02:40,time,,,,,condition_time:红页L1HF:26:加砂前
E1228,砂比平均值: 无数据,stat,,,,,condition_stats:红页L1HF:26:加砂前:砂比:mean
E1229,砂比方差: 无数据,stat,,,,,condition_stats:红页L1HF:26:加砂前:砂比:var
E1230,排量平均值: 10.3252,stat,,,,,condition_stats:红页L1HF:26:加砂前:排量:mean
E1231,排量方差: 82.1391,stat,,,,,condition_stats:红页L1HF:26:加砂前:排量:var
E1232,施工泵压平均值: 59.3257,stat,,,,,condition_stats:红页L1HF:26:加砂前:施工泵压:mean
E1233,施工泵压方差: 135.2503,stat,,,,,condition_stats:红页L1HF:26:加砂前:施工泵压:var
E1234,施工情况 加砂中,condition,,,,,condition:红页L1HF:26:加砂中
E1235,施工时间 2024-01-17 17:32:30,time,,,,,condition_time:红页L1HF:26:加砂中
E1236,砂比平均值: 8.9279,stat,,,,,condition_stats:红页L1HF:26:加砂中:砂比:mean
E1237,砂比方差: 8.5972,stat,,,,,condition_stats:红页L1HF:26:加砂中:砂比:var
E1238,排量平均值: 21.4708,stat,,,,,condition_stats:红页L1HF:26:加砂中:排量:mean
E1239,排量方差: 14.8794,stat,,,,,condition_stats:红页L1HF:26:加砂中:排量:var
E1240,施工泵压平均值: 79.3201,stat,,,,,condition_stats:红页L1HF:26:加砂中:施工泵压:mean
E1241,施工泵压方差: 43.3081,stat,,,,,condition_stats:红页L1HF:26:加砂中:施工泵压:var
E1242,工况 缝内暂堵,worktype,,,,,worktype:红页L1HF:26:加砂中:缝内暂堵
E1243,工况时间 2024-01-17 17:58:00,time,,,,,worktype_time:红页L1HF:26:加砂中:缝内暂堵
E1244,砂比平均值: 7.5069,stat,,,,,worktype_stats:红页L1HF:26:加砂中:缝内暂堵:砂比:mean
E1245,砂比方差: 7.1062,stat,,,,,worktype_stats:红页L1HF:26:加砂中:缝内暂堵:砂比:var
E1246,排量平均值: 24.0348,stat,,,,,worktype_stats:红页L1HF:26:加砂中:缝内暂堵:排量:mean
E1247,排量方差: 0.0,stat,,,,,worktype_stats:红页L1HF:26:加砂中:缝内暂堵:排量:var
E1248,施工泵压平均值: 75.9708,stat,,,,,worktype_stats:红页L1HF:26:加砂中:缝内暂堵:施工泵压:mean
E1249,施工泵压方差: 15.567,stat,,,,,worktype_stats:红页L1HF:26:加砂中:缝内暂堵:施工泵压:var
E1250,当前建议: 无建议,suggestion,,,,,suggestion:红页L1HF:26:加砂中:缝内暂堵
E1251,工况 缝口暂堵,worktype,,,,,worktype:红页L1HF:26:加砂中:缝口暂堵
E1252,工况时间 2024-01-17 18:11:40,time,,,,,worktype_time:红页L1HF:26:加砂中:缝口暂堵
E1253,砂比平均值: 9.5173,stat,,,,,worktype_stats:红页L1HF:26:加砂中:缝口暂堵:砂比:mean
E1254,砂比方差: 10.0245,stat,,,,,worktype_stats:红页L1HF:26:加砂中:缝口暂堵:砂比:var
E1255,排量平均值: 19.2474,stat,,,,,worktype_stats:红页L1HF:26:加砂中:缝口暂堵:排量:mean
E1256,排量方差: 32.1829,stat,,,,,worktype_stats:红页L1HF:26:加砂中:缝口暂堵:排量:var
E1257,施工泵压平均值: 76.2566,stat,,,,,worktype_stats:红页L1HF:26:加砂中:缝口暂堵:施工泵压:mean
E1258,施工泵压方差: 64.1377,stat,,,,,worktype_stats:红页L1HF:26:加砂中:缝口暂堵:施工泵压:var
E1259,当前建议: 无建议,suggestion,,,,,suggestion:红页L1HF:26:加砂中:缝口暂堵
E1260,工况 主缝延伸,worktype,,,,,worktype:红页L1HF:26:加砂中:主缝延伸
E1261,工况时间 2024-01-17 19:11:40,time,,,,,worktype_time:红页L1HF:26:加砂中:主缝延伸
E1262,砂比平均值: 7.0567,stat,,,,,worktype_stats:红页L1HF:26:加砂中:主缝延伸:砂比:mean
E1263,砂比方差: 4.3825,stat,,,,,worktype_stats:红页L1HF:26:加砂中:主缝延伸:砂比:var
E1264,排量平均值: 17.9625,stat,,,,,worktype_stats:红页L1HF:26:加砂中:主缝延伸:排量:mean
E1265,排量方差: 0.4403,stat,,,,,worktype_stats:红页L1HF:26:加砂中:主缝延伸:排量:var
E1266,施工泵压平均值: 81.8425,stat,,,,,worktype_stats:红页L1HF:26:加砂中:主缝延伸:施工泵压:mean
E1267,施工泵压方差: 36.479,stat,,,,,worktype_stats:红页L1HF:26:加砂中:主缝延伸:施工泵压:var
E1268,当前建议: 无建议,suggestion,,,,,suggestion:红页L1HF:26:加砂中:主缝延伸
E1269,施工情况 加砂后,condition,,,,,condition:红页L1HF:26:加砂后
E1270,施工时间 2024-01-17 19:32:40,time,,,,,condition_time:红页L1HF:26:加砂后
E1271,砂比平均值: 无数据,stat,,,,,condition_stats:红页L1HF:26:加砂后:砂比:mean
E1272,砂比方差: 无数据,stat,,,,,condition_stats:红页L1HF:26:加砂后:砂比:var
E1273,排量平均值: 1.9628,stat,,,,,condition_stats:红页L1HF:26:加砂后:排量:mean
E1274,排量方差: 32.4997,stat,,,,,condition_stats:红页L1HF:26:加砂后:排量:var
E1275,施工泵压平均值: 40.6661,stat,,,,,condition_stats:红页L1HF:26:加砂后:施工泵压:mean
E1276,施工泵压方差: 201.1448,stat,,,,,condition_stats:红页L1HF:26:加砂后:施工泵压:var
E1277,段号 27,segment,,,,,segment:红页L1HF:27
E1278,段号时间 2024-01-18 08:38:30,time,,,,,segment_time:红页L1HF:27
E1279,砂比平均值: 9.7263,stat,,,,,segment_stats:红页L1HF:27:砂比:mean
E1280,砂比方差: 5.8,stat,,,,,segment_stats:红页L1HF:27:砂比:var
E1281,排量平均值: 15.8846,stat,,,,,segment_stats:红页L1HF:27:排量:mean
E1282,排量方差: 114.6804,stat,,,,,segment_stats:红页L1HF:27:排量:var
E1283,施工泵压平均值: 61.1737,stat,,,,,segment_stats:红页L1HF:27:施工泵压:mean
E1284,施工泵压方差: 334.2218,stat,,,,,segment_stats:红页L1HF:27:施工泵压:var
E1285,施工情况 加砂前,condition,,,,,condition:红页L1HF:27:加砂前
E1286,施工时间 2024-01-18 08:38:30,time,,,,,condition_time:红页L1HF:27:加砂前
E1287,砂比平均值: 无数据,stat,,,,,condition_stats:红页L1HF:27:加砂前:砂比:mean
E1288,砂比方差: 无数据,stat,,,,,condition_stats:红页L1HF:27:加砂前:砂比:var
E1289,排量平均值: 9.1282,stat,,,,,condition_stats:红页L1HF:27:加砂前:排量:mean
E1290,排量方差: 75.9931,stat,,,,,condition_stats:红页L1HF:27:加砂前:排量:var
E1291,施工泵压平均值: 55.2578,stat,,,,,condition_stats:红页L1HF:27:加砂前:施工泵压:mean
E1292,施工泵压方差: 235.8963,stat,,,,,condition_stats:红页L1HF:27:加砂前:施工泵压:var
E1293,施工情况 加砂中,condition,,,,,condition:红页L1HF:27:加砂中
E1294,施工时间 2024-01-18 09:12:30,time,,,,,condition_time:红页L1HF:27:加砂中
E1295,砂比平均值: 9.7263,stat,,,,,condition_stats:红页L1HF:27:加砂中:砂比:mean
E1296,砂比方差: 5.8,stat,,,,,condition_stats:红页L1HF:27:加砂中:砂比:var
E1297,排量平均值: 23.8468,stat,,,,,condition_stats:红页L1HF:27:加砂中:排量:mean
E1298,排量方差: 2.6249,stat,,,,,condition_stats:红页L1HF:27:加砂中:排量:var
E1299,施工泵压平均值: 73.4719,stat,,,,,condition_stats:红页L1HF:27:加砂中:施工泵压:mean
E1300,施工泵压方差: 15.7559,stat,,,,,condition_stats:红页L1HF:27:加砂中:施工泵压:var
E1301,工况 缝内暂堵,worktype,,,,,worktype:红页L1HF:27:加砂中:缝内暂堵
E1302,工况时间 2024-01-18 09:31:50,time,,,,,worktype_time:红页L1HF:27:加砂中:缝内暂堵
E1303,砂比平均值: 6.6674,stat,,,,,worktype_stats:红页L1HF:27:加砂中:缝内暂堵:砂比:mean
E1304,砂比方差: 2.9187,stat,,,,,worktype_stats:红页L1HF:27:加砂中:缝内暂堵:砂比:var
E1305,排量平均值: 24.0378,stat,,,,,worktype_stats:红页L1HF:27:加砂中:缝内暂堵:排量:mean
E1306,排量方差: 0.0,stat,,,,,worktype_stats:红页L1HF:27:加砂中:缝内暂堵:排量:var
E1307,施工泵压平均值: 71.6438,stat,,,,,worktype_stats:红页L1HF:27:加砂中:缝内暂堵:施工泵压:mean
E1308,施工泵压方差: 7.7707,stat,,,,,worktype_stats:红页L1HF:27:加砂中:缝内暂堵:施工泵压:var
E1309,当前建议: 无建议,suggestion,,,,,suggestion:红页L1HF:27:加砂中:缝内暂堵
E1310,工况 缝口暂堵,worktype,,,,,worktype:红页L1HF:27:加砂中:缝口暂堵
E1311,工况时间 2024-01-18 09:53:30,time,,,,,worktype_time:红页L1HF:27:加砂中:缝口暂堵
E1312,砂比平均值: 9.4114,stat,,,,,worktype_stats:红页L1HF:27:加砂中:缝口暂堵:砂比:mean
E1313,砂比方差: 8.8359,stat,,,,,worktype_stats:红页L1HF:27:加砂中:缝口暂堵:砂比:var
E1314,排量平均值: 22.9464,stat,,,,,worktype_stats:红页L1HF:27:加砂中:缝口暂堵:排量:mean
E1315,排量方差: 2.7864,stat,,,,,worktype_stats:红页L1HF:27:加砂中:缝口暂堵:排量:var
E1316,施工泵压平均值: 73.1948,stat,,,,,worktype_stats:红页L1HF:27:加砂中:缝口暂堵:施工泵压:mean
E1317,施工泵压方差: 30.0465,stat,,,,,worktype_stats:红页L1HF:27:加砂中:缝口暂堵:施工泵压:var
E1318,当前建议: 无建议,suggestion,,,,,suggestion:红页L1HF:27:加砂中:缝口暂堵
E1319,工况 主缝延伸,worktype,,,,,worktype:红页L1HF:27:加砂中:主缝延伸
E1320,工况时间 2024-01-18 10:24:00,time,,,,,worktype_time:红页L1HF:27:加砂中:主缝延伸
E1321,砂比平均值: 10.6437,stat,,,,,worktype_stats:红页L1HF:27:加砂中:主缝延伸:砂比:mean
E1322,砂比方差: 4.1531,stat,,,,,worktype_stats:红页L1HF:27:加砂中:主缝延伸:砂比:var
E1323,排量平均值: 24.04,stat,,,,,worktype_stats:红页L1HF:27:加砂中:主缝延伸:排量:mean
E1324,排量方差: 0.0,stat,,,,,worktype_stats:红页L1HF:27:加砂中:主缝延伸:排量:var
E1325,施工泵压平均值: 76.1909,stat,,,,,worktype_stats:红页L1HF:27:加砂中:主缝延伸:施工泵压:mean
E1326,施工泵压方差: 0.3709,stat,,,,,worktype_stats:红页L1HF:27:加砂中:主缝延伸:施工泵压:var
E1327,当前建议: 保持当前措施,suggestion,,,,,suggestion:红页L1HF:27:加砂中:主缝延伸
E1328,施工情况 加砂后,condition,,,,,condition:红页L1HF:27:加砂后
E1329,施工时间 2024-01-18 10:42:40,time,,,,,condition_time:红页L1HF:27:加砂后
E1330,砂比平均值: 无数据,stat,,,,,condition_stats:红页L1HF:27:加砂后:砂比:mean
E1331,砂比方差: 无数据,stat,,,,,condition_stats:红页L1HF:27:加砂后:砂比:var
E1332,排量平均值: 2.6025,stat,,,,,condition_stats:红页L1HF:27:加砂后:排量:mean
E1333,排量方差: 54.1092,stat,,,,,condition_stats:红页L1HF:27:加砂后:排量:var
E1334,施工泵压平均值: 36.093,stat,,,,,condition_stats:红页L1HF:27:加砂后:施工泵压:mean
E1335,施工泵压方差: 191.4231,stat,,,,,condition_stats:红页L1HF:27:加砂后:施工泵压:var
E1336,工况 主缝延伸,worktype,,,,,worktype:红页L1HF:27:加砂后:主缝延伸
E1337,工况时间 2024-01-18 10:42:40,time,,,,,worktype_time:红页L1HF:27:加砂后:主缝延伸
E1338,砂比平均值: 无数据,stat,,,,,worktype_stats:红页L1HF:27:加砂后:主缝延伸:砂比:mean
E1339,砂比方差: 无数据,stat,,,,,worktype_stats:红页L1HF:27:加砂后:主缝延伸:砂比:var
E1340,排量平均值: 24.04,stat,,,,,worktype_stats:红页L1HF:27:加砂后:主缝延伸:排量:mean
E1341,排量方差: 0.0,stat,,,,,worktype_stats:红页L1HF:27:加砂后:主缝延伸:排量:var
E1342,施工泵压平均值: 75.9,stat,,,,,worktype_stats:红页L1HF:27:加砂后:主缝延伸:施工泵压:mean
E1343,施工泵压方差: 0.0,stat,,,,,worktype_stats:红页L1HF:27:加砂后:主缝延伸:施工泵压:var
E1344,当前建议: 保持当前措施,suggestion,,,,,suggestion:红页L1HF:27:加砂后:主缝延伸
E1345,段号 28,segment,,,,,segment:红页L1HF:28
E1346,段号时间 2024-01-18 14:53:10,time,,,,,segment_time:红页L1HF:28
E1347,砂比平均值: 9.5393,stat,,,,,segment_stats:红页L1HF:28:砂比:mean
E1348,砂比方差: 6.8364,stat,,,,,segment_stats:红页L1HF:28:砂比:var
E1349,排量平均值: 16.8862,stat,,,,,segment_stats:红页L1HF:28:排量:mean
E1350,排量方差: 106.3758,stat,,,,,segment_stats:红页L1HF:28:排量:var
E1351,施工泵压平均值: 59.3915,stat,,,,,segment_stats:红页L1HF:28:施工泵压:mean
E1352,施工泵压方差: 264.3756,stat,,,,,segment_stats:红页L1HF:28:施工泵压:var
E1353,施工情况 加砂前,condition,,,,,condition:红页L1HF:28:加砂前
E1354,施工时间 2024-01-18 14:53:10,time,,,,,condition_time:红页L1HF:28:加砂前
E1355,砂比平均值: 无数据,stat,,,,,condition_stats:红页L1HF:28:加砂前:砂比:mean
E1356,砂比方差: 无数据,stat,,,,,condition_stats:红页L1HF:28:加砂前:砂比:var
E1357,排量平均值: 9.4609,stat,,,,,condition_stats:红页L1HF:28:加砂前:排量:mean
E1358,排量方差: 82.7874,stat,,,,,condition_stats:红页L1HF:28:加砂前:排量:var
E1359,施工泵压平均值: 51.1927,stat,,,,,condition_stats:红页L1HF:28:加砂前:施工泵压:mean
E1360,施工泵压方差: 382.2188,stat,,,,,condition_stats:红页L1HF:28:加砂前:施工泵压:var
E1361,施工情况 加砂中,condition,,,,,condition:红页L1HF:28:加砂中
E1362,施工时间 2024-01-18 15:26:00,time,,,,,condition_time:红页L1HF:28:加砂中
E1363,砂比平均值: 9.5393,stat,,,,,condition_stats:红页L1HF:28:加砂中:砂比:mean
E1364,砂比方差: 6.8364,stat,,,,,condition_stats:红页L1HF:28:加砂中:砂比:var
E1365,排量平均值: 23.7767,stat,,,,,condition_stats:红页L1HF:28:加砂中:排量:mean
E1366,排量方差: 2.7112,stat,,,,,condition_stats:红页L1HF:28:加砂中:排量:var
E1367,施工泵压平均值: 68.896,stat,,,,,condition_stats:红页L1HF:28:加砂中:施工泵压:mean
E1368,施工泵压方差: 8.52,stat,,,,,condition_stats:红页L1HF:28:加砂中:施工泵压:var
E1369,工况 其他,worktype,,,,,worktype:红页L1HF:28:加砂中:其他
E1370,工况时间 2024-01-18 16:13:20,time,,,,,worktype_time:红页L1HF:28:加砂中:其他
E1371,砂比平均值: 8.119,stat,,,,,worktype_stats:红页L1HF:28:加砂中:其他:砂比:mean
E1372,砂比方差: 9.1396,stat,,,,,worktype_stats:红页L1HF:28:加砂中:其他:砂比:var
E1373,排量平均值: 22.0918,stat,,,,,worktype_stats:红页L1HF:28:加砂中:其他:排量:mean
E1374,排量方差: 3.8259,stat,,,,,worktype_stats:红页L1HF:28:加砂中:其他:排量:var
E1375,施工泵压平均值: 64.7441,stat,,,,,worktype_stats:红页L1HF:28:加砂中:其他:施工泵压:mean
E1376,施工泵压方差: 15.2395,stat,,,,,worktype_stats:红页L1HF:28:加砂中:其他:施工泵压:var
E1377,当前建议: 未投加绳结，后期压力平缓下降。投加绳结有利于裂缝均匀扩展,suggestion,,,,,suggestion:红页L1HF:28:加砂中:其他
E1378,工况 主缝延伸,worktype,,,,,worktype:红页L1HF:28:加砂中:主缝延伸
E1379,工况时间 2024-01-18 16:24:00,time,,,,,worktype_time:红页L1HF:28:加砂中:主缝延伸
E1380,砂比平均值: 10.4932,stat,,,,,worktype_stats:红页L1HF:28:加砂中:主缝延伸:砂比:mean
E1381,砂比方差: 5.838,stat,,,,,worktype_stats:红页L1HF:28:加砂中:主缝延伸:砂比:var
E1382,排量平均值: 24.04,stat,,,,,worktype_stats:红页L1HF:28:加砂中:主缝延伸:排量:mean
E1383,排量方差: 0.0,stat,,,,,worktype_stats:红页L1HF:28:加砂中:主缝延伸:排量:var
E1384,施工泵压平均值: 68.7256,stat,,,,,worktype_stats:红页L1HF:28:加砂中:主缝延伸:施工泵压:mean
E1385,施工泵压方差: 1.3468,stat,,,,,worktype_stats:红页L1HF:28:加砂中:主缝延伸:施工泵压:var
E1386,当前建议: 保持当前措施,suggestion,,,,,suggestion:红页L1HF:28:加砂中:主缝延伸
E1387,施工情况 加砂后,condition,,,,,condition:红页L1HF:28:加砂后
E1388,施工时间 2024-01-18 16:58:10,time,,,,,condition_time:红页L1HF:28:加砂后
E1389,砂比平均值: 无数据,stat,,,,,condition_stats:红页L1HF:28:加砂后:砂比:mean
E1390,砂比方差: 无数据,stat,,,,,condition_stats:红页L1HF:28:加砂后:砂比:var
E1391,排量平均值: 2.6933,stat,,,,,condition_stats:红页L1HF:28:加砂后:排量:mean
E1392,排量方差: 54.9375,stat,,,,,condition_stats:红页L1HF:28:加砂后:排量:var
E1393,施工泵压平均值: 37.3997,stat,,,,,condition_stats:红页L1HF:28:加砂后:施工泵压:mean
E1394,施工泵压方差: 113.76,stat,,,,,condition_stats:红页L1HF:28:加砂后:施工泵压:var
E1395,段号 29,segment,,,,,segment:红页L1HF:29
E1396,段号时间 2024-01-19 08:34:20,time,,,,,segment_time:红页L1HF:29
E1397,砂比平均值: 9.9042,stat,,,,,segment_stats:红页L1HF:29:砂比:mean
E1398,砂比方差: 6.6764,stat,,,,,segment_stats:红页L1HF:29:砂比:var
E1399,排量平均值: 16.4271,stat,,,,,segment_stats:红页L1HF:29:排量:mean
E1400,排量方差: 111.8951,stat,,,,,segment_stats:红页L1HF:29:排量:var
E1401,施工泵压平均值: 59.1098,stat,,,,,segment_stats:红页L1HF:29:施工泵压:mean
E1402,施工泵压方差: 158.2978,stat,,,,,segment_stats:红页L1HF:29:施工泵压:var
E1403,施工情况 加砂前,condition,,,,,condition:红页L1HF:29:加砂前
E1404,施工时间 2024-01-19 08:34:20,time,,,,,condition_time:红页L1HF:29:加砂前
E1405,砂比平均值: 无数据,stat,,,,,condition_stats:红页L1HF:29:加砂前:砂比:mean
E1406,砂比方差: 无数据,stat,,,,,condition_stats:红页L1HF:29:加砂前:砂比:var
E1407,排量平均值: 9.9241,stat,,,,,condition_stats:红页L1HF:29:加砂前:排量:mean
E1408,排量方差: 85.5726,stat,,,,,condition_stats:红页L1HF:29:加砂前:排量:var
E1409,施工泵压平均值: 55.1675,stat,,,,,condition_stats:红页L1HF:29:加砂前:施工泵压:mean
E1410,施工泵压方差: 236.1811,stat,,,,,condition_stats:红页L1HF:29:加砂前:施工泵压:var
E1411,施工情况 加砂中,condition,,,,,condition:红页L1HF:29:加砂中
E1412,施工时间 2024-01-19 09:05:20,time,,,,,condition_time:红页L1HF:29:加砂中
E1413,砂比平均值: 9.9042,stat,,,,,condition_stats:红页L1HF:29:加砂中:砂比:mean
E1414,砂比方差: 6.6764,stat,,,,,condition_stats:红页L1HF:29:加砂中:砂比:var
E1415,排量平均值: 23.8759,stat,,,,,condition_stats:红页L1HF:29:加砂中:排量:mean
E1416,排量方差: 1.5751,stat,,,,,condition_stats:红页L1HF:29:加砂中:排量:var
E1417,施工泵压平均值: 66.2404,stat,,,,,condition_stats:红页L1HF:29:加砂中:施工泵压:mean
E1418,施工泵压方差: 3.9282,stat,,,,,condition_stats:红页L1HF:29:加砂中:施工泵压:var
E1419,工况 缝口暂堵,worktype,,,,,worktype:红页L1HF:29:加砂中:缝口暂堵
E1420,工况时间 2024-01-19 09:54:40,time,,,,,worktype_time:红页L1HF:29:加砂中:缝口暂堵
E1421,砂比平均值: 9.9407,stat,,,,,worktype_stats:红页L1HF:29:加砂中:缝口暂堵:砂比:mean
E1422,砂比方差: 8.2424,stat,,,,,worktype_stats:红页L1HF:29:加砂中:缝口暂堵:砂比:var
E1423,排量平均值: 22.5515,stat,,,,,worktype_stats:红页L1HF:29:加砂中:缝口暂堵:排量:mean
E1424,排量方差: 3.3418,stat,,,,,worktype_stats:红页L1HF:29:加砂中:缝口暂堵:排量:var
E1425,施工泵压平均值: 63.052,stat,,,,,worktype_stats:红页L1HF:29:加砂中:缝口暂堵:施工泵压:mean
E1426,施工泵压方差: 11.8831,stat,,,,,worktype_stats:红页L1HF:29:加砂中:缝口暂堵:施工泵压:var
E1427,当前建议: 无建议,suggestion,,,,,suggestion:红页L1HF:29:加砂中:缝口暂堵
E1428,工况 缝内暂堵,worktype,,,,,worktype:红页L1HF:29:加砂中:缝内暂堵
E1429,工况时间 2024-01-19 09:25:40,time,,,,,worktype_time:红页L1HF:29:加砂中:缝内暂堵
E1430,砂比平均值: 5.9793,stat,,,,,worktype_stats:红页L1HF:29:加砂中:缝内暂堵:砂比:mean
E1431,砂比方差: 2.2196,stat,,,,,worktype_stats:红页L1HF:29:加砂中:缝内暂堵:砂比:var
E1432,排量平均值: 24.0462,stat,,,,,worktype_stats:红页L1HF:29:加砂中:缝内暂堵:排量:mean
E1433,排量方差: 0.0,stat,,,,,worktype_stats:红页L1HF:29:加砂中:缝内暂堵:排量:var
E1434,施工泵压平均值: 64.6351,stat,,,,,worktype_stats:红页L1HF:29:加砂中:缝内暂堵:施工泵压:mean
E1435,施工泵压方差: 2.4135,stat,,,,,worktype_stats:红页L1HF:29:加砂中:缝内暂堵:施工泵压:var
E1436,当前建议: 无建议,suggestion,,,,,suggestion:红页L1HF:29:加砂中:缝内暂堵
E1437,施工情况 加砂后,condition,,,,,condition:红页L1HF:29:加砂后
E1438,施工时间 2024-01-19 10:36:00,time,,,,,condition_time:红页L1HF:29:加砂后
E1439,砂比平均值: 无数据,stat,,,,,condition_stats:红页L1HF:29:加砂后:砂比:mean
E1440,砂比方差: 无数据,stat,,,,,condition_stats:红页L1HF:29:加砂后:砂比:var
E1441,排量平均值: 2.6421,stat,,,,,condition_stats:红页L1HF:29:加砂后:排量:mean
E1442,排量方差: 55.0823,stat,,,,,condition_stats:红页L1HF:29:加砂后:排量:var
E1443,施工泵压平均值: 43.6431,stat,,,,,condition_stats:红页L1HF:29:加砂后:施工泵压:mean
E1444,施工泵压方差: 107.6313,stat,,,,,condition_stats:红页L1HF:29:加砂后:施工泵压:var
E1445,段号 3,segment,,,,,segment:红页L1HF:3
E1446,段号时间 2024-01-05 16:37:30,time,,,,,segment_time:红页L1HF:3
E1447,砂比平均值: 9.0127,stat,,,,,segment_stats:红页L1HF:3:砂比:mean
E1448,砂比方差: 7.9983,stat,,,,,segment_stats:红页L1HF:3:砂比:var
E1449,排量平均值: 14.3861,stat,,,,,segment_stats:红页L1HF:3:排量:mean
E1450,排量方差: 115.2013,stat,,,,,segment_stats:红页L1HF:3:排量:var
E1451,施工泵压平均值: 58.9877,stat,,,,,segment_stats:红页L1HF:3:施工泵压:mean
E1452,施工泵压方差: 486.872,stat,,,,,segment_stats:红页L1HF:3:施工泵压:var
E1453,施工情况 加砂前,condition,,,,,condition:红页L1HF:3:加砂前
E1454,施工时间 2024-01-05 16:37:30,time,,,,,condition_time:红页L1HF:3:加砂前
E1455,砂比平均值: 无数据,stat,,,,,condition_stats:红页L1HF:3:加砂前:砂比:mean
E1456,砂比方差: 无数据,stat,,,,,condition_stats:红页L1HF:3:加砂前:砂比:var
E1457,排量平均值: 5.8259,stat,,,,,condition_stats:红页L1HF:3:加砂前:排量:mean
E1458,排量方差: 40.4994,stat,,,,,condition_stats:红页L1HF:3:加砂前:排量:var
E1459,施工泵压平均值: 49.4817,stat,,,,,condition_stats:红页L1HF:3:加砂前:施工泵压:mean
E1460,施工泵压方差: 335.933,stat,,,,,condition_stats:红页L1HF:3:加砂前:施工泵压:var
E1461,施工情况 加砂中,condition,,,,,condition:红页L1HF:3:加砂中
E1462,施工时间 2024-01-05 17:14:30,time,,,,,condition_time:红页L1HF:3:加砂中
E1463,砂比平均值: 9.0127,stat,,,,,condition_stats:红页L1HF:3:加砂中:砂比:mean
E1464,砂比方差: 7.9983,stat,,,,,condition_stats:红页L1HF:3:加砂中:砂比:var
E1465,排量平均值: 22.9949,stat,,,,,condition_stats:红页L1HF:3:加砂中:排量:mean
E1466,排量方差: 11.1465,stat,,,,,condition_stats:红页L1HF:3:加砂中:排量:var
E1467,施工泵压平均值: 74.3165,stat,,,,,condition_stats:红页L1HF:3:加砂中:施工泵压:mean
E1468,施工泵压方差: 75.3742,stat,,,,,condition_stats:红页L1HF:3:加砂中:施工泵压:var
E1469,工况 缝口暂堵,worktype,,,,,worktype:红页L1HF:3:加砂中:缝口暂堵
E1470,工况时间 2024-01-05 17:43:50,time,,,,,worktype_time:红页L1HF:3:加砂中:缝口暂堵
E1471,砂比平均值: 5.9667,stat,,,,,worktype_stats:红页L1HF:3:加砂中:缝口暂堵:砂比:mean
E1472,砂比方差: 1.2089,stat,,,,,worktype_stats:红页L1HF:3:加砂中:缝口暂堵:砂比:var
E1473,排量平均值: 17.4673,stat,,,,,worktype_stats:红页L1HF:3:加砂中:缝口暂堵:排量:mean
E1474,排量方差: 27.5446,stat,,,,,worktype_stats:红页L1HF:3:加砂中:缝口暂堵:排量:var
E1475,施工泵压平均值: 60.0983,stat,,,,,worktype_stats:红页L1HF:3:加砂中:缝口暂堵:施工泵压:mean
E1476,施工泵压方差: 175.7511,stat,,,,,worktype_stats:红页L1HF:3:加砂中:缝口暂堵:施工泵压:var
E1477,当前建议: 无建议,suggestion,,,,,suggestion:红页L1HF:3:加砂中:缝口暂堵
E1478,工况 缝内暂堵,worktype,,,,,worktype:红页L1HF:3:加砂中:缝内暂堵
E1479,工况时间 2024-01-05 18:13:40,time,,,,,worktype_time:红页L1HF:3:加砂中:缝内暂堵
E1480,砂比平均值: 9.7704,stat,,,,,worktype_stats:红页L1HF:3:加砂中:缝内暂堵:砂比:mean
E1481,砂比方差: 4.8325,stat,,,,,worktype_stats:红页L1HF:3:加砂中:缝内暂堵:砂比:var
E1482,排量平均值: 24.0008,stat,,,,,worktype_stats:红页L1HF:3:加砂中:缝内暂堵:排量:mean
E1483,排量方差: 0.0,stat,,,,,worktype_stats:红页L1HF:3:加砂中:缝内暂堵:排量:var
E1484,施工泵压平均值: 76.7075,stat,,,,,worktype_stats:红页L1HF:3:加砂中:缝内暂堵:施工泵压:mean
E1485,施工泵压方差: 5.4693,stat,,,,,worktype_stats:红页L1HF:3:加砂中:缝内暂堵:施工泵压:var
E1486,当前建议: 无建议,suggestion,,,,,suggestion:红页L1HF:3:加砂中:缝内暂堵
E1487,工况 主缝延伸,worktype,,,,,worktype:红页L1HF:3:加砂中:主缝延伸
E1488,工况时间 2024-01-05 18:25:00,time,,,,,worktype_time:红页L1HF:3:加砂中:主缝延伸
E1489,砂比平均值: 11.7724,stat,,,,,worktype_stats:红页L1HF:3:加砂中:主缝延伸:砂比:mean
E1490,砂比方差: 8.2906,stat,,,,,worktype_stats:红页L1HF:3:加砂中:主缝延伸:砂比:var
E1491,排量平均值: 24.0039,stat,,,,,worktype_stats:红页L1HF:3:加砂中:主缝延伸:排量:mean
E1492,排量方差: 0.0,stat,,,,,worktype_stats:红页L1HF:3:加砂中:主缝延伸:排量:var
E1493,施工泵压平均值: 76.9558,stat,,,,,worktype_stats:红页L1HF:3:加砂中:主缝延伸:施工泵压:mean
E1494,施工泵压方差: 3.038,stat,,,,,worktype_stats:红页L1HF:3:加砂中:主缝延伸:施工泵压:var
E1495,当前建议: 保持当前措施,suggestion,,,,,suggestion:红页L1HF:3:加砂中:主缝延伸
E1496,施工情况 加砂后,condition,,,,,condition:红页L1HF:3:加砂后
E1497,施工时间 2024-01-05 18:36:20,time,,,,,condition_time:红页L1HF:3:加砂后
E1498,砂比平均值: 无数据,stat,,,,,condition_stats:红页L1HF:3:加砂后:砂比:mean
E1499,砂比方差: 无数据,stat,,,,,condition_stats:红页L1HF:3:加砂后:砂比:var
E1500,排量平均值: 2.5333,stat,,,,,condition_stats:红页L1HF:3:加砂后:排量:mean
E1501,排量方差: 51.7618,stat,,,,,condition_stats:红页L1HF:3:加砂后:排量:var
E1502,施工泵压平均值: 31.2961,stat,,,,,condition_stats:红页L1HF:3:加砂后:施工泵压:mean
E1503,施工泵压方差: 234.1764,stat,,,,,condition_stats:红页L1HF:3:加砂后:施工泵压:var
E1504,段号 30,segment,,,,,segment:红页L1HF:30
E1505,段号时间 2024-01-19 15:08:40,time,,,,,segment_time:红页L1HF:30
E1506,砂比平均值: 9.5128,stat,,,,,segment_stats:红页L1HF:30:砂比:mean
E1507,砂比方差: 7.4455,stat,,,,,segment_stats:红页L1HF:30:砂比:var
E1508,排量平均值: 16.9715,stat,,,,,segment_stats:红页L1HF:30:排量:mean
E1509,排量方差: 101.6465,stat,,,,,segment_stats:红页L1HF:30:排量:var
E1510,施工泵压平均值: 64.9052,stat,,,,,segment_stats:红页L1HF:30:施工泵压:mean
E1511,施工泵压方差: 247.4064,stat,,,,,segment_stats:红页L1HF:30:施工泵压:var
E1512,施工情况 加砂前,condition,,,,,condition:红页L1HF:30:加砂前
E1513,施工时间 2024-01-19 15:08:40,time,,,,,condition_time:红页L1HF:30:加砂前
E1514,砂比平均值: 无数据,stat,,,,,condition_stats:红页L1HF:30:加砂前:砂比:mean
E1515,砂比方差: 无数据,stat,,,,,condition_stats:红页L1HF:30:加砂前:砂比:var
E1516,排量平均值: 10.6514,stat,,,,,condition_stats:红页L1HF:30:加砂前:排量:mean
E1517,排量方差: 83.9113,stat,,,,,condition_stats:红页L1HF:30:加砂前:排量:var
E1518,施工泵压平均值: 54.9737,stat,,,,,condition_stats:红页L1HF:30:加砂前:施工泵压:mean
E1519,施工泵压方差: 304.1431,stat,,,,,condition_stats:红页L1HF:30:加砂前:施工泵压:var
E1520,施工情况 加砂中,condition,,,,,condition:红页L1HF:30:加砂中
E1521,施工时间 2024-01-19 15:38:30,time,,,,,condition_time:红页L1HF:30:加砂中
E1522,砂比平均值: 9.5128,stat,,,,,condition_stats:红页L1HF:30:加砂中:砂比:mean
E1523,砂比方差: 7.4455,stat,,,,,condition_stats:红页L1HF:30:加砂中:砂比:var
E1524,排量平均值: 22.7996,stat,,,,,condition_stats:红页L1HF:30:加砂中:排量:mean
E1525,排量方差: 15.3548,stat,,,,,condition_stats:红页L1HF:30:加砂中:排量:var
E1526,施工泵压平均值: 72.9657,stat,,,,,condition_stats:红页L1HF:30:加砂中:施工泵压:mean
E1527,施工泵压方差: 66.8862,stat,,,,,condition_stats:红页L1HF:30:加砂中:施工泵压:var
E1528,工况 缝内暂堵,worktype,,,,,worktype:红页L1HF:30:加砂中:缝内暂堵
E1529,工况时间 2024-01-19 15:59:50,time,,,,,worktype_time:红页L1HF:30:加砂中:缝内暂堵
E1530,砂比平均值: 7.139,stat,,,,,worktype_stats:红页L1HF:30:加砂中:缝内暂堵:砂比:mean
E1531,砂比方差: 7.1516,stat,,,,,worktype_stats:红页L1HF:30:加砂中:缝内暂堵:砂比:var
E1532,排量平均值: 24.0811,stat,,,,,worktype_stats:红页L1HF:30:加砂中:缝内暂堵:排量:mean
E1533,排量方差: 0.0,stat,,,,,worktype_stats:红页L1HF:30:加砂中:缝内暂堵:排量:var
E1534,施工泵压平均值: 67.7143,stat,,,,,worktype_stats:红页L1HF:30:加砂中:缝内暂堵:施工泵压:mean
E1535,施工泵压方差: 4.0277,stat,,,,,worktype_stats:红页L1HF:30:加砂中:缝内暂堵:施工泵压:var
E1536,当前建议: 无建议,suggestion,,,,,suggestion:红页L1HF:30:加砂中:缝内暂堵
E1537,工况 缝口暂堵,worktype,,,,,worktype:红页L1HF:30:加砂中:缝口暂堵
E1538,工况时间 2024-01-19 16:17:10,time,,,,,worktype_time:红页L1HF:30:加砂中:缝口暂堵
E1539,砂比平均值: 7.7771,stat,,,,,worktype_stats:红页L1HF:30:加砂中:缝口暂堵:砂比:mean
E1540,砂比方差: 6.7566,stat,,,,,worktype_stats:红页L1HF:30:加砂中:缝口暂堵:砂比:var
E1541,排量平均值: 18.7239,stat,,,,,worktype_stats:红页L1HF:30:加砂中:缝口暂堵:排量:mean
E1542,排量方差: 71.8951,stat,,,,,worktype_stats:红页L1HF:30:加砂中:缝口暂堵:排量:var
E1543,施工泵压平均值: 67.6457,stat,,,,,worktype_stats:红页L1HF:30:加砂中:缝口暂堵:施工泵压:mean
E1544,施工泵压方差: 44.3504,stat,,,,,worktype_stats:红页L1HF:30:加砂中:缝口暂堵:施工泵压:var
E1545,当前建议: 无建议,suggestion,,,,,suggestion:红页L1HF:30:加砂中:缝口暂堵
E1546,工况 主缝延伸,worktype,,,,,worktype:红页L1HF:30:加砂中:主缝延伸
E1547,工况时间 2024-01-19 17:24:40,time,,,,,worktype_time:红页L1HF:30:加砂中:主缝延伸
E1548,砂比平均值: 11.1136,stat,,,,,worktype_stats:红页L1HF:30:加砂中:主缝延伸:砂比:mean
E1549,砂比方差: 6.1679,stat,,,,,worktype_stats:红页L1HF:30:加砂中:主缝延伸:砂比:var
E1550,排量平均值: 23.4844,stat,,,,,worktype_stats:红页L1HF:30:加砂中:主缝延伸:排量:mean
E1551,排量方差: 0.4723,stat,,,,,worktype_stats:红页L1HF:30:加砂中:主缝延伸:排量:var
E1552,施工泵压平均值: 82.3147,stat,,,,,worktype_stats:红页L1HF:30:加砂中:主缝延伸:施工泵压:mean
E1553,施工泵压方差: 1.5489,stat,,,,,worktype_stats:红页L1HF:30:加砂中:主缝延伸:施工泵压:var
E1554,当前建议: 保持当前措施,suggestion,,,,,suggestion:红页L1HF:30:加砂中:主缝延伸
E1555,施工情况 加砂后,condition,,,,,condition:红页L1HF:30:加砂后
E1556,施工时间 2024-01-19 17:47:20,time,,,,,condition_time:红页L1HF:30:加砂后
E1557,砂比平均值: 无数据,stat,,,,,condition_stats:红页L1HF:30:加砂后:砂比:mean
E1558,砂比方差: 无数据,stat,,,,,condition_stats:红页L1HF:30:加砂后:砂比:var
E1559,排量平均值: 1.7698,stat,,,,,condition_stats:红页L1HF:30:加砂后:排量:mean
E1560,排量方差: 37.7526,stat,,,,,condition_stats:红页L1HF:30:加砂后:排量:var
E1561,施工泵压平均值: 44.9394,stat,,,,,condition_stats:红页L1HF:30:加砂后:施工泵压:mean
E1562,施工泵压方差: 123.4195,stat,,,,,condition_stats:红页L1HF:30:加砂后:施工泵压:var
E1563,工况 主缝延伸,worktype,,,,,worktype:红页L1HF:30:加砂后:主缝延伸
E1564,工况时间 2024-01-19 17:47:20,time,,,,,worktype_time:红页L1HF:30:加砂后:主缝延伸
E1565,砂比平均值: 无数据,stat,,,,,worktype_stats:红页L1HF:30:加砂后:主缝延伸:砂比:mean
E1566,砂比方差: 无数据,stat,,,,,worktype_stats:红页L1HF:30:加砂后:主缝延伸:砂比:var
E1567,排量平均值: 24.08,stat,,,,,worktype_stats:红页L1HF:30:加砂后:主缝延伸:排量:mean
E1568,排量方差: 0.0,stat,,,,,worktype_stats:红页L1HF:30:加砂后:主缝延伸:排量:var
E1569,施工泵压平均值: 85.045,stat,,,,,worktype_stats:红页L1HF:30:加砂后:主缝延伸:施工泵压:mean
E1570,施工泵压方差: 0.0745,stat,,,,,worktype_stats:红页L1HF:30:加砂后:主缝延伸:施工泵压:var
E1571,当前建议: 保持当前措施,suggestion,,,,,suggestion:红页L1HF:30:加砂后:主缝延伸
E1572,段号 31,segment,,,,,segment:红页L1HF:31
E1573,段号时间 2024-01-20 08:27:10,time,,,,,segment_time:红页L1HF:31
E1574,砂比平均值: 10.4466,stat,,,,,segment_stats:红页L1HF:31:砂比:mean
E1575,砂比方差: 5.4045,stat,,,,,segment_stats:红页L1HF:31:砂比:var
E1576,排量平均值: 15.8998,stat,,,,,segment_stats:红页L1HF:31:排量:mean
E1577,排量方差: 114.9384,stat,,,,,segment_stats:红页L1HF:31:排量:var
E1578,施工泵压平均值: 55.8864,stat,,,,,segment_stats:红页L1HF:31:施工泵压:mean
E1579,施工泵压方差: 145.8662,stat,,,,,segment_stats:红页L1HF:31:施工泵压:var
E1580,施工情况 加砂前,condition,,,,,condition:红页L1HF:31:加砂前
E1581,施工时间 2024-01-20 08:27:10,time,,,,,condition_time:红页L1HF:31:加砂前
E1582,砂比平均值: 无数据,stat,,,,,condition_stats:红页L1HF:31:加砂前:砂比:mean
E1583,砂比方差: 无数据,stat,,,,,condition_stats:红页L1HF:31:加砂前:砂比:var
E1584,排量平均值: 9.286,stat,,,,,condition_stats:红页L1HF:31:加砂前:排量:mean
E1585,排量方差: 85.8622,stat,,,,,condition_stats:红页L1HF:31:加砂前:排量:var
E1586,施工泵压平均值: 49.7459,stat,,,,,condition_stats:红页L1HF:31:加砂前:施工泵压:mean
E1587,施工泵压方差: 212.7881,stat,,,,,condition_stats:红页L1HF:31:加砂前:施工泵压:var
E1588,施工情况 加砂中,condition,,,,,condition:红页L1HF:31:加砂中
E1589,施工时间 2024-01-20 09:00:10,time,,,,,condition_time:红页L1HF:31:加砂中
E1590,砂比平均值: 10.4466,stat,,,,,condition_stats:红页L1HF:31:加砂中:砂比:mean
E1591,砂比方差: 5.4045,stat,,,,,condition_stats:红页L1HF:31:加砂中:砂比:var
E1592,排量平均值: 23.6526,stat,,,,,condition_stats:红页L1HF:31:加砂中:排量:mean
E1593,排量方差: 4.3419,stat,,,,,condition_stats:红页L1HF:31:加砂中:排量:var
E1594,施工泵压平均值: 63.5109,stat,,,,,condition_stats:红页L1HF:31:加砂中:施工泵压:mean
E1595,施工泵压方差: 6.5054,stat,,,,,condition_stats:红页L1HF:31:加砂中:施工泵压:var
E1596,工况 缝内暂堵,worktype,,,,,worktype:红页L1HF:31:加砂中:缝内暂堵
E1597,工况时间 2024-01-20 09:20:30,time,,,,,worktype_time:红页L1HF:31:加砂中:缝内暂堵
E1598,砂比平均值: 9.5393,stat,,,,,worktype_stats:红页L1HF:31:加砂中:缝内暂堵:砂比:mean
E1599,砂比方差: 4.0345,stat,,,,,worktype_stats:红页L1HF:31:加砂中:缝内暂堵:砂比:var
E1600,排量平均值: 24.0526,stat,,,,,worktype_stats:红页L1HF:31:加砂中:缝内暂堵:排量:mean
E1601,排量方差: 0.0,stat,,,,,worktype_stats:红页L1HF:31:加砂中:缝内暂堵:排量:var
E1602,施工泵压平均值: 62.9935,stat,,,,,worktype_stats:红页L1HF:31:加砂中:缝内暂堵:施工泵压:mean
E1603,施工泵压方差: 1.3719,stat,,,,,worktype_stats:红页L1HF:31:加砂中:缝内暂堵:施工泵压:var
E1604,当前建议: 无建议,suggestion,,,,,suggestion:红页L1HF:31:加砂中:缝内暂堵
E1605,工况 缝口暂堵,worktype,,,,,worktype:红页L1HF:31:加砂中:缝口暂堵
E1606,工况时间 2024-01-20 09:43:40,time,,,,,worktype_time:红页L1HF:31:加砂中:缝口暂堵
E1607,砂比平均值: 10.2464,stat,,,,,worktype_stats:红页L1HF:31:加砂中:缝口暂堵:砂比:mean
E1608,砂比方差: 5.5111,stat,,,,,worktype_stats:红页L1HF:31:加砂中:缝口暂堵:砂比:var
E1609,排量平均值: 20.6064,stat,,,,,worktype_stats:红页L1HF:31:加砂中:缝口暂堵:排量:mean
E1610,排量方差: 12.8822,stat,,,,,worktype_stats:红页L1HF:31:加砂中:缝口暂堵:排量:var
E1611,施工泵压平均值: 60.3373,stat,,,,,worktype_stats:红页L1HF:31:加砂中:缝口暂堵:施工泵压:mean
E1612,施工泵压方差: 14.1421,stat,,,,,worktype_stats:红页L1HF:31:加砂中:缝口暂堵:施工泵压:var
E1613,当前建议: 无建议,suggestion,,,,,suggestion:红页L1HF:31:加砂中:缝口暂堵
E1614,工况 主缝延伸,worktype,,,,,worktype:红页L1HF:31:加砂中:主缝延伸
E1615,工况时间 2024-01-20 10:12:40,time,,,,,worktype_time:红页L1HF:31:加砂中:主缝延伸
E1616,砂比平均值: 11.0294,stat,,,,,worktype_stats:红页L1HF:31:加砂中:主缝延伸:砂比:mean
E1617,砂比方差: 5.4515,stat,,,,,worktype_stats:红页L1HF:31:加砂中:主缝延伸:砂比:var
E1618,排量平均值: 24.05,stat,,,,,worktype_stats:红页L1HF:31:加砂中:主缝延伸:排量:mean
E1619,排量方差: 0.0,stat,,,,,worktype_stats:红页L1HF:31:加砂中:主缝延伸:排量:var
E1620,施工泵压平均值: 65.3208,stat,,,,,worktype_stats:红页L1HF:31:加砂中:主缝延伸:施工泵压:mean
E1621,施工泵压方差: 0.2815,stat,,,,,worktype_stats:红页L1HF:31:加砂中:主缝延伸:施工泵压:var
E1622,当前建议: 保持当前措施,suggestion,,,,,suggestion:红页L1HF:31:加砂中:主缝延伸
E1623,施工情况 加砂后,condition,,,,,condition:红页L1HF:31:加砂后
E1624,施工时间 2024-01-20 10:29:50,time,,,,,condition_time:红页L1HF:31:加砂后
E1625,砂比平均值: 无数据,stat,,,,,condition_stats:红页L1HF:31:加砂后:砂比:mean
E1626,砂比方差: 无数据,stat,,,,,condition_stats:红页L1HF:31:加砂后:砂比:var
E1627,排量平均值: 1.8878,stat,,,,,condition_stats:红页L1HF:31:加砂后:排量:mean
E1628,排量方差: 39.489,stat,,,,,condition_stats:红页L1HF:31:加砂后:排量:var
E1629,施工泵压平均值: 41.7269,stat,,,,,condition_stats:红页L1HF:31:加砂后:施工泵压:mean
E1630,施工泵压方差: 55.3165,stat,,,,,condition_stats:红页L1HF:31:加砂后:施工泵压:var
E1631,工况 主缝延伸,worktype,,,,,worktype:红页L1HF:31:加砂后:主缝延伸
E1632,工况时间 2024-01-20 10:29:50,time,,,,,worktype_time:红页L1HF:31:加砂后:主缝延伸
E1633,砂比平均值: 无数据,stat,,,,,worktype_stats:红页L1HF:31:加砂后:主缝延伸:砂比:mean
E1634,砂比方差: 无数据,stat,,,,,worktype_stats:红页L1HF:31:加砂后:主缝延伸:砂比:var
E1635,排量平均值: 24.05,stat,,,,,worktype_stats:红页L1HF:31:加砂后:主缝延伸:排量:mean
E1636,排量方差: 0.0,stat,,,,,worktype_stats:红页L1HF:31:加砂后:主缝延伸:排量:var
E1637,施工泵压平均值: 63.95,stat,,,,,worktype_stats:红页L1HF:31:加砂后:主缝延伸:施工泵压:mean
E1638,施工泵压方差: 0.0,stat,,,,,worktype_stats:红页L1HF:31:加砂后:主缝延伸:施工泵压:var
E1639,当前建议: 保持当前措施,suggestion,,,,,suggestion:红页L1HF:31:加砂后:主缝延伸
E1640,段号 32,segment,,,,,segment:红页L1HF:32
E1641,段号时间 2024-01-20 14:31:20,time,,,,,segment_time:红页L1HF:32
E1642,砂比平均值: 9.6611,stat,,,,,segment_stats:红页L1HF:32:砂比:mean
E1643,砂比方差: 6.3078,stat,,,,,segment_stats:红页L1HF:32:砂比:var
E1644,排量平均值: 15.6138,stat,,,,,segment_stats:红页L1HF:32:排量:mean
E1645,排量方差: 114.739,stat,,,,,segment_stats:红页L1HF:32:排量:var
E1646,施工泵压平均值: 57.9914,stat,,,,,segment_stats:红页L1HF:32:施工泵压:mean
E1647,施工泵压方差: 253.8856,stat,,,,,segment_stats:红页L1HF:32:施工泵压:var
E1648,施工情况 加砂前,condition,,,,,condition:红页L1HF:32:加砂前
E1649,施工时间 2024-01-20 14:31:20,time,,,,,condition_time:红页L1HF:32:加砂前
E1650,砂比平均值: 无数据,stat,,,,,condition_stats:红页L1HF:32:加砂前:砂比:mean
E1651,砂比方差: 无数据,stat,,,,,condition_stats:红页L1HF:32:加砂前:砂比:var
E1652,排量平均值: 9.5219,stat,,,,,condition_stats:红页L1HF:32:加砂前:排量:mean
E1653,排量方差: 79.869,stat,,,,,condition_stats:红页L1HF:32:加砂前:排量:var
E1654,施工泵压平均值: 50.4044,stat,,,,,condition_stats:红页L1HF:32:加砂前:施工泵压:mean
E1655,施工泵压方差: 192.8203,stat,,,,,condition_stats:红页L1HF:32:加砂前:施工泵压:var
E1656,施工情况 加砂中,condition,,,,,condition:红页L1HF:32:加砂中
E1657,施工时间 2024-01-20 15:03:50,time,,,,,condition_time:红页L1HF:32:加砂中
E1658,砂比平均值: 9.6611,stat,,,,,condition_stats:红页L1HF:32:加砂中:砂比:mean
E1659,砂比方差: 6.3078,stat,,,,,condition_stats:红页L1HF:32:加砂中:砂比:var
E1660,排量平均值: 23.6697,stat,,,,,condition_stats:红页L1HF:32:加砂中:排量:mean
E1661,排量方差: 2.836,stat,,,,,condition_stats:红页L1HF:32:加砂中:排量:var
E1662,施工泵压平均值: 68.7145,stat,,,,,condition_stats:红页L1HF:32:加砂中:施工泵压:mean
E1663,施工泵压方差: 53.4724,stat,,,,,condition_stats:红页L1HF:32:加砂中:施工泵压:var
E1664,工况 缝内暂堵,worktype,,,,,worktype:红页L1HF:32:加砂中:缝内暂堵
E1665,工况时间 2024-01-20 15:19:30,time,,,,,worktype_time:红页L1HF:32:加砂中:缝内暂堵
E1666,砂比平均值: 8.7143,stat,,,,,worktype_stats:红页L1HF:32:加砂中:缝内暂堵:砂比:mean
E1667,砂比方差: 6.5841,stat,,,,,worktype_stats:红页L1HF:32:加砂中:缝内暂堵:砂比:var
E1668,排量平均值: 24.0532,stat,,,,,worktype_stats:红页L1HF:32:加砂中:缝内暂堵:排量:mean
E1669,排量方差: 0.0,stat,,,,,worktype_stats:红页L1HF:32:加砂中:缝内暂堵:排量:var
E1670,施工泵压平均值: 64.1702,stat,,,,,worktype_stats:红页L1HF:32:加砂中:缝内暂堵:施工泵压:mean
E1671,施工泵压方差: 10.6315,stat,,,,,worktype_stats:红页L1HF:32:加砂中:缝内暂堵:施工泵压:var
E1672,当前建议: 无建议,suggestion,,,,,suggestion:红页L1HF:32:加砂中:缝内暂堵
E1673,工况 缝口暂堵,worktype,,,,,worktype:红页L1HF:32:加砂中:缝口暂堵
E1674,工况时间 2024-01-20 15:33:50,time,,,,,worktype_time:红页L1HF:32:加砂中:缝口暂堵
E1675,砂比平均值: 8.02,stat,,,,,worktype_stats:红页L1HF:32:加砂中:缝口暂堵:砂比:mean
E1676,砂比方差: 13.2016,stat,,,,,worktype_stats:红页L1HF:32:加砂中:缝口暂堵:砂比:var
E1677,排量平均值: 23.2895,stat,,,,,worktype_stats:红页L1HF:32:加砂中:缝口暂堵:排量:mean
E1678,排量方差: 1.4675,stat,,,,,worktype_stats:红页L1HF:32:加砂中:缝口暂堵:排量:var
E1679,施工泵压平均值: 70.7924,stat,,,,,worktype_stats:红页L1HF:32:加砂中:缝口暂堵:施工泵压:mean
E1680,施工泵压方差: 73.5596,stat,,,,,worktype_stats:红页L1HF:32:加砂中:缝口暂堵:施工泵压:var
E1681,当前建议: 无建议,suggestion,,,,,suggestion:红页L1HF:32:加砂中:缝口暂堵
E1682,工况 主缝延伸,worktype,,,,,worktype:红页L1HF:32:加砂中:主缝延伸
E1683,工况时间 2024-01-20 16:26:00,time,,,,,worktype_time:红页L1HF:32:加砂中:主缝延伸
E1684,砂比平均值: 10.4462,stat,,,,,worktype_stats:红页L1HF:32:加砂中:主缝延伸:砂比:mean
E1685,砂比方差: 4.5462,stat,,,,,worktype_stats:红页L1HF:32:加砂中:主缝延伸:砂比:var
E1686,排量平均值: 23.3935,stat,,,,,worktype_stats:红页L1HF:32:加砂中:主缝延伸:排量:mean
E1687,排量方差: 0.7632,stat,,,,,worktype_stats:红页L1HF:32:加砂中:主缝延伸:排量:var
E1688,施工泵压平均值: 78.1814,stat,,,,,worktype_stats:红页L1HF:32:加砂中:主缝延伸:施工泵压:mean
E1689,施工泵压方差: 1.5495,stat,,,,,worktype_stats:红页L1HF:32:加砂中:主缝延伸:施工泵压:var
E1690,当前建议: 保持当前措施,suggestion,,,,,suggestion:红页L1HF:32:加砂中:主缝延伸
E1691,施工情况 加砂后,condition,,,,,condition:红页L1HF:32:加砂后
E1692,施工时间 2024-01-20 16:37:00,time,,,,,condition_time:红页L1HF:32:加砂后
E1693,砂比平均值: 无数据,stat,,,,,condition_stats:红页L1HF:32:加砂后:砂比:mean
E1694,砂比方差: 无数据,stat,,,,,condition_stats:红页L1HF:32:加砂后:砂比:var
E1695,排量平均值: 1.5035,stat,,,,,condition_stats:红页L1HF:32:加砂后:排量:mean
E1696,排量方差: 30.5995,stat,,,,,condition_stats:红页L1HF:32:加砂后:排量:var
E1697,施工泵压平均值: 38.6983,stat,,,,,condition_stats:红页L1HF:32:加砂后:施工泵压:mean
E1698,施工泵压方差: 98.0119,stat,,,,,condition_stats:红页L1HF:32:加砂后:施工泵压:var
E1699,工况 主缝延伸,worktype,,,,,worktype:红页L1HF:32:加砂后:主缝延伸
E1700,工况时间 2024-01-20 16:37:00,time,,,,,worktype_time:红页L1HF:32:加砂后:主缝延伸
E1701,砂比平均值: 无数据,stat,,,,,worktype_stats:红页L1HF:32:加砂后:主缝延伸:砂比:mean
E1702,砂比方差: 无数据,stat,,,,,worktype_stats:红页L1HF:32:加砂后:主缝延伸:砂比:var
E1703,排量平均值: 24.06,stat,,,,,worktype_stats:红页L1HF:32:加砂后:主缝延伸:排量:mean
E1704,排量方差: 0.0,stat,,,,,worktype_stats:红页L1HF:32:加砂后:主缝延伸:排量:var
E1705,施工泵压平均值: 76.18,stat,,,,,worktype_stats:红页L1HF:32:加砂后:主缝延伸:施工泵压:mean
E1706,施工泵压方差: 0.1319,stat,,,,,worktype_stats:红页L1HF:32:加砂后:主缝延伸:施工泵压:var
E1707,当前建议: 保持当前措施,suggestion,,,,,suggestion:红页L1HF:32:加砂后:主缝延伸
E1708,段号 33,segment,,,,,segment:红页L1HF:33
E1709,段号时间 2024-01-21 08:00:50,time,,,,,segment_time:红页L1HF:33
E1710,砂比平均值: 10.0593,stat,,,,,segment_stats:红页L1HF:33:砂比:mean
E1711,砂比方差: 5.7185,stat,,,,,segment_stats:红页L1HF:33:砂比:var
E1712,排量平均值: 16.0653,stat,,,,,segment_stats:红页L1HF:33:排量:mean
E1713,排量方差: 116.445,stat,,,,,segment_stats:红页L1HF:33:排量:var
E1714,施工泵压平均值: 52.1864,stat,,,,,segment_stats:红页L1HF:33:施工泵压:mean
E1715,施工泵压方差: 121.5715,stat,,,,,segment_stats:红页L1HF:33:施工泵压:var
E1716,施工情况 加砂前,condition,,,,,condition:红页L1HF:33:加砂前
E1717,施工时间 2024-01-21 08:00:50,time,,,,,condition_time:红页L1HF:33:加砂前
E1718,砂比平均值: 无数据,stat,,,,,condition_stats:红页L1HF:33:加砂前:砂比:mean
E1719,砂比方差: 无数据,stat,,,,,condition_stats:红页L1HF:33:加砂前:砂比:var
E1720,排量平均值: 9.508,stat,,,,,condition_stats:红页L1HF:33:加砂前:排量:mean
E1721,排量方差: 85.414,stat,,,,,condition_stats:红页L1HF:33:加砂前:排量:var
E1722,施工泵压平均值: 48.6318,stat,,,,,condition_stats:红页L1HF:33:加砂前:施工泵压:mean
E1723,施工泵压方差: 217.3028,stat,,,,,condition_stats:红页L1HF:33:加砂前:施工泵压:var
E1724,施工情况 加砂中,condition,,,,,condition:红页L1HF:33:加砂中
E1725,施工时间 2024-01-21 08:31:50,time,,,,,condition_time:红页L1HF:33:加砂中
E1726,砂比平均值: 10.0593,stat,,,,,condition_stats:红页L1HF:33:加砂中:砂比:mean
E1727,砂比方差: 5.7185,stat,,,,,condition_stats:红页L1HF:33:加砂中:砂比:var
E1728,排量平均值: 23.946,stat,,,,,condition_stats:红页L1HF:33:加砂中:排量:mean
E1729,排量方差: 2.3744,stat,,,,,condition_stats:红页L1HF:33:加砂中:排量:var
E1730,施工泵压平均值: 58.4259,stat,,,,,condition_stats:红页L1HF:33:加砂中:施工泵压:mean
E1731,施工泵压方差: 3.4462,stat,,,,,condition_stats:红页L1HF:33:加砂中:施工泵压:var
E1732,工况 缝内暂堵,worktype,,,,,worktype:红页L1HF:33:加砂中:缝内暂堵
E1733,工况时间 2024-01-21 08:45:50,time,,,,,worktype_time:红页L1HF:33:加砂中:缝内暂堵
E1734,砂比平均值: 8.4632,stat,,,,,worktype_stats:红页L1HF:33:加砂中:缝内暂堵:砂比:mean
E1735,砂比方差: 13.0971,stat,,,,,worktype_stats:红页L1HF:33:加砂中:缝内暂堵:砂比:var
E1736,排量平均值: 24.0479,stat,,,,,worktype_stats:红页L1HF:33:加砂中:缝内暂堵:排量:mean
E1737,排量方差: 0.0,stat,,,,,worktype_stats:红页L1HF:33:加砂中:缝内暂堵:排量:var
E1738,施工泵压平均值: 59.1708,stat,,,,,worktype_stats:红页L1HF:33:加砂中:缝内暂堵:施工泵压:mean
E1739,施工泵压方差: 2.0937,stat,,,,,worktype_stats:红页L1HF:33:加砂中:缝内暂堵:施工泵压:var
E1740,当前建议: 无建议,suggestion,,,,,suggestion:红页L1HF:33:加砂中:缝内暂堵
E1741,工况 缝口暂堵,worktype,,,,,worktype:红页L1HF:33:加砂中:缝口暂堵
E1742,工况时间 2024-01-21 09:03:50,time,,,,,worktype_time:红页L1HF:33:加砂中:缝口暂堵
E1743,砂比平均值: 9.2312,stat,,,,,worktype_stats:红页L1HF:33:加砂中:缝口暂堵:砂比:mean
E1744,砂比方差: 11.0303,stat,,,,,worktype_stats:红页L1HF:33:加砂中:缝口暂堵:砂比:var
E1745,排量平均值: 24.04,stat,,,,,worktype_stats:红页L1HF:33:加砂中:缝口暂堵:排量:mean
E1746,排量方差: 0.0,stat,,,,,worktype_stats:红页L1HF:33:加砂中:缝口暂堵:排量:var
E1747,施工泵压平均值: 57.4441,stat,,,,,worktype_stats:红页L1HF:33:加砂中:缝口暂堵:施工泵压:mean
E1748,施工泵压方差: 0.0196,stat,,,,,worktype_stats:红页L1HF:33:加砂中:缝口暂堵:施工泵压:var
E1749,当前建议: 无建议,suggestion,,,,,suggestion:红页L1HF:33:加砂中:缝口暂堵
E1750,施工情况 加砂后,condition,,,,,condition:红页L1HF:33:加砂后
E1751,施工时间 2024-01-21 10:02:40,time,,,,,condition_time:红页L1HF:33:加砂后
E1752,砂比平均值: 无数据,stat,,,,,condition_stats:红页L1HF:33:加砂后:砂比:mean
E1753,砂比方差: 无数据,stat,,,,,condition_stats:红页L1HF:33:加砂后:砂比:var
E1754,排量平均值: 1.3431,stat,,,,,condition_stats:红页L1HF:33:加砂后:排量:mean
E1755,排量方差: 28.4005,stat,,,,,condition_stats:红页L1HF:33:加砂后:排量:var
E1756,施工泵压平均值: 38.8747,stat,,,,,condition_stats:红页L1HF:33:加砂后:施工泵压:mean
E1757,施工泵压方差: 49.3686,stat,,,,,condition_stats:红页L1HF:33:加砂后:施工泵压:var
E1758,段号 34,segment,,,,,segment:红页L1HF:34
E1759,段号时间 2024-01-21 14:15:10,time,,,,,segment_time:红页L1HF:34
E1760,砂比平均值: 10.0459,stat,,,,,segment_stats:红页L1HF:34:砂比:mean
E1761,砂比方差: 7.1363,stat,,,,,segment_stats:红页L1HF:34:砂比:var
E1762,排量平均值: 14.5902,stat,,,,,segment_stats:红页L1HF:34:排量:mean
E1763,排量方差: 123.0517,stat,,,,,segment_stats:红页L1HF:34:排量:var
E1764,施工泵压平均值: 49.6341,stat,,,,,segment_stats:红页L1HF:34:施工泵压:mean
E1765,施工泵压方差: 156.5052,stat,,,,,segment_stats:红页L1HF:34:施工泵压:var
E1766,施工情况 加砂前,condition,,,,,condition:红页L1HF:34:加砂前
E1767,施工时间 2024-01-21 14:15:10,time,,,,,condition_time:红页L1HF:34:加砂前
E1768,砂比平均值: 无数据,stat,,,,,condition_stats:红页L1HF:34:加砂前:砂比:mean
E1769,砂比方差: 无数据,stat,,,,,condition_stats:红页L1HF:34:加砂前:砂比:var
E1770,排量平均值: 8.1314,stat,,,,,condition_stats:红页L1HF:34:加砂前:排量:mean
E1771,排量方差: 86.0413,stat,,,,,condition_stats:红页L1HF:34:加砂前:排量:var
E1772,施工泵压平均值: 45.57,stat,,,,,condition_stats:红页L1HF:34:加砂前:施工泵压:mean
E1773,施工泵压方差: 255.2256,stat,,,,,condition_stats:红页L1HF:34:加砂前:施工泵压:var
E1774,施工情况 加砂中,condition,,,,,condition:红页L1HF:34:加砂中
E1775,施工时间 2024-01-21 14:53:20,time,,,,,condition_time:红页L1HF:34:加砂中
E1776,砂比平均值: 10.0459,stat,,,,,condition_stats:红页L1HF:34:加砂中:砂比:mean
E1777,砂比方差: 7.1363,stat,,,,,condition_stats:红页L1HF:34:加砂中:砂比:var
E1778,排量平均值: 22.6289,stat,,,,,condition_stats:红页L1HF:34:加砂中:排量:mean
E1779,排量方差: 23.9665,stat,,,,,condition_stats:红页L1HF:34:加砂中:排量:var
E1780,施工泵压平均值: 56.7426,stat,,,,,condition_stats:红页L1HF:34:加砂中:施工泵压:mean
E1781,施工泵压方差: 26.9622,stat,,,,,condition_stats:红页L1HF:34:加砂中:施工泵压:var
E1782,工况 缝内暂堵,worktype,,,,,worktype:红页L1HF:34:加砂中:缝内暂堵
E1783,工况时间 2024-01-21 15:08:40,time,,,,,worktype_time:红页L1HF:34:加砂中:缝内暂堵
E1784,砂比平均值: 无数据,stat,,,,,worktype_stats:红页L1HF:34:加砂中:缝内暂堵:砂比:mean
E1785,砂比方差: 无数据,stat,,,,,worktype_stats:红页L1HF:34:加砂中:缝内暂堵:砂比:var
E1786,排量平均值: 11.7518,stat,,,,,worktype_stats:红页L1HF:34:加砂中:缝内暂堵:排量:mean
E1787,排量方差: 75.0805,stat,,,,,worktype_stats:红页L1HF:34:加砂中:缝内暂堵:排量:var
E1788,施工泵压平均值: 45.0954,stat,,,,,worktype_stats:红页L1HF:34:加砂中:缝内暂堵:施工泵压:mean
E1789,施工泵压方差: 64.9833,stat,,,,,worktype_stats:红页L1HF:34:加砂中:缝内暂堵:施工泵压:var
E1790,当前建议: 无建议,suggestion,,,,,suggestion:红页L1HF:34:加砂中:缝内暂堵
E1791,工况 缝口暂堵,worktype,,,,,worktype:红页L1HF:34:加砂中:缝口暂堵
E1792,工况时间 2024-01-21 15:35:50,time,,,,,worktype_time:红页L1HF:34:加砂中:缝口暂堵
E1793,砂比平均值: 8.8077,stat,,,,,worktype_stats:红页L1HF:34:加砂中:缝口暂堵:砂比:mean
E1794,砂比方差: 9.0438,stat,,,,,worktype_stats:红页L1HF:34:加砂中:缝口暂堵:砂比:var
E1795,排量平均值: 24.0064,stat,,,,,worktype_stats:红页L1HF:34:加砂中:缝口暂堵:排量:mean
E1796,排量方差: 0.0,stat,,,,,worktype_stats:红页L1HF:34:加砂中:缝口暂堵:排量:var
E1797,施工泵压平均值: 57.399,stat,,,,,worktype_stats:红页L1HF:34:加砂中:缝口暂堵:施工泵压:mean
E1798,施工泵压方差: 0.6,stat,,,,,worktype_stats:红页L1HF:34:加砂中:缝口暂堵:施工泵压:var
E1799,当前建议: 无建议,suggestion,,,,,suggestion:红页L1HF:34:加砂中:缝口暂堵
E1800,施工情况 加砂后,condition,,,,,condition:红页L1HF:34:加砂后
E1801,施工时间 2024-01-21 16:32:10,time,,,,,condition_time:红页L1HF:34:加砂后
E1802,砂比平均值: 无数据,stat,,,,,condition_stats:红页L1HF:34:加砂后:砂比:mean
E1803,砂比方差: 无数据,stat,,,,,condition_stats:红页L1HF:34:加砂后:砂比:var
E1804,排量平均值: 1.5161,stat,,,,,condition_stats:红页L1HF:34:加砂后:排量:mean
E1805,排量方差: 31.9933,stat,,,,,condition_stats:红页L1HF:34:加砂后:排量:var
E1806,施工泵压平均值: 36.3656,stat,,,,,condition_stats:红页L1HF:34:加砂后:施工泵压:mean
E1807,施工泵压方差: 55.3223,stat,,,,,condition_stats:红页L1HF:34:加砂后:施工泵压:var
E1808,段号 4,segment,,,,,segment:红页L1HF:4
E1809,段号时间 2024-01-06 08:01:40,time,,,,,segment_time:红页L1HF:4
E1810,砂比平均值: 9.6576,stat,,,,,segment_stats:红页L1HF:4:砂比:mean
E1811,砂比方差: 6.8597,stat,,,,,segment_stats:红页L1HF:4:砂比:var
E1812,排量平均值: 15.96,stat,,,,,segment_stats:红页L1HF:4:排量:mean
E1813,排量方差: 105.9916,stat,,,,,segment_stats:红页L1HF:4:排量:var
E1814,施工泵压平均值: 61.5334,stat,,,,,segment_stats:红页L1HF:4:施工泵压:mean
E1815,施工泵压方差: 339.6085,stat,,,,,segment_stats:红页L1HF:4:施工泵压:var
E1816,施工情况 加砂前,condition,,,,,condition:红页L1HF:4:加砂前
E1817,施工时间 2024-01-06 08:01:40,time,,,,,condition_time:红页L1HF:4:加砂前
E1818,砂比平均值: 无数据,stat,,,,,condition_stats:红页L1HF:4:加砂前:砂比:mean
E1819,砂比方差: 无数据,stat,,,,,condition_stats:红页L1HF:4:加砂前:砂比:var
E1820,排量平均值: 5.955,stat,,,,,condition_stats:红页L1HF:4:加砂前:排量:mean
E1821,排量方差: 41.0413,stat,,,,,condition_stats:红页L1HF:4:加砂前:排量:var
E1822,施工泵压平均值: 48.7356,stat,,,,,condition_stats:红页L1HF:4:加砂前:施工泵压:mean
E1823,施工泵压方差: 305.0477,stat,,,,,condition_stats:红页L1HF:4:加砂前:施工泵压:var
E1824,施工情况 加砂中,condition,,,,,condition:红页L1HF:4:加砂中
E1825,施工时间 2024-01-06 08:36:10,time,,,,,condition_time:红页L1HF:4:加砂中
E1826,砂比平均值: 9.6576,stat,,,,,condition_stats:红页L1HF:4:加砂中:砂比:mean
E1827,砂比方差: 6.8597,stat,,,,,condition_stats:红页L1HF:4:加砂中:砂比:var
E1828,排量平均值: 22.9019,stat,,,,,condition_stats:红页L1HF:4:加砂中:排量:mean
E1829,排量方差: 10.388,stat,,,,,condition_stats:红页L1HF:4:加砂中:排量:var
E1830,施工泵压平均值: 72.4201,stat,,,,,condition_stats:红页L1HF:4:加砂中:施工泵压:mean
E1831,施工泵压方差: 58.9505,stat,,,,,condition_stats:红页L1HF:4:加砂中:施工泵压:var
E1832,工况 主缝延伸,worktype,,,,,worktype:红页L1HF:4:加砂中:主缝延伸
E1833,工况时间 2024-01-06 08:38:30,time,,,,,worktype_time:红页L1HF:4:加砂中:主缝延伸
E1834,砂比平均值: 7.666,stat,,,,,worktype_stats:红页L1HF:4:加砂中:主缝延伸:砂比:mean
E1835,砂比方差: 3.7744,stat,,,,,worktype_stats:红页L1HF:4:加砂中:主缝延伸:砂比:var
E1836,排量平均值: 24.0164,stat,,,,,worktype_stats:红页L1HF:4:加砂中:主缝延伸:排量:mean
E1837,排量方差: 0.0001,stat,,,,,worktype_stats:红页L1HF:4:加砂中:主缝延伸:排量:var
E1838,施工泵压平均值: 73.9211,stat,,,,,worktype_stats:红页L1HF:4:加砂中:主缝延伸:施工泵压:mean
E1839,施工泵压方差: 0.7635,stat,,,,,worktype_stats:红页L1HF:4:加砂中:主缝延伸:施工泵压:var
E1840,当前建议: 保持当前措施,suggestion,,,,,suggestion:红页L1HF:4:加砂中:主缝延伸
E1841,工况 缝内暂堵,worktype,,,,,worktype:红页L1HF:4:加砂中:缝内暂堵
E1842,工况时间 2024-01-06 09:01:00,time,,,,,worktype_time:红页L1HF:4:加砂中:缝内暂堵
E1843,砂比平均值: 8.327,stat,,,,,worktype_stats:红页L1HF:4:加砂中:缝内暂堵:砂比:mean
E1844,砂比方差: 10.1955,stat,,,,,worktype_stats:红页L1HF:4:加砂中:缝内暂堵:砂比:var
E1845,排量平均值: 24.0233,stat,,,,,worktype_stats:红页L1HF:4:加砂中:缝内暂堵:排量:mean
E1846,排量方差: 0.002,stat,,,,,worktype_stats:红页L1HF:4:加砂中:缝内暂堵:排量:var
E1847,施工泵压平均值: 74.1918,stat,,,,,worktype_stats:红页L1HF:4:加砂中:缝内暂堵:施工泵压:mean
E1848,施工泵压方差: 5.4838,stat,,,,,worktype_stats:红页L1HF:4:加砂中:缝内暂堵:施工泵压:var
E1849,当前建议: 无建议,suggestion,,,,,suggestion:红页L1HF:4:加砂中:缝内暂堵
E1850,工况 缝口暂堵,worktype,,,,,worktype:红页L1HF:4:加砂中:缝口暂堵
E1851,工况时间 2024-01-06 09:17:40,time,,,,,worktype_time:红页L1HF:4:加砂中:缝口暂堵
E1852,砂比平均值: 8.6333,stat,,,,,worktype_stats:红页L1HF:4:加砂中:缝口暂堵:砂比:mean
E1853,砂比方差: 3.4622,stat,,,,,worktype_stats:红页L1HF:4:加砂中:缝口暂堵:砂比:var
E1854,排量平均值: 18.7298,stat,,,,,worktype_stats:红页L1HF:4:加砂中:缝口暂堵:排量:mean
E1855,排量方差: 21.9985,stat,,,,,worktype_stats:红页L1HF:4:加砂中:缝口暂堵:排量:var
E1856,施工泵压平均值: 62.3004,stat,,,,,worktype_stats:红页L1HF:4:加砂中:缝口暂堵:施工泵压:mean
E1857,施工泵压方差: 132.036,stat,,,,,worktype_stats:红页L1HF:4:加砂中:缝口暂堵:施工泵压:var
E1858,当前建议: 无建议,suggestion,,,,,suggestion:红页L1HF:4:加砂中:缝口暂堵
E1859,施工情况 加砂后,condition,,,,,condition:红页L1HF:4:加砂后
E1860,施工时间 2024-01-06 10:37:30,time,,,,,condition_time:红页L1HF:4:加砂后
E1861,砂比平均值: 无数据,stat,,,,,condition_stats:红页L1HF:4:加砂后:砂比:mean
E1862,砂比方差: 无数据,stat,,,,,condition_stats:红页L1HF:4:加砂后:砂比:var
E1863,排量平均值: 2.8744,stat,,,,,condition_stats:红页L1HF:4:加砂后:排量:mean
E1864,排量方差: 56.9967,stat,,,,,condition_stats:红页L1HF:4:加砂后:排量:var
E1865,施工泵压平均值: 38.1476,stat,,,,,condition_stats:红页L1HF:4:加砂后:施工泵压:mean
E1866,施工泵压方差: 201.7823,stat,,,,,condition_stats:红页L1HF:4:加砂后:施工泵压:var
E1867,段号 5,segment,,,,,segment:红页L1HF:5
E1868,段号时间 2024-01-06 15:57:50,time,,,,,segment_time:红页L1HF:5
E1869,砂比平均值: 9.7162,stat,,,,,segment_stats:红页L1HF:5:砂比:mean
E1870,砂比方差: 7.2378,stat,,,,,segment_stats:红页L1HF:5:砂比:var
E1871,排量平均值: 16.2208,stat,,,,,segment_stats:红页L1HF:5:排量:mean
E1872,排量方差: 103.2391,stat,,,,,segment_stats:红页L1HF:5:排量:var
E1873,施工泵压平均值: 63.6612,stat,,,,,segment_stats:红页L1HF:5:施工泵压:mean
E1874,施工泵压方差: 360.4246,stat,,,,,segment_stats:红页L1HF:5:施工泵压:var
E1875,施工情况 加砂前,condition,,,,,condition:红页L1HF:5:加砂前
E1876,施工时间 2024-01-06 15:57:50,time,,,,,condition_time:红页L1HF:5:加砂前
E1877,砂比平均值: 无数据,stat,,,,,condition_stats:红页L1HF:5:加砂前:砂比:mean
E1878,砂比方差: 无数据,stat,,,,,condition_stats:红页L1HF:5:加砂前:砂比:var
E1879,排量平均值: 7.5199,stat,,,,,condition_stats:红页L1HF:5:加砂前:排量:mean
E1880,排量方差: 51.1602,stat,,,,,condition_stats:红页L1HF:5:加砂前:排量:var
E1881,施工泵压平均值: 52.2201,stat,,,,,condition_stats:红页L1HF:5:加砂前:施工泵压:mean
E1882,施工泵压方差: 474.5012,stat,,,,,condition_stats:红页L1HF:5:加砂前:施工泵压:var
E1883,施工情况 加砂中,condition,,,,,condition:红页L1HF:5:加砂中
E1884,施工时间 2024-01-06 16:32:00,time,,,,,condition_time:红页L1HF:5:加砂中
E1885,砂比平均值: 9.7162,stat,,,,,condition_stats:红页L1HF:5:加砂中:砂比:mean
E1886,砂比方差: 7.2378,stat,,,,,condition_stats:红页L1HF:5:加砂中:砂比:var
E1887,排量平均值: 22.9621,stat,,,,,condition_stats:红页L1HF:5:加砂中:排量:mean
E1888,排量方差: 9.9416,stat,,,,,condition_stats:红页L1HF:5:加砂中:排量:var
E1889,施工泵压平均值: 74.3398,stat,,,,,condition_stats:红页L1HF:5:加砂中:施工泵压:mean
E1890,施工泵压方差: 62.372,stat,,,,,condition_stats:红页L1HF:5:加砂中:施工泵压:var
E1891,工况 缝内暂堵,worktype,,,,,worktype:红页L1HF:5:加砂中:缝内暂堵
E1892,工况时间 2024-01-06 16:57:30,time,,,,,worktype_time:红页L1HF:5:加砂中:缝内暂堵
E1893,砂比平均值: 8.6717,stat,,,,,worktype_stats:红页L1HF:5:加砂中:缝内暂堵:砂比:mean
E1894,砂比方差: 8.1707,stat,,,,,worktype_stats:红页L1HF:5:加砂中:缝内暂堵:砂比:var
E1895,排量平均值: 24.0017,stat,,,,,worktype_stats:红页L1HF:5:加砂中:缝内暂堵:排量:mean
E1896,排量方差: 0.0001,stat,,,,,worktype_stats:红页L1HF:5:加砂中:缝内暂堵:排量:var
E1897,施工泵压平均值: 74.2526,stat,,,,,worktype_stats:红页L1HF:5:加砂中:缝内暂堵:施工泵压:mean
E1898,施工泵压方差: 10.2918,stat,,,,,worktype_stats:红页L1HF:5:加砂中:缝内暂堵:施工泵压:var
E1899,当前建议: 无建议,suggestion,,,,,suggestion:红页L1HF:5:加砂中:缝内暂堵
E1900,工况 缝口暂堵,worktype,,,,,worktype:红页L1HF:5:加砂中:缝口暂堵
E1901,工况时间 2024-01-06 17:14:40,time,,,,,worktype_time:红页L1HF:5:加砂中:缝口暂堵
E1902,砂比平均值: 8.6127,stat,,,,,worktype_stats:红页L1HF:5:加砂中:缝口暂堵:砂比:mean
E1903,砂比方差: 5.5183,stat,,,,,worktype_stats:红页L1HF:5:加砂中:缝口暂堵:砂比:var
E1904,排量平均值: 18.5345,stat,,,,,worktype_stats:红页L1HF:5:加砂中:缝口暂堵:排量:mean
E1905,排量方差: 25.5571,stat,,,,,worktype_stats:红页L1HF:5:加砂中:缝口暂堵:排量:var
E1906,施工泵压平均值: 63.2621,stat,,,,,worktype_stats:红页L1HF:5:加砂中:缝口暂堵:施工泵压:mean
E1907,施工泵压方差: 146.9356,stat,,,,,worktype_stats:红页L1HF:5:加砂中:缝口暂堵:施工泵压:var
E1908,当前建议: 无建议,suggestion,,,,,suggestion:红页L1HF:5:加砂中:缝口暂堵
E1909,施工情况 加砂后,condition,,,,,condition:红页L1HF:5:加砂后
E1910,施工时间 2024-01-06 18:36:40,time,,,,,condition_time:红页L1HF:5:加砂后
E1911,砂比平均值: 无数据,stat,,,,,condition_stats:红页L1HF:5:加砂后:砂比:mean
E1912,砂比方差: 无数据,stat,,,,,condition_stats:红页L1HF:5:加砂后:砂比:var
E1913,排量平均值: 2.7618,stat,,,,,condition_stats:红页L1HF:5:加砂后:排量:mean
E1914,排量方差: 55.576,stat,,,,,condition_stats:红页L1HF:5:加砂后:排量:var
E1915,施工泵压平均值: 40.0119,stat,,,,,condition_stats:红页L1HF:5:加砂后:施工泵压:mean
E1916,施工泵压方差: 161.0949,stat,,,,,condition_stats:红页L1HF:5:加砂后:施工泵压:var
E1917,段号 6,segment,,,,,segment:红页L1HF:6
E1918,段号时间 2024-01-07 07:53:30,time,,,,,segment_time:红页L1HF:6
E1919,砂比平均值: 10.2898,stat,,,,,segment_stats:红页L1HF:6:砂比:mean
E1920,砂比方差: 8.011,stat,,,,,segment_stats:红页L1HF:6:砂比:var
E1921,排量平均值: 15.0888,stat,,,,,segment_stats:红页L1HF:6:排量:mean
E1922,排量方差: 95.7004,stat,,,,,segment_stats:红页L1HF:6:排量:var
E1923,施工泵压平均值: 59.3533,stat,,,,,segment_stats:红页L1HF:6:施工泵压:mean
E1924,施工泵压方差: 333.1348,stat,,,,,segment_stats:红页L1HF:6:施工泵压:var
E1925,施工情况 加砂前,condition,,,,,condition:红页L1HF:6:加砂前
E1926,施工时间 2024-01-07 07:53:30,time,,,,,condition_time:红页L1HF:6:加砂前
E1927,砂比平均值: 无数据,stat,,,,,condition_stats:红页L1HF:6:加砂前:砂比:mean
E1928,砂比方差: 无数据,stat,,,,,condition_stats:红页L1HF:6:加砂前:砂比:var
E1929,排量平均值: 6.7911,stat,,,,,condition_stats:红页L1HF:6:加砂前:排量:mean
E1930,排量方差: 42.6271,stat,,,,,condition_stats:红页L1HF:6:加砂前:排量:var
E1931,施工泵压平均值: 49.1049,stat,,,,,condition_stats:红页L1HF:6:加砂前:施工泵压:mean
E1932,施工泵压方差: 520.8572,stat,,,,,condition_stats:红页L1HF:6:加砂前:施工泵压:var
E1933,施工情况 加砂中,condition,,,,,condition:红页L1HF:6:加砂中
E1934,施工时间 2024-01-07 08:30:20,time,,,,,condition_time:红页L1HF:6:加砂中
E1935,砂比平均值: 10.2898,stat,,,,,condition_stats:红页L1HF:6:加砂中:砂比:mean
E1936,砂比方差: 8.011,stat,,,,,condition_stats:红页L1HF:6:加砂中:砂比:var
E1937,排量平均值: 20.3101,stat,,,,,condition_stats:红页L1HF:6:加砂中:排量:mean
E1938,排量方差: 36.5346,stat,,,,,condition_stats:红页L1HF:6:加砂中:排量:var
E1939,施工泵压平均值: 66.5977,stat,,,,,condition_stats:红页L1HF:6:加砂中:施工泵压:mean
E1940,施工泵压方差: 162.5057,stat,,,,,condition_stats:红页L1HF:6:加砂中:施工泵压:var
E1941,工况 缝内暂堵,worktype,,,,,worktype:红页L1HF:6:加砂中:缝内暂堵
E1942,工况时间 2024-01-07 08:52:30,time,,,,,worktype_time:红页L1HF:6:加砂中:缝内暂堵
E1943,砂比平均值: 8.57,stat,,,,,worktype_stats:红页L1HF:6:加砂中:缝内暂堵:砂比:mean
E1944,砂比方差: 6.915,stat,,,,,worktype_stats:红页L1HF:6:加砂中:缝内暂堵:砂比:var
E1945,排量平均值: 15.6159,stat,,,,,worktype_stats:红页L1HF:6:加砂中:缝内暂堵:排量:mean
E1946,排量方差: 51.2546,stat,,,,,worktype_stats:红页L1HF:6:加砂中:缝内暂堵:排量:var
E1947,施工泵压平均值: 56.5715,stat,,,,,worktype_stats:红页L1HF:6:加砂中:缝内暂堵:施工泵压:mean
E1948,施工泵压方差: 190.2215,stat,,,,,worktype_stats:红页L1HF:6:加砂中:缝内暂堵:施工泵压:var
E1949,当前建议: 无建议,suggestion,,,,,suggestion:红页L1HF:6:加砂中:缝内暂堵
E1950,工况 缝口暂堵,worktype,,,,,worktype:红页L1HF:6:加砂中:缝口暂堵
E1951,工况时间 2024-01-07 09:14:30,time,,,,,worktype_time:红页L1HF:6:加砂中:缝口暂堵
E1952,砂比平均值: 8.2182,stat,,,,,worktype_stats:红页L1HF:6:加砂中:缝口暂堵:砂比:mean
E1953,砂比方差: 8.4459,stat,,,,,worktype_stats:红页L1HF:6:加砂中:缝口暂堵:砂比:var
E1954,排量平均值: 17.8221,stat,,,,,worktype_stats:红页L1HF:6:加砂中:缝口暂堵:排量:mean
E1955,排量方差: 29.9798,stat,,,,,worktype_stats:红页L1HF:6:加砂中:缝口暂堵:排量:var
E1956,施工泵压平均值: 59.5906,stat,,,,,worktype_stats:红页L1HF:6:加砂中:缝口暂堵:施工泵压:mean
E1957,施工泵压方差: 140.065,stat,,,,,worktype_stats:红页L1HF:6:加砂中:缝口暂堵:施工泵压:var
E1958,当前建议: 无建议,suggestion,,,,,suggestion:红页L1HF:6:加砂中:缝口暂堵
E1959,施工情况 加砂后,condition,,,,,condition:红页L1HF:6:加砂后
E1960,施工时间 2024-01-07 10:53:10,time,,,,,condition_time:红页L1HF:6:加砂后
E1961,砂比平均值: 无数据,stat,,,,,condition_stats:红页L1HF:6:加砂后:砂比:mean
E1962,砂比方差: 无数据,stat,,,,,condition_stats:红页L1HF:6:加砂后:砂比:var
E1963,排量平均值: 3.4255,stat,,,,,condition_stats:红页L1HF:6:加砂后:排量:mean
E1964,排量方差: 67.717,stat,,,,,condition_stats:红页L1HF:6:加砂后:排量:var
E1965,施工泵压平均值: 41.8394,stat,,,,,condition_stats:红页L1HF:6:加砂后:施工泵压:mean
E1966,施工泵压方差: 179.7057,stat,,,,,condition_stats:红页L1HF:6:加砂后:施工泵压:var
E1967,段号 7,segment,,,,,segment:红页L1HF:7
E1968,段号时间 2024-01-07 15:37:20,time,,,,,segment_time:红页L1HF:7
E1969,砂比平均值: 9.8497,stat,,,,,segment_stats:红页L1HF:7:砂比:mean
E1970,砂比方差: 9.4516,stat,,,,,segment_stats:红页L1HF:7:砂比:var
E1971,排量平均值: 16.1066,stat,,,,,segment_stats:红页L1HF:7:排量:mean
E1972,排量方差: 103.9132,stat,,,,,segment_stats:红页L1HF:7:排量:var
E1973,施工泵压平均值: 62.775,stat,,,,,segment_stats:红页L1HF:7:施工泵压:mean
E1974,施工泵压方差: 339.9973,stat,,,,,segment_stats:红页L1HF:7:施工泵压:var
E1975,施工情况 加砂前,condition,,,,,condition:红页L1HF:7:加砂前
E1976,施工时间 2024-01-07 15:37:20,time,,,,,condition_time:红页L1HF:7:加砂前
E1977,砂比平均值: 无数据,stat,,,,,condition_stats:红页L1HF:7:加砂前:砂比:mean
E1978,砂比方差: 无数据,stat,,,,,condition_stats:红页L1HF:7:加砂前:砂比:var
E1979,排量平均值: 6.8424,stat,,,,,condition_stats:红页L1HF:7:加砂前:排量:mean
E1980,排量方差: 47.1489,stat,,,,,condition_stats:红页L1HF:7:加砂前:排量:var
E1981,施工泵压平均值: 49.922,stat,,,,,condition_stats:红页L1HF:7:加砂前:施工泵压:mean
E1982,施工泵压方差: 436.6869,stat,,,,,condition_stats:红页L1HF:7:加砂前:施工泵压:var
E1983,施工情况 加砂中,condition,,,,,condition:红页L1HF:7:加砂中
E1984,施工时间 2024-01-07 16:14:50,time,,,,,condition_time:红页L1HF:7:加砂中
E1985,砂比平均值: 9.8497,stat,,,,,condition_stats:红页L1HF:7:加砂中:砂比:mean
E1986,砂比方差: 9.4516,stat,,,,,condition_stats:红页L1HF:7:加砂中:砂比:var
E1987,排量平均值: 22.7684,stat,,,,,condition_stats:红页L1HF:7:加砂中:排量:mean
E1988,排量方差: 13.9594,stat,,,,,condition_stats:红页L1HF:7:加砂中:排量:var
E1989,施工泵压平均值: 72.8734,stat,,,,,condition_stats:红页L1HF:7:加砂中:施工泵压:mean
E1990,施工泵压方差: 75.7245,stat,,,,,condition_stats:红页L1HF:7:加砂中:施工泵压:var
E1991,工况 缝内暂堵,worktype,,,,,worktype:红页L1HF:7:加砂中:缝内暂堵
E1992,工况时间 2024-01-07 16:41:00,time,,,,,worktype_time:红页L1HF:7:加砂中:缝内暂堵
E1993,砂比平均值: 7.375,stat,,,,,worktype_stats:红页L1HF:7:加砂中:缝内暂堵:砂比:mean
E1994,砂比方差: 6.74,stat,,,,,worktype_stats:红页L1HF:7:加砂中:缝内暂堵:砂比:var
E1995,排量平均值: 24.0296,stat,,,,,worktype_stats:红页L1HF:7:加砂中:缝内暂堵:排量:mean
E1996,排量方差: 0.0,stat,,,,,worktype_stats:红页L1HF:7:加砂中:缝内暂堵:排量:var
E1997,施工泵压平均值: 73.8307,stat,,,,,worktype_stats:红页L1HF:7:加砂中:缝内暂堵:施工泵压:mean
E1998,施工泵压方差: 7.5187,stat,,,,,worktype_stats:红页L1HF:7:加砂中:缝内暂堵:施工泵压:var
E1999,当前建议: 无建议,suggestion,,,,,suggestion:红页L1HF:7:加砂中:缝内暂堵
E2000,工况 缝口暂堵,worktype,,,,,worktype:红页L1HF:7:加砂中:缝口暂堵
E2001,工况时间 2024-01-07 16:59:10,time,,,,,worktype_time:红页L1HF:7:加砂中:缝口暂堵
E2002,砂比平均值: 8.07,stat,,,,,worktype_stats:红页L1HF:7:加砂中:缝口暂堵:砂比:mean
E2003,砂比方差: 6.3113,stat,,,,,worktype_stats:红页L1HF:7:加砂中:缝口暂堵:砂比:var
E2004,排量平均值: 17.7289,stat,,,,,worktype_stats:红页L1HF:7:加砂中:缝口暂堵:排量:mean
E2005,排量方差: 31.4744,stat,,,,,worktype_stats:红页L1HF:7:加砂中:缝口暂堵:排量:var
E2006,施工泵压平均值: 60.4759,stat,,,,,worktype_stats:红页L1HF:7:加砂中:缝口暂堵:施工泵压:mean
E2007,施工泵压方差: 148.8862,stat,,,,,worktype_stats:红页L1HF:7:加砂中:缝口暂堵:施工泵压:var
E2008,当前建议: 无建议,suggestion,,,,,suggestion:红页L1HF:7:加砂中:缝口暂堵
E2009,施工情况 加砂后,condition,,,,,condition:红页L1HF:7:加砂后
E2010,施工时间 2024-01-07 18:18:40,time,,,,,condition_time:红页L1HF:7:加砂后
E2011,砂比平均值: 无数据,stat,,,,,condition_stats:红页L1HF:7:加砂后:砂比:mean
E2012,砂比方差: 无数据,stat,,,,,condition_stats:红页L1HF:7:加砂后:砂比:var
E2013,排量平均值: 2.3637,stat,,,,,condition_stats:红页L1HF:7:加砂后:排量:mean
E2014,排量方差: 48.1347,stat,,,,,condition_stats:红页L1HF:7:加砂后:排量:var
E2015,施工泵压平均值: 40.5874,stat,,,,,condition_stats:红页L1HF:7:加砂后:施工泵压:mean
E2016,施工泵压方差: 141.3133,stat,,,,,condition_stats:红页L1HF:7:加砂后:施工泵压:var
E2017,段号 8,segment,,,,,segment:红页L1HF:8
E2018,段号时间 2024-01-08 08:09:50,time,,,,,segment_time:红页L1HF:8
E2019,砂比平均值: 9.5228,stat,,,,,segment_stats:红页L1HF:8:砂比:mean
E2020,砂比方差: 9.723,stat,,,,,segment_stats:红页L1HF:8:砂比:var
E2021,排量平均值: 16.2081,stat,,,,,segment_stats:红页L1HF:8:排量:mean
E2022,排量方差: 102.2264,stat,,,,,segment_stats:红页L1HF:8:排量:var
E2023,施工泵压平均值: 65.1319,stat,,,,,segment_stats:红页L1HF:8:施工泵压:mean
E2024,施工泵压方差: 368.6231,stat,,,,,segment_stats:红页L1HF:8:施工泵压:var
E2025,施工情况 加砂前,condition,,,,,condition:红页L1HF:8:加砂前
E2026,施工时间 2024-01-08 08:09:50,time,,,,,condition_time:红页L1HF:8:加砂前
E2027,砂比平均值: 无数据,stat,,,,,condition_stats:红页L1HF:8:加砂前:砂比:mean
E2028,砂比方差: 无数据,stat,,,,,condition_stats:红页L1HF:8:加砂前:砂比:var
E2029,排量平均值: 7.4086,stat,,,,,condition_stats:红页L1HF:8:加砂前:排量:mean
E2030,排量方差: 45.0587,stat,,,,,condition_stats:红页L1HF:8:加砂前:排量:var
E2031,施工泵压平均值: 52.1528,stat,,,,,condition_stats:红页L1HF:8:加砂前:施工泵压:mean
E2032,施工泵压方差: 512.5008,stat,,,,,condition_stats:红页L1HF:8:加砂前:施工泵压:var
E2033,施工情况 加砂中,condition,,,,,condition:红页L1HF:8:加砂中
E2034,施工时间 2024-01-08 08:42:50,time,,,,,condition_time:红页L1HF:8:加砂中
E2035,砂比平均值: 9.5228,stat,,,,,condition_stats:红页L1HF:8:加砂中:砂比:mean
E2036,砂比方差: 9.723,stat,,,,,condition_stats:红页L1HF:8:加砂中:砂比:var
E2037,排量平均值: 22.6567,stat,,,,,condition_stats:红页L1HF:8:加砂中:排量:mean
E2038,排量方差: 14.9543,stat,,,,,condition_stats:红页L1HF:8:加砂中:排量:var
E2039,施工泵压平均值: 75.4377,stat,,,,,condition_stats:红页L1HF:8:加砂中:施工泵压:mean
E2040,施工泵压方差: 86.54,stat,,,,,condition_stats:红页L1HF:8:加砂中:施工泵压:var
E2041,工况 缝内暂堵,worktype,,,,,worktype:红页L1HF:8:加砂中:缝内暂堵
E2042,工况时间 2024-01-08 09:06:50,time,,,,,worktype_time:红页L1HF:8:加砂中:缝内暂堵
E2043,砂比平均值: 6.3013,stat,,,,,worktype_stats:红页L1HF:8:加砂中:缝内暂堵:砂比:mean
E2044,砂比方差: 7.7233,stat,,,,,worktype_stats:红页L1HF:8:加砂中:缝内暂堵:砂比:var
E2045,排量平均值: 24.0066,stat,,,,,worktype_stats:红页L1HF:8:加砂中:缝内暂堵:排量:mean
E2046,排量方差: 0.0,stat,,,,,worktype_stats:红页L1HF:8:加砂中:缝内暂堵:排量:var
E2047,施工泵压平均值: 78.8783,stat,,,,,worktype_stats:红页L1HF:8:加砂中:缝内暂堵:施工泵压:mean
E2048,施工泵压方差: 3.7353,stat,,,,,worktype_stats:红页L1HF:8:加砂中:缝内暂堵:施工泵压:var
E2049,当前建议: 无建议,suggestion,,,,,suggestion:红页L1HF:8:加砂中:缝内暂堵
E2050,工况 缝口暂堵,worktype,,,,,worktype:红页L1HF:8:加砂中:缝口暂堵
E2051,工况时间 2024-01-08 09:25:40,time,,,,,worktype_time:红页L1HF:8:加砂中:缝口暂堵
E2052,砂比平均值: 7.4925,stat,,,,,worktype_stats:红页L1HF:8:加砂中:缝口暂堵:砂比:mean
E2053,砂比方差: 9.8907,stat,,,,,worktype_stats:红页L1HF:8:加砂中:缝口暂堵:砂比:var
E2054,排量平均值: 17.3265,stat,,,,,worktype_stats:红页L1HF:8:加砂中:缝口暂堵:排量:mean
E2055,排量方差: 32.061,stat,,,,,worktype_stats:红页L1HF:8:加砂中:缝口暂堵:排量:var
E2056,施工泵压平均值: 61.4497,stat,,,,,worktype_stats:红页L1HF:8:加砂中:缝口暂堵:施工泵压:mean
E2057,施工泵压方差: 160.6762,stat,,,,,worktype_stats:红页L1HF:8:加砂中:缝口暂堵:施工泵压:var
E2058,当前建议: 无建议,suggestion,,,,,suggestion:红页L1HF:8:加砂中:缝口暂堵
E2059,施工情况 加砂后,condition,,,,,condition:红页L1HF:8:加砂后
E2060,施工时间 2024-01-08 10:51:40,time,,,,,condition_time:红页L1HF:8:加砂后
E2061,砂比平均值: 无数据,stat,,,,,condition_stats:红页L1HF:8:加砂后:砂比:mean
E2062,砂比方差: 无数据,stat,,,,,condition_stats:红页L1HF:8:加砂后:砂比:var
E2063,排量平均值: 2.457,stat,,,,,condition_stats:红页L1HF:8:加砂后:排量:mean
E2064,排量方差: 50.2096,stat,,,,,condition_stats:红页L1HF:8:加砂后:排量:var
E2065,施工泵压平均值: 42.134,stat,,,,,condition_stats:红页L1HF:8:加砂后:施工泵压:mean
E2066,施工泵压方差: 146.5822,stat,,,,,condition_stats:红页L1HF:8:加砂后:施工泵压:var
E2067,段号 9,segment,,,,,segment:红页L1HF:9
E2068,段号时间 2024-01-08 15:11:50,time,,,,,segment_time:红页L1HF:9
E2069,砂比平均值: 10.5623,stat,,,,,segment_stats:红页L1HF:9:砂比:mean
E2070,砂比方差: 9.813,stat,,,,,segment_stats:红页L1HF:9:砂比:var
E2071,排量平均值: 16.5992,stat,,,,,segment_stats:红页L1HF:9:排量:mean
E2072,排量方差: 109.1847,stat,,,,,segment_stats:红页L1HF:9:排量:var
E2073,施工泵压平均值: 68.0467,stat,,,,,segment_stats:红页L1HF:9:施工泵压:mean
E2074,施工泵压方差: 385.0812,stat,,,,,segment_stats:红页L1HF:9:施工泵压:var
E2075,施工情况 加砂前,condition,,,,,condition:红页L1HF:9:加砂前
E2076,施工时间 2024-01-08 15:11:50,time,,,,,condition_time:红页L1HF:9:加砂前
E2077,砂比平均值: 无数据,stat,,,,,condition_stats:红页L1HF:9:加砂前:砂比:mean
E2078,砂比方差: 无数据,stat,,,,,condition_stats:红页L1HF:9:加砂前:砂比:var
E2079,排量平均值: 7.3884,stat,,,,,condition_stats:红页L1HF:9:加砂前:排量:mean
E2080,排量方差: 45.8474,stat,,,,,condition_stats:红页L1HF:9:加砂前:排量:var
E2081,施工泵压平均值: 53.8065,stat,,,,,condition_stats:红页L1HF:9:加砂前:施工泵压:mean
E2082,施工泵压方差: 447.902,stat,,,,,condition_stats:红页L1HF:9:加砂前:施工泵压:var
E2083,施工情况 加砂中,condition,,,,,condition:红页L1HF:9:加砂中
E2084,施工时间 2024-01-08 15:45:10,time,,,,,condition_time:红页L1HF:9:加砂中
E2085,砂比平均值: 10.5623,stat,,,,,condition_stats:红页L1HF:9:加砂中:砂比:mean
E2086,砂比方差: 9.813,stat,,,,,condition_stats:红页L1HF:9:加砂中:砂比:var
E2087,排量平均值: 23.9349,stat,,,,,condition_stats:红页L1HF:9:加砂中:排量:mean
E2088,排量方差: 3.5418,stat,,,,,condition_stats:红页L1HF:9:加砂中:排量:var
E2089,施工泵压平均值: 80.4844,stat,,,,,condition_stats:红页L1HF:9:加砂中:施工泵压:mean
E2090,施工泵压方差: 17.3255,stat,,,,,condition_stats:红页L1HF:9:加砂中:施工泵压:var
E2091,工况 缝内暂堵,worktype,,,,,worktype:红页L1HF:9:加砂中:缝内暂堵
E2092,工况时间 2024-01-08 16:03:10,time,,,,,worktype_time:红页L1HF:9:加砂中:缝内暂堵
E2093,砂比平均值: 9.1792,stat,,,,,worktype_stats:红页L1HF:9:加砂中:缝内暂堵:砂比:mean
E2094,砂比方差: 4.305,stat,,,,,worktype_stats:红页L1HF:9:加砂中:缝内暂堵:砂比:var
E2095,排量平均值: 24.0805,stat,,,,,worktype_stats:红页L1HF:9:加砂中:缝内暂堵:排量:mean
E2096,排量方差: 0.0002,stat,,,,,worktype_stats:红页L1HF:9:加砂中:缝内暂堵:排量:var
E2097,施工泵压平均值: 78.516,stat,,,,,worktype_stats:红页L1HF:9:加砂中:缝内暂堵:施工泵压:mean
E2098,施工泵压方差: 10.2081,stat,,,,,worktype_stats:红页L1HF:9:加砂中:缝内暂堵:施工泵压:var
E2099,当前建议: 无建议,suggestion,,,,,suggestion:红页L1HF:9:加砂中:缝内暂堵
E2100,工况 缝口暂堵,worktype,,,,,worktype:红页L1HF:9:加砂中:缝口暂堵
E2101,工况时间 2024-01-08 16:20:20,time,,,,,worktype_time:红页L1HF:9:加砂中:缝口暂堵
E2102,砂比平均值: 9.6205,stat,,,,,worktype_stats:红页L1HF:9:加砂中:缝口暂堵:砂比:mean
E2103,砂比方差: 12.5173,stat,,,,,worktype_stats:红页L1HF:9:加砂中:缝口暂堵:砂比:var
E2104,排量平均值: 24.0847,stat,,,,,worktype_stats:红页L1HF:9:加砂中:缝口暂堵:排量:mean
E2105,排量方差: 0.0,stat,,,,,worktype_stats:红页L1HF:9:加砂中:缝口暂堵:排量:var
E2106,施工泵压平均值: 78.7594,stat,,,,,worktype_stats:红页L1HF:9:加砂中:缝口暂堵:施工泵压:mean
E2107,施工泵压方差: 6.7148,stat,,,,,worktype_stats:红页L1HF:9:加砂中:缝口暂堵:施工泵压:var
E2108,当前建议: 无建议,suggestion,,,,,suggestion:红页L1HF:9:加砂中:缝口暂堵
E2109,施工情况 加砂后,condition,,,,,condition:红页L1HF:9:加砂后
E2110,施工时间 2024-01-08 17:41:20,time,,,,,condition_time:红页L1HF:9:加砂后
E2111,砂比平均值: 无数据,stat,,,,,condition_stats:红页L1HF:9:加砂后:砂比:mean
E2112,砂比方差: 无数据,stat,,,,,condition_stats:红页L1HF:9:加砂后:砂比:var
E2113,排量平均值: 2.1298,stat,,,,,condition_stats:红页L1HF:9:加砂后:排量:mean
E2114,排量方差: 44.3527,stat,,,,,condition_stats:红页L1HF:9:加砂后:排量:var
E2115,施工泵压平均值: 42.1773,stat,,,,,condition_stats:红页L1HF:9:加砂后:施工泵压:mean
E2116,施工泵压方差: 137.9729,stat,,,,,condition_stats:红页L1HF:9:加砂后:施工泵压:var
