entity_id,entity_name,entity_type,description,image_path,audio_path,video_path,source_node_id,raw_type
E0001,井号 红页L1HF,井,井号 红页L1HF 为井实体。,,,,well:红页L1HF,well
E0002,井号时间 2024-01-04 14:21:40,时间点,井号时间 2024-01-04 14:21:40 为时间点实体。,,,,well_time:红页L1HF,time
E0003,段号 1,压裂段,段号 1 为压裂段实体。,,,,segment:红页L1HF:1,segment
E0004,段号时间 2024-01-04 14:21:40,时间点,段号时间 2024-01-04 14:21:40 为时间点实体。,,,,segment_time:红页L1HF:1,time
E0005,砂比平均值: 6.5207,施工参数,砂比平均值: 6.5207 为施工参数特征。,,,,segment_stats:红页L1HF:1:砂比:mean,stat
E0006,砂比方差: 3.7453,施工参数,砂比方差: 3.7453 为施工参数特征。,,,,segment_stats:红页L1HF:1:砂比:var,stat
E0007,排量平均值: 11.0978,施工参数,排量平均值: 11.0978 为施工参数特征。,,,,segment_stats:红页L1HF:1:排量:mean,stat
E0008,排量方差: 86.5513,施工参数,排量方差: 86.5513 为施工参数特征。,,,,segment_stats:红页L1HF:1:排量:var,stat
E0009,施工泵压平均值: 57.1497,施工参数,施工泵压平均值: 57.1497 为施工参数特征。,,,,segment_stats:红页L1HF:1:施工泵压:mean,stat
E0010,施工泵压方差: 415.1877,施工参数,施工泵压方差: 415.1877 为施工参数特征。,,,,segment_stats:红页L1HF:1:施工泵压:var,stat
E0011,施工情况 加砂前,施工阶段,施工情况 加砂前 为施工阶段实体。,,,,condition:红页L1HF:1:加砂前,condition
E0012,施工时间 2024-01-04 14:21:40,时间点,施工时间 2024-01-04 14:21:40 为时间点实体。,,,,condition_time:红页L1HF:1:加砂前,time
E0013,砂比平均值: 无数据,施工参数,砂比平均值: 无数据 为施工参数特征。,,,,condition_stats:红页L1HF:1:加砂前:砂比:mean,stat
E0014,砂比方差: 无数据,施工参数,砂比方差: 无数据 为施工参数特征。,,,,condition_stats:红页L1HF:1:加砂前:砂比:var,stat
E0015,排量平均值: 6.455,施工参数,排量平均值: 6.455 为施工参数特征。,,,,condition_stats:红页L1HF:1:加砂前:排量:mean,stat
E0016,排量方差: 36.4102,施工参数,排量方差: 36.4102 为施工参数特征。,,,,condition_stats:红页L1HF:1:加砂前:排量:var,stat
E0017,施工泵压平均值: 61.8049,施工参数,施工泵压平均值: 61.8049 为施工参数特征。,,,,condition_stats:红页L1HF:1:加砂前:施工泵压:mean,stat
E0018,施工泵压方差: 228.6507,施工参数,施工泵压方差: 228.6507 为施工参数特征。,,,,condition_stats:红页L1HF:1:加砂前:施工泵压:var,stat
E0019,施工情况 加砂中,施工阶段,施工情况 加砂中 为施工阶段实体。,,,,condition:红页L1HF:1:加砂中,condition
E0020,施工时间 2024-01-04 15:06:20,时间点,施工时间 2024-01-04 15:06:20 为时间点实体。,,,,condition_time:红页L1HF:1:加砂中,time
E0021,砂比平均值: 6.5207,施工参数,砂比平均值: 6.5207 为施工参数特征。,,,,condition_stats:红页L1HF:1:加砂中:砂比:mean,stat
E0022,砂比方差: 3.7453,施工参数,砂比方差: 3.7453 为施工参数特征。,,,,condition_stats:红页L1HF:1:加砂中:砂比:var,stat
E0023,排量平均值: 20.6746,施工参数,排量平均值: 20.6746 为施工参数特征。,,,,condition_stats:红页L1HF:1:加砂中:排量:mean,stat
E0024,排量方差: 0.091,施工参数,排量方差: 0.091 为施工参数特征。,,,,condition_stats:红页L1HF:1:加砂中:排量:var,stat
E0025,施工泵压平均值: 70.7477,施工参数,施工泵压平均值: 70.7477 为施工参数特征。,,,,condition_stats:红页L1HF:1:加砂中:施工泵压:mean,stat
E0026,施工泵压方差: 1.514,施工参数,施工泵压方差: 1.514 为施工参数特征。,,,,condition_stats:红页L1HF:1:加砂中:施工泵压:var,stat
E0027,工况 主缝延伸,工况事件,工况 主缝延伸 为工况事件实体。,,,,worktype:红页L1HF:1:加砂中:主缝延伸,worktype
E0028,工况时间 2024-01-04 15:32:30,时间点,工况时间 2024-01-04 15:32:30 为时间点实体。,,,,worktype_time:红页L1HF:1:加砂中:主缝延伸,time
E0029,砂比平均值: 7.7158,施工参数,砂比平均值: 7.7158 为施工参数特征。,,,,worktype_stats:红页L1HF:1:加砂中:主缝延伸:砂比:mean,stat
E0030,砂比方差: 1.8924,施工参数,砂比方差: 1.8924 为施工参数特征。,,,,worktype_stats:红页L1HF:1:加砂中:主缝延伸:砂比:var,stat
E0031,排量平均值: 20.9446,施工参数,排量平均值: 20.9446 为施工参数特征。,,,,worktype_stats:红页L1HF:1:加砂中:主缝延伸:排量:mean,stat
E0032,排量方差: 0.0213,施工参数,排量方差: 0.0213 为施工参数特征。,,,,worktype_stats:红页L1HF:1:加砂中:主缝延伸:排量:var,stat
E0033,施工泵压平均值: 70.2212,施工参数,施工泵压平均值: 70.2212 为施工参数特征。,,,,worktype_stats:红页L1HF:1:加砂中:主缝延伸:施工泵压:mean,stat
E0034,施工泵压方差: 0.8402,施工参数,施工泵压方差: 0.8402 为施工参数特征。,,,,worktype_stats:红页L1HF:1:加砂中:主缝延伸:施工泵压:var,stat
E0035,当前建议: 保持当前措施,处置建议,当前建议: 保持当前措施 为处置建议实体。,,,,suggestion:红页L1HF:1:加砂中:主缝延伸,suggestion
E0036,施工情况 加砂后,施工阶段,施工情况 加砂后 为施工阶段实体。,,,,condition:红页L1HF:1:加砂后,condition
E0037,施工时间 2024-01-04 15:54:20,时间点,施工时间 2024-01-04 15:54:20 为时间点实体。,,,,condition_time:红页L1HF:1:加砂后,time
E0038,砂比平均值: 无数据,施工参数,砂比平均值: 无数据 为施工参数特征。,,,,condition_stats:红页L1HF:1:加砂后:砂比:mean,stat
E0039,砂比方差: 无数据,施工参数,砂比方差: 无数据 为施工参数特征。,,,,condition_stats:红页L1HF:1:加砂后:砂比:var,stat
E0040,排量平均值: 3.0861,施工参数,排量平均值: 3.0861 为施工参数特征。,,,,condition_stats:红页L1HF:1:加砂后:排量:mean,stat
E0041,排量方差: 53.5988,施工参数,排量方差: 53.5988 为施工参数特征。,,,,condition_stats:红页L1HF:1:加砂后:排量:var,stat
E0042,施工泵压平均值: 30.3825,施工参数,施工泵压平均值: 30.3825 为施工参数特征。,,,,condition_stats:红页L1HF:1:加砂后:施工泵压:mean,stat
E0043,施工泵压方差: 267.4653,施工参数,施工泵压方差: 267.4653 为施工参数特征。,,,,condition_stats:红页L1HF:1:加砂后:施工泵压:var,stat
E0044,工况 主缝延伸,工况事件,工况 主缝延伸 为工况事件实体。,,,,worktype:红页L1HF:1:加砂后:主缝延伸,worktype
E0045,工况时间 2024-01-04 15:54:20,时间点,工况时间 2024-01-04 15:54:20 为时间点实体。,,,,worktype_time:红页L1HF:1:加砂后:主缝延伸,time
E0046,砂比平均值: 无数据,施工参数,砂比平均值: 无数据 为施工参数特征。,,,,worktype_stats:红页L1HF:1:加砂后:主缝延伸:砂比:mean,stat
E0047,砂比方差: 无数据,施工参数,砂比方差: 无数据 为施工参数特征。,,,,worktype_stats:红页L1HF:1:加砂后:主缝延伸:砂比:var,stat
E0048,排量平均值: 20.9975,施工参数,排量平均值: 20.9975 为施工参数特征。,,,,worktype_stats:红页L1HF:1:加砂后:主缝延伸:排量:mean,stat
E0049,排量方差: 0.0,施工参数,排量方差: 0.0 为施工参数特征。,,,,worktype_stats:红页L1HF:1:加砂后:主缝延伸:排量:var,stat
E0050,施工泵压平均值: 70.265,施工参数,施工泵压平均值: 70.265 为施工参数特征。,,,,worktype_stats:红页L1HF:1:加砂后:主缝延伸:施工泵压:mean,stat
E0051,施工泵压方差: 0.0051,施工参数,施工泵压方差: 0.0051 为施工参数特征。,,,,worktype_stats:红页L1HF:1:加砂后:主缝延伸:施工泵压:var,stat
E0052,当前建议: 保持当前措施,处置建议,当前建议: 保持当前措施 为处置建议实体。,,,,suggestion:红页L1HF:1:加砂后:主缝延伸,suggestion
E0053,段号 10,压裂段,段号 10 为压裂段实体。,,,,segment:红页L1HF:10,segment
E0054,段号时间 2024-01-09 09:59:00,时间点,段号时间 2024-01-09 09:59:00 为时间点实体。,,,,segment_time:红页L1HF:10,time
E0055,砂比平均值: 9.3981,施工参数,砂比平均值: 9.3981 为施工参数特征。,,,,segment_stats:红页L1HF:10:砂比:mean,stat
E0056,砂比方差: 6.6821,施工参数,砂比方差: 6.6821 为施工参数特征。,,,,segment_stats:红页L1HF:10:砂比:var,stat
E0057,排量平均值: 18.6762,施工参数,排量平均值: 18.6762 为施工参数特征。,,,,segment_stats:红页L1HF:10:排量:mean,stat
E0058,排量方差: 92.1738,施工参数,排量方差: 92.1738 为施工参数特征。,,,,segment_stats:红页L1HF:10:排量:var,stat
E0059,施工泵压平均值: 72.1342,施工参数,施工泵压平均值: 72.1342 为施工参数特征。,,,,segment_stats:红页L1HF:10:施工泵压:mean,stat
E0060,施工泵压方差: 380.947,施工参数,施工泵压方差: 380.947 为施工参数特征。,,,,segment_stats:红页L1HF:10:施工泵压:var,stat
E0061,施工情况 加砂前,施工阶段,施工情况 加砂前 为施工阶段实体。,,,,condition:红页L1HF:10:加砂前,condition
E0062,施工时间 2024-01-09 09:59:00,时间点,施工时间 2024-01-09 09:59:00 为时间点实体。,,,,condition_time:红页L1HF:10:加砂前,time
E0063,砂比平均值: 无数据,施工参数,砂比平均值: 无数据 为施工参数特征。,,,,condition_stats:红页L1HF:10:加砂前:砂比:mean,stat
E0064,砂比方差: 无数据,施工参数,砂比方差: 无数据 为施工参数特征。,,,,condition_stats:红页L1HF:10:加砂前:砂比:var,stat
E0065,排量平均值: 13.351,施工参数,排量平均值: 13.351 为施工参数特征。,,,,condition_stats:红页L1HF:10:加砂前:排量:mean,stat
E0066,排量方差: 82.6414,施工参数,排量方差: 82.6414 为施工参数特征。,,,,condition_stats:红页L1HF:10:加砂前:排量:var,stat
E0067,施工泵压平均值: 55.6879,施工参数,施工泵压平均值: 55.6879 为施工参数特征。,,,,condition_stats:红页L1HF:10:加砂前:施工泵压:mean,stat
E0068,施工泵压方差: 341.0919,施工参数,施工泵压方差: 341.0919 为施工参数特征。,,,,condition_stats:红页L1HF:10:加砂前:施工泵压:var,stat
E0069,施工情况 加砂中,施工阶段,施工情况 加砂中 为施工阶段实体。,,,,condition:红页L1HF:10:加砂中,condition
E0070,施工时间 2024-01-09 10:05:50,时间点,施工时间 2024-01-09 10:05:50 为时间点实体。,,,,condition_time:红页L1HF:10:加砂中,time
E0071,砂比平均值: 9.3981,施工参数,砂比平均值: 9.3981 为施工参数特征。,,,,condition_stats:红页L1HF:10:加砂中:砂比:mean,stat
E0072,砂比方差: 6.6821,施工参数,砂比方差: 6.6821 为施工参数特征。,,,,condition_stats:红页L1HF:10:加砂中:砂比:var,stat
E0073,排量平均值: 23.6559,施工参数,排量平均值: 23.6559 为施工参数特征。,,,,condition_stats:红页L1HF:10:加砂中:排量:mean,stat
E0074,排量方差: 2.6753,施工参数,排量方差: 2.6753 为施工参数特征。,,,,condition_stats:红页L1HF:10:加砂中:排量:var,stat
E0075,施工泵压平均值: 82.179,施工参数,施工泵压平均值: 82.179 为施工参数特征。,,,,condition_stats:红页L1HF:10:加砂中:施工泵压:mean,stat
E0076,施工泵压方差: 32.7494,施工参数,施工泵压方差: 32.7494 为施工参数特征。,,,,condition_stats:红页L1HF:10:加砂中:施工泵压:var,stat
E0077,工况 缝内暂堵,工况事件,工况 缝内暂堵 为工况事件实体。,,,,worktype:红页L1HF:10:加砂中:缝内暂堵,worktype
E0078,工况时间 2024-01-09 10:23:30,时间点,工况时间 2024-01-09 10:23:30 为时间点实体。,,,,worktype_time:红页L1HF:10:加砂中:缝内暂堵,time
E0079,砂比平均值: 7.2755,施工参数,砂比平均值: 7.2755 为施工参数特征。,,,,worktype_stats:红页L1HF:10:加砂中:缝内暂堵:砂比:mean,stat
E0080,砂比方差: 4.8161,施工参数,砂比方差: 4.8161 为施工参数特征。,,,,worktype_stats:红页L1HF:10:加砂中:缝内暂堵:砂比:var,stat
E0081,排量平均值: 24.0287,施工参数,排量平均值: 24.0287 为施工参数特征。,,,,worktype_stats:红页L1HF:10:加砂中:缝内暂堵:排量:mean,stat
E0082,排量方差: 0.0005,施工参数,排量方差: 0.0005 为施工参数特征。,,,,worktype_stats:红页L1HF:10:加砂中:缝内暂堵:排量:var,stat
E0083,施工泵压平均值: 80.2892,施工参数,施工泵压平均值: 80.2892 为施工参数特征。,,,,worktype_stats:红页L1HF:10:加砂中:缝内暂堵:施工泵压:mean,stat
E0084,施工泵压方差: 13.6051,施工参数,施工泵压方差: 13.6051 为施工参数特征。,,,,worktype_stats:红页L1HF:10:加砂中:缝内暂堵:施工泵压:var,stat
E0085,当前建议: 无建议,处置建议,当前建议: 无建议 为处置建议实体。,,,,suggestion:红页L1HF:10:加砂中:缝内暂堵,suggestion
E0086,工况 缝口暂堵,工况事件,工况 缝口暂堵 为工况事件实体。,,,,worktype:红页L1HF:10:加砂中:缝口暂堵,worktype
E0087,工况时间 2024-01-09 10:43:30,时间点,工况时间 2024-01-09 10:43:30 为时间点实体。,,,,worktype_time:红页L1HF:10:加砂中:缝口暂堵,time
E0088,砂比平均值: 8.0,施工参数,砂比平均值: 8.0 为施工参数特征。,,,,worktype_stats:红页L1HF:10:加砂中:缝口暂堵:砂比:mean,stat
E0089,砂比方差: 5.1972,施工参数,砂比方差: 5.1972 为施工参数特征。,,,,worktype_stats:红页L1HF:10:加砂中:缝口暂堵:砂比:var,stat
E0090,排量平均值: 21.7838,施工参数,排量平均值: 21.7838 为施工参数特征。,,,,worktype_stats:红页L1HF:10:加砂中:缝口暂堵:排量:mean,stat
E0091,排量方差: 7.8297,施工参数,排量方差: 7.8297 为施工参数特征。,,,,worktype_stats:红页L1HF:10:加砂中:缝口暂堵:排量:var,stat
E0092,施工泵压平均值: 76.8416,施工参数,施工泵压平均值: 76.8416 为施工参数特征。,,,,worktype_stats:红页L1HF:10:加砂中:缝口暂堵:施工泵压:mean,stat
E0093,施工泵压方差: 90.8287,施工参数,施工泵压方差: 90.8287 为施工参数特征。,,,,worktype_stats:红页L1HF:10:加砂中:缝口暂堵:施工泵压:var,stat
E0094,当前建议: 无建议,处置建议,当前建议: 无建议 为处置建议实体。,,,,suggestion:红页L1HF:10:加砂中:缝口暂堵,suggestion
E0095,工况 主缝延伸,工况事件,工况 主缝延伸 为工况事件实体。,,,,worktype:红页L1HF:10:加砂中:主缝延伸,worktype
E0096,工况时间 2024-01-09 11:41:10,时间点,工况时间 2024-01-09 11:41:10 为时间点实体。,,,,worktype_time:红页L1HF:10:加砂中:主缝延伸,time
E0097,砂比平均值: 10.4547,施工参数,砂比平均值: 10.4547 为施工参数特征。,,,,worktype_stats:红页L1HF:10:加砂中:主缝延伸:砂比:mean,stat
E0098,砂比方差: 5.7079,施工参数,砂比方差: 5.7079 为施工参数特征。,,,,worktype_stats:红页L1HF:10:加砂中:主缝延伸:砂比:var,stat
E0099,排量平均值: 24.0767,施工参数,排量平均值: 24.0767 为施工参数特征。,,,,worktype_stats:红页L1HF:10:加砂中:主缝延伸:排量:mean,stat
E0100,排量方差: 0.0005,施工参数,排量方差: 0.0005 为施工参数特征。,,,,worktype_stats:红页L1HF:10:加砂中:主缝延伸:排量:var,stat
E0101,施工泵压平均值: 84.2148,施工参数,施工泵压平均值: 84.2148 为施工参数特征。,,,,worktype_stats:红页L1HF:10:加砂中:主缝延伸:施工泵压:mean,stat
E0102,施工泵压方差: 5.8633,施工参数,施工泵压方差: 5.8633 为施工参数特征。,,,,worktype_stats:红页L1HF:10:加砂中:主缝延伸:施工泵压:var,stat
E0103,当前建议: 保持当前措施,处置建议,当前建议: 保持当前措施 为处置建议实体。,,,,suggestion:红页L1HF:10:加砂中:主缝延伸,suggestion
E0104,施工情况 加砂后,施工阶段,施工情况 加砂后 为施工阶段实体。,,,,condition:红页L1HF:10:加砂后,condition
E0105,施工时间 2024-01-09 12:06:00,时间点,施工时间 2024-01-09 12:06:00 为时间点实体。,,,,condition_time:红页L1HF:10:加砂后,time
E0106,砂比平均值: 无数据,施工参数,砂比平均值: 无数据 为施工参数特征。,,,,condition_stats:红页L1HF:10:加砂后:砂比:mean,stat
E0107,砂比方差: 无数据,施工参数,砂比方差: 无数据 为施工参数特征。,,,,condition_stats:红页L1HF:10:加砂后:砂比:var,stat
E0108,排量平均值: 2.4341,施工参数,排量平均值: 2.4341 为施工参数特征。,,,,condition_stats:红页L1HF:10:加砂后:排量:mean,stat
E0109,排量方差: 49.4261,施工参数,排量方差: 49.4261 为施工参数特征。,,,,condition_stats:红页L1HF:10:加砂后:排量:var,stat
E0110,施工泵压平均值: 40.5062,施工参数,施工泵压平均值: 40.5062 为施工参数特征。,,,,condition_stats:红页L1HF:10:加砂后:施工泵压:mean,stat
E0111,施工泵压方差: 193.9675,施工参数,施工泵压方差: 193.9675 为施工参数特征。,,,,condition_stats:红页L1HF:10:加砂后:施工泵压:var,stat
E0112,工况 主缝延伸,工况事件,工况 主缝延伸 为工况事件实体。,,,,worktype:红页L1HF:10:加砂后:主缝延伸,worktype
E0113,工况时间 2024-01-09 12:06:00,时间点,工况时间 2024-01-09 12:06:00 为时间点实体。,,,,worktype_time:红页L1HF:10:加砂后:主缝延伸,time
E0114,砂比平均值: 无数据,施工参数,砂比平均值: 无数据 为施工参数特征。,,,,worktype_stats:红页L1HF:10:加砂后:主缝延伸:砂比:mean,stat
E0115,砂比方差: 无数据,施工参数,砂比方差: 无数据 为施工参数特征。,,,,worktype_stats:红页L1HF:10:加砂后:主缝延伸:砂比:var,stat
E0116,排量平均值: 24.09,施工参数,排量平均值: 24.09 为施工参数特征。,,,,worktype_stats:红页L1HF:10:加砂后:主缝延伸:排量:mean,stat
E0117,排量方差: 0.0,施工参数,排量方差: 0.0 为施工参数特征。,,,,worktype_stats:红页L1HF:10:加砂后:主缝延伸:排量:var,stat
E0118,施工泵压平均值: 82.56,施工参数,施工泵压平均值: 82.56 为施工参数特征。,,,,worktype_stats:红页L1HF:10:加砂后:主缝延伸:施工泵压:mean,stat
E0119,施工泵压方差: 0.0,施工参数,施工泵压方差: 0.0 为施工参数特征。,,,,worktype_stats:红页L1HF:10:加砂后:主缝延伸:施工泵压:var,stat
E0120,当前建议: 保持当前措施,处置建议,当前建议: 保持当前措施 为处置建议实体。,,,,suggestion:红页L1HF:10:加砂后:主缝延伸,suggestion
E0121,段号 11,压裂段,段号 11 为压裂段实体。,,,,segment:红页L1HF:11,segment
E0122,段号时间 2024-01-09 16:10:00,时间点,段号时间 2024-01-09 16:10:00 为时间点实体。,,,,segment_time:红页L1HF:11,time
E0123,砂比平均值: 8.3647,施工参数,砂比平均值: 8.3647 为施工参数特征。,,,,segment_stats:红页L1HF:11:砂比:mean,stat
E0124,砂比方差: 9.2147,施工参数,砂比方差: 9.2147 为施工参数特征。,,,,segment_stats:红页L1HF:11:砂比:var,stat
E0125,排量平均值: 16.2039,施工参数,排量平均值: 16.2039 为施工参数特征。,,,,segment_stats:红页L1HF:11:排量:mean,stat
E0126,排量方差: 98.1173,施工参数,排量方差: 98.1173 为施工参数特征。,,,,segment_stats:红页L1HF:11:排量:var,stat
E0127,施工泵压平均值: 68.0071,施工参数,施工泵压平均值: 68.0071 为施工参数特征。,,,,segment_stats:红页L1HF:11:施工泵压:mean,stat
E0128,施工泵压方差: 377.2174,施工参数,施工泵压方差: 377.2174 为施工参数特征。,,,,segment_stats:红页L1HF:11:施工泵压:var,stat
E0129,施工情况 加砂前,施工阶段,施工情况 加砂前 为施工阶段实体。,,,,condition:红页L1HF:11:加砂前,condition
E0130,施工时间 2024-01-09 16:10:00,时间点,施工时间 2024-01-09 16:10:00 为时间点实体。,,,,condition_time:红页L1HF:11:加砂前,time
E0131,砂比平均值: 无数据,施工参数,砂比平均值: 无数据 为施工参数特征。,,,,condition_stats:红页L1HF:11:加砂前:砂比:mean,stat
E0132,砂比方差: 无数据,施工参数,砂比方差: 无数据 为施工参数特征。,,,,condition_stats:红页L1HF:11:加砂前:砂比:var,stat
E0133,排量平均值: 8.181,施工参数,排量平均值: 8.181 为施工参数特征。,,,,condition_stats:红页L1HF:11:加砂前:排量:mean,stat
E0134,排量方差: 52.9865,施工参数,排量方差: 52.9865 为施工参数特征。,,,,condition_stats:红页L1HF:11:加砂前:排量:var,stat
E0135,施工泵压平均值: 56.1228,施工参数,施工泵压平均值: 56.1228 为施工参数特征。,,,,condition_stats:红页L1HF:11:加砂前:施工泵压:mean,stat
E0136,施工泵压方差: 484.6932,施工参数,施工泵压方差: 484.6932 为施工参数特征。,,,,condition_stats:红页L1HF:11:加砂前:施工泵压:var,stat
E0137,工况 滤失过大,工况事件,工况 滤失过大 为工况事件实体。,,,,worktype:红页L1HF:11:加砂前:滤失过大,worktype
E0138,工况时间 2024-01-09 16:34:10,时间点,工况时间 2024-01-09 16:34:10 为时间点实体。,,,,worktype_time:红页L1HF:11:加砂前:滤失过大,time
E0139,砂比平均值: 无数据,施工参数,砂比平均值: 无数据 为施工参数特征。,,,,worktype_stats:红页L1HF:11:加砂前:滤失过大:砂比:mean,stat
E0140,砂比方差: 无数据,施工参数,砂比方差: 无数据 为施工参数特征。,,,,worktype_stats:红页L1HF:11:加砂前:滤失过大:砂比:var,stat
E0141,排量平均值: 17.8437,施工参数,排量平均值: 17.8437 为施工参数特征。,,,,worktype_stats:红页L1HF:11:加砂前:滤失过大:排量:mean,stat
E0142,排量方差: 16.8601,施工参数,排量方差: 16.8601 为施工参数特征。,,,,worktype_stats:红页L1HF:11:加砂前:滤失过大:排量:var,stat
E0143,施工泵压平均值: 84.2274,施工参数,施工泵压平均值: 84.2274 为施工参数特征。,,,,worktype_stats:红页L1HF:11:加砂前:滤失过大:施工泵压:mean,stat
E0144,施工泵压方差: 35.5345,施工参数,施工泵压方差: 35.5345 为施工参数特征。,,,,worktype_stats:红页L1HF:11:加砂前:滤失过大:施工泵压:var,stat
E0145,当前建议: 保持当前措施,处置建议,当前建议: 保持当前措施 为处置建议实体。,,,,suggestion:红页L1HF:11:加砂前:滤失过大,suggestion
E0146,施工情况 加砂中,施工阶段,施工情况 加砂中 为施工阶段实体。,,,,condition:红页L1HF:11:加砂中,condition
E0147,施工时间 2024-01-09 16:45:30,时间点,施工时间 2024-01-09 16:45:30 为时间点实体。,,,,condition_time:红页L1HF:11:加砂中,time
E0148,砂比平均值: 8.3647,施工参数,砂比平均值: 8.3647 为施工参数特征。,,,,condition_stats:红页L1HF:11:加砂中:砂比:mean,stat
E0149,砂比方差: 9.2147,施工参数,砂比方差: 9.2147 为施工参数特征。,,,,condition_stats:红页L1HF:11:加砂中:砂比:var,stat
E0150,排量平均值: 22.9672,施工参数,排量平均值: 22.9672 为施工参数特征。,,,,condition_stats:红页L1HF:11:加砂中:排量:mean,stat
E0151,排量方差: 4.0095,施工参数,排量方差: 4.0095 为施工参数特征。,,,,condition_stats:红页L1HF:11:加砂中:排量:var,stat
E0152,施工泵压平均值: 79.6283,施工参数,施工泵压平均值: 79.6283 为施工参数特征。,,,,condition_stats:红页L1HF:11:加砂中:施工泵压:mean,stat
E0153,施工泵压方差: 18.8136,施工参数,施工泵压方差: 18.8136 为施工参数特征。,,,,condition_stats:红页L1HF:11:加砂中:施工泵压:var,stat
E0154,工况 滤失过大,工况事件,工况 滤失过大 为工况事件实体。,,,,worktype:红页L1HF:11:加砂中:滤失过大,worktype
E0155,工况时间 2024-01-09 16:45:30,时间点,工况时间 2024-01-09 16:45:30 为时间点实体。,,,,worktype_time:红页L1HF:11:加砂中:滤失过大,time
E0156,砂比平均值: 3.075,施工参数,砂比平均值: 3.075 为施工参数特征。,,,,worktype_stats:红页L1HF:11:加砂中:滤失过大:砂比:mean,stat
E0157,砂比方差: 3.6819,施工参数,砂比方差: 3.6819 为施工参数特征。,,,,worktype_stats:红页L1HF:11:加砂中:滤失过大:砂比:var,stat
E0158,排量平均值: 24.08,施工参数,排量平均值: 24.08 为施工参数特征。,,,,worktype_stats:红页L1HF:11:加砂中:滤失过大:排量:mean,stat
E0159,排量方差: 0.0,施工参数,排量方差: 0.0 为施工参数特征。,,,,worktype_stats:红页L1HF:11:加砂中:滤失过大:排量:var,stat
E0160,施工泵压平均值: 73.0225,施工参数,施工泵压平均值: 73.0225 为施工参数特征。,,,,worktype_stats:红页L1HF:11:加砂中:滤失过大:施工泵压:mean,stat
E0161,施工泵压方差: 0.0005,施工参数,施工泵压方差: 0.0005 为施工参数特征。,,,,worktype_stats:红页L1HF:11:加砂中:滤失过大:施工泵压:var,stat
E0162,当前建议: 保持当前措施,处置建议,当前建议: 保持当前措施 为处置建议实体。,,,,suggestion:红页L1HF:11:加砂中:滤失过大,suggestion
E0163,工况 缝内暂堵,工况事件,工况 缝内暂堵 为工况事件实体。,,,,worktype:红页L1HF:11:加砂中:缝内暂堵,worktype
E0164,工况时间 2024-01-09 17:03:10,时间点,工况时间 2024-01-09 17:03:10 为时间点实体。,,,,worktype_time:红页L1HF:11:加砂中:缝内暂堵,time
E0165,砂比平均值: 5.4194,施工参数,砂比平均值: 5.4194 为施工参数特征。,,,,worktype_stats:红页L1HF:11:加砂中:缝内暂堵:砂比:mean,stat
E0166,砂比方差: 2.7383,施工参数,砂比方差: 2.7383 为施工参数特征。,,,,worktype_stats:红页L1HF:11:加砂中:缝内暂堵:砂比:var,stat
E0167,排量平均值: 24.0343,施工参数,排量平均值: 24.0343 为施工参数特征。,,,,worktype_stats:红页L1HF:11:加砂中:缝内暂堵:排量:mean,stat
E0168,排量方差: 0.0016,施工参数,排量方差: 0.0016 为施工参数特征。,,,,worktype_stats:红页L1HF:11:加砂中:缝内暂堵:排量:var,stat
E0169,施工泵压平均值: 77.4853,施工参数,施工泵压平均值: 77.4853 为施工参数特征。,,,,worktype_stats:红页L1HF:11:加砂中:缝内暂堵:施工泵压:mean,stat
E0170,施工泵压方差: 4.5135,施工参数,施工泵压方差: 4.5135 为施工参数特征。,,,,worktype_stats:红页L1HF:11:加砂中:缝内暂堵:施工泵压:var,stat
E0171,当前建议: 无建议,处置建议,当前建议: 无建议 为处置建议实体。,,,,suggestion:红页L1HF:11:加砂中:缝内暂堵,suggestion
E0172,工况 缝口暂堵,工况事件,工况 缝口暂堵 为工况事件实体。,,,,worktype:红页L1HF:11:加砂中:缝口暂堵,worktype
E0173,工况时间 2024-01-09 17:19:50,时间点,工况时间 2024-01-09 17:19:50 为时间点实体。,,,,worktype_time:红页L1HF:11:加砂中:缝口暂堵,time
E0174,砂比平均值: 6.0189,施工参数,砂比平均值: 6.0189 为施工参数特征。,,,,worktype_stats:红页L1HF:11:加砂中:缝口暂堵:砂比:mean,stat
E0175,砂比方差: 9.1929,施工参数,砂比方差: 9.1929 为施工参数特征。,,,,worktype_stats:红页L1HF:11:加砂中:缝口暂堵:砂比:var,stat
E0176,排量平均值: 21.3527,施工参数,排量平均值: 21.3527 为施工参数特征。,,,,worktype_stats:红页L1HF:11:加砂中:缝口暂堵:排量:mean,stat
E0177,排量方差: 6.4811,施工参数,排量方差: 6.4811 为施工参数特征。,,,,worktype_stats:红页L1HF:11:加砂中:缝口暂堵:排量:var,stat
E0178,施工泵压平均值: 78.7871,施工参数,施工泵压平均值: 78.7871 为施工参数特征。,,,,worktype_stats:红页L1HF:11:加砂中:缝口暂堵:施工泵压:mean,stat
E0179,施工泵压方差: 43.9393,施工参数,施工泵压方差: 43.9393 为施工参数特征。,,,,worktype_stats:红页L1HF:11:加砂中:缝口暂堵:施工泵压:var,stat
E0180,当前建议: 无建议,处置建议,当前建议: 无建议 为处置建议实体。,,,,suggestion:红页L1HF:11:加砂中:缝口暂堵,suggestion
E0181,工况 主缝延伸,工况事件,工况 主缝延伸 为工况事件实体。,,,,worktype:红页L1HF:11:加砂中:主缝延伸,worktype
E0182,工况时间 2024-01-09 18:26:40,时间点,工况时间 2024-01-09 18:26:40 为时间点实体。,,,,worktype_time:红页L1HF:11:加砂中:主缝延伸,time
E0183,砂比平均值: 6.7768,施工参数,砂比平均值: 6.7768 为施工参数特征。,,,,worktype_stats:红页L1HF:11:加砂中:主缝延伸:砂比:mean,stat
E0184,砂比方差: 5.0149,施工参数,砂比方差: 5.0149 为施工参数特征。,,,,worktype_stats:红页L1HF:11:加砂中:主缝延伸:砂比:var,stat
E0185,排量平均值: 22.2497,施工参数,排量平均值: 22.2497 为施工参数特征。,,,,worktype_stats:红页L1HF:11:加砂中:主缝延伸:排量:mean,stat
E0186,排量方差: 0.0302,施工参数,排量方差: 0.0302 为施工参数特征。,,,,worktype_stats:红页L1HF:11:加砂中:主缝延伸:排量:var,stat
E0187,施工泵压平均值: 83.2476,施工参数,施工泵压平均值: 83.2476 为施工参数特征。,,,,worktype_stats:红页L1HF:11:加砂中:主缝延伸:施工泵压:mean,stat
E0188,施工泵压方差: 2.8783,施工参数,施工泵压方差: 2.8783 为施工参数特征。,,,,worktype_stats:红页L1HF:11:加砂中:主缝延伸:施工泵压:var,stat
E0189,当前建议: 无建议,处置建议,当前建议: 无建议 为处置建议实体。,,,,suggestion:红页L1HF:11:加砂中:主缝延伸,suggestion
E0190,施工情况 加砂后,施工阶段,施工情况 加砂后 为施工阶段实体。,,,,condition:红页L1HF:11:加砂后,condition
E0191,施工时间 2024-01-09 18:53:40,时间点,施工时间 2024-01-09 18:53:40 为时间点实体。,,,,condition_time:红页L1HF:11:加砂后,time
E0192,砂比平均值: 无数据,施工参数,砂比平均值: 无数据 为施工参数特征。,,,,condition_stats:红页L1HF:11:加砂后:砂比:mean,stat
E0193,砂比方差: 无数据,施工参数,砂比方差: 无数据 为施工参数特征。,,,,condition_stats:红页L1HF:11:加砂后:砂比:var,stat
E0194,排量平均值: 2.4315,施工参数,排量平均值: 2.4315 为施工参数特征。,,,,condition_stats:红页L1HF:11:加砂后:排量:mean,stat
E0195,排量方差: 45.9831,施工参数,排量方差: 45.9831 为施工参数特征。,,,,condition_stats:红页L1HF:11:加砂后:排量:var,stat
E0196,施工泵压平均值: 42.3954,施工参数,施工泵压平均值: 42.3954 为施工参数特征。,,,,condition_stats:红页L1HF:11:加砂后:施工泵压:mean,stat
E0197,施工泵压方差: 192.6975,施工参数,施工泵压方差: 192.6975 为施工参数特征。,,,,condition_stats:红页L1HF:11:加砂后:施工泵压:var,stat
E0198,工况 主缝延伸,工况事件,工况 主缝延伸 为工况事件实体。,,,,worktype:红页L1HF:11:加砂后:主缝延伸,worktype
E0199,工况时间 2024-01-09 18:53:40,时间点,工况时间 2024-01-09 18:53:40 为时间点实体。,,,,worktype_time:红页L1HF:11:加砂后:主缝延伸,time
E0200,砂比平均值: 无数据,施工参数,砂比平均值: 无数据 为施工参数特征。,,,,worktype_stats:红页L1HF:11:加砂后:主缝延伸:砂比:mean,stat
E0201,砂比方差: 无数据,施工参数,砂比方差: 无数据 为施工参数特征。,,,,worktype_stats:红页L1HF:11:加砂后:主缝延伸:砂比:var,stat
E0202,排量平均值: 22.28,施工参数,排量平均值: 22.28 为施工参数特征。,,,,worktype_stats:红页L1HF:11:加砂后:主缝延伸:排量:mean,stat
E0203,排量方差: 0.0,施工参数,排量方差: 0.0 为施工参数特征。,,,,worktype_stats:红页L1HF:11:加砂后:主缝延伸:排量:var,stat
E0204,施工泵压平均值: 83.2775,施工参数,施工泵压平均值: 83.2775 为施工参数特征。,,,,worktype_stats:红页L1HF:11:加砂后:主缝延伸:施工泵压:mean,stat
E0205,施工泵压方差: 0.0026,施工参数,施工泵压方差: 0.0026 为施工参数特征。,,,,worktype_stats:红页L1HF:11:加砂后:主缝延伸:施工泵压:var,stat
E0206,当前建议: 无建议,处置建议,当前建议: 无建议 为处置建议实体。,,,,suggestion:红页L1HF:11:加砂后:主缝延伸,suggestion
E0207,段号 12,压裂段,段号 12 为压裂段实体。,,,,segment:红页L1HF:12,segment
E0208,段号时间 2024-01-10 07:57:30,时间点,段号时间 2024-01-10 07:57:30 为时间点实体。,,,,segment_time:红页L1HF:12,time
E0209,砂比平均值: 9.8198,施工参数,砂比平均值: 9.8198 为施工参数特征。,,,,segment_stats:红页L1HF:12:砂比:mean,stat
E0210,砂比方差: 6.9018,施工参数,砂比方差: 6.9018 为施工参数特征。,,,,segment_stats:红页L1HF:12:砂比:var,stat
E0211,排量平均值: 16.2737,施工参数,排量平均值: 16.2737 为施工参数特征。,,,,segment_stats:红页L1HF:12:排量:mean,stat
E0212,排量方差: 107.9838,施工参数,排量方差: 107.9838 为施工参数特征。,,,,segment_stats:红页L1HF:12:排量:var,stat
E0213,施工泵压平均值: 66.5042,施工参数,施工泵压平均值: 66.5042 为施工参数特征。,,,,segment_stats:红页L1HF:12:施工泵压:mean,stat
E0214,施工泵压方差: 322.1387,施工参数,施工泵压方差: 322.1387 为施工参数特征。,,,,segment_stats:红页L1HF:12:施工泵压:var,stat
E0215,施工情况 加砂前,施工阶段,施工情况 加砂前 为施工阶段实体。,,,,condition:红页L1HF:12:加砂前,condition
E0216,施工时间 2024-01-10 07:57:30,时间点,施工时间 2024-01-10 07:57:30 为时间点实体。,,,,condition_time:红页L1HF:12:加砂前,time
E0217,砂比平均值: 无数据,施工参数,砂比平均值: 无数据 为施工参数特征。,,,,condition_stats:红页L1HF:12:加砂前:砂比:mean,stat
E0218,砂比方差: 无数据,施工参数,砂比方差: 无数据 为施工参数特征。,,,,condition_stats:红页L1HF:12:加砂前:砂比:var,stat
E0219,排量平均值: 8.5328,施工参数,排量平均值: 8.5328 为施工参数特征。,,,,condition_stats:红页L1HF:12:加砂前:排量:mean,stat
E0220,排量方差: 55.1458,施工参数,排量方差: 55.1458 为施工参数特征。,,,,condition_stats:红页L1HF:12:加砂前:排量:var,stat
E0221,施工泵压平均值: 58.951,施工参数,施工泵压平均值: 58.951 为施工参数特征。,,,,condition_stats:红页L1HF:12:加砂前:施工泵压:mean,stat
E0222,施工泵压方差: 461.8671,施工参数,施工泵压方差: 461.8671 为施工参数特征。,,,,condition_stats:红页L1HF:12:加砂前:施工泵压:var,stat
E0223,工况 缝高延伸,工况事件,工况 缝高延伸 为工况事件实体。,,,,worktype:红页L1HF:12:加砂前:缝高延伸,worktype
E0224,工况时间 2024-01-10 08:19:40,时间点,工况时间 2024-01-10 08:19:40 为时间点实体。,,,,worktype_time:红页L1HF:12:加砂前:缝高延伸,time
E0225,砂比平均值: 无数据,施工参数,砂比平均值: 无数据 为施工参数特征。,,,,worktype_stats:红页L1HF:12:加砂前:缝高延伸:砂比:mean,stat
E0226,砂比方差: 无数据,施工参数,砂比方差: 无数据 为施工参数特征。,,,,worktype_stats:红页L1HF:12:加砂前:缝高延伸:砂比:var,stat
E0227,排量平均值: 18.0186,施工参数,排量平均值: 18.0186 为施工参数特征。,,,,worktype_stats:红页L1HF:12:加砂前:缝高延伸:排量:mean,stat
E0228,排量方差: 16.46,施工参数,排量方差: 16.46 为施工参数特征。,,,,worktype_stats:红页L1HF:12:加砂前:缝高延伸:排量:var,stat
E0229,施工泵压平均值: 84.5251,施工参数,施工泵压平均值: 84.5251 为施工参数特征。,,,,worktype_stats:红页L1HF:12:加砂前:缝高延伸:施工泵压:mean,stat
E0230,施工泵压方差: 31.0088,施工参数,施工泵压方差: 31.0088 为施工参数特征。,,,,worktype_stats:红页L1HF:12:加砂前:缝高延伸:施工泵压:var,stat
E0231,当前建议: 保持当前措施,处置建议,当前建议: 保持当前措施 为处置建议实体。,,,,suggestion:红页L1HF:12:加砂前:缝高延伸,suggestion
E0232,施工情况 加砂中,施工阶段,施工情况 加砂中 为施工阶段实体。,,,,condition:红页L1HF:12:加砂中,condition
E0233,施工时间 2024-01-10 08:31:00,时间点,施工时间 2024-01-10 08:31:00 为时间点实体。,,,,condition_time:红页L1HF:12:加砂中,time
E0234,砂比平均值: 9.8198,施工参数,砂比平均值: 9.8198 为施工参数特征。,,,,condition_stats:红页L1HF:12:加砂中:砂比:mean,stat
E0235,砂比方差: 6.9018,施工参数,砂比方差: 6.9018 为施工参数特征。,,,,condition_stats:红页L1HF:12:加砂中:砂比:var,stat
E0236,排量平均值: 23.7324,施工参数,排量平均值: 23.7324 为施工参数特征。,,,,condition_stats:红页L1HF:12:加砂中:排量:mean,stat
E0237,排量方差: 2.1989,施工参数,排量方差: 2.1989 为施工参数特征。,,,,condition_stats:红页L1HF:12:加砂中:排量:var,stat
E0238,施工泵压平均值: 77.2594,施工参数,施工泵压平均值: 77.2594 为施工参数特征。,,,,condition_stats:红页L1HF:12:加砂中:施工泵压:mean,stat
E0239,施工泵压方差: 15.2208,施工参数,施工泵压方差: 15.2208 为施工参数特征。,,,,condition_stats:红页L1HF:12:加砂中:施工泵压:var,stat
E0240,工况 缝内暂堵,工况事件,工况 缝内暂堵 为工况事件实体。,,,,worktype:红页L1HF:12:加砂中:缝内暂堵,worktype
E0241,工况时间 2024-01-10 08:48:10,时间点,工况时间 2024-01-10 08:48:10 为时间点实体。,,,,worktype_time:红页L1HF:12:加砂中:缝内暂堵,time
E0242,砂比平均值: 6.3645,施工参数,砂比平均值: 6.3645 为施工参数特征。,,,,worktype_stats:红页L1HF:12:加砂中:缝内暂堵:砂比:mean,stat
E0243,砂比方差: 2.6942,施工参数,砂比方差: 2.6942 为施工参数特征。,,,,worktype_stats:红页L1HF:12:加砂中:缝内暂堵:砂比:var,stat
E0244,排量平均值: 24.0116,施工参数,排量平均值: 24.0116 为施工参数特征。,,,,worktype_stats:红页L1HF:12:加砂中:缝内暂堵:排量:mean,stat
E0245,排量方差: 0.0001,施工参数,排量方差: 0.0001 为施工参数特征。,,,,worktype_stats:红页L1HF:12:加砂中:缝内暂堵:排量:var,stat
E0246,施工泵压平均值: 76.5925,施工参数,施工泵压平均值: 76.5925 为施工参数特征。,,,,worktype_stats:红页L1HF:12:加砂中:缝内暂堵:施工泵压:mean,stat
E0247,施工泵压方差: 8.9653,施工参数,施工泵压方差: 8.9653 为施工参数特征。,,,,worktype_stats:红页L1HF:12:加砂中:缝内暂堵:施工泵压:var,stat
E0248,当前建议: 无建议,处置建议,当前建议: 无建议 为处置建议实体。,,,,suggestion:红页L1HF:12:加砂中:缝内暂堵,suggestion
E0249,工况 缝口暂堵,工况事件,工况 缝口暂堵 为工况事件实体。,,,,worktype:红页L1HF:12:加砂中:缝口暂堵,worktype
E0250,工况时间 2024-01-10 09:49:40,时间点,工况时间 2024-01-10 09:49:40 为时间点实体。,,,,worktype_time:红页L1HF:12:加砂中:缝口暂堵,time
E0251,砂比平均值: 8.5068,施工参数,砂比平均值: 8.5068 为施工参数特征。,,,,worktype_stats:红页L1HF:12:加砂中:缝口暂堵:砂比:mean,stat
E0252,砂比方差: 7.6261,施工参数,砂比方差: 7.6261 为施工参数特征。,,,,worktype_stats:红页L1HF:12:加砂中:缝口暂堵:砂比:var,stat
E0253,排量平均值: 22.1333,施工参数,排量平均值: 22.1333 为施工参数特征。,,,,worktype_stats:红页L1HF:12:加砂中:缝口暂堵:排量:mean,stat
E0254,排量方差: 11.7725,施工参数,排量方差: 11.7725 为施工参数特征。,,,,worktype_stats:红页L1HF:12:加砂中:缝口暂堵:排量:var,stat
E0255,施工泵压平均值: 73.1143,施工参数,施工泵压平均值: 73.1143 为施工参数特征。,,,,worktype_stats:红页L1HF:12:加砂中:缝口暂堵:施工泵压:mean,stat
E0256,施工泵压方差: 50.9636,施工参数,施工泵压方差: 50.9636 为施工参数特征。,,,,worktype_stats:红页L1HF:12:加砂中:缝口暂堵:施工泵压:var,stat
E0257,当前建议: 无建议,处置建议,当前建议: 无建议 为处置建议实体。,,,,suggestion:红页L1HF:12:加砂中:缝口暂堵,suggestion
E0258,施工情况 加砂后,施工阶段,施工情况 加砂后 为施工阶段实体。,,,,condition:红页L1HF:12:加砂后,condition
E0259,施工时间 2024-01-10 10:31:10,时间点,施工时间 2024-01-10 10:31:10 为时间点实体。,,,,condition_time:红页L1HF:12:加砂后,time
E0260,砂比平均值: 无数据,施工参数,砂比平均值: 无数据 为施工参数特征。,,,,condition_stats:红页L1HF:12:加砂后:砂比:mean,stat
E0261,砂比方差: 无数据,施工参数,砂比方差: 无数据 为施工参数特征。,,,,condition_stats:红页L1HF:12:加砂后:砂比:var,stat
E0262,排量平均值: 1.9561,施工参数,排量平均值: 1.9561 为施工参数特征。,,,,condition_stats:红页L1HF:12:加砂后:排量:mean,stat
E0263,排量方差: 40.3114,施工参数,排量方差: 40.3114 为施工参数特征。,,,,condition_stats:红页L1HF:12:加砂后:排量:var,stat
E0264,施工泵压平均值: 42.5641,施工参数,施工泵压平均值: 42.5641 为施工参数特征。,,,,condition_stats:红页L1HF:12:加砂后:施工泵压:mean,stat
E0265,施工泵压方差: 117.6677,施工参数,施工泵压方差: 117.6677 为施工参数特征。,,,,condition_stats:红页L1HF:12:加砂后:施工泵压:var,stat
E0266,段号 13,压裂段,段号 13 为压裂段实体。,,,,segment:红页L1HF:13,segment
E0267,段号时间 2024-01-10 14:57:40,时间点,段号时间 2024-01-10 14:57:40 为时间点实体。,,,,segment_time:红页L1HF:13,time
E0268,砂比平均值: 9.4558,施工参数,砂比平均值: 9.4558 为施工参数特征。,,,,segment_stats:红页L1HF:13:砂比:mean,stat
E0269,砂比方差: 7.3203,施工参数,砂比方差: 7.3203 为施工参数特征。,,,,segment_stats:红页L1HF:13:砂比:var,stat
E0270,排量平均值: 16.2405,施工参数,排量平均值: 16.2405 为施工参数特征。,,,,segment_stats:红页L1HF:13:排量:mean,stat
E0271,排量方差: 107.5521,施工参数,排量方差: 107.5521 为施工参数特征。,,,,segment_stats:红页L1HF:13:排量:var,stat
E0272,施工泵压平均值: 65.4647,施工参数,施工泵压平均值: 65.4647 为施工参数特征。,,,,segment_stats:红页L1HF:13:施工泵压:mean,stat
E0273,施工泵压方差: 287.2276,施工参数,施工泵压方差: 287.2276 为施工参数特征。,,,,segment_stats:红页L1HF:13:施工泵压:var,stat
E0274,施工情况 加砂前,施工阶段,施工情况 加砂前 为施工阶段实体。,,,,condition:红页L1HF:13:加砂前,condition
E0275,施工时间 2024-01-10 14:57:40,时间点,施工时间 2024-01-10 14:57:40 为时间点实体。,,,,condition_time:红页L1HF:13:加砂前,time
E0276,砂比平均值: 无数据,施工参数,砂比平均值: 无数据 为施工参数特征。,,,,condition_stats:红页L1HF:13:加砂前:砂比:mean,stat
E0277,砂比方差: 无数据,施工参数,砂比方差: 无数据 为施工参数特征。,,,,condition_stats:红页L1HF:13:加砂前:砂比:var,stat
E0278,排量平均值: 7.1444,施工参数,排量平均值: 7.1444 为施工参数特征。,,,,condition_stats:红页L1HF:13:加砂前:排量:mean,stat
E0279,排量方差: 39.7376,施工参数,排量方差: 39.7376 为施工参数特征。,,,,condition_stats:红页L1HF:13:加砂前:排量:var,stat
E0280,施工泵压平均值: 56.187,施工参数,施工泵压平均值: 56.187 为施工参数特征。,,,,condition_stats:红页L1HF:13:加砂前:施工泵压:mean,stat
E0281,施工泵压方差: 385.1827,施工参数,施工泵压方差: 385.1827 为施工参数特征。,,,,condition_stats:红页L1HF:13:加砂前:施工泵压:var,stat
E0282,工况 缝高延伸,工况事件,工况 缝高延伸 为工况事件实体。,,,,worktype:红页L1HF:13:加砂前:缝高延伸,worktype
E0283,工况时间 2024-01-10 15:19:40,时间点,工况时间 2024-01-10 15:19:40 为时间点实体。,,,,worktype_time:红页L1HF:13:加砂前:缝高延伸,time
E0284,砂比平均值: 无数据,施工参数,砂比平均值: 无数据 为施工参数特征。,,,,worktype_stats:红页L1HF:13:加砂前:缝高延伸:砂比:mean,stat
E0285,砂比方差: 无数据,施工参数,砂比方差: 无数据 为施工参数特征。,,,,worktype_stats:红页L1HF:13:加砂前:缝高延伸:砂比:var,stat
E0286,排量平均值: 16.9782,施工参数,排量平均值: 16.9782 为施工参数特征。,,,,worktype_stats:红页L1HF:13:加砂前:缝高延伸:排量:mean,stat
E0287,排量方差: 10.3086,施工参数,排量方差: 10.3086 为施工参数特征。,,,,worktype_stats:红页L1HF:13:加砂前:缝高延伸:排量:var,stat
E0288,施工泵压平均值: 85.142,施工参数,施工泵压平均值: 85.142 为施工参数特征。,,,,worktype_stats:红页L1HF:13:加砂前:缝高延伸:施工泵压:mean,stat
E0289,施工泵压方差: 39.0722,施工参数,施工泵压方差: 39.0722 为施工参数特征。,,,,worktype_stats:红页L1HF:13:加砂前:缝高延伸:施工泵压:var,stat
E0290,当前建议: 保持当前措施,处置建议,当前建议: 保持当前措施 为处置建议实体。,,,,suggestion:红页L1HF:13:加砂前:缝高延伸,suggestion
E0291,施工情况 加砂中,施工阶段,施工情况 加砂中 为施工阶段实体。,,,,condition:红页L1HF:13:加砂中,condition
E0292,施工时间 2024-01-10 15:27:40,时间点,施工时间 2024-01-10 15:27:40 为时间点实体。,,,,condition_time:红页L1HF:13:加砂中,time
E0293,砂比平均值: 9.4558,施工参数,砂比平均值: 9.4558 为施工参数特征。,,,,condition_stats:红页L1HF:13:加砂中:砂比:mean,stat
E0294,砂比方差: 7.3203,施工参数,砂比方差: 7.3203 为施工参数特征。,,,,condition_stats:红页L1HF:13:加砂中:砂比:var,stat
E0295,排量平均值: 23.3571,施工参数,排量平均值: 23.3571 为施工参数特征。,,,,condition_stats:红页L1HF:13:加砂中:排量:mean,stat
E0296,排量方差: 7.8471,施工参数,排量方差: 7.8471 为施工参数特征。,,,,condition_stats:红页L1HF:13:加砂中:排量:var,stat
E0297,施工泵压平均值: 75.2453,施工参数,施工泵压平均值: 75.2453 为施工参数特征。,,,,condition_stats:红页L1HF:13:加砂中:施工泵压:mean,stat
E0298,施工泵压方差: 30.9334,施工参数,施工泵压方差: 30.9334 为施工参数特征。,,,,condition_stats:红页L1HF:13:加砂中:施工泵压:var,stat
E0299,工况 缝高延伸,工况事件,工况 缝高延伸 为工况事件实体。,,,,worktype:红页L1HF:13:加砂中:缝高延伸,worktype
E0300,工况时间 2024-01-10 15:27:40,时间点,工况时间 2024-01-10 15:27:40 为时间点实体。,,,,worktype_time:红页L1HF:13:加砂中:缝高延伸,time
E0301,砂比平均值: 3.9,施工参数,砂比平均值: 3.9 为施工参数特征。,,,,worktype_stats:红页L1HF:13:加砂中:缝高延伸:砂比:mean,stat
E0302,砂比方差: 1.44,施工参数,砂比方差: 1.44 为施工参数特征。,,,,worktype_stats:红页L1HF:13:加砂中:缝高延伸:砂比:var,stat
E0303,排量平均值: 24.05,施工参数,排量平均值: 24.05 为施工参数特征。,,,,worktype_stats:红页L1HF:13:加砂中:缝高延伸:排量:mean,stat
E0304,排量方差: 0.0,施工参数,排量方差: 0.0 为施工参数特征。,,,,worktype_stats:红页L1HF:13:加砂中:缝高延伸:排量:var,stat
E0305,施工泵压平均值: 70.45,施工参数,施工泵压平均值: 70.45 为施工参数特征。,,,,worktype_stats:红页L1HF:13:加砂中:缝高延伸:施工泵压:mean,stat
E0306,施工泵压方差: 0.0169,施工参数,施工泵压方差: 0.0169 为施工参数特征。,,,,worktype_stats:红页L1HF:13:加砂中:缝高延伸:施工泵压:var,stat
E0307,当前建议: 保持当前措施,处置建议,当前建议: 保持当前措施 为处置建议实体。,,,,suggestion:红页L1HF:13:加砂中:缝高延伸,suggestion
E0308,工况 缝内暂堵,工况事件,工况 缝内暂堵 为工况事件实体。,,,,worktype:红页L1HF:13:加砂中:缝内暂堵,worktype
E0309,工况时间 2024-01-10 15:45:10,时间点,工况时间 2024-01-10 15:45:10 为时间点实体。,,,,worktype_time:红页L1HF:13:加砂中:缝内暂堵,time
E0310,砂比平均值: 6.7989,施工参数,砂比平均值: 6.7989 为施工参数特征。,,,,worktype_stats:红页L1HF:13:加砂中:缝内暂堵:砂比:mean,stat
E0311,砂比方差: 4.8061,施工参数,砂比方差: 4.8061 为施工参数特征。,,,,worktype_stats:红页L1HF:13:加砂中:缝内暂堵:砂比:var,stat
E0312,排量平均值: 21.7382,施工参数,排量平均值: 21.7382 为施工参数特征。,,,,worktype_stats:红页L1HF:13:加砂中:缝内暂堵:排量:mean,stat
E0313,排量方差: 18.0965,施工参数,排量方差: 18.0965 为施工参数特征。,,,,worktype_stats:红页L1HF:13:加砂中:缝内暂堵:排量:var,stat
E0314,施工泵压平均值: 70.9966,施工参数,施工泵压平均值: 70.9966 为施工参数特征。,,,,worktype_stats:红页L1HF:13:加砂中:缝内暂堵:施工泵压:mean,stat
E0315,施工泵压方差: 70.4973,施工参数,施工泵压方差: 70.4973 为施工参数特征。,,,,worktype_stats:红页L1HF:13:加砂中:缝内暂堵:施工泵压:var,stat
E0316,当前建议: 无建议,处置建议,当前建议: 无建议 为处置建议实体。,,,,suggestion:红页L1HF:13:加砂中:缝内暂堵,suggestion
E0317,工况 缝口暂堵,工况事件,工况 缝口暂堵 为工况事件实体。,,,,worktype:红页L1HF:13:加砂中:缝口暂堵,worktype
E0318,工况时间 2024-01-10 16:05:20,时间点,工况时间 2024-01-10 16:05:20 为时间点实体。,,,,worktype_time:红页L1HF:13:加砂中:缝口暂堵,time
E0319,砂比平均值: 7.8864,施工参数,砂比平均值: 7.8864 为施工参数特征。,,,,worktype_stats:红页L1HF:13:加砂中:缝口暂堵:砂比:mean,stat
E0320,砂比方差: 1.9948,施工参数,砂比方差: 1.9948 为施工参数特征。,,,,worktype_stats:红页L1HF:13:加砂中:缝口暂堵:砂比:var,stat
E0321,排量平均值: 22.8089,施工参数,排量平均值: 22.8089 为施工参数特征。,,,,worktype_stats:红页L1HF:13:加砂中:缝口暂堵:排量:mean,stat
E0322,排量方差: 8.5626,施工参数,排量方差: 8.5626 为施工参数特征。,,,,worktype_stats:红页L1HF:13:加砂中:缝口暂堵:排量:var,stat
E0323,施工泵压平均值: 73.1351,施工参数,施工泵压平均值: 73.1351 为施工参数特征。,,,,worktype_stats:红页L1HF:13:加砂中:缝口暂堵:施工泵压:mean,stat
E0324,施工泵压方差: 28.9022,施工参数,施工泵压方差: 28.9022 为施工参数特征。,,,,worktype_stats:红页L1HF:13:加砂中:缝口暂堵:施工泵压:var,stat
E0325,当前建议: 无建议,处置建议,当前建议: 无建议 为处置建议实体。,,,,suggestion:红页L1HF:13:加砂中:缝口暂堵,suggestion
E0326,施工情况 加砂后,施工阶段,施工情况 加砂后 为施工阶段实体。,,,,condition:红页L1HF:13:加砂后,condition
E0327,施工时间 2024-01-10 17:30:10,时间点,施工时间 2024-01-10 17:30:10 为时间点实体。,,,,condition_time:红页L1HF:13:加砂后,time
E0328,砂比平均值: 无数据,施工参数,砂比平均值: 无数据 为施工参数特征。,,,,condition_stats:红页L1HF:13:加砂后:砂比:mean,stat
E0329,砂比方差: 无数据,施工参数,砂比方差: 无数据 为施工参数特征。,,,,condition_stats:红页L1HF:13:加砂后:砂比:var,stat
E0330,排量平均值: 2.1044,施工参数,排量平均值: 2.1044 为施工参数特征。,,,,condition_stats:红页L1HF:13:加砂后:排量:mean,stat
E0331,排量方差: 43.9277,施工参数,排量方差: 43.9277 为施工参数特征。,,,,condition_stats:红页L1HF:13:加砂后:排量:var,stat
E0332,施工泵压平均值: 43.4224,施工参数,施工泵压平均值: 43.4224 为施工参数特征。,,,,condition_stats:红页L1HF:13:加砂后:施工泵压:mean,stat
E0333,施工泵压方差: 137.7092,施工参数,施工泵压方差: 137.7092 为施工参数特征。,,,,condition_stats:红页L1HF:13:加砂后:施工泵压:var,stat
E0334,段号 14,压裂段,段号 14 为压裂段实体。,,,,segment:红页L1HF:14,segment
E0335,段号时间 2024-01-11 07:58:00,时间点,段号时间 2024-01-11 07:58:00 为时间点实体。,,,,segment_time:红页L1HF:14,time
E0336,砂比平均值: 9.4279,施工参数,砂比平均值: 9.4279 为施工参数特征。,,,,segment_stats:红页L1HF:14:砂比:mean,stat
E0337,砂比方差: 7.5171,施工参数,砂比方差: 7.5171 为施工参数特征。,,,,segment_stats:红页L1HF:14:砂比:var,stat
E0338,排量平均值: 16.8635,施工参数,排量平均值: 16.8635 为施工参数特征。,,,,segment_stats:红页L1HF:14:排量:mean,stat
E0339,排量方差: 106.256,施工参数,排量方差: 106.256 为施工参数特征。,,,,segment_stats:红页L1HF:14:排量:var,stat
E0340,施工泵压平均值: 67.0155,施工参数,施工泵压平均值: 67.0155 为施工参数特征。,,,,segment_stats:红页L1HF:14:施工泵压:mean,stat
E0341,施工泵压方差: 307.5522,施工参数,施工泵压方差: 307.5522 为施工参数特征。,,,,segment_stats:红页L1HF:14:施工泵压:var,stat
E0342,施工情况 加砂前,施工阶段,施工情况 加砂前 为施工阶段实体。,,,,condition:红页L1HF:14:加砂前,condition
E0343,施工时间 2024-01-11 07:58:00,时间点,施工时间 2024-01-11 07:58:00 为时间点实体。,,,,condition_time:红页L1HF:14:加砂前,time
E0344,砂比平均值: 无数据,施工参数,砂比平均值: 无数据 为施工参数特征。,,,,condition_stats:红页L1HF:14:加砂前:砂比:mean,stat
E0345,砂比方差: 无数据,施工参数,砂比方差: 无数据 为施工参数特征。,,,,condition_stats:红页L1HF:14:加砂前:砂比:var,stat
E0346,排量平均值: 8.1357,施工参数,排量平均值: 8.1357 为施工参数特征。,,,,condition_stats:红页L1HF:14:加砂前:排量:mean,stat
E0347,排量方差: 54.7228,施工参数,排量方差: 54.7228 为施工参数特征。,,,,condition_stats:红页L1HF:14:加砂前:排量:var,stat
E0348,施工泵压平均值: 54.6313,施工参数,施工泵压平均值: 54.6313 为施工参数特征。,,,,condition_stats:红页L1HF:14:加砂前:施工泵压:mean,stat
E0349,施工泵压方差: 356.0242,施工参数,施工泵压方差: 356.0242 为施工参数特征。,,,,condition_stats:红页L1HF:14:加砂前:施工泵压:var,stat
E0350,工况 缝高延伸,工况事件,工况 缝高延伸 为工况事件实体。,,,,worktype:红页L1HF:14:加砂前:缝高延伸,worktype
E0351,工况时间 2024-01-11 08:20:40,时间点,工况时间 2024-01-11 08:20:40 为时间点实体。,,,,worktype_time:红页L1HF:14:加砂前:缝高延伸,time
E0352,砂比平均值: 无数据,施工参数,砂比平均值: 无数据 为施工参数特征。,,,,worktype_stats:红页L1HF:14:加砂前:缝高延伸:砂比:mean,stat
E0353,砂比方差: 无数据,施工参数,砂比方差: 无数据 为施工参数特征。,,,,worktype_stats:红页L1HF:14:加砂前:缝高延伸:砂比:var,stat
E0354,排量平均值: 18.485,施工参数,排量平均值: 18.485 为施工参数特征。,,,,worktype_stats:红页L1HF:14:加砂前:缝高延伸:排量:mean,stat
E0355,排量方差: 10.4035,施工参数,排量方差: 10.4035 为施工参数特征。,,,,worktype_stats:红页L1HF:14:加砂前:缝高延伸:排量:var,stat
E0356,施工泵压平均值: 80.5844,施工参数,施工泵压平均值: 80.5844 为施工参数特征。,,,,worktype_stats:红页L1HF:14:加砂前:缝高延伸:施工泵压:mean,stat
E0357,施工泵压方差: 94.5303,施工参数,施工泵压方差: 94.5303 为施工参数特征。,,,,worktype_stats:红页L1HF:14:加砂前:缝高延伸:施工泵压:var,stat
E0358,当前建议: 保持当前措施,处置建议,当前建议: 保持当前措施 为处置建议实体。,,,,suggestion:红页L1HF:14:加砂前:缝高延伸,suggestion
E0359,施工情况 加砂中,施工阶段,施工情况 加砂中 为施工阶段实体。,,,,condition:红页L1HF:14:加砂中,condition
E0360,施工时间 2024-01-11 08:30:00,时间点,施工时间 2024-01-11 08:30:00 为时间点实体。,,,,condition_time:红页L1HF:14:加砂中,time
E0361,砂比平均值: 9.4279,施工参数,砂比平均值: 9.4279 为施工参数特征。,,,,condition_stats:红页L1HF:14:加砂中:砂比:mean,stat
E0362,砂比方差: 7.5171,施工参数,砂比方差: 7.5171 为施工参数特征。,,,,condition_stats:红页L1HF:14:加砂中:砂比:var,stat
E0363,排量平均值: 23.9802,施工参数,排量平均值: 23.9802 为施工参数特征。,,,,condition_stats:红页L1HF:14:加砂中:排量:mean,stat
E0364,排量方差: 0.2398,施工参数,排量方差: 0.2398 为施工参数特征。,,,,condition_stats:红页L1HF:14:加砂中:排量:var,stat
E0365,施工泵压平均值: 77.9442,施工参数,施工泵压平均值: 77.9442 为施工参数特征。,,,,condition_stats:红页L1HF:14:加砂中:施工泵压:mean,stat
E0366,施工泵压方差: 9.5092,施工参数,施工泵压方差: 9.5092 为施工参数特征。,,,,condition_stats:红页L1HF:14:加砂中:施工泵压:var,stat
E0367,工况 缝内暂堵,工况事件,工况 缝内暂堵 为工况事件实体。,,,,worktype:红页L1HF:14:加砂中:缝内暂堵,worktype
E0368,工况时间 2024-01-11 08:51:20,时间点,工况时间 2024-01-11 08:51:20 为时间点实体。,,,,worktype_time:红页L1HF:14:加砂中:缝内暂堵,time
E0369,砂比平均值: 6.9221,施工参数,砂比平均值: 6.9221 为施工参数特征。,,,,worktype_stats:红页L1HF:14:加砂中:缝内暂堵:砂比:mean,stat
E0370,砂比方差: 7.27,施工参数,砂比方差: 7.27 为施工参数特征。,,,,worktype_stats:红页L1HF:14:加砂中:缝内暂堵:砂比:var,stat
E0371,排量平均值: 24.0443,施工参数,排量平均值: 24.0443 为施工参数特征。,,,,worktype_stats:红页L1HF:14:加砂中:缝内暂堵:排量:mean,stat
E0372,排量方差: 0.0,施工参数,排量方差: 0.0 为施工参数特征。,,,,worktype_stats:红页L1HF:14:加砂中:缝内暂堵:排量:var,stat
E0373,施工泵压平均值: 76.9759,施工参数,施工泵压平均值: 76.9759 为施工参数特征。,,,,worktype_stats:红页L1HF:14:加砂中:缝内暂堵:施工泵压:mean,stat
E0374,施工泵压方差: 8.3498,施工参数,施工泵压方差: 8.3498 为施工参数特征。,,,,worktype_stats:红页L1HF:14:加砂中:缝内暂堵:施工泵压:var,stat
E0375,当前建议: 无建议,处置建议,当前建议: 无建议 为处置建议实体。,,,,suggestion:红页L1HF:14:加砂中:缝内暂堵,suggestion
E0376,工况 缝口暂堵,工况事件,工况 缝口暂堵 为工况事件实体。,,,,worktype:红页L1HF:14:加砂中:缝口暂堵,worktype
E0377,工况时间 2024-01-11 09:08:30,时间点,工况时间 2024-01-11 09:08:30 为时间点实体。,,,,worktype_time:红页L1HF:14:加砂中:缝口暂堵,time
E0378,砂比平均值: 6.6812,施工参数,砂比平均值: 6.6812 为施工参数特征。,,,,worktype_stats:红页L1HF:14:加砂中:缝口暂堵:砂比:mean,stat
E0379,砂比方差: 7.1434,施工参数,砂比方差: 7.1434 为施工参数特征。,,,,worktype_stats:红页L1HF:14:加砂中:缝口暂堵:砂比:var,stat
E0380,排量平均值: 23.4388,施工参数,排量平均值: 23.4388 为施工参数特征。,,,,worktype_stats:红页L1HF:14:加砂中:缝口暂堵:排量:mean,stat
E0381,排量方差: 1.9203,施工参数,排量方差: 1.9203 为施工参数特征。,,,,worktype_stats:红页L1HF:14:加砂中:缝口暂堵:排量:var,stat
E0382,施工泵压平均值: 77.1065,施工参数,施工泵压平均值: 77.1065 为施工参数特征。,,,,worktype_stats:红页L1HF:14:加砂中:缝口暂堵:施工泵压:mean,stat
E0383,施工泵压方差: 22.8456,施工参数,施工泵压方差: 22.8456 为施工参数特征。,,,,worktype_stats:红页L1HF:14:加砂中:缝口暂堵:施工泵压:var,stat
E0384,当前建议: 无建议,处置建议,当前建议: 无建议 为处置建议实体。,,,,suggestion:红页L1HF:14:加砂中:缝口暂堵,suggestion
E0385,施工情况 加砂后,施工阶段,施工情况 加砂后 为施工阶段实体。,,,,condition:红页L1HF:14:加砂后,condition
E0386,施工时间 2024-01-11 10:27:20,时间点,施工时间 2024-01-11 10:27:20 为时间点实体。,,,,condition_time:红页L1HF:14:加砂后,time
E0387,砂比平均值: 无数据,施工参数,砂比平均值: 无数据 为施工参数特征。,,,,condition_stats:红页L1HF:14:加砂后:砂比:mean,stat
E0388,砂比方差: 无数据,施工参数,砂比方差: 无数据 为施工参数特征。,,,,condition_stats:红页L1HF:14:加砂后:砂比:var,stat
E0389,排量平均值: 2.2208,施工参数,排量平均值: 2.2208 为施工参数特征。,,,,condition_stats:红页L1HF:14:加砂后:排量:mean,stat
E0390,排量方差: 45.6182,施工参数,排量方差: 45.6182 为施工参数特征。,,,,condition_stats:红页L1HF:14:加砂后:排量:var,stat
E0391,施工泵压平均值: 43.5917,施工参数,施工泵压平均值: 43.5917 为施工参数特征。,,,,condition_stats:红页L1HF:14:加砂后:施工泵压:mean,stat
E0392,施工泵压方差: 142.1998,施工参数,施工泵压方差: 142.1998 为施工参数特征。,,,,condition_stats:红页L1HF:14:加砂后:施工泵压:var,stat
E0393,段号 15,压裂段,段号 15 为压裂段实体。,,,,segment:红页L1HF:15,segment
E0394,段号时间 2024-01-11 14:29:50,时间点,段号时间 2024-01-11 14:29:50 为时间点实体。,,,,segment_time:红页L1HF:15,time
E0395,砂比平均值: 9.2755,施工参数,砂比平均值: 9.2755 为施工参数特征。,,,,segment_stats:红页L1HF:15:砂比:mean,stat
E0396,砂比方差: 6.7275,施工参数,砂比方差: 6.7275 为施工参数特征。,,,,segment_stats:红页L1HF:15:砂比:var,stat
E0397,排量平均值: 16.1612,施工参数,排量平均值: 16.1612 为施工参数特征。,,,,segment_stats:红页L1HF:15:排量:mean,stat
E0398,排量方差: 95.0076,施工参数,排量方差: 95.0076 为施工参数特征。,,,,segment_stats:红页L1HF:15:排量:var,stat
E0399,施工泵压平均值: 70.6141,施工参数,施工泵压平均值: 70.6141 为施工参数特征。,,,,segment_stats:红页L1HF:15:施工泵压:mean,stat
E0400,施工泵压方差: 388.3396,施工参数,施工泵压方差: 388.3396 为施工参数特征。,,,,segment_stats:红页L1HF:15:施工泵压:var,stat
E0401,施工情况 加砂前,施工阶段,施工情况 加砂前 为施工阶段实体。,,,,condition:红页L1HF:15:加砂前,condition
E0402,施工时间 2024-01-11 14:29:50,时间点,施工时间 2024-01-11 14:29:50 为时间点实体。,,,,condition_time:红页L1HF:15:加砂前,time
E0403,砂比平均值: 无数据,施工参数,砂比平均值: 无数据 为施工参数特征。,,,,condition_stats:红页L1HF:15:加砂前:砂比:mean,stat
E0404,砂比方差: 无数据,施工参数,砂比方差: 无数据 为施工参数特征。,,,,condition_stats:红页L1HF:15:加砂前:砂比:var,stat
E0405,排量平均值: 8.5268,施工参数,排量平均值: 8.5268 为施工参数特征。,,,,condition_stats:红页L1HF:15:加砂前:排量:mean,stat
E0406,排量方差: 54.1036,施工参数,排量方差: 54.1036 为施工参数特征。,,,,condition_stats:红页L1HF:15:加砂前:排量:var,stat
E0407,施工泵压平均值: 59.3109,施工参数,施工泵压平均值: 59.3109 为施工参数特征。,,,,condition_stats:红页L1HF:15:加砂前:施工泵压:mean,stat
E0408,施工泵压方差: 353.6367,施工参数,施工泵压方差: 353.6367 为施工参数特征。,,,,condition_stats:红页L1HF:15:加砂前:施工泵压:var,stat
E0409,工况 缝高延伸,工况事件,工况 缝高延伸 为工况事件实体。,,,,worktype:红页L1HF:15:加砂前:缝高延伸,worktype
E0410,工况时间 2024-01-11 14:52:50,时间点,工况时间 2024-01-11 14:52:50 为时间点实体。,,,,worktype_time:红页L1HF:15:加砂前:缝高延伸,time
E0411,砂比平均值: 无数据,施工参数,砂比平均值: 无数据 为施工参数特征。,,,,worktype_stats:红页L1HF:15:加砂前:缝高延伸:砂比:mean,stat
E0412,砂比方差: 无数据,施工参数,砂比方差: 无数据 为施工参数特征。,,,,worktype_stats:红页L1HF:15:加砂前:缝高延伸:砂比:var,stat
E0413,排量平均值: 19.0154,施工参数,排量平均值: 19.0154 为施工参数特征。,,,,worktype_stats:红页L1HF:15:加砂前:缝高延伸:排量:mean,stat
E0414,排量方差: 9.442,施工参数,排量方差: 9.442 为施工参数特征。,,,,worktype_stats:红页L1HF:15:加砂前:缝高延伸:排量:var,stat
E0415,施工泵压平均值: 83.3544,施工参数,施工泵压平均值: 83.3544 为施工参数特征。,,,,worktype_stats:红页L1HF:15:加砂前:缝高延伸:施工泵压:mean,stat
E0416,施工泵压方差: 28.0372,施工参数,施工泵压方差: 28.0372 为施工参数特征。,,,,worktype_stats:红页L1HF:15:加砂前:缝高延伸:施工泵压:var,stat
E0417,当前建议: 保持当前措施,处置建议,当前建议: 保持当前措施 为处置建议实体。,,,,suggestion:红页L1HF:15:加砂前:缝高延伸,suggestion
E0418,施工情况 加砂中,施工阶段,施工情况 加砂中 为施工阶段实体。,,,,condition:红页L1HF:15:加砂中,condition
E0419,施工时间 2024-01-11 15:02:30,时间点,施工时间 2024-01-11 15:02:30 为时间点实体。,,,,condition_time:红页L1HF:15:加砂中,time
E0420,砂比平均值: 9.2755,施工参数,砂比平均值: 9.2755 为施工参数特征。,,,,condition_stats:红页L1HF:15:加砂中:砂比:mean,stat
E0421,砂比方差: 6.7275,施工参数,砂比方差: 6.7275 为施工参数特征。,,,,condition_stats:红页L1HF:15:加砂中:砂比:var,stat
E0422,排量平均值: 22.5506,施工参数,排量平均值: 22.5506 为施工参数特征。,,,,condition_stats:红页L1HF:15:加砂中:排量:mean,stat
E0423,排量方差: 5.7469,施工参数,排量方差: 5.7469 为施工参数特征。,,,,condition_stats:红页L1HF:15:加砂中:排量:var,stat
E0424,施工泵压平均值: 82.563,施工参数,施工泵压平均值: 82.563 为施工参数特征。,,,,condition_stats:红页L1HF:15:加砂中:施工泵压:mean,stat
E0425,施工泵压方差: 19.1333,施工参数,施工泵压方差: 19.1333 为施工参数特征。,,,,condition_stats:红页L1HF:15:加砂中:施工泵压:var,stat
E0426,工况 缝内暂堵,工况事件,工况 缝内暂堵 为工况事件实体。,,,,worktype:红页L1HF:15:加砂中:缝内暂堵,worktype
E0427,工况时间 2024-01-11 15:24:40,时间点,工况时间 2024-01-11 15:24:40 为时间点实体。,,,,worktype_time:红页L1HF:15:加砂中:缝内暂堵,time
E0428,砂比平均值: 6.8697,施工参数,砂比平均值: 6.8697 为施工参数特征。,,,,worktype_stats:红页L1HF:15:加砂中:缝内暂堵:砂比:mean,stat
E0429,砂比方差: 2.7585,施工参数,砂比方差: 2.7585 为施工参数特征。,,,,worktype_stats:红页L1HF:15:加砂中:缝内暂堵:砂比:var,stat
E0430,排量平均值: 24.048,施工参数,排量平均值: 24.048 为施工参数特征。,,,,worktype_stats:红页L1HF:15:加砂中:缝内暂堵:排量:mean,stat
E0431,排量方差: 0.0,施工参数,排量方差: 0.0 为施工参数特征。,,,,worktype_stats:红页L1HF:15:加砂中:缝内暂堵:排量:var,stat
E0432,施工泵压平均值: 79.59,施工参数,施工泵压平均值: 79.59 为施工参数特征。,,,,worktype_stats:红页L1HF:15:加砂中:缝内暂堵:施工泵压:mean,stat
E0433,施工泵压方差: 10.8411,施工参数,施工泵压方差: 10.8411 为施工参数特征。,,,,worktype_stats:红页L1HF:15:加砂中:缝内暂堵:施工泵压:var,stat
E0434,当前建议: 无建议,处置建议,当前建议: 无建议 为处置建议实体。,,,,suggestion:红页L1HF:15:加砂中:缝内暂堵,suggestion
E0435,工况 缝口暂堵,工况事件,工况 缝口暂堵 为工况事件实体。,,,,worktype:红页L1HF:15:加砂中:缝口暂堵,worktype
E0436,工况时间 2024-01-11 15:39:30,时间点,工况时间 2024-01-11 15:39:30 为时间点实体。,,,,worktype_time:红页L1HF:15:加砂中:缝口暂堵,time
E0437,砂比平均值: 6.9324,施工参数,砂比平均值: 6.9324 为施工参数特征。,,,,worktype_stats:红页L1HF:15:加砂中:缝口暂堵:砂比:mean,stat
E0438,砂比方差: 11.8265,施工参数,砂比方差: 11.8265 为施工参数特征。,,,,worktype_stats:红页L1HF:15:加砂中:缝口暂堵:砂比:var,stat
E0439,排量平均值: 20.8909,施工参数,排量平均值: 20.8909 为施工参数特征。,,,,worktype_stats:红页L1HF:15:加砂中:缝口暂堵:排量:mean,stat
E0440,排量方差: 8.5131,施工参数,排量方差: 8.5131 为施工参数特征。,,,,worktype_stats:红页L1HF:15:加砂中:缝口暂堵:排量:var,stat
E0441,施工泵压平均值: 82.9129,施工参数,施工泵压平均值: 82.9129 为施工参数特征。,,,,worktype_stats:红页L1HF:15:加砂中:缝口暂堵:施工泵压:mean,stat
E0442,施工泵压方差: 40.3184,施工参数,施工泵压方差: 40.3184 为施工参数特征。,,,,worktype_stats:红页L1HF:15:加砂中:缝口暂堵:施工泵压:var,stat
E0443,当前建议: 无建议,处置建议,当前建议: 无建议 为处置建议实体。,,,,suggestion:红页L1HF:15:加砂中:缝口暂堵,suggestion
E0444,工况 主缝延伸,工况事件,工况 主缝延伸 为工况事件实体。,,,,worktype:红页L1HF:15:加砂中:主缝延伸,worktype
E0445,工况时间 2024-01-11 16:47:10,时间点,工况时间 2024-01-11 16:47:10 为时间点实体。,,,,worktype_time:红页L1HF:15:加砂中:主缝延伸,time
E0446,砂比平均值: 10.2479,施工参数,砂比平均值: 10.2479 为施工参数特征。,,,,worktype_stats:红页L1HF:15:加砂中:主缝延伸:砂比:mean,stat
E0447,砂比方差: 2.0143,施工参数,砂比方差: 2.0143 为施工参数特征。,,,,worktype_stats:红页L1HF:15:加砂中:主缝延伸:砂比:var,stat
E0448,排量平均值: 21.6858,施工参数,排量平均值: 21.6858 为施工参数特征。,,,,worktype_stats:红页L1HF:15:加砂中:主缝延伸:排量:mean,stat
E0449,排量方差: 0.4073,施工参数,排量方差: 0.4073 为施工参数特征。,,,,worktype_stats:红页L1HF:15:加砂中:主缝延伸:排量:var,stat
E0450,施工泵压平均值: 85.8093,施工参数,施工泵压平均值: 85.8093 为施工参数特征。,,,,worktype_stats:红页L1HF:15:加砂中:主缝延伸:施工泵压:mean,stat
E0451,施工泵压方差: 1.9216,施工参数,施工泵压方差: 1.9216 为施工参数特征。,,,,worktype_stats:红页L1HF:15:加砂中:主缝延伸:施工泵压:var,stat
E0452,当前建议: 保持当前措施,处置建议,当前建议: 保持当前措施 为处置建议实体。,,,,suggestion:红页L1HF:15:加砂中:主缝延伸,suggestion
E0453,施工情况 加砂后,施工阶段,施工情况 加砂后 为施工阶段实体。,,,,condition:红页L1HF:15:加砂后,condition
E0454,施工时间 2024-01-11 17:11:10,时间点,施工时间 2024-01-11 17:11:10 为时间点实体。,,,,condition_time:红页L1HF:15:加砂后,time
E0455,砂比平均值: 无数据,施工参数,砂比平均值: 无数据 为施工参数特征。,,,,condition_stats:红页L1HF:15:加砂后:砂比:mean,stat
E0456,砂比方差: 无数据,施工参数,砂比方差: 无数据 为施工参数特征。,,,,condition_stats:红页L1HF:15:加砂后:砂比:var,stat
E0457,排量平均值: 2.3294,施工参数,排量平均值: 2.3294 为施工参数特征。,,,,condition_stats:红页L1HF:15:加砂后:排量:mean,stat
E0458,排量方差: 44.5358,施工参数,排量方差: 44.5358 为施工参数特征。,,,,condition_stats:红页L1HF:15:加砂后:排量:var,stat
E0459,施工泵压平均值: 42.1042,施工参数,施工泵压平均值: 42.1042 为施工参数特征。,,,,condition_stats:红页L1HF:15:加砂后:施工泵压:mean,stat
E0460,施工泵压方差: 223.4635,施工参数,施工泵压方差: 223.4635 为施工参数特征。,,,,condition_stats:红页L1HF:15:加砂后:施工泵压:var,stat
E0461,工况 主缝延伸,工况事件,工况 主缝延伸 为工况事件实体。,,,,worktype:红页L1HF:15:加砂后:主缝延伸,worktype
E0462,工况时间 2024-01-11 17:11:10,时间点,工况时间 2024-01-11 17:11:10 为时间点实体。,,,,worktype_time:红页L1HF:15:加砂后:主缝延伸,time
E0463,砂比平均值: 无数据,施工参数,砂比平均值: 无数据 为施工参数特征。,,,,worktype_stats:红页L1HF:15:加砂后:主缝延伸:砂比:mean,stat
E0464,砂比方差: 无数据,施工参数,砂比方差: 无数据 为施工参数特征。,,,,worktype_stats:红页L1HF:15:加砂后:主缝延伸:砂比:var,stat
E0465,排量平均值: 22.16,施工参数,排量平均值: 22.16 为施工参数特征。,,,,worktype_stats:红页L1HF:15:加砂后:主缝延伸:排量:mean,stat
E0466,排量方差: 0.0,施工参数,排量方差: 0.0 为施工参数特征。,,,,worktype_stats:红页L1HF:15:加砂后:主缝延伸:排量:var,stat
E0467,施工泵压平均值: 86.2267,施工参数,施工泵压平均值: 86.2267 为施工参数特征。,,,,worktype_stats:红页L1HF:15:加砂后:主缝延伸:施工泵压:mean,stat
E0468,施工泵压方差: 0.003,施工参数,施工泵压方差: 0.003 为施工参数特征。,,,,worktype_stats:红页L1HF:15:加砂后:主缝延伸:施工泵压:var,stat
E0469,当前建议: 保持当前措施,处置建议,当前建议: 保持当前措施 为处置建议实体。,,,,suggestion:红页L1HF:15:加砂后:主缝延伸,suggestion
E0470,段号 16,压裂段,段号 16 为压裂段实体。,,,,segment:红页L1HF:16,segment
E0471,段号时间 2024-01-12 08:03:30,时间点,段号时间 2024-01-12 08:03:30 为时间点实体。,,,,segment_time:红页L1HF:16,time
E0472,砂比平均值: 9.7534,施工参数,砂比平均值: 9.7534 为施工参数特征。,,,,segment_stats:红页L1HF:16:砂比:mean,stat
E0473,砂比方差: 8.2606,施工参数,砂比方差: 8.2606 为施工参数特征。,,,,segment_stats:红页L1HF:16:砂比:var,stat
E0474,排量平均值: 17.0401,施工参数,排量平均值: 17.0401 为施工参数特征。,,,,segment_stats:红页L1HF:16:排量:mean,stat
E0475,排量方差: 100.2111,施工参数,排量方差: 100.2111 为施工参数特征。,,,,segment_stats:红页L1HF:16:排量:var,stat
E0476,施工泵压平均值: 70.1239,施工参数,施工泵压平均值: 70.1239 为施工参数特征。,,,,segment_stats:红页L1HF:16:施工泵压:mean,stat
E0477,施工泵压方差: 409.1276,施工参数,施工泵压方差: 409.1276 为施工参数特征。,,,,segment_stats:红页L1HF:16:施工泵压:var,stat
E0478,施工情况 加砂前,施工阶段,施工情况 加砂前 为施工阶段实体。,,,,condition:红页L1HF:16:加砂前,condition
E0479,施工时间 2024-01-12 08:03:30,时间点,施工时间 2024-01-12 08:03:30 为时间点实体。,,,,condition_time:红页L1HF:16:加砂前,time
E0480,砂比平均值: 无数据,施工参数,砂比平均值: 无数据 为施工参数特征。,,,,condition_stats:红页L1HF:16:加砂前:砂比:mean,stat
E0481,砂比方差: 无数据,施工参数,砂比方差: 无数据 为施工参数特征。,,,,condition_stats:红页L1HF:16:加砂前:砂比:var,stat
E0482,排量平均值: 8.3459,施工参数,排量平均值: 8.3459 为施工参数特征。,,,,condition_stats:红页L1HF:16:加砂前:排量:mean,stat
E0483,排量方差: 54.6486,施工参数,排量方差: 54.6486 为施工参数特征。,,,,condition_stats:红页L1HF:16:加砂前:排量:var,stat
E0484,施工泵压平均值: 59.9171,施工参数,施工泵压平均值: 59.9171 为施工参数特征。,,,,condition_stats:红页L1HF:16:加砂前:施工泵压:mean,stat
E0485,施工泵压方差: 274.3572,施工参数,施工泵压方差: 274.3572 为施工参数特征。,,,,condition_stats:红页L1HF:16:加砂前:施工泵压:var,stat
E0486,工况 缝高延伸,工况事件,工况 缝高延伸 为工况事件实体。,,,,worktype:红页L1HF:16:加砂前:缝高延伸,worktype
E0487,工况时间 2024-01-12 08:24:50,时间点,工况时间 2024-01-12 08:24:50 为时间点实体。,,,,worktype_time:红页L1HF:16:加砂前:缝高延伸,time
E0488,砂比平均值: 无数据,施工参数,砂比平均值: 无数据 为施工参数特征。,,,,worktype_stats:红页L1HF:16:加砂前:缝高延伸:砂比:mean,stat
E0489,砂比方差: 无数据,施工参数,砂比方差: 无数据 为施工参数特征。,,,,worktype_stats:红页L1HF:16:加砂前:缝高延伸:砂比:var,stat
E0490,排量平均值: 17.3989,施工参数,排量平均值: 17.3989 为施工参数特征。,,,,worktype_stats:红页L1HF:16:加砂前:缝高延伸:排量:mean,stat
E0491,排量方差: 11.6116,施工参数,排量方差: 11.6116 为施工参数特征。,,,,worktype_stats:红页L1HF:16:加砂前:缝高延伸:排量:var,stat
E0492,施工泵压平均值: 80.4586,施工参数,施工泵压平均值: 80.4586 为施工参数特征。,,,,worktype_stats:红页L1HF:16:加砂前:缝高延伸:施工泵压:mean,stat
E0493,施工泵压方差: 47.5503,施工参数,施工泵压方差: 47.5503 为施工参数特征。,,,,worktype_stats:红页L1HF:16:加砂前:缝高延伸:施工泵压:var,stat
E0494,当前建议: 保持当前措施,处置建议,当前建议: 保持当前措施 为处置建议实体。,,,,suggestion:红页L1HF:16:加砂前:缝高延伸,suggestion
E0495,施工情况 加砂中,施工阶段,施工情况 加砂中 为施工阶段实体。,,,,condition:红页L1HF:16:加砂中,condition
E0496,施工时间 2024-01-12 08:35:20,时间点,施工时间 2024-01-12 08:35:20 为时间点实体。,,,,condition_time:红页L1HF:16:加砂中,time
E0497,砂比平均值: 9.7534,施工参数,砂比平均值: 9.7534 为施工参数特征。,,,,condition_stats:红页L1HF:16:加砂中:砂比:mean,stat
E0498,砂比方差: 8.2606,施工参数,砂比方差: 8.2606 为施工参数特征。,,,,condition_stats:红页L1HF:16:加砂中:砂比:var,stat
E0499,排量平均值: 23.6068,施工参数,排量平均值: 23.6068 为施工参数特征。,,,,condition_stats:红页L1HF:16:加砂中:排量:mean,stat
E0500,排量方差: 2.1272,施工参数,排量方差: 2.1272 为施工参数特征。,,,,condition_stats:红页L1HF:16:加砂中:排量:var,stat
E0501,施工泵压平均值: 82.1263,施工参数,施工泵压平均值: 82.1263 为施工参数特征。,,,,condition_stats:红页L1HF:16:加砂中:施工泵压:mean,stat
E0502,施工泵压方差: 28.1115,施工参数,施工泵压方差: 28.1115 为施工参数特征。,,,,condition_stats:红页L1HF:16:加砂中:施工泵压:var,stat
E0503,工况 缝内暂堵,工况事件,工况 缝内暂堵 为工况事件实体。,,,,worktype:红页L1HF:16:加砂中:缝内暂堵,worktype
E0504,工况时间 2024-01-12 08:53:20,时间点,工况时间 2024-01-12 08:53:20 为时间点实体。,,,,worktype_time:红页L1HF:16:加砂中:缝内暂堵,time
E0505,砂比平均值: 6.875,施工参数,砂比平均值: 6.875 为施工参数特征。,,,,worktype_stats:红页L1HF:16:加砂中:缝内暂堵:砂比:mean,stat
E0506,砂比方差: 2.3081,施工参数,砂比方差: 2.3081 为施工参数特征。,,,,worktype_stats:红页L1HF:16:加砂中:缝内暂堵:砂比:var,stat
E0507,排量平均值: 24.09,施工参数,排量平均值: 24.09 为施工参数特征。,,,,worktype_stats:红页L1HF:16:加砂中:缝内暂堵:排量:mean,stat
E0508,排量方差: 0.0,施工参数,排量方差: 0.0 为施工参数特征。,,,,worktype_stats:红页L1HF:16:加砂中:缝内暂堵:排量:var,stat
E0509,施工泵压平均值: 78.4248,施工参数,施工泵压平均值: 78.4248 为施工参数特征。,,,,worktype_stats:红页L1HF:16:加砂中:缝内暂堵:施工泵压:mean,stat
E0510,施工泵压方差: 4.2795,施工参数,施工泵压方差: 4.2795 为施工参数特征。,,,,worktype_stats:红页L1HF:16:加砂中:缝内暂堵:施工泵压:var,stat
E0511,当前建议: 无建议,处置建议,当前建议: 无建议 为处置建议实体。,,,,suggestion:红页L1HF:16:加砂中:缝内暂堵,suggestion
E0512,工况 缝口暂堵,工况事件,工况 缝口暂堵 为工况事件实体。,,,,worktype:红页L1HF:16:加砂中:缝口暂堵,worktype
E0513,工况时间 2024-01-12 09:11:10,时间点,工况时间 2024-01-12 09:11:10 为时间点实体。,,,,worktype_time:红页L1HF:16:加砂中:缝口暂堵,time
E0514,砂比平均值: 7.2583,施工参数,砂比平均值: 7.2583 为施工参数特征。,,,,worktype_stats:红页L1HF:16:加砂中:缝口暂堵:砂比:mean,stat
E0515,砂比方差: 3.6691,施工参数,砂比方差: 3.6691 为施工参数特征。,,,,worktype_stats:红页L1HF:16:加砂中:缝口暂堵:砂比:var,stat
E0516,排量平均值: 21.7429,施工参数,排量平均值: 21.7429 为施工参数特征。,,,,worktype_stats:红页L1HF:16:加砂中:缝口暂堵:排量:mean,stat
E0517,排量方差: 4.9445,施工参数,排量方差: 4.9445 为施工参数特征。,,,,worktype_stats:红页L1HF:16:加砂中:缝口暂堵:排量:var,stat
E0518,施工泵压平均值: 79.7519,施工参数,施工泵压平均值: 79.7519 为施工参数特征。,,,,worktype_stats:红页L1HF:16:加砂中:缝口暂堵:施工泵压:mean,stat
E0519,施工泵压方差: 76.2462,施工参数,施工泵压方差: 76.2462 为施工参数特征。,,,,worktype_stats:红页L1HF:16:加砂中:缝口暂堵:施工泵压:var,stat
E0520,当前建议: 无建议,处置建议,当前建议: 无建议 为处置建议实体。,,,,suggestion:红页L1HF:16:加砂中:缝口暂堵,suggestion
E0521,工况 主缝延伸,工况事件,工况 主缝延伸 为工况事件实体。,,,,worktype:红页L1HF:16:加砂中:主缝延伸,worktype
E0522,工况时间 2024-01-12 10:24:10,时间点,工况时间 2024-01-12 10:24:10 为时间点实体。,,,,worktype_time:红页L1HF:16:加砂中:主缝延伸,time
E0523,砂比平均值: 12.1309,施工参数,砂比平均值: 12.1309 为施工参数特征。,,,,worktype_stats:红页L1HF:16:加砂中:主缝延伸:砂比:mean,stat
E0524,砂比方差: 3.9306,施工参数,砂比方差: 3.9306 为施工参数特征。,,,,worktype_stats:红页L1HF:16:加砂中:主缝延伸:砂比:var,stat
E0525,排量平均值: 23.867,施工参数,排量平均值: 23.867 为施工参数特征。,,,,worktype_stats:红页L1HF:16:加砂中:主缝延伸:排量:mean,stat
E0526,排量方差: 0.1132,施工参数,排量方差: 0.1132 为施工参数特征。,,,,worktype_stats:红页L1HF:16:加砂中:主缝延伸:排量:var,stat
E0527,施工泵压平均值: 87.4897,施工参数,施工泵压平均值: 87.4897 为施工参数特征。,,,,worktype_stats:红页L1HF:16:加砂中:主缝延伸:施工泵压:mean,stat
E0528,施工泵压方差: 0.7559,施工参数,施工泵压方差: 0.7559 为施工参数特征。,,,,worktype_stats:红页L1HF:16:加砂中:主缝延伸:施工泵压:var,stat
E0529,当前建议: 保持当前措施,处置建议,当前建议: 保持当前措施 为处置建议实体。,,,,suggestion:红页L1HF:16:加砂中:主缝延伸,suggestion
E0530,施工情况 加砂后,施工阶段,施工情况 加砂后 为施工阶段实体。,,,,condition:红页L1HF:16:加砂后,condition
E0531,施工时间 2024-01-12 10:40:40,时间点,施工时间 2024-01-12 10:40:40 为时间点实体。,,,,condition_time:红页L1HF:16:加砂后,time
E0532,砂比平均值: 无数据,施工参数,砂比平均值: 无数据 为施工参数特征。,,,,condition_stats:红页L1HF:16:加砂后:砂比:mean,stat
E0533,砂比方差: 无数据,施工参数,砂比方差: 无数据 为施工参数特征。,,,,condition_stats:红页L1HF:16:加砂后:砂比:var,stat
E0534,排量平均值: 2.2226,施工参数,排量平均值: 2.2226 为施工参数特征。,,,,condition_stats:红页L1HF:16:加砂后:排量:mean,stat
E0535,排量方差: 45.4675,施工参数,排量方差: 45.4675 为施工参数特征。,,,,condition_stats:红页L1HF:16:加砂后:排量:var,stat
E0536,施工泵压平均值: 37.6163,施工参数,施工泵压平均值: 37.6163 为施工参数特征。,,,,condition_stats:红页L1HF:16:加砂后:施工泵压:mean,stat
E0537,施工泵压方差: 215.7261,施工参数,施工泵压方差: 215.7261 为施工参数特征。,,,,condition_stats:红页L1HF:16:加砂后:施工泵压:var,stat
E0538,工况 主缝延伸,工况事件,工况 主缝延伸 为工况事件实体。,,,,worktype:红页L1HF:16:加砂后:主缝延伸,worktype
E0539,工况时间 2024-01-12 10:40:40,时间点,工况时间 2024-01-12 10:40:40 为时间点实体。,,,,worktype_time:红页L1HF:16:加砂后:主缝延伸,time
E0540,砂比平均值: 无数据,施工参数,砂比平均值: 无数据 为施工参数特征。,,,,worktype_stats:红页L1HF:16:加砂后:主缝延伸:砂比:mean,stat
E0541,砂比方差: 无数据,施工参数,砂比方差: 无数据 为施工参数特征。,,,,worktype_stats:红页L1HF:16:加砂后:主缝延伸:砂比:var,stat
E0542,排量平均值: 24.07,施工参数,排量平均值: 24.07 为施工参数特征。,,,,worktype_stats:红页L1HF:16:加砂后:主缝延伸:排量:mean,stat
E0543,排量方差: 0.0,施工参数,排量方差: 0.0 为施工参数特征。,,,,worktype_stats:红页L1HF:16:加砂后:主缝延伸:排量:var,stat
E0544,施工泵压平均值: 86.035,施工参数,施工泵压平均值: 86.035 为施工参数特征。,,,,worktype_stats:红页L1HF:16:加砂后:主缝延伸:施工泵压:mean,stat
E0545,施工泵压方差: 0.0903,施工参数,施工泵压方差: 0.0903 为施工参数特征。,,,,worktype_stats:红页L1HF:16:加砂后:主缝延伸:施工泵压:var,stat
E0546,当前建议: 保持当前措施,处置建议,当前建议: 保持当前措施 为处置建议实体。,,,,suggestion:红页L1HF:16:加砂后:主缝延伸,suggestion
E0547,段号 17,压裂段,段号 17 为压裂段实体。,,,,segment:红页L1HF:17,segment
E0548,段号时间 2024-01-12 14:47:30,时间点,段号时间 2024-01-12 14:47:30 为时间点实体。,,,,segment_time:红页L1HF:17,time
E0549,砂比平均值: 8.9616,施工参数,砂比平均值: 8.9616 为施工参数特征。,,,,segment_stats:红页L1HF:17:砂比:mean,stat
E0550,砂比方差: 6.0108,施工参数,砂比方差: 6.0108 为施工参数特征。,,,,segment_stats:红页L1HF:17:砂比:var,stat
E0551,排量平均值: 18.2514,施工参数,排量平均值: 18.2514 为施工参数特征。,,,,segment_stats:红页L1HF:17:排量:mean,stat
E0552,排量方差: 53.2549,施工参数,排量方差: 53.2549 为施工参数特征。,,,,segment_stats:红页L1HF:17:排量:var,stat
E0553,施工泵压平均值: 80.449,施工参数,施工泵压平均值: 80.449 为施工参数特征。,,,,segment_stats:红页L1HF:17:施工泵压:mean,stat
E0554,施工泵压方差: 193.6291,施工参数,施工泵压方差: 193.6291 为施工参数特征。,,,,segment_stats:红页L1HF:17:施工泵压:var,stat
E0555,施工情况 加砂前,施工阶段,施工情况 加砂前 为施工阶段实体。,,,,condition:红页L1HF:17:加砂前,condition
E0556,施工时间 2024-01-12 14:47:30,时间点,施工时间 2024-01-12 14:47:30 为时间点实体。,,,,condition_time:红页L1HF:17:加砂前,time
E0557,砂比平均值: 无数据,施工参数,砂比平均值: 无数据 为施工参数特征。,,,,condition_stats:红页L1HF:17:加砂前:砂比:mean,stat
E0558,砂比方差: 无数据,施工参数,砂比方差: 无数据 为施工参数特征。,,,,condition_stats:红页L1HF:17:加砂前:砂比:var,stat
E0559,排量平均值: 9.0424,施工参数,排量平均值: 9.0424 为施工参数特征。,,,,condition_stats:红页L1HF:17:加砂前:排量:mean,stat
E0560,排量方差: 68.4896,施工参数,排量方差: 68.4896 为施工参数特征。,,,,condition_stats:红页L1HF:17:加砂前:排量:var,stat
E0561,施工泵压平均值: 59.5404,施工参数,施工泵压平均值: 59.5404 为施工参数特征。,,,,condition_stats:红页L1HF:17:加砂前:施工泵压:mean,stat
E0562,施工泵压方差: 351.5429,施工参数,施工泵压方差: 351.5429 为施工参数特征。,,,,condition_stats:红页L1HF:17:加砂前:施工泵压:var,stat
E0563,施工情况 加砂中,施工阶段,施工情况 加砂中 为施工阶段实体。,,,,condition:红页L1HF:17:加砂中,condition
E0564,施工时间 2024-01-12 15:18:00,时间点,施工时间 2024-01-12 15:18:00 为时间点实体。,,,,condition_time:红页L1HF:17:加砂中,time
E0565,砂比平均值: 8.9616,施工参数,砂比平均值: 8.9616 为施工参数特征。,,,,condition_stats:红页L1HF:17:加砂中:砂比:mean,stat
E0566,砂比方差: 6.0108,施工参数,砂比方差: 6.0108 为施工参数特征。,,,,condition_stats:红页L1HF:17:加砂中:砂比:var,stat
E0567,排量平均值: 22.0885,施工参数,排量平均值: 22.0885 为施工参数特征。,,,,condition_stats:红页L1HF:17:加砂中:排量:mean,stat
E0568,排量方差: 7.5586,施工参数,排量方差: 7.5586 为施工参数特征。,,,,condition_stats:红页L1HF:17:加砂中:排量:var,stat
E0569,施工泵压平均值: 85.0926,施工参数,施工泵压平均值: 85.0926 为施工参数特征。,,,,condition_stats:红页L1HF:17:加砂中:施工泵压:mean,stat
E0570,施工泵压方差: 22.5948,施工参数,施工泵压方差: 22.5948 为施工参数特征。,,,,condition_stats:红页L1HF:17:加砂中:施工泵压:var,stat
E0571,工况 缝内暂堵,工况事件,工况 缝内暂堵 为工况事件实体。,,,,worktype:红页L1HF:17:加砂中:缝内暂堵,worktype
E0572,工况时间 2024-01-12 15:40:20,时间点,工况时间 2024-01-12 15:40:20 为时间点实体。,,,,worktype_time:红页L1HF:17:加砂中:缝内暂堵,time
E0573,砂比平均值: 7.1583,施工参数,砂比平均值: 7.1583 为施工参数特征。,,,,worktype_stats:红页L1HF:17:加砂中:缝内暂堵:砂比:mean,stat
E0574,砂比方差: 3.9258,施工参数,砂比方差: 3.9258 为施工参数特征。,,,,worktype_stats:红页L1HF:17:加砂中:缝内暂堵:砂比:var,stat
E0575,排量平均值: 24.0461,施工参数,排量平均值: 24.0461 为施工参数特征。,,,,worktype_stats:红页L1HF:17:加砂中:缝内暂堵:排量:mean,stat
E0576,排量方差: 0.0011,施工参数,排量方差: 0.0011 为施工参数特征。,,,,worktype_stats:红页L1HF:17:加砂中:缝内暂堵:排量:var,stat
E0577,施工泵压平均值: 82.0657,施工参数,施工泵压平均值: 82.0657 为施工参数特征。,,,,worktype_stats:红页L1HF:17:加砂中:缝内暂堵:施工泵压:mean,stat
E0578,施工泵压方差: 20.8775,施工参数,施工泵压方差: 20.8775 为施工参数特征。,,,,worktype_stats:红页L1HF:17:加砂中:缝内暂堵:施工泵压:var,stat
E0579,当前建议: 无建议,处置建议,当前建议: 无建议 为处置建议实体。,,,,suggestion:红页L1HF:17:加砂中:缝内暂堵,suggestion
E0580,工况 缝口暂堵,工况事件,工况 缝口暂堵 为工况事件实体。,,,,worktype:红页L1HF:17:加砂中:缝口暂堵,worktype
E0581,工况时间 2024-01-12 16:03:40,时间点,工况时间 2024-01-12 16:03:40 为时间点实体。,,,,worktype_time:红页L1HF:17:加砂中:缝口暂堵,time
E0582,砂比平均值: 7.5333,施工参数,砂比平均值: 7.5333 为施工参数特征。,,,,worktype_stats:红页L1HF:17:加砂中:缝口暂堵:砂比:mean,stat
E0583,砂比方差: 1.933,施工参数,砂比方差: 1.933 为施工参数特征。,,,,worktype_stats:红页L1HF:17:加砂中:缝口暂堵:砂比:var,stat
E0584,排量平均值: 20.1662,施工参数,排量平均值: 20.1662 为施工参数特征。,,,,worktype_stats:红页L1HF:17:加砂中:缝口暂堵:排量:mean,stat
E0585,排量方差: 8.8152,施工参数,排量方差: 8.8152 为施工参数特征。,,,,worktype_stats:红页L1HF:17:加砂中:缝口暂堵:排量:var,stat
E0586,施工泵压平均值: 80.9014,施工参数,施工泵压平均值: 80.9014 为施工参数特征。,,,,worktype_stats:红页L1HF:17:加砂中:缝口暂堵:施工泵压:mean,stat
E0587,施工泵压方差: 77.1872,施工参数,施工泵压方差: 77.1872 为施工参数特征。,,,,worktype_stats:红页L1HF:17:加砂中:缝口暂堵:施工泵压:var,stat
E0588,当前建议: 无建议,处置建议,当前建议: 无建议 为处置建议实体。,,,,suggestion:红页L1HF:17:加砂中:缝口暂堵,suggestion
E0589,工况 延伸受阻,工况事件,工况 延伸受阻 为工况事件实体。,,,,worktype:红页L1HF:17:加砂中:延伸受阻,worktype
E0590,工况时间 2024-01-12 17:13:40,时间点,工况时间 2024-01-12 17:13:40 为时间点实体。,,,,worktype_time:红页L1HF:17:加砂中:延伸受阻,time
E0591,砂比平均值: 8.4353,施工参数,砂比平均值: 8.4353 为施工参数特征。,,,,worktype_stats:红页L1HF:17:加砂中:延伸受阻:砂比:mean,stat
E0592,砂比方差: 1.8737,施工参数,砂比方差: 1.8737 为施工参数特征。,,,,worktype_stats:红页L1HF:17:加砂中:延伸受阻:砂比:var,stat
E0593,排量平均值: 17.3069,施工参数,排量平均值: 17.3069 为施工参数特征。,,,,worktype_stats:红页L1HF:17:加砂中:延伸受阻:排量:mean,stat
E0594,排量方差: 0.2719,施工参数,排量方差: 0.2719 为施工参数特征。,,,,worktype_stats:红页L1HF:17:加砂中:延伸受阻:排量:var,stat
E0595,施工泵压平均值: 88.758,施工参数,施工泵压平均值: 88.758 为施工参数特征。,,,,worktype_stats:红页L1HF:17:加砂中:延伸受阻:施工泵压:mean,stat
E0596,施工泵压方差: 1.6937,施工参数,施工泵压方差: 1.6937 为施工参数特征。,,,,worktype_stats:红页L1HF:17:加砂中:延伸受阻:施工泵压:var,stat
E0597,当前建议: 无建议,处置建议,当前建议: 无建议 为处置建议实体。,,,,suggestion:红页L1HF:17:加砂中:延伸受阻,suggestion
E0598,施工情况 加砂后,施工阶段,施工情况 加砂后 为施工阶段实体。,,,,condition:红页L1HF:17:加砂后,condition
E0599,施工时间 2024-01-12 17:22:10,时间点,施工时间 2024-01-12 17:22:10 为时间点实体。,,,,condition_time:红页L1HF:17:加砂后,time
E0600,砂比平均值: 无数据,施工参数,砂比平均值: 无数据 为施工参数特征。,,,,condition_stats:红页L1HF:17:加砂后:砂比:mean,stat
E0601,砂比方差: 无数据,施工参数,砂比方差: 无数据 为施工参数特征。,,,,condition_stats:红页L1HF:17:加砂后:砂比:var,stat
E0602,排量平均值: 9.9868,施工参数,排量平均值: 9.9868 为施工参数特征。,,,,condition_stats:红页L1HF:17:加砂后:排量:mean,stat
E0603,排量方差: 12.115,施工参数,排量方差: 12.115 为施工参数特征。,,,,condition_stats:红页L1HF:17:加砂后:排量:var,stat
E0604,施工泵压平均值: 85.4685,施工参数,施工泵压平均值: 85.4685 为施工参数特征。,,,,condition_stats:红页L1HF:17:加砂后:施工泵压:mean,stat
E0605,施工泵压方差: 126.7506,施工参数,施工泵压方差: 126.7506 为施工参数特征。,,,,condition_stats:红页L1HF:17:加砂后:施工泵压:var,stat
E0606,工况 延伸受阻,工况事件,工况 延伸受阻 为工况事件实体。,,,,worktype:红页L1HF:17:加砂后:延伸受阻,worktype
E0607,工况时间 2024-01-12 17:22:10,时间点,工况时间 2024-01-12 17:22:10 为时间点实体。,,,,worktype_time:红页L1HF:17:加砂后:延伸受阻,time
E0608,砂比平均值: 无数据,施工参数,砂比平均值: 无数据 为施工参数特征。,,,,worktype_stats:红页L1HF:17:加砂后:延伸受阻:砂比:mean,stat
E0609,砂比方差: 无数据,施工参数,砂比方差: 无数据 为施工参数特征。,,,,worktype_stats:红页L1HF:17:加砂后:延伸受阻:砂比:var,stat
E0610,排量平均值: 15.0892,施工参数,排量平均值: 15.0892 为施工参数特征。,,,,worktype_stats:红页L1HF:17:加砂后:延伸受阻:排量:mean,stat
E0611,排量方差: 2.5201,施工参数,排量方差: 2.5201 为施工参数特征。,,,,worktype_stats:红页L1HF:17:加砂后:延伸受阻:排量:var,stat
E0612,施工泵压平均值: 88.7065,施工参数,施工泵压平均值: 88.7065 为施工参数特征。,,,,worktype_stats:红页L1HF:17:加砂后:延伸受阻:施工泵压:mean,stat
E0613,施工泵压方差: 2.5778,施工参数,施工泵压方差: 2.5778 为施工参数特征。,,,,worktype_stats:红页L1HF:17:加砂后:延伸受阻:施工泵压:var,stat
E0614,当前建议: 无建议,处置建议,当前建议: 无建议 为处置建议实体。,,,,suggestion:红页L1HF:17:加砂后:延伸受阻,suggestion
E0615,段号 18,压裂段,段号 18 为压裂段实体。,,,,segment:红页L1HF:18,segment
E0616,段号时间 2024-01-13 16:02:20,时间点,段号时间 2024-01-13 16:02:20 为时间点实体。,,,,segment_time:红页L1HF:18,time
E0617,砂比平均值: 9.9561,施工参数,砂比平均值: 9.9561 为施工参数特征。,,,,segment_stats:红页L1HF:18:砂比:mean,stat
E0618,砂比方差: 5.4314,施工参数,砂比方差: 5.4314 为施工参数特征。,,,,segment_stats:红页L1HF:18:砂比:var,stat
E0619,排量平均值: 16.0175,施工参数,排量平均值: 16.0175 为施工参数特征。,,,,segment_stats:红页L1HF:18:排量:mean,stat
E0620,排量方差: 105.9031,施工参数,排量方差: 105.9031 为施工参数特征。,,,,segment_stats:红页L1HF:18:排量:var,stat
E0621,施工泵压平均值: 67.7931,施工参数,施工泵压平均值: 67.7931 为施工参数特征。,,,,segment_stats:红页L1HF:18:施工泵压:mean,stat
E0622,施工泵压方差: 354.5006,施工参数,施工泵压方差: 354.5006 为施工参数特征。,,,,segment_stats:红页L1HF:18:施工泵压:var,stat
E0623,施工情况 加砂前,施工阶段,施工情况 加砂前 为施工阶段实体。,,,,condition:红页L1HF:18:加砂前,condition
E0624,施工时间 2024-01-13 16:02:20,时间点,施工时间 2024-01-13 16:02:20 为时间点实体。,,,,condition_time:红页L1HF:18:加砂前,time
E0625,砂比平均值: 无数据,施工参数,砂比平均值: 无数据 为施工参数特征。,,,,condition_stats:红页L1HF:18:加砂前:砂比:mean,stat
E0626,砂比方差: 无数据,施工参数,砂比方差: 无数据 为施工参数特征。,,,,condition_stats:红页L1HF:18:加砂前:砂比:var,stat
E0627,排量平均值: 8.1516,施工参数,排量平均值: 8.1516 为施工参数特征。,,,,condition_stats:红页L1HF:18:加砂前:排量:mean,stat
E0628,排量方差: 53.4647,施工参数,排量方差: 53.4647 为施工参数特征。,,,,condition_stats:红页L1HF:18:加砂前:排量:var,stat
E0629,施工泵压平均值: 60.2757,施工参数,施工泵压平均值: 60.2757 为施工参数特征。,,,,condition_stats:红页L1HF:18:加砂前:施工泵压:mean,stat
E0630,施工泵压方差: 205.851,施工参数,施工泵压方差: 205.851 为施工参数特征。,,,,condition_stats:红页L1HF:18:加砂前:施工泵压:var,stat
E0631,施工情况 加砂中,施工阶段,施工情况 加砂中 为施工阶段实体。,,,,condition:红页L1HF:18:加砂中,condition
E0632,施工时间 2024-01-13 16:40:00,时间点,施工时间 2024-01-13 16:40:00 为时间点实体。,,,,condition_time:红页L1HF:18:加砂中,time
E0633,砂比平均值: 9.9561,施工参数,砂比平均值: 9.9561 为施工参数特征。,,,,condition_stats:红页L1HF:18:加砂中:砂比:mean,stat
E0634,砂比方差: 5.4314,施工参数,砂比方差: 5.4314 为施工参数特征。,,,,condition_stats:红页L1HF:18:加砂中:砂比:var,stat
E0635,排量平均值: 23.6377,施工参数,排量平均值: 23.6377 为施工参数特征。,,,,condition_stats:红页L1HF:18:加砂中:排量:mean,stat
E0636,排量方差: 0.4627,施工参数,排量方差: 0.4627 为施工参数特征。,,,,condition_stats:红页L1HF:18:加砂中:排量:var,stat
E0637,施工泵压平均值: 80.3142,施工参数,施工泵压平均值: 80.3142 为施工参数特征。,,,,condition_stats:红页L1HF:18:加砂中:施工泵压:mean,stat
E0638,施工泵压方差: 11.7133,施工参数,施工泵压方差: 11.7133 为施工参数特征。,,,,condition_stats:红页L1HF:18:加砂中:施工泵压:var,stat
E0639,工况 缝内暂堵,工况事件,工况 缝内暂堵 为工况事件实体。,,,,worktype:红页L1HF:18:加砂中:缝内暂堵,worktype
E0640,工况时间 2024-01-13 17:04:20,时间点,工况时间 2024-01-13 17:04:20 为时间点实体。,,,,worktype_time:红页L1HF:18:加砂中:缝内暂堵,time
E0641,砂比平均值: 7.2769,施工参数,砂比平均值: 7.2769 为施工参数特征。,,,,worktype_stats:红页L1HF:18:加砂中:缝内暂堵:砂比:mean,stat
E0642,砂比方差: 3.7541,施工参数,砂比方差: 3.7541 为施工参数特征。,,,,worktype_stats:红页L1HF:18:加砂中:缝内暂堵:砂比:var,stat
E0643,排量平均值: 23.5718,施工参数,排量平均值: 23.5718 为施工参数特征。,,,,worktype_stats:红页L1HF:18:加砂中:缝内暂堵:排量:mean,stat
E0644,排量方差: 0.2686,施工参数,排量方差: 0.2686 为施工参数特征。,,,,worktype_stats:红页L1HF:18:加砂中:缝内暂堵:排量:var,stat
E0645,施工泵压平均值: 77.8267,施工参数,施工泵压平均值: 77.8267 为施工参数特征。,,,,worktype_stats:红页L1HF:18:加砂中:缝内暂堵:施工泵压:mean,stat
E0646,施工泵压方差: 6.0742,施工参数,施工泵压方差: 6.0742 为施工参数特征。,,,,worktype_stats:红页L1HF:18:加砂中:缝内暂堵:施工泵压:var,stat
E0647,当前建议: 无建议,处置建议,当前建议: 无建议 为处置建议实体。,,,,suggestion:红页L1HF:18:加砂中:缝内暂堵,suggestion
E0648,工况 缝口暂堵,工况事件,工况 缝口暂堵 为工况事件实体。,,,,worktype:红页L1HF:18:加砂中:缝口暂堵,worktype
E0649,工况时间 2024-01-13 17:33:00,时间点,工况时间 2024-01-13 17:33:00 为时间点实体。,,,,worktype_time:红页L1HF:18:加砂中:缝口暂堵,time
E0650,砂比平均值: 8.5542,施工参数,砂比平均值: 8.5542 为施工参数特征。,,,,worktype_stats:红页L1HF:18:加砂中:缝口暂堵:砂比:mean,stat
E0651,砂比方差: 7.9825,施工参数,砂比方差: 7.9825 为施工参数特征。,,,,worktype_stats:红页L1HF:18:加砂中:缝口暂堵:砂比:var,stat
E0652,排量平均值: 22.9024,施工参数,排量平均值: 22.9024 为施工参数特征。,,,,worktype_stats:红页L1HF:18:加砂中:缝口暂堵:排量:mean,stat
E0653,排量方差: 2.7999,施工参数,排量方差: 2.7999 为施工参数特征。,,,,worktype_stats:红页L1HF:18:加砂中:缝口暂堵:排量:var,stat
E0654,施工泵压平均值: 79.0464,施工参数,施工泵压平均值: 79.0464 为施工参数特征。,,,,worktype_stats:红页L1HF:18:加砂中:缝口暂堵:施工泵压:mean,stat
E0655,施工泵压方差: 19.9111,施工参数,施工泵压方差: 19.9111 为施工参数特征。,,,,worktype_stats:红页L1HF:18:加砂中:缝口暂堵:施工泵压:var,stat
E0656,当前建议: 无建议,处置建议,当前建议: 无建议 为处置建议实体。,,,,suggestion:红页L1HF:18:加砂中:缝口暂堵,suggestion
E0657,工况 主缝延伸,工况事件,工况 主缝延伸 为工况事件实体。,,,,worktype:红页L1HF:18:加砂中:主缝延伸,worktype
E0658,工况时间 2024-01-13 18:04:20,时间点,工况时间 2024-01-13 18:04:20 为时间点实体。,,,,worktype_time:红页L1HF:18:加砂中:主缝延伸,time
E0659,砂比平均值: 11.2691,施工参数,砂比平均值: 11.2691 为施工参数特征。,,,,worktype_stats:红页L1HF:18:加砂中:主缝延伸:砂比:mean,stat
E0660,砂比方差: 4.4038,施工参数,砂比方差: 4.4038 为施工参数特征。,,,,worktype_stats:红页L1HF:18:加砂中:主缝延伸:砂比:var,stat
E0661,排量平均值: 24.0329,施工参数,排量平均值: 24.0329 为施工参数特征。,,,,worktype_stats:红页L1HF:18:加砂中:主缝延伸:排量:mean,stat
E0662,排量方差: 0.0001,施工参数,排量方差: 0.0001 为施工参数特征。,,,,worktype_stats:红页L1HF:18:加砂中:主缝延伸:排量:var,stat
E0663,施工泵压平均值: 83.1101,施工参数,施工泵压平均值: 83.1101 为施工参数特征。,,,,worktype_stats:红页L1HF:18:加砂中:主缝延伸:施工泵压:mean,stat
E0664,施工泵压方差: 3.2891,施工参数,施工泵压方差: 3.2891 为施工参数特征。,,,,worktype_stats:红页L1HF:18:加砂中:主缝延伸:施工泵压:var,stat
E0665,当前建议: 保持当前措施,处置建议,当前建议: 保持当前措施 为处置建议实体。,,,,suggestion:红页L1HF:18:加砂中:主缝延伸,suggestion
E0666,施工情况 加砂后,施工阶段,施工情况 加砂后 为施工阶段实体。,,,,condition:红页L1HF:18:加砂后,condition
E0667,施工时间 2024-01-13 18:22:00,时间点,施工时间 2024-01-13 18:22:00 为时间点实体。,,,,condition_time:红页L1HF:18:加砂后,time
E0668,砂比平均值: 无数据,施工参数,砂比平均值: 无数据 为施工参数特征。,,,,condition_stats:红页L1HF:18:加砂后:砂比:mean,stat
E0669,砂比方差: 无数据,施工参数,砂比方差: 无数据 为施工参数特征。,,,,condition_stats:红页L1HF:18:加砂后:砂比:var,stat
E0670,排量平均值: 2.2057,施工参数,排量平均值: 2.2057 为施工参数特征。,,,,condition_stats:红页L1HF:18:加砂后:排量:mean,stat
E0671,排量方差: 45.0523,施工参数,排量方差: 45.0523 为施工参数特征。,,,,condition_stats:红页L1HF:18:加砂后:排量:var,stat
E0672,施工泵压平均值: 39.0629,施工参数,施工泵压平均值: 39.0629 为施工参数特征。,,,,condition_stats:红页L1HF:18:加砂后:施工泵压:mean,stat
E0673,施工泵压方差: 183.3668,施工参数,施工泵压方差: 183.3668 为施工参数特征。,,,,condition_stats:红页L1HF:18:加砂后:施工泵压:var,stat
E0674,工况 主缝延伸,工况事件,工况 主缝延伸 为工况事件实体。,,,,worktype:红页L1HF:18:加砂后:主缝延伸,worktype
E0675,工况时间 2024-01-13 18:22:00,时间点,工况时间 2024-01-13 18:22:00 为时间点实体。,,,,worktype_time:红页L1HF:18:加砂后:主缝延伸,time
E0676,砂比平均值: 无数据,施工参数,砂比平均值: 无数据 为施工参数特征。,,,,worktype_stats:红页L1HF:18:加砂后:主缝延伸:砂比:mean,stat
E0677,砂比方差: 无数据,施工参数,砂比方差: 无数据 为施工参数特征。,,,,worktype_stats:红页L1HF:18:加砂后:主缝延伸:砂比:var,stat
E0678,排量平均值: 24.04,施工参数,排量平均值: 24.04 为施工参数特征。,,,,worktype_stats:红页L1HF:18:加砂后:主缝延伸:排量:mean,stat
E0679,排量方差: 0.0,施工参数,排量方差: 0.0 为施工参数特征。,,,,worktype_stats:红页L1HF:18:加砂后:主缝延伸:排量:var,stat
E0680,施工泵压平均值: 82.02,施工参数,施工泵压平均值: 82.02 为施工参数特征。,,,,worktype_stats:红页L1HF:18:加砂后:主缝延伸:施工泵压:mean,stat
E0681,施工泵压方差: 0.0,施工参数,施工泵压方差: 0.0 为施工参数特征。,,,,worktype_stats:红页L1HF:18:加砂后:主缝延伸:施工泵压:var,stat
E0682,当前建议: 保持当前措施,处置建议,当前建议: 保持当前措施 为处置建议实体。,,,,suggestion:红页L1HF:18:加砂后:主缝延伸,suggestion
E0683,段号 19,压裂段,段号 19 为压裂段实体。,,,,segment:红页L1HF:19,segment
E0684,段号时间 2024-01-14 07:46:00,时间点,段号时间 2024-01-14 07:46:00 为时间点实体。,,,,segment_time:红页L1HF:19,time
E0685,砂比平均值: 9.6791,施工参数,砂比平均值: 9.6791 为施工参数特征。,,,,segment_stats:红页L1HF:19:砂比:mean,stat
E0686,砂比方差: 5.8663,施工参数,砂比方差: 5.8663 为施工参数特征。,,,,segment_stats:红页L1HF:19:砂比:var,stat
E0687,排量平均值: 16.0491,施工参数,排量平均值: 16.0491 为施工参数特征。,,,,segment_stats:红页L1HF:19:排量:mean,stat
E0688,排量方差: 112.0055,施工参数,排量方差: 112.0055 为施工参数特征。,,,,segment_stats:红页L1HF:19:排量:var,stat
E0689,施工泵压平均值: 69.4963,施工参数,施工泵压平均值: 69.4963 为施工参数特征。,,,,segment_stats:红页L1HF:19:施工泵压:mean,stat
E0690,施工泵压方差: 388.4978,施工参数,施工泵压方差: 388.4978 为施工参数特征。,,,,segment_stats:红页L1HF:19:施工泵压:var,stat
E0691,施工情况 加砂前,施工阶段,施工情况 加砂前 为施工阶段实体。,,,,condition:红页L1HF:19:加砂前,condition
E0692,施工时间 2024-01-14 07:46:00,时间点,施工时间 2024-01-14 07:46:00 为时间点实体。,,,,condition_time:红页L1HF:19:加砂前,time
E0693,砂比平均值: 无数据,施工参数,砂比平均值: 无数据 为施工参数特征。,,,,condition_stats:红页L1HF:19:加砂前:砂比:mean,stat
E0694,砂比方差: 无数据,施工参数,砂比方差: 无数据 为施工参数特征。,,,,condition_stats:红页L1HF:19:加砂前:砂比:var,stat
E0695,排量平均值: 9.2166,施工参数,排量平均值: 9.2166 为施工参数特征。,,,,condition_stats:红页L1HF:19:加砂前:排量:mean,stat
E0696,排量方差: 63.3102,施工参数,排量方差: 63.3102 为施工参数特征。,,,,condition_stats:红页L1HF:19:加砂前:排量:var,stat
E0697,施工泵压平均值: 60.4191,施工参数,施工泵压平均值: 60.4191 为施工参数特征。,,,,condition_stats:红页L1HF:19:加砂前:施工泵压:mean,stat
E0698,施工泵压方差: 286.5138,施工参数,施工泵压方差: 286.5138 为施工参数特征。,,,,condition_stats:红页L1HF:19:加砂前:施工泵压:var,stat
E0699,施工情况 加砂中,施工阶段,施工情况 加砂中 为施工阶段实体。,,,,condition:红页L1HF:19:加砂中,condition
E0700,施工时间 2024-01-14 08:20:40,时间点,施工时间 2024-01-14 08:20:40 为时间点实体。,,,,condition_time:红页L1HF:19:加砂中,time
E0701,砂比平均值: 9.6791,施工参数,砂比平均值: 9.6791 为施工参数特征。,,,,condition_stats:红页L1HF:19:加砂中:砂比:mean,stat
E0702,砂比方差: 5.8663,施工参数,砂比方差: 5.8663 为施工参数特征。,,,,condition_stats:红页L1HF:19:加砂中:砂比:var,stat
E0703,排量平均值: 24.0034,施工参数,排量平均值: 24.0034 为施工参数特征。,,,,condition_stats:红页L1HF:19:加砂中:排量:mean,stat
E0704,排量方差: 0.2524,施工参数,排量方差: 0.2524 为施工参数特征。,,,,condition_stats:红页L1HF:19:加砂中:排量:var,stat
E0705,施工泵压平均值: 83.0463,施工参数,施工泵压平均值: 83.0463 为施工参数特征。,,,,condition_stats:红页L1HF:19:加砂中:施工泵压:mean,stat
E0706,施工泵压方差: 9.5203,施工参数,施工泵压方差: 9.5203 为施工参数特征。,,,,condition_stats:红页L1HF:19:加砂中:施工泵压:var,stat
E0707,工况 缝内暂堵,工况事件,工况 缝内暂堵 为工况事件实体。,,,,worktype:红页L1HF:19:加砂中:缝内暂堵,worktype
E0708,工况时间 2024-01-14 08:44:40,时间点,工况时间 2024-01-14 08:44:40 为时间点实体。,,,,worktype_time:红页L1HF:19:加砂中:缝内暂堵,time
E0709,砂比平均值: 7.3478,施工参数,砂比平均值: 7.3478 为施工参数特征。,,,,worktype_stats:红页L1HF:19:加砂中:缝内暂堵:砂比:mean,stat
E0710,砂比方差: 3.3573,施工参数,砂比方差: 3.3573 为施工参数特征。,,,,worktype_stats:红页L1HF:19:加砂中:缝内暂堵:砂比:var,stat
E0711,排量平均值: 24.0797,施工参数,排量平均值: 24.0797 为施工参数特征。,,,,worktype_stats:红页L1HF:19:加砂中:缝内暂堵:排量:mean,stat
E0712,排量方差: 0.0001,施工参数,排量方差: 0.0001 为施工参数特征。,,,,worktype_stats:红页L1HF:19:加砂中:缝内暂堵:排量:var,stat
E0713,施工泵压平均值: 81.4492,施工参数,施工泵压平均值: 81.4492 为施工参数特征。,,,,worktype_stats:红页L1HF:19:加砂中:缝内暂堵:施工泵压:mean,stat
E0714,施工泵压方差: 10.4385,施工参数,施工泵压方差: 10.4385 为施工参数特征。,,,,worktype_stats:红页L1HF:19:加砂中:缝内暂堵:施工泵压:var,stat
E0715,当前建议: 无建议,处置建议,当前建议: 无建议 为处置建议实体。,,,,suggestion:红页L1HF:19:加砂中:缝内暂堵,suggestion
E0716,工况 缝口暂堵,工况事件,工况 缝口暂堵 为工况事件实体。,,,,worktype:红页L1HF:19:加砂中:缝口暂堵,worktype
E0717,工况时间 2024-01-14 09:13:00,时间点,工况时间 2024-01-14 09:13:00 为时间点实体。,,,,worktype_time:红页L1HF:19:加砂中:缝口暂堵,time
E0718,砂比平均值: 8.2963,施工参数,砂比平均值: 8.2963 为施工参数特征。,,,,worktype_stats:红页L1HF:19:加砂中:缝口暂堵:砂比:mean,stat
E0719,砂比方差: 5.0752,施工参数,砂比方差: 5.0752 为施工参数特征。,,,,worktype_stats:红页L1HF:19:加砂中:缝口暂堵:砂比:var,stat
E0720,排量平均值: 23.1182,施工参数,排量平均值: 23.1182 为施工参数特征。,,,,worktype_stats:红页L1HF:19:加砂中:缝口暂堵:排量:mean,stat
E0721,排量方差: 2.3343,施工参数,排量方差: 2.3343 为施工参数特征。,,,,worktype_stats:红页L1HF:19:加砂中:缝口暂堵:排量:var,stat
E0722,施工泵压平均值: 81.3891,施工参数,施工泵压平均值: 81.3891 为施工参数特征。,,,,worktype_stats:红页L1HF:19:加砂中:缝口暂堵:施工泵压:mean,stat
E0723,施工泵压方差: 19.1202,施工参数,施工泵压方差: 19.1202 为施工参数特征。,,,,worktype_stats:红页L1HF:19:加砂中:缝口暂堵:施工泵压:var,stat
E0724,当前建议: 无建议,处置建议,当前建议: 无建议 为处置建议实体。,,,,suggestion:红页L1HF:19:加砂中:缝口暂堵,suggestion
E0725,工况 主缝延伸,工况事件,工况 主缝延伸 为工况事件实体。,,,,worktype:红页L1HF:19:加砂中:主缝延伸,worktype
E0726,工况时间 2024-01-14 09:53:30,时间点,工况时间 2024-01-14 09:53:30 为时间点实体。,,,,worktype_time:红页L1HF:19:加砂中:主缝延伸,time
E0727,砂比平均值: 11.8222,施工参数,砂比平均值: 11.8222 为施工参数特征。,,,,worktype_stats:红页L1HF:19:加砂中:主缝延伸:砂比:mean,stat
E0728,砂比方差: 3.5626,施工参数,砂比方差: 3.5626 为施工参数特征。,,,,worktype_stats:红页L1HF:19:加砂中:主缝延伸:砂比:var,stat
E0729,排量平均值: 24.07,施工参数,排量平均值: 24.07 为施工参数特征。,,,,worktype_stats:红页L1HF:19:加砂中:主缝延伸:排量:mean,stat
E0730,排量方差: 0.0,施工参数,排量方差: 0.0 为施工参数特征。,,,,worktype_stats:红页L1HF:19:加砂中:主缝延伸:排量:var,stat
E0731,施工泵压平均值: 86.3549,施工参数,施工泵压平均值: 86.3549 为施工参数特征。,,,,worktype_stats:红页L1HF:19:加砂中:主缝延伸:施工泵压:mean,stat
E0732,施工泵压方差: 0.0842,施工参数,施工泵压方差: 0.0842 为施工参数特征。,,,,worktype_stats:红页L1HF:19:加砂中:主缝延伸:施工泵压:var,stat
E0733,当前建议: 保持当前措施,处置建议,当前建议: 保持当前措施 为处置建议实体。,,,,suggestion:红页L1HF:19:加砂中:主缝延伸,suggestion
E0734,施工情况 加砂后,施工阶段,施工情况 加砂后 为施工阶段实体。,,,,condition:红页L1HF:19:加砂后,condition
E0735,施工时间 2024-01-14 10:01:00,时间点,施工时间 2024-01-14 10:01:00 为时间点实体。,,,,condition_time:红页L1HF:19:加砂后,time
E0736,砂比平均值: 无数据,施工参数,砂比平均值: 无数据 为施工参数特征。,,,,condition_stats:红页L1HF:19:加砂后:砂比:mean,stat
E0737,砂比方差: 无数据,施工参数,砂比方差: 无数据 为施工参数特征。,,,,condition_stats:红页L1HF:19:加砂后:砂比:var,stat
E0738,排量平均值: 2.0686,施工参数,排量平均值: 2.0686 为施工参数特征。,,,,condition_stats:红页L1HF:19:加砂后:排量:mean,stat
E0739,排量方差: 42.471,施工参数,排量方差: 42.471 为施工参数特征。,,,,condition_stats:红页L1HF:19:加砂后:排量:var,stat
E0740,施工泵压平均值: 43.2916,施工参数,施工泵压平均值: 43.2916 为施工参数特征。,,,,condition_stats:红页L1HF:19:加砂后:施工泵压:mean,stat
E0741,施工泵压方差: 219.9578,施工参数,施工泵压方差: 219.9578 为施工参数特征。,,,,condition_stats:红页L1HF:19:加砂后:施工泵压:var,stat
E0742,工况 主缝延伸,工况事件,工况 主缝延伸 为工况事件实体。,,,,worktype:红页L1HF:19:加砂后:主缝延伸,worktype
E0743,工况时间 2024-01-14 10:01:00,时间点,工况时间 2024-01-14 10:01:00 为时间点实体。,,,,worktype_time:红页L1HF:19:加砂后:主缝延伸,time
E0744,砂比平均值: 无数据,施工参数,砂比平均值: 无数据 为施工参数特征。,,,,worktype_stats:红页L1HF:19:加砂后:主缝延伸:砂比:mean,stat
E0745,砂比方差: 无数据,施工参数,砂比方差: 无数据 为施工参数特征。,,,,worktype_stats:红页L1HF:19:加砂后:主缝延伸:砂比:var,stat
E0746,排量平均值: 24.07,施工参数,排量平均值: 24.07 为施工参数特征。,,,,worktype_stats:红页L1HF:19:加砂后:主缝延伸:排量:mean,stat
E0747,排量方差: 0.0,施工参数,排量方差: 0.0 为施工参数特征。,,,,worktype_stats:红页L1HF:19:加砂后:主缝延伸:排量:var,stat
E0748,施工泵压平均值: 86.526,施工参数,施工泵压平均值: 86.526 为施工参数特征。,,,,worktype_stats:红页L1HF:19:加砂后:主缝延伸:施工泵压:mean,stat
E0749,施工泵压方差: 0.0021,施工参数,施工泵压方差: 0.0021 为施工参数特征。,,,,worktype_stats:红页L1HF:19:加砂后:主缝延伸:施工泵压:var,stat
E0750,当前建议: 保持当前措施,处置建议,当前建议: 保持当前措施 为处置建议实体。,,,,suggestion:红页L1HF:19:加砂后:主缝延伸,suggestion
E0751,段号 2,压裂段,段号 2 为压裂段实体。,,,,segment:红页L1HF:2,segment
E0752,段号时间 2024-01-05 08:41:30,时间点,段号时间 2024-01-05 08:41:30 为时间点实体。,,,,segment_time:红页L1HF:2,time
E0753,砂比平均值: 9.4044,施工参数,砂比平均值: 9.4044 为施工参数特征。,,,,segment_stats:红页L1HF:2:砂比:mean,stat
E0754,砂比方差: 5.8548,施工参数,砂比方差: 5.8548 为施工参数特征。,,,,segment_stats:红页L1HF:2:砂比:var,stat
E0755,排量平均值: 12.9907,施工参数,排量平均值: 12.9907 为施工参数特征。,,,,segment_stats:红页L1HF:2:排量:mean,stat
E0756,排量方差: 119.1341,施工参数,排量方差: 119.1341 为施工参数特征。,,,,segment_stats:红页L1HF:2:排量:var,stat
E0757,施工泵压平均值: 52.6909,施工参数,施工泵压平均值: 52.6909 为施工参数特征。,,,,segment_stats:红页L1HF:2:施工泵压:mean,stat
E0758,施工泵压方差: 447.4888,施工参数,施工泵压方差: 447.4888 为施工参数特征。,,,,segment_stats:红页L1HF:2:施工泵压:var,stat
E0759,施工情况 加砂前,施工阶段,施工情况 加砂前 为施工阶段实体。,,,,condition:红页L1HF:2:加砂前,condition
E0760,施工时间 2024-01-05 08:41:30,时间点,施工时间 2024-01-05 08:41:30 为时间点实体。,,,,condition_time:红页L1HF:2:加砂前,time
E0761,砂比平均值: 无数据,施工参数,砂比平均值: 无数据 为施工参数特征。,,,,condition_stats:红页L1HF:2:加砂前:砂比:mean,stat
E0762,砂比方差: 无数据,施工参数,砂比方差: 无数据 为施工参数特征。,,,,condition_stats:红页L1HF:2:加砂前:砂比:var,stat
E0763,排量平均值: 5.984,施工参数,排量平均值: 5.984 为施工参数特征。,,,,condition_stats:红页L1HF:2:加砂前:排量:mean,stat
E0764,排量方差: 45.2863,施工参数,排量方差: 45.2863 为施工参数特征。,,,,condition_stats:红页L1HF:2:加砂前:排量:var,stat
E0765,施工泵压平均值: 45.6901,施工参数,施工泵压平均值: 45.6901 为施工参数特征。,,,,condition_stats:红页L1HF:2:加砂前:施工泵压:mean,stat
E0766,施工泵压方差: 255.1716,施工参数,施工泵压方差: 255.1716 为施工参数特征。,,,,condition_stats:红页L1HF:2:加砂前:施工泵压:var,stat
E0767,工况 缝高延伸,工况事件,工况 缝高延伸 为工况事件实体。,,,,worktype:红页L1HF:2:加砂前:缝高延伸,worktype
E0768,工况时间 2024-01-05 09:18:00,时间点,工况时间 2024-01-05 09:18:00 为时间点实体。,,,,worktype_time:红页L1HF:2:加砂前:缝高延伸,time
E0769,砂比平均值: 无数据,施工参数,砂比平均值: 无数据 为施工参数特征。,,,,worktype_stats:红页L1HF:2:加砂前:缝高延伸:砂比:mean,stat
E0770,砂比方差: 无数据,施工参数,砂比方差: 无数据 为施工参数特征。,,,,worktype_stats:红页L1HF:2:加砂前:缝高延伸:砂比:var,stat
E0771,排量平均值: 20.3359,施工参数,排量平均值: 20.3359 为施工参数特征。,,,,worktype_stats:红页L1HF:2:加砂前:缝高延伸:排量:mean,stat
E0772,排量方差: 7.1289,施工参数,排量方差: 7.1289 为施工参数特征。,,,,worktype_stats:红页L1HF:2:加砂前:缝高延伸:排量:var,stat
E0773,施工泵压平均值: 77.009,施工参数,施工泵压平均值: 77.009 为施工参数特征。,,,,worktype_stats:红页L1HF:2:加砂前:缝高延伸:施工泵压:mean,stat
E0774,施工泵压方差: 35.144,施工参数,施工泵压方差: 35.144 为施工参数特征。,,,,worktype_stats:红页L1HF:2:加砂前:缝高延伸:施工泵压:var,stat
E0775,当前建议: 保持当前措施,处置建议,当前建议: 保持当前措施 为处置建议实体。,,,,suggestion:红页L1HF:2:加砂前:缝高延伸,suggestion
E0776,施工情况 加砂中,施工阶段,施工情况 加砂中 为施工阶段实体。,,,,condition:红页L1HF:2:加砂中,condition
E0777,施工时间 2024-01-05 09:25:00,时间点,施工时间 2024-01-05 09:25:00 为时间点实体。,,,,condition_time:红页L1HF:2:加砂中,time
E0778,砂比平均值: 9.4044,施工参数,砂比平均值: 9.4044 为施工参数特征。,,,,condition_stats:红页L1HF:2:加砂中:砂比:mean,stat
E0779,砂比方差: 5.8548,施工参数,砂比方差: 5.8548 为施工参数特征。,,,,condition_stats:红页L1HF:2:加砂中:砂比:var,stat
E0780,排量平均值: 22.8635,施工参数,排量平均值: 22.8635 为施工参数特征。,,,,condition_stats:红页L1HF:2:加砂中:排量:mean,stat
E0781,排量方差: 13.5689,施工参数,排量方差: 13.5689 为施工参数特征。,,,,condition_stats:红页L1HF:2:加砂中:排量:var,stat
E0782,施工泵压平均值: 69.4644,施工参数,施工泵压平均值: 69.4644 为施工参数特征。,,,,condition_stats:红页L1HF:2:加砂中:施工泵压:mean,stat
E0783,施工泵压方差: 68.5288,施工参数,施工泵压方差: 68.5288 为施工参数特征。,,,,condition_stats:红页L1HF:2:加砂中:施工泵压:var,stat
E0784,工况 缝高延伸,工况事件,工况 缝高延伸 为工况事件实体。,,,,worktype:红页L1HF:2:加砂中:缝高延伸,worktype
E0785,工况时间 2024-01-05 09:25:00,时间点,工况时间 2024-01-05 09:25:00 为时间点实体。,,,,worktype_time:红页L1HF:2:加砂中:缝高延伸,time
E0786,砂比平均值: 3.2667,施工参数,砂比平均值: 3.2667 为施工参数特征。,,,,worktype_stats:红页L1HF:2:加砂中:缝高延伸:砂比:mean,stat
E0787,砂比方差: 3.5756,施工参数,砂比方差: 3.5756 为施工参数特征。,,,,worktype_stats:红页L1HF:2:加砂中:缝高延伸:砂比:var,stat
E0788,排量平均值: 23.98,施工参数,排量平均值: 23.98 为施工参数特征。,,,,worktype_stats:红页L1HF:2:加砂中:缝高延伸:排量:mean,stat
E0789,排量方差: 0.0,施工参数,排量方差: 0.0 为施工参数特征。,,,,worktype_stats:红页L1HF:2:加砂中:缝高延伸:排量:var,stat
E0790,施工泵压平均值: 63.9867,施工参数,施工泵压平均值: 63.9867 为施工参数特征。,,,,worktype_stats:红页L1HF:2:加砂中:缝高延伸:施工泵压:mean,stat
E0791,施工泵压方差: 0.0082,施工参数,施工泵压方差: 0.0082 为施工参数特征。,,,,worktype_stats:红页L1HF:2:加砂中:缝高延伸:施工泵压:var,stat
E0792,当前建议: 保持当前措施,处置建议,当前建议: 保持当前措施 为处置建议实体。,,,,suggestion:红页L1HF:2:加砂中:缝高延伸,suggestion
E0793,工况 缝内暂堵,工况事件,工况 缝内暂堵 为工况事件实体。,,,,worktype:红页L1HF:2:加砂中:缝内暂堵,worktype
E0794,工况时间 2024-01-05 09:47:50,时间点,工况时间 2024-01-05 09:47:50 为时间点实体。,,,,worktype_time:红页L1HF:2:加砂中:缝内暂堵,time
E0795,砂比平均值: 7.2286,施工参数,砂比平均值: 7.2286 为施工参数特征。,,,,worktype_stats:红页L1HF:2:加砂中:缝内暂堵:砂比:mean,stat
E0796,砂比方差: 4.722,施工参数,砂比方差: 4.722 为施工参数特征。,,,,worktype_stats:红页L1HF:2:加砂中:缝内暂堵:砂比:var,stat
E0797,排量平均值: 24.0076,施工参数,排量平均值: 24.0076 为施工参数特征。,,,,worktype_stats:红页L1HF:2:加砂中:缝内暂堵:排量:mean,stat
E0798,排量方差: 0.0003,施工参数,排量方差: 0.0003 为施工参数特征。,,,,worktype_stats:红页L1HF:2:加砂中:缝内暂堵:排量:var,stat
E0799,施工泵压平均值: 69.9552,施工参数,施工泵压平均值: 69.9552 为施工参数特征。,,,,worktype_stats:红页L1HF:2:加砂中:缝内暂堵:施工泵压:mean,stat
E0800,施工泵压方差: 2.0408,施工参数,施工泵压方差: 2.0408 为施工参数特征。,,,,worktype_stats:红页L1HF:2:加砂中:缝内暂堵:施工泵压:var,stat
E0801,当前建议: 无建议,处置建议,当前建议: 无建议 为处置建议实体。,,,,suggestion:红页L1HF:2:加砂中:缝内暂堵,suggestion
E0802,工况 缝口暂堵,工况事件,工况 缝口暂堵 为工况事件实体。,,,,worktype:红页L1HF:2:加砂中:缝口暂堵,worktype
E0803,工况时间 2024-01-05 10:14:30,时间点,工况时间 2024-01-05 10:14:30 为时间点实体。,,,,worktype_time:红页L1HF:2:加砂中:缝口暂堵,time
E0804,砂比平均值: 8.273,施工参数,砂比平均值: 8.273 为施工参数特征。,,,,worktype_stats:红页L1HF:2:加砂中:缝口暂堵:砂比:mean,stat
E0805,砂比方差: 5.2155,施工参数,砂比方差: 5.2155 为施工参数特征。,,,,worktype_stats:红页L1HF:2:加砂中:缝口暂堵:砂比:var,stat
E0806,排量平均值: 16.3134,施工参数,排量平均值: 16.3134 为施工参数特征。,,,,worktype_stats:红页L1HF:2:加砂中:缝口暂堵:排量:mean,stat
E0807,排量方差: 29.6774,施工参数,排量方差: 29.6774 为施工参数特征。,,,,worktype_stats:红页L1HF:2:加砂中:缝口暂堵:排量:var,stat
E0808,施工泵压平均值: 55.4605,施工参数,施工泵压平均值: 55.4605 为施工参数特征。,,,,worktype_stats:红页L1HF:2:加砂中:缝口暂堵:施工泵压:mean,stat
E0809,施工泵压方差: 128.3079,施工参数,施工泵压方差: 128.3079 为施工参数特征。,,,,worktype_stats:红页L1HF:2:加砂中:缝口暂堵:施工泵压:var,stat
E0810,当前建议: 无建议,处置建议,当前建议: 无建议 为处置建议实体。,,,,suggestion:红页L1HF:2:加砂中:缝口暂堵,suggestion
E0811,工况 主缝延伸,工况事件,工况 主缝延伸 为工况事件实体。,,,,worktype:红页L1HF:2:加砂中:主缝延伸,worktype
E0812,工况时间 2024-01-05 10:33:10,时间点,工况时间 2024-01-05 10:33:10 为时间点实体。,,,,worktype_time:红页L1HF:2:加砂中:主缝延伸,time
E0813,砂比平均值: 10.2313,施工参数,砂比平均值: 10.2313 为施工参数特征。,,,,worktype_stats:红页L1HF:2:加砂中:主缝延伸:砂比:mean,stat
E0814,砂比方差: 7.0063,施工参数,砂比方差: 7.0063 为施工参数特征。,,,,worktype_stats:红页L1HF:2:加砂中:主缝延伸:砂比:var,stat
E0815,排量平均值: 24.0576,施工参数,排量平均值: 24.0576 为施工参数特征。,,,,worktype_stats:红页L1HF:2:加砂中:主缝延伸:排量:mean,stat
E0816,排量方差: 0.0,施工参数,排量方差: 0.0 为施工参数特征。,,,,worktype_stats:红页L1HF:2:加砂中:主缝延伸:排量:var,stat
E0817,施工泵压平均值: 75.6,施工参数,施工泵压平均值: 75.6 为施工参数特征。,,,,worktype_stats:红页L1HF:2:加砂中:主缝延伸:施工泵压:mean,stat
E0818,施工泵压方差: 0.5247,施工参数,施工泵压方差: 0.5247 为施工参数特征。,,,,worktype_stats:红页L1HF:2:加砂中:主缝延伸:施工泵压:var,stat
E0819,当前建议: 保持当前措施,处置建议,当前建议: 保持当前措施 为处置建议实体。,,,,suggestion:红页L1HF:2:加砂中:主缝延伸,suggestion
E0820,施工情况 加砂后,施工阶段,施工情况 加砂后 为施工阶段实体。,,,,condition:红页L1HF:2:加砂后,condition
E0821,施工时间 2024-01-05 10:41:20,时间点,施工时间 2024-01-05 10:41:20 为时间点实体。,,,,condition_time:红页L1HF:2:加砂后,time
E0822,砂比平均值: 无数据,施工参数,砂比平均值: 无数据 为施工参数特征。,,,,condition_stats:红页L1HF:2:加砂后:砂比:mean,stat
E0823,砂比方差: 无数据,施工参数,砂比方差: 无数据 为施工参数特征。,,,,condition_stats:红页L1HF:2:加砂后:砂比:var,stat
E0824,排量平均值: 2.5883,施工参数,排量平均值: 2.5883 为施工参数特征。,,,,condition_stats:红页L1HF:2:加砂后:排量:mean,stat
E0825,排量方差: 52.7089,施工参数,排量方差: 52.7089 为施工参数特征。,,,,condition_stats:红页L1HF:2:加砂后:排量:var,stat
E0826,施工泵压平均值: 29.6703,施工参数,施工泵压平均值: 29.6703 为施工参数特征。,,,,condition_stats:红页L1HF:2:加砂后:施工泵压:mean,stat
E0827,施工泵压方差: 252.2081,施工参数,施工泵压方差: 252.2081 为施工参数特征。,,,,condition_stats:红页L1HF:2:加砂后:施工泵压:var,stat
E0828,工况 主缝延伸,工况事件,工况 主缝延伸 为工况事件实体。,,,,worktype:红页L1HF:2:加砂后:主缝延伸,worktype
E0829,工况时间 2024-01-05 10:41:20,时间点,工况时间 2024-01-05 10:41:20 为时间点实体。,,,,worktype_time:红页L1HF:2:加砂后:主缝延伸,time
E0830,砂比平均值: 无数据,施工参数,砂比平均值: 无数据 为施工参数特征。,,,,worktype_stats:红页L1HF:2:加砂后:主缝延伸:砂比:mean,stat
E0831,砂比方差: 无数据,施工参数,砂比方差: 无数据 为施工参数特征。,,,,worktype_stats:红页L1HF:2:加砂后:主缝延伸:砂比:var,stat
E0832,排量平均值: 24.06,施工参数,排量平均值: 24.06 为施工参数特征。,,,,worktype_stats:红页L1HF:2:加砂后:主缝延伸:排量:mean,stat
E0833,排量方差: 0.0,施工参数,排量方差: 0.0 为施工参数特征。,,,,worktype_stats:红页L1HF:2:加砂后:主缝延伸:排量:var,stat
E0834,施工泵压平均值: 76.18,施工参数,施工泵压平均值: 76.18 为施工参数特征。,,,,worktype_stats:红页L1HF:2:加砂后:主缝延伸:施工泵压:mean,stat
E0835,施工泵压方差: 0.0753,施工参数,施工泵压方差: 0.0753 为施工参数特征。,,,,worktype_stats:红页L1HF:2:加砂后:主缝延伸:施工泵压:var,stat
E0836,当前建议: 保持当前措施,处置建议,当前建议: 保持当前措施 为处置建议实体。,,,,suggestion:红页L1HF:2:加砂后:主缝延伸,suggestion
E0837,段号 20,压裂段,段号 20 为压裂段实体。,,,,segment:红页L1HF:20,segment
E0838,段号时间 2024-01-14 14:05:00,时间点,段号时间 2024-01-14 14:05:00 为时间点实体。,,,,segment_time:红页L1HF:20,time
E0839,砂比平均值: 9.7565,施工参数,砂比平均值: 9.7565 为施工参数特征。,,,,segment_stats:红页L1HF:20:砂比:mean,stat
E0840,砂比方差: 4.7686,施工参数,砂比方差: 4.7686 为施工参数特征。,,,,segment_stats:红页L1HF:20:砂比:var,stat
E0841,排量平均值: 15.9474,施工参数,排量平均值: 15.9474 为施工参数特征。,,,,segment_stats:红页L1HF:20:排量:mean,stat
E0842,排量方差: 107.516,施工参数,排量方差: 107.516 为施工参数特征。,,,,segment_stats:红页L1HF:20:排量:var,stat
E0843,施工泵压平均值: 68.4912,施工参数,施工泵压平均值: 68.4912 为施工参数特征。,,,,segment_stats:红页L1HF:20:施工泵压:mean,stat
E0844,施工泵压方差: 358.0777,施工参数,施工泵压方差: 358.0777 为施工参数特征。,,,,segment_stats:红页L1HF:20:施工泵压:var,stat
E0845,施工情况 加砂前,施工阶段,施工情况 加砂前 为施工阶段实体。,,,,condition:红页L1HF:20:加砂前,condition
E0846,施工时间 2024-01-14 14:05:00,时间点,施工时间 2024-01-14 14:05:00 为时间点实体。,,,,condition_time:红页L1HF:20:加砂前,time
E0847,砂比平均值: 无数据,施工参数,砂比平均值: 无数据 为施工参数特征。,,,,condition_stats:红页L1HF:20:加砂前:砂比:mean,stat
E0848,砂比方差: 无数据,施工参数,砂比方差: 无数据 为施工参数特征。,,,,condition_stats:红页L1HF:20:加砂前:砂比:var,stat
E0849,排量平均值: 9.2892,施工参数,排量平均值: 9.2892 为施工参数特征。,,,,condition_stats:红页L1HF:20:加砂前:排量:mean,stat
E0850,排量方差: 57.5522,施工参数,排量方差: 57.5522 为施工参数特征。,,,,condition_stats:红页L1HF:20:加砂前:排量:var,stat
E0851,施工泵压平均值: 60.3274,施工参数,施工泵压平均值: 60.3274 为施工参数特征。,,,,condition_stats:红页L1HF:20:加砂前:施工泵压:mean,stat
E0852,施工泵压方差: 202.7147,施工参数,施工泵压方差: 202.7147 为施工参数特征。,,,,condition_stats:红页L1HF:20:加砂前:施工泵压:var,stat
E0853,施工情况 加砂中,施工阶段,施工情况 加砂中 为施工阶段实体。,,,,condition:红页L1HF:20:加砂中,condition
E0854,施工时间 2024-01-14 14:40:50,时间点,施工时间 2024-01-14 14:40:50 为时间点实体。,,,,condition_time:红页L1HF:20:加砂中,time
E0855,砂比平均值: 9.7565,施工参数,砂比平均值: 9.7565 为施工参数特征。,,,,condition_stats:红页L1HF:20:加砂中:砂比:mean,stat
E0856,砂比方差: 4.7686,施工参数,砂比方差: 4.7686 为施工参数特征。,,,,condition_stats:红页L1HF:20:加砂中:砂比:var,stat
E0857,排量平均值: 23.7217,施工参数,排量平均值: 23.7217 为施工参数特征。,,,,condition_stats:红页L1HF:20:加砂中:排量:mean,stat
E0858,排量方差: 0.5435,施工参数,排量方差: 0.5435 为施工参数特征。,,,,condition_stats:红页L1HF:20:加砂中:排量:var,stat
E0859,施工泵压平均值: 81.3507,施工参数,施工泵压平均值: 81.3507 为施工参数特征。,,,,condition_stats:红页L1HF:20:加砂中:施工泵压:mean,stat
E0860,施工泵压方差: 17.4362,施工参数,施工泵压方差: 17.4362 为施工参数特征。,,,,condition_stats:红页L1HF:20:加砂中:施工泵压:var,stat
E0861,工况 缝内暂堵,工况事件,工况 缝内暂堵 为工况事件实体。,,,,worktype:红页L1HF:20:加砂中:缝内暂堵,worktype
E0862,工况时间 2024-01-14 15:04:50,时间点,工况时间 2024-01-14 15:04:50 为时间点实体。,,,,worktype_time:红页L1HF:20:加砂中:缝内暂堵,time
E0863,砂比平均值: 7.0409,施工参数,砂比平均值: 7.0409 为施工参数特征。,,,,worktype_stats:红页L1HF:20:加砂中:缝内暂堵:砂比:mean,stat
E0864,砂比方差: 6.0861,施工参数,砂比方差: 6.0861 为施工参数特征。,,,,worktype_stats:红页L1HF:20:加砂中:缝内暂堵:砂比:var,stat
E0865,排量平均值: 24.0242,施工参数,排量平均值: 24.0242 为施工参数特征。,,,,worktype_stats:红页L1HF:20:加砂中:缝内暂堵:排量:mean,stat
E0866,排量方差: 0.0001,施工参数,排量方差: 0.0001 为施工参数特征。,,,,worktype_stats:红页L1HF:20:加砂中:缝内暂堵:排量:var,stat
E0867,施工泵压平均值: 80.415,施工参数,施工泵压平均值: 80.415 为施工参数特征。,,,,worktype_stats:红页L1HF:20:加砂中:缝内暂堵:施工泵压:mean,stat
E0868,施工泵压方差: 9.2318,施工参数,施工泵压方差: 9.2318 为施工参数特征。,,,,worktype_stats:红页L1HF:20:加砂中:缝内暂堵:施工泵压:var,stat
E0869,当前建议: 无建议,处置建议,当前建议: 无建议 为处置建议实体。,,,,suggestion:红页L1HF:20:加砂中:缝内暂堵,suggestion
E0870,工况 缝口暂堵,工况事件,工况 缝口暂堵 为工况事件实体。,,,,worktype:红页L1HF:20:加砂中:缝口暂堵,worktype
E0871,工况时间 2024-01-14 15:34:30,时间点,工况时间 2024-01-14 15:34:30 为时间点实体。,,,,worktype_time:红页L1HF:20:加砂中:缝口暂堵,time
E0872,砂比平均值: 7.7462,施工参数,砂比平均值: 7.7462 为施工参数特征。,,,,worktype_stats:红页L1HF:20:加砂中:缝口暂堵:砂比:mean,stat
E0873,砂比方差: 0.524,施工参数,砂比方差: 0.524 为施工参数特征。,,,,worktype_stats:红页L1HF:20:加砂中:缝口暂堵:砂比:var,stat
E0874,排量平均值: 22.9033,施工参数,排量平均值: 22.9033 为施工参数特征。,,,,worktype_stats:红页L1HF:20:加砂中:缝口暂堵:排量:mean,stat
E0875,排量方差: 2.8869,施工参数,排量方差: 2.8869 为施工参数特征。,,,,worktype_stats:红页L1HF:20:加砂中:缝口暂堵:排量:var,stat
E0876,施工泵压平均值: 79.8003,施工参数,施工泵压平均值: 79.8003 为施工参数特征。,,,,worktype_stats:红页L1HF:20:加砂中:缝口暂堵:施工泵压:mean,stat
E0877,施工泵压方差: 13.9273,施工参数,施工泵压方差: 13.9273 为施工参数特征。,,,,worktype_stats:红页L1HF:20:加砂中:缝口暂堵:施工泵压:var,stat
E0878,当前建议: 无建议,处置建议,当前建议: 无建议 为处置建议实体。,,,,suggestion:红页L1HF:20:加砂中:缝口暂堵,suggestion
E0879,工况 主缝延伸,工况事件,工况 主缝延伸 为工况事件实体。,,,,worktype:红页L1HF:20:加砂中:主缝延伸,worktype
E0880,工况时间 2024-01-14 16:12:00,时间点,工况时间 2024-01-14 16:12:00 为时间点实体。,,,,worktype_time:红页L1HF:20:加砂中:主缝延伸,time
E0881,砂比平均值: 11.6796,施工参数,砂比平均值: 11.6796 为施工参数特征。,,,,worktype_stats:红页L1HF:20:加砂中:主缝延伸:砂比:mean,stat
E0882,砂比方差: 2.7761,施工参数,砂比方差: 2.7761 为施工参数特征。,,,,worktype_stats:红页L1HF:20:加砂中:主缝延伸:砂比:var,stat
E0883,排量平均值: 24.0043,施工参数,排量平均值: 24.0043 为施工参数特征。,,,,worktype_stats:红页L1HF:20:加砂中:主缝延伸:排量:mean,stat
E0884,排量方差: 0.0,施工参数,排量方差: 0.0 为施工参数特征。,,,,worktype_stats:红页L1HF:20:加砂中:主缝延伸:排量:var,stat
E0885,施工泵压平均值: 86.1757,施工参数,施工泵压平均值: 86.1757 为施工参数特征。,,,,worktype_stats:红页L1HF:20:加砂中:主缝延伸:施工泵压:mean,stat
E0886,施工泵压方差: 0.0645,施工参数,施工泵压方差: 0.0645 为施工参数特征。,,,,worktype_stats:红页L1HF:20:加砂中:主缝延伸:施工泵压:var,stat
E0887,当前建议: 保持当前措施,处置建议,当前建议: 保持当前措施 为处置建议实体。,,,,suggestion:红页L1HF:20:加砂中:主缝延伸,suggestion
E0888,施工情况 加砂后,施工阶段,施工情况 加砂后 为施工阶段实体。,,,,condition:红页L1HF:20:加砂后,condition
E0889,施工时间 2024-01-14 16:21:10,时间点,施工时间 2024-01-14 16:21:10 为时间点实体。,,,,condition_time:红页L1HF:20:加砂后,time
E0890,砂比平均值: 无数据,施工参数,砂比平均值: 无数据 为施工参数特征。,,,,condition_stats:红页L1HF:20:加砂后:砂比:mean,stat
E0891,砂比方差: 无数据,施工参数,砂比方差: 无数据 为施工参数特征。,,,,condition_stats:红页L1HF:20:加砂后:砂比:var,stat
E0892,排量平均值: 1.9939,施工参数,排量平均值: 1.9939 为施工参数特征。,,,,condition_stats:红页L1HF:20:加砂后:排量:mean,stat
E0893,排量方差: 41.3919,施工参数,排量方差: 41.3919 为施工参数特征。,,,,condition_stats:红页L1HF:20:加砂后:排量:var,stat
E0894,施工泵压平均值: 42.5881,施工参数,施工泵压平均值: 42.5881 为施工参数特征。,,,,condition_stats:红页L1HF:20:加砂后:施工泵压:mean,stat
E0895,施工泵压方差: 238.2744,施工参数,施工泵压方差: 238.2744 为施工参数特征。,,,,condition_stats:红页L1HF:20:加砂后:施工泵压:var,stat
E0896,工况 主缝延伸,工况事件,工况 主缝延伸 为工况事件实体。,,,,worktype:红页L1HF:20:加砂后:主缝延伸,worktype
E0897,工况时间 2024-01-14 16:21:10,时间点,工况时间 2024-01-14 16:21:10 为时间点实体。,,,,worktype_time:红页L1HF:20:加砂后:主缝延伸,time
E0898,砂比平均值: 无数据,施工参数,砂比平均值: 无数据 为施工参数特征。,,,,worktype_stats:红页L1HF:20:加砂后:主缝延伸:砂比:mean,stat
E0899,砂比方差: 无数据,施工参数,砂比方差: 无数据 为施工参数特征。,,,,worktype_stats:红页L1HF:20:加砂后:主缝延伸:砂比:var,stat
E0900,排量平均值: 24.0067,施工参数,排量平均值: 24.0067 为施工参数特征。,,,,worktype_stats:红页L1HF:20:加砂后:主缝延伸:排量:mean,stat
E0901,排量方差: 0.0,施工参数,排量方差: 0.0 为施工参数特征。,,,,worktype_stats:红页L1HF:20:加砂后:主缝延伸:排量:var,stat
E0902,施工泵压平均值: 86.0667,施工参数,施工泵压平均值: 86.0667 为施工参数特征。,,,,worktype_stats:红页L1HF:20:加砂后:主缝延伸:施工泵压:mean,stat
E0903,施工泵压方差: 0.003,施工参数,施工泵压方差: 0.003 为施工参数特征。,,,,worktype_stats:红页L1HF:20:加砂后:主缝延伸:施工泵压:var,stat
E0904,当前建议: 保持当前措施,处置建议,当前建议: 保持当前措施 为处置建议实体。,,,,suggestion:红页L1HF:20:加砂后:主缝延伸,suggestion
E0905,段号 21,压裂段,段号 21 为压裂段实体。,,,,segment:红页L1HF:21,segment
E0906,段号时间 2024-01-15 08:33:10,时间点,段号时间 2024-01-15 08:33:10 为时间点实体。,,,,segment_time:红页L1HF:21,time
E0907,砂比平均值: 9.7207,施工参数,砂比平均值: 9.7207 为施工参数特征。,,,,segment_stats:红页L1HF:21:砂比:mean,stat
E0908,砂比方差: 6.2107,施工参数,砂比方差: 6.2107 为施工参数特征。,,,,segment_stats:红页L1HF:21:砂比:var,stat
E0909,排量平均值: 16.144,施工参数,排量平均值: 16.144 为施工参数特征。,,,,segment_stats:红页L1HF:21:排量:mean,stat
E0910,排量方差: 108.5168,施工参数,排量方差: 108.5168 为施工参数特征。,,,,segment_stats:红页L1HF:21:排量:var,stat
E0911,施工泵压平均值: 72.1013,施工参数,施工泵压平均值: 72.1013 为施工参数特征。,,,,segment_stats:红页L1HF:21:施工泵压:mean,stat
E0912,施工泵压方差: 241.04,施工参数,施工泵压方差: 241.04 为施工参数特征。,,,,segment_stats:红页L1HF:21:施工泵压:var,stat
E0913,施工情况 加砂前,施工阶段,施工情况 加砂前 为施工阶段实体。,,,,condition:红页L1HF:21:加砂前,condition
E0914,施工时间 2024-01-15 08:33:10,时间点,施工时间 2024-01-15 08:33:10 为时间点实体。,,,,condition_time:红页L1HF:21:加砂前,time
E0915,砂比平均值: 无数据,施工参数,砂比平均值: 无数据 为施工参数特征。,,,,condition_stats:红页L1HF:21:加砂前:砂比:mean,stat
E0916,砂比方差: 无数据,施工参数,砂比方差: 无数据 为施工参数特征。,,,,condition_stats:红页L1HF:21:加砂前:砂比:var,stat
E0917,排量平均值: 8.8196,施工参数,排量平均值: 8.8196 为施工参数特征。,,,,condition_stats:红页L1HF:21:加砂前:排量:mean,stat
E0918,排量方差: 52.6552,施工参数,排量方差: 52.6552 为施工参数特征。,,,,condition_stats:红页L1HF:21:加砂前:排量:var,stat
E0919,施工泵压平均值: 62.61,施工参数,施工泵压平均值: 62.61 为施工参数特征。,,,,condition_stats:红页L1HF:21:加砂前:施工泵压:mean,stat
E0920,施工泵压方差: 179.5773,施工参数,施工泵压方差: 179.5773 为施工参数特征。,,,,condition_stats:红页L1HF:21:加砂前:施工泵压:var,stat
E0921,施工情况 加砂中,施工阶段,施工情况 加砂中 为施工阶段实体。,,,,condition:红页L1HF:21:加砂中,condition
E0922,施工时间 2024-01-15 09:08:10,时间点,施工时间 2024-01-15 09:08:10 为时间点实体。,,,,condition_time:红页L1HF:21:加砂中,time
E0923,砂比平均值: 9.7207,施工参数,砂比平均值: 9.7207 为施工参数特征。,,,,condition_stats:红页L1HF:21:加砂中:砂比:mean,stat
E0924,砂比方差: 6.2107,施工参数,砂比方差: 6.2107 为施工参数特征。,,,,condition_stats:红页L1HF:21:加砂中:砂比:var,stat
E0925,排量平均值: 23.9565,施工参数,排量平均值: 23.9565 为施工参数特征。,,,,condition_stats:红页L1HF:21:加砂中:排量:mean,stat
E0926,排量方差: 0.2096,施工参数,排量方差: 0.2096 为施工参数特征。,,,,condition_stats:红页L1HF:21:加砂中:排量:var,stat
E0927,施工泵压平均值: 82.9048,施工参数,施工泵压平均值: 82.9048 为施工参数特征。,,,,condition_stats:红页L1HF:21:加砂中:施工泵压:mean,stat
E0928,施工泵压方差: 6.5769,施工参数,施工泵压方差: 6.5769 为施工参数特征。,,,,condition_stats:红页L1HF:21:加砂中:施工泵压:var,stat
E0929,工况 缝内暂堵,工况事件,工况 缝内暂堵 为工况事件实体。,,,,worktype:红页L1HF:21:加砂中:缝内暂堵,worktype
E0930,工况时间 2024-01-15 09:33:20,时间点,工况时间 2024-01-15 09:33:20 为时间点实体。,,,,worktype_time:红页L1HF:21:加砂中:缝内暂堵,time
E0931,砂比平均值: 7.887,施工参数,砂比平均值: 7.887 为施工参数特征。,,,,worktype_stats:红页L1HF:21:加砂中:缝内暂堵:砂比:mean,stat
E0932,砂比方差: 8.229,施工参数,砂比方差: 8.229 为施工参数特征。,,,,worktype_stats:红页L1HF:21:加砂中:缝内暂堵:砂比:var,stat
E0933,排量平均值: 24.0216,施工参数,排量平均值: 24.0216 为施工参数特征。,,,,worktype_stats:红页L1HF:21:加砂中:缝内暂堵:排量:mean,stat
E0934,排量方差: 0.0001,施工参数,排量方差: 0.0001 为施工参数特征。,,,,worktype_stats:红页L1HF:21:加砂中:缝内暂堵:排量:var,stat
E0935,施工泵压平均值: 80.7252,施工参数,施工泵压平均值: 80.7252 为施工参数特征。,,,,worktype_stats:红页L1HF:21:加砂中:缝内暂堵:施工泵压:mean,stat
E0936,施工泵压方差: 13.6855,施工参数,施工泵压方差: 13.6855 为施工参数特征。,,,,worktype_stats:红页L1HF:21:加砂中:缝内暂堵:施工泵压:var,stat
E0937,当前建议: 无建议,处置建议,当前建议: 无建议 为处置建议实体。,,,,suggestion:红页L1HF:21:加砂中:缝内暂堵,suggestion
E0938,工况 缝口暂堵,工况事件,工况 缝口暂堵 为工况事件实体。,,,,worktype:红页L1HF:21:加砂中:缝口暂堵,worktype
E0939,工况时间 2024-01-15 10:03:40,时间点,工况时间 2024-01-15 10:03:40 为时间点实体。,,,,worktype_time:红页L1HF:21:加砂中:缝口暂堵,time
E0940,砂比平均值: 7.66,施工参数,砂比平均值: 7.66 为施工参数特征。,,,,worktype_stats:红页L1HF:21:加砂中:缝口暂堵:砂比:mean,stat
E0941,砂比方差: 1.6304,施工参数,砂比方差: 1.6304 为施工参数特征。,,,,worktype_stats:红页L1HF:21:加砂中:缝口暂堵:砂比:var,stat
E0942,排量平均值: 22.8186,施工参数,排量平均值: 22.8186 为施工参数特征。,,,,worktype_stats:红页L1HF:21:加砂中:缝口暂堵:排量:mean,stat
E0943,排量方差: 2.7259,施工参数,排量方差: 2.7259 为施工参数特征。,,,,worktype_stats:红页L1HF:21:加砂中:缝口暂堵:排量:var,stat
E0944,施工泵压平均值: 78.2476,施工参数,施工泵压平均值: 78.2476 为施工参数特征。,,,,worktype_stats:红页L1HF:21:加砂中:缝口暂堵:施工泵压:mean,stat
E0945,施工泵压方差: 19.5654,施工参数,施工泵压方差: 19.5654 为施工参数特征。,,,,worktype_stats:红页L1HF:21:加砂中:缝口暂堵:施工泵压:var,stat
E0946,当前建议: 无建议,处置建议,当前建议: 无建议 为处置建议实体。,,,,suggestion:红页L1HF:21:加砂中:缝口暂堵,suggestion
E0947,工况 主缝延伸,工况事件,工况 主缝延伸 为工况事件实体。,,,,worktype:红页L1HF:21:加砂中:主缝延伸,worktype
E0948,工况时间 2024-01-15 10:32:40,时间点,工况时间 2024-01-15 10:32:40 为时间点实体。,,,,worktype_time:红页L1HF:21:加砂中:主缝延伸,time
E0949,砂比平均值: 11.4011,施工参数,砂比平均值: 11.4011 为施工参数特征。,,,,worktype_stats:红页L1HF:21:加砂中:主缝延伸:砂比:mean,stat
E0950,砂比方差: 3.2847,施工参数,砂比方差: 3.2847 为施工参数特征。,,,,worktype_stats:红页L1HF:21:加砂中:主缝延伸:砂比:var,stat
E0951,排量平均值: 24.0162,施工参数,排量平均值: 24.0162 为施工参数特征。,,,,worktype_stats:红页L1HF:21:加砂中:主缝延伸:排量:mean,stat
E0952,排量方差: 0.0001,施工参数,排量方差: 0.0001 为施工参数特征。,,,,worktype_stats:红页L1HF:21:加砂中:主缝延伸:排量:var,stat
E0953,施工泵压平均值: 84.9296,施工参数,施工泵压平均值: 84.9296 为施工参数特征。,,,,worktype_stats:红页L1HF:21:加砂中:主缝延伸:施工泵压:mean,stat
E0954,施工泵压方差: 1.6368,施工参数,施工泵压方差: 1.6368 为施工参数特征。,,,,worktype_stats:红页L1HF:21:加砂中:主缝延伸:施工泵压:var,stat
E0955,当前建议: 保持当前措施,处置建议,当前建议: 保持当前措施 为处置建议实体。,,,,suggestion:红页L1HF:21:加砂中:主缝延伸,suggestion
E0956,施工情况 加砂后,施工阶段,施工情况 加砂后 为施工阶段实体。,,,,condition:红页L1HF:21:加砂后,condition
E0957,施工时间 2024-01-15 10:49:40,时间点,施工时间 2024-01-15 10:49:40 为时间点实体。,,,,condition_time:红页L1HF:21:加砂后,time
E0958,砂比平均值: 无数据,施工参数,砂比平均值: 无数据 为施工参数特征。,,,,condition_stats:红页L1HF:21:加砂后:砂比:mean,stat
E0959,砂比方差: 无数据,施工参数,砂比方差: 无数据 为施工参数特征。,,,,condition_stats:红页L1HF:21:加砂后:砂比:var,stat
E0960,排量平均值: 2.1074,施工参数,排量平均值: 2.1074 为施工参数特征。,,,,condition_stats:红页L1HF:21:加砂后:排量:mean,stat
E0961,排量方差: 43.8631,施工参数,排量方差: 43.8631 为施工参数特征。,,,,condition_stats:红页L1HF:21:加砂后:排量:var,stat
E0962,施工泵压平均值: 52.041,施工参数,施工泵压平均值: 52.041 为施工参数特征。,,,,condition_stats:红页L1HF:21:加砂后:施工泵压:mean,stat
E0963,施工泵压方差: 133.5349,施工参数,施工泵压方差: 133.5349 为施工参数特征。,,,,condition_stats:红页L1HF:21:加砂后:施工泵压:var,stat
E0964,段号 22,压裂段,段号 22 为压裂段实体。,,,,segment:红页L1HF:22,segment
E0965,段号时间 2024-01-15 15:09:50,时间点,段号时间 2024-01-15 15:09:50 为时间点实体。,,,,segment_time:红页L1HF:22,time
E0966,砂比平均值: 9.9031,施工参数,砂比平均值: 9.9031 为施工参数特征。,,,,segment_stats:红页L1HF:22:砂比:mean,stat
E0967,砂比方差: 6.4288,施工参数,砂比方差: 6.4288 为施工参数特征。,,,,segment_stats:红页L1HF:22:砂比:var,stat
E0968,排量平均值: 15.6145,施工参数,排量平均值: 15.6145 为施工参数特征。,,,,segment_stats:红页L1HF:22:排量:mean,stat
E0969,排量方差: 115.0115,施工参数,排量方差: 115.0115 为施工参数特征。,,,,segment_stats:红页L1HF:22:排量:var,stat
E0970,施工泵压平均值: 60.3158,施工参数,施工泵压平均值: 60.3158 为施工参数特征。,,,,segment_stats:红页L1HF:22:施工泵压:mean,stat
E0971,施工泵压方差: 373.6146,施工参数,施工泵压方差: 373.6146 为施工参数特征。,,,,segment_stats:红页L1HF:22:施工泵压:var,stat
E0972,施工情况 加砂前,施工阶段,施工情况 加砂前 为施工阶段实体。,,,,condition:红页L1HF:22:加砂前,condition
E0973,施工时间 2024-01-15 15:09:50,时间点,施工时间 2024-01-15 15:09:50 为时间点实体。,,,,condition_time:红页L1HF:22:加砂前,time
E0974,砂比平均值: 无数据,施工参数,砂比平均值: 无数据 为施工参数特征。,,,,condition_stats:红页L1HF:22:加砂前:砂比:mean,stat
E0975,砂比方差: 无数据,施工参数,砂比方差: 无数据 为施工参数特征。,,,,condition_stats:红页L1HF:22:加砂前:砂比:var,stat
E0976,排量平均值: 8.5508,施工参数,排量平均值: 8.5508 为施工参数特征。,,,,condition_stats:红页L1HF:22:加砂前:排量:mean,stat
E0977,排量方差: 65.5026,施工参数,排量方差: 65.5026 为施工参数特征。,,,,condition_stats:红页L1HF:22:加砂前:排量:var,stat
E0978,施工泵压平均值: 50.79,施工参数,施工泵压平均值: 50.79 为施工参数特征。,,,,condition_stats:红页L1HF:22:加砂前:施工泵压:mean,stat
E0979,施工泵压方差: 202.2721,施工参数,施工泵压方差: 202.2721 为施工参数特征。,,,,condition_stats:红页L1HF:22:加砂前:施工泵压:var,stat
E0980,施工情况 加砂中,施工阶段,施工情况 加砂中 为施工阶段实体。,,,,condition:红页L1HF:22:加砂中,condition
E0981,施工时间 2024-01-15 15:46:20,时间点,施工时间 2024-01-15 15:46:20 为时间点实体。,,,,condition_time:红页L1HF:22:加砂中,time
E0982,砂比平均值: 9.9031,施工参数,砂比平均值: 9.9031 为施工参数特征。,,,,condition_stats:红页L1HF:22:加砂中:砂比:mean,stat
E0983,砂比方差: 6.4288,施工参数,砂比方差: 6.4288 为施工参数特征。,,,,condition_stats:红页L1HF:22:加砂中:砂比:var,stat
E0984,排量平均值: 23.8716,施工参数,排量平均值: 23.8716 为施工参数特征。,,,,condition_stats:红页L1HF:22:加砂中:排量:mean,stat
E0985,排量方差: 3.6732,施工参数,排量方差: 3.6732 为施工参数特征。,,,,condition_stats:红页L1HF:22:加砂中:排量:var,stat
E0986,施工泵压平均值: 74.3663,施工参数,施工泵压平均值: 74.3663 为施工参数特征。,,,,condition_stats:红页L1HF:22:加砂中:施工泵压:mean,stat
E0987,施工泵压方差: 19.6889,施工参数,施工泵压方差: 19.6889 为施工参数特征。,,,,condition_stats:红页L1HF:22:加砂中:施工泵压:var,stat
E0988,工况 缝内暂堵,工况事件,工况 缝内暂堵 为工况事件实体。,,,,worktype:红页L1HF:22:加砂中:缝内暂堵,worktype
E0989,工况时间 2024-01-15 16:06:20,时间点,工况时间 2024-01-15 16:06:20 为时间点实体。,,,,worktype_time:红页L1HF:22:加砂中:缝内暂堵,time
E0990,砂比平均值: 7.0487,施工参数,砂比平均值: 7.0487 为施工参数特征。,,,,worktype_stats:红页L1HF:22:加砂中:缝内暂堵:砂比:mean,stat
E0991,砂比方差: 1.9399,施工参数,砂比方差: 1.9399 为施工参数特征。,,,,worktype_stats:红页L1HF:22:加砂中:缝内暂堵:砂比:var,stat
E0992,排量平均值: 24.0751,施工参数,排量平均值: 24.0751 为施工参数特征。,,,,worktype_stats:红页L1HF:22:加砂中:缝内暂堵:排量:mean,stat
E0993,排量方差: 0.0,施工参数,排量方差: 0.0 为施工参数特征。,,,,worktype_stats:红页L1HF:22:加砂中:缝内暂堵:排量:var,stat
E0994,施工泵压平均值: 73.7928,施工参数,施工泵压平均值: 73.7928 为施工参数特征。,,,,worktype_stats:红页L1HF:22:加砂中:缝内暂堵:施工泵压:mean,stat
E0995,施工泵压方差: 15.2498,施工参数,施工泵压方差: 15.2498 为施工参数特征。,,,,worktype_stats:红页L1HF:22:加砂中:缝内暂堵:施工泵压:var,stat
E0996,当前建议: 无建议,处置建议,当前建议: 无建议 为处置建议实体。,,,,suggestion:红页L1HF:22:加砂中:缝内暂堵,suggestion
E0997,工况 缝口暂堵,工况事件,工况 缝口暂堵 为工况事件实体。,,,,worktype:红页L1HF:22:加砂中:缝口暂堵,worktype
E0998,工况时间 2024-01-15 16:30:20,时间点,工况时间 2024-01-15 16:30:20 为时间点实体。,,,,worktype_time:红页L1HF:22:加砂中:缝口暂堵,time
E0999,砂比平均值: 9.1037,施工参数,砂比平均值: 9.1037 为施工参数特征。,,,,worktype_stats:红页L1HF:22:加砂中:缝口暂堵:砂比:mean,stat
E1000,砂比方差: 11.2537,施工参数,砂比方差: 11.2537 为施工参数特征。,,,,worktype_stats:红页L1HF:22:加砂中:缝口暂堵:砂比:var,stat
E1001,排量平均值: 23.399,施工参数,排量平均值: 23.399 为施工参数特征。,,,,worktype_stats:红页L1HF:22:加砂中:缝口暂堵:排量:mean,stat
E1002,排量方差: 1.9793,施工参数,排量方差: 1.9793 为施工参数特征。,,,,worktype_stats:红页L1HF:22:加砂中:缝口暂堵:排量:var,stat
E1003,施工泵压平均值: 72.748,施工参数,施工泵压平均值: 72.748 为施工参数特征。,,,,worktype_stats:红页L1HF:22:加砂中:缝口暂堵:施工泵压:mean,stat
E1004,施工泵压方差: 12.2292,施工参数,施工泵压方差: 12.2292 为施工参数特征。,,,,worktype_stats:红页L1HF:22:加砂中:缝口暂堵:施工泵压:var,stat
E1005,当前建议: 无建议,处置建议,当前建议: 无建议 为处置建议实体。,,,,suggestion:红页L1HF:22:加砂中:缝口暂堵,suggestion
E1006,工况 主缝延伸,工况事件,工况 主缝延伸 为工况事件实体。,,,,worktype:红页L1HF:22:加砂中:主缝延伸,worktype
E1007,工况时间 2024-01-15 16:59:10,时间点,工况时间 2024-01-15 16:59:10 为时间点实体。,,,,worktype_time:红页L1HF:22:加砂中:主缝延伸,time
E1008,砂比平均值: 11.2096,施工参数,砂比平均值: 11.2096 为施工参数特征。,,,,worktype_stats:红页L1HF:22:加砂中:主缝延伸:砂比:mean,stat
E1009,砂比方差: 4.6606,施工参数,砂比方差: 4.6606 为施工参数特征。,,,,worktype_stats:红页L1HF:22:加砂中:主缝延伸:砂比:var,stat
E1010,排量平均值: 24.0704,施工参数,排量平均值: 24.0704 为施工参数特征。,,,,worktype_stats:红页L1HF:22:加砂中:主缝延伸:排量:mean,stat
E1011,排量方差: 0.0,施工参数,排量方差: 0.0 为施工参数特征。,,,,worktype_stats:红页L1HF:22:加砂中:主缝延伸:排量:var,stat
E1012,施工泵压平均值: 77.2906,施工参数,施工泵压平均值: 77.2906 为施工参数特征。,,,,worktype_stats:红页L1HF:22:加砂中:主缝延伸:施工泵压:mean,stat
E1013,施工泵压方差: 1.3891,施工参数,施工泵压方差: 1.3891 为施工参数特征。,,,,worktype_stats:红页L1HF:22:加砂中:主缝延伸:施工泵压:var,stat
E1014,当前建议: 保持当前措施,处置建议,当前建议: 保持当前措施 为处置建议实体。,,,,suggestion:红页L1HF:22:加砂中:主缝延伸,suggestion
E1015,施工情况 加砂后,施工阶段,施工情况 加砂后 为施工阶段实体。,,,,condition:红页L1HF:22:加砂后,condition
E1016,施工时间 2024-01-15 17:13:50,时间点,施工时间 2024-01-15 17:13:50 为时间点实体。,,,,condition_time:红页L1HF:22:加砂后,time
E1017,砂比平均值: 无数据,施工参数,砂比平均值: 无数据 为施工参数特征。,,,,condition_stats:红页L1HF:22:加砂后:砂比:mean,stat
E1018,砂比方差: 无数据,施工参数,砂比方差: 无数据 为施工参数特征。,,,,condition_stats:红页L1HF:22:加砂后:砂比:var,stat
E1019,排量平均值: 2.3062,施工参数,排量平均值: 2.3062 为施工参数特征。,,,,condition_stats:红页L1HF:22:加砂后:排量:mean,stat
E1020,排量方差: 48.1621,施工参数,排量方差: 48.1621 为施工参数特征。,,,,condition_stats:红页L1HF:22:加砂后:排量:var,stat
E1021,施工泵压平均值: 34.8912,施工参数,施工泵压平均值: 34.8912 为施工参数特征。,,,,condition_stats:红页L1HF:22:加砂后:施工泵压:mean,stat
E1022,施工泵压方差: 218.4014,施工参数,施工泵压方差: 218.4014 为施工参数特征。,,,,condition_stats:红页L1HF:22:加砂后:施工泵压:var,stat
E1023,工况 主缝延伸,工况事件,工况 主缝延伸 为工况事件实体。,,,,worktype:红页L1HF:22:加砂后:主缝延伸,worktype
E1024,工况时间 2024-01-15 17:13:50,时间点,工况时间 2024-01-15 17:13:50 为时间点实体。,,,,worktype_time:红页L1HF:22:加砂后:主缝延伸,time
E1025,砂比平均值: 无数据,施工参数,砂比平均值: 无数据 为施工参数特征。,,,,worktype_stats:红页L1HF:22:加砂后:主缝延伸:砂比:mean,stat
E1026,砂比方差: 无数据,施工参数,砂比方差: 无数据 为施工参数特征。,,,,worktype_stats:红页L1HF:22:加砂后:主缝延伸:砂比:var,stat
E1027,排量平均值: 24.07,施工参数,排量平均值: 24.07 为施工参数特征。,,,,worktype_stats:红页L1HF:22:加砂后:主缝延伸:排量:mean,stat
E1028,排量方差: 0.0,施工参数,排量方差: 0.0 为施工参数特征。,,,,worktype_stats:红页L1HF:22:加砂后:主缝延伸:排量:var,stat
E1029,施工泵压平均值: 77.2525,施工参数,施工泵压平均值: 77.2525 为施工参数特征。,,,,worktype_stats:红页L1HF:22:加砂后:主缝延伸:施工泵压:mean,stat
E1030,施工泵压方差: 0.0091,施工参数,施工泵压方差: 0.0091 为施工参数特征。,,,,worktype_stats:红页L1HF:22:加砂后:主缝延伸:施工泵压:var,stat
E1031,当前建议: 保持当前措施,处置建议,当前建议: 保持当前措施 为处置建议实体。,,,,suggestion:红页L1HF:22:加砂后:主缝延伸,suggestion
E1032,段号 23,压裂段,段号 23 为压裂段实体。,,,,segment:红页L1HF:23,segment
E1033,段号时间 2024-01-16 08:28:30,时间点,段号时间 2024-01-16 08:28:30 为时间点实体。,,,,segment_time:红页L1HF:23,time
E1034,砂比平均值: 9.2289,施工参数,砂比平均值: 9.2289 为施工参数特征。,,,,segment_stats:红页L1HF:23:砂比:mean,stat
E1035,砂比方差: 6.1168,施工参数,砂比方差: 6.1168 为施工参数特征。,,,,segment_stats:红页L1HF:23:砂比:var,stat
E1036,排量平均值: 16.708,施工参数,排量平均值: 16.708 为施工参数特征。,,,,segment_stats:红页L1HF:23:排量:mean,stat
E1037,排量方差: 106.8282,施工参数,排量方差: 106.8282 为施工参数特征。,,,,segment_stats:红页L1HF:23:排量:var,stat
E1038,施工泵压平均值: 65.451,施工参数,施工泵压平均值: 65.451 为施工参数特征。,,,,segment_stats:红页L1HF:23:施工泵压:mean,stat
E1039,施工泵压方差: 393.2794,施工参数,施工泵压方差: 393.2794 为施工参数特征。,,,,segment_stats:红页L1HF:23:施工泵压:var,stat
E1040,施工情况 加砂前,施工阶段,施工情况 加砂前 为施工阶段实体。,,,,condition:红页L1HF:23:加砂前,condition
E1041,施工时间 2024-01-16 08:28:30,时间点,施工时间 2024-01-16 08:28:30 为时间点实体。,,,,condition_time:红页L1HF:23:加砂前,time
E1042,砂比平均值: 无数据,施工参数,砂比平均值: 无数据 为施工参数特征。,,,,condition_stats:红页L1HF:23:加砂前:砂比:mean,stat
E1043,砂比方差: 无数据,施工参数,砂比方差: 无数据 为施工参数特征。,,,,condition_stats:红页L1HF:23:加砂前:砂比:var,stat
E1044,排量平均值: 8.4861,施工参数,排量平均值: 8.4861 为施工参数特征。,,,,condition_stats:红页L1HF:23:加砂前:排量:mean,stat
E1045,排量方差: 56.7168,施工参数,排量方差: 56.7168 为施工参数特征。,,,,condition_stats:红页L1HF:23:加砂前:排量:var,stat
E1046,施工泵压平均值: 54.9813,施工参数,施工泵压平均值: 54.9813 为施工参数特征。,,,,condition_stats:红页L1HF:23:加砂前:施工泵压:mean,stat
E1047,施工泵压方差: 357.8173,施工参数,施工泵压方差: 357.8173 为施工参数特征。,,,,condition_stats:红页L1HF:23:加砂前:施工泵压:var,stat
E1048,施工情况 加砂中,施工阶段,施工情况 加砂中 为施工阶段实体。,,,,condition:红页L1HF:23:加砂中,condition
E1049,施工时间 2024-01-16 08:59:10,时间点,施工时间 2024-01-16 08:59:10 为时间点实体。,,,,condition_time:红页L1HF:23:加砂中,time
E1050,砂比平均值: 9.2289,施工参数,砂比平均值: 9.2289 为施工参数特征。,,,,condition_stats:红页L1HF:23:加砂中:砂比:mean,stat
E1051,砂比方差: 6.1168,施工参数,砂比方差: 6.1168 为施工参数特征。,,,,condition_stats:红页L1HF:23:加砂中:砂比:var,stat
E1052,排量平均值: 23.8414,施工参数,排量平均值: 23.8414 为施工参数特征。,,,,condition_stats:红页L1HF:23:加砂中:排量:mean,stat
E1053,排量方差: 2.2697,施工参数,排量方差: 2.2697 为施工参数特征。,,,,condition_stats:红页L1HF:23:加砂中:排量:var,stat
E1054,施工泵压平均值: 77.6916,施工参数,施工泵压平均值: 77.6916 为施工参数特征。,,,,condition_stats:红页L1HF:23:加砂中:施工泵压:mean,stat
E1055,施工泵压方差: 15.4697,施工参数,施工泵压方差: 15.4697 为施工参数特征。,,,,condition_stats:红页L1HF:23:加砂中:施工泵压:var,stat
E1056,工况 缝内暂堵,工况事件,工况 缝内暂堵 为工况事件实体。,,,,worktype:红页L1HF:23:加砂中:缝内暂堵,worktype
E1057,工况时间 2024-01-16 09:24:50,时间点,工况时间 2024-01-16 09:24:50 为时间点实体。,,,,worktype_time:红页L1HF:23:加砂中:缝内暂堵,time
E1058,砂比平均值: 6.6061,施工参数,砂比平均值: 6.6061 为施工参数特征。,,,,worktype_stats:红页L1HF:23:加砂中:缝内暂堵:砂比:mean,stat
E1059,砂比方差: 5.2745,施工参数,砂比方差: 5.2745 为施工参数特征。,,,,worktype_stats:红页L1HF:23:加砂中:缝内暂堵:砂比:var,stat
E1060,排量平均值: 24.0245,施工参数,排量平均值: 24.0245 为施工参数特征。,,,,worktype_stats:红页L1HF:23:加砂中:缝内暂堵:排量:mean,stat
E1061,排量方差: 0.0,施工参数,排量方差: 0.0 为施工参数特征。,,,,worktype_stats:红页L1HF:23:加砂中:缝内暂堵:排量:var,stat
E1062,施工泵压平均值: 76.595,施工参数,施工泵压平均值: 76.595 为施工参数特征。,,,,worktype_stats:红页L1HF:23:加砂中:缝内暂堵:施工泵压:mean,stat
E1063,施工泵压方差: 7.2502,施工参数,施工泵压方差: 7.2502 为施工参数特征。,,,,worktype_stats:红页L1HF:23:加砂中:缝内暂堵:施工泵压:var,stat
E1064,当前建议: 无建议,处置建议,当前建议: 无建议 为处置建议实体。,,,,suggestion:红页L1HF:23:加砂中:缝内暂堵,suggestion
E1065,工况 缝口暂堵,工况事件,工况 缝口暂堵 为工况事件实体。,,,,worktype:红页L1HF:23:加砂中:缝口暂堵,worktype
E1066,工况时间 2024-01-16 09:54:30,时间点,工况时间 2024-01-16 09:54:30 为时间点实体。,,,,worktype_time:红页L1HF:23:加砂中:缝口暂堵,time
E1067,砂比平均值: 8.1826,施工参数,砂比平均值: 8.1826 为施工参数特征。,,,,worktype_stats:红页L1HF:23:加砂中:缝口暂堵:砂比:mean,stat
E1068,砂比方差: 7.4823,施工参数,砂比方差: 7.4823 为施工参数特征。,,,,worktype_stats:红页L1HF:23:加砂中:缝口暂堵:砂比:var,stat
E1069,排量平均值: 22.6248,施工参数,排量平均值: 22.6248 为施工参数特征。,,,,worktype_stats:红页L1HF:23:加砂中:缝口暂堵:排量:mean,stat
E1070,排量方差: 3.187,施工参数,排量方差: 3.187 为施工参数特征。,,,,worktype_stats:红页L1HF:23:加砂中:缝口暂堵:排量:var,stat
E1071,施工泵压平均值: 74.3439,施工参数,施工泵压平均值: 74.3439 为施工参数特征。,,,,worktype_stats:红页L1HF:23:加砂中:缝口暂堵:施工泵压:mean,stat
E1072,施工泵压方差: 27.3205,施工参数,施工泵压方差: 27.3205 为施工参数特征。,,,,worktype_stats:红页L1HF:23:加砂中:缝口暂堵:施工泵压:var,stat
E1073,当前建议: 无建议,处置建议,当前建议: 无建议 为处置建议实体。,,,,suggestion:红页L1HF:23:加砂中:缝口暂堵,suggestion
E1074,工况 主缝延伸,工况事件,工况 主缝延伸 为工况事件实体。,,,,worktype:红页L1HF:23:加砂中:主缝延伸,worktype
E1075,工况时间 2024-01-16 10:24:00,时间点,工况时间 2024-01-16 10:24:00 为时间点实体。,,,,worktype_time:红页L1HF:23:加砂中:主缝延伸,time
E1076,砂比平均值: 9.5446,施工参数,砂比平均值: 9.5446 为施工参数特征。,,,,worktype_stats:红页L1HF:23:加砂中:主缝延伸:砂比:mean,stat
E1077,砂比方差: 5.3929,施工参数,砂比方差: 5.3929 为施工参数特征。,,,,worktype_stats:红页L1HF:23:加砂中:主缝延伸:砂比:var,stat
E1078,排量平均值: 24.025,施工参数,排量平均值: 24.025 为施工参数特征。,,,,worktype_stats:红页L1HF:23:加砂中:主缝延伸:排量:mean,stat
E1079,排量方差: 0.0,施工参数,排量方差: 0.0 为施工参数特征。,,,,worktype_stats:红页L1HF:23:加砂中:主缝延伸:排量:var,stat
E1080,施工泵压平均值: 80.5541,施工参数,施工泵压平均值: 80.5541 为施工参数特征。,,,,worktype_stats:红页L1HF:23:加砂中:主缝延伸:施工泵压:mean,stat
E1081,施工泵压方差: 5.4067,施工参数,施工泵压方差: 5.4067 为施工参数特征。,,,,worktype_stats:红页L1HF:23:加砂中:主缝延伸:施工泵压:var,stat
E1082,当前建议: 保持当前措施,处置建议,当前建议: 保持当前措施 为处置建议实体。,,,,suggestion:红页L1HF:23:加砂中:主缝延伸,suggestion
E1083,施工情况 加砂后,施工阶段,施工情况 加砂后 为施工阶段实体。,,,,condition:红页L1HF:23:加砂后,condition
E1084,施工时间 2024-01-16 10:44:30,时间点,施工时间 2024-01-16 10:44:30 为时间点实体。,,,,condition_time:红页L1HF:23:加砂后,time
E1085,砂比平均值: 无数据,施工参数,砂比平均值: 无数据 为施工参数特征。,,,,condition_stats:红页L1HF:23:加砂后:砂比:mean,stat
E1086,砂比方差: 无数据,施工参数,砂比方差: 无数据 为施工参数特征。,,,,condition_stats:红页L1HF:23:加砂后:砂比:var,stat
E1087,排量平均值: 2.2022,施工参数,排量平均值: 2.2022 为施工参数特征。,,,,condition_stats:红页L1HF:23:加砂后:排量:mean,stat
E1088,排量方差: 46.514,施工参数,排量方差: 46.514 为施工参数特征。,,,,condition_stats:红页L1HF:23:加砂后:排量:var,stat
E1089,施工泵压平均值: 37.201,施工参数,施工泵压平均值: 37.201 为施工参数特征。,,,,condition_stats:红页L1HF:23:加砂后:施工泵压:mean,stat
E1090,施工泵压方差: 232.9139,施工参数,施工泵压方差: 232.9139 为施工参数特征。,,,,condition_stats:红页L1HF:23:加砂后:施工泵压:var,stat
E1091,工况 主缝延伸,工况事件,工况 主缝延伸 为工况事件实体。,,,,worktype:红页L1HF:23:加砂后:主缝延伸,worktype
E1092,工况时间 2024-01-16 10:44:30,时间点,工况时间 2024-01-16 10:44:30 为时间点实体。,,,,worktype_time:红页L1HF:23:加砂后:主缝延伸,time
E1093,砂比平均值: 无数据,施工参数,砂比平均值: 无数据 为施工参数特征。,,,,worktype_stats:红页L1HF:23:加砂后:主缝延伸:砂比:mean,stat
E1094,砂比方差: 无数据,施工参数,砂比方差: 无数据 为施工参数特征。,,,,worktype_stats:红页L1HF:23:加砂后:主缝延伸:砂比:var,stat
E1095,排量平均值: 24.03,施工参数,排量平均值: 24.03 为施工参数特征。,,,,worktype_stats:红页L1HF:23:加砂后:主缝延伸:排量:mean,stat
E1096,排量方差: 0.0,施工参数,排量方差: 0.0 为施工参数特征。,,,,worktype_stats:红页L1HF:23:加砂后:主缝延伸:排量:var,stat
E1097,施工泵压平均值: 81.32,施工参数,施工泵压平均值: 81.32 为施工参数特征。,,,,worktype_stats:红页L1HF:23:加砂后:主缝延伸:施工泵压:mean,stat
E1098,施工泵压方差: 0.0,施工参数,施工泵压方差: 0.0 为施工参数特征。,,,,worktype_stats:红页L1HF:23:加砂后:主缝延伸:施工泵压:var,stat
E1099,当前建议: 保持当前措施,处置建议,当前建议: 保持当前措施 为处置建议实体。,,,,suggestion:红页L1HF:23:加砂后:主缝延伸,suggestion
E1100,段号 24,压裂段,段号 24 为压裂段实体。,,,,segment:红页L1HF:24,segment
E1101,段号时间 2024-01-16 15:04:10,时间点,段号时间 2024-01-16 15:04:10 为时间点实体。,,,,segment_time:红页L1HF:24,time
E1102,砂比平均值: 9.7958,施工参数,砂比平均值: 9.7958 为施工参数特征。,,,,segment_stats:红页L1HF:24:砂比:mean,stat
E1103,砂比方差: 4.823,施工参数,砂比方差: 4.823 为施工参数特征。,,,,segment_stats:红页L1HF:24:砂比:var,stat
E1104,排量平均值: 16.5301,施工参数,排量平均值: 16.5301 为施工参数特征。,,,,segment_stats:红页L1HF:24:排量:mean,stat
E1105,排量方差: 107.3545,施工参数,排量方差: 107.3545 为施工参数特征。,,,,segment_stats:红页L1HF:24:排量:var,stat
E1106,施工泵压平均值: 67.3468,施工参数,施工泵压平均值: 67.3468 为施工参数特征。,,,,segment_stats:红页L1HF:24:施工泵压:mean,stat
E1107,施工泵压方差: 341.0599,施工参数,施工泵压方差: 341.0599 为施工参数特征。,,,,segment_stats:红页L1HF:24:施工泵压:var,stat
E1108,施工情况 加砂前,施工阶段,施工情况 加砂前 为施工阶段实体。,,,,condition:红页L1HF:24:加砂前,condition
E1109,施工时间 2024-01-16 15:04:10,时间点,施工时间 2024-01-16 15:04:10 为时间点实体。,,,,condition_time:红页L1HF:24:加砂前,time
E1110,砂比平均值: 无数据,施工参数,砂比平均值: 无数据 为施工参数特征。,,,,condition_stats:红页L1HF:24:加砂前:砂比:mean,stat
E1111,砂比方差: 无数据,施工参数,砂比方差: 无数据 为施工参数特征。,,,,condition_stats:红页L1HF:24:加砂前:砂比:var,stat
E1112,排量平均值: 9.1188,施工参数,排量平均值: 9.1188 为施工参数特征。,,,,condition_stats:红页L1HF:24:加砂前:排量:mean,stat
E1113,排量方差: 63.7106,施工参数,排量方差: 63.7106 为施工参数特征。,,,,condition_stats:红页L1HF:24:加砂前:排量:var,stat
E1114,施工泵压平均值: 52.5736,施工参数,施工泵压平均值: 52.5736 为施工参数特征。,,,,condition_stats:红页L1HF:24:加砂前:施工泵压:mean,stat
E1115,施工泵压方差: 314.0002,施工参数,施工泵压方差: 314.0002 为施工参数特征。,,,,condition_stats:红页L1HF:24:加砂前:施工泵压:var,stat
E1116,施工情况 加砂中,施工阶段,施工情况 加砂中 为施工阶段实体。,,,,condition:红页L1HF:24:加砂中,condition
E1117,施工时间 2024-01-16 15:37:50,时间点,施工时间 2024-01-16 15:37:50 为时间点实体。,,,,condition_time:红页L1HF:24:加砂中,time
E1118,砂比平均值: 9.7958,施工参数,砂比平均值: 9.7958 为施工参数特征。,,,,condition_stats:红页L1HF:24:加砂中:砂比:mean,stat
E1119,砂比方差: 4.823,施工参数,砂比方差: 4.823 为施工参数特征。,,,,condition_stats:红页L1HF:24:加砂中:砂比:var,stat
E1120,排量平均值: 23.7821,施工参数,排量平均值: 23.7821 为施工参数特征。,,,,condition_stats:红页L1HF:24:加砂中:排量:mean,stat
E1121,排量方差: 3.209,施工参数,排量方差: 3.209 为施工参数特征。,,,,condition_stats:红页L1HF:24:加砂中:排量:var,stat
E1122,施工泵压平均值: 79.5823,施工参数,施工泵压平均值: 79.5823 为施工参数特征。,,,,condition_stats:红页L1HF:24:加砂中:施工泵压:mean,stat
E1123,施工泵压方差: 25.238,施工参数,施工泵压方差: 25.238 为施工参数特征。,,,,condition_stats:红页L1HF:24:加砂中:施工泵压:var,stat
E1124,工况 缝内暂堵,工况事件,工况 缝内暂堵 为工况事件实体。,,,,worktype:红页L1HF:24:加砂中:缝内暂堵,worktype
E1125,工况时间 2024-01-16 16:02:00,时间点,工况时间 2024-01-16 16:02:00 为时间点实体。,,,,worktype_time:红页L1HF:24:加砂中:缝内暂堵,time
E1126,砂比平均值: 8.1302,施工参数,砂比平均值: 8.1302 为施工参数特征。,,,,worktype_stats:红页L1HF:24:加砂中:缝内暂堵:砂比:mean,stat
E1127,砂比方差: 4.1677,施工参数,砂比方差: 4.1677 为施工参数特征。,,,,worktype_stats:红页L1HF:24:加砂中:缝内暂堵:砂比:var,stat
E1128,排量平均值: 24.0062,施工参数,排量平均值: 24.0062 为施工参数特征。,,,,worktype_stats:红页L1HF:24:加砂中:缝内暂堵:排量:mean,stat
E1129,排量方差: 0.0,施工参数,排量方差: 0.0 为施工参数特征。,,,,worktype_stats:红页L1HF:24:加砂中:缝内暂堵:排量:var,stat
E1130,施工泵压平均值: 77.6542,施工参数,施工泵压平均值: 77.6542 为施工参数特征。,,,,worktype_stats:红页L1HF:24:加砂中:缝内暂堵:施工泵压:mean,stat
E1131,施工泵压方差: 11.7359,施工参数,施工泵压方差: 11.7359 为施工参数特征。,,,,worktype_stats:红页L1HF:24:加砂中:缝内暂堵:施工泵压:var,stat
E1132,当前建议: 无建议,处置建议,当前建议: 无建议 为处置建议实体。,,,,suggestion:红页L1HF:24:加砂中:缝内暂堵,suggestion
E1133,工况 缝口暂堵,工况事件,工况 缝口暂堵 为工况事件实体。,,,,worktype:红页L1HF:24:加砂中:缝口暂堵,worktype
E1134,工况时间 2024-01-16 16:29:20,时间点,工况时间 2024-01-16 16:29:20 为时间点实体。,,,,worktype_time:红页L1HF:24:加砂中:缝口暂堵,time
E1135,砂比平均值: 8.7185,施工参数,砂比平均值: 8.7185 为施工参数特征。,,,,worktype_stats:红页L1HF:24:加砂中:缝口暂堵:砂比:mean,stat
E1136,砂比方差: 8.3215,施工参数,砂比方差: 8.3215 为施工参数特征。,,,,worktype_stats:红页L1HF:24:加砂中:缝口暂堵:砂比:var,stat
E1137,排量平均值: 22.4761,施工参数,排量平均值: 22.4761 为施工参数特征。,,,,worktype_stats:红页L1HF:24:加砂中:缝口暂堵:排量:mean,stat
E1138,排量方差: 3.2681,施工参数,排量方差: 3.2681 为施工参数特征。,,,,worktype_stats:红页L1HF:24:加砂中:缝口暂堵:排量:var,stat
E1139,施工泵压平均值: 76.1618,施工参数,施工泵压平均值: 76.1618 为施工参数特征。,,,,worktype_stats:红页L1HF:24:加砂中:缝口暂堵:施工泵压:mean,stat
E1140,施工泵压方差: 30.8623,施工参数,施工泵压方差: 30.8623 为施工参数特征。,,,,worktype_stats:红页L1HF:24:加砂中:缝口暂堵:施工泵压:var,stat
E1141,当前建议: 无建议,处置建议,当前建议: 无建议 为处置建议实体。,,,,suggestion:红页L1HF:24:加砂中:缝口暂堵,suggestion
E1142,工况 主缝延伸,工况事件,工况 主缝延伸 为工况事件实体。,,,,worktype:红页L1HF:24:加砂中:主缝延伸,worktype
E1143,工况时间 2024-01-16 17:10:50,时间点,工况时间 2024-01-16 17:10:50 为时间点实体。,,,,worktype_time:红页L1HF:24:加砂中:主缝延伸,time
E1144,砂比平均值: 10.6446,施工参数,砂比平均值: 10.6446 为施工参数特征。,,,,worktype_stats:红页L1HF:24:加砂中:主缝延伸:砂比:mean,stat
E1145,砂比方差: 1.8479,施工参数,砂比方差: 1.8479 为施工参数特征。,,,,worktype_stats:红页L1HF:24:加砂中:主缝延伸:砂比:var,stat
E1146,排量平均值: 24.0019,施工参数,排量平均值: 24.0019 为施工参数特征。,,,,worktype_stats:红页L1HF:24:加砂中:主缝延伸:排量:mean,stat
E1147,排量方差: 0.0,施工参数,排量方差: 0.0 为施工参数特征。,,,,worktype_stats:红页L1HF:24:加砂中:主缝延伸:排量:var,stat
E1148,施工泵压平均值: 83.9554,施工参数,施工泵压平均值: 83.9554 为施工参数特征。,,,,worktype_stats:红页L1HF:24:加砂中:主缝延伸:施工泵压:mean,stat
E1149,施工泵压方差: 0.2484,施工参数,施工泵压方差: 0.2484 为施工参数特征。,,,,worktype_stats:红页L1HF:24:加砂中:主缝延伸:施工泵压:var,stat
E1150,当前建议: 保持当前措施,处置建议,当前建议: 保持当前措施 为处置建议实体。,,,,suggestion:红页L1HF:24:加砂中:主缝延伸,suggestion
E1151,施工情况 加砂后,施工阶段,施工情况 加砂后 为施工阶段实体。,,,,condition:红页L1HF:24:加砂后,condition
E1152,施工时间 2024-01-16 17:23:40,时间点,施工时间 2024-01-16 17:23:40 为时间点实体。,,,,condition_time:红页L1HF:24:加砂后,time
E1153,砂比平均值: 无数据,施工参数,砂比平均值: 无数据 为施工参数特征。,,,,condition_stats:红页L1HF:24:加砂后:砂比:mean,stat
E1154,砂比方差: 无数据,施工参数,砂比方差: 无数据 为施工参数特征。,,,,condition_stats:红页L1HF:24:加砂后:砂比:var,stat
E1155,排量平均值: 2.1492,施工参数,排量平均值: 2.1492 为施工参数特征。,,,,condition_stats:红页L1HF:24:加砂后:排量:mean,stat
E1156,排量方差: 44.3872,施工参数,排量方差: 44.3872 为施工参数特征。,,,,condition_stats:红页L1HF:24:加砂后:排量:var,stat
E1157,施工泵压平均值: 45.3644,施工参数,施工泵压平均值: 45.3644 为施工参数特征。,,,,condition_stats:红页L1HF:24:加砂后:施工泵压:mean,stat
E1158,施工泵压方差: 165.7028,施工参数,施工泵压方差: 165.7028 为施工参数特征。,,,,condition_stats:红页L1HF:24:加砂后:施工泵压:var,stat
E1159,段号 25,压裂段,段号 25 为压裂段实体。,,,,segment:红页L1HF:25,segment
E1160,段号时间 2024-01-17 08:10:10,时间点,段号时间 2024-01-17 08:10:10 为时间点实体。,,,,segment_time:红页L1HF:25,time
E1161,砂比平均值: 9.8244,施工参数,砂比平均值: 9.8244 为施工参数特征。,,,,segment_stats:红页L1HF:25:砂比:mean,stat
E1162,砂比方差: 6.2097,施工参数,砂比方差: 6.2097 为施工参数特征。,,,,segment_stats:红页L1HF:25:砂比:var,stat
E1163,排量平均值: 16.6399,施工参数,排量平均值: 16.6399 为施工参数特征。,,,,segment_stats:红页L1HF:25:排量:mean,stat
E1164,排量方差: 106.6141,施工参数,排量方差: 106.6141 为施工参数特征。,,,,segment_stats:红页L1HF:25:排量:var,stat
E1165,施工泵压平均值: 66.182,施工参数,施工泵压平均值: 66.182 为施工参数特征。,,,,segment_stats:红页L1HF:25:施工泵压:mean,stat
E1166,施工泵压方差: 316.01,施工参数,施工泵压方差: 316.01 为施工参数特征。,,,,segment_stats:红页L1HF:25:施工泵压:var,stat
E1167,施工情况 加砂前,施工阶段,施工情况 加砂前 为施工阶段实体。,,,,condition:红页L1HF:25:加砂前,condition
E1168,施工时间 2024-01-17 08:10:10,时间点,施工时间 2024-01-17 08:10:10 为时间点实体。,,,,condition_time:红页L1HF:25:加砂前,time
E1169,砂比平均值: 无数据,施工参数,砂比平均值: 无数据 为施工参数特征。,,,,condition_stats:红页L1HF:25:加砂前:砂比:mean,stat
E1170,砂比方差: 无数据,施工参数,砂比方差: 无数据 为施工参数特征。,,,,condition_stats:红页L1HF:25:加砂前:砂比:var,stat
E1171,排量平均值: 9.3531,施工参数,排量平均值: 9.3531 为施工参数特征。,,,,condition_stats:红页L1HF:25:加砂前:排量:mean,stat
E1172,排量方差: 65.9788,施工参数,排量方差: 65.9788 为施工参数特征。,,,,condition_stats:红页L1HF:25:加砂前:排量:var,stat
E1173,施工泵压平均值: 59.9675,施工参数,施工泵压平均值: 59.9675 为施工参数特征。,,,,condition_stats:红页L1HF:25:加砂前:施工泵压:mean,stat
E1174,施工泵压方差: 251.3649,施工参数,施工泵压方差: 251.3649 为施工参数特征。,,,,condition_stats:红页L1HF:25:加砂前:施工泵压:var,stat
E1175,施工情况 加砂中,施工阶段,施工情况 加砂中 为施工阶段实体。,,,,condition:红页L1HF:25:加砂中,condition
E1176,施工时间 2024-01-17 08:43:00,时间点,施工时间 2024-01-17 08:43:00 为时间点实体。,,,,condition_time:红页L1HF:25:加砂中,time
E1177,砂比平均值: 9.8244,施工参数,砂比平均值: 9.8244 为施工参数特征。,,,,condition_stats:红页L1HF:25:加砂中:砂比:mean,stat
E1178,砂比方差: 6.2097,施工参数,砂比方差: 6.2097 为施工参数特征。,,,,condition_stats:红页L1HF:25:加砂中:砂比:var,stat
E1179,排量平均值: 23.7748,施工参数,排量平均值: 23.7748 为施工参数特征。,,,,condition_stats:红页L1HF:25:加砂中:排量:mean,stat
E1180,排量方差: 1.6951,施工参数,排量方差: 1.6951 为施工参数特征。,,,,condition_stats:红页L1HF:25:加砂中:排量:var,stat
E1181,施工泵压平均值: 77.2084,施工参数,施工泵压平均值: 77.2084 为施工参数特征。,,,,condition_stats:红页L1HF:25:加砂中:施工泵压:mean,stat
E1182,施工泵压方差: 11.0623,施工参数,施工泵压方差: 11.0623 为施工参数特征。,,,,condition_stats:红页L1HF:25:加砂中:施工泵压:var,stat
E1183,工况 缝内暂堵,工况事件,工况 缝内暂堵 为工况事件实体。,,,,worktype:红页L1HF:25:加砂中:缝内暂堵,worktype
E1184,工况时间 2024-01-17 09:03:50,时间点,工况时间 2024-01-17 09:03:50 为时间点实体。,,,,worktype_time:红页L1HF:25:加砂中:缝内暂堵,time
E1185,砂比平均值: 7.2962,施工参数,砂比平均值: 7.2962 为施工参数特征。,,,,worktype_stats:红页L1HF:25:加砂中:缝内暂堵:砂比:mean,stat
E1186,砂比方差: 6.4558,施工参数,砂比方差: 6.4558 为施工参数特征。,,,,worktype_stats:红页L1HF:25:加砂中:缝内暂堵:砂比:var,stat
E1187,排量平均值: 24.0245,施工参数,排量平均值: 24.0245 为施工参数特征。,,,,worktype_stats:红页L1HF:25:加砂中:缝内暂堵:排量:mean,stat
E1188,排量方差: 0.0003,施工参数,排量方差: 0.0003 为施工参数特征。,,,,worktype_stats:红页L1HF:25:加砂中:缝内暂堵:排量:var,stat
E1189,施工泵压平均值: 76.6283,施工参数,施工泵压平均值: 76.6283 为施工参数特征。,,,,worktype_stats:红页L1HF:25:加砂中:缝内暂堵:施工泵压:mean,stat
E1190,施工泵压方差: 5.3722,施工参数,施工泵压方差: 5.3722 为施工参数特征。,,,,worktype_stats:红页L1HF:25:加砂中:缝内暂堵:施工泵压:var,stat
E1191,当前建议: 无建议,处置建议,当前建议: 无建议 为处置建议实体。,,,,suggestion:红页L1HF:25:加砂中:缝内暂堵,suggestion
E1192,工况 缝口暂堵,工况事件,工况 缝口暂堵 为工况事件实体。,,,,worktype:红页L1HF:25:加砂中:缝口暂堵,worktype
E1193,工况时间 2024-01-17 09:19:30,时间点,工况时间 2024-01-17 09:19:30 为时间点实体。,,,,worktype_time:红页L1HF:25:加砂中:缝口暂堵,time
E1194,砂比平均值: 8.7567,施工参数,砂比平均值: 8.7567 为施工参数特征。,,,,worktype_stats:红页L1HF:25:加砂中:缝口暂堵:砂比:mean,stat
E1195,砂比方差: 7.9921,施工参数,砂比方差: 7.9921 为施工参数特征。,,,,worktype_stats:红页L1HF:25:加砂中:缝口暂堵:砂比:var,stat
E1196,排量平均值: 22.466,施工参数,排量平均值: 22.466 为施工参数特征。,,,,worktype_stats:红页L1HF:25:加砂中:缝口暂堵:排量:mean,stat
E1197,排量方差: 3.5126,施工参数,排量方差: 3.5126 为施工参数特征。,,,,worktype_stats:红页L1HF:25:加砂中:缝口暂堵:排量:var,stat
E1198,施工泵压平均值: 74.5623,施工参数,施工泵压平均值: 74.5623 为施工参数特征。,,,,worktype_stats:红页L1HF:25:加砂中:缝口暂堵:施工泵压:mean,stat
E1199,施工泵压方差: 23.6262,施工参数,施工泵压方差: 23.6262 为施工参数特征。,,,,worktype_stats:红页L1HF:25:加砂中:缝口暂堵:施工泵压:var,stat
E1200,当前建议: 无建议,处置建议,当前建议: 无建议 为处置建议实体。,,,,suggestion:红页L1HF:25:加砂中:缝口暂堵,suggestion
E1201,工况 主缝延伸,工况事件,工况 主缝延伸 为工况事件实体。,,,,worktype:红页L1HF:25:加砂中:主缝延伸,worktype
E1202,工况时间 2024-01-17 10:22:00,时间点,工况时间 2024-01-17 10:22:00 为时间点实体。,,,,worktype_time:红页L1HF:25:加砂中:主缝延伸,time
E1203,砂比平均值: 11.1425,施工参数,砂比平均值: 11.1425 为施工参数特征。,,,,worktype_stats:红页L1HF:25:加砂中:主缝延伸:砂比:mean,stat
E1204,砂比方差: 2.8532,施工参数,砂比方差: 2.8532 为施工参数特征。,,,,worktype_stats:红页L1HF:25:加砂中:主缝延伸:砂比:var,stat
E1205,排量平均值: 24.04,施工参数,排量平均值: 24.04 为施工参数特征。,,,,worktype_stats:红页L1HF:25:加砂中:主缝延伸:排量:mean,stat
E1206,排量方差: 0.0,施工参数,排量方差: 0.0 为施工参数特征。,,,,worktype_stats:红页L1HF:25:加砂中:主缝延伸:排量:var,stat
E1207,施工泵压平均值: 77.7042,施工参数,施工泵压平均值: 77.7042 为施工参数特征。,,,,worktype_stats:红页L1HF:25:加砂中:主缝延伸:施工泵压:mean,stat
E1208,施工泵压方差: 1.6955,施工参数,施工泵压方差: 1.6955 为施工参数特征。,,,,worktype_stats:红页L1HF:25:加砂中:主缝延伸:施工泵压:var,stat
E1209,当前建议: 保持当前措施,处置建议,当前建议: 保持当前措施 为处置建议实体。,,,,suggestion:红页L1HF:25:加砂中:主缝延伸,suggestion
E1210,施工情况 加砂后,施工阶段,施工情况 加砂后 为施工阶段实体。,,,,condition:红页L1HF:25:加砂后,condition
E1211,施工时间 2024-01-17 10:38:20,时间点,施工时间 2024-01-17 10:38:20 为时间点实体。,,,,condition_time:红页L1HF:25:加砂后,time
E1212,砂比平均值: 无数据,施工参数,砂比平均值: 无数据 为施工参数特征。,,,,condition_stats:红页L1HF:25:加砂后:砂比:mean,stat
E1213,砂比方差: 无数据,施工参数,砂比方差: 无数据 为施工参数特征。,,,,condition_stats:红页L1HF:25:加砂后:砂比:var,stat
E1214,排量平均值: 2.7618,施工参数,排量平均值: 2.7618 为施工参数特征。,,,,condition_stats:红页L1HF:25:加砂后:排量:mean,stat
E1215,排量方差: 56.9596,施工参数,排量方差: 56.9596 为施工参数特征。,,,,condition_stats:红页L1HF:25:加砂后:排量:var,stat
E1216,施工泵压平均值: 40.2564,施工参数,施工泵压平均值: 40.2564 为施工参数特征。,,,,condition_stats:红页L1HF:25:加砂后:施工泵压:mean,stat
E1217,施工泵压方差: 189.8073,施工参数,施工泵压方差: 189.8073 为施工参数特征。,,,,condition_stats:红页L1HF:25:加砂后:施工泵压:var,stat
E1218,段号 26,压裂段,段号 26 为压裂段实体。,,,,segment:红页L1HF:26,segment
E1219,段号时间 2024-01-17 17:02:40,时间点,段号时间 2024-01-17 17:02:40 为时间点实体。,,,,segment_time:红页L1HF:26,time
E1220,砂比平均值: 8.9279,施工参数,砂比平均值: 8.9279 为施工参数特征。,,,,segment_stats:红页L1HF:26:砂比:mean,stat
E1221,砂比方差: 8.5972,施工参数,砂比方差: 8.5972 为施工参数特征。,,,,segment_stats:红页L1HF:26:砂比:var,stat
E1222,排量平均值: 16.0765,施工参数,排量平均值: 16.0765 为施工参数特征。,,,,segment_stats:红页L1HF:26:排量:mean,stat
E1223,排量方差: 89.7491,施工参数,排量方差: 89.7491 为施工参数特征。,,,,segment_stats:红页L1HF:26:排量:var,stat
E1224,施工泵压平均值: 68.9877,施工参数,施工泵压平均值: 68.9877 为施工参数特征。,,,,segment_stats:红页L1HF:26:施工泵压:mean,stat
E1225,施工泵压方差: 316.3093,施工参数,施工泵压方差: 316.3093 为施工参数特征。,,,,segment_stats:红页L1HF:26:施工泵压:var,stat
E1226,施工情况 加砂前,施工阶段,施工情况 加砂前 为施工阶段实体。,,,,condition:红页L1HF:26:加砂前,condition
E1227,施工时间 2024-01-17 17:02:40,时间点,施工时间 2024-01-17 17:02:40 为时间点实体。,,,,condition_time:红页L1HF:26:加砂前,time
E1228,砂比平均值: 无数据,施工参数,砂比平均值: 无数据 为施工参数特征。,,,,condition_stats:红页L1HF:26:加砂前:砂比:mean,stat
E1229,砂比方差: 无数据,施工参数,砂比方差: 无数据 为施工参数特征。,,,,condition_stats:红页L1HF:26:加砂前:砂比:var,stat
E1230,排量平均值: 10.3252,施工参数,排量平均值: 10.3252 为施工参数特征。,,,,condition_stats:红页L1HF:26:加砂前:排量:mean,stat
E1231,排量方差: 82.1391,施工参数,排量方差: 82.1391 为施工参数特征。,,,,condition_stats:红页L1HF:26:加砂前:排量:var,stat
E1232,施工泵压平均值: 59.3257,施工参数,施工泵压平均值: 59.3257 为施工参数特征。,,,,condition_stats:红页L1HF:26:加砂前:施工泵压:mean,stat
E1233,施工泵压方差: 135.2503,施工参数,施工泵压方差: 135.2503 为施工参数特征。,,,,condition_stats:红页L1HF:26:加砂前:施工泵压:var,stat
E1234,施工情况 加砂中,施工阶段,施工情况 加砂中 为施工阶段实体。,,,,condition:红页L1HF:26:加砂中,condition
E1235,施工时间 2024-01-17 17:32:30,时间点,施工时间 2024-01-17 17:32:30 为时间点实体。,,,,condition_time:红页L1HF:26:加砂中,time
E1236,砂比平均值: 8.9279,施工参数,砂比平均值: 8.9279 为施工参数特征。,,,,condition_stats:红页L1HF:26:加砂中:砂比:mean,stat
E1237,砂比方差: 8.5972,施工参数,砂比方差: 8.5972 为施工参数特征。,,,,condition_stats:红页L1HF:26:加砂中:砂比:var,stat
E1238,排量平均值: 21.4708,施工参数,排量平均值: 21.4708 为施工参数特征。,,,,condition_stats:红页L1HF:26:加砂中:排量:mean,stat
E1239,排量方差: 14.8794,施工参数,排量方差: 14.8794 为施工参数特征。,,,,condition_stats:红页L1HF:26:加砂中:排量:var,stat
E1240,施工泵压平均值: 79.3201,施工参数,施工泵压平均值: 79.3201 为施工参数特征。,,,,condition_stats:红页L1HF:26:加砂中:施工泵压:mean,stat
E1241,施工泵压方差: 43.3081,施工参数,施工泵压方差: 43.3081 为施工参数特征。,,,,condition_stats:红页L1HF:26:加砂中:施工泵压:var,stat
E1242,工况 缝内暂堵,工况事件,工况 缝内暂堵 为工况事件实体。,,,,worktype:红页L1HF:26:加砂中:缝内暂堵,worktype
E1243,工况时间 2024-01-17 17:58:00,时间点,工况时间 2024-01-17 17:58:00 为时间点实体。,,,,worktype_time:红页L1HF:26:加砂中:缝内暂堵,time
E1244,砂比平均值: 7.5069,施工参数,砂比平均值: 7.5069 为施工参数特征。,,,,worktype_stats:红页L1HF:26:加砂中:缝内暂堵:砂比:mean,stat
E1245,砂比方差: 7.1062,施工参数,砂比方差: 7.1062 为施工参数特征。,,,,worktype_stats:红页L1HF:26:加砂中:缝内暂堵:砂比:var,stat
E1246,排量平均值: 24.0348,施工参数,排量平均值: 24.0348 为施工参数特征。,,,,worktype_stats:红页L1HF:26:加砂中:缝内暂堵:排量:mean,stat
E1247,排量方差: 0.0,施工参数,排量方差: 0.0 为施工参数特征。,,,,worktype_stats:红页L1HF:26:加砂中:缝内暂堵:排量:var,stat
E1248,施工泵压平均值: 75.9708,施工参数,施工泵压平均值: 75.9708 为施工参数特征。,,,,worktype_stats:红页L1HF:26:加砂中:缝内暂堵:施工泵压:mean,stat
E1249,施工泵压方差: 15.567,施工参数,施工泵压方差: 15.567 为施工参数特征。,,,,worktype_stats:红页L1HF:26:加砂中:缝内暂堵:施工泵压:var,stat
E1250,当前建议: 无建议,处置建议,当前建议: 无建议 为处置建议实体。,,,,suggestion:红页L1HF:26:加砂中:缝内暂堵,suggestion
E1251,工况 缝口暂堵,工况事件,工况 缝口暂堵 为工况事件实体。,,,,worktype:红页L1HF:26:加砂中:缝口暂堵,worktype
E1252,工况时间 2024-01-17 18:11:40,时间点,工况时间 2024-01-17 18:11:40 为时间点实体。,,,,worktype_time:红页L1HF:26:加砂中:缝口暂堵,time
E1253,砂比平均值: 9.5173,施工参数,砂比平均值: 9.5173 为施工参数特征。,,,,worktype_stats:红页L1HF:26:加砂中:缝口暂堵:砂比:mean,stat
E1254,砂比方差: 10.0245,施工参数,砂比方差: 10.0245 为施工参数特征。,,,,worktype_stats:红页L1HF:26:加砂中:缝口暂堵:砂比:var,stat
E1255,排量平均值: 19.2474,施工参数,排量平均值: 19.2474 为施工参数特征。,,,,worktype_stats:红页L1HF:26:加砂中:缝口暂堵:排量:mean,stat
E1256,排量方差: 32.1829,施工参数,排量方差: 32.1829 为施工参数特征。,,,,worktype_stats:红页L1HF:26:加砂中:缝口暂堵:排量:var,stat
E1257,施工泵压平均值: 76.2566,施工参数,施工泵压平均值: 76.2566 为施工参数特征。,,,,worktype_stats:红页L1HF:26:加砂中:缝口暂堵:施工泵压:mean,stat
E1258,施工泵压方差: 64.1377,施工参数,施工泵压方差: 64.1377 为施工参数特征。,,,,worktype_stats:红页L1HF:26:加砂中:缝口暂堵:施工泵压:var,stat
E1259,当前建议: 无建议,处置建议,当前建议: 无建议 为处置建议实体。,,,,suggestion:红页L1HF:26:加砂中:缝口暂堵,suggestion
E1260,工况 主缝延伸,工况事件,工况 主缝延伸 为工况事件实体。,,,,worktype:红页L1HF:26:加砂中:主缝延伸,worktype
E1261,工况时间 2024-01-17 19:11:40,时间点,工况时间 2024-01-17 19:11:40 为时间点实体。,,,,worktype_time:红页L1HF:26:加砂中:主缝延伸,time
E1262,砂比平均值: 7.0567,施工参数,砂比平均值: 7.0567 为施工参数特征。,,,,worktype_stats:红页L1HF:26:加砂中:主缝延伸:砂比:mean,stat
E1263,砂比方差: 4.3825,施工参数,砂比方差: 4.3825 为施工参数特征。,,,,worktype_stats:红页L1HF:26:加砂中:主缝延伸:砂比:var,stat
E1264,排量平均值: 17.9625,施工参数,排量平均值: 17.9625 为施工参数特征。,,,,worktype_stats:红页L1HF:26:加砂中:主缝延伸:排量:mean,stat
E1265,排量方差: 0.4403,施工参数,排量方差: 0.4403 为施工参数特征。,,,,worktype_stats:红页L1HF:26:加砂中:主缝延伸:排量:var,stat
E1266,施工泵压平均值: 81.8425,施工参数,施工泵压平均值: 81.8425 为施工参数特征。,,,,worktype_stats:红页L1HF:26:加砂中:主缝延伸:施工泵压:mean,stat
E1267,施工泵压方差: 36.479,施工参数,施工泵压方差: 36.479 为施工参数特征。,,,,worktype_stats:红页L1HF:26:加砂中:主缝延伸:施工泵压:var,stat
E1268,当前建议: 无建议,处置建议,当前建议: 无建议 为处置建议实体。,,,,suggestion:红页L1HF:26:加砂中:主缝延伸,suggestion
E1269,施工情况 加砂后,施工阶段,施工情况 加砂后 为施工阶段实体。,,,,condition:红页L1HF:26:加砂后,condition
E1270,施工时间 2024-01-17 19:32:40,时间点,施工时间 2024-01-17 19:32:40 为时间点实体。,,,,condition_time:红页L1HF:26:加砂后,time
E1271,砂比平均值: 无数据,施工参数,砂比平均值: 无数据 为施工参数特征。,,,,condition_stats:红页L1HF:26:加砂后:砂比:mean,stat
E1272,砂比方差: 无数据,施工参数,砂比方差: 无数据 为施工参数特征。,,,,condition_stats:红页L1HF:26:加砂后:砂比:var,stat
E1273,排量平均值: 1.9628,施工参数,排量平均值: 1.9628 为施工参数特征。,,,,condition_stats:红页L1HF:26:加砂后:排量:mean,stat
E1274,排量方差: 32.4997,施工参数,排量方差: 32.4997 为施工参数特征。,,,,condition_stats:红页L1HF:26:加砂后:排量:var,stat
E1275,施工泵压平均值: 40.6661,施工参数,施工泵压平均值: 40.6661 为施工参数特征。,,,,condition_stats:红页L1HF:26:加砂后:施工泵压:mean,stat
E1276,施工泵压方差: 201.1448,施工参数,施工泵压方差: 201.1448 为施工参数特征。,,,,condition_stats:红页L1HF:26:加砂后:施工泵压:var,stat
E1277,段号 27,压裂段,段号 27 为压裂段实体。,,,,segment:红页L1HF:27,segment
E1278,段号时间 2024-01-18 08:38:30,时间点,段号时间 2024-01-18 08:38:30 为时间点实体。,,,,segment_time:红页L1HF:27,time
E1279,砂比平均值: 9.7263,施工参数,砂比平均值: 9.7263 为施工参数特征。,,,,segment_stats:红页L1HF:27:砂比:mean,stat
E1280,砂比方差: 5.8,施工参数,砂比方差: 5.8 为施工参数特征。,,,,segment_stats:红页L1HF:27:砂比:var,stat
E1281,排量平均值: 15.8846,施工参数,排量平均值: 15.8846 为施工参数特征。,,,,segment_stats:红页L1HF:27:排量:mean,stat
E1282,排量方差: 114.6804,施工参数,排量方差: 114.6804 为施工参数特征。,,,,segment_stats:红页L1HF:27:排量:var,stat
E1283,施工泵压平均值: 61.1737,施工参数,施工泵压平均值: 61.1737 为施工参数特征。,,,,segment_stats:红页L1HF:27:施工泵压:mean,stat
E1284,施工泵压方差: 334.2218,施工参数,施工泵压方差: 334.2218 为施工参数特征。,,,,segment_stats:红页L1HF:27:施工泵压:var,stat
E1285,施工情况 加砂前,施工阶段,施工情况 加砂前 为施工阶段实体。,,,,condition:红页L1HF:27:加砂前,condition
E1286,施工时间 2024-01-18 08:38:30,时间点,施工时间 2024-01-18 08:38:30 为时间点实体。,,,,condition_time:红页L1HF:27:加砂前,time
E1287,砂比平均值: 无数据,施工参数,砂比平均值: 无数据 为施工参数特征。,,,,condition_stats:红页L1HF:27:加砂前:砂比:mean,stat
E1288,砂比方差: 无数据,施工参数,砂比方差: 无数据 为施工参数特征。,,,,condition_stats:红页L1HF:27:加砂前:砂比:var,stat
E1289,排量平均值: 9.1282,施工参数,排量平均值: 9.1282 为施工参数特征。,,,,condition_stats:红页L1HF:27:加砂前:排量:mean,stat
E1290,排量方差: 75.9931,施工参数,排量方差: 75.9931 为施工参数特征。,,,,condition_stats:红页L1HF:27:加砂前:排量:var,stat
E1291,施工泵压平均值: 55.2578,施工参数,施工泵压平均值: 55.2578 为施工参数特征。,,,,condition_stats:红页L1HF:27:加砂前:施工泵压:mean,stat
E1292,施工泵压方差: 235.8963,施工参数,施工泵压方差: 235.8963 为施工参数特征。,,,,condition_stats:红页L1HF:27:加砂前:施工泵压:var,stat
E1293,施工情况 加砂中,施工阶段,施工情况 加砂中 为施工阶段实体。,,,,condition:红页L1HF:27:加砂中,condition
E1294,施工时间 2024-01-18 09:12:30,时间点,施工时间 2024-01-18 09:12:30 为时间点实体。,,,,condition_time:红页L1HF:27:加砂中,time
E1295,砂比平均值: 9.7263,施工参数,砂比平均值: 9.7263 为施工参数特征。,,,,condition_stats:红页L1HF:27:加砂中:砂比:mean,stat
E1296,砂比方差: 5.8,施工参数,砂比方差: 5.8 为施工参数特征。,,,,condition_stats:红页L1HF:27:加砂中:砂比:var,stat
E1297,排量平均值: 23.8468,施工参数,排量平均值: 23.8468 为施工参数特征。,,,,condition_stats:红页L1HF:27:加砂中:排量:mean,stat
E1298,排量方差: 2.6249,施工参数,排量方差: 2.6249 为施工参数特征。,,,,condition_stats:红页L1HF:27:加砂中:排量:var,stat
E1299,施工泵压平均值: 73.4719,施工参数,施工泵压平均值: 73.4719 为施工参数特征。,,,,condition_stats:红页L1HF:27:加砂中:施工泵压:mean,stat
E1300,施工泵压方差: 15.7559,施工参数,施工泵压方差: 15.7559 为施工参数特征。,,,,condition_stats:红页L1HF:27:加砂中:施工泵压:var,stat
E1301,工况 缝内暂堵,工况事件,工况 缝内暂堵 为工况事件实体。,,,,worktype:红页L1HF:27:加砂中:缝内暂堵,worktype
E1302,工况时间 2024-01-18 09:31:50,时间点,工况时间 2024-01-18 09:31:50 为时间点实体。,,,,worktype_time:红页L1HF:27:加砂中:缝内暂堵,time
E1303,砂比平均值: 6.6674,施工参数,砂比平均值: 6.6674 为施工参数特征。,,,,worktype_stats:红页L1HF:27:加砂中:缝内暂堵:砂比:mean,stat
E1304,砂比方差: 2.9187,施工参数,砂比方差: 2.9187 为施工参数特征。,,,,worktype_stats:红页L1HF:27:加砂中:缝内暂堵:砂比:var,stat
E1305,排量平均值: 24.0378,施工参数,排量平均值: 24.0378 为施工参数特征。,,,,worktype_stats:红页L1HF:27:加砂中:缝内暂堵:排量:mean,stat
E1306,排量方差: 0.0,施工参数,排量方差: 0.0 为施工参数特征。,,,,worktype_stats:红页L1HF:27:加砂中:缝内暂堵:排量:var,stat
E1307,施工泵压平均值: 71.6438,施工参数,施工泵压平均值: 71.6438 为施工参数特征。,,,,worktype_stats:红页L1HF:27:加砂中:缝内暂堵:施工泵压:mean,stat
E1308,施工泵压方差: 7.7707,施工参数,施工泵压方差: 7.7707 为施工参数特征。,,,,worktype_stats:红页L1HF:27:加砂中:缝内暂堵:施工泵压:var,stat
E1309,当前建议: 无建议,处置建议,当前建议: 无建议 为处置建议实体。,,,,suggestion:红页L1HF:27:加砂中:缝内暂堵,suggestion
E1310,工况 缝口暂堵,工况事件,工况 缝口暂堵 为工况事件实体。,,,,worktype:红页L1HF:27:加砂中:缝口暂堵,worktype
E1311,工况时间 2024-01-18 09:53:30,时间点,工况时间 2024-01-18 09:53:30 为时间点实体。,,,,worktype_time:红页L1HF:27:加砂中:缝口暂堵,time
E1312,砂比平均值: 9.4114,施工参数,砂比平均值: 9.4114 为施工参数特征。,,,,worktype_stats:红页L1HF:27:加砂中:缝口暂堵:砂比:mean,stat
E1313,砂比方差: 8.8359,施工参数,砂比方差: 8.8359 为施工参数特征。,,,,worktype_stats:红页L1HF:27:加砂中:缝口暂堵:砂比:var,stat
E1314,排量平均值: 22.9464,施工参数,排量平均值: 22.9464 为施工参数特征。,,,,worktype_stats:红页L1HF:27:加砂中:缝口暂堵:排量:mean,stat
E1315,排量方差: 2.7864,施工参数,排量方差: 2.7864 为施工参数特征。,,,,worktype_stats:红页L1HF:27:加砂中:缝口暂堵:排量:var,stat
E1316,施工泵压平均值: 73.1948,施工参数,施工泵压平均值: 73.1948 为施工参数特征。,,,,worktype_stats:红页L1HF:27:加砂中:缝口暂堵:施工泵压:mean,stat
E1317,施工泵压方差: 30.0465,施工参数,施工泵压方差: 30.0465 为施工参数特征。,,,,worktype_stats:红页L1HF:27:加砂中:缝口暂堵:施工泵压:var,stat
E1318,当前建议: 无建议,处置建议,当前建议: 无建议 为处置建议实体。,,,,suggestion:红页L1HF:27:加砂中:缝口暂堵,suggestion
E1319,工况 主缝延伸,工况事件,工况 主缝延伸 为工况事件实体。,,,,worktype:红页L1HF:27:加砂中:主缝延伸,worktype
E1320,工况时间 2024-01-18 10:24:00,时间点,工况时间 2024-01-18 10:24:00 为时间点实体。,,,,worktype_time:红页L1HF:27:加砂中:主缝延伸,time
E1321,砂比平均值: 10.6437,施工参数,砂比平均值: 10.6437 为施工参数特征。,,,,worktype_stats:红页L1HF:27:加砂中:主缝延伸:砂比:mean,stat
E1322,砂比方差: 4.1531,施工参数,砂比方差: 4.1531 为施工参数特征。,,,,worktype_stats:红页L1HF:27:加砂中:主缝延伸:砂比:var,stat
E1323,排量平均值: 24.04,施工参数,排量平均值: 24.04 为施工参数特征。,,,,worktype_stats:红页L1HF:27:加砂中:主缝延伸:排量:mean,stat
E1324,排量方差: 0.0,施工参数,排量方差: 0.0 为施工参数特征。,,,,worktype_stats:红页L1HF:27:加砂中:主缝延伸:排量:var,stat
E1325,施工泵压平均值: 76.1909,施工参数,施工泵压平均值: 76.1909 为施工参数特征。,,,,worktype_stats:红页L1HF:27:加砂中:主缝延伸:施工泵压:mean,stat
E1326,施工泵压方差: 0.3709,施工参数,施工泵压方差: 0.3709 为施工参数特征。,,,,worktype_stats:红页L1HF:27:加砂中:主缝延伸:施工泵压:var,stat
E1327,当前建议: 保持当前措施,处置建议,当前建议: 保持当前措施 为处置建议实体。,,,,suggestion:红页L1HF:27:加砂中:主缝延伸,suggestion
E1328,施工情况 加砂后,施工阶段,施工情况 加砂后 为施工阶段实体。,,,,condition:红页L1HF:27:加砂后,condition
E1329,施工时间 2024-01-18 10:42:40,时间点,施工时间 2024-01-18 10:42:40 为时间点实体。,,,,condition_time:红页L1HF:27:加砂后,time
E1330,砂比平均值: 无数据,施工参数,砂比平均值: 无数据 为施工参数特征。,,,,condition_stats:红页L1HF:27:加砂后:砂比:mean,stat
E1331,砂比方差: 无数据,施工参数,砂比方差: 无数据 为施工参数特征。,,,,condition_stats:红页L1HF:27:加砂后:砂比:var,stat
E1332,排量平均值: 2.6025,施工参数,排量平均值: 2.6025 为施工参数特征。,,,,condition_stats:红页L1HF:27:加砂后:排量:mean,stat
E1333,排量方差: 54.1092,施工参数,排量方差: 54.1092 为施工参数特征。,,,,condition_stats:红页L1HF:27:加砂后:排量:var,stat
E1334,施工泵压平均值: 36.093,施工参数,施工泵压平均值: 36.093 为施工参数特征。,,,,condition_stats:红页L1HF:27:加砂后:施工泵压:mean,stat
E1335,施工泵压方差: 191.4231,施工参数,施工泵压方差: 191.4231 为施工参数特征。,,,,condition_stats:红页L1HF:27:加砂后:施工泵压:var,stat
E1336,工况 主缝延伸,工况事件,工况 主缝延伸 为工况事件实体。,,,,worktype:红页L1HF:27:加砂后:主缝延伸,worktype
E1337,工况时间 2024-01-18 10:42:40,时间点,工况时间 2024-01-18 10:42:40 为时间点实体。,,,,worktype_time:红页L1HF:27:加砂后:主缝延伸,time
E1338,砂比平均值: 无数据,施工参数,砂比平均值: 无数据 为施工参数特征。,,,,worktype_stats:红页L1HF:27:加砂后:主缝延伸:砂比:mean,stat
E1339,砂比方差: 无数据,施工参数,砂比方差: 无数据 为施工参数特征。,,,,worktype_stats:红页L1HF:27:加砂后:主缝延伸:砂比:var,stat
E1340,排量平均值: 24.04,施工参数,排量平均值: 24.04 为施工参数特征。,,,,worktype_stats:红页L1HF:27:加砂后:主缝延伸:排量:mean,stat
E1341,排量方差: 0.0,施工参数,排量方差: 0.0 为施工参数特征。,,,,worktype_stats:红页L1HF:27:加砂后:主缝延伸:排量:var,stat
E1342,施工泵压平均值: 75.9,施工参数,施工泵压平均值: 75.9 为施工参数特征。,,,,worktype_stats:红页L1HF:27:加砂后:主缝延伸:施工泵压:mean,stat
E1343,施工泵压方差: 0.0,施工参数,施工泵压方差: 0.0 为施工参数特征。,,,,worktype_stats:红页L1HF:27:加砂后:主缝延伸:施工泵压:var,stat
E1344,当前建议: 保持当前措施,处置建议,当前建议: 保持当前措施 为处置建议实体。,,,,suggestion:红页L1HF:27:加砂后:主缝延伸,suggestion
E1345,段号 28,压裂段,段号 28 为压裂段实体。,,,,segment:红页L1HF:28,segment
E1346,段号时间 2024-01-18 14:53:10,时间点,段号时间 2024-01-18 14:53:10 为时间点实体。,,,,segment_time:红页L1HF:28,time
E1347,砂比平均值: 9.5393,施工参数,砂比平均值: 9.5393 为施工参数特征。,,,,segment_stats:红页L1HF:28:砂比:mean,stat
E1348,砂比方差: 6.8364,施工参数,砂比方差: 6.8364 为施工参数特征。,,,,segment_stats:红页L1HF:28:砂比:var,stat
E1349,排量平均值: 16.8862,施工参数,排量平均值: 16.8862 为施工参数特征。,,,,segment_stats:红页L1HF:28:排量:mean,stat
E1350,排量方差: 106.3758,施工参数,排量方差: 106.3758 为施工参数特征。,,,,segment_stats:红页L1HF:28:排量:var,stat
E1351,施工泵压平均值: 59.3915,施工参数,施工泵压平均值: 59.3915 为施工参数特征。,,,,segment_stats:红页L1HF:28:施工泵压:mean,stat
E1352,施工泵压方差: 264.3756,施工参数,施工泵压方差: 264.3756 为施工参数特征。,,,,segment_stats:红页L1HF:28:施工泵压:var,stat
E1353,施工情况 加砂前,施工阶段,施工情况 加砂前 为施工阶段实体。,,,,condition:红页L1HF:28:加砂前,condition
E1354,施工时间 2024-01-18 14:53:10,时间点,施工时间 2024-01-18 14:53:10 为时间点实体。,,,,condition_time:红页L1HF:28:加砂前,time
E1355,砂比平均值: 无数据,施工参数,砂比平均值: 无数据 为施工参数特征。,,,,condition_stats:红页L1HF:28:加砂前:砂比:mean,stat
E1356,砂比方差: 无数据,施工参数,砂比方差: 无数据 为施工参数特征。,,,,condition_stats:红页L1HF:28:加砂前:砂比:var,stat
E1357,排量平均值: 9.4609,施工参数,排量平均值: 9.4609 为施工参数特征。,,,,condition_stats:红页L1HF:28:加砂前:排量:mean,stat
E1358,排量方差: 82.7874,施工参数,排量方差: 82.7874 为施工参数特征。,,,,condition_stats:红页L1HF:28:加砂前:排量:var,stat
E1359,施工泵压平均值: 51.1927,施工参数,施工泵压平均值: 51.1927 为施工参数特征。,,,,condition_stats:红页L1HF:28:加砂前:施工泵压:mean,stat
E1360,施工泵压方差: 382.2188,施工参数,施工泵压方差: 382.2188 为施工参数特征。,,,,condition_stats:红页L1HF:28:加砂前:施工泵压:var,stat
E1361,施工情况 加砂中,施工阶段,施工情况 加砂中 为施工阶段实体。,,,,condition:红页L1HF:28:加砂中,condition
E1362,施工时间 2024-01-18 15:26:00,时间点,施工时间 2024-01-18 15:26:00 为时间点实体。,,,,condition_time:红页L1HF:28:加砂中,time
E1363,砂比平均值: 9.5393,施工参数,砂比平均值: 9.5393 为施工参数特征。,,,,condition_stats:红页L1HF:28:加砂中:砂比:mean,stat
E1364,砂比方差: 6.8364,施工参数,砂比方差: 6.8364 为施工参数特征。,,,,condition_stats:红页L1HF:28:加砂中:砂比:var,stat
E1365,排量平均值: 23.7767,施工参数,排量平均值: 23.7767 为施工参数特征。,,,,condition_stats:红页L1HF:28:加砂中:排量:mean,stat
E1366,排量方差: 2.7112,施工参数,排量方差: 2.7112 为施工参数特征。,,,,condition_stats:红页L1HF:28:加砂中:排量:var,stat
E1367,施工泵压平均值: 68.896,施工参数,施工泵压平均值: 68.896 为施工参数特征。,,,,condition_stats:红页L1HF:28:加砂中:施工泵压:mean,stat
E1368,施工泵压方差: 8.52,施工参数,施工泵压方差: 8.52 为施工参数特征。,,,,condition_stats:红页L1HF:28:加砂中:施工泵压:var,stat
E1369,工况 其他,工况事件,工况 其他 为工况事件实体。,,,,worktype:红页L1HF:28:加砂中:其他,worktype
E1370,工况时间 2024-01-18 16:13:20,时间点,工况时间 2024-01-18 16:13:20 为时间点实体。,,,,worktype_time:红页L1HF:28:加砂中:其他,time
E1371,砂比平均值: 8.119,施工参数,砂比平均值: 8.119 为施工参数特征。,,,,worktype_stats:红页L1HF:28:加砂中:其他:砂比:mean,stat
E1372,砂比方差: 9.1396,施工参数,砂比方差: 9.1396 为施工参数特征。,,,,worktype_stats:红页L1HF:28:加砂中:其他:砂比:var,stat
E1373,排量平均值: 22.0918,施工参数,排量平均值: 22.0918 为施工参数特征。,,,,worktype_stats:红页L1HF:28:加砂中:其他:排量:mean,stat
E1374,排量方差: 3.8259,施工参数,排量方差: 3.8259 为施工参数特征。,,,,worktype_stats:红页L1HF:28:加砂中:其他:排量:var,stat
E1375,施工泵压平均值: 64.7441,施工参数,施工泵压平均值: 64.7441 为施工参数特征。,,,,worktype_stats:红页L1HF:28:加砂中:其他:施工泵压:mean,stat
E1376,施工泵压方差: 15.2395,施工参数,施工泵压方差: 15.2395 为施工参数特征。,,,,worktype_stats:红页L1HF:28:加砂中:其他:施工泵压:var,stat
E1377,当前建议: 未投加绳结，后期压力平缓下降。投加绳结有利于裂缝均匀扩展,处置建议,当前建议: 未投加绳结，后期压力平缓下降。投加绳结有利于裂缝均匀扩展 为处置建议实体。,,,,suggestion:红页L1HF:28:加砂中:其他,suggestion
E1378,工况 主缝延伸,工况事件,工况 主缝延伸 为工况事件实体。,,,,worktype:红页L1HF:28:加砂中:主缝延伸,worktype
E1379,工况时间 2024-01-18 16:24:00,时间点,工况时间 2024-01-18 16:24:00 为时间点实体。,,,,worktype_time:红页L1HF:28:加砂中:主缝延伸,time
E1380,砂比平均值: 10.4932,施工参数,砂比平均值: 10.4932 为施工参数特征。,,,,worktype_stats:红页L1HF:28:加砂中:主缝延伸:砂比:mean,stat
E1381,砂比方差: 5.838,施工参数,砂比方差: 5.838 为施工参数特征。,,,,worktype_stats:红页L1HF:28:加砂中:主缝延伸:砂比:var,stat
E1382,排量平均值: 24.04,施工参数,排量平均值: 24.04 为施工参数特征。,,,,worktype_stats:红页L1HF:28:加砂中:主缝延伸:排量:mean,stat
E1383,排量方差: 0.0,施工参数,排量方差: 0.0 为施工参数特征。,,,,worktype_stats:红页L1HF:28:加砂中:主缝延伸:排量:var,stat
E1384,施工泵压平均值: 68.7256,施工参数,施工泵压平均值: 68.7256 为施工参数特征。,,,,worktype_stats:红页L1HF:28:加砂中:主缝延伸:施工泵压:mean,stat
E1385,施工泵压方差: 1.3468,施工参数,施工泵压方差: 1.3468 为施工参数特征。,,,,worktype_stats:红页L1HF:28:加砂中:主缝延伸:施工泵压:var,stat
E1386,当前建议: 保持当前措施,处置建议,当前建议: 保持当前措施 为处置建议实体。,,,,suggestion:红页L1HF:28:加砂中:主缝延伸,suggestion
E1387,施工情况 加砂后,施工阶段,施工情况 加砂后 为施工阶段实体。,,,,condition:红页L1HF:28:加砂后,condition
E1388,施工时间 2024-01-18 16:58:10,时间点,施工时间 2024-01-18 16:58:10 为时间点实体。,,,,condition_time:红页L1HF:28:加砂后,time
E1389,砂比平均值: 无数据,施工参数,砂比平均值: 无数据 为施工参数特征。,,,,condition_stats:红页L1HF:28:加砂后:砂比:mean,stat
E1390,砂比方差: 无数据,施工参数,砂比方差: 无数据 为施工参数特征。,,,,condition_stats:红页L1HF:28:加砂后:砂比:var,stat
E1391,排量平均值: 2.6933,施工参数,排量平均值: 2.6933 为施工参数特征。,,,,condition_stats:红页L1HF:28:加砂后:排量:mean,stat
E1392,排量方差: 54.9375,施工参数,排量方差: 54.9375 为施工参数特征。,,,,condition_stats:红页L1HF:28:加砂后:排量:var,stat
E1393,施工泵压平均值: 37.3997,施工参数,施工泵压平均值: 37.3997 为施工参数特征。,,,,condition_stats:红页L1HF:28:加砂后:施工泵压:mean,stat
E1394,施工泵压方差: 113.76,施工参数,施工泵压方差: 113.76 为施工参数特征。,,,,condition_stats:红页L1HF:28:加砂后:施工泵压:var,stat
E1395,段号 29,压裂段,段号 29 为压裂段实体。,,,,segment:红页L1HF:29,segment
E1396,段号时间 2024-01-19 08:34:20,时间点,段号时间 2024-01-19 08:34:20 为时间点实体。,,,,segment_time:红页L1HF:29,time
E1397,砂比平均值: 9.9042,施工参数,砂比平均值: 9.9042 为施工参数特征。,,,,segment_stats:红页L1HF:29:砂比:mean,stat
E1398,砂比方差: 6.6764,施工参数,砂比方差: 6.6764 为施工参数特征。,,,,segment_stats:红页L1HF:29:砂比:var,stat
E1399,排量平均值: 16.4271,施工参数,排量平均值: 16.4271 为施工参数特征。,,,,segment_stats:红页L1HF:29:排量:mean,stat
E1400,排量方差: 111.8951,施工参数,排量方差: 111.8951 为施工参数特征。,,,,segment_stats:红页L1HF:29:排量:var,stat
E1401,施工泵压平均值: 59.1098,施工参数,施工泵压平均值: 59.1098 为施工参数特征。,,,,segment_stats:红页L1HF:29:施工泵压:mean,stat
E1402,施工泵压方差: 158.2978,施工参数,施工泵压方差: 158.2978 为施工参数特征。,,,,segment_stats:红页L1HF:29:施工泵压:var,stat
E1403,施工情况 加砂前,施工阶段,施工情况 加砂前 为施工阶段实体。,,,,condition:红页L1HF:29:加砂前,condition
E1404,施工时间 2024-01-19 08:34:20,时间点,施工时间 2024-01-19 08:34:20 为时间点实体。,,,,condition_time:红页L1HF:29:加砂前,time
E1405,砂比平均值: 无数据,施工参数,砂比平均值: 无数据 为施工参数特征。,,,,condition_stats:红页L1HF:29:加砂前:砂比:mean,stat
E1406,砂比方差: 无数据,施工参数,砂比方差: 无数据 为施工参数特征。,,,,condition_stats:红页L1HF:29:加砂前:砂比:var,stat
E1407,排量平均值: 9.9241,施工参数,排量平均值: 9.9241 为施工参数特征。,,,,condition_stats:红页L1HF:29:加砂前:排量:mean,stat
E1408,排量方差: 85.5726,施工参数,排量方差: 85.5726 为施工参数特征。,,,,condition_stats:红页L1HF:29:加砂前:排量:var,stat
E1409,施工泵压平均值: 55.1675,施工参数,施工泵压平均值: 55.1675 为施工参数特征。,,,,condition_stats:红页L1HF:29:加砂前:施工泵压:mean,stat
E1410,施工泵压方差: 236.1811,施工参数,施工泵压方差: 236.1811 为施工参数特征。,,,,condition_stats:红页L1HF:29:加砂前:施工泵压:var,stat
E1411,施工情况 加砂中,施工阶段,施工情况 加砂中 为施工阶段实体。,,,,condition:红页L1HF:29:加砂中,condition
E1412,施工时间 2024-01-19 09:05:20,时间点,施工时间 2024-01-19 09:05:20 为时间点实体。,,,,condition_time:红页L1HF:29:加砂中,time
E1413,砂比平均值: 9.9042,施工参数,砂比平均值: 9.9042 为施工参数特征。,,,,condition_stats:红页L1HF:29:加砂中:砂比:mean,stat
E1414,砂比方差: 6.6764,施工参数,砂比方差: 6.6764 为施工参数特征。,,,,condition_stats:红页L1HF:29:加砂中:砂比:var,stat
E1415,排量平均值: 23.8759,施工参数,排量平均值: 23.8759 为施工参数特征。,,,,condition_stats:红页L1HF:29:加砂中:排量:mean,stat
E1416,排量方差: 1.5751,施工参数,排量方差: 1.5751 为施工参数特征。,,,,condition_stats:红页L1HF:29:加砂中:排量:var,stat
E1417,施工泵压平均值: 66.2404,施工参数,施工泵压平均值: 66.2404 为施工参数特征。,,,,condition_stats:红页L1HF:29:加砂中:施工泵压:mean,stat
E1418,施工泵压方差: 3.9282,施工参数,施工泵压方差: 3.9282 为施工参数特征。,,,,condition_stats:红页L1HF:29:加砂中:施工泵压:var,stat
E1419,工况 缝口暂堵,工况事件,工况 缝口暂堵 为工况事件实体。,,,,worktype:红页L1HF:29:加砂中:缝口暂堵,worktype
E1420,工况时间 2024-01-19 09:54:40,时间点,工况时间 2024-01-19 09:54:40 为时间点实体。,,,,worktype_time:红页L1HF:29:加砂中:缝口暂堵,time
E1421,砂比平均值: 9.9407,施工参数,砂比平均值: 9.9407 为施工参数特征。,,,,worktype_stats:红页L1HF:29:加砂中:缝口暂堵:砂比:mean,stat
E1422,砂比方差: 8.2424,施工参数,砂比方差: 8.2424 为施工参数特征。,,,,worktype_stats:红页L1HF:29:加砂中:缝口暂堵:砂比:var,stat
E1423,排量平均值: 22.5515,施工参数,排量平均值: 22.5515 为施工参数特征。,,,,worktype_stats:红页L1HF:29:加砂中:缝口暂堵:排量:mean,stat
E1424,排量方差: 3.3418,施工参数,排量方差: 3.3418 为施工参数特征。,,,,worktype_stats:红页L1HF:29:加砂中:缝口暂堵:排量:var,stat
E1425,施工泵压平均值: 63.052,施工参数,施工泵压平均值: 63.052 为施工参数特征。,,,,worktype_stats:红页L1HF:29:加砂中:缝口暂堵:施工泵压:mean,stat
E1426,施工泵压方差: 11.8831,施工参数,施工泵压方差: 11.8831 为施工参数特征。,,,,worktype_stats:红页L1HF:29:加砂中:缝口暂堵:施工泵压:var,stat
E1427,当前建议: 无建议,处置建议,当前建议: 无建议 为处置建议实体。,,,,suggestion:红页L1HF:29:加砂中:缝口暂堵,suggestion
E1428,工况 缝内暂堵,工况事件,工况 缝内暂堵 为工况事件实体。,,,,worktype:红页L1HF:29:加砂中:缝内暂堵,worktype
E1429,工况时间 2024-01-19 09:25:40,时间点,工况时间 2024-01-19 09:25:40 为时间点实体。,,,,worktype_time:红页L1HF:29:加砂中:缝内暂堵,time
E1430,砂比平均值: 5.9793,施工参数,砂比平均值: 5.9793 为施工参数特征。,,,,worktype_stats:红页L1HF:29:加砂中:缝内暂堵:砂比:mean,stat
E1431,砂比方差: 2.2196,施工参数,砂比方差: 2.2196 为施工参数特征。,,,,worktype_stats:红页L1HF:29:加砂中:缝内暂堵:砂比:var,stat
E1432,排量平均值: 24.0462,施工参数,排量平均值: 24.0462 为施工参数特征。,,,,worktype_stats:红页L1HF:29:加砂中:缝内暂堵:排量:mean,stat
E1433,排量方差: 0.0,施工参数,排量方差: 0.0 为施工参数特征。,,,,worktype_stats:红页L1HF:29:加砂中:缝内暂堵:排量:var,stat
E1434,施工泵压平均值: 64.6351,施工参数,施工泵压平均值: 64.6351 为施工参数特征。,,,,worktype_stats:红页L1HF:29:加砂中:缝内暂堵:施工泵压:mean,stat
E1435,施工泵压方差: 2.4135,施工参数,施工泵压方差: 2.4135 为施工参数特征。,,,,worktype_stats:红页L1HF:29:加砂中:缝内暂堵:施工泵压:var,stat
E1436,当前建议: 无建议,处置建议,当前建议: 无建议 为处置建议实体。,,,,suggestion:红页L1HF:29:加砂中:缝内暂堵,suggestion
E1437,施工情况 加砂后,施工阶段,施工情况 加砂后 为施工阶段实体。,,,,condition:红页L1HF:29:加砂后,condition
E1438,施工时间 2024-01-19 10:36:00,时间点,施工时间 2024-01-19 10:36:00 为时间点实体。,,,,condition_time:红页L1HF:29:加砂后,time
E1439,砂比平均值: 无数据,施工参数,砂比平均值: 无数据 为施工参数特征。,,,,condition_stats:红页L1HF:29:加砂后:砂比:mean,stat
E1440,砂比方差: 无数据,施工参数,砂比方差: 无数据 为施工参数特征。,,,,condition_stats:红页L1HF:29:加砂后:砂比:var,stat
E1441,排量平均值: 2.6421,施工参数,排量平均值: 2.6421 为施工参数特征。,,,,condition_stats:红页L1HF:29:加砂后:排量:mean,stat
E1442,排量方差: 55.0823,施工参数,排量方差: 55.0823 为施工参数特征。,,,,condition_stats:红页L1HF:29:加砂后:排量:var,stat
E1443,施工泵压平均值: 43.6431,施工参数,施工泵压平均值: 43.6431 为施工参数特征。,,,,condition_stats:红页L1HF:29:加砂后:施工泵压:mean,stat
E1444,施工泵压方差: 107.6313,施工参数,施工泵压方差: 107.6313 为施工参数特征。,,,,condition_stats:红页L1HF:29:加砂后:施工泵压:var,stat
E1445,段号 3,压裂段,段号 3 为压裂段实体。,,,,segment:红页L1HF:3,segment
E1446,段号时间 2024-01-05 16:37:30,时间点,段号时间 2024-01-05 16:37:30 为时间点实体。,,,,segment_time:红页L1HF:3,time
E1447,砂比平均值: 9.0127,施工参数,砂比平均值: 9.0127 为施工参数特征。,,,,segment_stats:红页L1HF:3:砂比:mean,stat
E1448,砂比方差: 7.9983,施工参数,砂比方差: 7.9983 为施工参数特征。,,,,segment_stats:红页L1HF:3:砂比:var,stat
E1449,排量平均值: 14.3861,施工参数,排量平均值: 14.3861 为施工参数特征。,,,,segment_stats:红页L1HF:3:排量:mean,stat
E1450,排量方差: 115.2013,施工参数,排量方差: 115.2013 为施工参数特征。,,,,segment_stats:红页L1HF:3:排量:var,stat
E1451,施工泵压平均值: 58.9877,施工参数,施工泵压平均值: 58.9877 为施工参数特征。,,,,segment_stats:红页L1HF:3:施工泵压:mean,stat
E1452,施工泵压方差: 486.872,施工参数,施工泵压方差: 486.872 为施工参数特征。,,,,segment_stats:红页L1HF:3:施工泵压:var,stat
E1453,施工情况 加砂前,施工阶段,施工情况 加砂前 为施工阶段实体。,,,,condition:红页L1HF:3:加砂前,condition
E1454,施工时间 2024-01-05 16:37:30,时间点,施工时间 2024-01-05 16:37:30 为时间点实体。,,,,condition_time:红页L1HF:3:加砂前,time
E1455,砂比平均值: 无数据,施工参数,砂比平均值: 无数据 为施工参数特征。,,,,condition_stats:红页L1HF:3:加砂前:砂比:mean,stat
E1456,砂比方差: 无数据,施工参数,砂比方差: 无数据 为施工参数特征。,,,,condition_stats:红页L1HF:3:加砂前:砂比:var,stat
E1457,排量平均值: 5.8259,施工参数,排量平均值: 5.8259 为施工参数特征。,,,,condition_stats:红页L1HF:3:加砂前:排量:mean,stat
E1458,排量方差: 40.4994,施工参数,排量方差: 40.4994 为施工参数特征。,,,,condition_stats:红页L1HF:3:加砂前:排量:var,stat
E1459,施工泵压平均值: 49.4817,施工参数,施工泵压平均值: 49.4817 为施工参数特征。,,,,condition_stats:红页L1HF:3:加砂前:施工泵压:mean,stat
E1460,施工泵压方差: 335.933,施工参数,施工泵压方差: 335.933 为施工参数特征。,,,,condition_stats:红页L1HF:3:加砂前:施工泵压:var,stat
E1461,施工情况 加砂中,施工阶段,施工情况 加砂中 为施工阶段实体。,,,,condition:红页L1HF:3:加砂中,condition
E1462,施工时间 2024-01-05 17:14:30,时间点,施工时间 2024-01-05 17:14:30 为时间点实体。,,,,condition_time:红页L1HF:3:加砂中,time
E1463,砂比平均值: 9.0127,施工参数,砂比平均值: 9.0127 为施工参数特征。,,,,condition_stats:红页L1HF:3:加砂中:砂比:mean,stat
E1464,砂比方差: 7.9983,施工参数,砂比方差: 7.9983 为施工参数特征。,,,,condition_stats:红页L1HF:3:加砂中:砂比:var,stat
E1465,排量平均值: 22.9949,施工参数,排量平均值: 22.9949 为施工参数特征。,,,,condition_stats:红页L1HF:3:加砂中:排量:mean,stat
E1466,排量方差: 11.1465,施工参数,排量方差: 11.1465 为施工参数特征。,,,,condition_stats:红页L1HF:3:加砂中:排量:var,stat
E1467,施工泵压平均值: 74.3165,施工参数,施工泵压平均值: 74.3165 为施工参数特征。,,,,condition_stats:红页L1HF:3:加砂中:施工泵压:mean,stat
E1468,施工泵压方差: 75.3742,施工参数,施工泵压方差: 75.3742 为施工参数特征。,,,,condition_stats:红页L1HF:3:加砂中:施工泵压:var,stat
E1469,工况 缝口暂堵,工况事件,工况 缝口暂堵 为工况事件实体。,,,,worktype:红页L1HF:3:加砂中:缝口暂堵,worktype
E1470,工况时间 2024-01-05 17:43:50,时间点,工况时间 2024-01-05 17:43:50 为时间点实体。,,,,worktype_time:红页L1HF:3:加砂中:缝口暂堵,time
E1471,砂比平均值: 5.9667,施工参数,砂比平均值: 5.9667 为施工参数特征。,,,,worktype_stats:红页L1HF:3:加砂中:缝口暂堵:砂比:mean,stat
E1472,砂比方差: 1.2089,施工参数,砂比方差: 1.2089 为施工参数特征。,,,,worktype_stats:红页L1HF:3:加砂中:缝口暂堵:砂比:var,stat
E1473,排量平均值: 17.4673,施工参数,排量平均值: 17.4673 为施工参数特征。,,,,worktype_stats:红页L1HF:3:加砂中:缝口暂堵:排量:mean,stat
E1474,排量方差: 27.5446,施工参数,排量方差: 27.5446 为施工参数特征。,,,,worktype_stats:红页L1HF:3:加砂中:缝口暂堵:排量:var,stat
E1475,施工泵压平均值: 60.0983,施工参数,施工泵压平均值: 60.0983 为施工参数特征。,,,,worktype_stats:红页L1HF:3:加砂中:缝口暂堵:施工泵压:mean,stat
E1476,施工泵压方差: 175.7511,施工参数,施工泵压方差: 175.7511 为施工参数特征。,,,,worktype_stats:红页L1HF:3:加砂中:缝口暂堵:施工泵压:var,stat
E1477,当前建议: 无建议,处置建议,当前建议: 无建议 为处置建议实体。,,,,suggestion:红页L1HF:3:加砂中:缝口暂堵,suggestion
E1478,工况 缝内暂堵,工况事件,工况 缝内暂堵 为工况事件实体。,,,,worktype:红页L1HF:3:加砂中:缝内暂堵,worktype
E1479,工况时间 2024-01-05 18:13:40,时间点,工况时间 2024-01-05 18:13:40 为时间点实体。,,,,worktype_time:红页L1HF:3:加砂中:缝内暂堵,time
E1480,砂比平均值: 9.7704,施工参数,砂比平均值: 9.7704 为施工参数特征。,,,,worktype_stats:红页L1HF:3:加砂中:缝内暂堵:砂比:mean,stat
E1481,砂比方差: 4.8325,施工参数,砂比方差: 4.8325 为施工参数特征。,,,,worktype_stats:红页L1HF:3:加砂中:缝内暂堵:砂比:var,stat
E1482,排量平均值: 24.0008,施工参数,排量平均值: 24.0008 为施工参数特征。,,,,worktype_stats:红页L1HF:3:加砂中:缝内暂堵:排量:mean,stat
E1483,排量方差: 0.0,施工参数,排量方差: 0.0 为施工参数特征。,,,,worktype_stats:红页L1HF:3:加砂中:缝内暂堵:排量:var,stat
E1484,施工泵压平均值: 76.7075,施工参数,施工泵压平均值: 76.7075 为施工参数特征。,,,,worktype_stats:红页L1HF:3:加砂中:缝内暂堵:施工泵压:mean,stat
E1485,施工泵压方差: 5.4693,施工参数,施工泵压方差: 5.4693 为施工参数特征。,,,,worktype_stats:红页L1HF:3:加砂中:缝内暂堵:施工泵压:var,stat
E1486,当前建议: 无建议,处置建议,当前建议: 无建议 为处置建议实体。,,,,suggestion:红页L1HF:3:加砂中:缝内暂堵,suggestion
E1487,工况 主缝延伸,工况事件,工况 主缝延伸 为工况事件实体。,,,,worktype:红页L1HF:3:加砂中:主缝延伸,worktype
E1488,工况时间 2024-01-05 18:25:00,时间点,工况时间 2024-01-05 18:25:00 为时间点实体。,,,,worktype_time:红页L1HF:3:加砂中:主缝延伸,time
E1489,砂比平均值: 11.7724,施工参数,砂比平均值: 11.7724 为施工参数特征。,,,,worktype_stats:红页L1HF:3:加砂中:主缝延伸:砂比:mean,stat
E1490,砂比方差: 8.2906,施工参数,砂比方差: 8.2906 为施工参数特征。,,,,worktype_stats:红页L1HF:3:加砂中:主缝延伸:砂比:var,stat
E1491,排量平均值: 24.0039,施工参数,排量平均值: 24.0039 为施工参数特征。,,,,worktype_stats:红页L1HF:3:加砂中:主缝延伸:排量:mean,stat
E1492,排量方差: 0.0,施工参数,排量方差: 0.0 为施工参数特征。,,,,worktype_stats:红页L1HF:3:加砂中:主缝延伸:排量:var,stat
E1493,施工泵压平均值: 76.9558,施工参数,施工泵压平均值: 76.9558 为施工参数特征。,,,,worktype_stats:红页L1HF:3:加砂中:主缝延伸:施工泵压:mean,stat
E1494,施工泵压方差: 3.038,施工参数,施工泵压方差: 3.038 为施工参数特征。,,,,worktype_stats:红页L1HF:3:加砂中:主缝延伸:施工泵压:var,stat
E1495,当前建议: 保持当前措施,处置建议,当前建议: 保持当前措施 为处置建议实体。,,,,suggestion:红页L1HF:3:加砂中:主缝延伸,suggestion
E1496,施工情况 加砂后,施工阶段,施工情况 加砂后 为施工阶段实体。,,,,condition:红页L1HF:3:加砂后,condition
E1497,施工时间 2024-01-05 18:36:20,时间点,施工时间 2024-01-05 18:36:20 为时间点实体。,,,,condition_time:红页L1HF:3:加砂后,time
E1498,砂比平均值: 无数据,施工参数,砂比平均值: 无数据 为施工参数特征。,,,,condition_stats:红页L1HF:3:加砂后:砂比:mean,stat
E1499,砂比方差: 无数据,施工参数,砂比方差: 无数据 为施工参数特征。,,,,condition_stats:红页L1HF:3:加砂后:砂比:var,stat
E1500,排量平均值: 2.5333,施工参数,排量平均值: 2.5333 为施工参数特征。,,,,condition_stats:红页L1HF:3:加砂后:排量:mean,stat
E1501,排量方差: 51.7618,施工参数,排量方差: 51.7618 为施工参数特征。,,,,condition_stats:红页L1HF:3:加砂后:排量:var,stat
E1502,施工泵压平均值: 31.2961,施工参数,施工泵压平均值: 31.2961 为施工参数特征。,,,,condition_stats:红页L1HF:3:加砂后:施工泵压:mean,stat
E1503,施工泵压方差: 234.1764,施工参数,施工泵压方差: 234.1764 为施工参数特征。,,,,condition_stats:红页L1HF:3:加砂后:施工泵压:var,stat
E1504,段号 30,压裂段,段号 30 为压裂段实体。,,,,segment:红页L1HF:30,segment
E1505,段号时间 2024-01-19 15:08:40,时间点,段号时间 2024-01-19 15:08:40 为时间点实体。,,,,segment_time:红页L1HF:30,time
E1506,砂比平均值: 9.5128,施工参数,砂比平均值: 9.5128 为施工参数特征。,,,,segment_stats:红页L1HF:30:砂比:mean,stat
E1507,砂比方差: 7.4455,施工参数,砂比方差: 7.4455 为施工参数特征。,,,,segment_stats:红页L1HF:30:砂比:var,stat
E1508,排量平均值: 16.9715,施工参数,排量平均值: 16.9715 为施工参数特征。,,,,segment_stats:红页L1HF:30:排量:mean,stat
E1509,排量方差: 101.6465,施工参数,排量方差: 101.6465 为施工参数特征。,,,,segment_stats:红页L1HF:30:排量:var,stat
E1510,施工泵压平均值: 64.9052,施工参数,施工泵压平均值: 64.9052 为施工参数特征。,,,,segment_stats:红页L1HF:30:施工泵压:mean,stat
E1511,施工泵压方差: 247.4064,施工参数,施工泵压方差: 247.4064 为施工参数特征。,,,,segment_stats:红页L1HF:30:施工泵压:var,stat
E1512,施工情况 加砂前,施工阶段,施工情况 加砂前 为施工阶段实体。,,,,condition:红页L1HF:30:加砂前,condition
E1513,施工时间 2024-01-19 15:08:40,时间点,施工时间 2024-01-19 15:08:40 为时间点实体。,,,,condition_time:红页L1HF:30:加砂前,time
E1514,砂比平均值: 无数据,施工参数,砂比平均值: 无数据 为施工参数特征。,,,,condition_stats:红页L1HF:30:加砂前:砂比:mean,stat
E1515,砂比方差: 无数据,施工参数,砂比方差: 无数据 为施工参数特征。,,,,condition_stats:红页L1HF:30:加砂前:砂比:var,stat
E1516,排量平均值: 10.6514,施工参数,排量平均值: 10.6514 为施工参数特征。,,,,condition_stats:红页L1HF:30:加砂前:排量:mean,stat
E1517,排量方差: 83.9113,施工参数,排量方差: 83.9113 为施工参数特征。,,,,condition_stats:红页L1HF:30:加砂前:排量:var,stat
E1518,施工泵压平均值: 54.9737,施工参数,施工泵压平均值: 54.9737 为施工参数特征。,,,,condition_stats:红页L1HF:30:加砂前:施工泵压:mean,stat
E1519,施工泵压方差: 304.1431,施工参数,施工泵压方差: 304.1431 为施工参数特征。,,,,condition_stats:红页L1HF:30:加砂前:施工泵压:var,stat
E1520,施工情况 加砂中,施工阶段,施工情况 加砂中 为施工阶段实体。,,,,condition:红页L1HF:30:加砂中,condition
E1521,施工时间 2024-01-19 15:38:30,时间点,施工时间 2024-01-19 15:38:30 为时间点实体。,,,,condition_time:红页L1HF:30:加砂中,time
E1522,砂比平均值: 9.5128,施工参数,砂比平均值: 9.5128 为施工参数特征。,,,,condition_stats:红页L1HF:30:加砂中:砂比:mean,stat
E1523,砂比方差: 7.4455,施工参数,砂比方差: 7.4455 为施工参数特征。,,,,condition_stats:红页L1HF:30:加砂中:砂比:var,stat
E1524,排量平均值: 22.7996,施工参数,排量平均值: 22.7996 为施工参数特征。,,,,condition_stats:红页L1HF:30:加砂中:排量:mean,stat
E1525,排量方差: 15.3548,施工参数,排量方差: 15.3548 为施工参数特征。,,,,condition_stats:红页L1HF:30:加砂中:排量:var,stat
E1526,施工泵压平均值: 72.9657,施工参数,施工泵压平均值: 72.9657 为施工参数特征。,,,,condition_stats:红页L1HF:30:加砂中:施工泵压:mean,stat
E1527,施工泵压方差: 66.8862,施工参数,施工泵压方差: 66.8862 为施工参数特征。,,,,condition_stats:红页L1HF:30:加砂中:施工泵压:var,stat
E1528,工况 缝内暂堵,工况事件,工况 缝内暂堵 为工况事件实体。,,,,worktype:红页L1HF:30:加砂中:缝内暂堵,worktype
E1529,工况时间 2024-01-19 15:59:50,时间点,工况时间 2024-01-19 15:59:50 为时间点实体。,,,,worktype_time:红页L1HF:30:加砂中:缝内暂堵,time
E1530,砂比平均值: 7.139,施工参数,砂比平均值: 7.139 为施工参数特征。,,,,worktype_stats:红页L1HF:30:加砂中:缝内暂堵:砂比:mean,stat
E1531,砂比方差: 7.1516,施工参数,砂比方差: 7.1516 为施工参数特征。,,,,worktype_stats:红页L1HF:30:加砂中:缝内暂堵:砂比:var,stat
E1532,排量平均值: 24.0811,施工参数,排量平均值: 24.0811 为施工参数特征。,,,,worktype_stats:红页L1HF:30:加砂中:缝内暂堵:排量:mean,stat
E1533,排量方差: 0.0,施工参数,排量方差: 0.0 为施工参数特征。,,,,worktype_stats:红页L1HF:30:加砂中:缝内暂堵:排量:var,stat
E1534,施工泵压平均值: 67.7143,施工参数,施工泵压平均值: 67.7143 为施工参数特征。,,,,worktype_stats:红页L1HF:30:加砂中:缝内暂堵:施工泵压:mean,stat
E1535,施工泵压方差: 4.0277,施工参数,施工泵压方差: 4.0277 为施工参数特征。,,,,worktype_stats:红页L1HF:30:加砂中:缝内暂堵:施工泵压:var,stat
E1536,当前建议: 无建议,处置建议,当前建议: 无建议 为处置建议实体。,,,,suggestion:红页L1HF:30:加砂中:缝内暂堵,suggestion
E1537,工况 缝口暂堵,工况事件,工况 缝口暂堵 为工况事件实体。,,,,worktype:红页L1HF:30:加砂中:缝口暂堵,worktype
E1538,工况时间 2024-01-19 16:17:10,时间点,工况时间 2024-01-19 16:17:10 为时间点实体。,,,,worktype_time:红页L1HF:30:加砂中:缝口暂堵,time
E1539,砂比平均值: 7.7771,施工参数,砂比平均值: 7.7771 为施工参数特征。,,,,worktype_stats:红页L1HF:30:加砂中:缝口暂堵:砂比:mean,stat
E1540,砂比方差: 6.7566,施工参数,砂比方差: 6.7566 为施工参数特征。,,,,worktype_stats:红页L1HF:30:加砂中:缝口暂堵:砂比:var,stat
E1541,排量平均值: 18.7239,施工参数,排量平均值: 18.7239 为施工参数特征。,,,,worktype_stats:红页L1HF:30:加砂中:缝口暂堵:排量:mean,stat
E1542,排量方差: 71.8951,施工参数,排量方差: 71.8951 为施工参数特征。,,,,worktype_stats:红页L1HF:30:加砂中:缝口暂堵:排量:var,stat
E1543,施工泵压平均值: 67.6457,施工参数,施工泵压平均值: 67.6457 为施工参数特征。,,,,worktype_stats:红页L1HF:30:加砂中:缝口暂堵:施工泵压:mean,stat
E1544,施工泵压方差: 44.3504,施工参数,施工泵压方差: 44.3504 为施工参数特征。,,,,worktype_stats:红页L1HF:30:加砂中:缝口暂堵:施工泵压:var,stat
E1545,当前建议: 无建议,处置建议,当前建议: 无建议 为处置建议实体。,,,,suggestion:红页L1HF:30:加砂中:缝口暂堵,suggestion
E1546,工况 主缝延伸,工况事件,工况 主缝延伸 为工况事件实体。,,,,worktype:红页L1HF:30:加砂中:主缝延伸,worktype
E1547,工况时间 2024-01-19 17:24:40,时间点,工况时间 2024-01-19 17:24:40 为时间点实体。,,,,worktype_time:红页L1HF:30:加砂中:主缝延伸,time
E1548,砂比平均值: 11.1136,施工参数,砂比平均值: 11.1136 为施工参数特征。,,,,worktype_stats:红页L1HF:30:加砂中:主缝延伸:砂比:mean,stat
E1549,砂比方差: 6.1679,施工参数,砂比方差: 6.1679 为施工参数特征。,,,,worktype_stats:红页L1HF:30:加砂中:主缝延伸:砂比:var,stat
E1550,排量平均值: 23.4844,施工参数,排量平均值: 23.4844 为施工参数特征。,,,,worktype_stats:红页L1HF:30:加砂中:主缝延伸:排量:mean,stat
E1551,排量方差: 0.4723,施工参数,排量方差: 0.4723 为施工参数特征。,,,,worktype_stats:红页L1HF:30:加砂中:主缝延伸:排量:var,stat
E1552,施工泵压平均值: 82.3147,施工参数,施工泵压平均值: 82.3147 为施工参数特征。,,,,worktype_stats:红页L1HF:30:加砂中:主缝延伸:施工泵压:mean,stat
E1553,施工泵压方差: 1.5489,施工参数,施工泵压方差: 1.5489 为施工参数特征。,,,,worktype_stats:红页L1HF:30:加砂中:主缝延伸:施工泵压:var,stat
E1554,当前建议: 保持当前措施,处置建议,当前建议: 保持当前措施 为处置建议实体。,,,,suggestion:红页L1HF:30:加砂中:主缝延伸,suggestion
E1555,施工情况 加砂后,施工阶段,施工情况 加砂后 为施工阶段实体。,,,,condition:红页L1HF:30:加砂后,condition
E1556,施工时间 2024-01-19 17:47:20,时间点,施工时间 2024-01-19 17:47:20 为时间点实体。,,,,condition_time:红页L1HF:30:加砂后,time
E1557,砂比平均值: 无数据,施工参数,砂比平均值: 无数据 为施工参数特征。,,,,condition_stats:红页L1HF:30:加砂后:砂比:mean,stat
E1558,砂比方差: 无数据,施工参数,砂比方差: 无数据 为施工参数特征。,,,,condition_stats:红页L1HF:30:加砂后:砂比:var,stat
E1559,排量平均值: 1.7698,施工参数,排量平均值: 1.7698 为施工参数特征。,,,,condition_stats:红页L1HF:30:加砂后:排量:mean,stat
E1560,排量方差: 37.7526,施工参数,排量方差: 37.7526 为施工参数特征。,,,,condition_stats:红页L1HF:30:加砂后:排量:var,stat
E1561,施工泵压平均值: 44.9394,施工参数,施工泵压平均值: 44.9394 为施工参数特征。,,,,condition_stats:红页L1HF:30:加砂后:施工泵压:mean,stat
E1562,施工泵压方差: 123.4195,施工参数,施工泵压方差: 123.4195 为施工参数特征。,,,,condition_stats:红页L1HF:30:加砂后:施工泵压:var,stat
E1563,工况 主缝延伸,工况事件,工况 主缝延伸 为工况事件实体。,,,,worktype:红页L1HF:30:加砂后:主缝延伸,worktype
E1564,工况时间 2024-01-19 17:47:20,时间点,工况时间 2024-01-19 17:47:20 为时间点实体。,,,,worktype_time:红页L1HF:30:加砂后:主缝延伸,time
E1565,砂比平均值: 无数据,施工参数,砂比平均值: 无数据 为施工参数特征。,,,,worktype_stats:红页L1HF:30:加砂后:主缝延伸:砂比:mean,stat
E1566,砂比方差: 无数据,施工参数,砂比方差: 无数据 为施工参数特征。,,,,worktype_stats:红页L1HF:30:加砂后:主缝延伸:砂比:var,stat
E1567,排量平均值: 24.08,施工参数,排量平均值: 24.08 为施工参数特征。,,,,worktype_stats:红页L1HF:30:加砂后:主缝延伸:排量:mean,stat
E1568,排量方差: 0.0,施工参数,排量方差: 0.0 为施工参数特征。,,,,worktype_stats:红页L1HF:30:加砂后:主缝延伸:排量:var,stat
E1569,施工泵压平均值: 85.045,施工参数,施工泵压平均值: 85.045 为施工参数特征。,,,,worktype_stats:红页L1HF:30:加砂后:主缝延伸:施工泵压:mean,stat
E1570,施工泵压方差: 0.0745,施工参数,施工泵压方差: 0.0745 为施工参数特征。,,,,worktype_stats:红页L1HF:30:加砂后:主缝延伸:施工泵压:var,stat
E1571,当前建议: 保持当前措施,处置建议,当前建议: 保持当前措施 为处置建议实体。,,,,suggestion:红页L1HF:30:加砂后:主缝延伸,suggestion
E1572,段号 31,压裂段,段号 31 为压裂段实体。,,,,segment:红页L1HF:31,segment
E1573,段号时间 2024-01-20 08:27:10,时间点,段号时间 2024-01-20 08:27:10 为时间点实体。,,,,segment_time:红页L1HF:31,time
E1574,砂比平均值: 10.4466,施工参数,砂比平均值: 10.4466 为施工参数特征。,,,,segment_stats:红页L1HF:31:砂比:mean,stat
E1575,砂比方差: 5.4045,施工参数,砂比方差: 5.4045 为施工参数特征。,,,,segment_stats:红页L1HF:31:砂比:var,stat
E1576,排量平均值: 15.8998,施工参数,排量平均值: 15.8998 为施工参数特征。,,,,segment_stats:红页L1HF:31:排量:mean,stat
E1577,排量方差: 114.9384,施工参数,排量方差: 114.9384 为施工参数特征。,,,,segment_stats:红页L1HF:31:排量:var,stat
E1578,施工泵压平均值: 55.8864,施工参数,施工泵压平均值: 55.8864 为施工参数特征。,,,,segment_stats:红页L1HF:31:施工泵压:mean,stat
E1579,施工泵压方差: 145.8662,施工参数,施工泵压方差: 145.8662 为施工参数特征。,,,,segment_stats:红页L1HF:31:施工泵压:var,stat
E1580,施工情况 加砂前,施工阶段,施工情况 加砂前 为施工阶段实体。,,,,condition:红页L1HF:31:加砂前,condition
E1581,施工时间 2024-01-20 08:27:10,时间点,施工时间 2024-01-20 08:27:10 为时间点实体。,,,,condition_time:红页L1HF:31:加砂前,time
E1582,砂比平均值: 无数据,施工参数,砂比平均值: 无数据 为施工参数特征。,,,,condition_stats:红页L1HF:31:加砂前:砂比:mean,stat
E1583,砂比方差: 无数据,施工参数,砂比方差: 无数据 为施工参数特征。,,,,condition_stats:红页L1HF:31:加砂前:砂比:var,stat
E1584,排量平均值: 9.286,施工参数,排量平均值: 9.286 为施工参数特征。,,,,condition_stats:红页L1HF:31:加砂前:排量:mean,stat
E1585,排量方差: 85.8622,施工参数,排量方差: 85.8622 为施工参数特征。,,,,condition_stats:红页L1HF:31:加砂前:排量:var,stat
E1586,施工泵压平均值: 49.7459,施工参数,施工泵压平均值: 49.7459 为施工参数特征。,,,,condition_stats:红页L1HF:31:加砂前:施工泵压:mean,stat
E1587,施工泵压方差: 212.7881,施工参数,施工泵压方差: 212.7881 为施工参数特征。,,,,condition_stats:红页L1HF:31:加砂前:施工泵压:var,stat
E1588,施工情况 加砂中,施工阶段,施工情况 加砂中 为施工阶段实体。,,,,condition:红页L1HF:31:加砂中,condition
E1589,施工时间 2024-01-20 09:00:10,时间点,施工时间 2024-01-20 09:00:10 为时间点实体。,,,,condition_time:红页L1HF:31:加砂中,time
E1590,砂比平均值: 10.4466,施工参数,砂比平均值: 10.4466 为施工参数特征。,,,,condition_stats:红页L1HF:31:加砂中:砂比:mean,stat
E1591,砂比方差: 5.4045,施工参数,砂比方差: 5.4045 为施工参数特征。,,,,condition_stats:红页L1HF:31:加砂中:砂比:var,stat
E1592,排量平均值: 23.6526,施工参数,排量平均值: 23.6526 为施工参数特征。,,,,condition_stats:红页L1HF:31:加砂中:排量:mean,stat
E1593,排量方差: 4.3419,施工参数,排量方差: 4.3419 为施工参数特征。,,,,condition_stats:红页L1HF:31:加砂中:排量:var,stat
E1594,施工泵压平均值: 63.5109,施工参数,施工泵压平均值: 63.5109 为施工参数特征。,,,,condition_stats:红页L1HF:31:加砂中:施工泵压:mean,stat
E1595,施工泵压方差: 6.5054,施工参数,施工泵压方差: 6.5054 为施工参数特征。,,,,condition_stats:红页L1HF:31:加砂中:施工泵压:var,stat
E1596,工况 缝内暂堵,工况事件,工况 缝内暂堵 为工况事件实体。,,,,worktype:红页L1HF:31:加砂中:缝内暂堵,worktype
E1597,工况时间 2024-01-20 09:20:30,时间点,工况时间 2024-01-20 09:20:30 为时间点实体。,,,,worktype_time:红页L1HF:31:加砂中:缝内暂堵,time
E1598,砂比平均值: 9.5393,施工参数,砂比平均值: 9.5393 为施工参数特征。,,,,worktype_stats:红页L1HF:31:加砂中:缝内暂堵:砂比:mean,stat
E1599,砂比方差: 4.0345,施工参数,砂比方差: 4.0345 为施工参数特征。,,,,worktype_stats:红页L1HF:31:加砂中:缝内暂堵:砂比:var,stat
E1600,排量平均值: 24.0526,施工参数,排量平均值: 24.0526 为施工参数特征。,,,,worktype_stats:红页L1HF:31:加砂中:缝内暂堵:排量:mean,stat
E1601,排量方差: 0.0,施工参数,排量方差: 0.0 为施工参数特征。,,,,worktype_stats:红页L1HF:31:加砂中:缝内暂堵:排量:var,stat
E1602,施工泵压平均值: 62.9935,施工参数,施工泵压平均值: 62.9935 为施工参数特征。,,,,worktype_stats:红页L1HF:31:加砂中:缝内暂堵:施工泵压:mean,stat
E1603,施工泵压方差: 1.3719,施工参数,施工泵压方差: 1.3719 为施工参数特征。,,,,worktype_stats:红页L1HF:31:加砂中:缝内暂堵:施工泵压:var,stat
E1604,当前建议: 无建议,处置建议,当前建议: 无建议 为处置建议实体。,,,,suggestion:红页L1HF:31:加砂中:缝内暂堵,suggestion
E1605,工况 缝口暂堵,工况事件,工况 缝口暂堵 为工况事件实体。,,,,worktype:红页L1HF:31:加砂中:缝口暂堵,worktype
E1606,工况时间 2024-01-20 09:43:40,时间点,工况时间 2024-01-20 09:43:40 为时间点实体。,,,,worktype_time:红页L1HF:31:加砂中:缝口暂堵,time
E1607,砂比平均值: 10.2464,施工参数,砂比平均值: 10.2464 为施工参数特征。,,,,worktype_stats:红页L1HF:31:加砂中:缝口暂堵:砂比:mean,stat
E1608,砂比方差: 5.5111,施工参数,砂比方差: 5.5111 为施工参数特征。,,,,worktype_stats:红页L1HF:31:加砂中:缝口暂堵:砂比:var,stat
E1609,排量平均值: 20.6064,施工参数,排量平均值: 20.6064 为施工参数特征。,,,,worktype_stats:红页L1HF:31:加砂中:缝口暂堵:排量:mean,stat
E1610,排量方差: 12.8822,施工参数,排量方差: 12.8822 为施工参数特征。,,,,worktype_stats:红页L1HF:31:加砂中:缝口暂堵:排量:var,stat
E1611,施工泵压平均值: 60.3373,施工参数,施工泵压平均值: 60.3373 为施工参数特征。,,,,worktype_stats:红页L1HF:31:加砂中:缝口暂堵:施工泵压:mean,stat
E1612,施工泵压方差: 14.1421,施工参数,施工泵压方差: 14.1421 为施工参数特征。,,,,worktype_stats:红页L1HF:31:加砂中:缝口暂堵:施工泵压:var,stat
E1613,当前建议: 无建议,处置建议,当前建议: 无建议 为处置建议实体。,,,,suggestion:红页L1HF:31:加砂中:缝口暂堵,suggestion
E1614,工况 主缝延伸,工况事件,工况 主缝延伸 为工况事件实体。,,,,worktype:红页L1HF:31:加砂中:主缝延伸,worktype
E1615,工况时间 2024-01-20 10:12:40,时间点,工况时间 2024-01-20 10:12:40 为时间点实体。,,,,worktype_time:红页L1HF:31:加砂中:主缝延伸,time
E1616,砂比平均值: 11.0294,施工参数,砂比平均值: 11.0294 为施工参数特征。,,,,worktype_stats:红页L1HF:31:加砂中:主缝延伸:砂比:mean,stat
E1617,砂比方差: 5.4515,施工参数,砂比方差: 5.4515 为施工参数特征。,,,,worktype_stats:红页L1HF:31:加砂中:主缝延伸:砂比:var,stat
E1618,排量平均值: 24.05,施工参数,排量平均值: 24.05 为施工参数特征。,,,,worktype_stats:红页L1HF:31:加砂中:主缝延伸:排量:mean,stat
E1619,排量方差: 0.0,施工参数,排量方差: 0.0 为施工参数特征。,,,,worktype_stats:红页L1HF:31:加砂中:主缝延伸:排量:var,stat
E1620,施工泵压平均值: 65.3208,施工参数,施工泵压平均值: 65.3208 为施工参数特征。,,,,worktype_stats:红页L1HF:31:加砂中:主缝延伸:施工泵压:mean,stat
E1621,施工泵压方差: 0.2815,施工参数,施工泵压方差: 0.2815 为施工参数特征。,,,,worktype_stats:红页L1HF:31:加砂中:主缝延伸:施工泵压:var,stat
E1622,当前建议: 保持当前措施,处置建议,当前建议: 保持当前措施 为处置建议实体。,,,,suggestion:红页L1HF:31:加砂中:主缝延伸,suggestion
E1623,施工情况 加砂后,施工阶段,施工情况 加砂后 为施工阶段实体。,,,,condition:红页L1HF:31:加砂后,condition
E1624,施工时间 2024-01-20 10:29:50,时间点,施工时间 2024-01-20 10:29:50 为时间点实体。,,,,condition_time:红页L1HF:31:加砂后,time
E1625,砂比平均值: 无数据,施工参数,砂比平均值: 无数据 为施工参数特征。,,,,condition_stats:红页L1HF:31:加砂后:砂比:mean,stat
E1626,砂比方差: 无数据,施工参数,砂比方差: 无数据 为施工参数特征。,,,,condition_stats:红页L1HF:31:加砂后:砂比:var,stat
E1627,排量平均值: 1.8878,施工参数,排量平均值: 1.8878 为施工参数特征。,,,,condition_stats:红页L1HF:31:加砂后:排量:mean,stat
E1628,排量方差: 39.489,施工参数,排量方差: 39.489 为施工参数特征。,,,,condition_stats:红页L1HF:31:加砂后:排量:var,stat
E1629,施工泵压平均值: 41.7269,施工参数,施工泵压平均值: 41.7269 为施工参数特征。,,,,condition_stats:红页L1HF:31:加砂后:施工泵压:mean,stat
E1630,施工泵压方差: 55.3165,施工参数,施工泵压方差: 55.3165 为施工参数特征。,,,,condition_stats:红页L1HF:31:加砂后:施工泵压:var,stat
E1631,工况 主缝延伸,工况事件,工况 主缝延伸 为工况事件实体。,,,,worktype:红页L1HF:31:加砂后:主缝延伸,worktype
E1632,工况时间 2024-01-20 10:29:50,时间点,工况时间 2024-01-20 10:29:50 为时间点实体。,,,,worktype_time:红页L1HF:31:加砂后:主缝延伸,time
E1633,砂比平均值: 无数据,施工参数,砂比平均值: 无数据 为施工参数特征。,,,,worktype_stats:红页L1HF:31:加砂后:主缝延伸:砂比:mean,stat
E1634,砂比方差: 无数据,施工参数,砂比方差: 无数据 为施工参数特征。,,,,worktype_stats:红页L1HF:31:加砂后:主缝延伸:砂比:var,stat
E1635,排量平均值: 24.05,施工参数,排量平均值: 24.05 为施工参数特征。,,,,worktype_stats:红页L1HF:31:加砂后:主缝延伸:排量:mean,stat
E1636,排量方差: 0.0,施工参数,排量方差: 0.0 为施工参数特征。,,,,worktype_stats:红页L1HF:31:加砂后:主缝延伸:排量:var,stat
E1637,施工泵压平均值: 63.95,施工参数,施工泵压平均值: 63.95 为施工参数特征。,,,,worktype_stats:红页L1HF:31:加砂后:主缝延伸:施工泵压:mean,stat
E1638,施工泵压方差: 0.0,施工参数,施工泵压方差: 0.0 为施工参数特征。,,,,worktype_stats:红页L1HF:31:加砂后:主缝延伸:施工泵压:var,stat
E1639,当前建议: 保持当前措施,处置建议,当前建议: 保持当前措施 为处置建议实体。,,,,suggestion:红页L1HF:31:加砂后:主缝延伸,suggestion
E1640,段号 32,压裂段,段号 32 为压裂段实体。,,,,segment:红页L1HF:32,segment
E1641,段号时间 2024-01-20 14:31:20,时间点,段号时间 2024-01-20 14:31:20 为时间点实体。,,,,segment_time:红页L1HF:32,time
E1642,砂比平均值: 9.6611,施工参数,砂比平均值: 9.6611 为施工参数特征。,,,,segment_stats:红页L1HF:32:砂比:mean,stat
E1643,砂比方差: 6.3078,施工参数,砂比方差: 6.3078 为施工参数特征。,,,,segment_stats:红页L1HF:32:砂比:var,stat
E1644,排量平均值: 15.6138,施工参数,排量平均值: 15.6138 为施工参数特征。,,,,segment_stats:红页L1HF:32:排量:mean,stat
E1645,排量方差: 114.739,施工参数,排量方差: 114.739 为施工参数特征。,,,,segment_stats:红页L1HF:32:排量:var,stat
E1646,施工泵压平均值: 57.9914,施工参数,施工泵压平均值: 57.9914 为施工参数特征。,,,,segment_stats:红页L1HF:32:施工泵压:mean,stat
E1647,施工泵压方差: 253.8856,施工参数,施工泵压方差: 253.8856 为施工参数特征。,,,,segment_stats:红页L1HF:32:施工泵压:var,stat
E1648,施工情况 加砂前,施工阶段,施工情况 加砂前 为施工阶段实体。,,,,condition:红页L1HF:32:加砂前,condition
E1649,施工时间 2024-01-20 14:31:20,时间点,施工时间 2024-01-20 14:31:20 为时间点实体。,,,,condition_time:红页L1HF:32:加砂前,time
E1650,砂比平均值: 无数据,施工参数,砂比平均值: 无数据 为施工参数特征。,,,,condition_stats:红页L1HF:32:加砂前:砂比:mean,stat
E1651,砂比方差: 无数据,施工参数,砂比方差: 无数据 为施工参数特征。,,,,condition_stats:红页L1HF:32:加砂前:砂比:var,stat
E1652,排量平均值: 9.5219,施工参数,排量平均值: 9.5219 为施工参数特征。,,,,condition_stats:红页L1HF:32:加砂前:排量:mean,stat
E1653,排量方差: 79.869,施工参数,排量方差: 79.869 为施工参数特征。,,,,condition_stats:红页L1HF:32:加砂前:排量:var,stat
E1654,施工泵压平均值: 50.4044,施工参数,施工泵压平均值: 50.4044 为施工参数特征。,,,,condition_stats:红页L1HF:32:加砂前:施工泵压:mean,stat
E1655,施工泵压方差: 192.8203,施工参数,施工泵压方差: 192.8203 为施工参数特征。,,,,condition_stats:红页L1HF:32:加砂前:施工泵压:var,stat
E1656,施工情况 加砂中,施工阶段,施工情况 加砂中 为施工阶段实体。,,,,condition:红页L1HF:32:加砂中,condition
E1657,施工时间 2024-01-20 15:03:50,时间点,施工时间 2024-01-20 15:03:50 为时间点实体。,,,,condition_time:红页L1HF:32:加砂中,time
E1658,砂比平均值: 9.6611,施工参数,砂比平均值: 9.6611 为施工参数特征。,,,,condition_stats:红页L1HF:32:加砂中:砂比:mean,stat
E1659,砂比方差: 6.3078,施工参数,砂比方差: 6.3078 为施工参数特征。,,,,condition_stats:红页L1HF:32:加砂中:砂比:var,stat
E1660,排量平均值: 23.6697,施工参数,排量平均值: 23.6697 为施工参数特征。,,,,condition_stats:红页L1HF:32:加砂中:排量:mean,stat
E1661,排量方差: 2.836,施工参数,排量方差: 2.836 为施工参数特征。,,,,condition_stats:红页L1HF:32:加砂中:排量:var,stat
E1662,施工泵压平均值: 68.7145,施工参数,施工泵压平均值: 68.7145 为施工参数特征。,,,,condition_stats:红页L1HF:32:加砂中:施工泵压:mean,stat
E1663,施工泵压方差: 53.4724,施工参数,施工泵压方差: 53.4724 为施工参数特征。,,,,condition_stats:红页L1HF:32:加砂中:施工泵压:var,stat
E1664,工况 缝内暂堵,工况事件,工况 缝内暂堵 为工况事件实体。,,,,worktype:红页L1HF:32:加砂中:缝内暂堵,worktype
E1665,工况时间 2024-01-20 15:19:30,时间点,工况时间 2024-01-20 15:19:30 为时间点实体。,,,,worktype_time:红页L1HF:32:加砂中:缝内暂堵,time
E1666,砂比平均值: 8.7143,施工参数,砂比平均值: 8.7143 为施工参数特征。,,,,worktype_stats:红页L1HF:32:加砂中:缝内暂堵:砂比:mean,stat
E1667,砂比方差: 6.5841,施工参数,砂比方差: 6.5841 为施工参数特征。,,,,worktype_stats:红页L1HF:32:加砂中:缝内暂堵:砂比:var,stat
E1668,排量平均值: 24.0532,施工参数,排量平均值: 24.0532 为施工参数特征。,,,,worktype_stats:红页L1HF:32:加砂中:缝内暂堵:排量:mean,stat
E1669,排量方差: 0.0,施工参数,排量方差: 0.0 为施工参数特征。,,,,worktype_stats:红页L1HF:32:加砂中:缝内暂堵:排量:var,stat
E1670,施工泵压平均值: 64.1702,施工参数,施工泵压平均值: 64.1702 为施工参数特征。,,,,worktype_stats:红页L1HF:32:加砂中:缝内暂堵:施工泵压:mean,stat
E1671,施工泵压方差: 10.6315,施工参数,施工泵压方差: 10.6315 为施工参数特征。,,,,worktype_stats:红页L1HF:32:加砂中:缝内暂堵:施工泵压:var,stat
E1672,当前建议: 无建议,处置建议,当前建议: 无建议 为处置建议实体。,,,,suggestion:红页L1HF:32:加砂中:缝内暂堵,suggestion
E1673,工况 缝口暂堵,工况事件,工况 缝口暂堵 为工况事件实体。,,,,worktype:红页L1HF:32:加砂中:缝口暂堵,worktype
E1674,工况时间 2024-01-20 15:33:50,时间点,工况时间 2024-01-20 15:33:50 为时间点实体。,,,,worktype_time:红页L1HF:32:加砂中:缝口暂堵,time
E1675,砂比平均值: 8.02,施工参数,砂比平均值: 8.02 为施工参数特征。,,,,worktype_stats:红页L1HF:32:加砂中:缝口暂堵:砂比:mean,stat
E1676,砂比方差: 13.2016,施工参数,砂比方差: 13.2016 为施工参数特征。,,,,worktype_stats:红页L1HF:32:加砂中:缝口暂堵:砂比:var,stat
E1677,排量平均值: 23.2895,施工参数,排量平均值: 23.2895 为施工参数特征。,,,,worktype_stats:红页L1HF:32:加砂中:缝口暂堵:排量:mean,stat
E1678,排量方差: 1.4675,施工参数,排量方差: 1.4675 为施工参数特征。,,,,worktype_stats:红页L1HF:32:加砂中:缝口暂堵:排量:var,stat
E1679,施工泵压平均值: 70.7924,施工参数,施工泵压平均值: 70.7924 为施工参数特征。,,,,worktype_stats:红页L1HF:32:加砂中:缝口暂堵:施工泵压:mean,stat
E1680,施工泵压方差: 73.5596,施工参数,施工泵压方差: 73.5596 为施工参数特征。,,,,worktype_stats:红页L1HF:32:加砂中:缝口暂堵:施工泵压:var,stat
E1681,当前建议: 无建议,处置建议,当前建议: 无建议 为处置建议实体。,,,,suggestion:红页L1HF:32:加砂中:缝口暂堵,suggestion
E1682,工况 主缝延伸,工况事件,工况 主缝延伸 为工况事件实体。,,,,worktype:红页L1HF:32:加砂中:主缝延伸,worktype
E1683,工况时间 2024-01-20 16:26:00,时间点,工况时间 2024-01-20 16:26:00 为时间点实体。,,,,worktype_time:红页L1HF:32:加砂中:主缝延伸,time
E1684,砂比平均值: 10.4462,施工参数,砂比平均值: 10.4462 为施工参数特征。,,,,worktype_stats:红页L1HF:32:加砂中:主缝延伸:砂比:mean,stat
E1685,砂比方差: 4.5462,施工参数,砂比方差: 4.5462 为施工参数特征。,,,,worktype_stats:红页L1HF:32:加砂中:主缝延伸:砂比:var,stat
E1686,排量平均值: 23.3935,施工参数,排量平均值: 23.3935 为施工参数特征。,,,,worktype_stats:红页L1HF:32:加砂中:主缝延伸:排量:mean,stat
E1687,排量方差: 0.7632,施工参数,排量方差: 0.7632 为施工参数特征。,,,,worktype_stats:红页L1HF:32:加砂中:主缝延伸:排量:var,stat
E1688,施工泵压平均值: 78.1814,施工参数,施工泵压平均值: 78.1814 为施工参数特征。,,,,worktype_stats:红页L1HF:32:加砂中:主缝延伸:施工泵压:mean,stat
E1689,施工泵压方差: 1.5495,施工参数,施工泵压方差: 1.5495 为施工参数特征。,,,,worktype_stats:红页L1HF:32:加砂中:主缝延伸:施工泵压:var,stat
E1690,当前建议: 保持当前措施,处置建议,当前建议: 保持当前措施 为处置建议实体。,,,,suggestion:红页L1HF:32:加砂中:主缝延伸,suggestion
E1691,施工情况 加砂后,施工阶段,施工情况 加砂后 为施工阶段实体。,,,,condition:红页L1HF:32:加砂后,condition
E1692,施工时间 2024-01-20 16:37:00,时间点,施工时间 2024-01-20 16:37:00 为时间点实体。,,,,condition_time:红页L1HF:32:加砂后,time
E1693,砂比平均值: 无数据,施工参数,砂比平均值: 无数据 为施工参数特征。,,,,condition_stats:红页L1HF:32:加砂后:砂比:mean,stat
E1694,砂比方差: 无数据,施工参数,砂比方差: 无数据 为施工参数特征。,,,,condition_stats:红页L1HF:32:加砂后:砂比:var,stat
E1695,排量平均值: 1.5035,施工参数,排量平均值: 1.5035 为施工参数特征。,,,,condition_stats:红页L1HF:32:加砂后:排量:mean,stat
E1696,排量方差: 30.5995,施工参数,排量方差: 30.5995 为施工参数特征。,,,,condition_stats:红页L1HF:32:加砂后:排量:var,stat
E1697,施工泵压平均值: 38.6983,施工参数,施工泵压平均值: 38.6983 为施工参数特征。,,,,condition_stats:红页L1HF:32:加砂后:施工泵压:mean,stat
E1698,施工泵压方差: 98.0119,施工参数,施工泵压方差: 98.0119 为施工参数特征。,,,,condition_stats:红页L1HF:32:加砂后:施工泵压:var,stat
E1699,工况 主缝延伸,工况事件,工况 主缝延伸 为工况事件实体。,,,,worktype:红页L1HF:32:加砂后:主缝延伸,worktype
E1700,工况时间 2024-01-20 16:37:00,时间点,工况时间 2024-01-20 16:37:00 为时间点实体。,,,,worktype_time:红页L1HF:32:加砂后:主缝延伸,time
E1701,砂比平均值: 无数据,施工参数,砂比平均值: 无数据 为施工参数特征。,,,,worktype_stats:红页L1HF:32:加砂后:主缝延伸:砂比:mean,stat
E1702,砂比方差: 无数据,施工参数,砂比方差: 无数据 为施工参数特征。,,,,worktype_stats:红页L1HF:32:加砂后:主缝延伸:砂比:var,stat
E1703,排量平均值: 24.06,施工参数,排量平均值: 24.06 为施工参数特征。,,,,worktype_stats:红页L1HF:32:加砂后:主缝延伸:排量:mean,stat
E1704,排量方差: 0.0,施工参数,排量方差: 0.0 为施工参数特征。,,,,worktype_stats:红页L1HF:32:加砂后:主缝延伸:排量:var,stat
E1705,施工泵压平均值: 76.18,施工参数,施工泵压平均值: 76.18 为施工参数特征。,,,,worktype_stats:红页L1HF:32:加砂后:主缝延伸:施工泵压:mean,stat
E1706,施工泵压方差: 0.1319,施工参数,施工泵压方差: 0.1319 为施工参数特征。,,,,worktype_stats:红页L1HF:32:加砂后:主缝延伸:施工泵压:var,stat
E1707,当前建议: 保持当前措施,处置建议,当前建议: 保持当前措施 为处置建议实体。,,,,suggestion:红页L1HF:32:加砂后:主缝延伸,suggestion
E1708,段号 33,压裂段,段号 33 为压裂段实体。,,,,segment:红页L1HF:33,segment
E1709,段号时间 2024-01-21 08:00:50,时间点,段号时间 2024-01-21 08:00:50 为时间点实体。,,,,segment_time:红页L1HF:33,time
E1710,砂比平均值: 10.0593,施工参数,砂比平均值: 10.0593 为施工参数特征。,,,,segment_stats:红页L1HF:33:砂比:mean,stat
E1711,砂比方差: 5.7185,施工参数,砂比方差: 5.7185 为施工参数特征。,,,,segment_stats:红页L1HF:33:砂比:var,stat
E1712,排量平均值: 16.0653,施工参数,排量平均值: 16.0653 为施工参数特征。,,,,segment_stats:红页L1HF:33:排量:mean,stat
E1713,排量方差: 116.445,施工参数,排量方差: 116.445 为施工参数特征。,,,,segment_stats:红页L1HF:33:排量:var,stat
E1714,施工泵压平均值: 52.1864,施工参数,施工泵压平均值: 52.1864 为施工参数特征。,,,,segment_stats:红页L1HF:33:施工泵压:mean,stat
E1715,施工泵压方差: 121.5715,施工参数,施工泵压方差: 121.5715 为施工参数特征。,,,,segment_stats:红页L1HF:33:施工泵压:var,stat
E1716,施工情况 加砂前,施工阶段,施工情况 加砂前 为施工阶段实体。,,,,condition:红页L1HF:33:加砂前,condition
E1717,施工时间 2024-01-21 08:00:50,时间点,施工时间 2024-01-21 08:00:50 为时间点实体。,,,,condition_time:红页L1HF:33:加砂前,time
E1718,砂比平均值: 无数据,施工参数,砂比平均值: 无数据 为施工参数特征。,,,,condition_stats:红页L1HF:33:加砂前:砂比:mean,stat
E1719,砂比方差: 无数据,施工参数,砂比方差: 无数据 为施工参数特征。,,,,condition_stats:红页L1HF:33:加砂前:砂比:var,stat
E1720,排量平均值: 9.508,施工参数,排量平均值: 9.508 为施工参数特征。,,,,condition_stats:红页L1HF:33:加砂前:排量:mean,stat
E1721,排量方差: 85.414,施工参数,排量方差: 85.414 为施工参数特征。,,,,condition_stats:红页L1HF:33:加砂前:排量:var,stat
E1722,施工泵压平均值: 48.6318,施工参数,施工泵压平均值: 48.6318 为施工参数特征。,,,,condition_stats:红页L1HF:33:加砂前:施工泵压:mean,stat
E1723,施工泵压方差: 217.3028,施工参数,施工泵压方差: 217.3028 为施工参数特征。,,,,condition_stats:红页L1HF:33:加砂前:施工泵压:var,stat
E1724,施工情况 加砂中,施工阶段,施工情况 加砂中 为施工阶段实体。,,,,condition:红页L1HF:33:加砂中,condition
E1725,施工时间 2024-01-21 08:31:50,时间点,施工时间 2024-01-21 08:31:50 为时间点实体。,,,,condition_time:红页L1HF:33:加砂中,time
E1726,砂比平均值: 10.0593,施工参数,砂比平均值: 10.0593 为施工参数特征。,,,,condition_stats:红页L1HF:33:加砂中:砂比:mean,stat
E1727,砂比方差: 5.7185,施工参数,砂比方差: 5.7185 为施工参数特征。,,,,condition_stats:红页L1HF:33:加砂中:砂比:var,stat
E1728,排量平均值: 23.946,施工参数,排量平均值: 23.946 为施工参数特征。,,,,condition_stats:红页L1HF:33:加砂中:排量:mean,stat
E1729,排量方差: 2.3744,施工参数,排量方差: 2.3744 为施工参数特征。,,,,condition_stats:红页L1HF:33:加砂中:排量:var,stat
E1730,施工泵压平均值: 58.4259,施工参数,施工泵压平均值: 58.4259 为施工参数特征。,,,,condition_stats:红页L1HF:33:加砂中:施工泵压:mean,stat
E1731,施工泵压方差: 3.4462,施工参数,施工泵压方差: 3.4462 为施工参数特征。,,,,condition_stats:红页L1HF:33:加砂中:施工泵压:var,stat
E1732,工况 缝内暂堵,工况事件,工况 缝内暂堵 为工况事件实体。,,,,worktype:红页L1HF:33:加砂中:缝内暂堵,worktype
E1733,工况时间 2024-01-21 08:45:50,时间点,工况时间 2024-01-21 08:45:50 为时间点实体。,,,,worktype_time:红页L1HF:33:加砂中:缝内暂堵,time
E1734,砂比平均值: 8.4632,施工参数,砂比平均值: 8.4632 为施工参数特征。,,,,worktype_stats:红页L1HF:33:加砂中:缝内暂堵:砂比:mean,stat
E1735,砂比方差: 13.0971,施工参数,砂比方差: 13.0971 为施工参数特征。,,,,worktype_stats:红页L1HF:33:加砂中:缝内暂堵:砂比:var,stat
E1736,排量平均值: 24.0479,施工参数,排量平均值: 24.0479 为施工参数特征。,,,,worktype_stats:红页L1HF:33:加砂中:缝内暂堵:排量:mean,stat
E1737,排量方差: 0.0,施工参数,排量方差: 0.0 为施工参数特征。,,,,worktype_stats:红页L1HF:33:加砂中:缝内暂堵:排量:var,stat
E1738,施工泵压平均值: 59.1708,施工参数,施工泵压平均值: 59.1708 为施工参数特征。,,,,worktype_stats:红页L1HF:33:加砂中:缝内暂堵:施工泵压:mean,stat
E1739,施工泵压方差: 2.0937,施工参数,施工泵压方差: 2.0937 为施工参数特征。,,,,worktype_stats:红页L1HF:33:加砂中:缝内暂堵:施工泵压:var,stat
E1740,当前建议: 无建议,处置建议,当前建议: 无建议 为处置建议实体。,,,,suggestion:红页L1HF:33:加砂中:缝内暂堵,suggestion
E1741,工况 缝口暂堵,工况事件,工况 缝口暂堵 为工况事件实体。,,,,worktype:红页L1HF:33:加砂中:缝口暂堵,worktype
E1742,工况时间 2024-01-21 09:03:50,时间点,工况时间 2024-01-21 09:03:50 为时间点实体。,,,,worktype_time:红页L1HF:33:加砂中:缝口暂堵,time
E1743,砂比平均值: 9.2312,施工参数,砂比平均值: 9.2312 为施工参数特征。,,,,worktype_stats:红页L1HF:33:加砂中:缝口暂堵:砂比:mean,stat
E1744,砂比方差: 11.0303,施工参数,砂比方差: 11.0303 为施工参数特征。,,,,worktype_stats:红页L1HF:33:加砂中:缝口暂堵:砂比:var,stat
E1745,排量平均值: 24.04,施工参数,排量平均值: 24.04 为施工参数特征。,,,,worktype_stats:红页L1HF:33:加砂中:缝口暂堵:排量:mean,stat
E1746,排量方差: 0.0,施工参数,排量方差: 0.0 为施工参数特征。,,,,worktype_stats:红页L1HF:33:加砂中:缝口暂堵:排量:var,stat
E1747,施工泵压平均值: 57.4441,施工参数,施工泵压平均值: 57.4441 为施工参数特征。,,,,worktype_stats:红页L1HF:33:加砂中:缝口暂堵:施工泵压:mean,stat
E1748,施工泵压方差: 0.0196,施工参数,施工泵压方差: 0.0196 为施工参数特征。,,,,worktype_stats:红页L1HF:33:加砂中:缝口暂堵:施工泵压:var,stat
E1749,当前建议: 无建议,处置建议,当前建议: 无建议 为处置建议实体。,,,,suggestion:红页L1HF:33:加砂中:缝口暂堵,suggestion
E1750,施工情况 加砂后,施工阶段,施工情况 加砂后 为施工阶段实体。,,,,condition:红页L1HF:33:加砂后,condition
E1751,施工时间 2024-01-21 10:02:40,时间点,施工时间 2024-01-21 10:02:40 为时间点实体。,,,,condition_time:红页L1HF:33:加砂后,time
E1752,砂比平均值: 无数据,施工参数,砂比平均值: 无数据 为施工参数特征。,,,,condition_stats:红页L1HF:33:加砂后:砂比:mean,stat
E1753,砂比方差: 无数据,施工参数,砂比方差: 无数据 为施工参数特征。,,,,condition_stats:红页L1HF:33:加砂后:砂比:var,stat
E1754,排量平均值: 1.3431,施工参数,排量平均值: 1.3431 为施工参数特征。,,,,condition_stats:红页L1HF:33:加砂后:排量:mean,stat
E1755,排量方差: 28.4005,施工参数,排量方差: 28.4005 为施工参数特征。,,,,condition_stats:红页L1HF:33:加砂后:排量:var,stat
E1756,施工泵压平均值: 38.8747,施工参数,施工泵压平均值: 38.8747 为施工参数特征。,,,,condition_stats:红页L1HF:33:加砂后:施工泵压:mean,stat
E1757,施工泵压方差: 49.3686,施工参数,施工泵压方差: 49.3686 为施工参数特征。,,,,condition_stats:红页L1HF:33:加砂后:施工泵压:var,stat
E1758,段号 34,压裂段,段号 34 为压裂段实体。,,,,segment:红页L1HF:34,segment
E1759,段号时间 2024-01-21 14:15:10,时间点,段号时间 2024-01-21 14:15:10 为时间点实体。,,,,segment_time:红页L1HF:34,time
E1760,砂比平均值: 10.0459,施工参数,砂比平均值: 10.0459 为施工参数特征。,,,,segment_stats:红页L1HF:34:砂比:mean,stat
E1761,砂比方差: 7.1363,施工参数,砂比方差: 7.1363 为施工参数特征。,,,,segment_stats:红页L1HF:34:砂比:var,stat
E1762,排量平均值: 14.5902,施工参数,排量平均值: 14.5902 为施工参数特征。,,,,segment_stats:红页L1HF:34:排量:mean,stat
E1763,排量方差: 123.0517,施工参数,排量方差: 123.0517 为施工参数特征。,,,,segment_stats:红页L1HF:34:排量:var,stat
E1764,施工泵压平均值: 49.6341,施工参数,施工泵压平均值: 49.6341 为施工参数特征。,,,,segment_stats:红页L1HF:34:施工泵压:mean,stat
E1765,施工泵压方差: 156.5052,施工参数,施工泵压方差: 156.5052 为施工参数特征。,,,,segment_stats:红页L1HF:34:施工泵压:var,stat
E1766,施工情况 加砂前,施工阶段,施工情况 加砂前 为施工阶段实体。,,,,condition:红页L1HF:34:加砂前,condition
E1767,施工时间 2024-01-21 14:15:10,时间点,施工时间 2024-01-21 14:15:10 为时间点实体。,,,,condition_time:红页L1HF:34:加砂前,time
E1768,砂比平均值: 无数据,施工参数,砂比平均值: 无数据 为施工参数特征。,,,,condition_stats:红页L1HF:34:加砂前:砂比:mean,stat
E1769,砂比方差: 无数据,施工参数,砂比方差: 无数据 为施工参数特征。,,,,condition_stats:红页L1HF:34:加砂前:砂比:var,stat
E1770,排量平均值: 8.1314,施工参数,排量平均值: 8.1314 为施工参数特征。,,,,condition_stats:红页L1HF:34:加砂前:排量:mean,stat
E1771,排量方差: 86.0413,施工参数,排量方差: 86.0413 为施工参数特征。,,,,condition_stats:红页L1HF:34:加砂前:排量:var,stat
E1772,施工泵压平均值: 45.57,施工参数,施工泵压平均值: 45.57 为施工参数特征。,,,,condition_stats:红页L1HF:34:加砂前:施工泵压:mean,stat
E1773,施工泵压方差: 255.2256,施工参数,施工泵压方差: 255.2256 为施工参数特征。,,,,condition_stats:红页L1HF:34:加砂前:施工泵压:var,stat
E1774,施工情况 加砂中,施工阶段,施工情况 加砂中 为施工阶段实体。,,,,condition:红页L1HF:34:加砂中,condition
E1775,施工时间 2024-01-21 14:53:20,时间点,施工时间 2024-01-21 14:53:20 为时间点实体。,,,,condition_time:红页L1HF:34:加砂中,time
E1776,砂比平均值: 10.0459,施工参数,砂比平均值: 10.0459 为施工参数特征。,,,,condition_stats:红页L1HF:34:加砂中:砂比:mean,stat
E1777,砂比方差: 7.1363,施工参数,砂比方差: 7.1363 为施工参数特征。,,,,condition_stats:红页L1HF:34:加砂中:砂比:var,stat
E1778,排量平均值: 22.6289,施工参数,排量平均值: 22.6289 为施工参数特征。,,,,condition_stats:红页L1HF:34:加砂中:排量:mean,stat
E1779,排量方差: 23.9665,施工参数,排量方差: 23.9665 为施工参数特征。,,,,condition_stats:红页L1HF:34:加砂中:排量:var,stat
E1780,施工泵压平均值: 56.7426,施工参数,施工泵压平均值: 56.7426 为施工参数特征。,,,,condition_stats:红页L1HF:34:加砂中:施工泵压:mean,stat
E1781,施工泵压方差: 26.9622,施工参数,施工泵压方差: 26.9622 为施工参数特征。,,,,condition_stats:红页L1HF:34:加砂中:施工泵压:var,stat
E1782,工况 缝内暂堵,工况事件,工况 缝内暂堵 为工况事件实体。,,,,worktype:红页L1HF:34:加砂中:缝内暂堵,worktype
E1783,工况时间 2024-01-21 15:08:40,时间点,工况时间 2024-01-21 15:08:40 为时间点实体。,,,,worktype_time:红页L1HF:34:加砂中:缝内暂堵,time
E1784,砂比平均值: 无数据,施工参数,砂比平均值: 无数据 为施工参数特征。,,,,worktype_stats:红页L1HF:34:加砂中:缝内暂堵:砂比:mean,stat
E1785,砂比方差: 无数据,施工参数,砂比方差: 无数据 为施工参数特征。,,,,worktype_stats:红页L1HF:34:加砂中:缝内暂堵:砂比:var,stat
E1786,排量平均值: 11.7518,施工参数,排量平均值: 11.7518 为施工参数特征。,,,,worktype_stats:红页L1HF:34:加砂中:缝内暂堵:排量:mean,stat
E1787,排量方差: 75.0805,施工参数,排量方差: 75.0805 为施工参数特征。,,,,worktype_stats:红页L1HF:34:加砂中:缝内暂堵:排量:var,stat
E1788,施工泵压平均值: 45.0954,施工参数,施工泵压平均值: 45.0954 为施工参数特征。,,,,worktype_stats:红页L1HF:34:加砂中:缝内暂堵:施工泵压:mean,stat
E1789,施工泵压方差: 64.9833,施工参数,施工泵压方差: 64.9833 为施工参数特征。,,,,worktype_stats:红页L1HF:34:加砂中:缝内暂堵:施工泵压:var,stat
E1790,当前建议: 无建议,处置建议,当前建议: 无建议 为处置建议实体。,,,,suggestion:红页L1HF:34:加砂中:缝内暂堵,suggestion
E1791,工况 缝口暂堵,工况事件,工况 缝口暂堵 为工况事件实体。,,,,worktype:红页L1HF:34:加砂中:缝口暂堵,worktype
E1792,工况时间 2024-01-21 15:35:50,时间点,工况时间 2024-01-21 15:35:50 为时间点实体。,,,,worktype_time:红页L1HF:34:加砂中:缝口暂堵,time
E1793,砂比平均值: 8.8077,施工参数,砂比平均值: 8.8077 为施工参数特征。,,,,worktype_stats:红页L1HF:34:加砂中:缝口暂堵:砂比:mean,stat
E1794,砂比方差: 9.0438,施工参数,砂比方差: 9.0438 为施工参数特征。,,,,worktype_stats:红页L1HF:34:加砂中:缝口暂堵:砂比:var,stat
E1795,排量平均值: 24.0064,施工参数,排量平均值: 24.0064 为施工参数特征。,,,,worktype_stats:红页L1HF:34:加砂中:缝口暂堵:排量:mean,stat
E1796,排量方差: 0.0,施工参数,排量方差: 0.0 为施工参数特征。,,,,worktype_stats:红页L1HF:34:加砂中:缝口暂堵:排量:var,stat
E1797,施工泵压平均值: 57.399,施工参数,施工泵压平均值: 57.399 为施工参数特征。,,,,worktype_stats:红页L1HF:34:加砂中:缝口暂堵:施工泵压:mean,stat
E1798,施工泵压方差: 0.6,施工参数,施工泵压方差: 0.6 为施工参数特征。,,,,worktype_stats:红页L1HF:34:加砂中:缝口暂堵:施工泵压:var,stat
E1799,当前建议: 无建议,处置建议,当前建议: 无建议 为处置建议实体。,,,,suggestion:红页L1HF:34:加砂中:缝口暂堵,suggestion
E1800,施工情况 加砂后,施工阶段,施工情况 加砂后 为施工阶段实体。,,,,condition:红页L1HF:34:加砂后,condition
E1801,施工时间 2024-01-21 16:32:10,时间点,施工时间 2024-01-21 16:32:10 为时间点实体。,,,,condition_time:红页L1HF:34:加砂后,time
E1802,砂比平均值: 无数据,施工参数,砂比平均值: 无数据 为施工参数特征。,,,,condition_stats:红页L1HF:34:加砂后:砂比:mean,stat
E1803,砂比方差: 无数据,施工参数,砂比方差: 无数据 为施工参数特征。,,,,condition_stats:红页L1HF:34:加砂后:砂比:var,stat
E1804,排量平均值: 1.5161,施工参数,排量平均值: 1.5161 为施工参数特征。,,,,condition_stats:红页L1HF:34:加砂后:排量:mean,stat
E1805,排量方差: 31.9933,施工参数,排量方差: 31.9933 为施工参数特征。,,,,condition_stats:红页L1HF:34:加砂后:排量:var,stat
E1806,施工泵压平均值: 36.3656,施工参数,施工泵压平均值: 36.3656 为施工参数特征。,,,,condition_stats:红页L1HF:34:加砂后:施工泵压:mean,stat
E1807,施工泵压方差: 55.3223,施工参数,施工泵压方差: 55.3223 为施工参数特征。,,,,condition_stats:红页L1HF:34:加砂后:施工泵压:var,stat
E1808,段号 4,压裂段,段号 4 为压裂段实体。,,,,segment:红页L1HF:4,segment
E1809,段号时间 2024-01-06 08:01:40,时间点,段号时间 2024-01-06 08:01:40 为时间点实体。,,,,segment_time:红页L1HF:4,time
E1810,砂比平均值: 9.6576,施工参数,砂比平均值: 9.6576 为施工参数特征。,,,,segment_stats:红页L1HF:4:砂比:mean,stat
E1811,砂比方差: 6.8597,施工参数,砂比方差: 6.8597 为施工参数特征。,,,,segment_stats:红页L1HF:4:砂比:var,stat
E1812,排量平均值: 15.96,施工参数,排量平均值: 15.96 为施工参数特征。,,,,segment_stats:红页L1HF:4:排量:mean,stat
E1813,排量方差: 105.9916,施工参数,排量方差: 105.9916 为施工参数特征。,,,,segment_stats:红页L1HF:4:排量:var,stat
E1814,施工泵压平均值: 61.5334,施工参数,施工泵压平均值: 61.5334 为施工参数特征。,,,,segment_stats:红页L1HF:4:施工泵压:mean,stat
E1815,施工泵压方差: 339.6085,施工参数,施工泵压方差: 339.6085 为施工参数特征。,,,,segment_stats:红页L1HF:4:施工泵压:var,stat
E1816,施工情况 加砂前,施工阶段,施工情况 加砂前 为施工阶段实体。,,,,condition:红页L1HF:4:加砂前,condition
E1817,施工时间 2024-01-06 08:01:40,时间点,施工时间 2024-01-06 08:01:40 为时间点实体。,,,,condition_time:红页L1HF:4:加砂前,time
E1818,砂比平均值: 无数据,施工参数,砂比平均值: 无数据 为施工参数特征。,,,,condition_stats:红页L1HF:4:加砂前:砂比:mean,stat
E1819,砂比方差: 无数据,施工参数,砂比方差: 无数据 为施工参数特征。,,,,condition_stats:红页L1HF:4:加砂前:砂比:var,stat
E1820,排量平均值: 5.955,施工参数,排量平均值: 5.955 为施工参数特征。,,,,condition_stats:红页L1HF:4:加砂前:排量:mean,stat
E1821,排量方差: 41.0413,施工参数,排量方差: 41.0413 为施工参数特征。,,,,condition_stats:红页L1HF:4:加砂前:排量:var,stat
E1822,施工泵压平均值: 48.7356,施工参数,施工泵压平均值: 48.7356 为施工参数特征。,,,,condition_stats:红页L1HF:4:加砂前:施工泵压:mean,stat
E1823,施工泵压方差: 305.0477,施工参数,施工泵压方差: 305.0477 为施工参数特征。,,,,condition_stats:红页L1HF:4:加砂前:施工泵压:var,stat
E1824,施工情况 加砂中,施工阶段,施工情况 加砂中 为施工阶段实体。,,,,condition:红页L1HF:4:加砂中,condition
E1825,施工时间 2024-01-06 08:36:10,时间点,施工时间 2024-01-06 08:36:10 为时间点实体。,,,,condition_time:红页L1HF:4:加砂中,time
E1826,砂比平均值: 9.6576,施工参数,砂比平均值: 9.6576 为施工参数特征。,,,,condition_stats:红页L1HF:4:加砂中:砂比:mean,stat
E1827,砂比方差: 6.8597,施工参数,砂比方差: 6.8597 为施工参数特征。,,,,condition_stats:红页L1HF:4:加砂中:砂比:var,stat
E1828,排量平均值: 22.9019,施工参数,排量平均值: 22.9019 为施工参数特征。,,,,condition_stats:红页L1HF:4:加砂中:排量:mean,stat
E1829,排量方差: 10.388,施工参数,排量方差: 10.388 为施工参数特征。,,,,condition_stats:红页L1HF:4:加砂中:排量:var,stat
E1830,施工泵压平均值: 72.4201,施工参数,施工泵压平均值: 72.4201 为施工参数特征。,,,,condition_stats:红页L1HF:4:加砂中:施工泵压:mean,stat
E1831,施工泵压方差: 58.9505,施工参数,施工泵压方差: 58.9505 为施工参数特征。,,,,condition_stats:红页L1HF:4:加砂中:施工泵压:var,stat
E1832,工况 主缝延伸,工况事件,工况 主缝延伸 为工况事件实体。,,,,worktype:红页L1HF:4:加砂中:主缝延伸,worktype
E1833,工况时间 2024-01-06 08:38:30,时间点,工况时间 2024-01-06 08:38:30 为时间点实体。,,,,worktype_time:红页L1HF:4:加砂中:主缝延伸,time
E1834,砂比平均值: 7.666,施工参数,砂比平均值: 7.666 为施工参数特征。,,,,worktype_stats:红页L1HF:4:加砂中:主缝延伸:砂比:mean,stat
E1835,砂比方差: 3.7744,施工参数,砂比方差: 3.7744 为施工参数特征。,,,,worktype_stats:红页L1HF:4:加砂中:主缝延伸:砂比:var,stat
E1836,排量平均值: 24.0164,施工参数,排量平均值: 24.0164 为施工参数特征。,,,,worktype_stats:红页L1HF:4:加砂中:主缝延伸:排量:mean,stat
E1837,排量方差: 0.0001,施工参数,排量方差: 0.0001 为施工参数特征。,,,,worktype_stats:红页L1HF:4:加砂中:主缝延伸:排量:var,stat
E1838,施工泵压平均值: 73.9211,施工参数,施工泵压平均值: 73.9211 为施工参数特征。,,,,worktype_stats:红页L1HF:4:加砂中:主缝延伸:施工泵压:mean,stat
E1839,施工泵压方差: 0.7635,施工参数,施工泵压方差: 0.7635 为施工参数特征。,,,,worktype_stats:红页L1HF:4:加砂中:主缝延伸:施工泵压:var,stat
E1840,当前建议: 保持当前措施,处置建议,当前建议: 保持当前措施 为处置建议实体。,,,,suggestion:红页L1HF:4:加砂中:主缝延伸,suggestion
E1841,工况 缝内暂堵,工况事件,工况 缝内暂堵 为工况事件实体。,,,,worktype:红页L1HF:4:加砂中:缝内暂堵,worktype
E1842,工况时间 2024-01-06 09:01:00,时间点,工况时间 2024-01-06 09:01:00 为时间点实体。,,,,worktype_time:红页L1HF:4:加砂中:缝内暂堵,time
E1843,砂比平均值: 8.327,施工参数,砂比平均值: 8.327 为施工参数特征。,,,,worktype_stats:红页L1HF:4:加砂中:缝内暂堵:砂比:mean,stat
E1844,砂比方差: 10.1955,施工参数,砂比方差: 10.1955 为施工参数特征。,,,,worktype_stats:红页L1HF:4:加砂中:缝内暂堵:砂比:var,stat
E1845,排量平均值: 24.0233,施工参数,排量平均值: 24.0233 为施工参数特征。,,,,worktype_stats:红页L1HF:4:加砂中:缝内暂堵:排量:mean,stat
E1846,排量方差: 0.002,施工参数,排量方差: 0.002 为施工参数特征。,,,,worktype_stats:红页L1HF:4:加砂中:缝内暂堵:排量:var,stat
E1847,施工泵压平均值: 74.1918,施工参数,施工泵压平均值: 74.1918 为施工参数特征。,,,,worktype_stats:红页L1HF:4:加砂中:缝内暂堵:施工泵压:mean,stat
E1848,施工泵压方差: 5.4838,施工参数,施工泵压方差: 5.4838 为施工参数特征。,,,,worktype_stats:红页L1HF:4:加砂中:缝内暂堵:施工泵压:var,stat
E1849,当前建议: 无建议,处置建议,当前建议: 无建议 为处置建议实体。,,,,suggestion:红页L1HF:4:加砂中:缝内暂堵,suggestion
E1850,工况 缝口暂堵,工况事件,工况 缝口暂堵 为工况事件实体。,,,,worktype:红页L1HF:4:加砂中:缝口暂堵,worktype
E1851,工况时间 2024-01-06 09:17:40,时间点,工况时间 2024-01-06 09:17:40 为时间点实体。,,,,worktype_time:红页L1HF:4:加砂中:缝口暂堵,time
E1852,砂比平均值: 8.6333,施工参数,砂比平均值: 8.6333 为施工参数特征。,,,,worktype_stats:红页L1HF:4:加砂中:缝口暂堵:砂比:mean,stat
E1853,砂比方差: 3.4622,施工参数,砂比方差: 3.4622 为施工参数特征。,,,,worktype_stats:红页L1HF:4:加砂中:缝口暂堵:砂比:var,stat
E1854,排量平均值: 18.7298,施工参数,排量平均值: 18.7298 为施工参数特征。,,,,worktype_stats:红页L1HF:4:加砂中:缝口暂堵:排量:mean,stat
E1855,排量方差: 21.9985,施工参数,排量方差: 21.9985 为施工参数特征。,,,,worktype_stats:红页L1HF:4:加砂中:缝口暂堵:排量:var,stat
E1856,施工泵压平均值: 62.3004,施工参数,施工泵压平均值: 62.3004 为施工参数特征。,,,,worktype_stats:红页L1HF:4:加砂中:缝口暂堵:施工泵压:mean,stat
E1857,施工泵压方差: 132.036,施工参数,施工泵压方差: 132.036 为施工参数特征。,,,,worktype_stats:红页L1HF:4:加砂中:缝口暂堵:施工泵压:var,stat
E1858,当前建议: 无建议,处置建议,当前建议: 无建议 为处置建议实体。,,,,suggestion:红页L1HF:4:加砂中:缝口暂堵,suggestion
E1859,施工情况 加砂后,施工阶段,施工情况 加砂后 为施工阶段实体。,,,,condition:红页L1HF:4:加砂后,condition
E1860,施工时间 2024-01-06 10:37:30,时间点,施工时间 2024-01-06 10:37:30 为时间点实体。,,,,condition_time:红页L1HF:4:加砂后,time
E1861,砂比平均值: 无数据,施工参数,砂比平均值: 无数据 为施工参数特征。,,,,condition_stats:红页L1HF:4:加砂后:砂比:mean,stat
E1862,砂比方差: 无数据,施工参数,砂比方差: 无数据 为施工参数特征。,,,,condition_stats:红页L1HF:4:加砂后:砂比:var,stat
E1863,排量平均值: 2.8744,施工参数,排量平均值: 2.8744 为施工参数特征。,,,,condition_stats:红页L1HF:4:加砂后:排量:mean,stat
E1864,排量方差: 56.9967,施工参数,排量方差: 56.9967 为施工参数特征。,,,,condition_stats:红页L1HF:4:加砂后:排量:var,stat
E1865,施工泵压平均值: 38.1476,施工参数,施工泵压平均值: 38.1476 为施工参数特征。,,,,condition_stats:红页L1HF:4:加砂后:施工泵压:mean,stat
E1866,施工泵压方差: 201.7823,施工参数,施工泵压方差: 201.7823 为施工参数特征。,,,,condition_stats:红页L1HF:4:加砂后:施工泵压:var,stat
E1867,段号 5,压裂段,段号 5 为压裂段实体。,,,,segment:红页L1HF:5,segment
E1868,段号时间 2024-01-06 15:57:50,时间点,段号时间 2024-01-06 15:57:50 为时间点实体。,,,,segment_time:红页L1HF:5,time
E1869,砂比平均值: 9.7162,施工参数,砂比平均值: 9.7162 为施工参数特征。,,,,segment_stats:红页L1HF:5:砂比:mean,stat
E1870,砂比方差: 7.2378,施工参数,砂比方差: 7.2378 为施工参数特征。,,,,segment_stats:红页L1HF:5:砂比:var,stat
E1871,排量平均值: 16.2208,施工参数,排量平均值: 16.2208 为施工参数特征。,,,,segment_stats:红页L1HF:5:排量:mean,stat
E1872,排量方差: 103.2391,施工参数,排量方差: 103.2391 为施工参数特征。,,,,segment_stats:红页L1HF:5:排量:var,stat
E1873,施工泵压平均值: 63.6612,施工参数,施工泵压平均值: 63.6612 为施工参数特征。,,,,segment_stats:红页L1HF:5:施工泵压:mean,stat
E1874,施工泵压方差: 360.4246,施工参数,施工泵压方差: 360.4246 为施工参数特征。,,,,segment_stats:红页L1HF:5:施工泵压:var,stat
E1875,施工情况 加砂前,施工阶段,施工情况 加砂前 为施工阶段实体。,,,,condition:红页L1HF:5:加砂前,condition
E1876,施工时间 2024-01-06 15:57:50,时间点,施工时间 2024-01-06 15:57:50 为时间点实体。,,,,condition_time:红页L1HF:5:加砂前,time
E1877,砂比平均值: 无数据,施工参数,砂比平均值: 无数据 为施工参数特征。,,,,condition_stats:红页L1HF:5:加砂前:砂比:mean,stat
E1878,砂比方差: 无数据,施工参数,砂比方差: 无数据 为施工参数特征。,,,,condition_stats:红页L1HF:5:加砂前:砂比:var,stat
E1879,排量平均值: 7.5199,施工参数,排量平均值: 7.5199 为施工参数特征。,,,,condition_stats:红页L1HF:5:加砂前:排量:mean,stat
E1880,排量方差: 51.1602,施工参数,排量方差: 51.1602 为施工参数特征。,,,,condition_stats:红页L1HF:5:加砂前:排量:var,stat
E1881,施工泵压平均值: 52.2201,施工参数,施工泵压平均值: 52.2201 为施工参数特征。,,,,condition_stats:红页L1HF:5:加砂前:施工泵压:mean,stat
E1882,施工泵压方差: 474.5012,施工参数,施工泵压方差: 474.5012 为施工参数特征。,,,,condition_stats:红页L1HF:5:加砂前:施工泵压:var,stat
E1883,施工情况 加砂中,施工阶段,施工情况 加砂中 为施工阶段实体。,,,,condition:红页L1HF:5:加砂中,condition
E1884,施工时间 2024-01-06 16:32:00,时间点,施工时间 2024-01-06 16:32:00 为时间点实体。,,,,condition_time:红页L1HF:5:加砂中,time
E1885,砂比平均值: 9.7162,施工参数,砂比平均值: 9.7162 为施工参数特征。,,,,condition_stats:红页L1HF:5:加砂中:砂比:mean,stat
E1886,砂比方差: 7.2378,施工参数,砂比方差: 7.2378 为施工参数特征。,,,,condition_stats:红页L1HF:5:加砂中:砂比:var,stat
E1887,排量平均值: 22.9621,施工参数,排量平均值: 22.9621 为施工参数特征。,,,,condition_stats:红页L1HF:5:加砂中:排量:mean,stat
E1888,排量方差: 9.9416,施工参数,排量方差: 9.9416 为施工参数特征。,,,,condition_stats:红页L1HF:5:加砂中:排量:var,stat
E1889,施工泵压平均值: 74.3398,施工参数,施工泵压平均值: 74.3398 为施工参数特征。,,,,condition_stats:红页L1HF:5:加砂中:施工泵压:mean,stat
E1890,施工泵压方差: 62.372,施工参数,施工泵压方差: 62.372 为施工参数特征。,,,,condition_stats:红页L1HF:5:加砂中:施工泵压:var,stat
E1891,工况 缝内暂堵,工况事件,工况 缝内暂堵 为工况事件实体。,,,,worktype:红页L1HF:5:加砂中:缝内暂堵,worktype
E1892,工况时间 2024-01-06 16:57:30,时间点,工况时间 2024-01-06 16:57:30 为时间点实体。,,,,worktype_time:红页L1HF:5:加砂中:缝内暂堵,time
E1893,砂比平均值: 8.6717,施工参数,砂比平均值: 8.6717 为施工参数特征。,,,,worktype_stats:红页L1HF:5:加砂中:缝内暂堵:砂比:mean,stat
E1894,砂比方差: 8.1707,施工参数,砂比方差: 8.1707 为施工参数特征。,,,,worktype_stats:红页L1HF:5:加砂中:缝内暂堵:砂比:var,stat
E1895,排量平均值: 24.0017,施工参数,排量平均值: 24.0017 为施工参数特征。,,,,worktype_stats:红页L1HF:5:加砂中:缝内暂堵:排量:mean,stat
E1896,排量方差: 0.0001,施工参数,排量方差: 0.0001 为施工参数特征。,,,,worktype_stats:红页L1HF:5:加砂中:缝内暂堵:排量:var,stat
E1897,施工泵压平均值: 74.2526,施工参数,施工泵压平均值: 74.2526 为施工参数特征。,,,,worktype_stats:红页L1HF:5:加砂中:缝内暂堵:施工泵压:mean,stat
E1898,施工泵压方差: 10.2918,施工参数,施工泵压方差: 10.2918 为施工参数特征。,,,,worktype_stats:红页L1HF:5:加砂中:缝内暂堵:施工泵压:var,stat
E1899,当前建议: 无建议,处置建议,当前建议: 无建议 为处置建议实体。,,,,suggestion:红页L1HF:5:加砂中:缝内暂堵,suggestion
E1900,工况 缝口暂堵,工况事件,工况 缝口暂堵 为工况事件实体。,,,,worktype:红页L1HF:5:加砂中:缝口暂堵,worktype
E1901,工况时间 2024-01-06 17:14:40,时间点,工况时间 2024-01-06 17:14:40 为时间点实体。,,,,worktype_time:红页L1HF:5:加砂中:缝口暂堵,time
E1902,砂比平均值: 8.6127,施工参数,砂比平均值: 8.6127 为施工参数特征。,,,,worktype_stats:红页L1HF:5:加砂中:缝口暂堵:砂比:mean,stat
E1903,砂比方差: 5.5183,施工参数,砂比方差: 5.5183 为施工参数特征。,,,,worktype_stats:红页L1HF:5:加砂中:缝口暂堵:砂比:var,stat
E1904,排量平均值: 18.5345,施工参数,排量平均值: 18.5345 为施工参数特征。,,,,worktype_stats:红页L1HF:5:加砂中:缝口暂堵:排量:mean,stat
E1905,排量方差: 25.5571,施工参数,排量方差: 25.5571 为施工参数特征。,,,,worktype_stats:红页L1HF:5:加砂中:缝口暂堵:排量:var,stat
E1906,施工泵压平均值: 63.2621,施工参数,施工泵压平均值: 63.2621 为施工参数特征。,,,,worktype_stats:红页L1HF:5:加砂中:缝口暂堵:施工泵压:mean,stat
E1907,施工泵压方差: 146.9356,施工参数,施工泵压方差: 146.9356 为施工参数特征。,,,,worktype_stats:红页L1HF:5:加砂中:缝口暂堵:施工泵压:var,stat
E1908,当前建议: 无建议,处置建议,当前建议: 无建议 为处置建议实体。,,,,suggestion:红页L1HF:5:加砂中:缝口暂堵,suggestion
E1909,施工情况 加砂后,施工阶段,施工情况 加砂后 为施工阶段实体。,,,,condition:红页L1HF:5:加砂后,condition
E1910,施工时间 2024-01-06 18:36:40,时间点,施工时间 2024-01-06 18:36:40 为时间点实体。,,,,condition_time:红页L1HF:5:加砂后,time
E1911,砂比平均值: 无数据,施工参数,砂比平均值: 无数据 为施工参数特征。,,,,condition_stats:红页L1HF:5:加砂后:砂比:mean,stat
E1912,砂比方差: 无数据,施工参数,砂比方差: 无数据 为施工参数特征。,,,,condition_stats:红页L1HF:5:加砂后:砂比:var,stat
E1913,排量平均值: 2.7618,施工参数,排量平均值: 2.7618 为施工参数特征。,,,,condition_stats:红页L1HF:5:加砂后:排量:mean,stat
E1914,排量方差: 55.576,施工参数,排量方差: 55.576 为施工参数特征。,,,,condition_stats:红页L1HF:5:加砂后:排量:var,stat
E1915,施工泵压平均值: 40.0119,施工参数,施工泵压平均值: 40.0119 为施工参数特征。,,,,condition_stats:红页L1HF:5:加砂后:施工泵压:mean,stat
E1916,施工泵压方差: 161.0949,施工参数,施工泵压方差: 161.0949 为施工参数特征。,,,,condition_stats:红页L1HF:5:加砂后:施工泵压:var,stat
E1917,段号 6,压裂段,段号 6 为压裂段实体。,,,,segment:红页L1HF:6,segment
E1918,段号时间 2024-01-07 07:53:30,时间点,段号时间 2024-01-07 07:53:30 为时间点实体。,,,,segment_time:红页L1HF:6,time
E1919,砂比平均值: 10.2898,施工参数,砂比平均值: 10.2898 为施工参数特征。,,,,segment_stats:红页L1HF:6:砂比:mean,stat
E1920,砂比方差: 8.011,施工参数,砂比方差: 8.011 为施工参数特征。,,,,segment_stats:红页L1HF:6:砂比:var,stat
E1921,排量平均值: 15.0888,施工参数,排量平均值: 15.0888 为施工参数特征。,,,,segment_stats:红页L1HF:6:排量:mean,stat
E1922,排量方差: 95.7004,施工参数,排量方差: 95.7004 为施工参数特征。,,,,segment_stats:红页L1HF:6:排量:var,stat
E1923,施工泵压平均值: 59.3533,施工参数,施工泵压平均值: 59.3533 为施工参数特征。,,,,segment_stats:红页L1HF:6:施工泵压:mean,stat
E1924,施工泵压方差: 333.1348,施工参数,施工泵压方差: 333.1348 为施工参数特征。,,,,segment_stats:红页L1HF:6:施工泵压:var,stat
E1925,施工情况 加砂前,施工阶段,施工情况 加砂前 为施工阶段实体。,,,,condition:红页L1HF:6:加砂前,condition
E1926,施工时间 2024-01-07 07:53:30,时间点,施工时间 2024-01-07 07:53:30 为时间点实体。,,,,condition_time:红页L1HF:6:加砂前,time
E1927,砂比平均值: 无数据,施工参数,砂比平均值: 无数据 为施工参数特征。,,,,condition_stats:红页L1HF:6:加砂前:砂比:mean,stat
E1928,砂比方差: 无数据,施工参数,砂比方差: 无数据 为施工参数特征。,,,,condition_stats:红页L1HF:6:加砂前:砂比:var,stat
E1929,排量平均值: 6.7911,施工参数,排量平均值: 6.7911 为施工参数特征。,,,,condition_stats:红页L1HF:6:加砂前:排量:mean,stat
E1930,排量方差: 42.6271,施工参数,排量方差: 42.6271 为施工参数特征。,,,,condition_stats:红页L1HF:6:加砂前:排量:var,stat
E1931,施工泵压平均值: 49.1049,施工参数,施工泵压平均值: 49.1049 为施工参数特征。,,,,condition_stats:红页L1HF:6:加砂前:施工泵压:mean,stat
E1932,施工泵压方差: 520.8572,施工参数,施工泵压方差: 520.8572 为施工参数特征。,,,,condition_stats:红页L1HF:6:加砂前:施工泵压:var,stat
E1933,施工情况 加砂中,施工阶段,施工情况 加砂中 为施工阶段实体。,,,,condition:红页L1HF:6:加砂中,condition
E1934,施工时间 2024-01-07 08:30:20,时间点,施工时间 2024-01-07 08:30:20 为时间点实体。,,,,condition_time:红页L1HF:6:加砂中,time
E1935,砂比平均值: 10.2898,施工参数,砂比平均值: 10.2898 为施工参数特征。,,,,condition_stats:红页L1HF:6:加砂中:砂比:mean,stat
E1936,砂比方差: 8.011,施工参数,砂比方差: 8.011 为施工参数特征。,,,,condition_stats:红页L1HF:6:加砂中:砂比:var,stat
E1937,排量平均值: 20.3101,施工参数,排量平均值: 20.3101 为施工参数特征。,,,,condition_stats:红页L1HF:6:加砂中:排量:mean,stat
E1938,排量方差: 36.5346,施工参数,排量方差: 36.5346 为施工参数特征。,,,,condition_stats:红页L1HF:6:加砂中:排量:var,stat
E1939,施工泵压平均值: 66.5977,施工参数,施工泵压平均值: 66.5977 为施工参数特征。,,,,condition_stats:红页L1HF:6:加砂中:施工泵压:mean,stat
E1940,施工泵压方差: 162.5057,施工参数,施工泵压方差: 162.5057 为施工参数特征。,,,,condition_stats:红页L1HF:6:加砂中:施工泵压:var,stat
E1941,工况 缝内暂堵,工况事件,工况 缝内暂堵 为工况事件实体。,,,,worktype:红页L1HF:6:加砂中:缝内暂堵,worktype
E1942,工况时间 2024-01-07 08:52:30,时间点,工况时间 2024-01-07 08:52:30 为时间点实体。,,,,worktype_time:红页L1HF:6:加砂中:缝内暂堵,time
E1943,砂比平均值: 8.57,施工参数,砂比平均值: 8.57 为施工参数特征。,,,,worktype_stats:红页L1HF:6:加砂中:缝内暂堵:砂比:mean,stat
E1944,砂比方差: 6.915,施工参数,砂比方差: 6.915 为施工参数特征。,,,,worktype_stats:红页L1HF:6:加砂中:缝内暂堵:砂比:var,stat
E1945,排量平均值: 15.6159,施工参数,排量平均值: 15.6159 为施工参数特征。,,,,worktype_stats:红页L1HF:6:加砂中:缝内暂堵:排量:mean,stat
E1946,排量方差: 51.2546,施工参数,排量方差: 51.2546 为施工参数特征。,,,,worktype_stats:红页L1HF:6:加砂中:缝内暂堵:排量:var,stat
E1947,施工泵压平均值: 56.5715,施工参数,施工泵压平均值: 56.5715 为施工参数特征。,,,,worktype_stats:红页L1HF:6:加砂中:缝内暂堵:施工泵压:mean,stat
E1948,施工泵压方差: 190.2215,施工参数,施工泵压方差: 190.2215 为施工参数特征。,,,,worktype_stats:红页L1HF:6:加砂中:缝内暂堵:施工泵压:var,stat
E1949,当前建议: 无建议,处置建议,当前建议: 无建议 为处置建议实体。,,,,suggestion:红页L1HF:6:加砂中:缝内暂堵,suggestion
E1950,工况 缝口暂堵,工况事件,工况 缝口暂堵 为工况事件实体。,,,,worktype:红页L1HF:6:加砂中:缝口暂堵,worktype
E1951,工况时间 2024-01-07 09:14:30,时间点,工况时间 2024-01-07 09:14:30 为时间点实体。,,,,worktype_time:红页L1HF:6:加砂中:缝口暂堵,time
E1952,砂比平均值: 8.2182,施工参数,砂比平均值: 8.2182 为施工参数特征。,,,,worktype_stats:红页L1HF:6:加砂中:缝口暂堵:砂比:mean,stat
E1953,砂比方差: 8.4459,施工参数,砂比方差: 8.4459 为施工参数特征。,,,,worktype_stats:红页L1HF:6:加砂中:缝口暂堵:砂比:var,stat
E1954,排量平均值: 17.8221,施工参数,排量平均值: 17.8221 为施工参数特征。,,,,worktype_stats:红页L1HF:6:加砂中:缝口暂堵:排量:mean,stat
E1955,排量方差: 29.9798,施工参数,排量方差: 29.9798 为施工参数特征。,,,,worktype_stats:红页L1HF:6:加砂中:缝口暂堵:排量:var,stat
E1956,施工泵压平均值: 59.5906,施工参数,施工泵压平均值: 59.5906 为施工参数特征。,,,,worktype_stats:红页L1HF:6:加砂中:缝口暂堵:施工泵压:mean,stat
E1957,施工泵压方差: 140.065,施工参数,施工泵压方差: 140.065 为施工参数特征。,,,,worktype_stats:红页L1HF:6:加砂中:缝口暂堵:施工泵压:var,stat
E1958,当前建议: 无建议,处置建议,当前建议: 无建议 为处置建议实体。,,,,suggestion:红页L1HF:6:加砂中:缝口暂堵,suggestion
E1959,施工情况 加砂后,施工阶段,施工情况 加砂后 为施工阶段实体。,,,,condition:红页L1HF:6:加砂后,condition
E1960,施工时间 2024-01-07 10:53:10,时间点,施工时间 2024-01-07 10:53:10 为时间点实体。,,,,condition_time:红页L1HF:6:加砂后,time
E1961,砂比平均值: 无数据,施工参数,砂比平均值: 无数据 为施工参数特征。,,,,condition_stats:红页L1HF:6:加砂后:砂比:mean,stat
E1962,砂比方差: 无数据,施工参数,砂比方差: 无数据 为施工参数特征。,,,,condition_stats:红页L1HF:6:加砂后:砂比:var,stat
E1963,排量平均值: 3.4255,施工参数,排量平均值: 3.4255 为施工参数特征。,,,,condition_stats:红页L1HF:6:加砂后:排量:mean,stat
E1964,排量方差: 67.717,施工参数,排量方差: 67.717 为施工参数特征。,,,,condition_stats:红页L1HF:6:加砂后:排量:var,stat
E1965,施工泵压平均值: 41.8394,施工参数,施工泵压平均值: 41.8394 为施工参数特征。,,,,condition_stats:红页L1HF:6:加砂后:施工泵压:mean,stat
E1966,施工泵压方差: 179.7057,施工参数,施工泵压方差: 179.7057 为施工参数特征。,,,,condition_stats:红页L1HF:6:加砂后:施工泵压:var,stat
E1967,段号 7,压裂段,段号 7 为压裂段实体。,,,,segment:红页L1HF:7,segment
E1968,段号时间 2024-01-07 15:37:20,时间点,段号时间 2024-01-07 15:37:20 为时间点实体。,,,,segment_time:红页L1HF:7,time
E1969,砂比平均值: 9.8497,施工参数,砂比平均值: 9.8497 为施工参数特征。,,,,segment_stats:红页L1HF:7:砂比:mean,stat
E1970,砂比方差: 9.4516,施工参数,砂比方差: 9.4516 为施工参数特征。,,,,segment_stats:红页L1HF:7:砂比:var,stat
E1971,排量平均值: 16.1066,施工参数,排量平均值: 16.1066 为施工参数特征。,,,,segment_stats:红页L1HF:7:排量:mean,stat
E1972,排量方差: 103.9132,施工参数,排量方差: 103.9132 为施工参数特征。,,,,segment_stats:红页L1HF:7:排量:var,stat
E1973,施工泵压平均值: 62.775,施工参数,施工泵压平均值: 62.775 为施工参数特征。,,,,segment_stats:红页L1HF:7:施工泵压:mean,stat
E1974,施工泵压方差: 339.9973,施工参数,施工泵压方差: 339.9973 为施工参数特征。,,,,segment_stats:红页L1HF:7:施工泵压:var,stat
E1975,施工情况 加砂前,施工阶段,施工情况 加砂前 为施工阶段实体。,,,,condition:红页L1HF:7:加砂前,condition
E1976,施工时间 2024-01-07 15:37:20,时间点,施工时间 2024-01-07 15:37:20 为时间点实体。,,,,condition_time:红页L1HF:7:加砂前,time
E1977,砂比平均值: 无数据,施工参数,砂比平均值: 无数据 为施工参数特征。,,,,condition_stats:红页L1HF:7:加砂前:砂比:mean,stat
E1978,砂比方差: 无数据,施工参数,砂比方差: 无数据 为施工参数特征。,,,,condition_stats:红页L1HF:7:加砂前:砂比:var,stat
E1979,排量平均值: 6.8424,施工参数,排量平均值: 6.8424 为施工参数特征。,,,,condition_stats:红页L1HF:7:加砂前:排量:mean,stat
E1980,排量方差: 47.1489,施工参数,排量方差: 47.1489 为施工参数特征。,,,,condition_stats:红页L1HF:7:加砂前:排量:var,stat
E1981,施工泵压平均值: 49.922,施工参数,施工泵压平均值: 49.922 为施工参数特征。,,,,condition_stats:红页L1HF:7:加砂前:施工泵压:mean,stat
E1982,施工泵压方差: 436.6869,施工参数,施工泵压方差: 436.6869 为施工参数特征。,,,,condition_stats:红页L1HF:7:加砂前:施工泵压:var,stat
E1983,施工情况 加砂中,施工阶段,施工情况 加砂中 为施工阶段实体。,,,,condition:红页L1HF:7:加砂中,condition
E1984,施工时间 2024-01-07 16:14:50,时间点,施工时间 2024-01-07 16:14:50 为时间点实体。,,,,condition_time:红页L1HF:7:加砂中,time
E1985,砂比平均值: 9.8497,施工参数,砂比平均值: 9.8497 为施工参数特征。,,,,condition_stats:红页L1HF:7:加砂中:砂比:mean,stat
E1986,砂比方差: 9.4516,施工参数,砂比方差: 9.4516 为施工参数特征。,,,,condition_stats:红页L1HF:7:加砂中:砂比:var,stat
E1987,排量平均值: 22.7684,施工参数,排量平均值: 22.7684 为施工参数特征。,,,,condition_stats:红页L1HF:7:加砂中:排量:mean,stat
E1988,排量方差: 13.9594,施工参数,排量方差: 13.9594 为施工参数特征。,,,,condition_stats:红页L1HF:7:加砂中:排量:var,stat
E1989,施工泵压平均值: 72.8734,施工参数,施工泵压平均值: 72.8734 为施工参数特征。,,,,condition_stats:红页L1HF:7:加砂中:施工泵压:mean,stat
E1990,施工泵压方差: 75.7245,施工参数,施工泵压方差: 75.7245 为施工参数特征。,,,,condition_stats:红页L1HF:7:加砂中:施工泵压:var,stat
E1991,工况 缝内暂堵,工况事件,工况 缝内暂堵 为工况事件实体。,,,,worktype:红页L1HF:7:加砂中:缝内暂堵,worktype
E1992,工况时间 2024-01-07 16:41:00,时间点,工况时间 2024-01-07 16:41:00 为时间点实体。,,,,worktype_time:红页L1HF:7:加砂中:缝内暂堵,time
E1993,砂比平均值: 7.375,施工参数,砂比平均值: 7.375 为施工参数特征。,,,,worktype_stats:红页L1HF:7:加砂中:缝内暂堵:砂比:mean,stat
E1994,砂比方差: 6.74,施工参数,砂比方差: 6.74 为施工参数特征。,,,,worktype_stats:红页L1HF:7:加砂中:缝内暂堵:砂比:var,stat
E1995,排量平均值: 24.0296,施工参数,排量平均值: 24.0296 为施工参数特征。,,,,worktype_stats:红页L1HF:7:加砂中:缝内暂堵:排量:mean,stat
E1996,排量方差: 0.0,施工参数,排量方差: 0.0 为施工参数特征。,,,,worktype_stats:红页L1HF:7:加砂中:缝内暂堵:排量:var,stat
E1997,施工泵压平均值: 73.8307,施工参数,施工泵压平均值: 73.8307 为施工参数特征。,,,,worktype_stats:红页L1HF:7:加砂中:缝内暂堵:施工泵压:mean,stat
E1998,施工泵压方差: 7.5187,施工参数,施工泵压方差: 7.5187 为施工参数特征。,,,,worktype_stats:红页L1HF:7:加砂中:缝内暂堵:施工泵压:var,stat
E1999,当前建议: 无建议,处置建议,当前建议: 无建议 为处置建议实体。,,,,suggestion:红页L1HF:7:加砂中:缝内暂堵,suggestion
E2000,工况 缝口暂堵,工况事件,工况 缝口暂堵 为工况事件实体。,,,,worktype:红页L1HF:7:加砂中:缝口暂堵,worktype
E2001,工况时间 2024-01-07 16:59:10,时间点,工况时间 2024-01-07 16:59:10 为时间点实体。,,,,worktype_time:红页L1HF:7:加砂中:缝口暂堵,time
E2002,砂比平均值: 8.07,施工参数,砂比平均值: 8.07 为施工参数特征。,,,,worktype_stats:红页L1HF:7:加砂中:缝口暂堵:砂比:mean,stat
E2003,砂比方差: 6.3113,施工参数,砂比方差: 6.3113 为施工参数特征。,,,,worktype_stats:红页L1HF:7:加砂中:缝口暂堵:砂比:var,stat
E2004,排量平均值: 17.7289,施工参数,排量平均值: 17.7289 为施工参数特征。,,,,worktype_stats:红页L1HF:7:加砂中:缝口暂堵:排量:mean,stat
E2005,排量方差: 31.4744,施工参数,排量方差: 31.4744 为施工参数特征。,,,,worktype_stats:红页L1HF:7:加砂中:缝口暂堵:排量:var,stat
E2006,施工泵压平均值: 60.4759,施工参数,施工泵压平均值: 60.4759 为施工参数特征。,,,,worktype_stats:红页L1HF:7:加砂中:缝口暂堵:施工泵压:mean,stat
E2007,施工泵压方差: 148.8862,施工参数,施工泵压方差: 148.8862 为施工参数特征。,,,,worktype_stats:红页L1HF:7:加砂中:缝口暂堵:施工泵压:var,stat
E2008,当前建议: 无建议,处置建议,当前建议: 无建议 为处置建议实体。,,,,suggestion:红页L1HF:7:加砂中:缝口暂堵,suggestion
E2009,施工情况 加砂后,施工阶段,施工情况 加砂后 为施工阶段实体。,,,,condition:红页L1HF:7:加砂后,condition
E2010,施工时间 2024-01-07 18:18:40,时间点,施工时间 2024-01-07 18:18:40 为时间点实体。,,,,condition_time:红页L1HF:7:加砂后,time
E2011,砂比平均值: 无数据,施工参数,砂比平均值: 无数据 为施工参数特征。,,,,condition_stats:红页L1HF:7:加砂后:砂比:mean,stat
E2012,砂比方差: 无数据,施工参数,砂比方差: 无数据 为施工参数特征。,,,,condition_stats:红页L1HF:7:加砂后:砂比:var,stat
E2013,排量平均值: 2.3637,施工参数,排量平均值: 2.3637 为施工参数特征。,,,,condition_stats:红页L1HF:7:加砂后:排量:mean,stat
E2014,排量方差: 48.1347,施工参数,排量方差: 48.1347 为施工参数特征。,,,,condition_stats:红页L1HF:7:加砂后:排量:var,stat
E2015,施工泵压平均值: 40.5874,施工参数,施工泵压平均值: 40.5874 为施工参数特征。,,,,condition_stats:红页L1HF:7:加砂后:施工泵压:mean,stat
E2016,施工泵压方差: 141.3133,施工参数,施工泵压方差: 141.3133 为施工参数特征。,,,,condition_stats:红页L1HF:7:加砂后:施工泵压:var,stat
E2017,段号 8,压裂段,段号 8 为压裂段实体。,,,,segment:红页L1HF:8,segment
E2018,段号时间 2024-01-08 08:09:50,时间点,段号时间 2024-01-08 08:09:50 为时间点实体。,,,,segment_time:红页L1HF:8,time
E2019,砂比平均值: 9.5228,施工参数,砂比平均值: 9.5228 为施工参数特征。,,,,segment_stats:红页L1HF:8:砂比:mean,stat
E2020,砂比方差: 9.723,施工参数,砂比方差: 9.723 为施工参数特征。,,,,segment_stats:红页L1HF:8:砂比:var,stat
E2021,排量平均值: 16.2081,施工参数,排量平均值: 16.2081 为施工参数特征。,,,,segment_stats:红页L1HF:8:排量:mean,stat
E2022,排量方差: 102.2264,施工参数,排量方差: 102.2264 为施工参数特征。,,,,segment_stats:红页L1HF:8:排量:var,stat
E2023,施工泵压平均值: 65.1319,施工参数,施工泵压平均值: 65.1319 为施工参数特征。,,,,segment_stats:红页L1HF:8:施工泵压:mean,stat
E2024,施工泵压方差: 368.6231,施工参数,施工泵压方差: 368.6231 为施工参数特征。,,,,segment_stats:红页L1HF:8:施工泵压:var,stat
E2025,施工情况 加砂前,施工阶段,施工情况 加砂前 为施工阶段实体。,,,,condition:红页L1HF:8:加砂前,condition
E2026,施工时间 2024-01-08 08:09:50,时间点,施工时间 2024-01-08 08:09:50 为时间点实体。,,,,condition_time:红页L1HF:8:加砂前,time
E2027,砂比平均值: 无数据,施工参数,砂比平均值: 无数据 为施工参数特征。,,,,condition_stats:红页L1HF:8:加砂前:砂比:mean,stat
E2028,砂比方差: 无数据,施工参数,砂比方差: 无数据 为施工参数特征。,,,,condition_stats:红页L1HF:8:加砂前:砂比:var,stat
E2029,排量平均值: 7.4086,施工参数,排量平均值: 7.4086 为施工参数特征。,,,,condition_stats:红页L1HF:8:加砂前:排量:mean,stat
E2030,排量方差: 45.0587,施工参数,排量方差: 45.0587 为施工参数特征。,,,,condition_stats:红页L1HF:8:加砂前:排量:var,stat
E2031,施工泵压平均值: 52.1528,施工参数,施工泵压平均值: 52.1528 为施工参数特征。,,,,condition_stats:红页L1HF:8:加砂前:施工泵压:mean,stat
E2032,施工泵压方差: 512.5008,施工参数,施工泵压方差: 512.5008 为施工参数特征。,,,,condition_stats:红页L1HF:8:加砂前:施工泵压:var,stat
E2033,施工情况 加砂中,施工阶段,施工情况 加砂中 为施工阶段实体。,,,,condition:红页L1HF:8:加砂中,condition
E2034,施工时间 2024-01-08 08:42:50,时间点,施工时间 2024-01-08 08:42:50 为时间点实体。,,,,condition_time:红页L1HF:8:加砂中,time
E2035,砂比平均值: 9.5228,施工参数,砂比平均值: 9.5228 为施工参数特征。,,,,condition_stats:红页L1HF:8:加砂中:砂比:mean,stat
E2036,砂比方差: 9.723,施工参数,砂比方差: 9.723 为施工参数特征。,,,,condition_stats:红页L1HF:8:加砂中:砂比:var,stat
E2037,排量平均值: 22.6567,施工参数,排量平均值: 22.6567 为施工参数特征。,,,,condition_stats:红页L1HF:8:加砂中:排量:mean,stat
E2038,排量方差: 14.9543,施工参数,排量方差: 14.9543 为施工参数特征。,,,,condition_stats:红页L1HF:8:加砂中:排量:var,stat
E2039,施工泵压平均值: 75.4377,施工参数,施工泵压平均值: 75.4377 为施工参数特征。,,,,condition_stats:红页L1HF:8:加砂中:施工泵压:mean,stat
E2040,施工泵压方差: 86.54,施工参数,施工泵压方差: 86.54 为施工参数特征。,,,,condition_stats:红页L1HF:8:加砂中:施工泵压:var,stat
E2041,工况 缝内暂堵,工况事件,工况 缝内暂堵 为工况事件实体。,,,,worktype:红页L1HF:8:加砂中:缝内暂堵,worktype
E2042,工况时间 2024-01-08 09:06:50,时间点,工况时间 2024-01-08 09:06:50 为时间点实体。,,,,worktype_time:红页L1HF:8:加砂中:缝内暂堵,time
E2043,砂比平均值: 6.3013,施工参数,砂比平均值: 6.3013 为施工参数特征。,,,,worktype_stats:红页L1HF:8:加砂中:缝内暂堵:砂比:mean,stat
E2044,砂比方差: 7.7233,施工参数,砂比方差: 7.7233 为施工参数特征。,,,,worktype_stats:红页L1HF:8:加砂中:缝内暂堵:砂比:var,stat
E2045,排量平均值: 24.0066,施工参数,排量平均值: 24.0066 为施工参数特征。,,,,worktype_stats:红页L1HF:8:加砂中:缝内暂堵:排量:mean,stat
E2046,排量方差: 0.0,施工参数,排量方差: 0.0 为施工参数特征。,,,,worktype_stats:红页L1HF:8:加砂中:缝内暂堵:排量:var,stat
E2047,施工泵压平均值: 78.8783,施工参数,施工泵压平均值: 78.8783 为施工参数特征。,,,,worktype_stats:红页L1HF:8:加砂中:缝内暂堵:施工泵压:mean,stat
E2048,施工泵压方差: 3.7353,施工参数,施工泵压方差: 3.7353 为施工参数特征。,,,,worktype_stats:红页L1HF:8:加砂中:缝内暂堵:施工泵压:var,stat
E2049,当前建议: 无建议,处置建议,当前建议: 无建议 为处置建议实体。,,,,suggestion:红页L1HF:8:加砂中:缝内暂堵,suggestion
E2050,工况 缝口暂堵,工况事件,工况 缝口暂堵 为工况事件实体。,,,,worktype:红页L1HF:8:加砂中:缝口暂堵,worktype
E2051,工况时间 2024-01-08 09:25:40,时间点,工况时间 2024-01-08 09:25:40 为时间点实体。,,,,worktype_time:红页L1HF:8:加砂中:缝口暂堵,time
E2052,砂比平均值: 7.4925,施工参数,砂比平均值: 7.4925 为施工参数特征。,,,,worktype_stats:红页L1HF:8:加砂中:缝口暂堵:砂比:mean,stat
E2053,砂比方差: 9.8907,施工参数,砂比方差: 9.8907 为施工参数特征。,,,,worktype_stats:红页L1HF:8:加砂中:缝口暂堵:砂比:var,stat
E2054,排量平均值: 17.3265,施工参数,排量平均值: 17.3265 为施工参数特征。,,,,worktype_stats:红页L1HF:8:加砂中:缝口暂堵:排量:mean,stat
E2055,排量方差: 32.061,施工参数,排量方差: 32.061 为施工参数特征。,,,,worktype_stats:红页L1HF:8:加砂中:缝口暂堵:排量:var,stat
E2056,施工泵压平均值: 61.4497,施工参数,施工泵压平均值: 61.4497 为施工参数特征。,,,,worktype_stats:红页L1HF:8:加砂中:缝口暂堵:施工泵压:mean,stat
E2057,施工泵压方差: 160.6762,施工参数,施工泵压方差: 160.6762 为施工参数特征。,,,,worktype_stats:红页L1HF:8:加砂中:缝口暂堵:施工泵压:var,stat
E2058,当前建议: 无建议,处置建议,当前建议: 无建议 为处置建议实体。,,,,suggestion:红页L1HF:8:加砂中:缝口暂堵,suggestion
E2059,施工情况 加砂后,施工阶段,施工情况 加砂后 为施工阶段实体。,,,,condition:红页L1HF:8:加砂后,condition
E2060,施工时间 2024-01-08 10:51:40,时间点,施工时间 2024-01-08 10:51:40 为时间点实体。,,,,condition_time:红页L1HF:8:加砂后,time
E2061,砂比平均值: 无数据,施工参数,砂比平均值: 无数据 为施工参数特征。,,,,condition_stats:红页L1HF:8:加砂后:砂比:mean,stat
E2062,砂比方差: 无数据,施工参数,砂比方差: 无数据 为施工参数特征。,,,,condition_stats:红页L1HF:8:加砂后:砂比:var,stat
E2063,排量平均值: 2.457,施工参数,排量平均值: 2.457 为施工参数特征。,,,,condition_stats:红页L1HF:8:加砂后:排量:mean,stat
E2064,排量方差: 50.2096,施工参数,排量方差: 50.2096 为施工参数特征。,,,,condition_stats:红页L1HF:8:加砂后:排量:var,stat
E2065,施工泵压平均值: 42.134,施工参数,施工泵压平均值: 42.134 为施工参数特征。,,,,condition_stats:红页L1HF:8:加砂后:施工泵压:mean,stat
E2066,施工泵压方差: 146.5822,施工参数,施工泵压方差: 146.5822 为施工参数特征。,,,,condition_stats:红页L1HF:8:加砂后:施工泵压:var,stat
E2067,段号 9,压裂段,段号 9 为压裂段实体。,,,,segment:红页L1HF:9,segment
E2068,段号时间 2024-01-08 15:11:50,时间点,段号时间 2024-01-08 15:11:50 为时间点实体。,,,,segment_time:红页L1HF:9,time
E2069,砂比平均值: 10.5623,施工参数,砂比平均值: 10.5623 为施工参数特征。,,,,segment_stats:红页L1HF:9:砂比:mean,stat
E2070,砂比方差: 9.813,施工参数,砂比方差: 9.813 为施工参数特征。,,,,segment_stats:红页L1HF:9:砂比:var,stat
E2071,排量平均值: 16.5992,施工参数,排量平均值: 16.5992 为施工参数特征。,,,,segment_stats:红页L1HF:9:排量:mean,stat
E2072,排量方差: 109.1847,施工参数,排量方差: 109.1847 为施工参数特征。,,,,segment_stats:红页L1HF:9:排量:var,stat
E2073,施工泵压平均值: 68.0467,施工参数,施工泵压平均值: 68.0467 为施工参数特征。,,,,segment_stats:红页L1HF:9:施工泵压:mean,stat
E2074,施工泵压方差: 385.0812,施工参数,施工泵压方差: 385.0812 为施工参数特征。,,,,segment_stats:红页L1HF:9:施工泵压:var,stat
E2075,施工情况 加砂前,施工阶段,施工情况 加砂前 为施工阶段实体。,,,,condition:红页L1HF:9:加砂前,condition
E2076,施工时间 2024-01-08 15:11:50,时间点,施工时间 2024-01-08 15:11:50 为时间点实体。,,,,condition_time:红页L1HF:9:加砂前,time
E2077,砂比平均值: 无数据,施工参数,砂比平均值: 无数据 为施工参数特征。,,,,condition_stats:红页L1HF:9:加砂前:砂比:mean,stat
E2078,砂比方差: 无数据,施工参数,砂比方差: 无数据 为施工参数特征。,,,,condition_stats:红页L1HF:9:加砂前:砂比:var,stat
E2079,排量平均值: 7.3884,施工参数,排量平均值: 7.3884 为施工参数特征。,,,,condition_stats:红页L1HF:9:加砂前:排量:mean,stat
E2080,排量方差: 45.8474,施工参数,排量方差: 45.8474 为施工参数特征。,,,,condition_stats:红页L1HF:9:加砂前:排量:var,stat
E2081,施工泵压平均值: 53.8065,施工参数,施工泵压平均值: 53.8065 为施工参数特征。,,,,condition_stats:红页L1HF:9:加砂前:施工泵压:mean,stat
E2082,施工泵压方差: 447.902,施工参数,施工泵压方差: 447.902 为施工参数特征。,,,,condition_stats:红页L1HF:9:加砂前:施工泵压:var,stat
E2083,施工情况 加砂中,施工阶段,施工情况 加砂中 为施工阶段实体。,,,,condition:红页L1HF:9:加砂中,condition
E2084,施工时间 2024-01-08 15:45:10,时间点,施工时间 2024-01-08 15:45:10 为时间点实体。,,,,condition_time:红页L1HF:9:加砂中,time
E2085,砂比平均值: 10.5623,施工参数,砂比平均值: 10.5623 为施工参数特征。,,,,condition_stats:红页L1HF:9:加砂中:砂比:mean,stat
E2086,砂比方差: 9.813,施工参数,砂比方差: 9.813 为施工参数特征。,,,,condition_stats:红页L1HF:9:加砂中:砂比:var,stat
E2087,排量平均值: 23.9349,施工参数,排量平均值: 23.9349 为施工参数特征。,,,,condition_stats:红页L1HF:9:加砂中:排量:mean,stat
E2088,排量方差: 3.5418,施工参数,排量方差: 3.5418 为施工参数特征。,,,,condition_stats:红页L1HF:9:加砂中:排量:var,stat
E2089,施工泵压平均值: 80.4844,施工参数,施工泵压平均值: 80.4844 为施工参数特征。,,,,condition_stats:红页L1HF:9:加砂中:施工泵压:mean,stat
E2090,施工泵压方差: 17.3255,施工参数,施工泵压方差: 17.3255 为施工参数特征。,,,,condition_stats:红页L1HF:9:加砂中:施工泵压:var,stat
E2091,工况 缝内暂堵,工况事件,工况 缝内暂堵 为工况事件实体。,,,,worktype:红页L1HF:9:加砂中:缝内暂堵,worktype
E2092,工况时间 2024-01-08 16:03:10,时间点,工况时间 2024-01-08 16:03:10 为时间点实体。,,,,worktype_time:红页L1HF:9:加砂中:缝内暂堵,time
E2093,砂比平均值: 9.1792,施工参数,砂比平均值: 9.1792 为施工参数特征。,,,,worktype_stats:红页L1HF:9:加砂中:缝内暂堵:砂比:mean,stat
E2094,砂比方差: 4.305,施工参数,砂比方差: 4.305 为施工参数特征。,,,,worktype_stats:红页L1HF:9:加砂中:缝内暂堵:砂比:var,stat
E2095,排量平均值: 24.0805,施工参数,排量平均值: 24.0805 为施工参数特征。,,,,worktype_stats:红页L1HF:9:加砂中:缝内暂堵:排量:mean,stat
E2096,排量方差: 0.0002,施工参数,排量方差: 0.0002 为施工参数特征。,,,,worktype_stats:红页L1HF:9:加砂中:缝内暂堵:排量:var,stat
E2097,施工泵压平均值: 78.516,施工参数,施工泵压平均值: 78.516 为施工参数特征。,,,,worktype_stats:红页L1HF:9:加砂中:缝内暂堵:施工泵压:mean,stat
E2098,施工泵压方差: 10.2081,施工参数,施工泵压方差: 10.2081 为施工参数特征。,,,,worktype_stats:红页L1HF:9:加砂中:缝内暂堵:施工泵压:var,stat
E2099,当前建议: 无建议,处置建议,当前建议: 无建议 为处置建议实体。,,,,suggestion:红页L1HF:9:加砂中:缝内暂堵,suggestion
E2100,工况 缝口暂堵,工况事件,工况 缝口暂堵 为工况事件实体。,,,,worktype:红页L1HF:9:加砂中:缝口暂堵,worktype
E2101,工况时间 2024-01-08 16:20:20,时间点,工况时间 2024-01-08 16:20:20 为时间点实体。,,,,worktype_time:红页L1HF:9:加砂中:缝口暂堵,time
E2102,砂比平均值: 9.6205,施工参数,砂比平均值: 9.6205 为施工参数特征。,,,,worktype_stats:红页L1HF:9:加砂中:缝口暂堵:砂比:mean,stat
E2103,砂比方差: 12.5173,施工参数,砂比方差: 12.5173 为施工参数特征。,,,,worktype_stats:红页L1HF:9:加砂中:缝口暂堵:砂比:var,stat
E2104,排量平均值: 24.0847,施工参数,排量平均值: 24.0847 为施工参数特征。,,,,worktype_stats:红页L1HF:9:加砂中:缝口暂堵:排量:mean,stat
E2105,排量方差: 0.0,施工参数,排量方差: 0.0 为施工参数特征。,,,,worktype_stats:红页L1HF:9:加砂中:缝口暂堵:排量:var,stat
E2106,施工泵压平均值: 78.7594,施工参数,施工泵压平均值: 78.7594 为施工参数特征。,,,,worktype_stats:红页L1HF:9:加砂中:缝口暂堵:施工泵压:mean,stat
E2107,施工泵压方差: 6.7148,施工参数,施工泵压方差: 6.7148 为施工参数特征。,,,,worktype_stats:红页L1HF:9:加砂中:缝口暂堵:施工泵压:var,stat
E2108,当前建议: 无建议,处置建议,当前建议: 无建议 为处置建议实体。,,,,suggestion:红页L1HF:9:加砂中:缝口暂堵,suggestion
E2109,施工情况 加砂后,施工阶段,施工情况 加砂后 为施工阶段实体。,,,,condition:红页L1HF:9:加砂后,condition
E2110,施工时间 2024-01-08 17:41:20,时间点,施工时间 2024-01-08 17:41:20 为时间点实体。,,,,condition_time:红页L1HF:9:加砂后,time
E2111,砂比平均值: 无数据,施工参数,砂比平均值: 无数据 为施工参数特征。,,,,condition_stats:红页L1HF:9:加砂后:砂比:mean,stat
E2112,砂比方差: 无数据,施工参数,砂比方差: 无数据 为施工参数特征。,,,,condition_stats:红页L1HF:9:加砂后:砂比:var,stat
E2113,排量平均值: 2.1298,施工参数,排量平均值: 2.1298 为施工参数特征。,,,,condition_stats:红页L1HF:9:加砂后:排量:mean,stat
E2114,排量方差: 44.3527,施工参数,排量方差: 44.3527 为施工参数特征。,,,,condition_stats:红页L1HF:9:加砂后:排量:var,stat
E2115,施工泵压平均值: 42.1773,施工参数,施工泵压平均值: 42.1773 为施工参数特征。,,,,condition_stats:红页L1HF:9:加砂后:施工泵压:mean,stat
E2116,施工泵压方差: 137.9729,施工参数,施工泵压方差: 137.9729 为施工参数特征。,,,,condition_stats:红页L1HF:9:加砂后:施工泵压:var,stat
