entity_id,entity_name,entity_type,description,image_path,audio_path,video_path,source_id
E00001,井 红页L1HF,井,井 红页L1HF 为压裂施工井实体。,,,,well:红页L1HF
E00002,段 1,压裂段,井 红页L1HF 的第 1 段。,,,,segment:红页L1HF:1
E00003,时间窗 W001,时间窗,井 红页L1HF-段 1 中使用液型 未标注液型 的连续时间窗。,,,,time_window:红页L1HF:1:1
E00004,液型 未标注液型,液型,液型 未标注液型 为液体体系/液型实体。,,,,fluid_type:未标注液型
E00005,未标注液型@时间窗 W001,液型时间窗,井 红页L1HF-段 1-时间窗 W001 对应的液型使用实例。,,,,fluid_usage:红页L1HF:1:1:未标注液型
E00006,"施工泵压变化 起5.07→止5.07，变化0，均值5.07，范围[5.07, 5.07]",施工特征,该时间窗内的施工泵压变化特征。,,,,pressure_feature:红页L1HF:1:1
E00007,"排量变化 起0→止0，变化0，均值0，范围[0, 0]",施工特征,该时间窗内的排量变化特征。,,,,flow_feature:红页L1HF:1:1
E00008,砂比变化：0,施工特征,该时间窗内的砂比变化特征。,,,,sand_feature:红页L1HF:1:1
E00009,时间窗 W002,时间窗,井 红页L1HF-段 1 中使用液型 0.12%减阻水 的连续时间窗。,,,,time_window:红页L1HF:1:2
E00010,液型 0.12%减阻水,液型,液型 0.12%减阻水 为液体体系/液型实体。,,,,fluid_type:0.12%减阻水
E00011,0.12%减阻水@时间窗 W002,液型时间窗,井 红页L1HF-段 1-时间窗 W002 对应的液型使用实例。,,,,fluid_usage:红页L1HF:1:2:0.12%减阻水
E00012,"施工泵压变化 起7.61→止61.13，变化53.52，均值48.94，范围[7.61, 63.26]",施工特征,该时间窗内的施工泵压变化特征。,,,,pressure_feature:红页L1HF:1:2
E00013,"排量变化 起0.73→止1.15，变化0.42，均值1.1355，范围[0.73, 1.27]",施工特征,该时间窗内的排量变化特征。,,,,flow_feature:红页L1HF:1:2
E00014,砂比变化：0,施工特征,该时间窗内的砂比变化特征。,,,,sand_feature:红页L1HF:1:2
E00015,时间窗 W003,时间窗,井 红页L1HF-段 1 中使用液型 15%HCl 的连续时间窗。,,,,time_window:红页L1HF:1:3
E00016,液型 15%HCl,液型,液型 15%HCl 为液体体系/液型实体。,,,,fluid_type:15%HCl
E00017,15%HCl@时间窗 W003,液型时间窗,井 红页L1HF-段 1-时间窗 W003 对应的液型使用实例。,,,,fluid_usage:红页L1HF:1:3:15%HCl
E00018,"施工泵压变化 起60.83→止52.09，变化-8.74，均值56.569，范围[52.09, 60.91]",施工特征,该时间窗内的施工泵压变化特征。,,,,pressure_feature:红页L1HF:1:3
E00019,"排量变化 起1.15→止2.09，变化0.94，均值1.9736，范围[1.15, 2.09]",施工特征,该时间窗内的排量变化特征。,,,,flow_feature:红页L1HF:1:3
E00020,砂比变化：0,施工特征,该时间窗内的砂比变化特征。,,,,sand_feature:红页L1HF:1:3
E00021,时间窗 W004,时间窗,井 红页L1HF-段 1 中使用液型 0.25%减阻水 的连续时间窗。,,,,time_window:红页L1HF:1:4
E00022,液型 0.25%减阻水,液型,液型 0.25%减阻水 为液体体系/液型实体。,,,,fluid_type:0.25%减阻水
E00023,0.25%减阻水@时间窗 W004,液型时间窗,井 红页L1HF-段 1-时间窗 W004 对应的液型使用实例。,,,,fluid_usage:红页L1HF:1:4:0.25%减阻水
E00024,"施工泵压变化 起51.85→止69.5，变化17.65，均值65.8426，范围[45.04, 91.04]",施工特征,该时间窗内的施工泵压变化特征。,,,,pressure_feature:红页L1HF:1:4
E00025,"排量变化 起2.09→止20.02，变化17.93，均值9.5403，范围[1.86, 20.23]",施工特征,该时间窗内的排量变化特征。,,,,flow_feature:红页L1HF:1:4
E00026,"砂比变化 起3.3→止3，变化-0.3，均值3.0176，范围[3, 3.3]",施工特征,该时间窗内的砂比变化特征。,,,,sand_feature:红页L1HF:1:4
E00027,时间窗 W005,时间窗,井 红页L1HF-段 1 中使用液型 0.12%减阻水 的连续时间窗。,,,,time_window:红页L1HF:1:5
E00028,0.12%减阻水@时间窗 W005,液型时间窗,井 红页L1HF-段 1-时间窗 W005 对应的液型使用实例。,,,,fluid_usage:红页L1HF:1:5:0.12%减阻水
E00029,"施工泵压变化 起69.38→止70.85，变化1.47，均值70.7737，范围[67.17, 73.02]",施工特征,该时间窗内的施工泵压变化特征。,,,,pressure_feature:红页L1HF:1:5
E00030,"排量变化 起20.02→止21，变化0.98，均值20.6092，范围[19.95, 21]",施工特征,该时间窗内的排量变化特征。,,,,flow_feature:红页L1HF:1:5
E00031,"砂比变化 起3→止0.4，变化-2.6，均值6.3691，范围[0.4, 9.2]",施工特征,该时间窗内的砂比变化特征。,,,,sand_feature:红页L1HF:1:5
E00032,时间窗 W006,时间窗,井 红页L1HF-段 1 中使用液型 0.18%减阻水 的连续时间窗。,,,,time_window:红页L1HF:1:6
E00033,液型 0.18%减阻水,液型,液型 0.18%减阻水 为液体体系/液型实体。,,,,fluid_type:0.18%减阻水
E00034,0.18%减阻水@时间窗 W006,液型时间窗,井 红页L1HF-段 1-时间窗 W006 对应的液型使用实例。,,,,fluid_usage:红页L1HF:1:6:0.18%减阻水
E00035,"施工泵压变化 起70.84→止70.03，变化-0.81，均值70.3842，范围[69, 71.23]",施工特征,该时间窗内的施工泵压变化特征。,,,,pressure_feature:红页L1HF:1:6
E00036,"排量变化 起20.99→止21，变化0.01，均值20.997，范围[20.99, 21]",施工特征,该时间窗内的排量变化特征。,,,,flow_feature:红页L1HF:1:6
E00037,"砂比变化 起3.8→止0.7，变化-3.1，均值7.93，范围[0.7, 9.1]",施工特征,该时间窗内的砂比变化特征。,,,,sand_feature:红页L1HF:1:6
E00038,时间窗 W007,时间窗,井 红页L1HF-段 1 中使用液型 0.12%减阻水 的连续时间窗。,,,,time_window:红页L1HF:1:7
E00039,0.12%减阻水@时间窗 W007,液型时间窗,井 红页L1HF-段 1-时间窗 W007 对应的液型使用实例。,,,,fluid_usage:红页L1HF:1:7:0.12%减阻水
E00040,"施工泵压变化 起70.09→止39.47，变化-30.62，均值65.0296，范围[39.47, 70.09]",施工特征,该时间窗内的施工泵压变化特征。,,,,pressure_feature:红页L1HF:1:7
E00041,"排量变化 起21→止2.32，变化-18.68，均值19.1022，范围[2.32, 21]",施工特征,该时间窗内的排量变化特征。,,,,flow_feature:红页L1HF:1:7
E00042,砂比变化：0,施工特征,该时间窗内的砂比变化特征。,,,,sand_feature:红页L1HF:1:7
E00043,时间窗 W008,时间窗,井 红页L1HF-段 1 中使用液型 0 的连续时间窗。,,,,time_window:红页L1HF:1:8
E00044,液型 0,液型,液型 0 为液体体系/液型实体。,,,,fluid_type:0
E00045,0@时间窗 W008,液型时间窗,井 红页L1HF-段 1-时间窗 W008 对应的液型使用实例。,,,,fluid_usage:红页L1HF:1:8:0
E00046,"施工泵压变化 起36.53→止0，变化-36.53，均值23.6607，范围[0, 36.66]",施工特征,该时间窗内的施工泵压变化特征。,,,,pressure_feature:红页L1HF:1:8
E00047,"排量变化 起0→止0，变化0，均值0.0001，范围[0, 0.01]",施工特征,该时间窗内的排量变化特征。,,,,flow_feature:红页L1HF:1:8
E00048,砂比变化：0,施工特征,该时间窗内的砂比变化特征。,,,,sand_feature:红页L1HF:1:8
E00049,段 10,压裂段,井 红页L1HF 的第 10 段。,,,,segment:红页L1HF:10
E00050,时间窗 W001,时间窗,井 红页L1HF-段 10 中使用液型 0 的连续时间窗。,,,,time_window:红页L1HF:10:1
E00051,0@时间窗 W001,液型时间窗,井 红页L1HF-段 10-时间窗 W001 对应的液型使用实例。,,,,fluid_usage:红页L1HF:10:1:0
E00052,"施工泵压变化 起10.83→止10.83，变化0，均值10.83，范围[10.83, 10.83]",施工特征,该时间窗内的施工泵压变化特征。,,,,pressure_feature:红页L1HF:10:1
E00053,"排量变化 起0→止0，变化0，均值0，范围[0, 0]",施工特征,该时间窗内的排量变化特征。,,,,flow_feature:红页L1HF:10:1
E00054,砂比变化：0,施工特征,该时间窗内的砂比变化特征。,,,,sand_feature:红页L1HF:10:1
E00055,时间窗 W002,时间窗,井 红页L1HF-段 10 中使用液型 0.25%减阻水 的连续时间窗。,,,,time_window:红页L1HF:10:2
E00056,0.25%减阻水@时间窗 W002,液型时间窗,井 红页L1HF-段 10-时间窗 W002 对应的液型使用实例。,,,,fluid_usage:红页L1HF:10:2:0.25%减阻水
E00057,"施工泵压变化 起24.09→止76.53，变化52.44，均值60.5994，范围[24.09, 78.33]",施工特征,该时间窗内的施工泵压变化特征。,,,,pressure_feature:红页L1HF:10:2
E00058,"排量变化 起0.1→止24，变化23.9，均值15.6749，范围[0.1, 24.12]",施工特征,该时间窗内的排量变化特征。,,,,flow_feature:红页L1HF:10:2
E00059,"砂比变化 起1.8→止5，变化3.2，均值4.5444，范围[1.8, 5]",施工特征,该时间窗内的砂比变化特征。,,,,sand_feature:红页L1HF:10:2
E00060,时间窗 W003,时间窗,井 红页L1HF-段 10 中使用液型 0.12%减阻水 的连续时间窗。,,,,time_window:红页L1HF:10:3
E00061,0.12%减阻水@时间窗 W003,液型时间窗,井 红页L1HF-段 10-时间窗 W003 对应的液型使用实例。,,,,fluid_usage:红页L1HF:10:3:0.12%减阻水
E00062,"施工泵压变化 起76.69→止82.61，变化5.92，均值82.324，范围[62.09, 89.44]",施工特征,该时间窗内的施工泵压变化特征。,,,,pressure_feature:红页L1HF:10:3
E00063,"排量变化 起24→止24.09，变化0.09，均值23.6797，范围[17.73, 24.15]",施工特征,该时间窗内的排量变化特征。,,,,flow_feature:红页L1HF:10:3
E00064,"砂比变化 起5→止13.1，变化8.1，均值9.4258，范围[0.1, 13.2]",施工特征,该时间窗内的砂比变化特征。,,,,sand_feature:红页L1HF:10:3
E00065,时间窗 W004,时间窗,井 红页L1HF-段 10 中使用液型 0.25%减阻水 的连续时间窗。,,,,time_window:红页L1HF:10:4
E00066,0.25%减阻水@时间窗 W004,液型时间窗,井 红页L1HF-段 10-时间窗 W004 对应的液型使用实例。,,,,fluid_usage:红页L1HF:10:4:0.25%减阻水
E00067,"施工泵压变化 起82.54→止81.92，变化-0.62，均值82.2841，范围[81.92, 82.61]",施工特征,该时间窗内的施工泵压变化特征。,,,,pressure_feature:红页L1HF:10:4
E00068,"排量变化 起24.09→止24.09，变化0，均值24.09，范围[24.09, 24.09]",施工特征,该时间窗内的排量变化特征。,,,,flow_feature:红页L1HF:10:4
E00069,"砂比变化 起13.1→止0.7，变化-12.4，均值11.9727，范围[0.7, 13.1]",施工特征,该时间窗内的砂比变化特征。,,,,sand_feature:红页L1HF:10:4
E00070,时间窗 W005,时间窗,井 红页L1HF-段 10 中使用液型 0.12%减阻水 的连续时间窗。,,,,time_window:红页L1HF:10:5
E00071,0.12%减阻水@时间窗 W005,液型时间窗,井 红页L1HF-段 10-时间窗 W005 对应的液型使用实例。,,,,fluid_usage:红页L1HF:10:5:0.12%减阻水
E00072,"施工泵压变化 起81.89→止0，变化-81.89，均值39.1795，范围[0, 81.91]",施工特征,该时间窗内的施工泵压变化特征。,,,,pressure_feature:红页L1HF:10:5
E00073,"排量变化 起24.09→止0，变化-24.09，均值1.741，范围[0, 24.09]",施工特征,该时间窗内的排量变化特征。,,,,flow_feature:红页L1HF:10:5
E00074,砂比变化：0,施工特征,该时间窗内的砂比变化特征。,,,,sand_feature:红页L1HF:10:5
E00075,段 11,压裂段,井 红页L1HF 的第 11 段。,,,,segment:红页L1HF:11
E00076,时间窗 W001,时间窗,井 红页L1HF-段 11 中使用液型 0 的连续时间窗。,,,,time_window:红页L1HF:11:1
E00077,0@时间窗 W001,液型时间窗,井 红页L1HF-段 11-时间窗 W001 对应的液型使用实例。,,,,fluid_usage:红页L1HF:11:1:0
E00078,"施工泵压变化 起21.72→止21.72，变化0，均值21.72，范围[21.72, 21.72]",施工特征,该时间窗内的施工泵压变化特征。,,,,pressure_feature:红页L1HF:11:1
E00079,"排量变化 起0→止0，变化0，均值0，范围[0, 0]",施工特征,该时间窗内的排量变化特征。,,,,flow_feature:红页L1HF:11:1
E00080,砂比变化：0,施工特征,该时间窗内的砂比变化特征。,,,,sand_feature:红页L1HF:11:1
E00081,时间窗 W002,时间窗,井 红页L1HF-段 11 中使用液型 0.12%减阻水 的连续时间窗。,,,,time_window:红页L1HF:11:2
E00082,0.12%减阻水@时间窗 W002,液型时间窗,井 红页L1HF-段 11-时间窗 W002 对应的液型使用实例。,,,,fluid_usage:红页L1HF:11:2:0.12%减阻水
E00083,"施工泵压变化 起26.17→止33.46，变化7.29，均值31.5083，范围[26.17, 33.46]",施工特征,该时间窗内的施工泵压变化特征。,,,,pressure_feature:红页L1HF:11:2
E00084,"排量变化 起0.08→止1.99，变化1.91，均值1.7777，范围[0.08, 1.99]",施工特征,该时间窗内的排量变化特征。,,,,flow_feature:红页L1HF:11:2
E00085,砂比变化：0,施工特征,该时间窗内的砂比变化特征。,,,,sand_feature:红页L1HF:11:2
E00086,时间窗 W003,时间窗,井 红页L1HF-段 11 中使用液型 15%HCl 的连续时间窗。,,,,time_window:红页L1HF:11:3
E00087,15%HCl@时间窗 W003,液型时间窗,井 红页L1HF-段 11-时间窗 W003 对应的液型使用实例。,,,,fluid_usage:红页L1HF:11:3:15%HCl
E00088,"施工泵压变化 起33.49→止34.32，变化0.83，均值33.9907，范围[33.49, 34.32]",施工特征,该时间窗内的施工泵压变化特征。,,,,pressure_feature:红页L1HF:11:3
E00089,"排量变化 起1.99→止1.99，变化0，均值1.99，范围[1.99, 1.99]",施工特征,该时间窗内的排量变化特征。,,,,flow_feature:红页L1HF:11:3
E00090,砂比变化：0,施工特征,该时间窗内的砂比变化特征。,,,,sand_feature:红页L1HF:11:3
E00091,时间窗 W004,时间窗,井 红页L1HF-段 11 中使用液型 0.25%减阻水 的连续时间窗。,,,,time_window:红页L1HF:11:4
E00092,0.25%减阻水@时间窗 W004,液型时间窗,井 红页L1HF-段 11-时间窗 W004 对应的液型使用实例。,,,,fluid_usage:红页L1HF:11:4:0.25%减阻水
E00093,"施工泵压变化 起35.67→止73.06，变化37.39，均值66.6274，范围[35.67, 91.77]",施工特征,该时间窗内的施工泵压变化特征。,,,,pressure_feature:红页L1HF:11:4
E00094,"排量变化 起2.4→止24.08，变化21.68，均值11.0711，范围[2.4, 24.08]",施工特征,该时间窗内的排量变化特征。,,,,flow_feature:红页L1HF:11:4
E00095,"砂比变化 起0.1→止0.1，变化0，均值0.1，范围[0.1, 0.1]",施工特征,该时间窗内的砂比变化特征。,,,,sand_feature:红页L1HF:11:4
E00096,时间窗 W005,时间窗,井 红页L1HF-段 11 中使用液型 0.12%减阻水 的连续时间窗。,,,,time_window:红页L1HF:11:5
E00097,0.12%减阻水@时间窗 W005,液型时间窗,井 红页L1HF-段 11-时间窗 W005 对应的液型使用实例。,,,,fluid_usage:红页L1HF:11:5:0.12%减阻水
E00098,"施工泵压变化 起73.01→止84.98，变化11.97，均值79.4334，范围[62.54, 90]",施工特征,该时间窗内的施工泵压变化特征。,,,,pressure_feature:红页L1HF:11:5
E00099,"排量变化 起24.08→止22.28，变化-1.8，均值23.1235，范围[17.73, 24.18]",施工特征,该时间窗内的排量变化特征。,,,,flow_feature:红页L1HF:11:5
E00100,"砂比变化 起2.7→止0.3，变化-2.4，均值8.4352，范围[0.1, 14.7]",施工特征,该时间窗内的砂比变化特征。,,,,sand_feature:红页L1HF:11:5
E00101,时间窗 W006,时间窗,井 红页L1HF-段 11 中使用液型 0.25%减阻水 的连续时间窗。,,,,time_window:红页L1HF:11:6
E00102,0.25%减阻水@时间窗 W006,液型时间窗,井 红页L1HF-段 11-时间窗 W006 对应的液型使用实例。,,,,fluid_usage:红页L1HF:11:6:0.25%减阻水
E00103,"施工泵压变化 起85.02→止83.21，变化-1.81，均值82.5434，范围[79.69, 85.02]",施工特征,该时间窗内的施工泵压变化特征。,,,,pressure_feature:红页L1HF:11:6
E00104,"排量变化 起22.28→止22.28，变化0，均值22.28，范围[22.28, 22.28]",施工特征,该时间窗内的排量变化特征。,,,,flow_feature:红页L1HF:11:6
E00105,"砂比变化 起0.3→止0.4，变化0.1，均值7.9328，范围[0.3, 10.3]",施工特征,该时间窗内的砂比变化特征。,,,,sand_feature:红页L1HF:11:6
E00106,时间窗 W007,时间窗,井 红页L1HF-段 11 中使用液型 0.12%减阻水 的连续时间窗。,,,,time_window:红页L1HF:11:7
E00107,0.12%减阻水@时间窗 W007,液型时间窗,井 红页L1HF-段 11-时间窗 W007 对应的液型使用实例。,,,,fluid_usage:红页L1HF:11:7:0.12%减阻水
E00108,"施工泵压变化 起83.04→止0.26，变化-82.78，均值41.1635，范围[0.26, 83.04]",施工特征,该时间窗内的施工泵压变化特征。,,,,pressure_feature:红页L1HF:11:7
E00109,"排量变化 起22.28→止0，变化-22.28，均值1.8209，范围[0, 22.28]",施工特征,该时间窗内的排量变化特征。,,,,flow_feature:红页L1HF:11:7
E00110,砂比变化：0,施工特征,该时间窗内的砂比变化特征。,,,,sand_feature:红页L1HF:11:7
E00111,段 12,压裂段,井 红页L1HF 的第 12 段。,,,,segment:红页L1HF:12
E00112,时间窗 W001,时间窗,井 红页L1HF-段 12 中使用液型 0 的连续时间窗。,,,,time_window:红页L1HF:12:1
E00113,0@时间窗 W001,液型时间窗,井 红页L1HF-段 12-时间窗 W001 对应的液型使用实例。,,,,fluid_usage:红页L1HF:12:1:0
E00114,"施工泵压变化 起5.51→止0.28，变化-5.23，均值66.5042，范围[0.28, 91.33]",施工特征,该时间窗内的施工泵压变化特征。,,,,pressure_feature:红页L1HF:12:1
E00115,"排量变化 起0→止0，变化0，均值16.2737，范围[0, 24.41]",施工特征,该时间窗内的排量变化特征。,,,,flow_feature:红页L1HF:12:1
E00116,"砂比变化 起4.6→止0.1，变化-4.5，均值9.8198，范围[0.1, 13.1]",施工特征,该时间窗内的砂比变化特征。,,,,sand_feature:红页L1HF:12:1
E00117,段 13,压裂段,井 红页L1HF 的第 13 段。,,,,segment:红页L1HF:13
E00118,时间窗 W001,时间窗,井 红页L1HF-段 13 中使用液型 未标注液型 的连续时间窗。,,,,time_window:红页L1HF:13:1
E00119,未标注液型@时间窗 W001,液型时间窗,井 红页L1HF-段 13-时间窗 W001 对应的液型使用实例。,,,,fluid_usage:红页L1HF:13:1:未标注液型
E00120,"施工泵压变化 起24.09→止24.09，变化0，均值24.09，范围[24.09, 24.09]",施工特征,该时间窗内的施工泵压变化特征。,,,,pressure_feature:红页L1HF:13:1
E00121,"排量变化 起0.09→止0.09，变化0，均值0.09，范围[0.09, 0.09]",施工特征,该时间窗内的排量变化特征。,,,,flow_feature:红页L1HF:13:1
E00122,砂比变化：0,施工特征,该时间窗内的砂比变化特征。,,,,sand_feature:红页L1HF:13:1
E00123,时间窗 W002,时间窗,井 红页L1HF-段 13 中使用液型 0.12%减阻水 的连续时间窗。,,,,time_window:红页L1HF:13:2
E00124,0.12%减阻水@时间窗 W002,液型时间窗,井 红页L1HF-段 13-时间窗 W002 对应的液型使用实例。,,,,fluid_usage:红页L1HF:13:2:0.12%减阻水
E00125,"施工泵压变化 起27.67→止35.59，变化7.92，均值32.885，范围[27.67, 35.59]",施工特征,该时间窗内的施工泵压变化特征。,,,,pressure_feature:红页L1HF:13:2
E00126,"排量变化 起0.47→止2，变化1.53，均值1.7788，范围[0.47, 2]",施工特征,该时间窗内的排量变化特征。,,,,flow_feature:红页L1HF:13:2
E00127,砂比变化：0,施工特征,该时间窗内的砂比变化特征。,,,,sand_feature:红页L1HF:13:2
E00128,时间窗 W003,时间窗,井 红页L1HF-段 13 中使用液型 15%HCl 的连续时间窗。,,,,time_window:红页L1HF:13:3
E00129,15%HCl@时间窗 W003,液型时间窗,井 红页L1HF-段 13-时间窗 W003 对应的液型使用实例。,,,,fluid_usage:红页L1HF:13:3:15%HCl
E00130,"施工泵压变化 起35.75→止38.38，变化2.63，均值37.4，范围[35.75, 38.38]",施工特征,该时间窗内的施工泵压变化特征。,,,,pressure_feature:红页L1HF:13:3
E00131,"排量变化 起2→止2，变化0，均值2，范围[2, 2]",施工特征,该时间窗内的排量变化特征。,,,,flow_feature:红页L1HF:13:3
E00132,砂比变化：0,施工特征,该时间窗内的砂比变化特征。,,,,sand_feature:红页L1HF:13:3
E00133,时间窗 W004,时间窗,井 红页L1HF-段 13 中使用液型 0.25%减阻水 的连续时间窗。,,,,time_window:红页L1HF:13:4
E00134,0.25%减阻水@时间窗 W004,液型时间窗,井 红页L1HF-段 13-时间窗 W004 对应的液型使用实例。,,,,fluid_usage:红页L1HF:13:4:0.25%减阻水
E00135,"施工泵压变化 起38.42→止70.71，变化32.29，均值63.8506，范围[38.42, 91.52]",施工特征,该时间窗内的施工泵压变化特征。,,,,pressure_feature:红页L1HF:13:4
E00136,"排量变化 起2→止24.06，变化22.06，均值9.4017，范围[2, 24.06]",施工特征,该时间窗内的排量变化特征。,,,,flow_feature:红页L1HF:13:4
E00137,"砂比变化 起2.7→止5.3，变化2.6，均值4.3667，范围[2.7, 5.3]",施工特征,该时间窗内的砂比变化特征。,,,,sand_feature:红页L1HF:13:4
E00138,时间窗 W005,时间窗,井 红页L1HF-段 13 中使用液型 0.12%减阻水 的连续时间窗。,,,,time_window:红页L1HF:13:5
E00139,0.12%减阻水@时间窗 W005,液型时间窗,井 红页L1HF-段 13-时间窗 W005 对应的液型使用实例。,,,,fluid_usage:红页L1HF:13:5:0.12%减阻水
E00140,"施工泵压变化 起70.71→止79.67，变化8.96，均值75.3002，范围[52.47, 80.08]",施工特征,该时间窗内的施工泵压变化特征。,,,,pressure_feature:红页L1HF:13:5
E00141,"排量变化 起24.06→止24.06，变化0，均值23.4456，范围[12.08, 24.07]",施工特征,该时间窗内的排量变化特征。,,,,flow_feature:红页L1HF:13:5
E00142,"砂比变化 起5.1→止13.4，变化8.3，均值9.3647，范围[0.1, 13.4]",施工特征,该时间窗内的砂比变化特征。,,,,sand_feature:红页L1HF:13:5
E00143,时间窗 W006,时间窗,井 红页L1HF-段 13 中使用液型 0.25%减阻水 的连续时间窗。,,,,time_window:红页L1HF:13:6
E00144,0.25%减阻水@时间窗 W006,液型时间窗,井 红页L1HF-段 13-时间窗 W006 对应的液型使用实例。,,,,fluid_usage:红页L1HF:13:6:0.25%减阻水
E00145,"施工泵压变化 起79.75→止79.74，变化-0.01，均值79.7718，范围[79.59, 79.94]",施工特征,该时间窗内的施工泵压变化特征。,,,,pressure_feature:红页L1HF:13:6
E00146,"排量变化 起24.06→止24.06，变化0，均值24.06，范围[24.06, 24.06]",施工特征,该时间窗内的排量变化特征。,,,,flow_feature:红页L1HF:13:6
E00147,"砂比变化 起14.2→止0.6，变化-13.6，均值13.3176，范围[0.6, 14.2]",施工特征,该时间窗内的砂比变化特征。,,,,sand_feature:红页L1HF:13:6
E00148,时间窗 W007,时间窗,井 红页L1HF-段 13 中使用液型 0.12%减阻水 的连续时间窗。,,,,time_window:红页L1HF:13:7
E00149,0.12%减阻水@时间窗 W007,液型时间窗,井 红页L1HF-段 13-时间窗 W007 对应的液型使用实例。,,,,fluid_usage:红页L1HF:13:7:0.12%减阻水
E00150,"施工泵压变化 起79.77→止0，变化-79.77，均值42.5674，范围[0, 79.77]",施工特征,该时间窗内的施工泵压变化特征。,,,,pressure_feature:红页L1HF:13:7
E00151,"排量变化 起24.06→止0，变化-24.06，均值1.5645，范围[0, 24.06]",施工特征,该时间窗内的排量变化特征。,,,,flow_feature:红页L1HF:13:7
E00152,砂比变化：0,施工特征,该时间窗内的砂比变化特征。,,,,sand_feature:红页L1HF:13:7
E00153,段 14,压裂段,井 红页L1HF 的第 14 段。,,,,segment:红页L1HF:14
E00154,时间窗 W001,时间窗,井 红页L1HF-段 14 中使用液型 0.12%减阻水 的连续时间窗。,,,,time_window:红页L1HF:14:1
E00155,0.12%减阻水@时间窗 W001,液型时间窗,井 红页L1HF-段 14-时间窗 W001 对应的液型使用实例。,,,,fluid_usage:红页L1HF:14:1:0.12%减阻水
E00156,"施工泵压变化 起21.49→止36.3，变化14.81，均值31.2426，范围[21.49, 36.3]",施工特征,该时间窗内的施工泵压变化特征。,,,,pressure_feature:红页L1HF:14:1
E00157,"排量变化 起0.3→止1.99，变化1.69，均值1.6963，范围[0.3, 1.99]",施工特征,该时间窗内的排量变化特征。,,,,flow_feature:红页L1HF:14:1
E00158,砂比变化：0,施工特征,该时间窗内的砂比变化特征。,,,,sand_feature:红页L1HF:14:1
E00159,时间窗 W002,时间窗,井 红页L1HF-段 14 中使用液型 15%HCl 的连续时间窗。,,,,time_window:红页L1HF:14:2
E00160,15%HCl@时间窗 W002,液型时间窗,井 红页L1HF-段 14-时间窗 W002 对应的液型使用实例。,,,,fluid_usage:红页L1HF:14:2:15%HCl
E00161,"施工泵压变化 起36.54→止39.83，变化3.29，均值38.7313，范围[36.54, 39.83]",施工特征,该时间窗内的施工泵压变化特征。,,,,pressure_feature:红页L1HF:14:2
E00162,"排量变化 起1.99→止1.99，变化0，均值1.99，范围[1.99, 1.99]",施工特征,该时间窗内的排量变化特征。,,,,flow_feature:红页L1HF:14:2
E00163,砂比变化：0,施工特征,该时间窗内的砂比变化特征。,,,,sand_feature:红页L1HF:14:2
E00164,时间窗 W003,时间窗,井 红页L1HF-段 14 中使用液型 0.25%减阻水 的连续时间窗。,,,,time_window:红页L1HF:14:3
E00165,0.25%减阻水@时间窗 W003,液型时间窗,井 红页L1HF-段 14-时间窗 W003 对应的液型使用实例。,,,,fluid_usage:红页L1HF:14:3:0.25%减阻水
E00166,"施工泵压变化 起39.83→止70.07，变化30.24，均值61.5465，范围[39.83, 91.81]",施工特征,该时间窗内的施工泵压变化特征。,,,,pressure_feature:红页L1HF:14:3
E00167,"排量变化 起1.99→止24.05，变化22.06，均值10.744，范围[1.99, 24.05]",施工特征,该时间窗内的排量变化特征。,,,,flow_feature:红页L1HF:14:3
E00168,"砂比变化 起1.4→止5.1，变化3.7，均值4.125，范围[1.4, 5.4]",施工特征,该时间窗内的砂比变化特征。,,,,sand_feature:红页L1HF:14:3
E00169,时间窗 W004,时间窗,井 红页L1HF-段 14 中使用液型 0.12%减阻水 的连续时间窗。,,,,time_window:红页L1HF:14:4
E00170,0.12%减阻水@时间窗 W004,液型时间窗,井 红页L1HF-段 14-时间窗 W004 对应的液型使用实例。,,,,fluid_usage:红页L1HF:14:4:0.12%减阻水
E00171,"施工泵压变化 起70.32→止80.34，变化10.02，均值77.9778，范围[67.01, 86.47]",施工特征,该时间窗内的施工泵压变化特征。,,,,pressure_feature:红页L1HF:14:4
E00172,"排量变化 起24.05→止24.04，变化-0.01，均值23.9793，范围[19.87, 24.06]",施工特征,该时间窗内的排量变化特征。,,,,flow_feature:红页L1HF:14:4
E00173,"砂比变化 起5.1→止13，变化7.9，均值9.4339，范围[0.1, 13]",施工特征,该时间窗内的砂比变化特征。,,,,sand_feature:红页L1HF:14:4
E00174,时间窗 W005,时间窗,井 红页L1HF-段 14 中使用液型 0.25%减阻水 的连续时间窗。,,,,time_window:红页L1HF:14:5
E00175,0.25%减阻水@时间窗 W005,液型时间窗,井 红页L1HF-段 14-时间窗 W005 对应的液型使用实例。,,,,fluid_usage:红页L1HF:14:5:0.25%减阻水
E00176,"施工泵压变化 起80.33→止80.04，变化-0.29，均值80.186，范围[80.04, 80.33]",施工特征,该时间窗内的施工泵压变化特征。,,,,pressure_feature:红页L1HF:14:5
E00177,"排量变化 起24.04→止24.04，变化0，均值24.04，范围[24.04, 24.04]",施工特征,该时间窗内的排量变化特征。,,,,flow_feature:红页L1HF:14:5
E00178,"砂比变化 起13→止13，变化0，均值13，范围[13, 13]",施工特征,该时间窗内的砂比变化特征。,,,,sand_feature:红页L1HF:14:5
E00179,时间窗 W006,时间窗,井 红页L1HF-段 14 中使用液型 0.12%减阻水 的连续时间窗。,,,,time_window:红页L1HF:14:6
E00180,0.12%减阻水@时间窗 W006,液型时间窗,井 红页L1HF-段 14-时间窗 W006 对应的液型使用实例。,,,,fluid_usage:红页L1HF:14:6:0.12%减阻水
E00181,"施工泵压变化 起80→止0.56，变化-79.44，均值43.5917，范围[0.56, 80.08]",施工特征,该时间窗内的施工泵压变化特征。,,,,pressure_feature:红页L1HF:14:6
E00182,"排量变化 起24.04→止0，变化-24.04，均值2.2208，范围[0, 24.04]",施工特征,该时间窗内的排量变化特征。,,,,flow_feature:红页L1HF:14:6
E00183,砂比变化：0,施工特征,该时间窗内的砂比变化特征。,,,,sand_feature:红页L1HF:14:6
E00184,段 15,压裂段,井 红页L1HF 的第 15 段。,,,,segment:红页L1HF:15
E00185,时间窗 W001,时间窗,井 红页L1HF-段 15 中使用液型 0.12%减阻水 的连续时间窗。,,,,time_window:红页L1HF:15:1
E00186,0.12%减阻水@时间窗 W001,液型时间窗,井 红页L1HF-段 15-时间窗 W001 对应的液型使用实例。,,,,fluid_usage:红页L1HF:15:1:0.12%减阻水
E00187,"施工泵压变化 起6.71→止38.12，变化31.41，均值32.0825，范围[6.71, 38.12]",施工特征,该时间窗内的施工泵压变化特征。,,,,pressure_feature:红页L1HF:15:1
E00188,"排量变化 起0.13→止2，变化1.87，均值1.6838，范围[0.13, 2.06]",施工特征,该时间窗内的排量变化特征。,,,,flow_feature:红页L1HF:15:1
E00189,砂比变化：0,施工特征,该时间窗内的砂比变化特征。,,,,sand_feature:红页L1HF:15:1
E00190,时间窗 W002,时间窗,井 红页L1HF-段 15 中使用液型 15%HCl 的连续时间窗。,,,,time_window:红页L1HF:15:2
E00191,15%HCl@时间窗 W002,液型时间窗,井 红页L1HF-段 15-时间窗 W002 对应的液型使用实例。,,,,fluid_usage:红页L1HF:15:2:15%HCl
E00192,"施工泵压变化 起38.37→止41.39，变化3.02，均值40.2252，范围[38.37, 41.39]",施工特征,该时间窗内的施工泵压变化特征。,,,,pressure_feature:红页L1HF:15:2
E00193,"排量变化 起2→止2，变化0，均值2，范围[2, 2]",施工特征,该时间窗内的排量变化特征。,,,,flow_feature:红页L1HF:15:2
E00194,砂比变化：0,施工特征,该时间窗内的砂比变化特征。,,,,sand_feature:红页L1HF:15:2
E00195,时间窗 W003,时间窗,井 红页L1HF-段 15 中使用液型 0.25%减阻水 的连续时间窗。,,,,time_window:红页L1HF:15:3
E00196,0.25%减阻水@时间窗 W003,液型时间窗,井 红页L1HF-段 15-时间窗 W003 对应的液型使用实例。,,,,fluid_usage:红页L1HF:15:3:0.25%减阻水
E00197,"施工泵压变化 起41.49→止74.54，变化33.05，均值66.3958，范围[41.49, 90.89]",施工特征,该时间窗内的施工泵压变化特征。,,,,pressure_feature:红页L1HF:15:3
E00198,"排量变化 起2→止24.05，变化22.05，均值10.6773，范围[2, 24.05]",施工特征,该时间窗内的排量变化特征。,,,,flow_feature:红页L1HF:15:3
E00199,砂比变化：0,施工特征,该时间窗内的砂比变化特征。,,,,sand_feature:红页L1HF:15:3
E00200,时间窗 W004,时间窗,井 红页L1HF-段 15 中使用液型 0.12%减阻水 的连续时间窗。,,,,time_window:红页L1HF:15:4
E00201,0.12%减阻水@时间窗 W004,液型时间窗,井 红页L1HF-段 15-时间窗 W004 对应的液型使用实例。,,,,fluid_usage:红页L1HF:15:4:0.12%减阻水
E00202,"施工泵压变化 起74.62→止86.16，变化11.54，均值82.5118，范围[68.97, 91.24]",施工特征,该时间窗内的施工泵压变化特征。,,,,pressure_feature:红页L1HF:15:4
E00203,"排量变化 起24.05→止22.16，变化-1.89，均值22.5968，范围[16.9, 24.06]",施工特征,该时间窗内的排量变化特征。,,,,flow_feature:红页L1HF:15:4
E00204,"砂比变化 起1→止12，变化11，均值9.1974，范围[0.1, 13]",施工特征,该时间窗内的砂比变化特征。,,,,sand_feature:红页L1HF:15:4
E00205,时间窗 W005,时间窗,井 红页L1HF-段 15 中使用液型 0.25%减阻水 的连续时间窗。,,,,time_window:红页L1HF:15:5
E00206,0.25%减阻水@时间窗 W005,液型时间窗,井 红页L1HF-段 15-时间窗 W005 对应的液型使用实例。,,,,fluid_usage:红页L1HF:15:5:0.25%减阻水
E00207,"施工泵压变化 起86.17→止86，变化-0.17，均值86.11，范围[85.96, 86.3]",施工特征,该时间窗内的施工泵压变化特征。,,,,pressure_feature:红页L1HF:15:5
E00208,"排量变化 起22.16→止22.16，变化0，均值22.16，范围[22.16, 22.16]",施工特征,该时间窗内的排量变化特征。,,,,flow_feature:红页L1HF:15:5
E00209,"砂比变化 起12→止0.3，变化-11.7，均值11.3182，范围[0.3, 12]",施工特征,该时间窗内的砂比变化特征。,,,,sand_feature:红页L1HF:15:5
E00210,时间窗 W006,时间窗,井 红页L1HF-段 15 中使用液型 0.12%减阻水 的连续时间窗。,,,,time_window:红页L1HF:15:6
E00211,0.12%减阻水@时间窗 W006,液型时间窗,井 红页L1HF-段 15-时间窗 W006 对应的液型使用实例。,,,,fluid_usage:红页L1HF:15:6:0.12%减阻水
E00212,"施工泵压变化 起85.94→止0，变化-85.94，均值40.838，范围[0, 85.94]",施工特征,该时间窗内的施工泵压变化特征。,,,,pressure_feature:红页L1HF:15:6
E00213,"排量变化 起22.16→止0，变化-22.16，均值1.7545，范围[0, 22.16]",施工特征,该时间窗内的排量变化特征。,,,,flow_feature:红页L1HF:15:6
E00214,砂比变化：0,施工特征,该时间窗内的砂比变化特征。,,,,sand_feature:红页L1HF:15:6
E00215,段 16,压裂段,井 红页L1HF 的第 16 段。,,,,segment:红页L1HF:16
E00216,时间窗 W001,时间窗,井 红页L1HF-段 16 中使用液型 未标注液型 的连续时间窗。,,,,time_window:红页L1HF:16:1
E00217,未标注液型@时间窗 W001,液型时间窗,井 红页L1HF-段 16-时间窗 W001 对应的液型使用实例。,,,,fluid_usage:红页L1HF:16:1:未标注液型
E00218,"施工泵压变化 起5.33→止20.12，变化14.79，均值12.725，范围[5.33, 20.12]",施工特征,该时间窗内的施工泵压变化特征。,,,,pressure_feature:红页L1HF:16:1
E00219,"排量变化 起0→止0，变化0，均值0，范围[0, 0]",施工特征,该时间窗内的排量变化特征。,,,,flow_feature:红页L1HF:16:1
E00220,砂比变化：0,施工特征,该时间窗内的砂比变化特征。,,,,sand_feature:红页L1HF:16:1
E00221,时间窗 W002,时间窗,井 红页L1HF-段 16 中使用液型 0.12%减阻水 的连续时间窗。,,,,time_window:红页L1HF:16:2
E00222,0.12%减阻水@时间窗 W002,液型时间窗,井 红页L1HF-段 16-时间窗 W002 对应的液型使用实例。,,,,fluid_usage:红页L1HF:16:2:0.12%减阻水
E00223,"施工泵压变化 起21.84→止46.12，变化24.28，均值36.9526，范围[21.84, 46.12]",施工特征,该时间窗内的施工泵压变化特征。,,,,pressure_feature:红页L1HF:16:2
E00224,"排量变化 起0.35→止2，变化1.65，均值1.5916，范围[0.35, 2]",施工特征,该时间窗内的排量变化特征。,,,,flow_feature:红页L1HF:16:2
E00225,砂比变化：0,施工特征,该时间窗内的砂比变化特征。,,,,sand_feature:红页L1HF:16:2
E00226,时间窗 W003,时间窗,井 红页L1HF-段 16 中使用液型 15%HCl 的连续时间窗。,,,,time_window:红页L1HF:16:3
E00227,15%HCl@时间窗 W003,液型时间窗,井 红页L1HF-段 16-时间窗 W003 对应的液型使用实例。,,,,fluid_usage:红页L1HF:16:3:15%HCl
E00228,"施工泵压变化 起46.36→止47.78，变化1.42，均值47.5897，范围[46.36, 47.83]",施工特征,该时间窗内的施工泵压变化特征。,,,,pressure_feature:红页L1HF:16:3
E00229,"排量变化 起2→止2，变化0，均值2，范围[2, 2]",施工特征,该时间窗内的排量变化特征。,,,,flow_feature:红页L1HF:16:3
E00230,砂比变化：0,施工特征,该时间窗内的砂比变化特征。,,,,sand_feature:红页L1HF:16:3
E00231,时间窗 W004,时间窗,井 红页L1HF-段 16 中使用液型 0.25%减阻水 的连续时间窗。,,,,time_window:红页L1HF:16:4
E00232,0.25%减阻水@时间窗 W004,液型时间窗,井 红页L1HF-段 16-时间窗 W004 对应的液型使用实例。,,,,fluid_usage:红页L1HF:16:4:0.25%减阻水
E00233,"施工泵压变化 起47.83→止47.83，变化0，均值47.83，范围[47.83, 47.83]",施工特征,该时间窗内的施工泵压变化特征。,,,,pressure_feature:红页L1HF:16:4
E00234,"排量变化 起2→止2，变化0，均值2，范围[2, 2]",施工特征,该时间窗内的排量变化特征。,,,,flow_feature:红页L1HF:16:4
E00235,砂比变化：0,施工特征,该时间窗内的砂比变化特征。,,,,sand_feature:红页L1HF:16:4
E00236,时间窗 W005,时间窗,井 红页L1HF-段 16 中使用液型 15%HCl 的连续时间窗。,,,,time_window:红页L1HF:16:5
E00237,15%HCl@时间窗 W005,液型时间窗,井 红页L1HF-段 16-时间窗 W005 对应的液型使用实例。,,,,fluid_usage:红页L1HF:16:5:15%HCl
E00238,"施工泵压变化 起47.82→止47.82，变化0，均值47.82，范围[47.82, 47.82]",施工特征,该时间窗内的施工泵压变化特征。,,,,pressure_feature:红页L1HF:16:5
E00239,"排量变化 起2→止2，变化0，均值2，范围[2, 2]",施工特征,该时间窗内的排量变化特征。,,,,flow_feature:红页L1HF:16:5
E00240,砂比变化：0,施工特征,该时间窗内的砂比变化特征。,,,,sand_feature:红页L1HF:16:5
E00241,时间窗 W006,时间窗,井 红页L1HF-段 16 中使用液型 0.25%减阻水 的连续时间窗。,,,,time_window:红页L1HF:16:6
E00242,0.25%减阻水@时间窗 W006,液型时间窗,井 红页L1HF-段 16-时间窗 W006 对应的液型使用实例。,,,,fluid_usage:红页L1HF:16:6:0.25%减阻水
E00243,"施工泵压变化 起47.84→止71.51，变化23.67，均值66.7444，范围[47.84, 91.98]",施工特征,该时间窗内的施工泵压变化特征。,,,,pressure_feature:红页L1HF:16:6
E00244,"排量变化 起2→止24.09，变化22.09，均值11.307，范围[2, 24.09]",施工特征,该时间窗内的排量变化特征。,,,,flow_feature:红页L1HF:16:6
E00245,"砂比变化 起1.4→止5.1，变化3.7，均值4.34，范围[1.4, 5.4]",施工特征,该时间窗内的砂比变化特征。,,,,sand_feature:红页L1HF:16:6
E00246,时间窗 W007,时间窗,井 红页L1HF-段 16 中使用液型 0.12%减阻水 的连续时间窗。,,,,time_window:红页L1HF:16:7
E00247,0.12%减阻水@时间窗 W007,液型时间窗,井 红页L1HF-段 16-时间窗 W007 对应的液型使用实例。,,,,fluid_usage:红页L1HF:16:7:0.12%减阻水
E00248,"施工泵压变化 起71.73→止87.67，变化15.94，均值82.1859，范围[63.03, 91.78]",施工特征,该时间窗内的施工泵压变化特征。,,,,pressure_feature:红页L1HF:16:7
E00249,"排量变化 起24.09→止24.07，变化-0.02，均值23.6299，范围[18.17, 24.14]",施工特征,该时间窗内的排量变化特征。,,,,flow_feature:红页L1HF:16:7
E00250,"砂比变化 起5.1→止14，变化8.9，均值9.7328，范围[0.2, 14]",施工特征,该时间窗内的砂比变化特征。,,,,sand_feature:红页L1HF:16:7
E00251,时间窗 W008,时间窗,井 红页L1HF-段 16 中使用液型 0.25%减阻水 的连续时间窗。,,,,time_window:红页L1HF:16:8
E00252,0.25%减阻水@时间窗 W008,液型时间窗,井 红页L1HF-段 16-时间窗 W008 对应的液型使用实例。,,,,fluid_usage:红页L1HF:16:8:0.25%减阻水
E00253,"施工泵压变化 起87.58→止85.77，变化-1.81，均值86.78，范围[85.77, 87.6]",施工特征,该时间窗内的施工泵压变化特征。,,,,pressure_feature:红页L1HF:16:8
E00254,"排量变化 起24.07→止24.07，变化0，均值24.07，范围[24.07, 24.07]",施工特征,该时间窗内的排量变化特征。,,,,flow_feature:红页L1HF:16:8
E00255,"砂比变化 起14→止1.8，变化-12.2，均值12.9833，范围[1.8, 14]",施工特征,该时间窗内的砂比变化特征。,,,,sand_feature:红页L1HF:16:8
E00256,时间窗 W009,时间窗,井 红页L1HF-段 16 中使用液型 0.12%减阻水 的连续时间窗。,,,,time_window:红页L1HF:16:9
E00257,0.12%减阻水@时间窗 W009,液型时间窗,井 红页L1HF-段 16-时间窗 W009 对应的液型使用实例。,,,,fluid_usage:红页L1HF:16:9:0.12%减阻水
E00258,"施工泵压变化 起85.6→止0.76，变化-84.84，均值36.3602，范围[0.76, 85.6]",施工特征,该时间窗内的施工泵压变化特征。,,,,pressure_feature:红页L1HF:16:9
E00259,"排量变化 起24.07→止0，变化-24.07，均值1.648，范围[0, 24.09]",施工特征,该时间窗内的排量变化特征。,,,,flow_feature:红页L1HF:16:9
E00260,砂比变化：0,施工特征,该时间窗内的砂比变化特征。,,,,sand_feature:红页L1HF:16:9
E00261,段 17,压裂段,井 红页L1HF 的第 17 段。,,,,segment:红页L1HF:17
E00262,时间窗 W001,时间窗,井 红页L1HF-段 17 中使用液型 未标注液型 的连续时间窗。,,,,time_window:红页L1HF:17:1
E00263,未标注液型@时间窗 W001,液型时间窗,井 红页L1HF-段 17-时间窗 W001 对应的液型使用实例。,,,,fluid_usage:红页L1HF:17:1:未标注液型
E00264,"施工泵压变化 起16.52→止16.52，变化0，均值16.52，范围[16.52, 16.52]",施工特征,该时间窗内的施工泵压变化特征。,,,,pressure_feature:红页L1HF:17:1
E00265,"排量变化 起0.07→止0.07，变化0，均值0.07，范围[0.07, 0.07]",施工特征,该时间窗内的排量变化特征。,,,,flow_feature:红页L1HF:17:1
E00266,砂比变化：0,施工特征,该时间窗内的砂比变化特征。,,,,sand_feature:红页L1HF:17:1
E00267,时间窗 W002,时间窗,井 红页L1HF-段 17 中使用液型 0.12%减阻水 的连续时间窗。,,,,time_window:红页L1HF:17:2
E00268,0.12%减阻水@时间窗 W002,液型时间窗,井 红页L1HF-段 17-时间窗 W002 对应的液型使用实例。,,,,fluid_usage:红页L1HF:17:2:0.12%减阻水
E00269,"施工泵压变化 起24.02→止39.1，变化15.08，均值34.0067，范围[24.02, 39.1]",施工特征,该时间窗内的施工泵压变化特征。,,,,pressure_feature:红页L1HF:17:2
E00270,"排量变化 起0.42→止1.99，变化1.57，均值1.6439，范围[0.42, 1.99]",施工特征,该时间窗内的排量变化特征。,,,,flow_feature:红页L1HF:17:2
E00271,砂比变化：0,施工特征,该时间窗内的砂比变化特征。,,,,sand_feature:红页L1HF:17:2
E00272,时间窗 W003,时间窗,井 红页L1HF-段 17 中使用液型 15%HCl 的连续时间窗。,,,,time_window:红页L1HF:17:3
E00273,15%HCl@时间窗 W003,液型时间窗,井 红页L1HF-段 17-时间窗 W003 对应的液型使用实例。,,,,fluid_usage:红页L1HF:17:3:15%HCl
E00274,"施工泵压变化 起39.01→止40.1，变化1.09，均值39.6462，范围[39, 40.1]",施工特征,该时间窗内的施工泵压变化特征。,,,,pressure_feature:红页L1HF:17:3
E00275,"排量变化 起1.99→止1.99，变化0，均值1.99，范围[1.99, 1.99]",施工特征,该时间窗内的排量变化特征。,,,,flow_feature:红页L1HF:17:3
E00276,砂比变化：0,施工特征,该时间窗内的砂比变化特征。,,,,sand_feature:红页L1HF:17:3
E00277,时间窗 W004,时间窗,井 红页L1HF-段 17 中使用液型 0.25%减阻水 的连续时间窗。,,,,time_window:红页L1HF:17:4
E00278,0.25%减阻水@时间窗 W004,液型时间窗,井 红页L1HF-段 17-时间窗 W004 对应的液型使用实例。,,,,fluid_usage:红页L1HF:17:4:0.25%减阻水
E00279,"施工泵压变化 起40.06→止77.32，变化37.26，均值67.8627，范围[40.06, 90.51]",施工特征,该时间窗内的施工泵压变化特征。,,,,pressure_feature:红页L1HF:17:4
E00280,"排量变化 起1.99→止24.08，变化22.09，均值11.8539，范围[1.99, 24.08]",施工特征,该时间窗内的排量变化特征。,,,,flow_feature:红页L1HF:17:4
E00281,"砂比变化 起1.5→止5.2，变化3.7，均值3.35，范围[1.5, 5.2]",施工特征,该时间窗内的砂比变化特征。,,,,sand_feature:红页L1HF:17:4
E00282,时间窗 W005,时间窗,井 红页L1HF-段 17 中使用液型 0.12%减阻水 的连续时间窗。,,,,time_window:红页L1HF:17:5
E00283,0.12%减阻水@时间窗 W005,液型时间窗,井 红页L1HF-段 17-时间窗 W005 对应的液型使用实例。,,,,fluid_usage:红页L1HF:17:5:0.12%减阻水
E00284,"施工泵压变化 起77.19→止86.83，变化9.64，均值84.2036，范围[59.88, 90.33]",施工特征,该时间窗内的施工泵压变化特征。,,,,pressure_feature:红页L1HF:17:5
E00285,"排量变化 起24.08→止22.77，变化-1.31，均值23.4246，范围[15.11, 24.09]",施工特征,该时间窗内的排量变化特征。,,,,flow_feature:红页L1HF:17:5
E00286,"砂比变化 起5.4→止12，变化6.6，均值9.2253，范围[0.1, 12.1]",施工特征,该时间窗内的砂比变化特征。,,,,sand_feature:红页L1HF:17:5
E00287,时间窗 W006,时间窗,井 红页L1HF-段 17 中使用液型 0.18%减阻水 的连续时间窗。,,,,time_window:红页L1HF:17:6
E00288,0.18%减阻水@时间窗 W006,液型时间窗,井 红页L1HF-段 17-时间窗 W006 对应的液型使用实例。,,,,fluid_usage:红页L1HF:17:6:0.18%减阻水
E00289,"施工泵压变化 起87.01→止86.51，变化-0.5，均值87.174，范围[86.51, 87.92]",施工特征,该时间窗内的施工泵压变化特征。,,,,pressure_feature:红页L1HF:17:6
E00290,"排量变化 起22.77→止22.77，变化0，均值22.77，范围[22.77, 22.77]",施工特征,该时间窗内的排量变化特征。,,,,flow_feature:红页L1HF:17:6
E00291,"砂比变化 起12→止1.7，变化-10.3，均值11.8321，范围[1.7, 13]",施工特征,该时间窗内的砂比变化特征。,,,,sand_feature:红页L1HF:17:6
E00292,时间窗 W007,时间窗,井 红页L1HF-段 17 中使用液型 0.12%减阻水 的连续时间窗。,,,,time_window:红页L1HF:17:7
E00293,0.12%减阻水@时间窗 W007,液型时间窗,井 红页L1HF-段 17-时间窗 W007 对应的液型使用实例。,,,,fluid_usage:红页L1HF:17:7:0.12%减阻水
E00294,"施工泵压变化 起86.44→止89.15，变化2.71，均值86.9114，范围[68.61, 91.88]",施工特征,该时间窗内的施工泵压变化特征。,,,,pressure_feature:红页L1HF:17:7
E00295,"排量变化 起22.77→止9.2，变化-13.57，均值16.39，范围[7.12, 22.77]",施工特征,该时间窗内的排量变化特征。,,,,flow_feature:红页L1HF:17:7
E00296,"砂比变化 起4.1→止2.1，变化-2，均值7.3789，范围[1.6, 10.1]",施工特征,该时间窗内的砂比变化特征。,,,,sand_feature:红页L1HF:17:7
E00297,时间窗 W008,时间窗,井 红页L1HF-段 17 中使用液型 0 的连续时间窗。,,,,time_window:红页L1HF:17:8
E00298,0@时间窗 W008,液型时间窗,井 红页L1HF-段 17-时间窗 W008 对应的液型使用实例。,,,,fluid_usage:红页L1HF:17:8:0
E00299,"施工泵压变化 起89.52→止0，变化-89.52，均值85.4655，范围[0, 92.17]",施工特征,该时间窗内的施工泵压变化特征。,,,,pressure_feature:红页L1HF:17:8
E00300,"排量变化 起9.2→止0，变化-9.2，均值8.2956，范围[0, 9.66]",施工特征,该时间窗内的排量变化特征。,,,,flow_feature:红页L1HF:17:8
E00301,砂比变化：0,施工特征,该时间窗内的砂比变化特征。,,,,sand_feature:红页L1HF:17:8
E00302,段 18,压裂段,井 红页L1HF 的第 18 段。,,,,segment:红页L1HF:18
E00303,时间窗 W001,时间窗,井 红页L1HF-段 18 中使用液型 未标注液型 的连续时间窗。,,,,time_window:红页L1HF:18:1
E00304,未标注液型@时间窗 W001,液型时间窗,井 红页L1HF-段 18-时间窗 W001 对应的液型使用实例。,,,,fluid_usage:红页L1HF:18:1:未标注液型
E00305,"施工泵压变化 起10.92→止10.92，变化0，均值10.92，范围[10.92, 10.92]",施工特征,该时间窗内的施工泵压变化特征。,,,,pressure_feature:红页L1HF:18:1
E00306,"排量变化 起0→止0，变化0，均值0，范围[0, 0]",施工特征,该时间窗内的排量变化特征。,,,,flow_feature:红页L1HF:18:1
E00307,砂比变化：0,施工特征,该时间窗内的砂比变化特征。,,,,sand_feature:红页L1HF:18:1
E00308,时间窗 W002,时间窗,井 红页L1HF-段 18 中使用液型 0.12%减阻水 的连续时间窗。,,,,time_window:红页L1HF:18:2
E00309,0.12%减阻水@时间窗 W002,液型时间窗,井 红页L1HF-段 18-时间窗 W002 对应的液型使用实例。,,,,fluid_usage:红页L1HF:18:2:0.12%减阻水
E00310,"施工泵压变化 起24.04→止51.69，变化27.65，均值42.7537，范围[24.04, 51.69]",施工特征,该时间窗内的施工泵压变化特征。,,,,pressure_feature:红页L1HF:18:2
E00311,"排量变化 起0.08→止1.99，变化1.91，均值1.5747，范围[0.08, 1.99]",施工特征,该时间窗内的排量变化特征。,,,,flow_feature:红页L1HF:18:2
E00312,砂比变化：0,施工特征,该时间窗内的砂比变化特征。,,,,sand_feature:红页L1HF:18:2
E00313,时间窗 W003,时间窗,井 红页L1HF-段 18 中使用液型 15%HCl 的连续时间窗。,,,,time_window:红页L1HF:18:3
E00314,15%HCl@时间窗 W003,液型时间窗,井 红页L1HF-段 18-时间窗 W003 对应的液型使用实例。,,,,fluid_usage:红页L1HF:18:3:15%HCl
E00315,"施工泵压变化 起51.6→止48.67，变化-2.93，均值49.745，范围[48.67, 51.6]",施工特征,该时间窗内的施工泵压变化特征。,,,,pressure_feature:红页L1HF:18:3
E00316,"排量变化 起1.99→止1.99，变化0，均值1.99，范围[1.99, 1.99]",施工特征,该时间窗内的排量变化特征。,,,,flow_feature:红页L1HF:18:3
E00317,砂比变化：0,施工特征,该时间窗内的砂比变化特征。,,,,sand_feature:红页L1HF:18:3
E00318,时间窗 W004,时间窗,井 红页L1HF-段 18 中使用液型 0.25%减阻水 的连续时间窗。,,,,time_window:红页L1HF:18:4
E00319,0.25%减阻水@时间窗 W004,液型时间窗,井 红页L1HF-段 18-时间窗 W004 对应的液型使用实例。,,,,fluid_usage:红页L1HF:18:4:0.25%减阻水
E00320,"施工泵压变化 起48.65→止73.67，变化25.02，均值64.4128，范围[48.39, 88.13]",施工特征,该时间窗内的施工泵压变化特征。,,,,pressure_feature:红页L1HF:18:4
E00321,"排量变化 起1.99→止23，变化21.01，均值10.0866，范围[1.99, 23.5]",施工特征,该时间窗内的排量变化特征。,,,,flow_feature:红页L1HF:18:4
E00322,"砂比变化 起0.7→止0.7，变化0，均值0.7，范围[0.7, 0.7]",施工特征,该时间窗内的砂比变化特征。,,,,sand_feature:红页L1HF:18:4
E00323,时间窗 W005,时间窗,井 红页L1HF-段 18 中使用液型 0.18%减阻水 的连续时间窗。,,,,time_window:红页L1HF:18:5
E00324,0.18%减阻水@时间窗 W005,液型时间窗,井 红页L1HF-段 18-时间窗 W005 对应的液型使用实例。,,,,fluid_usage:红页L1HF:18:5:0.18%减阻水
E00325,"施工泵压变化 起73.71→止75.74，变化2.03，均值74.6652，范围[73.7, 75.87]",施工特征,该时间窗内的施工泵压变化特征。,,,,pressure_feature:红页L1HF:18:5
E00326,"排量变化 起23→止23，变化0，均值23，范围[23, 23]",施工特征,该时间窗内的排量变化特征。,,,,flow_feature:红页L1HF:18:5
E00327,"砂比变化 起4.1→止7.1，变化3，均值5.6478，范围[4.1, 7.1]",施工特征,该时间窗内的砂比变化特征。,,,,sand_feature:红页L1HF:18:5
E00328,时间窗 W006,时间窗,井 红页L1HF-段 18 中使用液型 0.12%减阻水 的连续时间窗。,,,,time_window:红页L1HF:18:6
E00329,0.12%减阻水@时间窗 W006,液型时间窗,井 红页L1HF-段 18-时间窗 W006 对应的液型使用实例。,,,,fluid_usage:红页L1HF:18:6:0.12%减阻水
E00330,"施工泵压变化 起75.81→止82.19，变化6.38，均值78.4805，范围[71.45, 82.22]",施工特征,该时间窗内的施工泵压变化特征。,,,,pressure_feature:红页L1HF:18:6
E00331,"排量变化 起23→止24.05，变化1.05，均值23.4201，范围[22.99, 24.15]",施工特征,该时间窗内的排量变化特征。,,,,flow_feature:红页L1HF:18:6
E00332,"砂比变化 起7.1→止13，变化5.9，均值9.9221，范围[0.1, 13]",施工特征,该时间窗内的砂比变化特征。,,,,sand_feature:红页L1HF:18:6
E00333,时间窗 W007,时间窗,井 红页L1HF-段 18 中使用液型 0.18%减阻水 的连续时间窗。,,,,time_window:红页L1HF:18:7
E00334,0.18%减阻水@时间窗 W007,液型时间窗,井 红页L1HF-段 18-时间窗 W007 对应的液型使用实例。,,,,fluid_usage:红页L1HF:18:7:0.18%减阻水
E00335,"施工泵压变化 起82.25→止82.83，变化0.58，均值82.5024，范围[82.16, 82.83]",施工特征,该时间窗内的施工泵压变化特征。,,,,pressure_feature:红页L1HF:18:7
E00336,"排量变化 起24.05→止24.04，变化-0.01，均值24.0421，范围[24.04, 24.05]",施工特征,该时间窗内的排量变化特征。,,,,flow_feature:红页L1HF:18:7
E00337,"砂比变化 起13→止0.3，变化-12.7，均值11.1941，范围[0.3, 13]",施工特征,该时间窗内的砂比变化特征。,,,,sand_feature:红页L1HF:18:7
E00338,时间窗 W008,时间窗,井 红页L1HF-段 18 中使用液型 0.12%减阻水 的连续时间窗。,,,,time_window:红页L1HF:18:8
E00339,0.12%减阻水@时间窗 W008,液型时间窗,井 红页L1HF-段 18-时间窗 W008 对应的液型使用实例。,,,,fluid_usage:红页L1HF:18:8:0.12%减阻水
E00340,"施工泵压变化 起82.91→止82.03，变化-0.88，均值82.4928，范围[70.49, 86.09]",施工特征,该时间窗内的施工泵压变化特征。,,,,pressure_feature:红页L1HF:18:8
E00341,"排量变化 起24.04→止24.04，变化0，均值23.7994，范围[20.05, 24.07]",施工特征,该时间窗内的排量变化特征。,,,,flow_feature:红页L1HF:18:8
E00342,"砂比变化 起2.8→止0.1，变化-2.7，均值9.9493，范围[0.1, 13]",施工特征,该时间窗内的砂比变化特征。,,,,sand_feature:红页L1HF:18:8
E00343,时间窗 W009,时间窗,井 红页L1HF-段 18 中使用液型 0.18%减阻水 的连续时间窗。,,,,time_window:红页L1HF:18:9
E00344,0.18%减阻水@时间窗 W009,液型时间窗,井 红页L1HF-段 18-时间窗 W009 对应的液型使用实例。,,,,fluid_usage:红页L1HF:18:9:0.18%减阻水
E00345,"施工泵压变化 起81.46→止82.58，变化1.12，均值81.5417，范围[79.47, 82.92]",施工特征,该时间窗内的施工泵压变化特征。,,,,pressure_feature:红页L1HF:18:9
E00346,"排量变化 起24.04→止24.04，变化0，均值24.04，范围[24.04, 24.04]",施工特征,该时间窗内的排量变化特征。,,,,flow_feature:红页L1HF:18:9
E00347,"砂比变化 起1.5→止12，变化10.5，均值10.3057，范围[1.5, 12]",施工特征,该时间窗内的砂比变化特征。,,,,sand_feature:红页L1HF:18:9
E00348,时间窗 W010,时间窗,井 红页L1HF-段 18 中使用液型 0.25%减阻水 的连续时间窗。,,,,time_window:红页L1HF:18:10
E00349,0.25%减阻水@时间窗 W010,液型时间窗,井 红页L1HF-段 18-时间窗 W010 对应的液型使用实例。,,,,fluid_usage:红页L1HF:18:10:0.25%减阻水
E00350,"施工泵压变化 起82.54→止81.99，变化-0.55，均值82.2418，范围[81.86, 82.54]",施工特征,该时间窗内的施工泵压变化特征。,,,,pressure_feature:红页L1HF:18:10
E00351,"排量变化 起24.04→止24.04，变化0，均值24.04，范围[24.04, 24.04]",施工特征,该时间窗内的排量变化特征。,,,,flow_feature:红页L1HF:18:10
E00352,"砂比变化 起12→止5.8，变化-6.2，均值12.1069，范围[5.8, 13]",施工特征,该时间窗内的砂比变化特征。,,,,sand_feature:红页L1HF:18:10
E00353,时间窗 W011,时间窗,井 红页L1HF-段 18 中使用液型 0.12%减阻水 的连续时间窗。,,,,time_window:红页L1HF:18:11
E00354,0.12%减阻水@时间窗 W011,液型时间窗,井 红页L1HF-段 18-时间窗 W011 对应的液型使用实例。,,,,fluid_usage:红页L1HF:18:11:0.12%减阻水
E00355,"施工泵压变化 起82.04→止0.44，变化-81.6，均值37.952，范围[0.44, 82.04]",施工特征,该时间窗内的施工泵压变化特征。,,,,pressure_feature:红页L1HF:18:11
E00356,"排量变化 起24.04→止0，变化-24.04，均值1.6401，范围[0, 24.04]",施工特征,该时间窗内的排量变化特征。,,,,flow_feature:红页L1HF:18:11
E00357,砂比变化：0,施工特征,该时间窗内的砂比变化特征。,,,,sand_feature:红页L1HF:18:11
E00358,段 19,压裂段,井 红页L1HF 的第 19 段。,,,,segment:红页L1HF:19
E00359,时间窗 W001,时间窗,井 红页L1HF-段 19 中使用液型 0 的连续时间窗。,,,,time_window:红页L1HF:19:1
E00360,0@时间窗 W001,液型时间窗,井 红页L1HF-段 19-时间窗 W001 对应的液型使用实例。,,,,fluid_usage:红页L1HF:19:1:0
E00361,"施工泵压变化 起17.51→止19.17，变化1.66，均值18.34，范围[17.51, 19.17]",施工特征,该时间窗内的施工泵压变化特征。,,,,pressure_feature:红页L1HF:19:1
E00362,"排量变化 起0→止0，变化0，均值0，范围[0, 0]",施工特征,该时间窗内的排量变化特征。,,,,flow_feature:红页L1HF:19:1
E00363,砂比变化：0,施工特征,该时间窗内的砂比变化特征。,,,,sand_feature:红页L1HF:19:1
E00364,时间窗 W002,时间窗,井 红页L1HF-段 19 中使用液型 0.12%减阻水 的连续时间窗。,,,,time_window:红页L1HF:19:2
E00365,0.12%减阻水@时间窗 W002,液型时间窗,井 红页L1HF-段 19-时间窗 W002 对应的液型使用实例。,,,,fluid_usage:红页L1HF:19:2:0.12%减阻水
E00366,"施工泵压变化 起19.17→止40.77，变化21.6，均值32.6316，范围[19.17, 40.77]",施工特征,该时间窗内的施工泵压变化特征。,,,,pressure_feature:红页L1HF:19:2
E00367,"排量变化 起0.08→止1.99，变化1.91，均值1.6389，范围[0.08, 1.99]",施工特征,该时间窗内的排量变化特征。,,,,flow_feature:红页L1HF:19:2
E00368,砂比变化：0,施工特征,该时间窗内的砂比变化特征。,,,,sand_feature:红页L1HF:19:2
E00369,时间窗 W003,时间窗,井 红页L1HF-段 19 中使用液型 15%HCl 的连续时间窗。,,,,time_window:红页L1HF:19:3
E00370,15%HCl@时间窗 W003,液型时间窗,井 红页L1HF-段 19-时间窗 W003 对应的液型使用实例。,,,,fluid_usage:红页L1HF:19:3:15%HCl
E00371,"施工泵压变化 起41.12→止45.86，变化4.74，均值43.9577，范围[41.12, 45.86]",施工特征,该时间窗内的施工泵压变化特征。,,,,pressure_feature:红页L1HF:19:3
E00372,"排量变化 起1.99→止1.99，变化0，均值1.99，范围[1.99, 1.99]",施工特征,该时间窗内的排量变化特征。,,,,flow_feature:红页L1HF:19:3
E00373,砂比变化：0,施工特征,该时间窗内的砂比变化特征。,,,,sand_feature:红页L1HF:19:3
E00374,时间窗 W004,时间窗,井 红页L1HF-段 19 中使用液型 0.25%减阻水 的连续时间窗。,,,,time_window:红页L1HF:19:4
E00375,0.25%减阻水@时间窗 W004,液型时间窗,井 红页L1HF-段 19-时间窗 W004 对应的液型使用实例。,,,,fluid_usage:红页L1HF:19:4:0.25%减阻水
E00376,"施工泵压变化 起45.96→止77.84，变化31.88，均值67.5086，范围[45.96, 90.3]",施工特征,该时间窗内的施工泵压变化特征。,,,,pressure_feature:红页L1HF:19:4
E00377,"排量变化 起1.99→止24.09，变化22.1，均值11.6474，范围[1.99, 24.09]",施工特征,该时间窗内的排量变化特征。,,,,flow_feature:红页L1HF:19:4
E00378,砂比变化：0,施工特征,该时间窗内的砂比变化特征。,,,,sand_feature:红页L1HF:19:4
E00379,时间窗 W005,时间窗,井 红页L1HF-段 19 中使用液型 0.18%减阻水 的连续时间窗。,,,,time_window:红页L1HF:19:5
E00380,0.18%减阻水@时间窗 W005,液型时间窗,井 红页L1HF-段 19-时间窗 W005 对应的液型使用实例。,,,,fluid_usage:红页L1HF:19:5:0.18%减阻水
E00381,"施工泵压变化 起77.87→止79.69，变化1.82，均值78.48，范围[77.86, 79.72]",施工特征,该时间窗内的施工泵压变化特征。,,,,pressure_feature:红页L1HF:19:5
E00382,"排量变化 起24.09→止24.09，变化0，均值24.09，范围[24.09, 24.09]",施工特征,该时间窗内的排量变化特征。,,,,flow_feature:红页L1HF:19:5
E00383,"砂比变化 起0.3→止5，变化4.7，均值4.7556，范围[0.3, 5.6]",施工特征,该时间窗内的砂比变化特征。,,,,sand_feature:红页L1HF:19:5
E00384,时间窗 W006,时间窗,井 红页L1HF-段 19 中使用液型 0.12%减阻水 的连续时间窗。,,,,time_window:红页L1HF:19:6
E00385,0.12%减阻水@时间窗 W006,液型时间窗,井 红页L1HF-段 19-时间窗 W006 对应的液型使用实例。,,,,fluid_usage:红页L1HF:19:6:0.12%减阻水
E00386,"施工泵压变化 起79.68→止83.83，变化4.15，均值82.3903，范围[72.19, 88.31]",施工特征,该时间窗内的施工泵压变化特征。,,,,pressure_feature:红页L1HF:19:6
E00387,"排量变化 起24.09→止24.07，变化-0.02，均值23.9736，范围[19.96, 24.09]",施工特征,该时间窗内的排量变化特征。,,,,flow_feature:红页L1HF:19:6
E00388,"砂比变化 起5.7→止8.3，变化2.6，均值9.8003，范围[0.1, 13]",施工特征,该时间窗内的砂比变化特征。,,,,sand_feature:红页L1HF:19:6
E00389,时间窗 W007,时间窗,井 红页L1HF-段 19 中使用液型 0.18%减阻水 的连续时间窗。,,,,time_window:红页L1HF:19:7
E00390,0.18%减阻水@时间窗 W007,液型时间窗,井 红页L1HF-段 19-时间窗 W007 对应的液型使用实例。,,,,fluid_usage:红页L1HF:19:7:0.18%减阻水
E00391,"施工泵压变化 起83.05→止86.5，变化3.45，均值85.0792，范围[76.45, 86.72]",施工特征,该时间窗内的施工泵压变化特征。,,,,pressure_feature:红页L1HF:19:7
E00392,"排量变化 起24.07→止24.07，变化0，均值24.0731，范围[24.07, 24.11]",施工特征,该时间窗内的排量变化特征。,,,,flow_feature:红页L1HF:19:7
E00393,"砂比变化 起8.5→止12.1，变化3.6，均值9.4854，范围[2.2, 12.1]",施工特征,该时间窗内的砂比变化特征。,,,,sand_feature:红页L1HF:19:7
E00394,时间窗 W008,时间窗,井 红页L1HF-段 19 中使用液型 0.25%减阻水 的连续时间窗。,,,,time_window:红页L1HF:19:8
E00395,0.25%减阻水@时间窗 W008,液型时间窗,井 红页L1HF-段 19-时间窗 W008 对应的液型使用实例。,,,,fluid_usage:红页L1HF:19:8:0.25%减阻水
E00396,"施工泵压变化 起86.54→止86.48，变化-0.06，均值86.4589，范围[86.12, 86.83]",施工特征,该时间窗内的施工泵压变化特征。,,,,pressure_feature:红页L1HF:19:8
E00397,"排量变化 起24.07→止24.07，变化0，均值24.07，范围[24.07, 24.07]",施工特征,该时间窗内的排量变化特征。,,,,flow_feature:红页L1HF:19:8
E00398,"砂比变化 起10.7→止0.5，变化-10.2，均值11.9759，范围[0.5, 13]",施工特征,该时间窗内的砂比变化特征。,,,,sand_feature:红页L1HF:19:8
E00399,时间窗 W009,时间窗,井 红页L1HF-段 19 中使用液型 0.12%减阻水 的连续时间窗。,,,,time_window:红页L1HF:19:9
E00400,0.12%减阻水@时间窗 W009,液型时间窗,井 红页L1HF-段 19-时间窗 W009 对应的液型使用实例。,,,,fluid_usage:红页L1HF:19:9:0.12%减阻水
E00401,"施工泵压变化 起86.36→止0，变化-86.36，均值42.0909，范围[0, 86.36]",施工特征,该时间窗内的施工泵压变化特征。,,,,pressure_feature:红页L1HF:19:9
E00402,"排量变化 起24.07→止0，变化-24.07，均值1.4574，范围[0, 24.08]",施工特征,该时间窗内的排量变化特征。,,,,flow_feature:红页L1HF:19:9
E00403,砂比变化：0,施工特征,该时间窗内的砂比变化特征。,,,,sand_feature:红页L1HF:19:9
E00404,段 2,压裂段,井 红页L1HF 的第 2 段。,,,,segment:红页L1HF:2
E00405,时间窗 W001,时间窗,井 红页L1HF-段 2 中使用液型 0 的连续时间窗。,,,,time_window:红页L1HF:2:1
E00406,0@时间窗 W001,液型时间窗,井 红页L1HF-段 2-时间窗 W001 对应的液型使用实例。,,,,fluid_usage:红页L1HF:2:1:0
E00407,"施工泵压变化 起11.21→止14.24，变化3.03，均值13.225，范围[9.66, 14.24]",施工特征,该时间窗内的施工泵压变化特征。,,,,pressure_feature:红页L1HF:2:1
E00408,"排量变化 起0→止0.26，变化0.26，均值0.0217，范围[0, 0.26]",施工特征,该时间窗内的排量变化特征。,,,,flow_feature:红页L1HF:2:1
E00409,砂比变化：0,施工特征,该时间窗内的砂比变化特征。,,,,sand_feature:红页L1HF:2:1
E00410,时间窗 W002,时间窗,井 红页L1HF-段 2 中使用液型 0.12%减阻水 的连续时间窗。,,,,time_window:红页L1HF:2:2
E00411,0.12%减阻水@时间窗 W002,液型时间窗,井 红页L1HF-段 2-时间窗 W002 对应的液型使用实例。,,,,fluid_usage:红页L1HF:2:2:0.12%减阻水
E00412,"施工泵压变化 起15.64→止42.13，变化26.49，均值31.4871，范围[15.64, 42.15]",施工特征,该时间窗内的施工泵压变化特征。,,,,pressure_feature:红页L1HF:2:2
E00413,"排量变化 起0.45→止2.01，变化1.56，均值1.2833，范围[0.45, 2.12]",施工特征,该时间窗内的排量变化特征。,,,,flow_feature:红页L1HF:2:2
E00414,砂比变化：0,施工特征,该时间窗内的砂比变化特征。,,,,sand_feature:红页L1HF:2:2
E00415,时间窗 W003,时间窗,井 红页L1HF-段 2 中使用液型 15%HCl 的连续时间窗。,,,,time_window:红页L1HF:2:3
E00416,15%HCl@时间窗 W003,液型时间窗,井 红页L1HF-段 2-时间窗 W003 对应的液型使用实例。,,,,fluid_usage:红页L1HF:2:3:15%HCl
E00417,"施工泵压变化 起42.13→止39.14，变化-2.99，均值40.7107，范围[39.14, 42.13]",施工特征,该时间窗内的施工泵压变化特征。,,,,pressure_feature:红页L1HF:2:3
E00418,"排量变化 起2.01→止2.01，变化0，均值2.01，范围[2.01, 2.01]",施工特征,该时间窗内的排量变化特征。,,,,flow_feature:红页L1HF:2:3
E00419,砂比变化：0,施工特征,该时间窗内的砂比变化特征。,,,,sand_feature:红页L1HF:2:3
E00420,时间窗 W004,时间窗,井 红页L1HF-段 2 中使用液型 0.25%减阻水 的连续时间窗。,,,,time_window:红页L1HF:2:4
E00421,0.25%减阻水@时间窗 W004,液型时间窗,井 红页L1HF-段 2-时间窗 W004 对应的液型使用实例。,,,,fluid_usage:红页L1HF:2:4:0.25%减阻水
E00422,"施工泵压变化 起39.04→止63.87，变化24.83，均值51.8617，范围[39, 87.98]",施工特征,该时间窗内的施工泵压变化特征。,,,,pressure_feature:红页L1HF:2:4
E00423,"排量变化 起2.01→止23.98，变化21.97，均值8.5935，范围[2.01, 23.99]",施工特征,该时间窗内的排量变化特征。,,,,flow_feature:红页L1HF:2:4
E00424,"砂比变化 起0.7→止0.7，变化0，均值0.7，范围[0.7, 0.7]",施工特征,该时间窗内的砂比变化特征。,,,,sand_feature:红页L1HF:2:4
E00425,时间窗 W005,时间窗,井 红页L1HF-段 2 中使用液型 0.12%减阻水 的连续时间窗。,,,,time_window:红页L1HF:2:5
E00426,0.12%减阻水@时间窗 W005,液型时间窗,井 红页L1HF-段 2-时间窗 W005 对应的液型使用实例。,,,,fluid_usage:红页L1HF:2:5:0.12%减阻水
E00427,"施工泵压变化 起64→止76.97，变化12.97，均值68.9419，范围[44.91, 77.57]",施工特征,该时间窗内的施工泵压变化特征。,,,,pressure_feature:红页L1HF:2:5
E00428,"排量变化 起23.98→止24.06，变化0.08，均值22.8328，范围[11.59, 24.06]",施工特征,该时间窗内的排量变化特征。,,,,flow_feature:红页L1HF:2:5
E00429,"砂比变化 起3.9→止0.6，变化-3.3，均值9.2769，范围[0.2, 12.4]",施工特征,该时间窗内的砂比变化特征。,,,,sand_feature:红页L1HF:2:5
E00430,时间窗 W006,时间窗,井 红页L1HF-段 2 中使用液型 0.25%减阻水 的连续时间窗。,,,,time_window:红页L1HF:2:6
E00431,0.25%减阻水@时间窗 W006,液型时间窗,井 红页L1HF-段 2-时间窗 W006 对应的液型使用实例。,,,,fluid_usage:红页L1HF:2:6:0.25%减阻水
E00432,"施工泵压变化 起76.87→止75.84，变化-1.03，均值75.5394，范围[73.87, 76.88]",施工特征,该时间窗内的施工泵压变化特征。,,,,pressure_feature:红页L1HF:2:6
E00433,"排量变化 起24.06→止24.06，变化0，均值24.0574，范围[24.05, 24.06]",施工特征,该时间窗内的排量变化特征。,,,,flow_feature:红页L1HF:2:6
E00434,"砂比变化 起6.8→止1.1，变化-5.7，均值10.4362，范围[1.1, 13.6]",施工特征,该时间窗内的砂比变化特征。,,,,sand_feature:红页L1HF:2:6
E00435,时间窗 W007,时间窗,井 红页L1HF-段 2 中使用液型 0.18%减阻水 的连续时间窗。,,,,time_window:红页L1HF:2:7
E00436,0.18%减阻水@时间窗 W007,液型时间窗,井 红页L1HF-段 2-时间窗 W007 对应的液型使用实例。,,,,fluid_usage:红页L1HF:2:7:0.18%减阻水
E00437,"施工泵压变化 起75.87→止76.01，变化0.14，均值75.915，范围[75.85, 76.01]",施工特征,该时间窗内的施工泵压变化特征。,,,,pressure_feature:红页L1HF:2:7
E00438,"排量变化 起24.06→止24.06，变化0，均值24.06，范围[24.06, 24.06]",施工特征,该时间窗内的排量变化特征。,,,,flow_feature:红页L1HF:2:7
E00439,砂比变化：0,施工特征,该时间窗内的砂比变化特征。,,,,sand_feature:红页L1HF:2:7
E00440,时间窗 W008,时间窗,井 红页L1HF-段 2 中使用液型 0.12%减阻水 的连续时间窗。,,,,time_window:红页L1HF:2:8
E00441,0.12%减阻水@时间窗 W008,液型时间窗,井 红页L1HF-段 2-时间窗 W008 对应的液型使用实例。,,,,fluid_usage:红页L1HF:2:8:0.12%减阻水
E00442,"施工泵压变化 起76.45→止35.24，变化-41.21，均值68.1329，范围[35.24, 76.54]",施工特征,该时间窗内的施工泵压变化特征。,,,,pressure_feature:红页L1HF:2:8
E00443,"排量变化 起24.06→止1.81，变化-22.25，均值21.01，范围[1.81, 24.06]",施工特征,该时间窗内的排量变化特征。,,,,flow_feature:红页L1HF:2:8
E00444,砂比变化：0,施工特征,该时间窗内的砂比变化特征。,,,,sand_feature:红页L1HF:2:8
E00445,时间窗 W009,时间窗,井 红页L1HF-段 2 中使用液型 0 的连续时间窗。,,,,time_window:红页L1HF:2:9
E00446,0@时间窗 W009,液型时间窗,井 红页L1HF-段 2-时间窗 W009 对应的液型使用实例。,,,,fluid_usage:红页L1HF:2:9:0
E00447,"施工泵压变化 起35.08→止0.22，变化-34.86，均值24.2674，范围[0.22, 35.14]",施工特征,该时间窗内的施工泵压变化特征。,,,,pressure_feature:红页L1HF:2:9
E00448,"排量变化 起0→止0，变化0，均值0，范围[0, 0]",施工特征,该时间窗内的排量变化特征。,,,,flow_feature:红页L1HF:2:9
E00449,砂比变化：0,施工特征,该时间窗内的砂比变化特征。,,,,sand_feature:红页L1HF:2:9
E00450,段 20,压裂段,井 红页L1HF 的第 20 段。,,,,segment:红页L1HF:20
E00451,时间窗 W001,时间窗,井 红页L1HF-段 20 中使用液型 0.12%减阻水 的连续时间窗。,,,,time_window:红页L1HF:20:1
E00452,0.12%减阻水@时间窗 W001,液型时间窗,井 红页L1HF-段 20-时间窗 W001 对应的液型使用实例。,,,,fluid_usage:红页L1HF:20:1:0.12%减阻水
E00453,"施工泵压变化 起20.13→止43.47，变化23.34，均值35.095，范围[20.13, 43.47]",施工特征,该时间窗内的施工泵压变化特征。,,,,pressure_feature:红页L1HF:20:1
E00454,"排量变化 起0.24→止1.99，变化1.75，均值1.6117，范围[0.24, 1.99]",施工特征,该时间窗内的排量变化特征。,,,,flow_feature:红页L1HF:20:1
E00455,砂比变化：0,施工特征,该时间窗内的砂比变化特征。,,,,sand_feature:红页L1HF:20:1
E00456,时间窗 W002,时间窗,井 红页L1HF-段 20 中使用液型 15%HCl 的连续时间窗。,,,,time_window:红页L1HF:20:2
E00457,15%HCl@时间窗 W002,液型时间窗,井 红页L1HF-段 20-时间窗 W002 对应的液型使用实例。,,,,fluid_usage:红页L1HF:20:2:15%HCl
E00458,"施工泵压变化 起43.85→止48.02，变化4.17，均值46.6453，范围[43.85, 48.02]",施工特征,该时间窗内的施工泵压变化特征。,,,,pressure_feature:红页L1HF:20:2
E00459,"排量变化 起1.99→止1.99，变化0，均值1.99，范围[1.99, 1.99]",施工特征,该时间窗内的排量变化特征。,,,,flow_feature:红页L1HF:20:2
E00460,砂比变化：0,施工特征,该时间窗内的砂比变化特征。,,,,sand_feature:红页L1HF:20:2
E00461,时间窗 W003,时间窗,井 红页L1HF-段 20 中使用液型 0.25%减阻水 的连续时间窗。,,,,time_window:红页L1HF:20:3
E00462,0.25%减阻水@时间窗 W003,液型时间窗,井 红页L1HF-段 20-时间窗 W003 对应的液型使用实例。,,,,fluid_usage:红页L1HF:20:3:0.25%减阻水
E00463,"施工泵压变化 起48.05→止72.7，变化24.65，均值65.2126，范围[48.05, 87.5]",施工特征,该时间窗内的施工泵压变化特征。,,,,pressure_feature:红页L1HF:20:3
E00464,"排量变化 起1.99→止22.07，变化20.08，均值10.8616，范围[1.99, 22.07]",施工特征,该时间窗内的排量变化特征。,,,,flow_feature:红页L1HF:20:3
E00465,砂比变化：0,施工特征,该时间窗内的砂比变化特征。,,,,sand_feature:红页L1HF:20:3
E00466,时间窗 W004,时间窗,井 红页L1HF-段 20 中使用液型 0.18%减阻水 的连续时间窗。,,,,time_window:红页L1HF:20:4
E00467,0.18%减阻水@时间窗 W004,液型时间窗,井 红页L1HF-段 20-时间窗 W004 对应的液型使用实例。,,,,fluid_usage:红页L1HF:20:4:0.18%减阻水
E00468,"施工泵压变化 起72.71→止73.25，变化0.54，均值73.1695，范围[72.71, 73.85]",施工特征,该时间窗内的施工泵压变化特征。,,,,pressure_feature:红页L1HF:20:4
E00469,"排量变化 起22.07→止22.07，变化0，均值22.07，范围[22.07, 22.07]",施工特征,该时间窗内的排量变化特征。,,,,flow_feature:红页L1HF:20:4
E00470,"砂比变化 起2.8→止7，变化4.2，均值6.4588，范围[2.8, 7]",施工特征,该时间窗内的砂比变化特征。,,,,sand_feature:红页L1HF:20:4
E00471,时间窗 W005,时间窗,井 红页L1HF-段 20 中使用液型 0.12%减阻水 的连续时间窗。,,,,time_window:红页L1HF:20:5
E00472,0.12%减阻水@时间窗 W005,液型时间窗,井 红页L1HF-段 20-时间窗 W005 对应的液型使用实例。,,,,fluid_usage:红页L1HF:20:5:0.12%减阻水
E00473,"施工泵压变化 起73.21→止82.54，变化9.33，均值78.9656，范围[73.04, 82.54]",施工特征,该时间窗内的施工泵压变化特征。,,,,pressure_feature:红页L1HF:20:5
E00474,"排量变化 起22.07→止24.03，变化1.96，均值23.7532，范围[22.07, 24.04]",施工特征,该时间窗内的排量变化特征。,,,,flow_feature:红页L1HF:20:5
E00475,"砂比变化 起7→止9.2，变化2.2，均值9.7517，范围[0.1, 13]",施工特征,该时间窗内的砂比变化特征。,,,,sand_feature:红页L1HF:20:5
E00476,时间窗 W006,时间窗,井 红页L1HF-段 20 中使用液型 0.18%减阻水 的连续时间窗。,,,,time_window:红页L1HF:20:6
E00477,0.18%减阻水@时间窗 W006,液型时间窗,井 红页L1HF-段 20-时间窗 W006 对应的液型使用实例。,,,,fluid_usage:红页L1HF:20:6:0.18%减阻水
E00478,"施工泵压变化 起82.5→止81.91，变化-0.59，均值82.0863，范围[81.75, 82.54]",施工特征,该时间窗内的施工泵压变化特征。,,,,pressure_feature:红页L1HF:20:6
E00479,"排量变化 起24.03→止24.02，变化-0.01，均值24.0272，范围[24.02, 24.03]",施工特征,该时间窗内的排量变化特征。,,,,flow_feature:红页L1HF:20:6
E00480,"砂比变化 起10.3→止5.3，变化-5，均值11.2774，范围[5.3, 12]",施工特征,该时间窗内的砂比变化特征。,,,,sand_feature:红页L1HF:20:6
E00481,时间窗 W007,时间窗,井 红页L1HF-段 20 中使用液型 0.12%减阻水 的连续时间窗。,,,,time_window:红页L1HF:20:7
E00482,0.12%减阻水@时间窗 W007,液型时间窗,井 红页L1HF-段 20-时间窗 W007 对应的液型使用实例。,,,,fluid_usage:红页L1HF:20:7:0.12%减阻水
E00483,"施工泵压变化 起81.98→止86.76，变化4.78，均值84.5343，范围[72.34, 87.44]",施工特征,该时间窗内的施工泵压变化特征。,,,,pressure_feature:红页L1HF:20:7
E00484,"排量变化 起24.02→止24.01，变化-0.01，均值23.8605，范围[19.89, 24.05]",施工特征,该时间窗内的排量变化特征。,,,,flow_feature:红页L1HF:20:7
E00485,"砂比变化 起8.5→止11，变化2.5，均值9.778，范围[1.9, 12.1]",施工特征,该时间窗内的砂比变化特征。,,,,sand_feature:红页L1HF:20:7
E00486,时间窗 W008,时间窗,井 红页L1HF-段 20 中使用液型 0.25%减阻水 的连续时间窗。,,,,time_window:红页L1HF:20:8
E00487,0.25%减阻水@时间窗 W008,液型时间窗,井 红页L1HF-段 20-时间窗 W008 对应的液型使用实例。,,,,fluid_usage:红页L1HF:20:8:0.25%减阻水
E00488,"施工泵压变化 起86.75→止86.01，变化-0.74，均值86.1638，范围[85.89, 86.75]",施工特征,该时间窗内的施工泵压变化特征。,,,,pressure_feature:红页L1HF:20:8
E00489,"排量变化 起24.01→止24.01，变化0，均值24.005，范围[24, 24.01]",施工特征,该时间窗内的排量变化特征。,,,,flow_feature:红页L1HF:20:8
E00490,"砂比变化 起11.6→止1.7，变化-9.9，均值12.063，范围[1.7, 13]",施工特征,该时间窗内的砂比变化特征。,,,,sand_feature:红页L1HF:20:8
E00491,时间窗 W009,时间窗,井 红页L1HF-段 20 中使用液型 0.12%减阻水 的连续时间窗。,,,,time_window:红页L1HF:20:9
E00492,0.12%减阻水@时间窗 W009,液型时间窗,井 红页L1HF-段 20-时间窗 W009 对应的液型使用实例。,,,,fluid_usage:红页L1HF:20:9:0.12%减阻水
E00493,"施工泵压变化 起86.01→止0，变化-86.01，均值41.5435，范围[0, 86.04]",施工特征,该时间窗内的施工泵压变化特征。,,,,pressure_feature:红页L1HF:20:9
E00494,"排量变化 起24.02→止0，变化-24.02，均值1.4648，范围[0, 24.03]",施工特征,该时间窗内的排量变化特征。,,,,flow_feature:红页L1HF:20:9
E00495,砂比变化：0,施工特征,该时间窗内的砂比变化特征。,,,,sand_feature:红页L1HF:20:9
E00496,段 21,压裂段,井 红页L1HF 的第 21 段。,,,,segment:红页L1HF:21
E00497,时间窗 W001,时间窗,井 红页L1HF-段 21 中使用液型 0.12%减阻水 的连续时间窗。,,,,time_window:红页L1HF:21:1
E00498,0.12%减阻水@时间窗 W001,液型时间窗,井 红页L1HF-段 21-时间窗 W001 对应的液型使用实例。,,,,fluid_usage:红页L1HF:21:1:0.12%减阻水
E00499,"施工泵压变化 起17.51→止49.36，变化31.85，均值38.2031，范围[17.51, 49.36]",施工特征,该时间窗内的施工泵压变化特征。,,,,pressure_feature:红页L1HF:21:1
E00500,"排量变化 起0.54→止2，变化1.46，均值1.835，范围[0.54, 2.18]",施工特征,该时间窗内的排量变化特征。,,,,flow_feature:红页L1HF:21:1
E00501,砂比变化：0,施工特征,该时间窗内的砂比变化特征。,,,,sand_feature:红页L1HF:21:1
E00502,时间窗 W002,时间窗,井 红页L1HF-段 21 中使用液型 15%HCl 的连续时间窗。,,,,time_window:红页L1HF:21:2
E00503,15%HCl@时间窗 W002,液型时间窗,井 红页L1HF-段 21-时间窗 W002 对应的液型使用实例。,,,,fluid_usage:红页L1HF:21:2:15%HCl
E00504,"施工泵压变化 起49.84→止51.26，变化1.42，均值51.5094，范围[49.84, 52]",施工特征,该时间窗内的施工泵压变化特征。,,,,pressure_feature:红页L1HF:21:2
E00505,"排量变化 起2→止2，变化0，均值2，范围[2, 2]",施工特征,该时间窗内的排量变化特征。,,,,flow_feature:红页L1HF:21:2
E00506,砂比变化：0,施工特征,该时间窗内的砂比变化特征。,,,,sand_feature:红页L1HF:21:2
E00507,时间窗 W003,时间窗,井 红页L1HF-段 21 中使用液型 0.25%减阻水 的连续时间窗。,,,,time_window:红页L1HF:21:3
E00508,0.25%减阻水@时间窗 W003,液型时间窗,井 红页L1HF-段 21-时间窗 W003 对应的液型使用实例。,,,,fluid_usage:红页L1HF:21:3:0.25%减阻水
E00509,"施工泵压变化 起51.09→止79.67，变化28.58，均值67.1934，范围[50.56, 85.07]",施工特征,该时间窗内的施工泵压变化特征。,,,,pressure_feature:红页L1HF:21:3
E00510,"排量变化 起2→止24.02，变化22.02，均值10.8827，范围[2, 24.02]",施工特征,该时间窗内的排量变化特征。,,,,flow_feature:红页L1HF:21:3
E00511,"砂比变化 起1.9→止1.9，变化0，均值1.9，范围[1.9, 1.9]",施工特征,该时间窗内的砂比变化特征。,,,,sand_feature:红页L1HF:21:3
E00512,时间窗 W004,时间窗,井 红页L1HF-段 21 中使用液型 0.18%减阻水 的连续时间窗。,,,,time_window:红页L1HF:21:4
E00513,0.18%减阻水@时间窗 W004,液型时间窗,井 红页L1HF-段 21-时间窗 W004 对应的液型使用实例。,,,,fluid_usage:红页L1HF:21:4:0.18%减阻水
E00514,"施工泵压变化 起79.67→止75.99，变化-3.68，均值82.4335，范围[71.99, 85.32]",施工特征,该时间窗内的施工泵压变化特征。,,,,pressure_feature:红页L1HF:21:4
E00515,"排量变化 起24.02→止24.02，变化0，均值24.015，范围[24, 24.04]",施工特征,该时间窗内的排量变化特征。,,,,flow_feature:红页L1HF:21:4
E00516,"砂比变化 起5.4→止8.7，变化3.3，均值8.1892，范围[0.1, 12]",施工特征,该时间窗内的砂比变化特征。,,,,sand_feature:红页L1HF:21:4
E00517,时间窗 W005,时间窗,井 红页L1HF-段 21 中使用液型 0.12%减阻水 的连续时间窗。,,,,time_window:红页L1HF:21:5
E00518,0.12%减阻水@时间窗 W005,液型时间窗,井 红页L1HF-段 21-时间窗 W005 对应的液型使用实例。,,,,fluid_usage:红页L1HF:21:5:0.12%减阻水
E00519,"施工泵压变化 起76.06→止83.73，变化7.67，均值82.0702，范围[76.06, 84.11]",施工特征,该时间窗内的施工泵压变化特征。,,,,pressure_feature:红页L1HF:21:5
E00520,"排量变化 起24.02→止24.01，变化-0.01，均值24.0156，范围[24, 24.02]",施工特征,该时间窗内的排量变化特征。,,,,flow_feature:红页L1HF:21:5
E00521,"砂比变化 起8.2→止10.7，变化2.5，均值10.2972，范围[0.1, 13]",施工特征,该时间窗内的砂比变化特征。,,,,sand_feature:红页L1HF:21:5
E00522,时间窗 W006,时间窗,井 红页L1HF-段 21 中使用液型 0.18%减阻水 的连续时间窗。,,,,time_window:红页L1HF:21:6
E00523,0.18%减阻水@时间窗 W006,液型时间窗,井 红页L1HF-段 21-时间窗 W006 对应的液型使用实例。,,,,fluid_usage:红页L1HF:21:6:0.18%减阻水
E00524,"施工泵压变化 起83.76→止82.2，变化-1.56，均值82.7857，范围[82.14, 83.79]",施工特征,该时间窗内的施工泵压变化特征。,,,,pressure_feature:红页L1HF:21:6
E00525,"排量变化 起24.01→止24.02，变化0.01，均值24.0189，范围[24.01, 24.02]",施工特征,该时间窗内的排量变化特征。,,,,flow_feature:红页L1HF:21:6
E00526,"砂比变化 起10.4→止0.2，变化-10.2，均值10.8393，范围[0.2, 12]",施工特征,该时间窗内的砂比变化特征。,,,,sand_feature:红页L1HF:21:6
E00527,时间窗 W007,时间窗,井 红页L1HF-段 21 中使用液型 0.12%减阻水 的连续时间窗。,,,,time_window:红页L1HF:21:7
E00528,0.12%减阻水@时间窗 W007,液型时间窗,井 红页L1HF-段 21-时间窗 W007 对应的液型使用实例。,,,,fluid_usage:红页L1HF:21:7:0.12%减阻水
E00529,"施工泵压变化 起82.29→止86.21，变化3.92，均值83.3732，范围[71.03, 86.21]",施工特征,该时间窗内的施工泵压变化特征。,,,,pressure_feature:红页L1HF:21:7
E00530,"排量变化 起24.02→止24.01，变化-0.01，均值23.865，范围[19.88, 24.17]",施工特征,该时间窗内的排量变化特征。,,,,flow_feature:红页L1HF:21:7
E00531,"砂比变化 起2.9→止12，变化9.1，均值10.052，范围[0.1, 12.1]",施工特征,该时间窗内的砂比变化特征。,,,,sand_feature:红页L1HF:21:7
E00532,时间窗 W008,时间窗,井 红页L1HF-段 21 中使用液型 0.25%减阻水 的连续时间窗。,,,,time_window:红页L1HF:21:8
E00533,0.25%减阻水@时间窗 W008,液型时间窗,井 红页L1HF-段 21-时间窗 W008 对应的液型使用实例。,,,,fluid_usage:红页L1HF:21:8:0.25%减阻水
E00534,"施工泵压变化 起86.26→止85.29，变化-0.97，均值85.562，范围[84.98, 86.39]",施工特征,该时间窗内的施工泵压变化特征。,,,,pressure_feature:红页L1HF:21:8
E00535,"排量变化 起24.01→止24.02，变化0.01，均值24.014，范围[24.01, 24.02]",施工特征,该时间窗内的排量变化特征。,,,,flow_feature:红页L1HF:21:8
E00536,"砂比变化 起11→止0.2，变化-10.8，均值12.0033，范围[0.2, 13]",施工特征,该时间窗内的砂比变化特征。,,,,sand_feature:红页L1HF:21:8
E00537,时间窗 W009,时间窗,井 红页L1HF-段 21 中使用液型 0.12%减阻水 的连续时间窗。,,,,time_window:红页L1HF:21:9
E00538,0.12%减阻水@时间窗 W009,液型时间窗,井 红页L1HF-段 21-时间窗 W009 对应的液型使用实例。,,,,fluid_usage:红页L1HF:21:9:0.12%减阻水
E00539,"施工泵压变化 起85.24→止85.24，变化0，均值85.24，范围[85.24, 85.24]",施工特征,该时间窗内的施工泵压变化特征。,,,,pressure_feature:红页L1HF:21:9
E00540,"排量变化 起24.02→止24.02，变化0，均值24.02，范围[24.02, 24.02]",施工特征,该时间窗内的排量变化特征。,,,,flow_feature:红页L1HF:21:9
E00541,砂比变化：0,施工特征,该时间窗内的砂比变化特征。,,,,sand_feature:红页L1HF:21:9
E00542,时间窗 W010,时间窗,井 红页L1HF-段 21 中使用液型 0.25%减阻水 的连续时间窗。,,,,time_window:红页L1HF:21:10
E00543,0.25%减阻水@时间窗 W010,液型时间窗,井 红页L1HF-段 21-时间窗 W010 对应的液型使用实例。,,,,fluid_usage:红页L1HF:21:10:0.25%减阻水
E00544,"施工泵压变化 起85.25→止85.25，变化0，均值85.25，范围[85.25, 85.25]",施工特征,该时间窗内的施工泵压变化特征。,,,,pressure_feature:红页L1HF:21:10
E00545,"排量变化 起24.02→止24.02，变化0，均值24.02，范围[24.02, 24.02]",施工特征,该时间窗内的排量变化特征。,,,,flow_feature:红页L1HF:21:10
E00546,砂比变化：0,施工特征,该时间窗内的砂比变化特征。,,,,sand_feature:红页L1HF:21:10
E00547,时间窗 W011,时间窗,井 红页L1HF-段 21 中使用液型 0.12%减阻水 的连续时间窗。,,,,time_window:红页L1HF:21:11
E00548,0.12%减阻水@时间窗 W011,液型时间窗,井 红页L1HF-段 21-时间窗 W011 对应的液型使用实例。,,,,fluid_usage:红页L1HF:21:11:0.12%减阻水
E00549,"施工泵压变化 起85.07→止0，变化-85.07，均值50.8696，范围[0, 85.07]",施工特征,该时间窗内的施工泵压变化特征。,,,,pressure_feature:红页L1HF:21:11
E00550,"排量变化 起24.02→止0，变化-24.02，均值1.3366，范围[0, 24.03]",施工特征,该时间窗内的排量变化特征。,,,,flow_feature:红页L1HF:21:11
E00551,砂比变化：0,施工特征,该时间窗内的砂比变化特征。,,,,sand_feature:红页L1HF:21:11
E00552,段 22,压裂段,井 红页L1HF 的第 22 段。,,,,segment:红页L1HF:22
E00553,时间窗 W001,时间窗,井 红页L1HF-段 22 中使用液型 0.12%减阻水 的连续时间窗。,,,,time_window:红页L1HF:22:1
E00554,0.12%减阻水@时间窗 W001,液型时间窗,井 红页L1HF-段 22-时间窗 W001 对应的液型使用实例。,,,,fluid_usage:红页L1HF:22:1:0.12%减阻水
E00555,"施工泵压变化 起24.86→止37.49，变化12.63，均值31.6391，范围[23.46, 37.49]",施工特征,该时间窗内的施工泵压变化特征。,,,,pressure_feature:红页L1HF:22:1
E00556,"排量变化 起0→止2，变化2，均值1.4318，范围[0, 2]",施工特征,该时间窗内的排量变化特征。,,,,flow_feature:红页L1HF:22:1
E00557,砂比变化：0,施工特征,该时间窗内的砂比变化特征。,,,,sand_feature:红页L1HF:22:1
E00558,时间窗 W002,时间窗,井 红页L1HF-段 22 中使用液型 15%HCl 的连续时间窗。,,,,time_window:红页L1HF:22:2
E00559,15%HCl@时间窗 W002,液型时间窗,井 红页L1HF-段 22-时间窗 W002 对应的液型使用实例。,,,,fluid_usage:红页L1HF:22:2:15%HCl
E00560,"施工泵压变化 起37.6→止38.9，变化1.3，均值38.9292，范围[37.6, 39.31]",施工特征,该时间窗内的施工泵压变化特征。,,,,pressure_feature:红页L1HF:22:2
E00561,"排量变化 起2→止2，变化0，均值2，范围[2, 2]",施工特征,该时间窗内的排量变化特征。,,,,flow_feature:红页L1HF:22:2
E00562,砂比变化：0,施工特征,该时间窗内的砂比变化特征。,,,,sand_feature:红页L1HF:22:2
E00563,时间窗 W003,时间窗,井 红页L1HF-段 22 中使用液型 0.25%减阻水 的连续时间窗。,,,,time_window:红页L1HF:22:3
E00564,0.25%减阻水@时间窗 W003,液型时间窗,井 红页L1HF-段 22-时间窗 W003 对应的液型使用实例。,,,,fluid_usage:红页L1HF:22:3:0.25%减阻水
E00565,"施工泵压变化 起38.9→止69.62，变化30.72，均值59.3085，范围[38.84, 81.27]",施工特征,该时间窗内的施工泵压变化特征。,,,,pressure_feature:红页L1HF:22:3
E00566,"排量变化 起2→止24.08，变化22.08，均值12.6836，范围[2, 24.12]",施工特征,该时间窗内的排量变化特征。,,,,flow_feature:红页L1HF:22:3
E00567,砂比变化：0,施工特征,该时间窗内的砂比变化特征。,,,,sand_feature:红页L1HF:22:3
E00568,时间窗 W004,时间窗,井 红页L1HF-段 22 中使用液型 0.18%减阻水 的连续时间窗。,,,,time_window:红页L1HF:22:4
E00569,0.18%减阻水@时间窗 W004,液型时间窗,井 红页L1HF-段 22-时间窗 W004 对应的液型使用实例。,,,,fluid_usage:红页L1HF:22:4:0.18%减阻水
E00570,"施工泵压变化 起69.64→止71.53，变化1.89，均值70.1037，范围[69.64, 71.53]",施工特征,该时间窗内的施工泵压变化特征。,,,,pressure_feature:红页L1HF:22:4
E00571,"排量变化 起24.08→止24.08，变化0，均值24.08，范围[24.08, 24.08]",施工特征,该时间窗内的排量变化特征。,,,,flow_feature:红页L1HF:22:4
E00572,"砂比变化 起2.9→止6.1，变化3.2，均值5.9187，范围[2.9, 6.4]",施工特征,该时间窗内的砂比变化特征。,,,,sand_feature:红页L1HF:22:4
E00573,时间窗 W005,时间窗,井 红页L1HF-段 22 中使用液型 0.12%减阻水 的连续时间窗。,,,,time_window:红页L1HF:22:5
E00574,0.12%减阻水@时间窗 W005,液型时间窗,井 红页L1HF-段 22-时间窗 W005 对应的液型使用实例。,,,,fluid_usage:红页L1HF:22:5:0.12%减阻水
E00575,"施工泵压变化 起71.62→止74.75，变化3.13，均值72.8107，范围[64.56, 75.33]",施工特征,该时间窗内的施工泵压变化特征。,,,,pressure_feature:红页L1HF:22:5
E00576,"排量变化 起24.08→止24.07，变化-0.01，均值24.0751，范围[24.07, 24.08]",施工特征,该时间窗内的排量变化特征。,,,,flow_feature:红页L1HF:22:5
E00577,"砂比变化 起6.6→止10.7，变化4.1，均值9.8557，范围[0.1, 13]",施工特征,该时间窗内的砂比变化特征。,,,,sand_feature:红页L1HF:22:5
E00578,时间窗 W006,时间窗,井 红页L1HF-段 22 中使用液型 0.18%减阻水 的连续时间窗。,,,,time_window:红页L1HF:22:6
E00579,0.18%减阻水@时间窗 W006,液型时间窗,井 红页L1HF-段 22-时间窗 W006 对应的液型使用实例。,,,,fluid_usage:红页L1HF:22:6:0.18%减阻水
E00580,"施工泵压变化 起74.73→止73.61，变化-1.12，均值74.204，范围[73.61, 74.73]",施工特征,该时间窗内的施工泵压变化特征。,,,,pressure_feature:红页L1HF:22:6
E00581,"排量变化 起24.07→止24.07，变化0，均值24.07，范围[24.07, 24.07]",施工特征,该时间窗内的排量变化特征。,,,,flow_feature:红页L1HF:22:6
E00582,"砂比变化 起11.7→止0.2，变化-11.5，均值11.895，范围[0.2, 13]",施工特征,该时间窗内的砂比变化特征。,,,,sand_feature:红页L1HF:22:6
E00583,时间窗 W007,时间窗,井 红页L1HF-段 22 中使用液型 0.12%减阻水 的连续时间窗。,,,,time_window:红页L1HF:22:7
E00584,0.12%减阻水@时间窗 W007,液型时间窗,井 红页L1HF-段 22-时间窗 W007 对应的液型使用实例。,,,,fluid_usage:红页L1HF:22:7:0.12%减阻水
E00585,"施工泵压变化 起73.69→止77.02，变化3.33，均值76.7364，范围[64.41, 79.76]",施工特征,该时间窗内的施工泵压变化特征。,,,,pressure_feature:红页L1HF:22:7
E00586,"排量变化 起24.07→止24.07，变化0，均值23.9318，范围[19.95, 24.09]",施工特征,该时间窗内的排量变化特征。,,,,flow_feature:红页L1HF:22:7
E00587,"砂比变化 起0.6→止10.5，变化9.9，均值9.7086，范围[0.3, 12]",施工特征,该时间窗内的砂比变化特征。,,,,sand_feature:红页L1HF:22:7
E00588,时间窗 W008,时间窗,井 红页L1HF-段 22 中使用液型 0.25%减阻水 的连续时间窗。,,,,time_window:红页L1HF:22:8
E00589,0.25%减阻水@时间窗 W008,液型时间窗,井 红页L1HF-段 22-时间窗 W008 对应的液型使用实例。,,,,fluid_usage:红页L1HF:22:8:0.25%减阻水
E00590,"施工泵压变化 起77.13→止77.09，变化-0.04，均值77.1979，范围[77.03, 77.4]",施工特征,该时间窗内的施工泵压变化特征。,,,,pressure_feature:红页L1HF:22:8
E00591,"排量变化 起24.07→止24.07，变化0，均值24.0706，范围[24.07, 24.08]",施工特征,该时间窗内的排量变化特征。,,,,flow_feature:红页L1HF:22:8
E00592,"砂比变化 起11.4→止2.6，变化-8.8，均值12.1276，范围[2.6, 13]",施工特征,该时间窗内的砂比变化特征。,,,,sand_feature:红页L1HF:22:8
E00593,时间窗 W009,时间窗,井 红页L1HF-段 22 中使用液型 0.12%减阻水 的连续时间窗。,,,,time_window:红页L1HF:22:9
E00594,0.12%减阻水@时间窗 W009,液型时间窗,井 红页L1HF-段 22-时间窗 W009 对应的液型使用实例。,,,,fluid_usage:红页L1HF:22:9:0.12%减阻水
E00595,"施工泵压变化 起77.13→止0，变化-77.13，均值33.9824，范围[0, 77.21]",施工特征,该时间窗内的施工泵压变化特征。,,,,pressure_feature:红页L1HF:22:9
E00596,"排量变化 起24.07→止0，变化-24.07，均值1.8167，范围[0, 24.08]",施工特征,该时间窗内的排量变化特征。,,,,flow_feature:红页L1HF:22:9
E00597,砂比变化：0,施工特征,该时间窗内的砂比变化特征。,,,,sand_feature:红页L1HF:22:9
E00598,段 23,压裂段,井 红页L1HF 的第 23 段。,,,,segment:红页L1HF:23
E00599,时间窗 W001,时间窗,井 红页L1HF-段 23 中使用液型 0 的连续时间窗。,,,,time_window:红页L1HF:23:1
E00600,0@时间窗 W001,液型时间窗,井 红页L1HF-段 23-时间窗 W001 对应的液型使用实例。,,,,fluid_usage:红页L1HF:23:1:0
E00601,"施工泵压变化 起13.02→止19.03，变化6.01，均值16.8767，范围[13.02, 19.03]",施工特征,该时间窗内的施工泵压变化特征。,,,,pressure_feature:红页L1HF:23:1
E00602,"排量变化 起0→止0，变化0，均值0，范围[0, 0]",施工特征,该时间窗内的排量变化特征。,,,,flow_feature:红页L1HF:23:1
E00603,砂比变化：0,施工特征,该时间窗内的砂比变化特征。,,,,sand_feature:红页L1HF:23:1
E00604,时间窗 W002,时间窗,井 红页L1HF-段 23 中使用液型 0.12%减阻水 的连续时间窗。,,,,time_window:红页L1HF:23:2
E00605,0.12%减阻水@时间窗 W002,液型时间窗,井 红页L1HF-段 23-时间窗 W002 对应的液型使用实例。,,,,fluid_usage:红页L1HF:23:2:0.12%减阻水
E00606,"施工泵压变化 起19.49→止30.91，变化11.42，均值26.5771，范围[19.49, 30.91]",施工特征,该时间窗内的施工泵压变化特征。,,,,pressure_feature:红页L1HF:23:2
E00607,"排量变化 起0.44→止2.01，变化1.57，均值1.7382，范围[0.44, 2.07]",施工特征,该时间窗内的排量变化特征。,,,,flow_feature:红页L1HF:23:2
E00608,砂比变化：0,施工特征,该时间窗内的砂比变化特征。,,,,sand_feature:红页L1HF:23:2
E00609,时间窗 W003,时间窗,井 红页L1HF-段 23 中使用液型 15%HCl 的连续时间窗。,,,,time_window:红页L1HF:23:3
E00610,15%HCl@时间窗 W003,液型时间窗,井 红页L1HF-段 23-时间窗 W003 对应的液型使用实例。,,,,fluid_usage:红页L1HF:23:3:15%HCl
E00611,"施工泵压变化 起31.43→止36.25，变化4.82，均值34.1419，范围[31.43, 36.25]",施工特征,该时间窗内的施工泵压变化特征。,,,,pressure_feature:红页L1HF:23:3
E00612,"排量变化 起2.01→止2，变化-0.01，均值2.0087，范围[2, 2.01]",施工特征,该时间窗内的排量变化特征。,,,,flow_feature:红页L1HF:23:3
E00613,砂比变化：0,施工特征,该时间窗内的砂比变化特征。,,,,sand_feature:红页L1HF:23:3
E00614,时间窗 W004,时间窗,井 红页L1HF-段 23 中使用液型 0.25%减阻水 的连续时间窗。,,,,time_window:红页L1HF:23:4
E00615,0.25%减阻水@时间窗 W004,液型时间窗,井 红页L1HF-段 23-时间窗 W004 对应的液型使用实例。,,,,fluid_usage:红页L1HF:23:4:0.25%减阻水
E00616,"施工泵压变化 起36.39→止73.55，变化37.16，均值64.6186，范围[36.38, 83.26]",施工特征,该时间窗内的施工泵压变化特征。,,,,pressure_feature:红页L1HF:23:4
E00617,"排量变化 起2→止24.04，变化22.04，均值11.1292，范围[2, 24.09]",施工特征,该时间窗内的排量变化特征。,,,,flow_feature:红页L1HF:23:4
E00618,砂比变化：0,施工特征,该时间窗内的砂比变化特征。,,,,sand_feature:红页L1HF:23:4
E00619,时间窗 W005,时间窗,井 红页L1HF-段 23 中使用液型 0.18%减阻水 的连续时间窗。,,,,time_window:红页L1HF:23:5
E00620,0.18%减阻水@时间窗 W005,液型时间窗,井 红页L1HF-段 23-时间窗 W005 对应的液型使用实例。,,,,fluid_usage:红页L1HF:23:5:0.18%减阻水
E00621,"施工泵压变化 起73.55→止75.29，变化1.74，均值75.0707，范围[73.54, 76.18]",施工特征,该时间窗内的施工泵压变化特征。,,,,pressure_feature:红页L1HF:23:5
E00622,"排量变化 起24.04→止24.04，变化0，均值24.04，范围[24.04, 24.04]",施工特征,该时间窗内的排量变化特征。,,,,flow_feature:红页L1HF:23:5
E00623,"砂比变化 起2.7→止6，变化3.3，均值5.3067，范围[2.7, 6]",施工特征,该时间窗内的砂比变化特征。,,,,sand_feature:红页L1HF:23:5
E00624,时间窗 W006,时间窗,井 红页L1HF-段 23 中使用液型 0.12%减阻水 的连续时间窗。,,,,time_window:红页L1HF:23:6
E00625,0.12%减阻水@时间窗 W006,液型时间窗,井 红页L1HF-段 23-时间窗 W006 对应的液型使用实例。,,,,fluid_usage:红页L1HF:23:6:0.12%减阻水
E00626,"施工泵压变化 起75.17→止78.23，变化3.06，均值76.3777，范围[69, 80.58]",施工特征,该时间窗内的施工泵压变化特征。,,,,pressure_feature:红页L1HF:23:6
E00627,"排量变化 起24.04→止24.02，变化-0.02，均值24.0315，范围[24.02, 24.04]",施工特征,该时间窗内的排量变化特征。,,,,flow_feature:红页L1HF:23:6
E00628,"砂比变化 起6→止9.7，变化3.7，均值9.357，范围[0.1, 13]",施工特征,该时间窗内的砂比变化特征。,,,,sand_feature:红页L1HF:23:6
E00629,时间窗 W007,时间窗,井 红页L1HF-段 23 中使用液型 0.18%减阻水 的连续时间窗。,,,,time_window:红页L1HF:23:7
E00630,0.18%减阻水@时间窗 W007,液型时间窗,井 红页L1HF-段 23-时间窗 W007 对应的液型使用实例。,,,,fluid_usage:红页L1HF:23:7:0.18%减阻水
E00631,"施工泵压变化 起78.12→止77.6，变化-0.52，均值77.6519，范围[77.36, 78.12]",施工特征,该时间窗内的施工泵压变化特征。,,,,pressure_feature:红页L1HF:23:7
E00632,"排量变化 起24.02→止24.02，变化0，均值24.02，范围[24.02, 24.02]",施工特征,该时间窗内的排量变化特征。,,,,flow_feature:红页L1HF:23:7
E00633,"砂比变化 起10.6→止0.3，变化-10.3，均值10.9963，范围[0.3, 12]",施工特征,该时间窗内的砂比变化特征。,,,,sand_feature:红页L1HF:23:7
E00634,时间窗 W008,时间窗,井 红页L1HF-段 23 中使用液型 0.12%减阻水 的连续时间窗。,,,,time_window:红页L1HF:23:8
E00635,0.12%减阻水@时间窗 W008,液型时间窗,井 红页L1HF-段 23-时间窗 W008 对应的液型使用实例。,,,,fluid_usage:红页L1HF:23:8:0.12%减阻水
E00636,"施工泵压变化 起77.64→止79.05，变化1.41，均值79.3921，范围[65.17, 86.64]",施工特征,该时间窗内的施工泵压变化特征。,,,,pressure_feature:红页L1HF:23:8
E00637,"排量变化 起24.02→止24.03，变化0.01，均值23.7539，范围[19.89, 24.06]",施工特征,该时间窗内的排量变化特征。,,,,flow_feature:红页L1HF:23:8
E00638,"砂比变化 起1.7→止8.1，变化6.4，均值9.3698，范围[0.3, 13]",施工特征,该时间窗内的砂比变化特征。,,,,sand_feature:红页L1HF:23:8
E00639,时间窗 W009,时间窗,井 红页L1HF-段 23 中使用液型 0.25%减阻水 的连续时间窗。,,,,time_window:红页L1HF:23:9
E00640,0.25%减阻水@时间窗 W009,液型时间窗,井 红页L1HF-段 23-时间窗 W009 对应的液型使用实例。,,,,fluid_usage:红页L1HF:23:9:0.25%减阻水
E00641,"施工泵压变化 起79.52→止80.06，变化0.54，均值80.7583，范围[79.52, 81.68]",施工特征,该时间窗内的施工泵压变化特征。,,,,pressure_feature:红页L1HF:23:9
E00642,"排量变化 起24.03→止24.03，变化0，均值24.03，范围[24.03, 24.03]",施工特征,该时间窗内的排量变化特征。,,,,flow_feature:红页L1HF:23:9
E00643,"砂比变化 起8.1→止3.5，变化-4.6，均值9.6914，范围[3.5, 12]",施工特征,该时间窗内的砂比变化特征。,,,,sand_feature:红页L1HF:23:9
E00644,时间窗 W010,时间窗,井 红页L1HF-段 23 中使用液型 0.12%减阻水 的连续时间窗。,,,,time_window:红页L1HF:23:10
E00645,0.12%减阻水@时间窗 W010,液型时间窗,井 红页L1HF-段 23-时间窗 W010 对应的液型使用实例。,,,,fluid_usage:红页L1HF:23:10:0.12%减阻水
E00646,"施工泵压变化 起79.83→止47.76，变化-32.07，均值71.7031，范围[47.76, 79.83]",施工特征,该时间窗内的施工泵压变化特征。,,,,pressure_feature:红页L1HF:23:10
E00647,"排量变化 起24.03→止0.42，变化-23.61，均值20.0938，范围[0.42, 24.03]",施工特征,该时间窗内的排量变化特征。,,,,flow_feature:红页L1HF:23:10
E00648,砂比变化：0,施工特征,该时间窗内的砂比变化特征。,,,,sand_feature:红页L1HF:23:10
E00649,时间窗 W011,时间窗,井 红页L1HF-段 23 中使用液型 0 的连续时间窗。,,,,time_window:红页L1HF:23:11
E00650,0@时间窗 W011,液型时间窗,井 红页L1HF-段 23-时间窗 W011 对应的液型使用实例。,,,,fluid_usage:红页L1HF:23:11:0
E00651,"施工泵压变化 起46.29→止0.13，变化-46.16，均值32.9441，范围[0.13, 46.29]",施工特征,该时间窗内的施工泵压变化特征。,,,,pressure_feature:红页L1HF:23:11
E00652,"排量变化 起0→止0，变化0，均值0，范围[0, 0]",施工特征,该时间窗内的排量变化特征。,,,,flow_feature:红页L1HF:23:11
E00653,砂比变化：0,施工特征,该时间窗内的砂比变化特征。,,,,sand_feature:红页L1HF:23:11
E00654,段 24,压裂段,井 红页L1HF 的第 24 段。,,,,segment:红页L1HF:24
E00655,时间窗 W001,时间窗,井 红页L1HF-段 24 中使用液型 0 的连续时间窗。,,,,time_window:红页L1HF:24:1
E00656,0@时间窗 W001,液型时间窗,井 红页L1HF-段 24-时间窗 W001 对应的液型使用实例。,,,,fluid_usage:红页L1HF:24:1:0
E00657,"施工泵压变化 起15.14→止22.18，变化7.04，均值20.796，范围[15.14, 22.66]",施工特征,该时间窗内的施工泵压变化特征。,,,,pressure_feature:红页L1HF:24:1
E00658,"排量变化 起0→止0，变化0，均值0，范围[0, 0]",施工特征,该时间窗内的排量变化特征。,,,,flow_feature:红页L1HF:24:1
E00659,砂比变化：0,施工特征,该时间窗内的砂比变化特征。,,,,sand_feature:红页L1HF:24:1
E00660,时间窗 W002,时间窗,井 红页L1HF-段 24 中使用液型 0.12%减阻水 的连续时间窗。,,,,time_window:红页L1HF:24:2
E00661,0.12%减阻水@时间窗 W002,液型时间窗,井 红页L1HF-段 24-时间窗 W002 对应的液型使用实例。,,,,fluid_usage:红页L1HF:24:2:0.12%减阻水
E00662,"施工泵压变化 起23.17→止30.34，变化7.17，均值27.2394，范围[22.92, 30.34]",施工特征,该时间窗内的施工泵压变化特征。,,,,pressure_feature:红页L1HF:24:2
E00663,"排量变化 起0.36→止1.99，变化1.63，均值1.6294，范围[0.36, 1.99]",施工特征,该时间窗内的排量变化特征。,,,,flow_feature:红页L1HF:24:2
E00664,砂比变化：0,施工特征,该时间窗内的砂比变化特征。,,,,sand_feature:红页L1HF:24:2
E00665,时间窗 W003,时间窗,井 红页L1HF-段 24 中使用液型 15%HCl 的连续时间窗。,,,,time_window:红页L1HF:24:3
E00666,15%HCl@时间窗 W003,液型时间窗,井 红页L1HF-段 24-时间窗 W003 对应的液型使用实例。,,,,fluid_usage:红页L1HF:24:3:15%HCl
E00667,"施工泵压变化 起30.54→止33.46，变化2.92，均值32.3013，范围[30.54, 33.46]",施工特征,该时间窗内的施工泵压变化特征。,,,,pressure_feature:红页L1HF:24:3
E00668,"排量变化 起1.99→止1.99，变化0，均值1.99，范围[1.99, 1.99]",施工特征,该时间窗内的排量变化特征。,,,,flow_feature:红页L1HF:24:3
E00669,砂比变化：0,施工特征,该时间窗内的砂比变化特征。,,,,sand_feature:红页L1HF:24:3
E00670,时间窗 W004,时间窗,井 红页L1HF-段 24 中使用液型 0.25%减阻水 的连续时间窗。,,,,time_window:红页L1HF:24:4
E00671,0.25%减阻水@时间窗 W004,液型时间窗,井 红页L1HF-段 24-时间窗 W004 对应的液型使用实例。,,,,fluid_usage:红页L1HF:24:4:0.25%减阻水
E00672,"施工泵压变化 起33.49→止71.12，变化37.63，均值61.2166，范围[33.49, 78.27]",施工特征,该时间窗内的施工泵压变化特征。,,,,pressure_feature:红页L1HF:24:4
E00673,"排量变化 起1.99→止24，变化22.01，均值11.9701，范围[1.99, 24.18]",施工特征,该时间窗内的排量变化特征。,,,,flow_feature:红页L1HF:24:4
E00674,"砂比变化 起0.6→止0.6，变化0，均值0.6，范围[0.6, 0.6]",施工特征,该时间窗内的砂比变化特征。,,,,sand_feature:红页L1HF:24:4
E00675,时间窗 W005,时间窗,井 红页L1HF-段 24 中使用液型 0.18%减阻水 的连续时间窗。,,,,time_window:红页L1HF:24:5
E00676,0.18%减阻水@时间窗 W005,液型时间窗,井 红页L1HF-段 24-时间窗 W005 对应的液型使用实例。,,,,fluid_usage:红页L1HF:24:5:0.18%减阻水
E00677,"施工泵压变化 起71.14→止74.17，变化3.03，均值72.9159，范围[70.97, 74.17]",施工特征,该时间窗内的施工泵压变化特征。,,,,pressure_feature:红页L1HF:24:5
E00678,"排量变化 起24→止24，变化0，均值24，范围[24, 24]",施工特征,该时间窗内的排量变化特征。,,,,flow_feature:红页L1HF:24:5
E00679,"砂比变化 起4.6→止7，变化2.4，均值6.3724，范围[4.6, 7]",施工特征,该时间窗内的砂比变化特征。,,,,sand_feature:红页L1HF:24:5
E00680,时间窗 W006,时间窗,井 红页L1HF-段 24 中使用液型 0.12%减阻水 的连续时间窗。,,,,time_window:红页L1HF:24:6
E00681,0.12%减阻水@时间窗 W006,液型时间窗,井 红页L1HF-段 24-时间窗 W006 对应的液型使用实例。,,,,fluid_usage:红页L1HF:24:6:0.12%减阻水
E00682,"施工泵压变化 起74.23→止81.23，变化7，均值77.1658，范围[68.63, 81.23]",施工特征,该时间窗内的施工泵压变化特征。,,,,pressure_feature:红页L1HF:24:6
E00683,"排量变化 起24→止24，变化0，均值24.0051，范围[24, 24.03]",施工特征,该时间窗内的排量变化特征。,,,,flow_feature:红页L1HF:24:6
E00684,"砂比变化 起7.3→止10.7，变化3.4，均值9.9442，范围[0.7, 12]",施工特征,该时间窗内的砂比变化特征。,,,,sand_feature:红页L1HF:24:6
E00685,时间窗 W007,时间窗,井 红页L1HF-段 24 中使用液型 0.18%减阻水 的连续时间窗。,,,,time_window:红页L1HF:24:7
E00686,0.18%减阻水@时间窗 W007,液型时间窗,井 红页L1HF-段 24-时间窗 W007 对应的液型使用实例。,,,,fluid_usage:红页L1HF:24:7:0.18%减阻水
E00687,"施工泵压变化 起81.37→止78.83，变化-2.54，均值79.5537，范围[78.39, 81.49]",施工特征,该时间窗内的施工泵压变化特征。,,,,pressure_feature:红页L1HF:24:7
E00688,"排量变化 起24→止24，变化0，均值24，范围[24, 24]",施工特征,该时间窗内的排量变化特征。,,,,flow_feature:红页L1HF:24:7
E00689,"砂比变化 起9.2→止1，变化-8.2，均值10.9833，范围[1, 12]",施工特征,该时间窗内的砂比变化特征。,,,,sand_feature:红页L1HF:24:7
E00690,时间窗 W008,时间窗,井 红页L1HF-段 24 中使用液型 0.12%减阻水 的连续时间窗。,,,,time_window:红页L1HF:24:8
E00691,0.12%减阻水@时间窗 W008,液型时间窗,井 红页L1HF-段 24-时间窗 W008 对应的液型使用实例。,,,,fluid_usage:红页L1HF:24:8:0.12%减阻水
E00692,"施工泵压变化 起68.27→止88.28，变化20.01，均值82.3469，范围[68.12, 90.58]",施工特征,该时间窗内的施工泵压变化特征。,,,,pressure_feature:红页L1HF:24:8
E00693,"排量变化 起20.03→止23.82，变化3.79，均值23.697，范围[20.02, 24.03]",施工特征,该时间窗内的排量变化特征。,,,,flow_feature:红页L1HF:24:8
E00694,"砂比变化 起1.5→止1.5，变化0，均值9.8709，范围[0.3, 12]",施工特征,该时间窗内的砂比变化特征。,,,,sand_feature:红页L1HF:24:8
E00695,时间窗 W009,时间窗,井 红页L1HF-段 24 中使用液型 0.25%减阻水 的连续时间窗。,,,,time_window:红页L1HF:24:9
E00696,0.25%减阻水@时间窗 W009,液型时间窗,井 红页L1HF-段 24-时间窗 W009 对应的液型使用实例。,,,,fluid_usage:红页L1HF:24:9:0.25%减阻水
E00697,"施工泵压变化 起87.45→止84.57，变化-2.88，均值83.813，范围[81.14, 87.45]",施工特征,该时间窗内的施工泵压变化特征。,,,,pressure_feature:红页L1HF:24:9
E00698,"排量变化 起23.82→止24，变化0.18，均值23.9904，范围[23.82, 24.01]",施工特征,该时间窗内的排量变化特征。,,,,flow_feature:红页L1HF:24:9
E00699,"砂比变化 起0.1→止2.3，变化2.2，均值10.1624，范围[0.1, 12]",施工特征,该时间窗内的砂比变化特征。,,,,sand_feature:红页L1HF:24:9
E00700,时间窗 W010,时间窗,井 红页L1HF-段 24 中使用液型 0.12%减阻水 的连续时间窗。,,,,time_window:红页L1HF:24:10
E00701,0.12%减阻水@时间窗 W010,液型时间窗,井 红页L1HF-段 24-时间窗 W010 对应的液型使用实例。,,,,fluid_usage:红页L1HF:24:10:0.12%减阻水
E00702,"施工泵压变化 起84.39→止0.43，变化-83.96，均值43.9443，范围[0.43, 84.39]",施工特征,该时间窗内的施工泵压变化特征。,,,,pressure_feature:红页L1HF:24:10
E00703,"排量变化 起24→止0，变化-24，均值1.3276，范围[0, 24.01]",施工特征,该时间窗内的排量变化特征。,,,,flow_feature:红页L1HF:24:10
E00704,砂比变化：0,施工特征,该时间窗内的砂比变化特征。,,,,sand_feature:红页L1HF:24:10
E00705,段 25,压裂段,井 红页L1HF 的第 25 段。,,,,segment:红页L1HF:25
E00706,时间窗 W001,时间窗,井 红页L1HF-段 25 中使用液型 0 的连续时间窗。,,,,time_window:红页L1HF:25:1
E00707,0@时间窗 W001,液型时间窗,井 红页L1HF-段 25-时间窗 W001 对应的液型使用实例。,,,,fluid_usage:红页L1HF:25:1:0
E00708,"施工泵压变化 起4.81→止4.81，变化0，均值4.81，范围[4.81, 4.81]",施工特征,该时间窗内的施工泵压变化特征。,,,,pressure_feature:红页L1HF:25:1
E00709,"排量变化 起0→止0，变化0，均值0，范围[0, 0]",施工特征,该时间窗内的排量变化特征。,,,,flow_feature:红页L1HF:25:1
E00710,砂比变化：0,施工特征,该时间窗内的砂比变化特征。,,,,sand_feature:红页L1HF:25:1
E00711,时间窗 W002,时间窗,井 红页L1HF-段 25 中使用液型 0.12%减阻水 的连续时间窗。,,,,time_window:红页L1HF:25:2
E00712,0.12%减阻水@时间窗 W002,液型时间窗,井 红页L1HF-段 25-时间窗 W002 对应的液型使用实例。,,,,fluid_usage:红页L1HF:25:2:0.12%减阻水
E00713,"施工泵压变化 起19→止38.44，变化19.44，均值30.4135，范围[19, 38.44]",施工特征,该时间窗内的施工泵压变化特征。,,,,pressure_feature:红页L1HF:25:2
E00714,"排量变化 起0.47→止1.98，变化1.51，均值1.7253，范围[0.47, 1.98]",施工特征,该时间窗内的排量变化特征。,,,,flow_feature:红页L1HF:25:2
E00715,砂比变化：0,施工特征,该时间窗内的砂比变化特征。,,,,sand_feature:红页L1HF:25:2
E00716,时间窗 W003,时间窗,井 红页L1HF-段 25 中使用液型 15%HCl 的连续时间窗。,,,,time_window:红页L1HF:25:3
E00717,15%HCl@时间窗 W003,液型时间窗,井 红页L1HF-段 25-时间窗 W003 对应的液型使用实例。,,,,fluid_usage:红页L1HF:25:3:15%HCl
E00718,"施工泵压变化 起39.12→止47.29，变化8.17，均值43.0933，范围[39.12, 47.29]",施工特征,该时间窗内的施工泵压变化特征。,,,,pressure_feature:红页L1HF:25:3
E00719,"排量变化 起1.98→止1.98，变化0，均值1.98，范围[1.98, 1.98]",施工特征,该时间窗内的排量变化特征。,,,,flow_feature:红页L1HF:25:3
E00720,砂比变化：0,施工特征,该时间窗内的砂比变化特征。,,,,sand_feature:红页L1HF:25:3
E00721,时间窗 W004,时间窗,井 红页L1HF-段 25 中使用液型 0.25%减阻水 的连续时间窗。,,,,time_window:红页L1HF:25:4
E00722,0.25%减阻水@时间窗 W004,液型时间窗,井 红页L1HF-段 25-时间窗 W004 对应的液型使用实例。,,,,fluid_usage:红页L1HF:25:4:0.25%减阻水
E00723,"施工泵压变化 起47.58→止73.11，变化25.53，均值67.1471，范围[47.58, 88.17]",施工特征,该时间窗内的施工泵压变化特征。,,,,pressure_feature:红页L1HF:25:4
E00724,"排量变化 起1.98→止24.05，变化22.07，均值11.8525，范围[1.98, 24.21]",施工特征,该时间窗内的排量变化特征。,,,,flow_feature:红页L1HF:25:4
E00725,"砂比变化 起0.1→止0.1，变化0，均值0.1，范围[0.1, 0.1]",施工特征,该时间窗内的砂比变化特征。,,,,sand_feature:红页L1HF:25:4
E00726,时间窗 W005,时间窗,井 红页L1HF-段 25 中使用液型 0.18%减阻水 的连续时间窗。,,,,time_window:红页L1HF:25:5
E00727,0.18%减阻水@时间窗 W005,液型时间窗,井 红页L1HF-段 25-时间窗 W005 对应的液型使用实例。,,,,fluid_usage:红页L1HF:25:5:0.18%减阻水
E00728,"施工泵压变化 起73.11→止75.54，变化2.43，均值74.2339，范围[73.11, 75.54]",施工特征,该时间窗内的施工泵压变化特征。,,,,pressure_feature:红页L1HF:25:5
E00729,"排量变化 起24.05→止24.05，变化0，均值24.05，范围[24.05, 24.05]",施工特征,该时间窗内的排量变化特征。,,,,flow_feature:红页L1HF:25:5
E00730,"砂比变化 起3→止5.1，变化2.1，均值4.9889，范围[3, 5.2]",施工特征,该时间窗内的砂比变化特征。,,,,sand_feature:红页L1HF:25:5
E00731,时间窗 W006,时间窗,井 红页L1HF-段 25 中使用液型 0.12%减阻水 的连续时间窗。,,,,time_window:红页L1HF:25:6
E00732,0.12%减阻水@时间窗 W006,液型时间窗,井 红页L1HF-段 25-时间窗 W006 对应的液型使用实例。,,,,fluid_usage:红页L1HF:25:6:0.12%减阻水
E00733,"施工泵压变化 起75.53→止78.66，变化3.13，均值75.9583，范围[70.65, 78.66]",施工特征,该时间窗内的施工泵压变化特征。,,,,pressure_feature:红页L1HF:25:6
E00734,"排量变化 起24.05→止24.04，变化-0.01，均值24.0454，范围[24.04, 24.06]",施工特征,该时间窗内的排量变化特征。,,,,flow_feature:红页L1HF:25:6
E00735,"砂比变化 起5.3→止12，变化6.7，均值9.0043，范围[0.6, 12]",施工特征,该时间窗内的砂比变化特征。,,,,sand_feature:红页L1HF:25:6
E00736,时间窗 W007,时间窗,井 红页L1HF-段 25 中使用液型 0.18%减阻水 的连续时间窗。,,,,time_window:红页L1HF:25:7
E00737,0.18%减阻水@时间窗 W007,液型时间窗,井 红页L1HF-段 25-时间窗 W007 对应的液型使用实例。,,,,fluid_usage:红页L1HF:25:7:0.18%减阻水
E00738,"施工泵压变化 起78.69→止78.5，变化-0.19，均值78.7335，范围[78.5, 78.87]",施工特征,该时间窗内的施工泵压变化特征。,,,,pressure_feature:红页L1HF:25:7
E00739,"排量变化 起24.04→止24.04，变化0，均值24.04，范围[24.04, 24.04]",施工特征,该时间窗内的排量变化特征。,,,,flow_feature:红页L1HF:25:7
E00740,"砂比变化 起12→止0.2，变化-11.8，均值11.1713，范围[0.2, 12]",施工特征,该时间窗内的砂比变化特征。,,,,sand_feature:红页L1HF:25:7
E00741,时间窗 W008,时间窗,井 红页L1HF-段 25 中使用液型 0.12%减阻水 的连续时间窗。,,,,time_window:红页L1HF:25:8
E00742,0.12%减阻水@时间窗 W008,液型时间窗,井 红页L1HF-段 25-时间窗 W008 对应的液型使用实例。,,,,fluid_usage:红页L1HF:25:8:0.12%减阻水
E00743,"施工泵压变化 起68.68→止80.41，变化11.73，均值77.9895，范围[68.11, 84.47]",施工特征,该时间窗内的施工泵压变化特征。,,,,pressure_feature:红页L1HF:25:8
E00744,"排量变化 起20.07→止24.04，变化3.97，均值23.7194，范围[20.07, 24.05]",施工特征,该时间窗内的排量变化特征。,,,,flow_feature:红页L1HF:25:8
E00745,"砂比变化 起1.3→止10.5，变化9.2，均值10.2468，范围[0.1, 13]",施工特征,该时间窗内的砂比变化特征。,,,,sand_feature:红页L1HF:25:8
E00746,时间窗 W009,时间窗,井 红页L1HF-段 25 中使用液型 0.18%减阻水 的连续时间窗。,,,,time_window:红页L1HF:25:9
E00747,0.18%减阻水@时间窗 W009,液型时间窗,井 红页L1HF-段 25-时间窗 W009 对应的液型使用实例。,,,,fluid_usage:红页L1HF:25:9:0.18%减阻水
E00748,"施工泵压变化 起80.39→止80.92，变化0.53，均值80.7168，范围[80.39, 80.96]",施工特征,该时间窗内的施工泵压变化特征。,,,,pressure_feature:红页L1HF:25:9
E00749,"排量变化 起24.04→止24.04，变化0，均值24.04，范围[24.04, 24.04]",施工特征,该时间窗内的排量变化特征。,,,,flow_feature:红页L1HF:25:9
E00750,"砂比变化 起11.4→止0.7，变化-10.7，均值11.3737，范围[0.7, 12]",施工特征,该时间窗内的砂比变化特征。,,,,sand_feature:红页L1HF:25:9
E00751,时间窗 W010,时间窗,井 红页L1HF-段 25 中使用液型 0.12%减阻水 的连续时间窗。,,,,time_window:红页L1HF:25:10
E00752,0.12%减阻水@时间窗 W010,液型时间窗,井 红页L1HF-段 25-时间窗 W010 对应的液型使用实例。,,,,fluid_usage:红页L1HF:25:10:0.12%减阻水
E00753,"施工泵压变化 起69.74→止77.03，变化7.29，均值77.4391，范围[69.21, 81.19]",施工特征,该时间窗内的施工泵压变化特征。,,,,pressure_feature:红页L1HF:25:10
E00754,"排量变化 起19.91→止24.04，变化4.13，均值23.5299，范围[19.91, 24.04]",施工特征,该时间窗内的排量变化特征。,,,,flow_feature:红页L1HF:25:10
E00755,"砂比变化 起2→止10，变化8，均值10.2348，范围[0.2, 12]",施工特征,该时间窗内的砂比变化特征。,,,,sand_feature:红页L1HF:25:10
E00756,时间窗 W011,时间窗,井 红页L1HF-段 25 中使用液型 0.25%减阻水 的连续时间窗。,,,,time_window:红页L1HF:25:11
E00757,0.25%减阻水@时间窗 W011,液型时间窗,井 红页L1HF-段 25-时间窗 W011 对应的液型使用实例。,,,,fluid_usage:红页L1HF:25:11:0.25%减阻水
E00758,"施工泵压变化 起77.13→止75.5，变化-1.63，均值77.2303，范围[75.5, 77.88]",施工特征,该时间窗内的施工泵压变化特征。,,,,pressure_feature:红页L1HF:25:11
E00759,"排量变化 起24.04→止24.04，变化0，均值24.04，范围[24.04, 24.04]",施工特征,该时间窗内的排量变化特征。,,,,flow_feature:红页L1HF:25:11
E00760,"砂比变化 起10.7→止3.9，变化-6.8，均值11.9524，范围[3.9, 13]",施工特征,该时间窗内的砂比变化特征。,,,,sand_feature:红页L1HF:25:11
E00761,时间窗 W012,时间窗,井 红页L1HF-段 25 中使用液型 0.12%减阻水 的连续时间窗。,,,,time_window:红页L1HF:25:12
E00762,0.12%减阻水@时间窗 W012,液型时间窗,井 红页L1HF-段 25-时间窗 W012 对应的液型使用实例。,,,,fluid_usage:红页L1HF:25:12:0.12%减阻水
E00763,"施工泵压变化 起75.14→止0，变化-75.14，均值37.6136，范围[0, 75.14]",施工特征,该时间窗内的施工泵压变化特征。,,,,pressure_feature:红页L1HF:25:12
E00764,"排量变化 起24.04→止0，变化-24.04，均值1.214，范围[0, 24.04]",施工特征,该时间窗内的排量变化特征。,,,,flow_feature:红页L1HF:25:12
E00765,砂比变化：0,施工特征,该时间窗内的砂比变化特征。,,,,sand_feature:红页L1HF:25:12
E00766,段 26,压裂段,井 红页L1HF 的第 26 段。,,,,segment:红页L1HF:26
E00767,时间窗 W001,时间窗,井 红页L1HF-段 26 中使用液型 0.12%减阻水 的连续时间窗。,,,,time_window:红页L1HF:26:1
E00768,0.12%减阻水@时间窗 W001,液型时间窗,井 红页L1HF-段 26-时间窗 W001 对应的液型使用实例。,,,,fluid_usage:红页L1HF:26:1:0.12%减阻水
E00769,"施工泵压变化 起18.3→止47.53，变化29.23，均值39.2441，范围[18.3, 47.53]",施工特征,该时间窗内的施工泵压变化特征。,,,,pressure_feature:红页L1HF:26:1
E00770,"排量变化 起0.08→止1.99，变化1.91，均值1.7382，范围[0.08, 1.99]",施工特征,该时间窗内的排量变化特征。,,,,flow_feature:红页L1HF:26:1
E00771,砂比变化：0,施工特征,该时间窗内的砂比变化特征。,,,,sand_feature:红页L1HF:26:1
E00772,时间窗 W002,时间窗,井 红页L1HF-段 26 中使用液型 15%HCl 的连续时间窗。,,,,time_window:红页L1HF:26:2
E00773,15%HCl@时间窗 W002,液型时间窗,井 红页L1HF-段 26-时间窗 W002 对应的液型使用实例。,,,,fluid_usage:红页L1HF:26:2:15%HCl
E00774,"施工泵压变化 起47.9→止52，变化4.1，均值50.8，范围[47.9, 52]",施工特征,该时间窗内的施工泵压变化特征。,,,,pressure_feature:红页L1HF:26:2
E00775,"排量变化 起1.99→止1.99，变化0，均值1.99，范围[1.99, 1.99]",施工特征,该时间窗内的排量变化特征。,,,,flow_feature:红页L1HF:26:2
E00776,砂比变化：0,施工特征,该时间窗内的砂比变化特征。,,,,sand_feature:红页L1HF:26:2
E00777,时间窗 W003,时间窗,井 红页L1HF-段 26 中使用液型 0.25%减阻水 的连续时间窗。,,,,time_window:红页L1HF:26:3
E00778,0.25%减阻水@时间窗 W003,液型时间窗,井 红页L1HF-段 26-时间窗 W003 对应的液型使用实例。,,,,fluid_usage:红页L1HF:26:3:0.25%减阻水
E00779,"施工泵压变化 起52.1→止73.51，变化21.41，均值63.7881，范围[51.02, 78.95]",施工特征,该时间窗内的施工泵压变化特征。,,,,pressure_feature:红页L1HF:26:3
E00780,"排量变化 起1.99→止24.01，变化22.02，均值13.2434，范围[1.99, 24.01]",施工特征,该时间窗内的排量变化特征。,,,,flow_feature:红页L1HF:26:3
E00781,砂比变化：0,施工特征,该时间窗内的砂比变化特征。,,,,sand_feature:红页L1HF:26:3
E00782,时间窗 W004,时间窗,井 红页L1HF-段 26 中使用液型 0.18%减阻水 的连续时间窗。,,,,time_window:红页L1HF:26:4
E00783,0.18%减阻水@时间窗 W004,液型时间窗,井 红页L1HF-段 26-时间窗 W004 对应的液型使用实例。,,,,fluid_usage:红页L1HF:26:4:0.18%减阻水
E00784,"施工泵压变化 起73.57→止75.01，变化1.44，均值74.3967，范围[73.49, 75.32]",施工特征,该时间窗内的施工泵压变化特征。,,,,pressure_feature:红页L1HF:26:4
E00785,"排量变化 起24.01→止24.01，变化0，均值24.01，范围[24.01, 24.01]",施工特征,该时间窗内的排量变化特征。,,,,flow_feature:红页L1HF:26:4
E00786,"砂比变化 起0.2→止5.1，变化4.9，均值4.781，范围[0.2, 5.2]",施工特征,该时间窗内的砂比变化特征。,,,,sand_feature:红页L1HF:26:4
E00787,时间窗 W005,时间窗,井 红页L1HF-段 26 中使用液型 0.12%减阻水 的连续时间窗。,,,,time_window:红页L1HF:26:5
E00788,0.12%减阻水@时间窗 W005,液型时间窗,井 红页L1HF-段 26-时间窗 W005 对应的液型使用实例。,,,,fluid_usage:红页L1HF:26:5:0.12%减阻水
E00789,"施工泵压变化 起74.89→止78.17，变化3.28，均值75.2634，范围[67.22, 82.28]",施工特征,该时间窗内的施工泵压变化特征。,,,,pressure_feature:红页L1HF:26:5
E00790,"排量变化 起24.01→止24.03，变化0.02，均值24.032，范围[24, 24.27]",施工特征,该时间窗内的排量变化特征。,,,,flow_feature:红页L1HF:26:5
E00791,"砂比变化 起5.3→止11，变化5.7，均值9.0245，范围[0.1, 13]",施工特征,该时间窗内的砂比变化特征。,,,,sand_feature:红页L1HF:26:5
E00792,时间窗 W006,时间窗,井 红页L1HF-段 26 中使用液型 0.18%减阻水 的连续时间窗。,,,,time_window:红页L1HF:26:6
E00793,0.18%减阻水@时间窗 W006,液型时间窗,井 红页L1HF-段 26-时间窗 W006 对应的液型使用实例。,,,,fluid_usage:红页L1HF:26:6:0.18%减阻水
E00794,"施工泵压变化 起78.13→止77.62，变化-0.51，均值77.614，范围[77.28, 78.13]",施工特征,该时间窗内的施工泵压变化特征。,,,,pressure_feature:红页L1HF:26:6
E00795,"排量变化 起24.03→止24.04，变化0.01，均值24.0344，范围[24.03, 24.04]",施工特征,该时间窗内的排量变化特征。,,,,flow_feature:红页L1HF:26:6
E00796,"砂比变化 起10.2→止0.2，变化-10，均值10.448，范围[0.2, 12]",施工特征,该时间窗内的砂比变化特征。,,,,sand_feature:红页L1HF:26:6
E00797,时间窗 W007,时间窗,井 红页L1HF-段 26 中使用液型 0.12%减阻水 的连续时间窗。,,,,time_window:红页L1HF:26:7
E00798,0.12%减阻水@时间窗 W007,液型时间窗,井 红页L1HF-段 26-时间窗 W007 对应的液型使用实例。,,,,fluid_usage:红页L1HF:26:7:0.12%减阻水
E00799,"施工泵压变化 起64.59→止82.9，变化18.31，均值80.0448，范围[63.96, 83.67]",施工特征,该时间窗内的施工泵压变化特征。,,,,pressure_feature:红页L1HF:26:7
E00800,"排量变化 起20.07→止24.04，变化3.97，均值23.713，范围[20.06, 24.04]",施工特征,该时间窗内的排量变化特征。,,,,flow_feature:红页L1HF:26:7
E00801,"砂比变化 起0.9→止10.6，变化9.7，均值10.4318，范围[0.5, 13]",施工特征,该时间窗内的砂比变化特征。,,,,sand_feature:红页L1HF:26:7
E00802,时间窗 W008,时间窗,井 红页L1HF-段 26 中使用液型 0.18%减阻水 的连续时间窗。,,,,time_window:红页L1HF:26:8
E00803,0.18%减阻水@时间窗 W008,液型时间窗,井 红页L1HF-段 26-时间窗 W008 对应的液型使用实例。,,,,fluid_usage:红页L1HF:26:8:0.18%减阻水
E00804,"施工泵压变化 起82.88→止81.85，变化-1.03，均值82.1767，范围[81.71, 82.88]",施工特征,该时间窗内的施工泵压变化特征。,,,,pressure_feature:红页L1HF:26:8
E00805,"排量变化 起24.04→止24.04，变化0，均值24.04，范围[24.04, 24.04]",施工特征,该时间窗内的排量变化特征。,,,,flow_feature:红页L1HF:26:8
E00806,"砂比变化 起10.9→止1.7，变化-9.2，均值11.8333，范围[1.7, 13]",施工特征,该时间窗内的砂比变化特征。,,,,sand_feature:红页L1HF:26:8
E00807,时间窗 W009,时间窗,井 红页L1HF-段 26 中使用液型 0.12%减阻水 的连续时间窗。,,,,time_window:红页L1HF:26:9
E00808,0.12%减阻水@时间窗 W009,液型时间窗,井 红页L1HF-段 26-时间窗 W009 对应的液型使用实例。,,,,fluid_usage:红页L1HF:26:9:0.12%减阻水
E00809,"施工泵压变化 起66.76→止76.17，变化9.41，均值85.5321，范围[57.81, 91.75]",施工特征,该时间窗内的施工泵压变化特征。,,,,pressure_feature:红页L1HF:26:9
E00810,"排量变化 起20.07→止17.66，变化-2.41，均值16.3111，范围[5.79, 20.07]",施工特征,该时间窗内的排量变化特征。,,,,flow_feature:红页L1HF:26:9
E00811,"砂比变化 起0.2→止1.2，变化1，均值4.5745，范围[0.2, 6]",施工特征,该时间窗内的砂比变化特征。,,,,sand_feature:红页L1HF:26:9
E00812,时间窗 W010,时间窗,井 红页L1HF-段 26 中使用液型 0.25%减阻水 的连续时间窗。,,,,time_window:红页L1HF:26:10
E00813,0.25%减阻水@时间窗 W010,液型时间窗,井 红页L1HF-段 26-时间窗 W010 对应的液型使用实例。,,,,fluid_usage:红页L1HF:26:10:0.25%减阻水
E00814,"施工泵压变化 起75.46→止79.66，变化4.2，均值76.7184，范围[73.26, 81.22]",施工特征,该时间窗内的施工泵压变化特征。,,,,pressure_feature:红页L1HF:26:10
E00815,"排量变化 起17.66→止19.06，变化1.4，均值18.35，范围[17.66, 19.06]",施工特征,该时间窗内的排量变化特征。,,,,flow_feature:红页L1HF:26:10
E00816,"砂比变化 起1.6→止3，变化1.4，均值8.2032，范围[1.6, 10]",施工特征,该时间窗内的砂比变化特征。,,,,sand_feature:红页L1HF:26:10
E00817,时间窗 W011,时间窗,井 红页L1HF-段 26 中使用液型 0.12%减阻水 的连续时间窗。,,,,time_window:红页L1HF:26:11
E00818,0.12%减阻水@时间窗 W011,液型时间窗,井 红页L1HF-段 26-时间窗 W011 对应的液型使用实例。,,,,fluid_usage:红页L1HF:26:11:0.12%减阻水
E00819,"施工泵压变化 起79.53→止0，变化-79.53，均值40.7209，范围[0, 79.72]",施工特征,该时间窗内的施工泵压变化特征。,,,,pressure_feature:红页L1HF:26:11
E00820,"排量变化 起19.06→止0，变化-19.06，均值1.9417，范围[0, 19.06]",施工特征,该时间窗内的排量变化特征。,,,,flow_feature:红页L1HF:26:11
E00821,砂比变化：0,施工特征,该时间窗内的砂比变化特征。,,,,sand_feature:红页L1HF:26:11
E00822,段 27,压裂段,井 红页L1HF 的第 27 段。,,,,segment:红页L1HF:27
E00823,时间窗 W001,时间窗,井 红页L1HF-段 27 中使用液型 0.12%减阻水 的连续时间窗。,,,,time_window:红页L1HF:27:1
E00824,0.12%减阻水@时间窗 W001,液型时间窗,井 红页L1HF-段 27-时间窗 W001 对应的液型使用实例。,,,,fluid_usage:红页L1HF:27:1:0.12%减阻水
E00825,"施工泵压变化 起18.72→止43.19，变化24.47，均值37.1183，范围[18.29, 43.25]",施工特征,该时间窗内的施工泵压变化特征。,,,,pressure_feature:红页L1HF:27:1
E00826,"排量变化 起0.26→止1.99，变化1.73，均值1.6522，范围[0.26, 1.99]",施工特征,该时间窗内的排量变化特征。,,,,flow_feature:红页L1HF:27:1
E00827,砂比变化：0,施工特征,该时间窗内的砂比变化特征。,,,,sand_feature:红页L1HF:27:1
E00828,时间窗 W002,时间窗,井 红页L1HF-段 27 中使用液型 15%HCl 的连续时间窗。,,,,time_window:红页L1HF:27:2
E00829,15%HCl@时间窗 W002,液型时间窗,井 红页L1HF-段 27-时间窗 W002 对应的液型使用实例。,,,,fluid_usage:红页L1HF:27:2:15%HCl
E00830,"施工泵压变化 起43.07→止42.48，变化-0.59，均值43.3393，范围[42.48, 43.88]",施工特征,该时间窗内的施工泵压变化特征。,,,,pressure_feature:红页L1HF:27:2
E00831,"排量变化 起1.99→止1.99，变化0，均值1.99，范围[1.99, 1.99]",施工特征,该时间窗内的排量变化特征。,,,,flow_feature:红页L1HF:27:2
E00832,砂比变化：0,施工特征,该时间窗内的砂比变化特征。,,,,sand_feature:红页L1HF:27:2
E00833,时间窗 W003,时间窗,井 红页L1HF-段 27 中使用液型 0.25%减阻水 的连续时间窗。,,,,time_window:红页L1HF:27:3
E00834,0.25%减阻水@时间窗 W003,液型时间窗,井 红页L1HF-段 27-时间窗 W003 对应的液型使用实例。,,,,fluid_usage:红页L1HF:27:3:0.25%减阻水
E00835,"施工泵压变化 起42.39→止69.43，变化27.04，均值63.6762，范围[42.33, 88.24]",施工特征,该时间窗内的施工泵压变化特征。,,,,pressure_feature:红页L1HF:27:3
E00836,"排量变化 起1.99→止24.05，变化22.06，均值13.7302，范围[1.99, 24.05]",施工特征,该时间窗内的排量变化特征。,,,,flow_feature:红页L1HF:27:3
E00837,"砂比变化 起1.7→止1.7，变化0，均值1.7，范围[1.7, 1.7]",施工特征,该时间窗内的砂比变化特征。,,,,sand_feature:红页L1HF:27:3
E00838,时间窗 W004,时间窗,井 红页L1HF-段 27 中使用液型 0.18%减阻水 的连续时间窗。,,,,time_window:红页L1HF:27:4
E00839,0.18%减阻水@时间窗 W004,液型时间窗,井 红页L1HF-段 27-时间窗 W004 对应的液型使用实例。,,,,fluid_usage:红页L1HF:27:4:0.18%减阻水
E00840,"施工泵压变化 起69.3→止71.14，变化1.84，均值70.0559，范围[69.23, 71.14]",施工特征,该时间窗内的施工泵压变化特征。,,,,pressure_feature:红页L1HF:27:4
E00841,"排量变化 起24.05→止24.05，变化0，均值24.05，范围[24.05, 24.05]",施工特征,该时间窗内的排量变化特征。,,,,flow_feature:红页L1HF:27:4
E00842,"砂比变化 起6.3→止6，变化-0.3，均值6.0471，范围[6, 6.5]",施工特征,该时间窗内的砂比变化特征。,,,,sand_feature:红页L1HF:27:4
E00843,时间窗 W005,时间窗,井 红页L1HF-段 27 中使用液型 0.12%减阻水 的连续时间窗。,,,,time_window:红页L1HF:27:5
E00844,0.12%减阻水@时间窗 W005,液型时间窗,井 红页L1HF-段 27-时间窗 W005 对应的液型使用实例。,,,,fluid_usage:红页L1HF:27:5:0.12%减阻水
E00845,"施工泵压变化 起70.95→止73.71，变化2.76，均值71.876，范围[63.51, 74.63]",施工特征,该时间窗内的施工泵压变化特征。,,,,pressure_feature:红页L1HF:27:5
E00846,"排量变化 起24.05→止24.03，变化-0.02，均值24.0384，范围[24.03, 24.06]",施工特征,该时间窗内的排量变化特征。,,,,flow_feature:红页L1HF:27:5
E00847,"砂比变化 起6.7→止11.7，变化5，均值9.747，范围[0.4, 13]",施工特征,该时间窗内的砂比变化特征。,,,,sand_feature:红页L1HF:27:5
E00848,时间窗 W006,时间窗,井 红页L1HF-段 27 中使用液型 0.18%减阻水 的连续时间窗。,,,,time_window:红页L1HF:27:6
E00849,0.18%减阻水@时间窗 W006,液型时间窗,井 红页L1HF-段 27-时间窗 W006 对应的液型使用实例。,,,,fluid_usage:红页L1HF:27:6:0.18%减阻水
E00850,"施工泵压变化 起73.75→止73.24，变化-0.51，均值73.4495，范围[73.24, 73.75]",施工特征,该时间窗内的施工泵压变化特征。,,,,pressure_feature:红页L1HF:27:6
E00851,"排量变化 起24.03→止24.03，变化0，均值24.03，范围[24.03, 24.03]",施工特征,该时间窗内的排量变化特征。,,,,flow_feature:红页L1HF:27:6
E00852,"砂比变化 起11.5→止0.5，变化-11，均值11.8，范围[0.5, 13]",施工特征,该时间窗内的砂比变化特征。,,,,sand_feature:红页L1HF:27:6
E00853,时间窗 W007,时间窗,井 红页L1HF-段 27 中使用液型 0.12%减阻水 的连续时间窗。,,,,time_window:红页L1HF:27:7
E00854,0.12%减阻水@时间窗 W007,液型时间窗,井 红页L1HF-段 27-时间窗 W007 对应的液型使用实例。,,,,fluid_usage:红页L1HF:27:7:0.12%减阻水
E00855,"施工泵压变化 起62.35→止76.92，变化14.57，均值75.2681，范围[62.11, 79.61]",施工特征,该时间窗内的施工泵压变化特征。,,,,pressure_feature:红页L1HF:27:7
E00856,"排量变化 起19.9→止24.04，变化4.14，均值23.8161，范围[19.89, 24.04]",施工特征,该时间窗内的排量变化特征。,,,,flow_feature:红页L1HF:27:7
E00857,"砂比变化 起2→止10.2，变化8.2，均值9.5931，范围[0.1, 12.1]",施工特征,该时间窗内的砂比变化特征。,,,,sand_feature:红页L1HF:27:7
E00858,时间窗 W008,时间窗,井 红页L1HF-段 27 中使用液型 0.25%减阻水 的连续时间窗。,,,,time_window:红页L1HF:27:8
E00859,0.25%减阻水@时间窗 W008,液型时间窗,井 红页L1HF-段 27-时间窗 W008 对应的液型使用实例。,,,,fluid_usage:红页L1HF:27:8:0.25%减阻水
E00860,"施工泵压变化 起76.91→止75.81，变化-1.1，均值76.1618，范围[75.61, 76.93]",施工特征,该时间窗内的施工泵压变化特征。,,,,pressure_feature:红页L1HF:27:8
E00861,"排量变化 起24.04→止24.04，变化0，均值24.04，范围[24.04, 24.04]",施工特征,该时间窗内的排量变化特征。,,,,flow_feature:红页L1HF:27:8
E00862,"砂比变化 起10.9→止0.2，变化-10.7，均值11.0941，范围[0.2, 12]",施工特征,该时间窗内的砂比变化特征。,,,,sand_feature:红页L1HF:27:8
E00863,时间窗 W009,时间窗,井 红页L1HF-段 27 中使用液型 0.12%减阻水 的连续时间窗。,,,,time_window:红页L1HF:27:9
E00864,0.12%减阻水@时间窗 W009,液型时间窗,井 红页L1HF-段 27-时间窗 W009 对应的液型使用实例。,,,,fluid_usage:红页L1HF:27:9:0.12%减阻水
E00865,"施工泵压变化 起75.9→止0.13，变化-75.77，均值36.0673，范围[0.13, 75.94]",施工特征,该时间窗内的施工泵压变化特征。,,,,pressure_feature:红页L1HF:27:9
E00866,"排量变化 起24.04→止0，变化-24.04，均值2.5765，范围[0, 24.04]",施工特征,该时间窗内的排量变化特征。,,,,flow_feature:红页L1HF:27:9
E00867,砂比变化：0,施工特征,该时间窗内的砂比变化特征。,,,,sand_feature:红页L1HF:27:9
E00868,段 28,压裂段,井 红页L1HF 的第 28 段。,,,,segment:红页L1HF:28
E00869,时间窗 W001,时间窗,井 红页L1HF-段 28 中使用液型 0.12%减阻水 的连续时间窗。,,,,time_window:红页L1HF:28:1
E00870,0.12%减阻水@时间窗 W001,液型时间窗,井 红页L1HF-段 28-时间窗 W001 对应的液型使用实例。,,,,fluid_usage:红页L1HF:28:1:0.12%减阻水
E00871,"施工泵压变化 起22.59→止30.04，变化7.45，均值27.3126，范围[22.59, 30.04]",施工特征,该时间窗内的施工泵压变化特征。,,,,pressure_feature:红页L1HF:28:1
E00872,"排量变化 起0.01→止1.99，变化1.98，均值1.6132，范围[0.01, 1.99]",施工特征,该时间窗内的排量变化特征。,,,,flow_feature:红页L1HF:28:1
E00873,砂比变化：0,施工特征,该时间窗内的砂比变化特征。,,,,sand_feature:红页L1HF:28:1
E00874,时间窗 W002,时间窗,井 红页L1HF-段 28 中使用液型 15%HCl 的连续时间窗。,,,,time_window:红页L1HF:28:2
E00875,15%HCl@时间窗 W002,液型时间窗,井 红页L1HF-段 28-时间窗 W002 对应的液型使用实例。,,,,fluid_usage:红页L1HF:28:2:15%HCl
E00876,"施工泵压变化 起30.17→止34.01，变化3.84，均值32.441，范围[30.17, 34.01]",施工特征,该时间窗内的施工泵压变化特征。,,,,pressure_feature:红页L1HF:28:2
E00877,"排量变化 起1.99→止1.99，变化0，均值1.99，范围[1.99, 1.99]",施工特征,该时间窗内的排量变化特征。,,,,flow_feature:红页L1HF:28:2
E00878,砂比变化：0,施工特征,该时间窗内的砂比变化特征。,,,,sand_feature:红页L1HF:28:2
E00879,时间窗 W003,时间窗,井 红页L1HF-段 28 中使用液型 0.25%减阻水 的连续时间窗。,,,,time_window:红页L1HF:28:3
E00880,0.25%减阻水@时间窗 W003,液型时间窗,井 红页L1HF-段 28-时间窗 W003 对应的液型使用实例。,,,,fluid_usage:红页L1HF:28:3:0.25%减阻水
E00881,"施工泵压变化 起34.1→止72.88，变化38.78，均值64.8032，范围[34.1, 87.3]",施工特征,该时间窗内的施工泵压变化特征。,,,,pressure_feature:红页L1HF:28:3
E00882,"排量变化 起1.99→止24.04，变化22.05，均值14.6105，范围[1.99, 24.04]",施工特征,该时间窗内的排量变化特征。,,,,flow_feature:红页L1HF:28:3
E00883,砂比变化：0,施工特征,该时间窗内的砂比变化特征。,,,,sand_feature:红页L1HF:28:3
E00884,时间窗 W004,时间窗,井 红页L1HF-段 28 中使用液型 0.18%减阻水 的连续时间窗。,,,,time_window:红页L1HF:28:4
E00885,0.18%减阻水@时间窗 W004,液型时间窗,井 红页L1HF-段 28-时间窗 W004 对应的液型使用实例。,,,,fluid_usage:红页L1HF:28:4:0.18%减阻水
E00886,"施工泵压变化 起73.12→止70.59，变化-2.53，均值71.6806，范围[70.59, 73.12]",施工特征,该时间窗内的施工泵压变化特征。,,,,pressure_feature:红页L1HF:28:4
E00887,"排量变化 起24.04→止24.04，变化0，均值24.04，范围[24.04, 24.04]",施工特征,该时间窗内的排量变化特征。,,,,flow_feature:红页L1HF:28:4
E00888,"砂比变化 起2.9→止5.1，变化2.2，均值4.9941，范围[2.9, 5.3]",施工特征,该时间窗内的砂比变化特征。,,,,sand_feature:红页L1HF:28:4
E00889,时间窗 W005,时间窗,井 红页L1HF-段 28 中使用液型 0.12%减阻水 的连续时间窗。,,,,time_window:红页L1HF:28:5
E00890,0.12%减阻水@时间窗 W005,液型时间窗,井 红页L1HF-段 28-时间窗 W005 对应的液型使用实例。,,,,fluid_usage:红页L1HF:28:5:0.12%减阻水
E00891,"施工泵压变化 起70.45→止69.33，变化-1.12，均值69.9718，范围[68.22, 71.36]",施工特征,该时间窗内的施工泵压变化特征。,,,,pressure_feature:红页L1HF:28:5
E00892,"排量变化 起24.04→止24.04，变化0，均值24.0353，范围[24.03, 24.04]",施工特征,该时间窗内的排量变化特征。,,,,flow_feature:红页L1HF:28:5
E00893,"砂比变化 起5.5→止11，变化5.5，均值9.0298，范围[0.1, 12.1]",施工特征,该时间窗内的砂比变化特征。,,,,sand_feature:红页L1HF:28:5
E00894,时间窗 W006,时间窗,井 红页L1HF-段 28 中使用液型 0.18%减阻水 的连续时间窗。,,,,time_window:红页L1HF:28:6
E00895,0.18%减阻水@时间窗 W006,液型时间窗,井 红页L1HF-段 28-时间窗 W006 对应的液型使用实例。,,,,fluid_usage:红页L1HF:28:6:0.18%减阻水
E00896,"施工泵压变化 起69.53→止67.87，变化-1.66，均值68.257，范围[67.41, 69.53]",施工特征,该时间窗内的施工泵压变化特征。,,,,pressure_feature:红页L1HF:28:6
E00897,"排量变化 起24.04→止24.03，变化-0.01，均值24.0339，范围[24.03, 24.04]",施工特征,该时间窗内的排量变化特征。,,,,flow_feature:红页L1HF:28:6
E00898,"砂比变化 起10.6→止0.3，变化-10.3，均值11.413，范围[0.3, 12]",施工特征,该时间窗内的砂比变化特征。,,,,sand_feature:红页L1HF:28:6
E00899,时间窗 W007,时间窗,井 红页L1HF-段 28 中使用液型 0.12%减阻水 的连续时间窗。,,,,time_window:红页L1HF:28:7
E00900,0.12%减阻水@时间窗 W007,液型时间窗,井 红页L1HF-段 28-时间窗 W007 对应的液型使用实例。,,,,fluid_usage:红页L1HF:28:7:0.12%减阻水
E00901,"施工泵压变化 起67.79→止69.32，变化1.53，均值67.9253，范围[58.75, 73.88]",施工特征,该时间窗内的施工泵压变化特征。,,,,pressure_feature:红页L1HF:28:7
E00902,"排量变化 起24.03→止24.04，变化0.01，均值23.6177，范围[19.9, 24.04]",施工特征,该时间窗内的排量变化特征。,,,,flow_feature:红页L1HF:28:7
E00903,"砂比变化 起1→止10.3，变化9.3，均值9.9131，范围[0.2, 13]",施工特征,该时间窗内的砂比变化特征。,,,,sand_feature:红页L1HF:28:7
E00904,时间窗 W008,时间窗,井 红页L1HF-段 28 中使用液型 0.25%减阻水 的连续时间窗。,,,,time_window:红页L1HF:28:8
E00905,0.25%减阻水@时间窗 W008,液型时间窗,井 红页L1HF-段 28-时间窗 W008 对应的液型使用实例。,,,,fluid_usage:红页L1HF:28:8:0.25%减阻水
E00906,"施工泵压变化 起69.32→止67.28，变化-2.04，均值68.5156，范围[67.28, 69.34]",施工特征,该时间窗内的施工泵压变化特征。,,,,pressure_feature:红页L1HF:28:8
E00907,"排量变化 起24.04→止24.04，变化0，均值24.04，范围[24.04, 24.04]",施工特征,该时间窗内的排量变化特征。,,,,flow_feature:红页L1HF:28:8
E00908,"砂比变化 起10.4→止0.3，变化-10.1，均值11.5486，范围[0.3, 13]",施工特征,该时间窗内的砂比变化特征。,,,,sand_feature:红页L1HF:28:8
E00909,时间窗 W009,时间窗,井 红页L1HF-段 28 中使用液型 0.12%减阻水 的连续时间窗。,,,,time_window:红页L1HF:28:9
E00910,0.12%减阻水@时间窗 W009,液型时间窗,井 红页L1HF-段 28-时间窗 W009 对应的液型使用实例。,,,,fluid_usage:红页L1HF:28:9:0.12%减阻水
E00911,"施工泵压变化 起66.93→止0.28，变化-66.65，均值35.8356，范围[0.28, 66.93]",施工特征,该时间窗内的施工泵压变化特征。,,,,pressure_feature:红页L1HF:28:9
E00912,"排量变化 起24.04→止0，变化-24.04，均值1.5853，范围[0, 24.04]",施工特征,该时间窗内的排量变化特征。,,,,flow_feature:红页L1HF:28:9
E00913,砂比变化：0,施工特征,该时间窗内的砂比变化特征。,,,,sand_feature:红页L1HF:28:9
E00914,段 29,压裂段,井 红页L1HF 的第 29 段。,,,,segment:红页L1HF:29
E00915,时间窗 W001,时间窗,井 红页L1HF-段 29 中使用液型 0.12%减阻水 的连续时间窗。,,,,time_window:红页L1HF:29:1
E00916,0.12%减阻水@时间窗 W001,液型时间窗,井 红页L1HF-段 29-时间窗 W001 对应的液型使用实例。,,,,fluid_usage:红页L1HF:29:1:0.12%减阻水
E00917,"施工泵压变化 起8.94→止38.82，变化29.88，均值29.71，范围[8.94, 38.82]",施工特征,该时间窗内的施工泵压变化特征。,,,,pressure_feature:红页L1HF:29:1
E00918,"排量变化 起0.17→止1.99，变化1.82，均值1.63，范围[0.17, 1.99]",施工特征,该时间窗内的排量变化特征。,,,,flow_feature:红页L1HF:29:1
E00919,砂比变化：0,施工特征,该时间窗内的砂比变化特征。,,,,sand_feature:红页L1HF:29:1
E00920,时间窗 W002,时间窗,井 红页L1HF-段 29 中使用液型 15%HCl 的连续时间窗。,,,,time_window:红页L1HF:29:2
E00921,15%HCl@时间窗 W002,液型时间窗,井 红页L1HF-段 29-时间窗 W002 对应的液型使用实例。,,,,fluid_usage:红页L1HF:29:2:15%HCl
E00922,"施工泵压变化 起39.23→止46.33，变化7.1，均值44.4641，范围[39.23, 46.33]",施工特征,该时间窗内的施工泵压变化特征。,,,,pressure_feature:红页L1HF:29:2
E00923,"排量变化 起1.99→止2.43，变化0.44，均值1.9975，范围[1.99, 2.43]",施工特征,该时间窗内的排量变化特征。,,,,flow_feature:红页L1HF:29:2
E00924,砂比变化：0,施工特征,该时间窗内的砂比变化特征。,,,,sand_feature:红页L1HF:29:2
E00925,时间窗 W003,时间窗,井 红页L1HF-段 29 中使用液型 0.25%减阻水 的连续时间窗。,,,,time_window:红页L1HF:29:3
E00926,0.25%减阻水@时间窗 W003,液型时间窗,井 红页L1HF-段 29-时间窗 W003 对应的液型使用实例。,,,,fluid_usage:红页L1HF:29:3:0.25%减阻水
E00927,"施工泵压变化 起47.64→止65.62，变化17.98，均值65.6882，范围[47.64, 86.14]",施工特征,该时间窗内的施工泵压变化特征。,,,,pressure_feature:红页L1HF:29:3
E00928,"排量变化 起2.85→止24.05，变化21.2，均值15.8227，范围[2.85, 24.05]",施工特征,该时间窗内的排量变化特征。,,,,flow_feature:红页L1HF:29:3
E00929,砂比变化：0,施工特征,该时间窗内的砂比变化特征。,,,,sand_feature:红页L1HF:29:3
E00930,时间窗 W004,时间窗,井 红页L1HF-段 29 中使用液型 0.18%减阻水 的连续时间窗。,,,,time_window:红页L1HF:29:4
E00931,0.18%减阻水@时间窗 W004,液型时间窗,井 红页L1HF-段 29-时间窗 W004 对应的液型使用实例。,,,,fluid_usage:红页L1HF:29:4:0.18%减阻水
E00932,"施工泵压变化 起65.63→止66.98，变化1.35，均值66.0506，范围[65.61, 66.98]",施工特征,该时间窗内的施工泵压变化特征。,,,,pressure_feature:红页L1HF:29:4
E00933,"排量变化 起24.05→止24.05，变化0，均值24.05，范围[24.05, 24.05]",施工特征,该时间窗内的排量变化特征。,,,,flow_feature:红页L1HF:29:4
E00934,"砂比变化 起1.2→止6.2，变化5，均值5.7812，范围[1.2, 6.9]",施工特征,该时间窗内的砂比变化特征。,,,,sand_feature:红页L1HF:29:4
E00935,时间窗 W005,时间窗,井 红页L1HF-段 29 中使用液型 0.12%减阻水 的连续时间窗。,,,,time_window:红页L1HF:29:5
E00936,0.12%减阻水@时间窗 W005,液型时间窗,井 红页L1HF-段 29-时间窗 W005 对应的液型使用实例。,,,,fluid_usage:红页L1HF:29:5:0.12%减阻水
E00937,"施工泵压变化 起67.04→止67.13，变化0.09，均值66.6173，范围[60.87, 68.07]",施工特征,该时间窗内的施工泵压变化特征。,,,,pressure_feature:红页L1HF:29:5
E00938,"排量变化 起24.05→止24.05，变化0，均值24.0501，范围[24.05, 24.07]",施工特征,该时间窗内的排量变化特征。,,,,flow_feature:红页L1HF:29:5
E00939,"砂比变化 起7→止11.2，变化4.2，均值9.5807，范围[0.1, 12.1]",施工特征,该时间窗内的砂比变化特征。,,,,sand_feature:红页L1HF:29:5
E00940,时间窗 W006,时间窗,井 红页L1HF-段 29 中使用液型 0.18%减阻水 的连续时间窗。,,,,time_window:红页L1HF:29:6
E00941,0.18%减阻水@时间窗 W006,液型时间窗,井 红页L1HF-段 29-时间窗 W006 对应的液型使用实例。,,,,fluid_usage:红页L1HF:29:6:0.18%减阻水
E00942,"施工泵压变化 起66.96→止66.44，变化-0.52，均值66.53，范围[66.41, 66.96]",施工特征,该时间窗内的施工泵压变化特征。,,,,pressure_feature:红页L1HF:29:6
E00943,"排量变化 起24.05→止24.05，变化0，均值24.05，范围[24.05, 24.05]",施工特征,该时间窗内的排量变化特征。,,,,flow_feature:红页L1HF:29:6
E00944,"砂比变化 起12.1→止2.6，变化-9.5，均值12.005，范围[2.6, 13]",施工特征,该时间窗内的砂比变化特征。,,,,sand_feature:红页L1HF:29:6
E00945,时间窗 W007,时间窗,井 红页L1HF-段 29 中使用液型 0.12%减阻水 的连续时间窗。,,,,time_window:红页L1HF:29:7
E00946,0.12%减阻水@时间窗 W007,液型时间窗,井 红页L1HF-段 29-时间窗 W007 对应的液型使用实例。,,,,fluid_usage:红页L1HF:29:7:0.12%减阻水
E00947,"施工泵压变化 起58.71→止67.32，变化8.61，均值65.7384，范围[58.34, 67.51]",施工特征,该时间窗内的施工泵压变化特征。,,,,pressure_feature:红页L1HF:29:7
E00948,"排量变化 起20.08→止24.04，变化3.96，均值23.7389，范围[20.07, 24.06]",施工特征,该时间窗内的排量变化特征。,,,,flow_feature:红页L1HF:29:7
E00949,"砂比变化 起5.4→止10.7，变化5.3，均值9.8255，范围[0.6, 12.2]",施工特征,该时间窗内的砂比变化特征。,,,,sand_feature:红页L1HF:29:7
E00950,时间窗 W008,时间窗,井 红页L1HF-段 29 中使用液型 0.25%减阻水 的连续时间窗。,,,,time_window:红页L1HF:29:8
E00951,0.25%减阻水@时间窗 W008,液型时间窗,井 红页L1HF-段 29-时间窗 W008 对应的液型使用实例。,,,,fluid_usage:红页L1HF:29:8:0.25%减阻水
E00952,"施工泵压变化 起67.28→止66.63，变化-0.65，均值67.1686，范围[66.63, 67.46]",施工特征,该时间窗内的施工泵压变化特征。,,,,pressure_feature:红页L1HF:29:8
E00953,"排量变化 起24.04→止24.04，变化0，均值24.04，范围[24.04, 24.04]",施工特征,该时间窗内的排量变化特征。,,,,flow_feature:红页L1HF:29:8
E00954,"砂比变化 起11.3→止1.7，变化-9.6，均值12.3725，范围[1.7, 13]",施工特征,该时间窗内的砂比变化特征。,,,,sand_feature:红页L1HF:29:8
E00955,时间窗 W009,时间窗,井 红页L1HF-段 29 中使用液型 0.12%减阻水 的连续时间窗。,,,,time_window:红页L1HF:29:9
E00956,0.12%减阻水@时间窗 W009,液型时间窗,井 红页L1HF-段 29-时间窗 W009 对应的液型使用实例。,,,,fluid_usage:红页L1HF:29:9:0.12%减阻水
E00957,"施工泵压变化 起66.45→止0.13，变化-66.32，均值42.3097，范围[0.13, 66.45]",施工特征,该时间窗内的施工泵压变化特征。,,,,pressure_feature:红页L1HF:29:9
E00958,"排量变化 起24.04→止0，变化-24.04，均值1.4113，范围[0, 24.04]",施工特征,该时间窗内的排量变化特征。,,,,flow_feature:红页L1HF:29:9
E00959,砂比变化：0,施工特征,该时间窗内的砂比变化特征。,,,,sand_feature:红页L1HF:29:9
E00960,段 3,压裂段,井 红页L1HF 的第 3 段。,,,,segment:红页L1HF:3
E00961,时间窗 W001,时间窗,井 红页L1HF-段 3 中使用液型 0.12%减阻水 的连续时间窗。,,,,time_window:红页L1HF:3:1
E00962,0.12%减阻水@时间窗 W001,液型时间窗,井 红页L1HF-段 3-时间窗 W001 对应的液型使用实例。,,,,fluid_usage:红页L1HF:3:1:0.12%减阻水
E00963,"施工泵压变化 起12.54→止38.58，变化26.04，均值33.4714，范围[12.54, 38.58]",施工特征,该时间窗内的施工泵压变化特征。,,,,pressure_feature:红页L1HF:3:1
E00964,"排量变化 起0→止1.84，变化1.84，均值1.6003，范围[0, 1.84]",施工特征,该时间窗内的排量变化特征。,,,,flow_feature:红页L1HF:3:1
E00965,砂比变化：0,施工特征,该时间窗内的砂比变化特征。,,,,sand_feature:红页L1HF:3:1
E00966,时间窗 W002,时间窗,井 红页L1HF-段 3 中使用液型 15%HCl 的连续时间窗。,,,,time_window:红页L1HF:3:2
E00967,15%HCl@时间窗 W002,液型时间窗,井 红页L1HF-段 3-时间窗 W002 对应的液型使用实例。,,,,fluid_usage:红页L1HF:3:2:15%HCl
E00968,"施工泵压变化 起38.62→止38.52，变化-0.1，均值38.7586，范围[38.52, 39.04]",施工特征,该时间窗内的施工泵压变化特征。,,,,pressure_feature:红页L1HF:3:2
E00969,"排量变化 起1.84→止1.84，变化0，均值1.84，范围[1.84, 1.84]",施工特征,该时间窗内的排量变化特征。,,,,flow_feature:红页L1HF:3:2
E00970,砂比变化：0,施工特征,该时间窗内的砂比变化特征。,,,,sand_feature:红页L1HF:3:2
E00971,时间窗 W003,时间窗,井 红页L1HF-段 3 中使用液型 0.25%减阻水 的连续时间窗。,,,,time_window:红页L1HF:3:3
E00972,0.25%减阻水@时间窗 W003,液型时间窗,井 红页L1HF-段 3-时间窗 W003 对应的液型使用实例。,,,,fluid_usage:红页L1HF:3:3:0.25%减阻水
E00973,"施工泵压变化 起38.52→止68.54，变化30.02，均值61.5229，范围[38.52, 91.19]",施工特征,该时间窗内的施工泵压变化特征。,,,,pressure_feature:红页L1HF:3:3
E00974,"排量变化 起1.85→止24，变化22.15，均值10.8881，范围[1.85, 24.19]",施工特征,该时间窗内的排量变化特征。,,,,flow_feature:红页L1HF:3:3
E00975,"砂比变化 起1.6→止5.1，变化3.5，均值4.7833，范围[1.6, 5.3]",施工特征,该时间窗内的砂比变化特征。,,,,sand_feature:红页L1HF:3:3
E00976,时间窗 W004,时间窗,井 红页L1HF-段 3 中使用液型 0.12%减阻水 的连续时间窗。,,,,time_window:红页L1HF:3:4
E00977,0.12%减阻水@时间窗 W004,液型时间窗,井 红页L1HF-段 3-时间窗 W004 对应的液型使用实例。,,,,fluid_usage:红页L1HF:3:4:0.12%减阻水
E00978,"施工泵压变化 起68.59→止80.76，变化12.17，均值71.8177，范围[45.99, 82.88]",施工特征,该时间窗内的施工泵压变化特征。,,,,pressure_feature:红页L1HF:3:4
E00979,"排量变化 起24→止24，变化0，均值22.2617，范围[11.94, 24.16]",施工特征,该时间窗内的排量变化特征。,,,,flow_feature:红页L1HF:3:4
E00980,"砂比变化 起5.1→止10.1，变化5，均值7.154，范围[0.6, 10.1]",施工特征,该时间窗内的砂比变化特征。,,,,sand_feature:红页L1HF:3:4
E00981,时间窗 W005,时间窗,井 红页L1HF-段 3 中使用液型 0.18%减阻水 的连续时间窗。,,,,time_window:红页L1HF:3:5
E00982,0.18%减阻水@时间窗 W005,液型时间窗,井 红页L1HF-段 3-时间窗 W005 对应的液型使用实例。,,,,fluid_usage:红页L1HF:3:5:0.18%减阻水
E00983,"施工泵压变化 起80.54→止73.52，变化-7.02，均值79.0173，范围[73.47, 80.54]",施工特征,该时间窗内的施工泵压变化特征。,,,,pressure_feature:红页L1HF:3:5
E00984,"排量变化 起24→止24.01，变化0.01，均值24.0004，范围[24, 24.01]",施工特征,该时间窗内的排量变化特征。,,,,flow_feature:红页L1HF:3:5
E00985,"砂比变化 起10.1→止10.2，变化0.1，均值10.8728，范围[0.7, 12.8]",施工特征,该时间窗内的砂比变化特征。,,,,sand_feature:红页L1HF:3:5
E00986,时间窗 W006,时间窗,井 红页L1HF-段 3 中使用液型 0.12%减阻水 的连续时间窗。,,,,time_window:红页L1HF:3:6
E00987,0.12%减阻水@时间窗 W006,液型时间窗,井 红页L1HF-段 3-时间窗 W006 对应的液型使用实例。,,,,fluid_usage:红页L1HF:3:6:0.12%减阻水
E00988,"施工泵压变化 起73.82→止77.26，变化3.44，均值77.3839，范围[73.82, 78.48]",施工特征,该时间窗内的施工泵压变化特征。,,,,pressure_feature:红页L1HF:3:6
E00989,"排量变化 起24→止24.01，变化0.01，均值24.001，范围[24, 24.01]",施工特征,该时间窗内的排量变化特征。,,,,flow_feature:红页L1HF:3:6
E00990,"砂比变化 起10→止5.6，变化-4.4，均值11.5574，范围[5.6, 13]",施工特征,该时间窗内的砂比变化特征。,,,,sand_feature:红页L1HF:3:6
E00991,时间窗 W007,时间窗,井 红页L1HF-段 3 中使用液型 0.25%减阻水 的连续时间窗。,,,,time_window:红页L1HF:3:7
E00992,0.25%减阻水@时间窗 W007,液型时间窗,井 红页L1HF-段 3-时间窗 W007 对应的液型使用实例。,,,,fluid_usage:红页L1HF:3:7:0.25%减阻水
E00993,"施工泵压变化 起77.2→止76.74，变化-0.46，均值76.7351，范围[72.56, 79.56]",施工特征,该时间窗内的施工泵压变化特征。,,,,pressure_feature:红页L1HF:3:7
E00994,"排量变化 起24→止24.01，变化0.01，均值24.0045，范围[24, 24.01]",施工特征,该时间窗内的排量变化特征。,,,,flow_feature:红页L1HF:3:7
E00995,"砂比变化 起11.4→止0.7，变化-10.7，均值11.3821，范围[0.2, 14]",施工特征,该时间窗内的砂比变化特征。,,,,sand_feature:红页L1HF:3:7
E00996,时间窗 W008,时间窗,井 红页L1HF-段 3 中使用液型 0.18%减阻水 的连续时间窗。,,,,time_window:红页L1HF:3:8
E00997,0.18%减阻水@时间窗 W008,液型时间窗,井 红页L1HF-段 3-时间窗 W008 对应的液型使用实例。,,,,fluid_usage:红页L1HF:3:8:0.18%减阻水
E00998,"施工泵压变化 起76.68→止76.73，变化0.05，均值76.6775，范围[76.65, 76.73]",施工特征,该时间窗内的施工泵压变化特征。,,,,pressure_feature:红页L1HF:3:8
E00999,"排量变化 起24.01→止24，变化-0.01，均值24.0025，范围[24, 24.01]",施工特征,该时间窗内的排量变化特征。,,,,flow_feature:红页L1HF:3:8
E01000,砂比变化：0,施工特征,该时间窗内的砂比变化特征。,,,,sand_feature:红页L1HF:3:8
E01001,时间窗 W009,时间窗,井 红页L1HF-段 3 中使用液型 0.12%减阻水 的连续时间窗。,,,,time_window:红页L1HF:3:9
E01002,0.12%减阻水@时间窗 W009,液型时间窗,井 红页L1HF-段 3-时间窗 W009 对应的液型使用实例。,,,,fluid_usage:红页L1HF:3:9:0.12%减阻水
E01003,"施工泵压变化 起76.75→止32.32，变化-44.43，均值67.8，范围[32.32, 76.75]",施工特征,该时间窗内的施工泵压变化特征。,,,,pressure_feature:红页L1HF:3:9
E01004,"排量变化 起24→止1.04，变化-22.96，均值19.9317，范围[1.04, 24.02]",施工特征,该时间窗内的排量变化特征。,,,,flow_feature:红页L1HF:3:9
E01005,砂比变化：0,施工特征,该时间窗内的砂比变化特征。,,,,sand_feature:红页L1HF:3:9
E01006,时间窗 W010,时间窗,井 红页L1HF-段 3 中使用液型 0 的连续时间窗。,,,,time_window:红页L1HF:3:10
E01007,0@时间窗 W010,液型时间窗,井 红页L1HF-段 3-时间窗 W010 对应的液型使用实例。,,,,fluid_usage:红页L1HF:3:10:0
E01008,"施工泵压变化 起35.84→止0，变化-35.84，均值25.9739，范围[0, 35.84]",施工特征,该时间窗内的施工泵压变化特征。,,,,pressure_feature:红页L1HF:3:10
E01009,"排量变化 起0→止0，变化0，均值0，范围[0, 0]",施工特征,该时间窗内的排量变化特征。,,,,flow_feature:红页L1HF:3:10
E01010,砂比变化：0,施工特征,该时间窗内的砂比变化特征。,,,,sand_feature:红页L1HF:3:10
E01011,段 30,压裂段,井 红页L1HF 的第 30 段。,,,,segment:红页L1HF:30
E01012,时间窗 W001,时间窗,井 红页L1HF-段 30 中使用液型 0 的连续时间窗。,,,,time_window:红页L1HF:30:1
E01013,0@时间窗 W001,液型时间窗,井 红页L1HF-段 30-时间窗 W001 对应的液型使用实例。,,,,fluid_usage:红页L1HF:30:1:0
E01014,"施工泵压变化 起11.33→止11.33，变化0，均值11.33，范围[11.33, 11.33]",施工特征,该时间窗内的施工泵压变化特征。,,,,pressure_feature:红页L1HF:30:1
E01015,"排量变化 起0→止0，变化0，均值0，范围[0, 0]",施工特征,该时间窗内的排量变化特征。,,,,flow_feature:红页L1HF:30:1
E01016,砂比变化：0,施工特征,该时间窗内的砂比变化特征。,,,,sand_feature:红页L1HF:30:1
E01017,时间窗 W002,时间窗,井 红页L1HF-段 30 中使用液型 0.12%减阻水 的连续时间窗。,,,,time_window:红页L1HF:30:2
E01018,0.12%减阻水@时间窗 W002,液型时间窗,井 红页L1HF-段 30-时间窗 W002 对应的液型使用实例。,,,,fluid_usage:红页L1HF:30:2:0.12%减阻水
E01019,"施工泵压变化 起25.39→止34.35，变化8.96，均值30.9589，范围[25.39, 34.35]",施工特征,该时间窗内的施工泵压变化特征。,,,,pressure_feature:红页L1HF:30:2
E01020,"排量变化 起0.36→止2，变化1.64，均值1.7156，范围[0.36, 2]",施工特征,该时间窗内的排量变化特征。,,,,flow_feature:红页L1HF:30:2
E01021,砂比变化：0,施工特征,该时间窗内的砂比变化特征。,,,,sand_feature:红页L1HF:30:2
E01022,时间窗 W003,时间窗,井 红页L1HF-段 30 中使用液型 15%HCl 的连续时间窗。,,,,time_window:红页L1HF:30:3
E01023,15%HCl@时间窗 W003,液型时间窗,井 红页L1HF-段 30-时间窗 W003 对应的液型使用实例。,,,,fluid_usage:红页L1HF:30:3:15%HCl
E01024,"施工泵压变化 起34.54→止38.45，变化3.91，均值36.808，范围[34.54, 38.45]",施工特征,该时间窗内的施工泵压变化特征。,,,,pressure_feature:红页L1HF:30:3
E01025,"排量变化 起2→止2，变化0，均值2，范围[2, 2]",施工特征,该时间窗内的排量变化特征。,,,,flow_feature:红页L1HF:30:3
E01026,砂比变化：0,施工特征,该时间窗内的砂比变化特征。,,,,sand_feature:红页L1HF:30:3
E01027,时间窗 W004,时间窗,井 红页L1HF-段 30 中使用液型 0.25%减阻水 的连续时间窗。,,,,time_window:红页L1HF:30:4
E01028,0.25%减阻水@时间窗 W004,液型时间窗,井 红页L1HF-段 30-时间窗 W004 对应的液型使用实例。,,,,fluid_usage:红页L1HF:30:4:0.25%减阻水
E01029,"施工泵压变化 起38.5→止65.17，变化26.67，均值62.9493，范围[38.5, 89]",施工特征,该时间窗内的施工泵压变化特征。,,,,pressure_feature:红页L1HF:30:4
E01030,"排量变化 起2→止24.08，变化22.08，均值14.0188，范围[2, 24.08]",施工特征,该时间窗内的排量变化特征。,,,,flow_feature:红页L1HF:30:4
E01031,砂比变化：0,施工特征,该时间窗内的砂比变化特征。,,,,sand_feature:红页L1HF:30:4
E01032,时间窗 W005,时间窗,井 红页L1HF-段 30 中使用液型 0.18%减阻水 的连续时间窗。,,,,time_window:红页L1HF:30:5
E01033,0.18%减阻水@时间窗 W005,液型时间窗,井 红页L1HF-段 30-时间窗 W005 对应的液型使用实例。,,,,fluid_usage:红页L1HF:30:5:0.18%减阻水
E01034,"施工泵压变化 起65.19→止66.47，变化1.28，均值65.8653，范围[65.17, 66.47]",施工特征,该时间窗内的施工泵压变化特征。,,,,pressure_feature:红页L1HF:30:5
E01035,"排量变化 起24.08→止24.08，变化0，均值24.08，范围[24.08, 24.08]",施工特征,该时间窗内的排量变化特征。,,,,flow_feature:红页L1HF:30:5
E01036,"砂比变化 起0.5→止7.1，变化6.6，均值5.8735，范围[0.5, 7.2]",施工特征,该时间窗内的砂比变化特征。,,,,sand_feature:红页L1HF:30:5
E01037,时间窗 W006,时间窗,井 红页L1HF-段 30 中使用液型 0.12%减阻水 的连续时间窗。,,,,time_window:红页L1HF:30:6
E01038,0.12%减阻水@时间窗 W006,液型时间窗,井 红页L1HF-段 30-时间窗 W006 对应的液型使用实例。,,,,fluid_usage:红页L1HF:30:6:0.12%减阻水
E01039,"施工泵压变化 起66.34→止67.24，变化0.9，均值66.5935，范围[62.97, 67.45]",施工特征,该时间窗内的施工泵压变化特征。,,,,pressure_feature:红页L1HF:30:6
E01040,"排量变化 起24.08→止24.08，变化0，均值24.08，范围[24.08, 24.08]",施工特征,该时间窗内的排量变化特征。,,,,flow_feature:红页L1HF:30:6
E01041,"砂比变化 起8.7→止10，变化1.3，均值9.3201，范围[0.1, 11]",施工特征,该时间窗内的砂比变化特征。,,,,sand_feature:红页L1HF:30:6
E01042,时间窗 W007,时间窗,井 红页L1HF-段 30 中使用液型 0.18%减阻水 的连续时间窗。,,,,time_window:红页L1HF:30:7
E01043,0.18%减阻水@时间窗 W007,液型时间窗,井 红页L1HF-段 30-时间窗 W007 对应的液型使用实例。,,,,fluid_usage:红页L1HF:30:7:0.18%减阻水
E01044,"施工泵压变化 起67.28→止67.26，变化-0.02，均值67.3991，范围[67.26, 67.52]",施工特征,该时间窗内的施工泵压变化特征。,,,,pressure_feature:红页L1HF:30:7
E01045,"排量变化 起24.08→止24.08，变化0，均值24.08，范围[24.08, 24.08]",施工特征,该时间窗内的排量变化特征。,,,,flow_feature:红页L1HF:30:7
E01046,"砂比变化 起10.3→止0.2，变化-10.1，均值10.9435，范围[0.2, 12]",施工特征,该时间窗内的砂比变化特征。,,,,sand_feature:红页L1HF:30:7
E01047,时间窗 W008,时间窗,井 红页L1HF-段 30 中使用液型 0.12%减阻水 的连续时间窗。,,,,time_window:红页L1HF:30:8
E01048,0.12%减阻水@时间窗 W008,液型时间窗,井 红页L1HF-段 30-时间窗 W008 对应的液型使用实例。,,,,fluid_usage:红页L1HF:30:8:0.12%减阻水
E01049,"施工泵压变化 起66.16→止71.93，变化5.77，均值70.4913，范围[66.07, 72.69]",施工特征,该时间窗内的施工泵压变化特征。,,,,pressure_feature:红页L1HF:30:8
E01050,"排量变化 起24.08→止24.09，变化0.01，均值24.0829，范围[24.08, 24.1]",施工特征,该时间窗内的排量变化特征。,,,,flow_feature:红页L1HF:30:8
E01051,"砂比变化 起1.7→止9.7，变化8，均值10.0986，范围[0.1, 13]",施工特征,该时间窗内的砂比变化特征。,,,,sand_feature:红页L1HF:30:8
E01052,时间窗 W009,时间窗,井 红页L1HF-段 30 中使用液型 0.18%减阻水 的连续时间窗。,,,,time_window:红页L1HF:30:9
E01053,0.18%减阻水@时间窗 W009,液型时间窗,井 红页L1HF-段 30-时间窗 W009 对应的液型使用实例。,,,,fluid_usage:红页L1HF:30:9:0.18%减阻水
E01054,"施工泵压变化 起71.95→止71.83，变化-0.12，均值71.9204，范围[71.79, 72]",施工特征,该时间窗内的施工泵压变化特征。,,,,pressure_feature:红页L1HF:30:9
E01055,"排量变化 起24.09→止24.09，变化0，均值24.09，范围[24.09, 24.09]",施工特征,该时间窗内的排量变化特征。,,,,flow_feature:红页L1HF:30:9
E01056,"砂比变化 起9.4→止0.5，变化-8.9，均值10.8958，范围[0.5, 12]",施工特征,该时间窗内的砂比变化特征。,,,,sand_feature:红页L1HF:30:9
E01057,时间窗 W010,时间窗,井 红页L1HF-段 30 中使用液型 0.12%减阻水 的连续时间窗。,,,,time_window:红页L1HF:30:10
E01058,0.12%减阻水@时间窗 W010,液型时间窗,井 红页L1HF-段 30-时间窗 W010 对应的液型使用实例。,,,,fluid_usage:红页L1HF:30:10:0.12%减阻水
E01059,"施工泵压变化 起70.13→止86.72，变化16.59，均值71.5764，范围[45.51, 89.37]",施工特征,该时间窗内的施工泵压变化特征。,,,,pressure_feature:红页L1HF:30:10
E01060,"排量变化 起24.09→止21.44，变化-2.65，均值16.9743，范围[0, 24.09]",施工特征,该时间窗内的排量变化特征。,,,,flow_feature:红页L1HF:30:10
E01061,"砂比变化 起3.5→止0.4，变化-3.1，均值7.76，范围[0.4, 10.1]",施工特征,该时间窗内的砂比变化特征。,,,,sand_feature:红页L1HF:30:10
E01062,时间窗 W011,时间窗,井 红页L1HF-段 30 中使用液型 0.25%减阻水 的连续时间窗。,,,,time_window:红页L1HF:30:11
E01063,0.25%减阻水@时间窗 W011,液型时间窗,井 红页L1HF-段 30-时间窗 W011 对应的液型使用实例。,,,,fluid_usage:红页L1HF:30:11:0.25%减阻水
E01064,"施工泵压变化 起87.78→止91.05，变化3.27，均值90.0864，范围[87.78, 91.47]",施工特征,该时间窗内的施工泵压变化特征。,,,,pressure_feature:红页L1HF:30:11
E01065,"排量变化 起21.71→止22.62，变化0.91，均值22.3686，范围[21.71, 22.62]",施工特征,该时间窗内的排量变化特征。,,,,flow_feature:红页L1HF:30:11
E01066,砂比变化：0,施工特征,该时间窗内的砂比变化特征。,,,,sand_feature:红页L1HF:30:11
E01067,时间窗 W012,时间窗,井 红页L1HF-段 30 中使用液型 0.12%减阻水 的连续时间窗。,,,,time_window:红页L1HF:30:12
E01068,0.12%减阻水@时间窗 W012,液型时间窗,井 红页L1HF-段 30-时间窗 W012 对应的液型使用实例。,,,,fluid_usage:红页L1HF:30:12:0.12%减阻水
E01069,"施工泵压变化 起90.93→止81.54，变化-9.39，均值83.7365，范围[80.24, 91.3]",施工特征,该时间窗内的施工泵压变化特征。,,,,pressure_feature:红页L1HF:30:12
E01070,"排量变化 起22.62→止24.08，变化1.46，均值23.2535，范围[22.62, 24.08]",施工特征,该时间窗内的排量变化特征。,,,,flow_feature:红页L1HF:30:12
E01071,"砂比变化 起1.4→止12，变化10.6，均值9.6757，范围[0.1, 14.1]",施工特征,该时间窗内的砂比变化特征。,,,,sand_feature:红页L1HF:30:12
E01072,时间窗 W013,时间窗,井 红页L1HF-段 30 中使用液型 0.25%减阻水 的连续时间窗。,,,,time_window:红页L1HF:30:13
E01073,0.25%减阻水@时间窗 W013,液型时间窗,井 红页L1HF-段 30-时间窗 W013 对应的液型使用实例。,,,,fluid_usage:红页L1HF:30:13:0.25%减阻水
E01074,"施工泵压变化 起81.58→止83.79，变化2.21，均值83.8629，范围[81.44, 85.24]",施工特征,该时间窗内的施工泵压变化特征。,,,,pressure_feature:红页L1HF:30:13
E01075,"排量变化 起24.08→止24.08，变化0，均值24.08，范围[24.08, 24.08]",施工特征,该时间窗内的排量变化特征。,,,,flow_feature:红页L1HF:30:13
E01076,"砂比变化 起13.6→止0.1，变化-13.5，均值11.6222，范围[0.1, 14.1]",施工特征,该时间窗内的砂比变化特征。,,,,sand_feature:红页L1HF:30:13
E01077,时间窗 W014,时间窗,井 红页L1HF-段 30 中使用液型 0.12%减阻水 的连续时间窗。,,,,time_window:红页L1HF:30:14
E01078,0.12%减阻水@时间窗 W014,液型时间窗,井 红页L1HF-段 30-时间窗 W014 对应的液型使用实例。,,,,fluid_usage:红页L1HF:30:14:0.12%减阻水
E01079,"施工泵压变化 起83.06→止0.74，变化-82.32，均值43.9298，范围[0.74, 83.06]",施工特征,该时间窗内的施工泵压变化特征。,,,,pressure_feature:红页L1HF:30:14
E01080,"排量变化 起24.09→止0，变化-24.09，均值1.1826，范围[0, 24.09]",施工特征,该时间窗内的排量变化特征。,,,,flow_feature:红页L1HF:30:14
E01081,砂比变化：0,施工特征,该时间窗内的砂比变化特征。,,,,sand_feature:红页L1HF:30:14
E01082,段 31,压裂段,井 红页L1HF 的第 31 段。,,,,segment:红页L1HF:31
E01083,时间窗 W001,时间窗,井 红页L1HF-段 31 中使用液型 0 的连续时间窗。,,,,time_window:红页L1HF:31:1
E01084,0@时间窗 W001,液型时间窗,井 红页L1HF-段 31-时间窗 W001 对应的液型使用实例。,,,,fluid_usage:红页L1HF:31:1:0
E01085,"施工泵压变化 起13.43→止13.43，变化0，均值13.43，范围[13.43, 13.43]",施工特征,该时间窗内的施工泵压变化特征。,,,,pressure_feature:红页L1HF:31:1
E01086,"排量变化 起0→止0，变化0，均值0，范围[0, 0]",施工特征,该时间窗内的排量变化特征。,,,,flow_feature:红页L1HF:31:1
E01087,砂比变化：0,施工特征,该时间窗内的砂比变化特征。,,,,sand_feature:红页L1HF:31:1
E01088,时间窗 W002,时间窗,井 红页L1HF-段 31 中使用液型 0.12%减阻水 的连续时间窗。,,,,time_window:红页L1HF:31:2
E01089,0.12%减阻水@时间窗 W002,液型时间窗,井 红页L1HF-段 31-时间窗 W002 对应的液型使用实例。,,,,fluid_usage:红页L1HF:31:2:0.12%减阻水
E01090,"施工泵压变化 起23.33→止35.03，变化11.7，均值31.1427，范围[23.33, 35.03]",施工特征,该时间窗内的施工泵压变化特征。,,,,pressure_feature:红页L1HF:31:2
E01091,"排量变化 起0.58→止1.99，变化1.41，均值1.8262，范围[0.58, 1.99]",施工特征,该时间窗内的排量变化特征。,,,,flow_feature:红页L1HF:31:2
E01092,砂比变化：0,施工特征,该时间窗内的砂比变化特征。,,,,sand_feature:红页L1HF:31:2
E01093,时间窗 W003,时间窗,井 红页L1HF-段 31 中使用液型 15%HCl 的连续时间窗。,,,,time_window:红页L1HF:31:3
E01094,15%HCl@时间窗 W003,液型时间窗,井 红页L1HF-段 31-时间窗 W003 对应的液型使用实例。,,,,fluid_usage:红页L1HF:31:3:15%HCl
E01095,"施工泵压变化 起35.2→止44.66，变化9.46，均值39.2397，范围[35.2, 50.55]",施工特征,该时间窗内的施工泵压变化特征。,,,,pressure_feature:红页L1HF:31:3
E01096,"排量变化 起1.99→止1.99，变化0，均值1.99，范围[1.99, 1.99]",施工特征,该时间窗内的排量变化特征。,,,,flow_feature:红页L1HF:31:3
E01097,砂比变化：0,施工特征,该时间窗内的砂比变化特征。,,,,sand_feature:红页L1HF:31:3
E01098,时间窗 W004,时间窗,井 红页L1HF-段 31 中使用液型 0.25%减阻水 的连续时间窗。,,,,time_window:红页L1HF:31:4
E01099,0.25%减阻水@时间窗 W004,液型时间窗,井 红页L1HF-段 31-时间窗 W004 对应的液型使用实例。,,,,fluid_usage:红页L1HF:31:4:0.25%减阻水
E01100,"施工泵压变化 起44.46→止62.63，变化18.17，均值60.5984，范围[43.09, 83.66]",施工特征,该时间窗内的施工泵压变化特征。,,,,pressure_feature:红页L1HF:31:4
E01101,"排量变化 起1.99→止24.06，变化22.07，均值15.3332，范围[1.99, 24.06]",施工特征,该时间窗内的排量变化特征。,,,,flow_feature:红页L1HF:31:4
E01102,砂比变化：0,施工特征,该时间窗内的砂比变化特征。,,,,sand_feature:红页L1HF:31:4
E01103,时间窗 W005,时间窗,井 红页L1HF-段 31 中使用液型 0.18%减阻水 的连续时间窗。,,,,time_window:红页L1HF:31:5
E01104,0.18%减阻水@时间窗 W005,液型时间窗,井 红页L1HF-段 31-时间窗 W005 对应的液型使用实例。,,,,fluid_usage:红页L1HF:31:5:0.18%减阻水
E01105,"施工泵压变化 起62.61→止62.79，变化0.18，均值62.6661，范围[62.4, 62.87]",施工特征,该时间窗内的施工泵压变化特征。,,,,pressure_feature:红页L1HF:31:5
E01106,"排量变化 起24.06→止24.06，变化0，均值24.06，范围[24.06, 24.06]",施工特征,该时间窗内的排量变化特征。,,,,flow_feature:红页L1HF:31:5
E01107,"砂比变化 起1.3→止7.1，变化5.8，均值6.3788，范围[1.3, 7.1]",施工特征,该时间窗内的砂比变化特征。,,,,sand_feature:红页L1HF:31:5
E01108,时间窗 W006,时间窗,井 红页L1HF-段 31 中使用液型 0.12%减阻水 的连续时间窗。,,,,time_window:红页L1HF:31:6
E01109,0.12%减阻水@时间窗 W006,液型时间窗,井 红页L1HF-段 31-时间窗 W006 对应的液型使用实例。,,,,fluid_usage:红页L1HF:31:6:0.12%减阻水
E01110,"施工泵压变化 起62.73→止68.04，变化5.31，均值63.1423，范围[59.23, 71.4]",施工特征,该时间窗内的施工泵压变化特征。,,,,pressure_feature:红页L1HF:31:6
E01111,"排量变化 起24.06→止24.05，变化-0.01，均值24.0547，范围[24.02, 24.06]",施工特征,该时间窗内的排量变化特征。,,,,flow_feature:红页L1HF:31:6
E01112,"砂比变化 起8.6→止11.2，变化2.6，均值10.5775，范围[0.3, 12.1]",施工特征,该时间窗内的砂比变化特征。,,,,sand_feature:红页L1HF:31:6
E01113,时间窗 W007,时间窗,井 红页L1HF-段 31 中使用液型 0.18%减阻水 的连续时间窗。,,,,time_window:红页L1HF:31:7
E01114,0.18%减阻水@时间窗 W007,液型时间窗,井 红页L1HF-段 31-时间窗 W007 对应的液型使用实例。,,,,fluid_usage:红页L1HF:31:7:0.18%减阻水
E01115,"施工泵压变化 起67.02→止63.8，变化-3.22，均值64.3229，范围[63.8, 67.02]",施工特征,该时间窗内的施工泵压变化特征。,,,,pressure_feature:红页L1HF:31:7
E01116,"排量变化 起24.05→止24.05，变化0，均值24.05，范围[24.05, 24.05]",施工特征,该时间窗内的排量变化特征。,,,,flow_feature:红页L1HF:31:7
E01117,"砂比变化 起10.8→止0.3，变化-10.5，均值11.2529，范围[0.3, 12.1]",施工特征,该时间窗内的砂比变化特征。,,,,sand_feature:红页L1HF:31:7
E01118,时间窗 W008,时间窗,井 红页L1HF-段 31 中使用液型 0.12%减阻水 的连续时间窗。,,,,time_window:红页L1HF:31:8
E01119,0.12%减阻水@时间窗 W008,液型时间窗,井 红页L1HF-段 31-时间窗 W008 对应的液型使用实例。,,,,fluid_usage:红页L1HF:31:8:0.12%减阻水
E01120,"施工泵压变化 起54.35→止65.53，变化11.18，均值63.8057，范围[54.35, 65.73]",施工特征,该时间窗内的施工泵压变化特征。,,,,pressure_feature:红页L1HF:31:8
E01121,"排量变化 起16.27→止24.05，变化7.78，均值23.2567，范围[16.27, 24.06]",施工特征,该时间窗内的排量变化特征。,,,,flow_feature:红页L1HF:31:8
E01122,"砂比变化 起5.7→止10.4，变化4.7，均值10.711，范围[0.2, 13.1]",施工特征,该时间窗内的砂比变化特征。,,,,sand_feature:红页L1HF:31:8
E01123,时间窗 W009,时间窗,井 红页L1HF-段 31 中使用液型 0.25%减阻水 的连续时间窗。,,,,time_window:红页L1HF:31:9
E01124,0.25%减阻水@时间窗 W009,液型时间窗,井 红页L1HF-段 31-时间窗 W009 对应的液型使用实例。,,,,fluid_usage:红页L1HF:31:9:0.25%减阻水
E01125,"施工泵压变化 起65.54→止62.76，变化-2.78，均值65.3661，范围[62.76, 66.01]",施工特征,该时间窗内的施工泵压变化特征。,,,,pressure_feature:红页L1HF:31:9
E01126,"排量变化 起24.05→止24.05，变化0，均值24.05，范围[24.05, 24.05]",施工特征,该时间窗内的排量变化特征。,,,,flow_feature:红页L1HF:31:9
E01127,"砂比变化 起11.1→止1.2，变化-9.9，均值11.935，范围[1.2, 14.2]",施工特征,该时间窗内的砂比变化特征。,,,,sand_feature:红页L1HF:31:9
E01128,时间窗 W010,时间窗,井 红页L1HF-段 31 中使用液型 0.12%减阻水 的连续时间窗。,,,,time_window:红页L1HF:31:10
E01129,0.12%减阻水@时间窗 W010,液型时间窗,井 红页L1HF-段 31-时间窗 W010 对应的液型使用实例。,,,,fluid_usage:红页L1HF:31:10:0.12%减阻水
E01130,"施工泵压变化 起62.72→止0，变化-62.72，均值41.2471，范围[0, 63.02]",施工特征,该时间窗内的施工泵压变化特征。,,,,pressure_feature:红页L1HF:31:10
E01131,"排量变化 起24.05→止0，变化-24.05，均值1.3828，范围[0, 24.05]",施工特征,该时间窗内的排量变化特征。,,,,flow_feature:红页L1HF:31:10
E01132,砂比变化：0,施工特征,该时间窗内的砂比变化特征。,,,,sand_feature:红页L1HF:31:10
E01133,段 32,压裂段,井 红页L1HF 的第 32 段。,,,,segment:红页L1HF:32
E01134,时间窗 W001,时间窗,井 红页L1HF-段 32 中使用液型 0 的连续时间窗。,,,,time_window:红页L1HF:32:1
E01135,0@时间窗 W001,液型时间窗,井 红页L1HF-段 32-时间窗 W001 对应的液型使用实例。,,,,fluid_usage:红页L1HF:32:1:0
E01136,"施工泵压变化 起26.45→止26.45，变化0，均值26.45，范围[26.45, 26.45]",施工特征,该时间窗内的施工泵压变化特征。,,,,pressure_feature:红页L1HF:32:1
E01137,"排量变化 起0→止0，变化0，均值0，范围[0, 0]",施工特征,该时间窗内的排量变化特征。,,,,flow_feature:红页L1HF:32:1
E01138,砂比变化：0,施工特征,该时间窗内的砂比变化特征。,,,,sand_feature:红页L1HF:32:1
E01139,时间窗 W002,时间窗,井 红页L1HF-段 32 中使用液型 0.12%减阻水 的连续时间窗。,,,,time_window:红页L1HF:32:2
E01140,0.12%减阻水@时间窗 W002,液型时间窗,井 红页L1HF-段 32-时间窗 W002 对应的液型使用实例。,,,,fluid_usage:红页L1HF:32:2:0.12%减阻水
E01141,"施工泵压变化 起28.61→止33.77，变化5.16，均值31.6324，范围[28.61, 33.77]",施工特征,该时间窗内的施工泵压变化特征。,,,,pressure_feature:红页L1HF:32:2
E01142,"排量变化 起0.18→止2，变化1.82，均值1.6859，范围[0.18, 2]",施工特征,该时间窗内的排量变化特征。,,,,flow_feature:红页L1HF:32:2
E01143,砂比变化：0,施工特征,该时间窗内的砂比变化特征。,,,,sand_feature:红页L1HF:32:2
E01144,时间窗 W003,时间窗,井 红页L1HF-段 32 中使用液型 15%HCl 的连续时间窗。,,,,time_window:红页L1HF:32:3
E01145,15%HCl@时间窗 W003,液型时间窗,井 红页L1HF-段 32-时间窗 W003 对应的液型使用实例。,,,,fluid_usage:红页L1HF:32:3:15%HCl
E01146,"施工泵压变化 起33.93→止46.7，变化12.77，均值37.0041，范围[33.93, 50.1]",施工特征,该时间窗内的施工泵压变化特征。,,,,pressure_feature:红页L1HF:32:3
E01147,"排量变化 起2→止2，变化0，均值2，范围[2, 2]",施工特征,该时间窗内的排量变化特征。,,,,flow_feature:红页L1HF:32:3
E01148,砂比变化：0,施工特征,该时间窗内的砂比变化特征。,,,,sand_feature:红页L1HF:32:3
E01149,时间窗 W004,时间窗,井 红页L1HF-段 32 中使用液型 0.25%减阻水 的连续时间窗。,,,,time_window:红页L1HF:32:4
E01150,0.25%减阻水@时间窗 W004,液型时间窗,井 红页L1HF-段 32-时间窗 W004 对应的液型使用实例。,,,,fluid_usage:红页L1HF:32:4:0.25%减阻水
E01151,"施工泵压变化 起46.04→止63.21，变化17.17，均值60.1776，范围[44.63, 75.87]",施工特征,该时间窗内的施工泵压变化特征。,,,,pressure_feature:红页L1HF:32:4
E01152,"排量变化 起2→止24.05，变化22.05，均值14.5781，范围[2, 24.05]",施工特征,该时间窗内的排量变化特征。,,,,flow_feature:红页L1HF:32:4
E01153,砂比变化：0,施工特征,该时间窗内的砂比变化特征。,,,,sand_feature:红页L1HF:32:4
E01154,时间窗 W005,时间窗,井 红页L1HF-段 32 中使用液型 0.18%减阻水 的连续时间窗。,,,,time_window:红页L1HF:32:5
E01155,0.18%减阻水@时间窗 W005,液型时间窗,井 红页L1HF-段 32-时间窗 W005 对应的液型使用实例。,,,,fluid_usage:红页L1HF:32:5:0.18%减阻水
E01156,"施工泵压变化 起63.18→止63.28，变化0.1，均值63.1856，范围[63.11, 63.3]",施工特征,该时间窗内的施工泵压变化特征。,,,,pressure_feature:红页L1HF:32:5
E01157,"排量变化 起24.05→止24.05，变化0，均值24.05，范围[24.05, 24.05]",施工特征,该时间窗内的排量变化特征。,,,,flow_feature:红页L1HF:32:5
E01158,"砂比变化 起3.1→止5.2，变化2.1，均值4.9313，范围[3.1, 5.8]",施工特征,该时间窗内的砂比变化特征。,,,,sand_feature:红页L1HF:32:5
E01159,时间窗 W006,时间窗,井 红页L1HF-段 32 中使用液型 0.12%减阻水 的连续时间窗。,,,,time_window:红页L1HF:32:6
E01160,0.12%减阻水@时间窗 W006,液型时间窗,井 红页L1HF-段 32-时间窗 W006 对应的液型使用实例。,,,,fluid_usage:红页L1HF:32:6:0.12%减阻水
E01161,"施工泵压变化 起63.28→止63.17，变化-0.11，均值62.4027，范围[59.02, 63.33]",施工特征,该时间窗内的施工泵压变化特征。,,,,pressure_feature:红页L1HF:32:6
E01162,"排量变化 起24.05→止24.06，变化0.01，均值24.0541，范围[24.05, 24.07]",施工特征,该时间窗内的排量变化特征。,,,,flow_feature:红页L1HF:32:6
E01163,"砂比变化 起6.8→止11.1，变化4.3，均值10.2097，范围[0.1, 13.1]",施工特征,该时间窗内的砂比变化特征。,,,,sand_feature:红页L1HF:32:6
E01164,时间窗 W007,时间窗,井 红页L1HF-段 32 中使用液型 0.18%减阻水 的连续时间窗。,,,,time_window:红页L1HF:32:7
E01165,0.18%减阻水@时间窗 W007,液型时间窗,井 红页L1HF-段 32-时间窗 W007 对应的液型使用实例。,,,,fluid_usage:红页L1HF:32:7:0.18%减阻水
E01166,"施工泵压变化 起63.19→止62.89，变化-0.3，均值63.0194，范围[62.89, 63.19]",施工特征,该时间窗内的施工泵压变化特征。,,,,pressure_feature:红页L1HF:32:7
E01167,"排量变化 起24.06→止24.06，变化0，均值24.06，范围[24.06, 24.06]",施工特征,该时间窗内的排量变化特征。,,,,flow_feature:红页L1HF:32:7
E01168,"砂比变化 起12→止0.2，变化-11.8，均值11.2688，范围[0.2, 12.1]",施工特征,该时间窗内的砂比变化特征。,,,,sand_feature:红页L1HF:32:7
E01169,时间窗 W008,时间窗,井 红页L1HF-段 32 中使用液型 0.12%减阻水 的连续时间窗。,,,,time_window:红页L1HF:32:8
E01170,0.12%减阻水@时间窗 W008,液型时间窗,井 红页L1HF-段 32-时间窗 W008 对应的液型使用实例。,,,,fluid_usage:红页L1HF:32:8:0.12%减阻水
E01171,"施工泵压变化 起62.94→止67.39，变化4.45，均值68.1675，范围[62.93, 72.82]",施工特征,该时间窗内的施工泵压变化特征。,,,,pressure_feature:红页L1HF:32:8
E01172,"排量变化 起24.06→止24.05，变化-0.01，均值24.0502，范围[24.05, 24.06]",施工特征,该时间窗内的排量变化特征。,,,,flow_feature:红页L1HF:32:8
E01173,"砂比变化 起1→止10.5，变化9.5，均值9.7613，范围[0.5, 12.1]",施工特征,该时间窗内的砂比变化特征。,,,,sand_feature:红页L1HF:32:8
E01174,时间窗 W009,时间窗,井 红页L1HF-段 32 中使用液型 0.18%减阻水 的连续时间窗。,,,,time_window:红页L1HF:32:9
E01175,0.18%减阻水@时间窗 W009,液型时间窗,井 红页L1HF-段 32-时间窗 W009 对应的液型使用实例。,,,,fluid_usage:红页L1HF:32:9:0.18%减阻水
E01176,"施工泵压变化 起67.37→止67.14，变化-0.23，均值67.2829，范围[67.14, 67.4]",施工特征,该时间窗内的施工泵压变化特征。,,,,pressure_feature:红页L1HF:32:9
E01177,"排量变化 起24.05→止24.05，变化0，均值24.05，范围[24.05, 24.05]",施工特征,该时间窗内的排量变化特征。,,,,flow_feature:红页L1HF:32:9
E01178,"砂比变化 起10.4→止0.7，变化-9.7，均值10.3706，范围[0.7, 11.1]",施工特征,该时间窗内的砂比变化特征。,,,,sand_feature:红页L1HF:32:9
E01179,时间窗 W010,时间窗,井 红页L1HF-段 32 中使用液型 0.12%减阻水 的连续时间窗。,,,,time_window:红页L1HF:32:10
E01180,0.12%减阻水@时间窗 W010,液型时间窗,井 红页L1HF-段 32-时间窗 W010 对应的液型使用实例。,,,,fluid_usage:红页L1HF:32:10:0.12%减阻水
E01181,"施工泵压变化 起67.16→止77.39，变化10.23，均值80.5936，范围[65.7, 88.54]",施工特征,该时间窗内的施工泵压变化特征。,,,,pressure_feature:红页L1HF:32:10
E01182,"排量变化 起24.05→止24.06，变化0.01，均值22.5322，范围[20.91, 24.06]",施工特征,该时间窗内的排量变化特征。,,,,flow_feature:红页L1HF:32:10
E01183,"砂比变化 起0.1→止11.2，变化11.1，均值8.2871，范围[0.1, 12.3]",施工特征,该时间窗内的砂比变化特征。,,,,sand_feature:红页L1HF:32:10
E01184,时间窗 W011,时间窗,井 红页L1HF-段 32 中使用液型 0.25%减阻水 的连续时间窗。,,,,time_window:红页L1HF:32:11
E01185,0.25%减阻水@时间窗 W011,液型时间窗,井 红页L1HF-段 32-时间窗 W011 对应的液型使用实例。,,,,fluid_usage:红页L1HF:32:11:0.25%减阻水
E01186,"施工泵压变化 起77.41→止76.75，变化-0.66，均值77.1114，范围[76.75, 77.53]",施工特征,该时间窗内的施工泵压变化特征。,,,,pressure_feature:红页L1HF:32:11
E01187,"排量变化 起24.06→止24.06，变化0，均值24.06，范围[24.06, 24.06]",施工特征,该时间窗内的排量变化特征。,,,,flow_feature:红页L1HF:32:11
E01188,"砂比变化 起12.1→止0.7，变化-11.4，均值11.8286，范围[0.7, 13.1]",施工特征,该时间窗内的砂比变化特征。,,,,sand_feature:红页L1HF:32:11
E01189,时间窗 W012,时间窗,井 红页L1HF-段 32 中使用液型 0.12%减阻水 的连续时间窗。,,,,time_window:红页L1HF:32:12
E01190,0.12%减阻水@时间窗 W012,液型时间窗,井 红页L1HF-段 32-时间窗 W012 对应的液型使用实例。,,,,fluid_usage:红页L1HF:32:12:0.12%减阻水
E01191,"施工泵压变化 起76.81→止0，变化-76.81，均值38.7172，范围[0, 76.81]",施工特征,该时间窗内的施工泵压变化特征。,,,,pressure_feature:红页L1HF:32:12
E01192,"排量变化 起24.06→止0，变化-24.06，均值1.4884，范围[0, 24.06]",施工特征,该时间窗内的排量变化特征。,,,,flow_feature:红页L1HF:32:12
E01193,砂比变化：0,施工特征,该时间窗内的砂比变化特征。,,,,sand_feature:红页L1HF:32:12
E01194,段 33,压裂段,井 红页L1HF 的第 33 段。,,,,segment:红页L1HF:33
E01195,时间窗 W001,时间窗,井 红页L1HF-段 33 中使用液型 0.12%减阻水 的连续时间窗。,,,,time_window:红页L1HF:33:1
E01196,0.12%减阻水@时间窗 W001,液型时间窗,井 红页L1HF-段 33-时间窗 W001 对应的液型使用实例。,,,,fluid_usage:红页L1HF:33:1:0.12%减阻水
E01197,"施工泵压变化 起19.72→止31.22，变化11.5，均值27.5788，范围[19.72, 31.22]",施工特征,该时间窗内的施工泵压变化特征。,,,,pressure_feature:红页L1HF:33:1
E01198,"排量变化 起0.13→止1.99，变化1.86，均值1.6712，范围[0.13, 1.99]",施工特征,该时间窗内的排量变化特征。,,,,flow_feature:红页L1HF:33:1
E01199,砂比变化：0,施工特征,该时间窗内的砂比变化特征。,,,,sand_feature:红页L1HF:33:1
E01200,时间窗 W002,时间窗,井 红页L1HF-段 33 中使用液型 15%HCl 的连续时间窗。,,,,time_window:红页L1HF:33:2
E01201,15%HCl@时间窗 W002,液型时间窗,井 红页L1HF-段 33-时间窗 W002 对应的液型使用实例。,,,,fluid_usage:红页L1HF:33:2:15%HCl
E01202,"施工泵压变化 起31.46→止46.76，变化15.3，均值35.9138，范围[31.46, 47.43]",施工特征,该时间窗内的施工泵压变化特征。,,,,pressure_feature:红页L1HF:33:2
E01203,"排量变化 起1.99→止1.99，变化0，均值1.99，范围[1.99, 1.99]",施工特征,该时间窗内的排量变化特征。,,,,flow_feature:红页L1HF:33:2
E01204,砂比变化：0,施工特征,该时间窗内的砂比变化特征。,,,,sand_feature:红页L1HF:33:2
E01205,时间窗 W003,时间窗,井 红页L1HF-段 33 中使用液型 0.25%减阻水 的连续时间窗。,,,,time_window:红页L1HF:33:3
E01206,0.25%减阻水@时间窗 W003,液型时间窗,井 红页L1HF-段 33-时间窗 W003 对应的液型使用实例。,,,,fluid_usage:红页L1HF:33:3:0.25%减阻水
E01207,"施工泵压变化 起46.04→止60.25，变化14.21，均值59.6445，范围[45.2, 79.98]",施工特征,该时间窗内的施工泵压变化特征。,,,,pressure_feature:红页L1HF:33:3
E01208,"排量变化 起1.99→止24.05，变化22.06，均值15.3385，范围[1.99, 24.05]",施工特征,该时间窗内的排量变化特征。,,,,flow_feature:红页L1HF:33:3
E01209,"砂比变化 起0.1→止0.1，变化0，均值0.1，范围[0.1, 0.1]",施工特征,该时间窗内的砂比变化特征。,,,,sand_feature:红页L1HF:33:3
E01210,时间窗 W004,时间窗,井 红页L1HF-段 33 中使用液型 0.18%减阻水 的连续时间窗。,,,,time_window:红页L1HF:33:4
E01211,0.18%减阻水@时间窗 W004,液型时间窗,井 红页L1HF-段 33-时间窗 W004 对应的液型使用实例。,,,,fluid_usage:红页L1HF:33:4:0.18%减阻水
E01212,"施工泵压变化 起60.28→止58.55，变化-1.73，均值59.455，范围[58.55, 60.28]",施工特征,该时间窗内的施工泵压变化特征。,,,,pressure_feature:红页L1HF:33:4
E01213,"排量变化 起24.05→止24.05，变化0，均值24.05，范围[24.05, 24.05]",施工特征,该时间窗内的排量变化特征。,,,,flow_feature:红页L1HF:33:4
E01214,"砂比变化 起5.8→止5，变化-0.8，均值5.0375，范围[4.8, 5.8]",施工特征,该时间窗内的砂比变化特征。,,,,sand_feature:红页L1HF:33:4
E01215,时间窗 W005,时间窗,井 红页L1HF-段 33 中使用液型 0.12%减阻水 的连续时间窗。,,,,time_window:红页L1HF:33:5
E01216,0.12%减阻水@时间窗 W005,液型时间窗,井 红页L1HF-段 33-时间窗 W005 对应的液型使用实例。,,,,fluid_usage:红页L1HF:33:5:0.12%减阻水
E01217,"施工泵压变化 起58.58→止57.64，变化-0.94，均值58.0234，范围[57.46, 58.6]",施工特征,该时间窗内的施工泵压变化特征。,,,,pressure_feature:红页L1HF:33:5
E01218,"排量变化 起24.05→止24.04，变化-0.01，均值24.0487，范围[24.04, 24.05]",施工特征,该时间窗内的排量变化特征。,,,,flow_feature:红页L1HF:33:5
E01219,"砂比变化 起6.1→止12.1，变化6，均值9.4333，范围[0.5, 12.1]",施工特征,该时间窗内的砂比变化特征。,,,,sand_feature:红页L1HF:33:5
E01220,时间窗 W006,时间窗,井 红页L1HF-段 33 中使用液型 0.18%减阻水 的连续时间窗。,,,,time_window:红页L1HF:33:6
E01221,0.18%减阻水@时间窗 W006,液型时间窗,井 红页L1HF-段 33-时间窗 W006 对应的液型使用实例。,,,,fluid_usage:红页L1HF:33:6:0.18%减阻水
E01222,"施工泵压变化 起57.62→止57.48，变化-0.14，均值57.5612，范围[57.48, 57.62]",施工特征,该时间窗内的施工泵压变化特征。,,,,pressure_feature:红页L1HF:33:6
E01223,"排量变化 起24.04→止24.04，变化0，均值24.04，范围[24.04, 24.04]",施工特征,该时间窗内的排量变化特征。,,,,flow_feature:红页L1HF:33:6
E01224,"砂比变化 起11.2→止1，变化-10.2，均值11.3059，范围[1, 12]",施工特征,该时间窗内的砂比变化特征。,,,,sand_feature:红页L1HF:33:6
E01225,时间窗 W007,时间窗,井 红页L1HF-段 33 中使用液型 0.12%减阻水 的连续时间窗。,,,,time_window:红页L1HF:33:7
E01226,0.12%减阻水@时间窗 W007,液型时间窗,井 红页L1HF-段 33-时间窗 W007 对应的液型使用实例。,,,,fluid_usage:红页L1HF:33:7:0.12%减阻水
E01227,"施工泵压变化 起57.4→止57.19，变化-0.21，均值57.2997，范围[57.17, 57.57]",施工特征,该时间窗内的施工泵压变化特征。,,,,pressure_feature:红页L1HF:33:7
E01228,"排量变化 起24.04→止24.04，变化0，均值24.04，范围[24.04, 24.04]",施工特征,该时间窗内的排量变化特征。,,,,flow_feature:红页L1HF:33:7
E01229,"砂比变化 起5.3→止11，变化5.7，均值10.1172，范围[5.3, 12.1]",施工特征,该时间窗内的砂比变化特征。,,,,sand_feature:红页L1HF:33:7
E01230,时间窗 W008,时间窗,井 红页L1HF-段 33 中使用液型 0.18%减阻水 的连续时间窗。,,,,time_window:红页L1HF:33:8
E01231,0.18%减阻水@时间窗 W008,液型时间窗,井 红页L1HF-段 33-时间窗 W008 对应的液型使用实例。,,,,fluid_usage:红页L1HF:33:8:0.18%减阻水
E01232,"施工泵压变化 起57.2→止57.17，变化-0.03，均值57.1753，范围[57.1, 57.25]",施工特征,该时间窗内的施工泵压变化特征。,,,,pressure_feature:红页L1HF:33:8
E01233,"排量变化 起24.04→止24.04，变化0，均值24.04，范围[24.04, 24.04]",施工特征,该时间窗内的排量变化特征。,,,,flow_feature:红页L1HF:33:8
E01234,"砂比变化 起11.6→止12.1，变化0.5，均值12.0667，范围[11.6, 12.1]",施工特征,该时间窗内的砂比变化特征。,,,,sand_feature:红页L1HF:33:8
E01235,时间窗 W009,时间窗,井 红页L1HF-段 33 中使用液型 0.12%减阻水 的连续时间窗。,,,,time_window:红页L1HF:33:9
E01236,0.12%减阻水@时间窗 W009,液型时间窗,井 红页L1HF-段 33-时间窗 W009 对应的液型使用实例。,,,,fluid_usage:红页L1HF:33:9:0.12%减阻水
E01237,"施工泵压变化 起57.1→止61.15，变化4.05，均值59.1448，范围[57.1, 62.64]",施工特征,该时间窗内的施工泵压变化特征。,,,,pressure_feature:红页L1HF:33:9
E01238,"排量变化 起24.04→止24.05，变化0.01，均值24.0439，范围[24.04, 24.05]",施工特征,该时间窗内的排量变化特征。,,,,flow_feature:红页L1HF:33:9
E01239,"砂比变化 起0.3→止12.1，变化11.8，均值10.5803，范围[0.3, 13.1]",施工特征,该时间窗内的砂比变化特征。,,,,sand_feature:红页L1HF:33:9
E01240,时间窗 W010,时间窗,井 红页L1HF-段 33 中使用液型 0.25%减阻水 的连续时间窗。,,,,time_window:红页L1HF:33:10
E01241,0.25%减阻水@时间窗 W010,液型时间窗,井 红页L1HF-段 33-时间窗 W010 对应的液型使用实例。,,,,fluid_usage:红页L1HF:33:10:0.25%减阻水
E01242,"施工泵压变化 起61.19→止60.84，变化-0.35，均值61.0652，范围[60.84, 61.28]",施工特征,该时间窗内的施工泵压变化特征。,,,,pressure_feature:红页L1HF:33:10
E01243,"排量变化 起24.05→止24.05，变化0，均值24.05，范围[24.05, 24.05]",施工特征,该时间窗内的排量变化特征。,,,,flow_feature:红页L1HF:33:10
E01244,"砂比变化 起10.4→止1.1，变化-9.3，均值11.8913，范围[1.1, 13.1]",施工特征,该时间窗内的砂比变化特征。,,,,sand_feature:红页L1HF:33:10
E01245,时间窗 W011,时间窗,井 红页L1HF-段 33 中使用液型 0.12%减阻水 的连续时间窗。,,,,time_window:红页L1HF:33:11
E01246,0.12%减阻水@时间窗 W011,液型时间窗,井 红页L1HF-段 33-时间窗 W011 对应的液型使用实例。,,,,fluid_usage:红页L1HF:33:11:0.12%减阻水
E01247,"施工泵压变化 起60.75→止0，变化-60.75，均值38.8971，范围[0, 60.75]",施工特征,该时间窗内的施工泵压变化特征。,,,,pressure_feature:红页L1HF:33:11
E01248,"排量变化 起24.05→止0，变化-24.05，均值1.3282，范围[0, 24.05]",施工特征,该时间窗内的排量变化特征。,,,,flow_feature:红页L1HF:33:11
E01249,砂比变化：0,施工特征,该时间窗内的砂比变化特征。,,,,sand_feature:红页L1HF:33:11
E01250,段 34,压裂段,井 红页L1HF 的第 34 段。,,,,segment:红页L1HF:34
E01251,时间窗 W001,时间窗,井 红页L1HF-段 34 中使用液型 0 的连续时间窗。,,,,time_window:红页L1HF:34:1
E01252,0@时间窗 W001,液型时间窗,井 红页L1HF-段 34-时间窗 W001 对应的液型使用实例。,,,,fluid_usage:红页L1HF:34:1:0
E01253,"施工泵压变化 起6.81→止25.64，变化18.83，均值19.49，范围[6.81, 26.02]",施工特征,该时间窗内的施工泵压变化特征。,,,,pressure_feature:红页L1HF:34:1
E01254,"排量变化 起0→止0，变化0，均值0，范围[0, 0]",施工特征,该时间窗内的排量变化特征。,,,,flow_feature:红页L1HF:34:1
E01255,砂比变化：0,施工特征,该时间窗内的砂比变化特征。,,,,sand_feature:红页L1HF:34:1
E01256,时间窗 W002,时间窗,井 红页L1HF-段 34 中使用液型 0.12%减阻水 的连续时间窗。,,,,time_window:红页L1HF:34:2
E01257,0.12%减阻水@时间窗 W002,液型时间窗,井 红页L1HF-段 34-时间窗 W002 对应的液型使用实例。,,,,fluid_usage:红页L1HF:34:2:0.12%减阻水
E01258,"施工泵压变化 起27.67→止30.05，变化2.38，均值29.2576，范围[27.67, 30.05]",施工特征,该时间窗内的施工泵压变化特征。,,,,pressure_feature:红页L1HF:34:2
E01259,"排量变化 起0.33→止1.05，变化0.72，均值0.9924，范围[0.33, 1.05]",施工特征,该时间窗内的排量变化特征。,,,,flow_feature:红页L1HF:34:2
E01260,砂比变化：0,施工特征,该时间窗内的砂比变化特征。,,,,sand_feature:红页L1HF:34:2
E01261,时间窗 W003,时间窗,井 红页L1HF-段 34 中使用液型 15%HCl 的连续时间窗。,,,,time_window:红页L1HF:34:3
E01262,15%HCl@时间窗 W003,液型时间窗,井 红页L1HF-段 34-时间窗 W003 对应的液型使用实例。,,,,fluid_usage:红页L1HF:34:3:15%HCl
E01263,"施工泵压变化 起30.25→止44.36，变化14.11，均值33.6237，范围[30.25, 47.17]",施工特征,该时间窗内的施工泵压变化特征。,,,,pressure_feature:红页L1HF:34:3
E01264,"排量变化 起1.05→止1.99，变化0.94，均值1.2091，范围[1.05, 1.99]",施工特征,该时间窗内的排量变化特征。,,,,flow_feature:红页L1HF:34:3
E01265,砂比变化：0,施工特征,该时间窗内的砂比变化特征。,,,,sand_feature:红页L1HF:34:3
E01266,时间窗 W004,时间窗,井 红页L1HF-段 34 中使用液型 0.25%减阻水 的连续时间窗。,,,,time_window:红页L1HF:34:4
E01267,0.25%减阻水@时间窗 W004,液型时间窗,井 红页L1HF-段 34-时间窗 W004 对应的液型使用实例。,,,,fluid_usage:红页L1HF:34:4:0.25%减阻水
E01268,"施工泵压变化 起44.37→止58.99，变化14.62，均值60.1693，范围[44.37, 81.46]",施工特征,该时间窗内的施工泵压变化特征。,,,,pressure_feature:红页L1HF:34:4
E01269,"排量变化 起1.99→止24，变化22.01，均值16.0278，范围[1.99, 24.36]",施工特征,该时间窗内的排量变化特征。,,,,flow_feature:红页L1HF:34:4
E01270,砂比变化：0,施工特征,该时间窗内的砂比变化特征。,,,,sand_feature:红页L1HF:34:4
E01271,时间窗 W005,时间窗,井 红页L1HF-段 34 中使用液型 0.18%减阻水 的连续时间窗。,,,,time_window:红页L1HF:34:5
E01272,0.18%减阻水@时间窗 W005,液型时间窗,井 红页L1HF-段 34-时间窗 W005 对应的液型使用实例。,,,,fluid_usage:红页L1HF:34:5:0.18%减阻水
E01273,"施工泵压变化 起58.99→止57.4，变化-1.59，均值58.3644，范围[57.4, 59.03]",施工特征,该时间窗内的施工泵压变化特征。,,,,pressure_feature:红页L1HF:34:5
E01274,"排量变化 起24→止24，变化0，均值24，范围[24, 24]",施工特征,该时间窗内的排量变化特征。,,,,flow_feature:红页L1HF:34:5
E01275,"砂比变化 起0.4→止5，变化4.6，均值4.7125，范围[0.4, 5.6]",施工特征,该时间窗内的砂比变化特征。,,,,sand_feature:红页L1HF:34:5
E01276,时间窗 W006,时间窗,井 红页L1HF-段 34 中使用液型 0.12%减阻水 的连续时间窗。,,,,time_window:红页L1HF:34:6
E01277,0.12%减阻水@时间窗 W006,液型时间窗,井 红页L1HF-段 34-时间窗 W006 对应的液型使用实例。,,,,fluid_usage:红页L1HF:34:6:0.12%减阻水
E01278,"施工泵压变化 起57.35→止56.02，变化-1.33，均值53.3414，范围[36.82, 57.35]",施工特征,该时间窗内的施工泵压变化特征。,,,,pressure_feature:红页L1HF:34:6
E01279,"排量变化 起24→止24.01，变化0.01，均值20.641，范围[3.15, 24.09]",施工特征,该时间窗内的排量变化特征。,,,,flow_feature:红页L1HF:34:6
E01280,"砂比变化 起5.2→止10.6，变化5.4，均值9.9692，范围[0.1, 13]",施工特征,该时间窗内的砂比变化特征。,,,,sand_feature:红页L1HF:34:6
E01281,时间窗 W007,时间窗,井 红页L1HF-段 34 中使用液型 0.18%减阻水 的连续时间窗。,,,,time_window:红页L1HF:34:7
E01282,0.18%减阻水@时间窗 W007,液型时间窗,井 红页L1HF-段 34-时间窗 W007 对应的液型使用实例。,,,,fluid_usage:红页L1HF:34:7:0.18%减阻水
E01283,"施工泵压变化 起56.04→止56.13，变化0.09，均值56.0586，范围[55.93, 56.16]",施工特征,该时间窗内的施工泵压变化特征。,,,,pressure_feature:红页L1HF:34:7
E01284,"排量变化 起24.01→止24.01，变化0，均值24.01，范围[24.01, 24.01]",施工特征,该时间窗内的排量变化特征。,,,,flow_feature:红页L1HF:34:7
E01285,"砂比变化 起10.2→止0.8，变化-9.4，均值10.9471，范围[0.8, 12]",施工特征,该时间窗内的砂比变化特征。,,,,sand_feature:红页L1HF:34:7
E01286,时间窗 W008,时间窗,井 红页L1HF-段 34 中使用液型 0.12%减阻水 的连续时间窗。,,,,time_window:红页L1HF:34:8
E01287,0.12%减阻水@时间窗 W008,液型时间窗,井 红页L1HF-段 34-时间窗 W008 对应的液型使用实例。,,,,fluid_usage:红页L1HF:34:8:0.12%减阻水
E01288,"施工泵压变化 起56.64→止59.13，变化2.49，均值58.7158，范围[56.6, 59.85]",施工特征,该时间窗内的施工泵压变化特征。,,,,pressure_feature:红页L1HF:34:8
E01289,"排量变化 起24→止24.01，变化0.01，均值24.0025，范围[24, 24.01]",施工特征,该时间窗内的排量变化特征。,,,,flow_feature:红页L1HF:34:8
E01290,"砂比变化 起0.3→止10.5，变化10.2，均值10.4331，范围[0.3, 13.1]",施工特征,该时间窗内的砂比变化特征。,,,,sand_feature:红页L1HF:34:8
E01291,时间窗 W009,时间窗,井 红页L1HF-段 34 中使用液型 0.18%减阻水 的连续时间窗。,,,,time_window:红页L1HF:34:9
E01292,0.18%减阻水@时间窗 W009,液型时间窗,井 红页L1HF-段 34-时间窗 W009 对应的液型使用实例。,,,,fluid_usage:红页L1HF:34:9:0.18%减阻水
E01293,"施工泵压变化 起59.15→止58.95，变化-0.2，均值59.1313，范围[58.95, 59.23]",施工特征,该时间窗内的施工泵压变化特征。,,,,pressure_feature:红页L1HF:34:9
E01294,"排量变化 起24.01→止24.01，变化0，均值24.01，范围[24.01, 24.01]",施工特征,该时间窗内的排量变化特征。,,,,flow_feature:红页L1HF:34:9
E01295,"砂比变化 起12.1→止3.9，变化-8.2，均值12.3333，范围[3.9, 13]",施工特征,该时间窗内的砂比变化特征。,,,,sand_feature:红页L1HF:34:9
E01296,时间窗 W010,时间窗,井 红页L1HF-段 34 中使用液型 0.12%减阻水 的连续时间窗。,,,,time_window:红页L1HF:34:10
E01297,0.12%减阻水@时间窗 W010,液型时间窗,井 红页L1HF-段 34-时间窗 W010 对应的液型使用实例。,,,,fluid_usage:红页L1HF:34:10:0.12%减阻水
E01298,"施工泵压变化 起56.83→止61.03，变化4.2，均值59.6062，范围[56.83, 62.7]",施工特征,该时间窗内的施工泵压变化特征。,,,,pressure_feature:红页L1HF:34:10
E01299,"排量变化 起24.01→止24，变化-0.01，均值24.0068，范围[24, 24.01]",施工特征,该时间窗内的排量变化特征。,,,,flow_feature:红页L1HF:34:10
E01300,"砂比变化 起2.9→止10.8，变化7.9，均值10.7088，范围[0.1, 13]",施工特征,该时间窗内的砂比变化特征。,,,,sand_feature:红页L1HF:34:10
E01301,时间窗 W011,时间窗,井 红页L1HF-段 34 中使用液型 0.25%减阻水 的连续时间窗。,,,,time_window:红页L1HF:34:11
E01302,0.25%减阻水@时间窗 W011,液型时间窗,井 红页L1HF-段 34-时间窗 W011 对应的液型使用实例。,,,,fluid_usage:红页L1HF:34:11:0.25%减阻水
E01303,"施工泵压变化 起60.96→止60.16，变化-0.8，均值60.4106，范围[60.14, 60.96]",施工特征,该时间窗内的施工泵压变化特征。,,,,pressure_feature:红页L1HF:34:11
E01304,"排量变化 起24→止24，变化0，均值24，范围[24, 24]",施工特征,该时间窗内的排量变化特征。,,,,flow_feature:红页L1HF:34:11
E01305,"砂比变化 起8→止0.2，变化-7.8，均值6.1412，范围[0.2, 8]",施工特征,该时间窗内的砂比变化特征。,,,,sand_feature:红页L1HF:34:11
E01306,时间窗 W012,时间窗,井 红页L1HF-段 34 中使用液型 0.12%减阻水 的连续时间窗。,,,,time_window:红页L1HF:34:12
E01307,0.12%减阻水@时间窗 W012,液型时间窗,井 红页L1HF-段 34-时间窗 W012 对应的液型使用实例。,,,,fluid_usage:红页L1HF:34:12:0.12%减阻水
E01308,"施工泵压变化 起60.22→止0.33，变化-59.89，均值36.3852，范围[0.33, 64.45]",施工特征,该时间窗内的施工泵压变化特征。,,,,pressure_feature:红页L1HF:34:12
E01309,"排量变化 起24→止0，变化-24，均值1.5024，范围[0, 24.01]",施工特征,该时间窗内的排量变化特征。,,,,flow_feature:红页L1HF:34:12
E01310,砂比变化：0,施工特征,该时间窗内的砂比变化特征。,,,,sand_feature:红页L1HF:34:12
E01311,段 4,压裂段,井 红页L1HF 的第 4 段。,,,,segment:红页L1HF:4
E01312,时间窗 W001,时间窗,井 红页L1HF-段 4 中使用液型 0 的连续时间窗。,,,,time_window:红页L1HF:4:1
E01313,0@时间窗 W001,液型时间窗,井 红页L1HF-段 4-时间窗 W001 对应的液型使用实例。,,,,fluid_usage:红页L1HF:4:1:0
E01314,"施工泵压变化 起12.31→止17.43，变化5.12，均值16.7963，范围[12.31, 17.47]",施工特征,该时间窗内的施工泵压变化特征。,,,,pressure_feature:红页L1HF:4:1
E01315,"排量变化 起0→止0，变化0，均值0，范围[0, 0]",施工特征,该时间窗内的排量变化特征。,,,,flow_feature:红页L1HF:4:1
E01316,砂比变化：0,施工特征,该时间窗内的砂比变化特征。,,,,sand_feature:红页L1HF:4:1
E01317,时间窗 W002,时间窗,井 红页L1HF-段 4 中使用液型 0.12%减阻水 的连续时间窗。,,,,time_window:红页L1HF:4:2
E01318,0.12%减阻水@时间窗 W002,液型时间窗,井 红页L1HF-段 4-时间窗 W002 对应的液型使用实例。,,,,fluid_usage:红页L1HF:4:2:0.12%减阻水
E01319,"施工泵压变化 起17.7→止39.76，变化22.06，均值31.3733，范围[17.7, 39.76]",施工特征,该时间窗内的施工泵压变化特征。,,,,pressure_feature:红页L1HF:4:2
E01320,"排量变化 起0.17→止1.84，变化1.67，均值1.4495，范围[0.17, 1.84]",施工特征,该时间窗内的排量变化特征。,,,,flow_feature:红页L1HF:4:2
E01321,砂比变化：0,施工特征,该时间窗内的砂比变化特征。,,,,sand_feature:红页L1HF:4:2
E01322,时间窗 W003,时间窗,井 红页L1HF-段 4 中使用液型 15%HCl 的连续时间窗。,,,,time_window:红页L1HF:4:3
E01323,15%HCl@时间窗 W003,液型时间窗,井 红页L1HF-段 4-时间窗 W003 对应的液型使用实例。,,,,fluid_usage:红页L1HF:4:3:15%HCl
E01324,"施工泵压变化 起39.89→止39.6，变化-0.29，均值39.9915，范围[39.6, 40.21]",施工特征,该时间窗内的施工泵压变化特征。,,,,pressure_feature:红页L1HF:4:3
E01325,"排量变化 起1.84→止1.84，变化0，均值1.84，范围[1.84, 1.84]",施工特征,该时间窗内的排量变化特征。,,,,flow_feature:红页L1HF:4:3
E01326,砂比变化：0,施工特征,该时间窗内的砂比变化特征。,,,,sand_feature:红页L1HF:4:3
E01327,时间窗 W004,时间窗,井 红页L1HF-段 4 中使用液型 0.25%减阻水 的连续时间窗。,,,,time_window:红页L1HF:4:4
E01328,0.25%减阻水@时间窗 W004,液型时间窗,井 红页L1HF-段 4-时间窗 W004 对应的液型使用实例。,,,,fluid_usage:红页L1HF:4:4:0.25%减阻水
E01329,"施工泵压变化 起39.55→止54.81，变化15.26，均值45.0031，范围[39.55, 54.81]",施工特征,该时间窗内的施工泵压变化特征。,,,,pressure_feature:红页L1HF:4:4
E01330,"排量变化 起1.84→止7.9，变化6.06，均值3.7219，范围[1.84, 7.9]",施工特征,该时间窗内的排量变化特征。,,,,flow_feature:红页L1HF:4:4
E01331,砂比变化：0,施工特征,该时间窗内的砂比变化特征。,,,,sand_feature:红页L1HF:4:4
E01332,时间窗 W005,时间窗,井 红页L1HF-段 4 中使用液型 0.12%减阻水 的连续时间窗。,,,,time_window:红页L1HF:4:5
E01333,0.12%减阻水@时间窗 W005,液型时间窗,井 红页L1HF-段 4-时间窗 W005 对应的液型使用实例。,,,,fluid_usage:红页L1HF:4:5:0.12%减阻水
E01334,"施工泵压变化 起56.7→止77.81，变化21.11，均值72.7427，范围[48.83, 91.55]",施工特征,该时间窗内的施工泵压变化特征。,,,,pressure_feature:红页L1HF:4:5
E01335,"排量变化 起8.32→止24.04，变化15.72，均值22.5749，范围[8.32, 24.09]",施工特征,该时间窗内的排量变化特征。,,,,flow_feature:红页L1HF:4:5
E01336,"砂比变化 起0.1→止11.1，变化11，均值9.6441，范围[0.1, 14.4]",施工特征,该时间窗内的砂比变化特征。,,,,sand_feature:红页L1HF:4:5
E01337,时间窗 W006,时间窗,井 红页L1HF-段 4 中使用液型 0.25%减阻水 的连续时间窗。,,,,time_window:红页L1HF:4:6
E01338,0.25%减阻水@时间窗 W006,液型时间窗,井 红页L1HF-段 4-时间窗 W006 对应的液型使用实例。,,,,fluid_usage:红页L1HF:4:6:0.25%减阻水
E01339,"施工泵压变化 起77.9→止77.47，变化-0.43，均值77.755，范围[77.47, 77.9]",施工特征,该时间窗内的施工泵压变化特征。,,,,pressure_feature:红页L1HF:4:6
E01340,"排量变化 起24.03→止24.04，变化0.01，均值24.0394，范围[24.03, 24.04]",施工特征,该时间窗内的排量变化特征。,,,,flow_feature:红页L1HF:4:6
E01341,"砂比变化 起12→止0.7，变化-11.3，均值10.5875，范围[0.7, 12]",施工特征,该时间窗内的砂比变化特征。,,,,sand_feature:红页L1HF:4:6
E01342,时间窗 W007,时间窗,井 红页L1HF-段 4 中使用液型 0.12%减阻水 的连续时间窗。,,,,time_window:红页L1HF:4:7
E01343,0.12%减阻水@时间窗 W007,液型时间窗,井 红页L1HF-段 4-时间窗 W007 对应的液型使用实例。,,,,fluid_usage:红页L1HF:4:7:0.12%减阻水
E01344,"施工泵压变化 起77.26→止0.67，变化-76.59，均值36.5387，范围[0.67, 77.26]",施工特征,该时间窗内的施工泵压变化特征。,,,,pressure_feature:红页L1HF:4:7
E01345,"排量变化 起24.04→止0，变化-24.04，均值1.9947，范围[0, 24.05]",施工特征,该时间窗内的排量变化特征。,,,,flow_feature:红页L1HF:4:7
E01346,砂比变化：0,施工特征,该时间窗内的砂比变化特征。,,,,sand_feature:红页L1HF:4:7
E01347,段 5,压裂段,井 红页L1HF 的第 5 段。,,,,segment:红页L1HF:5
E01348,时间窗 W001,时间窗,井 红页L1HF-段 5 中使用液型 0 的连续时间窗。,,,,time_window:红页L1HF:5:1
E01349,0@时间窗 W001,液型时间窗,井 红页L1HF-段 5-时间窗 W001 对应的液型使用实例。,,,,fluid_usage:红页L1HF:5:1:0
E01350,"施工泵压变化 起14.72→止14.72，变化0，均值14.72，范围[14.72, 14.72]",施工特征,该时间窗内的施工泵压变化特征。,,,,pressure_feature:红页L1HF:5:1
E01351,"排量变化 起0→止0，变化0，均值0，范围[0, 0]",施工特征,该时间窗内的排量变化特征。,,,,flow_feature:红页L1HF:5:1
E01352,砂比变化：0,施工特征,该时间窗内的砂比变化特征。,,,,sand_feature:红页L1HF:5:1
E01353,时间窗 W002,时间窗,井 红页L1HF-段 5 中使用液型 0.12%减阻水 的连续时间窗。,,,,time_window:红页L1HF:5:2
E01354,0.12%减阻水@时间窗 W002,液型时间窗,井 红页L1HF-段 5-时间窗 W002 对应的液型使用实例。,,,,fluid_usage:红页L1HF:5:2:0.12%减阻水
E01355,"施工泵压变化 起21.58→止32.8，变化11.22，均值28.8524，范围[21.58, 32.8]",施工特征,该时间窗内的施工泵压变化特征。,,,,pressure_feature:红页L1HF:5:2
E01356,"排量变化 起0.24→止1.99，变化1.75，均值1.6635，范围[0.24, 2]",施工特征,该时间窗内的排量变化特征。,,,,flow_feature:红页L1HF:5:2
E01357,砂比变化：0,施工特征,该时间窗内的砂比变化特征。,,,,sand_feature:红页L1HF:5:2
E01358,时间窗 W003,时间窗,井 红页L1HF-段 5 中使用液型 15%HCl 的连续时间窗。,,,,time_window:红页L1HF:5:3
E01359,15%HCl@时间窗 W003,液型时间窗,井 红页L1HF-段 5-时间窗 W003 对应的液型使用实例。,,,,fluid_usage:红页L1HF:5:3:15%HCl
E01360,"施工泵压变化 起32.96→止34.3，变化1.34，均值33.7783，范围[32.96, 34.3]",施工特征,该时间窗内的施工泵压变化特征。,,,,pressure_feature:红页L1HF:5:3
E01361,"排量变化 起1.99→止1.99，变化0，均值1.99，范围[1.99, 1.99]",施工特征,该时间窗内的排量变化特征。,,,,flow_feature:红页L1HF:5:3
E01362,砂比变化：0,施工特征,该时间窗内的砂比变化特征。,,,,sand_feature:红页L1HF:5:3
E01363,时间窗 W004,时间窗,井 红页L1HF-段 5 中使用液型 0.25%减阻水 的连续时间窗。,,,,time_window:红页L1HF:5:4
E01364,0.25%减阻水@时间窗 W004,液型时间窗,井 红页L1HF-段 5-时间窗 W004 对应的液型使用实例。,,,,fluid_usage:红页L1HF:5:4:0.25%减阻水
E01365,"施工泵压变化 起34.3→止73.19，变化38.89，均值62.9006，范围[34.3, 91.88]",施工特征,该时间窗内的施工泵压变化特征。,,,,pressure_feature:红页L1HF:5:4
E01366,"排量变化 起1.99→止24.01，变化22.02，均值11.0022，范围[1.99, 24.3]",施工特征,该时间窗内的排量变化特征。,,,,flow_feature:红页L1HF:5:4
E01367,"砂比变化 起0.3→止5.1，变化4.8，均值4.275，范围[0.3, 5.1]",施工特征,该时间窗内的砂比变化特征。,,,,sand_feature:红页L1HF:5:4
E01368,时间窗 W005,时间窗,井 红页L1HF-段 5 中使用液型 0.12%减阻水 的连续时间窗。,,,,time_window:红页L1HF:5:5
E01369,0.12%减阻水@时间窗 W005,液型时间窗,井 红页L1HF-段 5-时间窗 W005 对应的液型使用实例。,,,,fluid_usage:红页L1HF:5:5:0.12%减阻水
E01370,"施工泵压变化 起73.62→止76.4，变化2.78，均值74.3859，范围[49.89, 80.54]",施工特征,该时间窗内的施工泵压变化特征。,,,,pressure_feature:红页L1HF:5:5
E01371,"排量变化 起24.01→止24，变化-0.01，均值22.9695，范围[12.82, 24.02]",施工特征,该时间窗内的排量变化特征。,,,,flow_feature:红页L1HF:5:5
E01372,"砂比变化 起5.1→止14，变化8.9，均值9.7494，范围[0.2, 14.9]",施工特征,该时间窗内的砂比变化特征。,,,,sand_feature:红页L1HF:5:5
E01373,时间窗 W006,时间窗,井 红页L1HF-段 5 中使用液型 0.25%减阻水 的连续时间窗。,,,,time_window:红页L1HF:5:6
E01374,0.25%减阻水@时间窗 W006,液型时间窗,井 红页L1HF-段 5-时间窗 W006 对应的液型使用实例。,,,,fluid_usage:红页L1HF:5:6:0.25%减阻水
E01375,"施工泵压变化 起76.33→止76.49，变化0.16，均值76.6476，范围[76.33, 76.92]",施工特征,该时间窗内的施工泵压变化特征。,,,,pressure_feature:红页L1HF:5:6
E01376,"排量变化 起24→止24，变化0，均值23.9988，范围[23.99, 24]",施工特征,该时间窗内的排量变化特征。,,,,flow_feature:红页L1HF:5:6
E01377,"砂比变化 起14→止1.2，变化-12.8，均值12.5778，范围[1.2, 14]",施工特征,该时间窗内的砂比变化特征。,,,,sand_feature:红页L1HF:5:6
E01378,时间窗 W007,时间窗,井 红页L1HF-段 5 中使用液型 0.12%减阻水 的连续时间窗。,,,,time_window:红页L1HF:5:7
E01379,0.12%减阻水@时间窗 W007,液型时间窗,井 红页L1HF-段 5-时间窗 W007 对应的液型使用实例。,,,,fluid_usage:红页L1HF:5:7:0.12%减阻水
E01380,"施工泵压变化 起76.1→止37.36，变化-38.74，均值64.597，范围[37.36, 76.1]",施工特征,该时间窗内的施工泵压变化特征。,,,,pressure_feature:红页L1HF:5:7
E01381,"排量变化 起24→止1.01，变化-22.99，均值18.433，范围[1.01, 24]",施工特征,该时间窗内的排量变化特征。,,,,flow_feature:红页L1HF:5:7
E01382,砂比变化：0,施工特征,该时间窗内的砂比变化特征。,,,,sand_feature:红页L1HF:5:7
E01383,时间窗 W008,时间窗,井 红页L1HF-段 5 中使用液型 0 的连续时间窗。,,,,time_window:红页L1HF:5:8
E01384,0@时间窗 W008,液型时间窗,井 红页L1HF-段 5-时间窗 W008 对应的液型使用实例。,,,,fluid_usage:红页L1HF:5:8:0
E01385,"施工泵压变化 起39.35→止0.17，变化-39.18，均值35.5371，范围[0.17, 39.35]",施工特征,该时间窗内的施工泵压变化特征。,,,,pressure_feature:红页L1HF:5:8
E01386,"排量变化 起0→止0，变化0，均值0，范围[0, 0]",施工特征,该时间窗内的排量变化特征。,,,,flow_feature:红页L1HF:5:8
E01387,砂比变化：0,施工特征,该时间窗内的砂比变化特征。,,,,sand_feature:红页L1HF:5:8
E01388,段 6,压裂段,井 红页L1HF 的第 6 段。,,,,segment:红页L1HF:6
E01389,时间窗 W001,时间窗,井 红页L1HF-段 6 中使用液型 0 的连续时间窗。,,,,time_window:红页L1HF:6:1
E01390,0@时间窗 W001,液型时间窗,井 红页L1HF-段 6-时间窗 W001 对应的液型使用实例。,,,,fluid_usage:红页L1HF:6:1:0
E01391,"施工泵压变化 起8.92→止20.44，变化11.52，均值19.184，范围[8.92, 20.44]",施工特征,该时间窗内的施工泵压变化特征。,,,,pressure_feature:红页L1HF:6:1
E01392,"排量变化 起0→止0，变化0，均值0，范围[0, 0]",施工特征,该时间窗内的排量变化特征。,,,,flow_feature:红页L1HF:6:1
E01393,砂比变化：0,施工特征,该时间窗内的砂比变化特征。,,,,sand_feature:红页L1HF:6:1
E01394,时间窗 W002,时间窗,井 红页L1HF-段 6 中使用液型 0.12%减阻水 的连续时间窗。,,,,time_window:红页L1HF:6:2
E01395,0.12%减阻水@时间窗 W002,液型时间窗,井 红页L1HF-段 6-时间窗 W002 对应的液型使用实例。,,,,fluid_usage:红页L1HF:6:2:0.12%减阻水
E01396,"施工泵压变化 起20.77→止30.33，变化9.56，均值27.1071，范围[20.77, 30.33]",施工特征,该时间窗内的施工泵压变化特征。,,,,pressure_feature:红页L1HF:6:2
E01397,"排量变化 起0.45→止2，变化1.55，均值1.76，范围[0.45, 2]",施工特征,该时间窗内的排量变化特征。,,,,flow_feature:红页L1HF:6:2
E01398,砂比变化：0,施工特征,该时间窗内的砂比变化特征。,,,,sand_feature:红页L1HF:6:2
E01399,时间窗 W003,时间窗,井 红页L1HF-段 6 中使用液型 15%HCl 的连续时间窗。,,,,time_window:红页L1HF:6:3
E01400,15%HCl@时间窗 W003,液型时间窗,井 红页L1HF-段 6-时间窗 W003 对应的液型使用实例。,,,,fluid_usage:红页L1HF:6:3:15%HCl
E01401,"施工泵压变化 起30.39→止32.08，变化1.69，均值31.4226，范围[30.39, 32.08]",施工特征,该时间窗内的施工泵压变化特征。,,,,pressure_feature:红页L1HF:6:3
E01402,"排量变化 起2→止2，变化0，均值2，范围[2, 2]",施工特征,该时间窗内的排量变化特征。,,,,flow_feature:红页L1HF:6:3
E01403,砂比变化：0,施工特征,该时间窗内的砂比变化特征。,,,,sand_feature:红页L1HF:6:3
E01404,时间窗 W004,时间窗,井 红页L1HF-段 6 中使用液型 0.25%减阻水 的连续时间窗。,,,,time_window:红页L1HF:6:4
E01405,0.25%减阻水@时间窗 W004,液型时间窗,井 红页L1HF-段 6-时间窗 W004 对应的液型使用实例。,,,,fluid_usage:红页L1HF:6:4:0.25%减阻水
E01406,"施工泵压变化 起32.13→止70.49，变化38.36，均值60.8864，范围[32.13, 92.25]",施工特征,该时间窗内的施工泵压变化特征。,,,,pressure_feature:红页L1HF:6:4
E01407,"排量变化 起2→止24，变化22，均值10.3816，范围[2, 24.1]",施工特征,该时间窗内的排量变化特征。,,,,flow_feature:红页L1HF:6:4
E01408,"砂比变化 起0.9→止5.1，变化4.2，均值4.5333，范围[0.9, 5.2]",施工特征,该时间窗内的砂比变化特征。,,,,sand_feature:红页L1HF:6:4
E01409,时间窗 W005,时间窗,井 红页L1HF-段 6 中使用液型 0.12%减阻水 的连续时间窗。,,,,time_window:红页L1HF:6:5
E01410,0.12%减阻水@时间窗 W005,液型时间窗,井 红页L1HF-段 6-时间窗 W005 对应的液型使用实例。,,,,fluid_usage:红页L1HF:6:5:0.12%减阻水
E01411,"施工泵压变化 起70.86→止77.01，变化6.15，均值66.2609，范围[40.63, 77.42]",施工特征,该时间窗内的施工泵压变化特征。,,,,pressure_feature:红页L1HF:6:5
E01412,"排量变化 起24→止24.06，变化0.06，均值20.1507，范围[6.28, 24.08]",施工特征,该时间窗内的排量变化特征。,,,,flow_feature:红页L1HF:6:5
E01413,"砂比变化 起5.1→止12，变化6.9，均值10.2434，范围[0.1, 15.1]",施工特征,该时间窗内的砂比变化特征。,,,,sand_feature:红页L1HF:6:5
E01414,时间窗 W006,时间窗,井 红页L1HF-段 6 中使用液型 0.25%减阻水 的连续时间窗。,,,,time_window:红页L1HF:6:6
E01415,0.25%减阻水@时间窗 W006,液型时间窗,井 红页L1HF-段 6-时间窗 W006 对应的液型使用实例。,,,,fluid_usage:红页L1HF:6:6:0.25%减阻水
E01416,"施工泵压变化 起77.03→止75.61，变化-1.42，均值76.1355，范围[75.48, 77.03]",施工特征,该时间窗内的施工泵压变化特征。,,,,pressure_feature:红页L1HF:6:6
E01417,"排量变化 起24.06→止24.06，变化0，均值24.0645，范围[24.06, 24.07]",施工特征,该时间窗内的排量变化特征。,,,,flow_feature:红页L1HF:6:6
E01418,"砂比变化 起12.4→止1.8，变化-10.6，均值13.45，范围[1.8, 14.3]",施工特征,该时间窗内的砂比变化特征。,,,,sand_feature:红页L1HF:6:6
E01419,时间窗 W007,时间窗,井 红页L1HF-段 6 中使用液型 0.12%减阻水 的连续时间窗。,,,,time_window:红页L1HF:6:7
E01420,0.12%减阻水@时间窗 W007,液型时间窗,井 红页L1HF-段 6-时间窗 W007 对应的液型使用实例。,,,,fluid_usage:红页L1HF:6:7:0.12%减阻水
E01421,"施工泵压变化 起75.61→止38.38，变化-37.23，均值67.3375，范围[38.38, 75.61]",施工特征,该时间窗内的施工泵压变化特征。,,,,pressure_feature:红页L1HF:6:7
E01422,"排量变化 起24.06→止0.25，变化-23.81，均值20.3783，范围[0.25, 24.07]",施工特征,该时间窗内的排量变化特征。,,,,flow_feature:红页L1HF:6:7
E01423,砂比变化：0,施工特征,该时间窗内的砂比变化特征。,,,,sand_feature:红页L1HF:6:7
E01424,时间窗 W008,时间窗,井 红页L1HF-段 6 中使用液型 0 的连续时间窗。,,,,time_window:红页L1HF:6:8
E01425,0@时间窗 W008,液型时间窗,井 红页L1HF-段 6-时间窗 W008 对应的液型使用实例。,,,,fluid_usage:红页L1HF:6:8:0
E01426,"施工泵压变化 起40.27→止0，变化-40.27，均值36.5458，范围[0, 40.27]",施工特征,该时间窗内的施工泵压变化特征。,,,,pressure_feature:红页L1HF:6:8
E01427,"排量变化 起0→止0，变化0，均值0，范围[0, 0]",施工特征,该时间窗内的排量变化特征。,,,,flow_feature:红页L1HF:6:8
E01428,砂比变化：0,施工特征,该时间窗内的砂比变化特征。,,,,sand_feature:红页L1HF:6:8
E01429,段 7,压裂段,井 红页L1HF 的第 7 段。,,,,segment:红页L1HF:7
E01430,时间窗 W001,时间窗,井 红页L1HF-段 7 中使用液型 0 的连续时间窗。,,,,time_window:红页L1HF:7:1
E01431,0@时间窗 W001,液型时间窗,井 红页L1HF-段 7-时间窗 W001 对应的液型使用实例。,,,,fluid_usage:红页L1HF:7:1:0
E01432,"施工泵压变化 起21.37→止25.92，变化4.55，均值25.6364，范围[21.37, 26]",施工特征,该时间窗内的施工泵压变化特征。,,,,pressure_feature:红页L1HF:7:1
E01433,"排量变化 起0→止0，变化0，均值0，范围[0, 0]",施工特征,该时间窗内的排量变化特征。,,,,flow_feature:红页L1HF:7:1
E01434,砂比变化：0,施工特征,该时间窗内的砂比变化特征。,,,,sand_feature:红页L1HF:7:1
E01435,时间窗 W002,时间窗,井 红页L1HF-段 7 中使用液型 0.12%减阻水 的连续时间窗。,,,,time_window:红页L1HF:7:2
E01436,0.12%减阻水@时间窗 W002,液型时间窗,井 红页L1HF-段 7-时间窗 W002 对应的液型使用实例。,,,,fluid_usage:红页L1HF:7:2:0.12%减阻水
E01437,"施工泵压变化 起26.59→止32.23，变化5.64，均值29.9866，范围[26.26, 32.23]",施工特征,该时间窗内的施工泵压变化特征。,,,,pressure_feature:红页L1HF:7:2
E01438,"排量变化 起0.36→止2.01，变化1.65，均值1.6603，范围[0.36, 2.11]",施工特征,该时间窗内的排量变化特征。,,,,flow_feature:红页L1HF:7:2
E01439,砂比变化：0,施工特征,该时间窗内的砂比变化特征。,,,,sand_feature:红页L1HF:7:2
E01440,时间窗 W003,时间窗,井 红页L1HF-段 7 中使用液型 15%HCl 的连续时间窗。,,,,time_window:红页L1HF:7:3
E01441,15%HCl@时间窗 W003,液型时间窗,井 红页L1HF-段 7-时间窗 W003 对应的液型使用实例。,,,,fluid_usage:红页L1HF:7:3:15%HCl
E01442,"施工泵压变化 起32.24→止33.38，变化1.14，均值32.9643，范围[32.24, 33.38]",施工特征,该时间窗内的施工泵压变化特征。,,,,pressure_feature:红页L1HF:7:3
E01443,"排量变化 起2→止2，变化0，均值2.0027，范围[2, 2.03]",施工特征,该时间窗内的排量变化特征。,,,,flow_feature:红页L1HF:7:3
E01444,砂比变化：0,施工特征,该时间窗内的砂比变化特征。,,,,sand_feature:红页L1HF:7:3
E01445,时间窗 W004,时间窗,井 红页L1HF-段 7 中使用液型 0.25%减阻水 的连续时间窗。,,,,time_window:红页L1HF:7:4
E01446,0.25%减阻水@时间窗 W004,液型时间窗,井 红页L1HF-段 7-时间窗 W004 对应的液型使用实例。,,,,fluid_usage:红页L1HF:7:4:0.25%减阻水
E01447,"施工泵压变化 起33.38→止69.18，变化35.8，均值62.2808，范围[33.38, 91.71]",施工特征,该时间窗内的施工泵压变化特征。,,,,pressure_feature:红页L1HF:7:4
E01448,"排量变化 起2→止24.12，变化22.12，均值12.2694，范围[2, 24.12]",施工特征,该时间窗内的排量变化特征。,,,,flow_feature:红页L1HF:7:4
E01449,"砂比变化 起0.9→止4，变化3.1，均值3.2125，范围[0.3, 5.2]",施工特征,该时间窗内的砂比变化特征。,,,,sand_feature:红页L1HF:7:4
E01450,时间窗 W005,时间窗,井 红页L1HF-段 7 中使用液型 0.12%减阻水 的连续时间窗。,,,,time_window:红页L1HF:7:5
E01451,0.12%减阻水@时间窗 W005,液型时间窗,井 红页L1HF-段 7-时间窗 W005 对应的液型使用实例。,,,,fluid_usage:红页L1HF:7:5:0.12%减阻水
E01452,"施工泵压变化 起69.12→止78.11，变化8.99，均值73.0506，范围[47.62, 80.63]",施工特征,该时间窗内的施工泵压变化特征。,,,,pressure_feature:红页L1HF:7:5
E01453,"排量变化 起24.12→止24.03，变化-0.09，均值22.7768，范围[12.06, 24.13]",施工特征,该时间窗内的排量变化特征。,,,,flow_feature:红页L1HF:7:5
E01454,"砂比变化 起5.1→止12，变化6.9，均值9.8432，范围[0.1, 15]",施工特征,该时间窗内的砂比变化特征。,,,,sand_feature:红页L1HF:7:5
E01455,时间窗 W006,时间窗,井 红页L1HF-段 7 中使用液型 0.25%减阻水 的连续时间窗。,,,,time_window:红页L1HF:7:6
E01456,0.25%减阻水@时间窗 W006,液型时间窗,井 红页L1HF-段 7-时间窗 W006 对应的液型使用实例。,,,,fluid_usage:红页L1HF:7:6:0.25%减阻水
E01457,"施工泵压变化 起77.82→止77.13，变化-0.69，均值77.3556，范围[77.13, 77.82]",施工特征,该时间窗内的施工泵压变化特征。,,,,pressure_feature:红页L1HF:7:6
E01458,"排量变化 起24.03→止24.03，变化0，均值24.03，范围[24.03, 24.03]",施工特征,该时间窗内的排量变化特征。,,,,flow_feature:红页L1HF:7:6
E01459,"砂比变化 起12→止0.4，变化-11.6，均值12.8263，范围[0.4, 14.2]",施工特征,该时间窗内的砂比变化特征。,,,,sand_feature:红页L1HF:7:6
E01460,时间窗 W007,时间窗,井 红页L1HF-段 7 中使用液型 0.12%减阻水 的连续时间窗。,,,,time_window:红页L1HF:7:7
E01461,0.12%减阻水@时间窗 W007,液型时间窗,井 红页L1HF-段 7-时间窗 W007 对应的液型使用实例。,,,,fluid_usage:红页L1HF:7:7:0.12%减阻水
E01462,"施工泵压变化 起77.08→止40.38，变化-36.7，均值67.3775，范围[40.21, 77.08]",施工特征,该时间窗内的施工泵压变化特征。,,,,pressure_feature:红页L1HF:7:7
E01463,"排量变化 起24.03→止2.21，变化-21.82，均值19.7969，范围[2.21, 24.03]",施工特征,该时间窗内的排量变化特征。,,,,flow_feature:红页L1HF:7:7
E01464,砂比变化：0,施工特征,该时间窗内的砂比变化特征。,,,,sand_feature:红页L1HF:7:7
E01465,时间窗 W008,时间窗,井 红页L1HF-段 7 中使用液型 0 的连续时间窗。,,,,time_window:红页L1HF:7:8
E01466,0@时间窗 W008,液型时间窗,井 红页L1HF-段 7-时间窗 W008 对应的液型使用实例。,,,,fluid_usage:红页L1HF:7:8:0
E01467,"施工泵压变化 起38.63→止0.26，变化-38.37，均值36.8523，范围[0.26, 39.42]",施工特征,该时间窗内的施工泵压变化特征。,,,,pressure_feature:红页L1HF:7:8
E01468,"排量变化 起0→止0，变化0，均值0，范围[0, 0]",施工特征,该时间窗内的排量变化特征。,,,,flow_feature:红页L1HF:7:8
E01469,砂比变化：0,施工特征,该时间窗内的砂比变化特征。,,,,sand_feature:红页L1HF:7:8
E01470,段 8,压裂段,井 红页L1HF 的第 8 段。,,,,segment:红页L1HF:8
E01471,时间窗 W001,时间窗,井 红页L1HF-段 8 中使用液型 0.12%减阻水 的连续时间窗。,,,,time_window:红页L1HF:8:1
E01472,0.12%减阻水@时间窗 W001,液型时间窗,井 红页L1HF-段 8-时间窗 W001 对应的液型使用实例。,,,,fluid_usage:红页L1HF:8:1:0.12%减阻水
E01473,"施工泵压变化 起19.15→止30.57，变化11.42，均值27.8844，范围[19.15, 30.57]",施工特征,该时间窗内的施工泵压变化特征。,,,,pressure_feature:红页L1HF:8:1
E01474,"排量变化 起0.01→止1.99，变化1.98，均值1.7735，范围[0.01, 1.99]",施工特征,该时间窗内的排量变化特征。,,,,flow_feature:红页L1HF:8:1
E01475,砂比变化：0,施工特征,该时间窗内的砂比变化特征。,,,,sand_feature:红页L1HF:8:1
E01476,时间窗 W002,时间窗,井 红页L1HF-段 8 中使用液型 15%HCl 的连续时间窗。,,,,time_window:红页L1HF:8:2
E01477,15%HCl@时间窗 W002,液型时间窗,井 红页L1HF-段 8-时间窗 W002 对应的液型使用实例。,,,,fluid_usage:红页L1HF:8:2:15%HCl
E01478,"施工泵压变化 起30.66→止32.33，变化1.67，均值31.6093，范围[30.66, 32.33]",施工特征,该时间窗内的施工泵压变化特征。,,,,pressure_feature:红页L1HF:8:2
E01479,"排量变化 起1.99→止1.99，变化0，均值1.99，范围[1.99, 1.99]",施工特征,该时间窗内的排量变化特征。,,,,flow_feature:红页L1HF:8:2
E01480,砂比变化：0,施工特征,该时间窗内的砂比变化特征。,,,,sand_feature:红页L1HF:8:2
E01481,时间窗 W003,时间窗,井 红页L1HF-段 8 中使用液型 0.25%减阻水 的连续时间窗。,,,,time_window:红页L1HF:8:3
E01482,0.25%减阻水@时间窗 W003,液型时间窗,井 红页L1HF-段 8-时间窗 W003 对应的液型使用实例。,,,,fluid_usage:红页L1HF:8:3:0.25%减阻水
E01483,"施工泵压变化 起32.34→止74.75，变化42.41，均值63.9948，范围[32.34, 92.19]",施工特征,该时间窗内的施工泵压变化特征。,,,,pressure_feature:红页L1HF:8:3
E01484,"排量变化 起1.99→止24.01，变化22.02，均值11.5109，范围[1.99, 24.01]",施工特征,该时间窗内的排量变化特征。,,,,flow_feature:红页L1HF:8:3
E01485,"砂比变化 起0.3→止5，变化4.7，均值4.5467，范围[0.3, 5]",施工特征,该时间窗内的砂比变化特征。,,,,sand_feature:红页L1HF:8:3
E01486,时间窗 W004,时间窗,井 红页L1HF-段 8 中使用液型 0.12%减阻水 的连续时间窗。,,,,time_window:红页L1HF:8:4
E01487,0.12%减阻水@时间窗 W004,液型时间窗,井 红页L1HF-段 8-时间窗 W004 对应的液型使用实例。,,,,fluid_usage:红页L1HF:8:4:0.12%减阻水
E01488,"施工泵压变化 起75.12→止78.66，变化3.54，均值75.6226，范围[48.9, 86.7]",施工特征,该时间窗内的施工泵压变化特征。,,,,pressure_feature:红页L1HF:8:4
E01489,"排量变化 起24.01→止24.01，变化0，均值22.7069，范围[11.89, 24.02]",施工特征,该时间窗内的排量变化特征。,,,,flow_feature:红页L1HF:8:4
E01490,"砂比变化 起5→止14.1，变化9.1，均值9.6037，范围[0.1, 14.7]",施工特征,该时间窗内的砂比变化特征。,,,,sand_feature:红页L1HF:8:4
E01491,时间窗 W005,时间窗,井 红页L1HF-段 8 中使用液型 0.25%减阻水 的连续时间窗。,,,,time_window:红页L1HF:8:5
E01492,0.25%减阻水@时间窗 W005,液型时间窗,井 红页L1HF-段 8-时间窗 W005 对应的液型使用实例。,,,,fluid_usage:红页L1HF:8:5:0.25%减阻水
E01493,"施工泵压变化 起78.67→止78.49，变化-0.18，均值78.5919，范围[78.41, 78.84]",施工特征,该时间窗内的施工泵压变化特征。,,,,pressure_feature:红页L1HF:8:5
E01494,"排量变化 起24.01→止24.01，变化0，均值24.01，范围[24.01, 24.01]",施工特征,该时间窗内的排量变化特征。,,,,flow_feature:红页L1HF:8:5
E01495,"砂比变化 起14.1→止1.2，变化-12.9，均值12.79，范围[1.2, 14.1]",施工特征,该时间窗内的砂比变化特征。,,,,sand_feature:红页L1HF:8:5
E01496,时间窗 W006,时间窗,井 红页L1HF-段 8 中使用液型 0.12%减阻水 的连续时间窗。,,,,time_window:红页L1HF:8:6
E01497,0.12%减阻水@时间窗 W006,液型时间窗,井 红页L1HF-段 8-时间窗 W006 对应的液型使用实例。,,,,fluid_usage:红页L1HF:8:6:0.12%减阻水
E01498,"施工泵压变化 起78.41→止52.77，变化-25.64，均值72.4506，范围[52.77, 78.41]",施工特征,该时间窗内的施工泵压变化特征。,,,,pressure_feature:红页L1HF:8:6
E01499,"排量变化 起24.01→止10.24，变化-13.77，均值21.5876，范围[10.24, 24.01]",施工特征,该时间窗内的排量变化特征。,,,,flow_feature:红页L1HF:8:6
E01500,砂比变化：0,施工特征,该时间窗内的砂比变化特征。,,,,sand_feature:红页L1HF:8:6
E01501,时间窗 W007,时间窗,井 红页L1HF-段 8 中使用液型 0 的连续时间窗。,,,,time_window:红页L1HF:8:7
E01502,0@时间窗 W007,液型时间窗,井 红页L1HF-段 8-时间窗 W007 对应的液型使用实例。,,,,fluid_usage:红页L1HF:8:7:0
E01503,"施工泵压变化 起39.75→止0.37，变化-39.38，均值38.1867，范围[0.37, 41.42]",施工特征,该时间窗内的施工泵压变化特征。,,,,pressure_feature:红页L1HF:8:7
E01504,"排量变化 起0→止0，变化0，均值0，范围[0, 0]",施工特征,该时间窗内的排量变化特征。,,,,flow_feature:红页L1HF:8:7
E01505,砂比变化：0,施工特征,该时间窗内的砂比变化特征。,,,,sand_feature:红页L1HF:8:7
E01506,段 9,压裂段,井 红页L1HF 的第 9 段。,,,,segment:红页L1HF:9
E01507,时间窗 W001,时间窗,井 红页L1HF-段 9 中使用液型 0 的连续时间窗。,,,,time_window:红页L1HF:9:1
E01508,0@时间窗 W001,液型时间窗,井 红页L1HF-段 9-时间窗 W001 对应的液型使用实例。,,,,fluid_usage:红页L1HF:9:1:0
E01509,"施工泵压变化 起22.05→止22.05，变化0，均值22.05，范围[22.05, 22.05]",施工特征,该时间窗内的施工泵压变化特征。,,,,pressure_feature:红页L1HF:9:1
E01510,"排量变化 起0→止0，变化0，均值0，范围[0, 0]",施工特征,该时间窗内的排量变化特征。,,,,flow_feature:红页L1HF:9:1
E01511,砂比变化：0,施工特征,该时间窗内的砂比变化特征。,,,,sand_feature:红页L1HF:9:1
E01512,时间窗 W002,时间窗,井 红页L1HF-段 9 中使用液型 0.12%减阻水 的连续时间窗。,,,,time_window:红页L1HF:9:2
E01513,0.12%减阻水@时间窗 W002,液型时间窗,井 红页L1HF-段 9-时间窗 W002 对应的液型使用实例。,,,,fluid_usage:红页L1HF:9:2:0.12%减阻水
E01514,"施工泵压变化 起29.23→止34.11，变化4.88，均值32.8821，范围[29.23, 34.11]",施工特征,该时间窗内的施工泵压变化特征。,,,,pressure_feature:红页L1HF:9:2
E01515,"排量变化 起0.37→止2，变化1.63，均值1.8664，范围[0.37, 2]",施工特征,该时间窗内的排量变化特征。,,,,flow_feature:红页L1HF:9:2
E01516,砂比变化：0,施工特征,该时间窗内的砂比变化特征。,,,,sand_feature:红页L1HF:9:2
E01517,时间窗 W003,时间窗,井 红页L1HF-段 9 中使用液型 15%HCl 的连续时间窗。,,,,time_window:红页L1HF:9:3
E01518,15%HCl@时间窗 W003,液型时间窗,井 红页L1HF-段 9-时间窗 W003 对应的液型使用实例。,,,,fluid_usage:红页L1HF:9:3:15%HCl
E01519,"施工泵压变化 起34.11→止34.92，变化0.81，均值34.5839，范围[34.11, 34.92]",施工特征,该时间窗内的施工泵压变化特征。,,,,pressure_feature:红页L1HF:9:3
E01520,"排量变化 起2→止2，变化0，均值2，范围[2, 2]",施工特征,该时间窗内的排量变化特征。,,,,flow_feature:红页L1HF:9:3
E01521,砂比变化：0,施工特征,该时间窗内的砂比变化特征。,,,,sand_feature:红页L1HF:9:3
E01522,时间窗 W004,时间窗,井 红页L1HF-段 9 中使用液型 0.25%减阻水 的连续时间窗。,,,,time_window:红页L1HF:9:4
E01523,0.25%减阻水@时间窗 W004,液型时间窗,井 红页L1HF-段 9-时间窗 W004 对应的液型使用实例。,,,,fluid_usage:红页L1HF:9:4:0.25%减阻水
E01524,"施工泵压变化 起34.94→止79.26，变化44.32，均值64.5629，范围[34.94, 91.85]",施工特征,该时间窗内的施工泵压变化特征。,,,,pressure_feature:红页L1HF:9:4
E01525,"排量变化 起2→止24.08，变化22.08，均值11.0497，范围[2, 24.08]",施工特征,该时间窗内的排量变化特征。,,,,flow_feature:红页L1HF:9:4
E01526,"砂比变化 起0.2→止5，变化4.8，均值4.21，范围[0.2, 5]",施工特征,该时间窗内的砂比变化特征。,,,,sand_feature:红页L1HF:9:4
E01527,时间窗 W005,时间窗,井 红页L1HF-段 9 中使用液型 0.12%减阻水 的连续时间窗。,,,,time_window:红页L1HF:9:5
E01528,0.12%减阻水@时间窗 W005,液型时间窗,井 红页L1HF-段 9-时间窗 W005 对应的液型使用实例。,,,,fluid_usage:红页L1HF:9:5:0.12%减阻水
E01529,"施工泵压变化 起79.8→止80.35，变化0.55，均值80.8152，范围[69.32, 84.47]",施工特征,该时间窗内的施工泵压变化特征。,,,,pressure_feature:红页L1HF:9:5
E01530,"排量变化 起24.08→止24.08，变化0，均值24.0829，范围[23.93, 24.1]",施工特征,该时间窗内的排量变化特征。,,,,flow_feature:红页L1HF:9:5
E01531,"砂比变化 起5→止14，变化9，均值10.6685，范围[0.1, 15.2]",施工特征,该时间窗内的砂比变化特征。,,,,sand_feature:红页L1HF:9:5
E01532,时间窗 W006,时间窗,井 红页L1HF-段 9 中使用液型 0.25%减阻水 的连续时间窗。,,,,time_window:红页L1HF:9:6
E01533,0.25%减阻水@时间窗 W006,液型时间窗,井 红页L1HF-段 9-时间窗 W006 对应的液型使用实例。,,,,fluid_usage:红页L1HF:9:6:0.25%减阻水
E01534,"施工泵压变化 起80.46→止80.65，变化0.19，均值80.5185，范围[80.29, 80.72]",施工特征,该时间窗内的施工泵压变化特征。,,,,pressure_feature:红页L1HF:9:6
E01535,"排量变化 起24.08→止24.08，变化0，均值24.08，范围[24.08, 24.08]",施工特征,该时间窗内的排量变化特征。,,,,flow_feature:红页L1HF:9:6
E01536,"砂比变化 起14→止1.2，变化-12.8，均值12.1714，范围[1.2, 14]",施工特征,该时间窗内的砂比变化特征。,,,,sand_feature:红页L1HF:9:6
E01537,时间窗 W007,时间窗,井 红页L1HF-段 9 中使用液型 0.12%减阻水 的连续时间窗。,,,,time_window:红页L1HF:9:7
E01538,0.12%减阻水@时间窗 W007,液型时间窗,井 红页L1HF-段 9-时间窗 W007 对应的液型使用实例。,,,,fluid_usage:红页L1HF:9:7:0.12%减阻水
E01539,"施工泵压变化 起80.55→止41.84，变化-38.71，均值70.602，范围[41.84, 80.55]",施工特征,该时间窗内的施工泵压变化特征。,,,,pressure_feature:红页L1HF:9:7
E01540,"排量变化 起24.08→止0.51，变化-23.57，均值19.3333，范围[0.51, 24.08]",施工特征,该时间窗内的排量变化特征。,,,,flow_feature:红页L1HF:9:7
E01541,砂比变化：0,施工特征,该时间窗内的砂比变化特征。,,,,sand_feature:红页L1HF:9:7
E01542,时间窗 W008,时间窗,井 红页L1HF-段 9 中使用液型 0 的连续时间窗。,,,,time_window:红页L1HF:9:8
E01543,0@时间窗 W008,液型时间窗,井 红页L1HF-段 9-时间窗 W008 对应的液型使用实例。,,,,fluid_usage:红页L1HF:9:8:0
E01544,"施工泵压变化 起42.69→止0.44，变化-42.25，均值38.6208，范围[0.44, 42.69]",施工特征,该时间窗内的施工泵压变化特征。,,,,pressure_feature:红页L1HF:9:8
E01545,"排量变化 起0→止0，变化0，均值0，范围[0, 0]",施工特征,该时间窗内的排量变化特征。,,,,flow_feature:红页L1HF:9:8
E01546,砂比变化：0,施工特征,该时间窗内的砂比变化特征。,,,,sand_feature:红页L1HF:9:8
