id,head,relation,tail,head_entity_id,tail_entity_id,head_source_id,tail_source_id
1,井号 红页L1HF,井号时间,井号时间 2024-01-04 14:21:40,E0001,E0002,well:红页L1HF,well_time:红页L1HF
2,井号 红页L1HF,段号,段号 1,E0001,E0003,well:红页L1HF,segment:红页L1HF:1
3,段号 1,段号时间,段号时间 2024-01-04 14:21:40,E0003,E0004,segment:红页L1HF:1,segment_time:红页L1HF:1
4,段号 1,统计量,砂比平均值: 6.5207,E0003,E0005,segment:红页L1HF:1,segment_stats:红页L1HF:1:砂比:mean
5,段号 1,统计量,砂比方差: 3.7453,E0003,E0006,segment:红页L1HF:1,segment_stats:红页L1HF:1:砂比:var
6,段号 1,统计量,排量平均值: 11.0978,E0003,E0007,segment:红页L1HF:1,segment_stats:红页L1HF:1:排量:mean
7,段号 1,统计量,排量方差: 86.5513,E0003,E0008,segment:红页L1HF:1,segment_stats:红页L1HF:1:排量:var
8,段号 1,统计量,施工泵压平均值: 57.1497,E0003,E0009,segment:红页L1HF:1,segment_stats:红页L1HF:1:施工泵压:mean
9,段号 1,统计量,施工泵压方差: 415.1877,E0003,E0010,segment:红页L1HF:1,segment_stats:红页L1HF:1:施工泵压:var
10,段号 1,施工情况,施工情况 加砂前,E0003,E0011,segment:红页L1HF:1,condition:红页L1HF:1:加砂前
11,施工情况 加砂前,施工时间,施工时间 2024-01-04 14:21:40,E0011,E0012,condition:红页L1HF:1:加砂前,condition_time:红页L1HF:1:加砂前
12,施工情况 加砂前,统计量,砂比平均值: 无数据,E0011,E0013,condition:红页L1HF:1:加砂前,condition_stats:红页L1HF:1:加砂前:砂比:mean
13,施工情况 加砂前,统计量,砂比方差: 无数据,E0011,E0014,condition:红页L1HF:1:加砂前,condition_stats:红页L1HF:1:加砂前:砂比:var
14,施工情况 加砂前,统计量,排量平均值: 6.455,E0011,E0015,condition:红页L1HF:1:加砂前,condition_stats:红页L1HF:1:加砂前:排量:mean
15,施工情况 加砂前,统计量,排量方差: 36.4102,E0011,E0016,condition:红页L1HF:1:加砂前,condition_stats:红页L1HF:1:加砂前:排量:var
16,施工情况 加砂前,统计量,施工泵压平均值: 61.8049,E0011,E0017,condition:红页L1HF:1:加砂前,condition_stats:红页L1HF:1:加砂前:施工泵压:mean
17,施工情况 加砂前,统计量,施工泵压方差: 228.6507,E0011,E0018,condition:红页L1HF:1:加砂前,condition_stats:红页L1HF:1:加砂前:施工泵压:var
18,段号 1,施工情况,施工情况 加砂中,E0003,E0019,segment:红页L1HF:1,condition:红页L1HF:1:加砂中
19,施工情况 加砂中,施工时间,施工时间 2024-01-04 15:06:20,E0019,E0020,condition:红页L1HF:1:加砂中,condition_time:红页L1HF:1:加砂中
20,施工情况 加砂中,统计量,砂比平均值: 6.5207,E0019,E0021,condition:红页L1HF:1:加砂中,condition_stats:红页L1HF:1:加砂中:砂比:mean
21,施工情况 加砂中,统计量,砂比方差: 3.7453,E0019,E0022,condition:红页L1HF:1:加砂中,condition_stats:红页L1HF:1:加砂中:砂比:var
22,施工情况 加砂中,统计量,排量平均值: 20.6746,E0019,E0023,condition:红页L1HF:1:加砂中,condition_stats:红页L1HF:1:加砂中:排量:mean
23,施工情况 加砂中,统计量,排量方差: 0.091,E0019,E0024,condition:红页L1HF:1:加砂中,condition_stats:红页L1HF:1:加砂中:排量:var
24,施工情况 加砂中,统计量,施工泵压平均值: 70.7477,E0019,E0025,condition:红页L1HF:1:加砂中,condition_stats:红页L1HF:1:加砂中:施工泵压:mean
25,施工情况 加砂中,统计量,施工泵压方差: 1.514,E0019,E0026,condition:红页L1HF:1:加砂中,condition_stats:红页L1HF:1:加砂中:施工泵压:var
26,施工情况 加砂中,工况,工况 主缝延伸,E0019,E0027,condition:红页L1HF:1:加砂中,worktype:红页L1HF:1:加砂中:主缝延伸
27,工况 主缝延伸,工况时间,工况时间 2024-01-04 15:32:30,E0027,E0028,worktype:红页L1HF:1:加砂中:主缝延伸,worktype_time:红页L1HF:1:加砂中:主缝延伸
28,工况 主缝延伸,统计量,砂比平均值: 7.7158,E0027,E0029,worktype:红页L1HF:1:加砂中:主缝延伸,worktype_stats:红页L1HF:1:加砂中:主缝延伸:砂比:mean
29,工况 主缝延伸,统计量,砂比方差: 1.8924,E0027,E0030,worktype:红页L1HF:1:加砂中:主缝延伸,worktype_stats:红页L1HF:1:加砂中:主缝延伸:砂比:var
30,工况 主缝延伸,统计量,排量平均值: 20.9446,E0027,E0031,worktype:红页L1HF:1:加砂中:主缝延伸,worktype_stats:红页L1HF:1:加砂中:主缝延伸:排量:mean
31,工况 主缝延伸,统计量,排量方差: 0.0213,E0027,E0032,worktype:红页L1HF:1:加砂中:主缝延伸,worktype_stats:红页L1HF:1:加砂中:主缝延伸:排量:var
32,工况 主缝延伸,统计量,施工泵压平均值: 70.2212,E0027,E0033,worktype:红页L1HF:1:加砂中:主缝延伸,worktype_stats:红页L1HF:1:加砂中:主缝延伸:施工泵压:mean
33,工况 主缝延伸,统计量,施工泵压方差: 0.8402,E0027,E0034,worktype:红页L1HF:1:加砂中:主缝延伸,worktype_stats:红页L1HF:1:加砂中:主缝延伸:施工泵压:var
34,工况 主缝延伸,当前建议,当前建议: 保持当前措施,E0027,E0035,worktype:红页L1HF:1:加砂中:主缝延伸,suggestion:红页L1HF:1:加砂中:主缝延伸
35,段号 1,施工情况,施工情况 加砂后,E0003,E0036,segment:红页L1HF:1,condition:红页L1HF:1:加砂后
36,施工情况 加砂后,施工时间,施工时间 2024-01-04 15:54:20,E0036,E0037,condition:红页L1HF:1:加砂后,condition_time:红页L1HF:1:加砂后
37,施工情况 加砂后,统计量,砂比平均值: 无数据,E0036,E0038,condition:红页L1HF:1:加砂后,condition_stats:红页L1HF:1:加砂后:砂比:mean
38,施工情况 加砂后,统计量,砂比方差: 无数据,E0036,E0039,condition:红页L1HF:1:加砂后,condition_stats:红页L1HF:1:加砂后:砂比:var
39,施工情况 加砂后,统计量,排量平均值: 3.0861,E0036,E0040,condition:红页L1HF:1:加砂后,condition_stats:红页L1HF:1:加砂后:排量:mean
40,施工情况 加砂后,统计量,排量方差: 53.5988,E0036,E0041,condition:红页L1HF:1:加砂后,condition_stats:红页L1HF:1:加砂后:排量:var
41,施工情况 加砂后,统计量,施工泵压平均值: 30.3825,E0036,E0042,condition:红页L1HF:1:加砂后,condition_stats:红页L1HF:1:加砂后:施工泵压:mean
42,施工情况 加砂后,统计量,施工泵压方差: 267.4653,E0036,E0043,condition:红页L1HF:1:加砂后,condition_stats:红页L1HF:1:加砂后:施工泵压:var
43,施工情况 加砂后,工况,工况 主缝延伸,E0036,E0044,condition:红页L1HF:1:加砂后,worktype:红页L1HF:1:加砂后:主缝延伸
44,工况 主缝延伸,工况时间,工况时间 2024-01-04 15:54:20,E0044,E0045,worktype:红页L1HF:1:加砂后:主缝延伸,worktype_time:红页L1HF:1:加砂后:主缝延伸
45,工况 主缝延伸,统计量,砂比平均值: 无数据,E0044,E0046,worktype:红页L1HF:1:加砂后:主缝延伸,worktype_stats:红页L1HF:1:加砂后:主缝延伸:砂比:mean
46,工况 主缝延伸,统计量,砂比方差: 无数据,E0044,E0047,worktype:红页L1HF:1:加砂后:主缝延伸,worktype_stats:红页L1HF:1:加砂后:主缝延伸:砂比:var
47,工况 主缝延伸,统计量,排量平均值: 20.9975,E0044,E0048,worktype:红页L1HF:1:加砂后:主缝延伸,worktype_stats:红页L1HF:1:加砂后:主缝延伸:排量:mean
48,工况 主缝延伸,统计量,排量方差: 0.0,E0044,E0049,worktype:红页L1HF:1:加砂后:主缝延伸,worktype_stats:红页L1HF:1:加砂后:主缝延伸:排量:var
49,工况 主缝延伸,统计量,施工泵压平均值: 70.265,E0044,E0050,worktype:红页L1HF:1:加砂后:主缝延伸,worktype_stats:红页L1HF:1:加砂后:主缝延伸:施工泵压:mean
50,工况 主缝延伸,统计量,施工泵压方差: 0.0051,E0044,E0051,worktype:红页L1HF:1:加砂后:主缝延伸,worktype_stats:红页L1HF:1:加砂后:主缝延伸:施工泵压:var
51,工况 主缝延伸,当前建议,当前建议: 保持当前措施,E0044,E0052,worktype:红页L1HF:1:加砂后:主缝延伸,suggestion:红页L1HF:1:加砂后:主缝延伸
52,井号 红页L1HF,段号,段号 10,E0001,E0053,well:红页L1HF,segment:红页L1HF:10
53,段号 10,段号时间,段号时间 2024-01-09 09:59:00,E0053,E0054,segment:红页L1HF:10,segment_time:红页L1HF:10
54,段号 10,统计量,砂比平均值: 9.3981,E0053,E0055,segment:红页L1HF:10,segment_stats:红页L1HF:10:砂比:mean
55,段号 10,统计量,砂比方差: 6.6821,E0053,E0056,segment:红页L1HF:10,segment_stats:红页L1HF:10:砂比:var
56,段号 10,统计量,排量平均值: 18.6762,E0053,E0057,segment:红页L1HF:10,segment_stats:红页L1HF:10:排量:mean
57,段号 10,统计量,排量方差: 92.1738,E0053,E0058,segment:红页L1HF:10,segment_stats:红页L1HF:10:排量:var
58,段号 10,统计量,施工泵压平均值: 72.1342,E0053,E0059,segment:红页L1HF:10,segment_stats:红页L1HF:10:施工泵压:mean
59,段号 10,统计量,施工泵压方差: 380.947,E0053,E0060,segment:红页L1HF:10,segment_stats:红页L1HF:10:施工泵压:var
60,段号 10,施工情况,施工情况 加砂前,E0053,E0061,segment:红页L1HF:10,condition:红页L1HF:10:加砂前
61,施工情况 加砂前,施工时间,施工时间 2024-01-09 09:59:00,E0061,E0062,condition:红页L1HF:10:加砂前,condition_time:红页L1HF:10:加砂前
62,施工情况 加砂前,统计量,砂比平均值: 无数据,E0061,E0063,condition:红页L1HF:10:加砂前,condition_stats:红页L1HF:10:加砂前:砂比:mean
63,施工情况 加砂前,统计量,砂比方差: 无数据,E0061,E0064,condition:红页L1HF:10:加砂前,condition_stats:红页L1HF:10:加砂前:砂比:var
64,施工情况 加砂前,统计量,排量平均值: 13.351,E0061,E0065,condition:红页L1HF:10:加砂前,condition_stats:红页L1HF:10:加砂前:排量:mean
65,施工情况 加砂前,统计量,排量方差: 82.6414,E0061,E0066,condition:红页L1HF:10:加砂前,condition_stats:红页L1HF:10:加砂前:排量:var
66,施工情况 加砂前,统计量,施工泵压平均值: 55.6879,E0061,E0067,condition:红页L1HF:10:加砂前,condition_stats:红页L1HF:10:加砂前:施工泵压:mean
67,施工情况 加砂前,统计量,施工泵压方差: 341.0919,E0061,E0068,condition:红页L1HF:10:加砂前,condition_stats:红页L1HF:10:加砂前:施工泵压:var
68,段号 10,施工情况,施工情况 加砂中,E0053,E0069,segment:红页L1HF:10,condition:红页L1HF:10:加砂中
69,施工情况 加砂中,施工时间,施工时间 2024-01-09 10:05:50,E0069,E0070,condition:红页L1HF:10:加砂中,condition_time:红页L1HF:10:加砂中
70,施工情况 加砂中,统计量,砂比平均值: 9.3981,E0069,E0071,condition:红页L1HF:10:加砂中,condition_stats:红页L1HF:10:加砂中:砂比:mean
71,施工情况 加砂中,统计量,砂比方差: 6.6821,E0069,E0072,condition:红页L1HF:10:加砂中,condition_stats:红页L1HF:10:加砂中:砂比:var
72,施工情况 加砂中,统计量,排量平均值: 23.6559,E0069,E0073,condition:红页L1HF:10:加砂中,condition_stats:红页L1HF:10:加砂中:排量:mean
73,施工情况 加砂中,统计量,排量方差: 2.6753,E0069,E0074,condition:红页L1HF:10:加砂中,condition_stats:红页L1HF:10:加砂中:排量:var
74,施工情况 加砂中,统计量,施工泵压平均值: 82.179,E0069,E0075,condition:红页L1HF:10:加砂中,condition_stats:红页L1HF:10:加砂中:施工泵压:mean
75,施工情况 加砂中,统计量,施工泵压方差: 32.7494,E0069,E0076,condition:红页L1HF:10:加砂中,condition_stats:红页L1HF:10:加砂中:施工泵压:var
76,施工情况 加砂中,工况,工况 缝内暂堵,E0069,E0077,condition:红页L1HF:10:加砂中,worktype:红页L1HF:10:加砂中:缝内暂堵
77,工况 缝内暂堵,工况时间,工况时间 2024-01-09 10:23:30,E0077,E0078,worktype:红页L1HF:10:加砂中:缝内暂堵,worktype_time:红页L1HF:10:加砂中:缝内暂堵
78,工况 缝内暂堵,统计量,砂比平均值: 7.2755,E0077,E0079,worktype:红页L1HF:10:加砂中:缝内暂堵,worktype_stats:红页L1HF:10:加砂中:缝内暂堵:砂比:mean
79,工况 缝内暂堵,统计量,砂比方差: 4.8161,E0077,E0080,worktype:红页L1HF:10:加砂中:缝内暂堵,worktype_stats:红页L1HF:10:加砂中:缝内暂堵:砂比:var
80,工况 缝内暂堵,统计量,排量平均值: 24.0287,E0077,E0081,worktype:红页L1HF:10:加砂中:缝内暂堵,worktype_stats:红页L1HF:10:加砂中:缝内暂堵:排量:mean
81,工况 缝内暂堵,统计量,排量方差: 0.0005,E0077,E0082,worktype:红页L1HF:10:加砂中:缝内暂堵,worktype_stats:红页L1HF:10:加砂中:缝内暂堵:排量:var
82,工况 缝内暂堵,统计量,施工泵压平均值: 80.2892,E0077,E0083,worktype:红页L1HF:10:加砂中:缝内暂堵,worktype_stats:红页L1HF:10:加砂中:缝内暂堵:施工泵压:mean
83,工况 缝内暂堵,统计量,施工泵压方差: 13.6051,E0077,E0084,worktype:红页L1HF:10:加砂中:缝内暂堵,worktype_stats:红页L1HF:10:加砂中:缝内暂堵:施工泵压:var
84,工况 缝内暂堵,当前建议,当前建议: 无建议,E0077,E0085,worktype:红页L1HF:10:加砂中:缝内暂堵,suggestion:红页L1HF:10:加砂中:缝内暂堵
85,施工情况 加砂中,工况,工况 缝口暂堵,E0069,E0086,condition:红页L1HF:10:加砂中,worktype:红页L1HF:10:加砂中:缝口暂堵
86,工况 缝口暂堵,工况时间,工况时间 2024-01-09 10:43:30,E0086,E0087,worktype:红页L1HF:10:加砂中:缝口暂堵,worktype_time:红页L1HF:10:加砂中:缝口暂堵
87,工况 缝口暂堵,统计量,砂比平均值: 8.0,E0086,E0088,worktype:红页L1HF:10:加砂中:缝口暂堵,worktype_stats:红页L1HF:10:加砂中:缝口暂堵:砂比:mean
88,工况 缝口暂堵,统计量,砂比方差: 5.1972,E0086,E0089,worktype:红页L1HF:10:加砂中:缝口暂堵,worktype_stats:红页L1HF:10:加砂中:缝口暂堵:砂比:var
89,工况 缝口暂堵,统计量,排量平均值: 21.7838,E0086,E0090,worktype:红页L1HF:10:加砂中:缝口暂堵,worktype_stats:红页L1HF:10:加砂中:缝口暂堵:排量:mean
90,工况 缝口暂堵,统计量,排量方差: 7.8297,E0086,E0091,worktype:红页L1HF:10:加砂中:缝口暂堵,worktype_stats:红页L1HF:10:加砂中:缝口暂堵:排量:var
91,工况 缝口暂堵,统计量,施工泵压平均值: 76.8416,E0086,E0092,worktype:红页L1HF:10:加砂中:缝口暂堵,worktype_stats:红页L1HF:10:加砂中:缝口暂堵:施工泵压:mean
92,工况 缝口暂堵,统计量,施工泵压方差: 90.8287,E0086,E0093,worktype:红页L1HF:10:加砂中:缝口暂堵,worktype_stats:红页L1HF:10:加砂中:缝口暂堵:施工泵压:var
93,工况 缝口暂堵,当前建议,当前建议: 无建议,E0086,E0094,worktype:红页L1HF:10:加砂中:缝口暂堵,suggestion:红页L1HF:10:加砂中:缝口暂堵
94,施工情况 加砂中,工况,工况 主缝延伸,E0069,E0095,condition:红页L1HF:10:加砂中,worktype:红页L1HF:10:加砂中:主缝延伸
95,工况 主缝延伸,工况时间,工况时间 2024-01-09 11:41:10,E0095,E0096,worktype:红页L1HF:10:加砂中:主缝延伸,worktype_time:红页L1HF:10:加砂中:主缝延伸
96,工况 主缝延伸,统计量,砂比平均值: 10.4547,E0095,E0097,worktype:红页L1HF:10:加砂中:主缝延伸,worktype_stats:红页L1HF:10:加砂中:主缝延伸:砂比:mean
97,工况 主缝延伸,统计量,砂比方差: 5.7079,E0095,E0098,worktype:红页L1HF:10:加砂中:主缝延伸,worktype_stats:红页L1HF:10:加砂中:主缝延伸:砂比:var
98,工况 主缝延伸,统计量,排量平均值: 24.0767,E0095,E0099,worktype:红页L1HF:10:加砂中:主缝延伸,worktype_stats:红页L1HF:10:加砂中:主缝延伸:排量:mean
99,工况 主缝延伸,统计量,排量方差: 0.0005,E0095,E0100,worktype:红页L1HF:10:加砂中:主缝延伸,worktype_stats:红页L1HF:10:加砂中:主缝延伸:排量:var
100,工况 主缝延伸,统计量,施工泵压平均值: 84.2148,E0095,E0101,worktype:红页L1HF:10:加砂中:主缝延伸,worktype_stats:红页L1HF:10:加砂中:主缝延伸:施工泵压:mean
101,工况 主缝延伸,统计量,施工泵压方差: 5.8633,E0095,E0102,worktype:红页L1HF:10:加砂中:主缝延伸,worktype_stats:红页L1HF:10:加砂中:主缝延伸:施工泵压:var
102,工况 主缝延伸,当前建议,当前建议: 保持当前措施,E0095,E0103,worktype:红页L1HF:10:加砂中:主缝延伸,suggestion:红页L1HF:10:加砂中:主缝延伸
103,段号 10,施工情况,施工情况 加砂后,E0053,E0104,segment:红页L1HF:10,condition:红页L1HF:10:加砂后
104,施工情况 加砂后,施工时间,施工时间 2024-01-09 12:06:00,E0104,E0105,condition:红页L1HF:10:加砂后,condition_time:红页L1HF:10:加砂后
105,施工情况 加砂后,统计量,砂比平均值: 无数据,E0104,E0106,condition:红页L1HF:10:加砂后,condition_stats:红页L1HF:10:加砂后:砂比:mean
106,施工情况 加砂后,统计量,砂比方差: 无数据,E0104,E0107,condition:红页L1HF:10:加砂后,condition_stats:红页L1HF:10:加砂后:砂比:var
107,施工情况 加砂后,统计量,排量平均值: 2.4341,E0104,E0108,condition:红页L1HF:10:加砂后,condition_stats:红页L1HF:10:加砂后:排量:mean
108,施工情况 加砂后,统计量,排量方差: 49.4261,E0104,E0109,condition:红页L1HF:10:加砂后,condition_stats:红页L1HF:10:加砂后:排量:var
109,施工情况 加砂后,统计量,施工泵压平均值: 40.5062,E0104,E0110,condition:红页L1HF:10:加砂后,condition_stats:红页L1HF:10:加砂后:施工泵压:mean
110,施工情况 加砂后,统计量,施工泵压方差: 193.9675,E0104,E0111,condition:红页L1HF:10:加砂后,condition_stats:红页L1HF:10:加砂后:施工泵压:var
111,施工情况 加砂后,工况,工况 主缝延伸,E0104,E0112,condition:红页L1HF:10:加砂后,worktype:红页L1HF:10:加砂后:主缝延伸
112,工况 主缝延伸,工况时间,工况时间 2024-01-09 12:06:00,E0112,E0113,worktype:红页L1HF:10:加砂后:主缝延伸,worktype_time:红页L1HF:10:加砂后:主缝延伸
113,工况 主缝延伸,统计量,砂比平均值: 无数据,E0112,E0114,worktype:红页L1HF:10:加砂后:主缝延伸,worktype_stats:红页L1HF:10:加砂后:主缝延伸:砂比:mean
114,工况 主缝延伸,统计量,砂比方差: 无数据,E0112,E0115,worktype:红页L1HF:10:加砂后:主缝延伸,worktype_stats:红页L1HF:10:加砂后:主缝延伸:砂比:var
115,工况 主缝延伸,统计量,排量平均值: 24.09,E0112,E0116,worktype:红页L1HF:10:加砂后:主缝延伸,worktype_stats:红页L1HF:10:加砂后:主缝延伸:排量:mean
116,工况 主缝延伸,统计量,排量方差: 0.0,E0112,E0117,worktype:红页L1HF:10:加砂后:主缝延伸,worktype_stats:红页L1HF:10:加砂后:主缝延伸:排量:var
117,工况 主缝延伸,统计量,施工泵压平均值: 82.56,E0112,E0118,worktype:红页L1HF:10:加砂后:主缝延伸,worktype_stats:红页L1HF:10:加砂后:主缝延伸:施工泵压:mean
118,工况 主缝延伸,统计量,施工泵压方差: 0.0,E0112,E0119,worktype:红页L1HF:10:加砂后:主缝延伸,worktype_stats:红页L1HF:10:加砂后:主缝延伸:施工泵压:var
119,工况 主缝延伸,当前建议,当前建议: 保持当前措施,E0112,E0120,worktype:红页L1HF:10:加砂后:主缝延伸,suggestion:红页L1HF:10:加砂后:主缝延伸
120,井号 红页L1HF,段号,段号 11,E0001,E0121,well:红页L1HF,segment:红页L1HF:11
121,段号 11,段号时间,段号时间 2024-01-09 16:10:00,E0121,E0122,segment:红页L1HF:11,segment_time:红页L1HF:11
122,段号 11,统计量,砂比平均值: 8.3647,E0121,E0123,segment:红页L1HF:11,segment_stats:红页L1HF:11:砂比:mean
123,段号 11,统计量,砂比方差: 9.2147,E0121,E0124,segment:红页L1HF:11,segment_stats:红页L1HF:11:砂比:var
124,段号 11,统计量,排量平均值: 16.2039,E0121,E0125,segment:红页L1HF:11,segment_stats:红页L1HF:11:排量:mean
125,段号 11,统计量,排量方差: 98.1173,E0121,E0126,segment:红页L1HF:11,segment_stats:红页L1HF:11:排量:var
126,段号 11,统计量,施工泵压平均值: 68.0071,E0121,E0127,segment:红页L1HF:11,segment_stats:红页L1HF:11:施工泵压:mean
127,段号 11,统计量,施工泵压方差: 377.2174,E0121,E0128,segment:红页L1HF:11,segment_stats:红页L1HF:11:施工泵压:var
128,段号 11,施工情况,施工情况 加砂前,E0121,E0129,segment:红页L1HF:11,condition:红页L1HF:11:加砂前
129,施工情况 加砂前,施工时间,施工时间 2024-01-09 16:10:00,E0129,E0130,condition:红页L1HF:11:加砂前,condition_time:红页L1HF:11:加砂前
130,施工情况 加砂前,统计量,砂比平均值: 无数据,E0129,E0131,condition:红页L1HF:11:加砂前,condition_stats:红页L1HF:11:加砂前:砂比:mean
131,施工情况 加砂前,统计量,砂比方差: 无数据,E0129,E0132,condition:红页L1HF:11:加砂前,condition_stats:红页L1HF:11:加砂前:砂比:var
132,施工情况 加砂前,统计量,排量平均值: 8.181,E0129,E0133,condition:红页L1HF:11:加砂前,condition_stats:红页L1HF:11:加砂前:排量:mean
133,施工情况 加砂前,统计量,排量方差: 52.9865,E0129,E0134,condition:红页L1HF:11:加砂前,condition_stats:红页L1HF:11:加砂前:排量:var
134,施工情况 加砂前,统计量,施工泵压平均值: 56.1228,E0129,E0135,condition:红页L1HF:11:加砂前,condition_stats:红页L1HF:11:加砂前:施工泵压:mean
135,施工情况 加砂前,统计量,施工泵压方差: 484.6932,E0129,E0136,condition:红页L1HF:11:加砂前,condition_stats:红页L1HF:11:加砂前:施工泵压:var
136,施工情况 加砂前,工况,工况 滤失过大,E0129,E0137,condition:红页L1HF:11:加砂前,worktype:红页L1HF:11:加砂前:滤失过大
137,工况 滤失过大,工况时间,工况时间 2024-01-09 16:34:10,E0137,E0138,worktype:红页L1HF:11:加砂前:滤失过大,worktype_time:红页L1HF:11:加砂前:滤失过大
138,工况 滤失过大,统计量,砂比平均值: 无数据,E0137,E0139,worktype:红页L1HF:11:加砂前:滤失过大,worktype_stats:红页L1HF:11:加砂前:滤失过大:砂比:mean
139,工况 滤失过大,统计量,砂比方差: 无数据,E0137,E0140,worktype:红页L1HF:11:加砂前:滤失过大,worktype_stats:红页L1HF:11:加砂前:滤失过大:砂比:var
140,工况 滤失过大,统计量,排量平均值: 17.8437,E0137,E0141,worktype:红页L1HF:11:加砂前:滤失过大,worktype_stats:红页L1HF:11:加砂前:滤失过大:排量:mean
141,工况 滤失过大,统计量,排量方差: 16.8601,E0137,E0142,worktype:红页L1HF:11:加砂前:滤失过大,worktype_stats:红页L1HF:11:加砂前:滤失过大:排量:var
142,工况 滤失过大,统计量,施工泵压平均值: 84.2274,E0137,E0143,worktype:红页L1HF:11:加砂前:滤失过大,worktype_stats:红页L1HF:11:加砂前:滤失过大:施工泵压:mean
143,工况 滤失过大,统计量,施工泵压方差: 35.5345,E0137,E0144,worktype:红页L1HF:11:加砂前:滤失过大,worktype_stats:红页L1HF:11:加砂前:滤失过大:施工泵压:var
144,工况 滤失过大,当前建议,当前建议: 保持当前措施,E0137,E0145,worktype:红页L1HF:11:加砂前:滤失过大,suggestion:红页L1HF:11:加砂前:滤失过大
145,段号 11,施工情况,施工情况 加砂中,E0121,E0146,segment:红页L1HF:11,condition:红页L1HF:11:加砂中
146,施工情况 加砂中,施工时间,施工时间 2024-01-09 16:45:30,E0146,E0147,condition:红页L1HF:11:加砂中,condition_time:红页L1HF:11:加砂中
147,施工情况 加砂中,统计量,砂比平均值: 8.3647,E0146,E0148,condition:红页L1HF:11:加砂中,condition_stats:红页L1HF:11:加砂中:砂比:mean
148,施工情况 加砂中,统计量,砂比方差: 9.2147,E0146,E0149,condition:红页L1HF:11:加砂中,condition_stats:红页L1HF:11:加砂中:砂比:var
149,施工情况 加砂中,统计量,排量平均值: 22.9672,E0146,E0150,condition:红页L1HF:11:加砂中,condition_stats:红页L1HF:11:加砂中:排量:mean
150,施工情况 加砂中,统计量,排量方差: 4.0095,E0146,E0151,condition:红页L1HF:11:加砂中,condition_stats:红页L1HF:11:加砂中:排量:var
151,施工情况 加砂中,统计量,施工泵压平均值: 79.6283,E0146,E0152,condition:红页L1HF:11:加砂中,condition_stats:红页L1HF:11:加砂中:施工泵压:mean
152,施工情况 加砂中,统计量,施工泵压方差: 18.8136,E0146,E0153,condition:红页L1HF:11:加砂中,condition_stats:红页L1HF:11:加砂中:施工泵压:var
153,施工情况 加砂中,工况,工况 滤失过大,E0146,E0154,condition:红页L1HF:11:加砂中,worktype:红页L1HF:11:加砂中:滤失过大
154,工况 滤失过大,工况时间,工况时间 2024-01-09 16:45:30,E0154,E0155,worktype:红页L1HF:11:加砂中:滤失过大,worktype_time:红页L1HF:11:加砂中:滤失过大
155,工况 滤失过大,统计量,砂比平均值: 3.075,E0154,E0156,worktype:红页L1HF:11:加砂中:滤失过大,worktype_stats:红页L1HF:11:加砂中:滤失过大:砂比:mean
156,工况 滤失过大,统计量,砂比方差: 3.6819,E0154,E0157,worktype:红页L1HF:11:加砂中:滤失过大,worktype_stats:红页L1HF:11:加砂中:滤失过大:砂比:var
157,工况 滤失过大,统计量,排量平均值: 24.08,E0154,E0158,worktype:红页L1HF:11:加砂中:滤失过大,worktype_stats:红页L1HF:11:加砂中:滤失过大:排量:mean
158,工况 滤失过大,统计量,排量方差: 0.0,E0154,E0159,worktype:红页L1HF:11:加砂中:滤失过大,worktype_stats:红页L1HF:11:加砂中:滤失过大:排量:var
159,工况 滤失过大,统计量,施工泵压平均值: 73.0225,E0154,E0160,worktype:红页L1HF:11:加砂中:滤失过大,worktype_stats:红页L1HF:11:加砂中:滤失过大:施工泵压:mean
160,工况 滤失过大,统计量,施工泵压方差: 0.0005,E0154,E0161,worktype:红页L1HF:11:加砂中:滤失过大,worktype_stats:红页L1HF:11:加砂中:滤失过大:施工泵压:var
161,工况 滤失过大,当前建议,当前建议: 保持当前措施,E0154,E0162,worktype:红页L1HF:11:加砂中:滤失过大,suggestion:红页L1HF:11:加砂中:滤失过大
162,施工情况 加砂中,工况,工况 缝内暂堵,E0146,E0163,condition:红页L1HF:11:加砂中,worktype:红页L1HF:11:加砂中:缝内暂堵
163,工况 缝内暂堵,工况时间,工况时间 2024-01-09 17:03:10,E0163,E0164,worktype:红页L1HF:11:加砂中:缝内暂堵,worktype_time:红页L1HF:11:加砂中:缝内暂堵
164,工况 缝内暂堵,统计量,砂比平均值: 5.4194,E0163,E0165,worktype:红页L1HF:11:加砂中:缝内暂堵,worktype_stats:红页L1HF:11:加砂中:缝内暂堵:砂比:mean
165,工况 缝内暂堵,统计量,砂比方差: 2.7383,E0163,E0166,worktype:红页L1HF:11:加砂中:缝内暂堵,worktype_stats:红页L1HF:11:加砂中:缝内暂堵:砂比:var
166,工况 缝内暂堵,统计量,排量平均值: 24.0343,E0163,E0167,worktype:红页L1HF:11:加砂中:缝内暂堵,worktype_stats:红页L1HF:11:加砂中:缝内暂堵:排量:mean
167,工况 缝内暂堵,统计量,排量方差: 0.0016,E0163,E0168,worktype:红页L1HF:11:加砂中:缝内暂堵,worktype_stats:红页L1HF:11:加砂中:缝内暂堵:排量:var
168,工况 缝内暂堵,统计量,施工泵压平均值: 77.4853,E0163,E0169,worktype:红页L1HF:11:加砂中:缝内暂堵,worktype_stats:红页L1HF:11:加砂中:缝内暂堵:施工泵压:mean
169,工况 缝内暂堵,统计量,施工泵压方差: 4.5135,E0163,E0170,worktype:红页L1HF:11:加砂中:缝内暂堵,worktype_stats:红页L1HF:11:加砂中:缝内暂堵:施工泵压:var
170,工况 缝内暂堵,当前建议,当前建议: 无建议,E0163,E0171,worktype:红页L1HF:11:加砂中:缝内暂堵,suggestion:红页L1HF:11:加砂中:缝内暂堵
171,施工情况 加砂中,工况,工况 缝口暂堵,E0146,E0172,condition:红页L1HF:11:加砂中,worktype:红页L1HF:11:加砂中:缝口暂堵
172,工况 缝口暂堵,工况时间,工况时间 2024-01-09 17:19:50,E0172,E0173,worktype:红页L1HF:11:加砂中:缝口暂堵,worktype_time:红页L1HF:11:加砂中:缝口暂堵
173,工况 缝口暂堵,统计量,砂比平均值: 6.0189,E0172,E0174,worktype:红页L1HF:11:加砂中:缝口暂堵,worktype_stats:红页L1HF:11:加砂中:缝口暂堵:砂比:mean
174,工况 缝口暂堵,统计量,砂比方差: 9.1929,E0172,E0175,worktype:红页L1HF:11:加砂中:缝口暂堵,worktype_stats:红页L1HF:11:加砂中:缝口暂堵:砂比:var
175,工况 缝口暂堵,统计量,排量平均值: 21.3527,E0172,E0176,worktype:红页L1HF:11:加砂中:缝口暂堵,worktype_stats:红页L1HF:11:加砂中:缝口暂堵:排量:mean
176,工况 缝口暂堵,统计量,排量方差: 6.4811,E0172,E0177,worktype:红页L1HF:11:加砂中:缝口暂堵,worktype_stats:红页L1HF:11:加砂中:缝口暂堵:排量:var
177,工况 缝口暂堵,统计量,施工泵压平均值: 78.7871,E0172,E0178,worktype:红页L1HF:11:加砂中:缝口暂堵,worktype_stats:红页L1HF:11:加砂中:缝口暂堵:施工泵压:mean
178,工况 缝口暂堵,统计量,施工泵压方差: 43.9393,E0172,E0179,worktype:红页L1HF:11:加砂中:缝口暂堵,worktype_stats:红页L1HF:11:加砂中:缝口暂堵:施工泵压:var
179,工况 缝口暂堵,当前建议,当前建议: 无建议,E0172,E0180,worktype:红页L1HF:11:加砂中:缝口暂堵,suggestion:红页L1HF:11:加砂中:缝口暂堵
180,施工情况 加砂中,工况,工况 主缝延伸,E0146,E0181,condition:红页L1HF:11:加砂中,worktype:红页L1HF:11:加砂中:主缝延伸
181,工况 主缝延伸,工况时间,工况时间 2024-01-09 18:26:40,E0181,E0182,worktype:红页L1HF:11:加砂中:主缝延伸,worktype_time:红页L1HF:11:加砂中:主缝延伸
182,工况 主缝延伸,统计量,砂比平均值: 6.7768,E0181,E0183,worktype:红页L1HF:11:加砂中:主缝延伸,worktype_stats:红页L1HF:11:加砂中:主缝延伸:砂比:mean
183,工况 主缝延伸,统计量,砂比方差: 5.0149,E0181,E0184,worktype:红页L1HF:11:加砂中:主缝延伸,worktype_stats:红页L1HF:11:加砂中:主缝延伸:砂比:var
184,工况 主缝延伸,统计量,排量平均值: 22.2497,E0181,E0185,worktype:红页L1HF:11:加砂中:主缝延伸,worktype_stats:红页L1HF:11:加砂中:主缝延伸:排量:mean
185,工况 主缝延伸,统计量,排量方差: 0.0302,E0181,E0186,worktype:红页L1HF:11:加砂中:主缝延伸,worktype_stats:红页L1HF:11:加砂中:主缝延伸:排量:var
186,工况 主缝延伸,统计量,施工泵压平均值: 83.2476,E0181,E0187,worktype:红页L1HF:11:加砂中:主缝延伸,worktype_stats:红页L1HF:11:加砂中:主缝延伸:施工泵压:mean
187,工况 主缝延伸,统计量,施工泵压方差: 2.8783,E0181,E0188,worktype:红页L1HF:11:加砂中:主缝延伸,worktype_stats:红页L1HF:11:加砂中:主缝延伸:施工泵压:var
188,工况 主缝延伸,当前建议,当前建议: 无建议,E0181,E0189,worktype:红页L1HF:11:加砂中:主缝延伸,suggestion:红页L1HF:11:加砂中:主缝延伸
189,段号 11,施工情况,施工情况 加砂后,E0121,E0190,segment:红页L1HF:11,condition:红页L1HF:11:加砂后
190,施工情况 加砂后,施工时间,施工时间 2024-01-09 18:53:40,E0190,E0191,condition:红页L1HF:11:加砂后,condition_time:红页L1HF:11:加砂后
191,施工情况 加砂后,统计量,砂比平均值: 无数据,E0190,E0192,condition:红页L1HF:11:加砂后,condition_stats:红页L1HF:11:加砂后:砂比:mean
192,施工情况 加砂后,统计量,砂比方差: 无数据,E0190,E0193,condition:红页L1HF:11:加砂后,condition_stats:红页L1HF:11:加砂后:砂比:var
193,施工情况 加砂后,统计量,排量平均值: 2.4315,E0190,E0194,condition:红页L1HF:11:加砂后,condition_stats:红页L1HF:11:加砂后:排量:mean
194,施工情况 加砂后,统计量,排量方差: 45.9831,E0190,E0195,condition:红页L1HF:11:加砂后,condition_stats:红页L1HF:11:加砂后:排量:var
195,施工情况 加砂后,统计量,施工泵压平均值: 42.3954,E0190,E0196,condition:红页L1HF:11:加砂后,condition_stats:红页L1HF:11:加砂后:施工泵压:mean
196,施工情况 加砂后,统计量,施工泵压方差: 192.6975,E0190,E0197,condition:红页L1HF:11:加砂后,condition_stats:红页L1HF:11:加砂后:施工泵压:var
197,施工情况 加砂后,工况,工况 主缝延伸,E0190,E0198,condition:红页L1HF:11:加砂后,worktype:红页L1HF:11:加砂后:主缝延伸
198,工况 主缝延伸,工况时间,工况时间 2024-01-09 18:53:40,E0198,E0199,worktype:红页L1HF:11:加砂后:主缝延伸,worktype_time:红页L1HF:11:加砂后:主缝延伸
199,工况 主缝延伸,统计量,砂比平均值: 无数据,E0198,E0200,worktype:红页L1HF:11:加砂后:主缝延伸,worktype_stats:红页L1HF:11:加砂后:主缝延伸:砂比:mean
200,工况 主缝延伸,统计量,砂比方差: 无数据,E0198,E0201,worktype:红页L1HF:11:加砂后:主缝延伸,worktype_stats:红页L1HF:11:加砂后:主缝延伸:砂比:var
201,工况 主缝延伸,统计量,排量平均值: 22.28,E0198,E0202,worktype:红页L1HF:11:加砂后:主缝延伸,worktype_stats:红页L1HF:11:加砂后:主缝延伸:排量:mean
202,工况 主缝延伸,统计量,排量方差: 0.0,E0198,E0203,worktype:红页L1HF:11:加砂后:主缝延伸,worktype_stats:红页L1HF:11:加砂后:主缝延伸:排量:var
203,工况 主缝延伸,统计量,施工泵压平均值: 83.2775,E0198,E0204,worktype:红页L1HF:11:加砂后:主缝延伸,worktype_stats:红页L1HF:11:加砂后:主缝延伸:施工泵压:mean
204,工况 主缝延伸,统计量,施工泵压方差: 0.0026,E0198,E0205,worktype:红页L1HF:11:加砂后:主缝延伸,worktype_stats:红页L1HF:11:加砂后:主缝延伸:施工泵压:var
205,工况 主缝延伸,当前建议,当前建议: 无建议,E0198,E0206,worktype:红页L1HF:11:加砂后:主缝延伸,suggestion:红页L1HF:11:加砂后:主缝延伸
206,井号 红页L1HF,段号,段号 12,E0001,E0207,well:红页L1HF,segment:红页L1HF:12
207,段号 12,段号时间,段号时间 2024-01-10 07:57:30,E0207,E0208,segment:红页L1HF:12,segment_time:红页L1HF:12
208,段号 12,统计量,砂比平均值: 9.8198,E0207,E0209,segment:红页L1HF:12,segment_stats:红页L1HF:12:砂比:mean
209,段号 12,统计量,砂比方差: 6.9018,E0207,E0210,segment:红页L1HF:12,segment_stats:红页L1HF:12:砂比:var
210,段号 12,统计量,排量平均值: 16.2737,E0207,E0211,segment:红页L1HF:12,segment_stats:红页L1HF:12:排量:mean
211,段号 12,统计量,排量方差: 107.9838,E0207,E0212,segment:红页L1HF:12,segment_stats:红页L1HF:12:排量:var
212,段号 12,统计量,施工泵压平均值: 66.5042,E0207,E0213,segment:红页L1HF:12,segment_stats:红页L1HF:12:施工泵压:mean
213,段号 12,统计量,施工泵压方差: 322.1387,E0207,E0214,segment:红页L1HF:12,segment_stats:红页L1HF:12:施工泵压:var
214,段号 12,施工情况,施工情况 加砂前,E0207,E0215,segment:红页L1HF:12,condition:红页L1HF:12:加砂前
215,施工情况 加砂前,施工时间,施工时间 2024-01-10 07:57:30,E0215,E0216,condition:红页L1HF:12:加砂前,condition_time:红页L1HF:12:加砂前
216,施工情况 加砂前,统计量,砂比平均值: 无数据,E0215,E0217,condition:红页L1HF:12:加砂前,condition_stats:红页L1HF:12:加砂前:砂比:mean
217,施工情况 加砂前,统计量,砂比方差: 无数据,E0215,E0218,condition:红页L1HF:12:加砂前,condition_stats:红页L1HF:12:加砂前:砂比:var
218,施工情况 加砂前,统计量,排量平均值: 8.5328,E0215,E0219,condition:红页L1HF:12:加砂前,condition_stats:红页L1HF:12:加砂前:排量:mean
219,施工情况 加砂前,统计量,排量方差: 55.1458,E0215,E0220,condition:红页L1HF:12:加砂前,condition_stats:红页L1HF:12:加砂前:排量:var
220,施工情况 加砂前,统计量,施工泵压平均值: 58.951,E0215,E0221,condition:红页L1HF:12:加砂前,condition_stats:红页L1HF:12:加砂前:施工泵压:mean
221,施工情况 加砂前,统计量,施工泵压方差: 461.8671,E0215,E0222,condition:红页L1HF:12:加砂前,condition_stats:红页L1HF:12:加砂前:施工泵压:var
222,施工情况 加砂前,工况,工况 缝高延伸,E0215,E0223,condition:红页L1HF:12:加砂前,worktype:红页L1HF:12:加砂前:缝高延伸
223,工况 缝高延伸,工况时间,工况时间 2024-01-10 08:19:40,E0223,E0224,worktype:红页L1HF:12:加砂前:缝高延伸,worktype_time:红页L1HF:12:加砂前:缝高延伸
224,工况 缝高延伸,统计量,砂比平均值: 无数据,E0223,E0225,worktype:红页L1HF:12:加砂前:缝高延伸,worktype_stats:红页L1HF:12:加砂前:缝高延伸:砂比:mean
225,工况 缝高延伸,统计量,砂比方差: 无数据,E0223,E0226,worktype:红页L1HF:12:加砂前:缝高延伸,worktype_stats:红页L1HF:12:加砂前:缝高延伸:砂比:var
226,工况 缝高延伸,统计量,排量平均值: 18.0186,E0223,E0227,worktype:红页L1HF:12:加砂前:缝高延伸,worktype_stats:红页L1HF:12:加砂前:缝高延伸:排量:mean
227,工况 缝高延伸,统计量,排量方差: 16.46,E0223,E0228,worktype:红页L1HF:12:加砂前:缝高延伸,worktype_stats:红页L1HF:12:加砂前:缝高延伸:排量:var
228,工况 缝高延伸,统计量,施工泵压平均值: 84.5251,E0223,E0229,worktype:红页L1HF:12:加砂前:缝高延伸,worktype_stats:红页L1HF:12:加砂前:缝高延伸:施工泵压:mean
229,工况 缝高延伸,统计量,施工泵压方差: 31.0088,E0223,E0230,worktype:红页L1HF:12:加砂前:缝高延伸,worktype_stats:红页L1HF:12:加砂前:缝高延伸:施工泵压:var
230,工况 缝高延伸,当前建议,当前建议: 保持当前措施,E0223,E0231,worktype:红页L1HF:12:加砂前:缝高延伸,suggestion:红页L1HF:12:加砂前:缝高延伸
231,段号 12,施工情况,施工情况 加砂中,E0207,E0232,segment:红页L1HF:12,condition:红页L1HF:12:加砂中
232,施工情况 加砂中,施工时间,施工时间 2024-01-10 08:31:00,E0232,E0233,condition:红页L1HF:12:加砂中,condition_time:红页L1HF:12:加砂中
233,施工情况 加砂中,统计量,砂比平均值: 9.8198,E0232,E0234,condition:红页L1HF:12:加砂中,condition_stats:红页L1HF:12:加砂中:砂比:mean
234,施工情况 加砂中,统计量,砂比方差: 6.9018,E0232,E0235,condition:红页L1HF:12:加砂中,condition_stats:红页L1HF:12:加砂中:砂比:var
235,施工情况 加砂中,统计量,排量平均值: 23.7324,E0232,E0236,condition:红页L1HF:12:加砂中,condition_stats:红页L1HF:12:加砂中:排量:mean
236,施工情况 加砂中,统计量,排量方差: 2.1989,E0232,E0237,condition:红页L1HF:12:加砂中,condition_stats:红页L1HF:12:加砂中:排量:var
237,施工情况 加砂中,统计量,施工泵压平均值: 77.2594,E0232,E0238,condition:红页L1HF:12:加砂中,condition_stats:红页L1HF:12:加砂中:施工泵压:mean
238,施工情况 加砂中,统计量,施工泵压方差: 15.2208,E0232,E0239,condition:红页L1HF:12:加砂中,condition_stats:红页L1HF:12:加砂中:施工泵压:var
239,施工情况 加砂中,工况,工况 缝内暂堵,E0232,E0240,condition:红页L1HF:12:加砂中,worktype:红页L1HF:12:加砂中:缝内暂堵
240,工况 缝内暂堵,工况时间,工况时间 2024-01-10 08:48:10,E0240,E0241,worktype:红页L1HF:12:加砂中:缝内暂堵,worktype_time:红页L1HF:12:加砂中:缝内暂堵
241,工况 缝内暂堵,统计量,砂比平均值: 6.3645,E0240,E0242,worktype:红页L1HF:12:加砂中:缝内暂堵,worktype_stats:红页L1HF:12:加砂中:缝内暂堵:砂比:mean
242,工况 缝内暂堵,统计量,砂比方差: 2.6942,E0240,E0243,worktype:红页L1HF:12:加砂中:缝内暂堵,worktype_stats:红页L1HF:12:加砂中:缝内暂堵:砂比:var
243,工况 缝内暂堵,统计量,排量平均值: 24.0116,E0240,E0244,worktype:红页L1HF:12:加砂中:缝内暂堵,worktype_stats:红页L1HF:12:加砂中:缝内暂堵:排量:mean
244,工况 缝内暂堵,统计量,排量方差: 0.0001,E0240,E0245,worktype:红页L1HF:12:加砂中:缝内暂堵,worktype_stats:红页L1HF:12:加砂中:缝内暂堵:排量:var
245,工况 缝内暂堵,统计量,施工泵压平均值: 76.5925,E0240,E0246,worktype:红页L1HF:12:加砂中:缝内暂堵,worktype_stats:红页L1HF:12:加砂中:缝内暂堵:施工泵压:mean
246,工况 缝内暂堵,统计量,施工泵压方差: 8.9653,E0240,E0247,worktype:红页L1HF:12:加砂中:缝内暂堵,worktype_stats:红页L1HF:12:加砂中:缝内暂堵:施工泵压:var
247,工况 缝内暂堵,当前建议,当前建议: 无建议,E0240,E0248,worktype:红页L1HF:12:加砂中:缝内暂堵,suggestion:红页L1HF:12:加砂中:缝内暂堵
248,施工情况 加砂中,工况,工况 缝口暂堵,E0232,E0249,condition:红页L1HF:12:加砂中,worktype:红页L1HF:12:加砂中:缝口暂堵
249,工况 缝口暂堵,工况时间,工况时间 2024-01-10 09:49:40,E0249,E0250,worktype:红页L1HF:12:加砂中:缝口暂堵,worktype_time:红页L1HF:12:加砂中:缝口暂堵
250,工况 缝口暂堵,统计量,砂比平均值: 8.5068,E0249,E0251,worktype:红页L1HF:12:加砂中:缝口暂堵,worktype_stats:红页L1HF:12:加砂中:缝口暂堵:砂比:mean
251,工况 缝口暂堵,统计量,砂比方差: 7.6261,E0249,E0252,worktype:红页L1HF:12:加砂中:缝口暂堵,worktype_stats:红页L1HF:12:加砂中:缝口暂堵:砂比:var
252,工况 缝口暂堵,统计量,排量平均值: 22.1333,E0249,E0253,worktype:红页L1HF:12:加砂中:缝口暂堵,worktype_stats:红页L1HF:12:加砂中:缝口暂堵:排量:mean
253,工况 缝口暂堵,统计量,排量方差: 11.7725,E0249,E0254,worktype:红页L1HF:12:加砂中:缝口暂堵,worktype_stats:红页L1HF:12:加砂中:缝口暂堵:排量:var
254,工况 缝口暂堵,统计量,施工泵压平均值: 73.1143,E0249,E0255,worktype:红页L1HF:12:加砂中:缝口暂堵,worktype_stats:红页L1HF:12:加砂中:缝口暂堵:施工泵压:mean
255,工况 缝口暂堵,统计量,施工泵压方差: 50.9636,E0249,E0256,worktype:红页L1HF:12:加砂中:缝口暂堵,worktype_stats:红页L1HF:12:加砂中:缝口暂堵:施工泵压:var
256,工况 缝口暂堵,当前建议,当前建议: 无建议,E0249,E0257,worktype:红页L1HF:12:加砂中:缝口暂堵,suggestion:红页L1HF:12:加砂中:缝口暂堵
257,段号 12,施工情况,施工情况 加砂后,E0207,E0258,segment:红页L1HF:12,condition:红页L1HF:12:加砂后
258,施工情况 加砂后,施工时间,施工时间 2024-01-10 10:31:10,E0258,E0259,condition:红页L1HF:12:加砂后,condition_time:红页L1HF:12:加砂后
259,施工情况 加砂后,统计量,砂比平均值: 无数据,E0258,E0260,condition:红页L1HF:12:加砂后,condition_stats:红页L1HF:12:加砂后:砂比:mean
260,施工情况 加砂后,统计量,砂比方差: 无数据,E0258,E0261,condition:红页L1HF:12:加砂后,condition_stats:红页L1HF:12:加砂后:砂比:var
261,施工情况 加砂后,统计量,排量平均值: 1.9561,E0258,E0262,condition:红页L1HF:12:加砂后,condition_stats:红页L1HF:12:加砂后:排量:mean
262,施工情况 加砂后,统计量,排量方差: 40.3114,E0258,E0263,condition:红页L1HF:12:加砂后,condition_stats:红页L1HF:12:加砂后:排量:var
263,施工情况 加砂后,统计量,施工泵压平均值: 42.5641,E0258,E0264,condition:红页L1HF:12:加砂后,condition_stats:红页L1HF:12:加砂后:施工泵压:mean
264,施工情况 加砂后,统计量,施工泵压方差: 117.6677,E0258,E0265,condition:红页L1HF:12:加砂后,condition_stats:红页L1HF:12:加砂后:施工泵压:var
265,井号 红页L1HF,段号,段号 13,E0001,E0266,well:红页L1HF,segment:红页L1HF:13
266,段号 13,段号时间,段号时间 2024-01-10 14:57:40,E0266,E0267,segment:红页L1HF:13,segment_time:红页L1HF:13
267,段号 13,统计量,砂比平均值: 9.4558,E0266,E0268,segment:红页L1HF:13,segment_stats:红页L1HF:13:砂比:mean
268,段号 13,统计量,砂比方差: 7.3203,E0266,E0269,segment:红页L1HF:13,segment_stats:红页L1HF:13:砂比:var
269,段号 13,统计量,排量平均值: 16.2405,E0266,E0270,segment:红页L1HF:13,segment_stats:红页L1HF:13:排量:mean
270,段号 13,统计量,排量方差: 107.5521,E0266,E0271,segment:红页L1HF:13,segment_stats:红页L1HF:13:排量:var
271,段号 13,统计量,施工泵压平均值: 65.4647,E0266,E0272,segment:红页L1HF:13,segment_stats:红页L1HF:13:施工泵压:mean
272,段号 13,统计量,施工泵压方差: 287.2276,E0266,E0273,segment:红页L1HF:13,segment_stats:红页L1HF:13:施工泵压:var
273,段号 13,施工情况,施工情况 加砂前,E0266,E0274,segment:红页L1HF:13,condition:红页L1HF:13:加砂前
274,施工情况 加砂前,施工时间,施工时间 2024-01-10 14:57:40,E0274,E0275,condition:红页L1HF:13:加砂前,condition_time:红页L1HF:13:加砂前
275,施工情况 加砂前,统计量,砂比平均值: 无数据,E0274,E0276,condition:红页L1HF:13:加砂前,condition_stats:红页L1HF:13:加砂前:砂比:mean
276,施工情况 加砂前,统计量,砂比方差: 无数据,E0274,E0277,condition:红页L1HF:13:加砂前,condition_stats:红页L1HF:13:加砂前:砂比:var
277,施工情况 加砂前,统计量,排量平均值: 7.1444,E0274,E0278,condition:红页L1HF:13:加砂前,condition_stats:红页L1HF:13:加砂前:排量:mean
278,施工情况 加砂前,统计量,排量方差: 39.7376,E0274,E0279,condition:红页L1HF:13:加砂前,condition_stats:红页L1HF:13:加砂前:排量:var
279,施工情况 加砂前,统计量,施工泵压平均值: 56.187,E0274,E0280,condition:红页L1HF:13:加砂前,condition_stats:红页L1HF:13:加砂前:施工泵压:mean
280,施工情况 加砂前,统计量,施工泵压方差: 385.1827,E0274,E0281,condition:红页L1HF:13:加砂前,condition_stats:红页L1HF:13:加砂前:施工泵压:var
281,施工情况 加砂前,工况,工况 缝高延伸,E0274,E0282,condition:红页L1HF:13:加砂前,worktype:红页L1HF:13:加砂前:缝高延伸
282,工况 缝高延伸,工况时间,工况时间 2024-01-10 15:19:40,E0282,E0283,worktype:红页L1HF:13:加砂前:缝高延伸,worktype_time:红页L1HF:13:加砂前:缝高延伸
283,工况 缝高延伸,统计量,砂比平均值: 无数据,E0282,E0284,worktype:红页L1HF:13:加砂前:缝高延伸,worktype_stats:红页L1HF:13:加砂前:缝高延伸:砂比:mean
284,工况 缝高延伸,统计量,砂比方差: 无数据,E0282,E0285,worktype:红页L1HF:13:加砂前:缝高延伸,worktype_stats:红页L1HF:13:加砂前:缝高延伸:砂比:var
285,工况 缝高延伸,统计量,排量平均值: 16.9782,E0282,E0286,worktype:红页L1HF:13:加砂前:缝高延伸,worktype_stats:红页L1HF:13:加砂前:缝高延伸:排量:mean
286,工况 缝高延伸,统计量,排量方差: 10.3086,E0282,E0287,worktype:红页L1HF:13:加砂前:缝高延伸,worktype_stats:红页L1HF:13:加砂前:缝高延伸:排量:var
287,工况 缝高延伸,统计量,施工泵压平均值: 85.142,E0282,E0288,worktype:红页L1HF:13:加砂前:缝高延伸,worktype_stats:红页L1HF:13:加砂前:缝高延伸:施工泵压:mean
288,工况 缝高延伸,统计量,施工泵压方差: 39.0722,E0282,E0289,worktype:红页L1HF:13:加砂前:缝高延伸,worktype_stats:红页L1HF:13:加砂前:缝高延伸:施工泵压:var
289,工况 缝高延伸,当前建议,当前建议: 保持当前措施,E0282,E0290,worktype:红页L1HF:13:加砂前:缝高延伸,suggestion:红页L1HF:13:加砂前:缝高延伸
290,段号 13,施工情况,施工情况 加砂中,E0266,E0291,segment:红页L1HF:13,condition:红页L1HF:13:加砂中
291,施工情况 加砂中,施工时间,施工时间 2024-01-10 15:27:40,E0291,E0292,condition:红页L1HF:13:加砂中,condition_time:红页L1HF:13:加砂中
292,施工情况 加砂中,统计量,砂比平均值: 9.4558,E0291,E0293,condition:红页L1HF:13:加砂中,condition_stats:红页L1HF:13:加砂中:砂比:mean
293,施工情况 加砂中,统计量,砂比方差: 7.3203,E0291,E0294,condition:红页L1HF:13:加砂中,condition_stats:红页L1HF:13:加砂中:砂比:var
294,施工情况 加砂中,统计量,排量平均值: 23.3571,E0291,E0295,condition:红页L1HF:13:加砂中,condition_stats:红页L1HF:13:加砂中:排量:mean
295,施工情况 加砂中,统计量,排量方差: 7.8471,E0291,E0296,condition:红页L1HF:13:加砂中,condition_stats:红页L1HF:13:加砂中:排量:var
296,施工情况 加砂中,统计量,施工泵压平均值: 75.2453,E0291,E0297,condition:红页L1HF:13:加砂中,condition_stats:红页L1HF:13:加砂中:施工泵压:mean
297,施工情况 加砂中,统计量,施工泵压方差: 30.9334,E0291,E0298,condition:红页L1HF:13:加砂中,condition_stats:红页L1HF:13:加砂中:施工泵压:var
298,施工情况 加砂中,工况,工况 缝高延伸,E0291,E0299,condition:红页L1HF:13:加砂中,worktype:红页L1HF:13:加砂中:缝高延伸
299,工况 缝高延伸,工况时间,工况时间 2024-01-10 15:27:40,E0299,E0300,worktype:红页L1HF:13:加砂中:缝高延伸,worktype_time:红页L1HF:13:加砂中:缝高延伸
300,工况 缝高延伸,统计量,砂比平均值: 3.9,E0299,E0301,worktype:红页L1HF:13:加砂中:缝高延伸,worktype_stats:红页L1HF:13:加砂中:缝高延伸:砂比:mean
301,工况 缝高延伸,统计量,砂比方差: 1.44,E0299,E0302,worktype:红页L1HF:13:加砂中:缝高延伸,worktype_stats:红页L1HF:13:加砂中:缝高延伸:砂比:var
302,工况 缝高延伸,统计量,排量平均值: 24.05,E0299,E0303,worktype:红页L1HF:13:加砂中:缝高延伸,worktype_stats:红页L1HF:13:加砂中:缝高延伸:排量:mean
303,工况 缝高延伸,统计量,排量方差: 0.0,E0299,E0304,worktype:红页L1HF:13:加砂中:缝高延伸,worktype_stats:红页L1HF:13:加砂中:缝高延伸:排量:var
304,工况 缝高延伸,统计量,施工泵压平均值: 70.45,E0299,E0305,worktype:红页L1HF:13:加砂中:缝高延伸,worktype_stats:红页L1HF:13:加砂中:缝高延伸:施工泵压:mean
305,工况 缝高延伸,统计量,施工泵压方差: 0.0169,E0299,E0306,worktype:红页L1HF:13:加砂中:缝高延伸,worktype_stats:红页L1HF:13:加砂中:缝高延伸:施工泵压:var
306,工况 缝高延伸,当前建议,当前建议: 保持当前措施,E0299,E0307,worktype:红页L1HF:13:加砂中:缝高延伸,suggestion:红页L1HF:13:加砂中:缝高延伸
307,施工情况 加砂中,工况,工况 缝内暂堵,E0291,E0308,condition:红页L1HF:13:加砂中,worktype:红页L1HF:13:加砂中:缝内暂堵
308,工况 缝内暂堵,工况时间,工况时间 2024-01-10 15:45:10,E0308,E0309,worktype:红页L1HF:13:加砂中:缝内暂堵,worktype_time:红页L1HF:13:加砂中:缝内暂堵
309,工况 缝内暂堵,统计量,砂比平均值: 6.7989,E0308,E0310,worktype:红页L1HF:13:加砂中:缝内暂堵,worktype_stats:红页L1HF:13:加砂中:缝内暂堵:砂比:mean
310,工况 缝内暂堵,统计量,砂比方差: 4.8061,E0308,E0311,worktype:红页L1HF:13:加砂中:缝内暂堵,worktype_stats:红页L1HF:13:加砂中:缝内暂堵:砂比:var
311,工况 缝内暂堵,统计量,排量平均值: 21.7382,E0308,E0312,worktype:红页L1HF:13:加砂中:缝内暂堵,worktype_stats:红页L1HF:13:加砂中:缝内暂堵:排量:mean
312,工况 缝内暂堵,统计量,排量方差: 18.0965,E0308,E0313,worktype:红页L1HF:13:加砂中:缝内暂堵,worktype_stats:红页L1HF:13:加砂中:缝内暂堵:排量:var
313,工况 缝内暂堵,统计量,施工泵压平均值: 70.9966,E0308,E0314,worktype:红页L1HF:13:加砂中:缝内暂堵,worktype_stats:红页L1HF:13:加砂中:缝内暂堵:施工泵压:mean
314,工况 缝内暂堵,统计量,施工泵压方差: 70.4973,E0308,E0315,worktype:红页L1HF:13:加砂中:缝内暂堵,worktype_stats:红页L1HF:13:加砂中:缝内暂堵:施工泵压:var
315,工况 缝内暂堵,当前建议,当前建议: 无建议,E0308,E0316,worktype:红页L1HF:13:加砂中:缝内暂堵,suggestion:红页L1HF:13:加砂中:缝内暂堵
316,施工情况 加砂中,工况,工况 缝口暂堵,E0291,E0317,condition:红页L1HF:13:加砂中,worktype:红页L1HF:13:加砂中:缝口暂堵
317,工况 缝口暂堵,工况时间,工况时间 2024-01-10 16:05:20,E0317,E0318,worktype:红页L1HF:13:加砂中:缝口暂堵,worktype_time:红页L1HF:13:加砂中:缝口暂堵
318,工况 缝口暂堵,统计量,砂比平均值: 7.8864,E0317,E0319,worktype:红页L1HF:13:加砂中:缝口暂堵,worktype_stats:红页L1HF:13:加砂中:缝口暂堵:砂比:mean
319,工况 缝口暂堵,统计量,砂比方差: 1.9948,E0317,E0320,worktype:红页L1HF:13:加砂中:缝口暂堵,worktype_stats:红页L1HF:13:加砂中:缝口暂堵:砂比:var
320,工况 缝口暂堵,统计量,排量平均值: 22.8089,E0317,E0321,worktype:红页L1HF:13:加砂中:缝口暂堵,worktype_stats:红页L1HF:13:加砂中:缝口暂堵:排量:mean
321,工况 缝口暂堵,统计量,排量方差: 8.5626,E0317,E0322,worktype:红页L1HF:13:加砂中:缝口暂堵,worktype_stats:红页L1HF:13:加砂中:缝口暂堵:排量:var
322,工况 缝口暂堵,统计量,施工泵压平均值: 73.1351,E0317,E0323,worktype:红页L1HF:13:加砂中:缝口暂堵,worktype_stats:红页L1HF:13:加砂中:缝口暂堵:施工泵压:mean
323,工况 缝口暂堵,统计量,施工泵压方差: 28.9022,E0317,E0324,worktype:红页L1HF:13:加砂中:缝口暂堵,worktype_stats:红页L1HF:13:加砂中:缝口暂堵:施工泵压:var
324,工况 缝口暂堵,当前建议,当前建议: 无建议,E0317,E0325,worktype:红页L1HF:13:加砂中:缝口暂堵,suggestion:红页L1HF:13:加砂中:缝口暂堵
325,段号 13,施工情况,施工情况 加砂后,E0266,E0326,segment:红页L1HF:13,condition:红页L1HF:13:加砂后
326,施工情况 加砂后,施工时间,施工时间 2024-01-10 17:30:10,E0326,E0327,condition:红页L1HF:13:加砂后,condition_time:红页L1HF:13:加砂后
327,施工情况 加砂后,统计量,砂比平均值: 无数据,E0326,E0328,condition:红页L1HF:13:加砂后,condition_stats:红页L1HF:13:加砂后:砂比:mean
328,施工情况 加砂后,统计量,砂比方差: 无数据,E0326,E0329,condition:红页L1HF:13:加砂后,condition_stats:红页L1HF:13:加砂后:砂比:var
329,施工情况 加砂后,统计量,排量平均值: 2.1044,E0326,E0330,condition:红页L1HF:13:加砂后,condition_stats:红页L1HF:13:加砂后:排量:mean
330,施工情况 加砂后,统计量,排量方差: 43.9277,E0326,E0331,condition:红页L1HF:13:加砂后,condition_stats:红页L1HF:13:加砂后:排量:var
331,施工情况 加砂后,统计量,施工泵压平均值: 43.4224,E0326,E0332,condition:红页L1HF:13:加砂后,condition_stats:红页L1HF:13:加砂后:施工泵压:mean
332,施工情况 加砂后,统计量,施工泵压方差: 137.7092,E0326,E0333,condition:红页L1HF:13:加砂后,condition_stats:红页L1HF:13:加砂后:施工泵压:var
333,井号 红页L1HF,段号,段号 14,E0001,E0334,well:红页L1HF,segment:红页L1HF:14
334,段号 14,段号时间,段号时间 2024-01-11 07:58:00,E0334,E0335,segment:红页L1HF:14,segment_time:红页L1HF:14
335,段号 14,统计量,砂比平均值: 9.4279,E0334,E0336,segment:红页L1HF:14,segment_stats:红页L1HF:14:砂比:mean
336,段号 14,统计量,砂比方差: 7.5171,E0334,E0337,segment:红页L1HF:14,segment_stats:红页L1HF:14:砂比:var
337,段号 14,统计量,排量平均值: 16.8635,E0334,E0338,segment:红页L1HF:14,segment_stats:红页L1HF:14:排量:mean
338,段号 14,统计量,排量方差: 106.256,E0334,E0339,segment:红页L1HF:14,segment_stats:红页L1HF:14:排量:var
339,段号 14,统计量,施工泵压平均值: 67.0155,E0334,E0340,segment:红页L1HF:14,segment_stats:红页L1HF:14:施工泵压:mean
340,段号 14,统计量,施工泵压方差: 307.5522,E0334,E0341,segment:红页L1HF:14,segment_stats:红页L1HF:14:施工泵压:var
341,段号 14,施工情况,施工情况 加砂前,E0334,E0342,segment:红页L1HF:14,condition:红页L1HF:14:加砂前
342,施工情况 加砂前,施工时间,施工时间 2024-01-11 07:58:00,E0342,E0343,condition:红页L1HF:14:加砂前,condition_time:红页L1HF:14:加砂前
343,施工情况 加砂前,统计量,砂比平均值: 无数据,E0342,E0344,condition:红页L1HF:14:加砂前,condition_stats:红页L1HF:14:加砂前:砂比:mean
344,施工情况 加砂前,统计量,砂比方差: 无数据,E0342,E0345,condition:红页L1HF:14:加砂前,condition_stats:红页L1HF:14:加砂前:砂比:var
345,施工情况 加砂前,统计量,排量平均值: 8.1357,E0342,E0346,condition:红页L1HF:14:加砂前,condition_stats:红页L1HF:14:加砂前:排量:mean
346,施工情况 加砂前,统计量,排量方差: 54.7228,E0342,E0347,condition:红页L1HF:14:加砂前,condition_stats:红页L1HF:14:加砂前:排量:var
347,施工情况 加砂前,统计量,施工泵压平均值: 54.6313,E0342,E0348,condition:红页L1HF:14:加砂前,condition_stats:红页L1HF:14:加砂前:施工泵压:mean
348,施工情况 加砂前,统计量,施工泵压方差: 356.0242,E0342,E0349,condition:红页L1HF:14:加砂前,condition_stats:红页L1HF:14:加砂前:施工泵压:var
349,施工情况 加砂前,工况,工况 缝高延伸,E0342,E0350,condition:红页L1HF:14:加砂前,worktype:红页L1HF:14:加砂前:缝高延伸
350,工况 缝高延伸,工况时间,工况时间 2024-01-11 08:20:40,E0350,E0351,worktype:红页L1HF:14:加砂前:缝高延伸,worktype_time:红页L1HF:14:加砂前:缝高延伸
351,工况 缝高延伸,统计量,砂比平均值: 无数据,E0350,E0352,worktype:红页L1HF:14:加砂前:缝高延伸,worktype_stats:红页L1HF:14:加砂前:缝高延伸:砂比:mean
352,工况 缝高延伸,统计量,砂比方差: 无数据,E0350,E0353,worktype:红页L1HF:14:加砂前:缝高延伸,worktype_stats:红页L1HF:14:加砂前:缝高延伸:砂比:var
353,工况 缝高延伸,统计量,排量平均值: 18.485,E0350,E0354,worktype:红页L1HF:14:加砂前:缝高延伸,worktype_stats:红页L1HF:14:加砂前:缝高延伸:排量:mean
354,工况 缝高延伸,统计量,排量方差: 10.4035,E0350,E0355,worktype:红页L1HF:14:加砂前:缝高延伸,worktype_stats:红页L1HF:14:加砂前:缝高延伸:排量:var
355,工况 缝高延伸,统计量,施工泵压平均值: 80.5844,E0350,E0356,worktype:红页L1HF:14:加砂前:缝高延伸,worktype_stats:红页L1HF:14:加砂前:缝高延伸:施工泵压:mean
356,工况 缝高延伸,统计量,施工泵压方差: 94.5303,E0350,E0357,worktype:红页L1HF:14:加砂前:缝高延伸,worktype_stats:红页L1HF:14:加砂前:缝高延伸:施工泵压:var
357,工况 缝高延伸,当前建议,当前建议: 保持当前措施,E0350,E0358,worktype:红页L1HF:14:加砂前:缝高延伸,suggestion:红页L1HF:14:加砂前:缝高延伸
358,段号 14,施工情况,施工情况 加砂中,E0334,E0359,segment:红页L1HF:14,condition:红页L1HF:14:加砂中
359,施工情况 加砂中,施工时间,施工时间 2024-01-11 08:30:00,E0359,E0360,condition:红页L1HF:14:加砂中,condition_time:红页L1HF:14:加砂中
360,施工情况 加砂中,统计量,砂比平均值: 9.4279,E0359,E0361,condition:红页L1HF:14:加砂中,condition_stats:红页L1HF:14:加砂中:砂比:mean
361,施工情况 加砂中,统计量,砂比方差: 7.5171,E0359,E0362,condition:红页L1HF:14:加砂中,condition_stats:红页L1HF:14:加砂中:砂比:var
362,施工情况 加砂中,统计量,排量平均值: 23.9802,E0359,E0363,condition:红页L1HF:14:加砂中,condition_stats:红页L1HF:14:加砂中:排量:mean
363,施工情况 加砂中,统计量,排量方差: 0.2398,E0359,E0364,condition:红页L1HF:14:加砂中,condition_stats:红页L1HF:14:加砂中:排量:var
364,施工情况 加砂中,统计量,施工泵压平均值: 77.9442,E0359,E0365,condition:红页L1HF:14:加砂中,condition_stats:红页L1HF:14:加砂中:施工泵压:mean
365,施工情况 加砂中,统计量,施工泵压方差: 9.5092,E0359,E0366,condition:红页L1HF:14:加砂中,condition_stats:红页L1HF:14:加砂中:施工泵压:var
366,施工情况 加砂中,工况,工况 缝内暂堵,E0359,E0367,condition:红页L1HF:14:加砂中,worktype:红页L1HF:14:加砂中:缝内暂堵
367,工况 缝内暂堵,工况时间,工况时间 2024-01-11 08:51:20,E0367,E0368,worktype:红页L1HF:14:加砂中:缝内暂堵,worktype_time:红页L1HF:14:加砂中:缝内暂堵
368,工况 缝内暂堵,统计量,砂比平均值: 6.9221,E0367,E0369,worktype:红页L1HF:14:加砂中:缝内暂堵,worktype_stats:红页L1HF:14:加砂中:缝内暂堵:砂比:mean
369,工况 缝内暂堵,统计量,砂比方差: 7.27,E0367,E0370,worktype:红页L1HF:14:加砂中:缝内暂堵,worktype_stats:红页L1HF:14:加砂中:缝内暂堵:砂比:var
370,工况 缝内暂堵,统计量,排量平均值: 24.0443,E0367,E0371,worktype:红页L1HF:14:加砂中:缝内暂堵,worktype_stats:红页L1HF:14:加砂中:缝内暂堵:排量:mean
371,工况 缝内暂堵,统计量,排量方差: 0.0,E0367,E0372,worktype:红页L1HF:14:加砂中:缝内暂堵,worktype_stats:红页L1HF:14:加砂中:缝内暂堵:排量:var
372,工况 缝内暂堵,统计量,施工泵压平均值: 76.9759,E0367,E0373,worktype:红页L1HF:14:加砂中:缝内暂堵,worktype_stats:红页L1HF:14:加砂中:缝内暂堵:施工泵压:mean
373,工况 缝内暂堵,统计量,施工泵压方差: 8.3498,E0367,E0374,worktype:红页L1HF:14:加砂中:缝内暂堵,worktype_stats:红页L1HF:14:加砂中:缝内暂堵:施工泵压:var
374,工况 缝内暂堵,当前建议,当前建议: 无建议,E0367,E0375,worktype:红页L1HF:14:加砂中:缝内暂堵,suggestion:红页L1HF:14:加砂中:缝内暂堵
375,施工情况 加砂中,工况,工况 缝口暂堵,E0359,E0376,condition:红页L1HF:14:加砂中,worktype:红页L1HF:14:加砂中:缝口暂堵
376,工况 缝口暂堵,工况时间,工况时间 2024-01-11 09:08:30,E0376,E0377,worktype:红页L1HF:14:加砂中:缝口暂堵,worktype_time:红页L1HF:14:加砂中:缝口暂堵
377,工况 缝口暂堵,统计量,砂比平均值: 6.6812,E0376,E0378,worktype:红页L1HF:14:加砂中:缝口暂堵,worktype_stats:红页L1HF:14:加砂中:缝口暂堵:砂比:mean
378,工况 缝口暂堵,统计量,砂比方差: 7.1434,E0376,E0379,worktype:红页L1HF:14:加砂中:缝口暂堵,worktype_stats:红页L1HF:14:加砂中:缝口暂堵:砂比:var
379,工况 缝口暂堵,统计量,排量平均值: 23.4388,E0376,E0380,worktype:红页L1HF:14:加砂中:缝口暂堵,worktype_stats:红页L1HF:14:加砂中:缝口暂堵:排量:mean
380,工况 缝口暂堵,统计量,排量方差: 1.9203,E0376,E0381,worktype:红页L1HF:14:加砂中:缝口暂堵,worktype_stats:红页L1HF:14:加砂中:缝口暂堵:排量:var
381,工况 缝口暂堵,统计量,施工泵压平均值: 77.1065,E0376,E0382,worktype:红页L1HF:14:加砂中:缝口暂堵,worktype_stats:红页L1HF:14:加砂中:缝口暂堵:施工泵压:mean
382,工况 缝口暂堵,统计量,施工泵压方差: 22.8456,E0376,E0383,worktype:红页L1HF:14:加砂中:缝口暂堵,worktype_stats:红页L1HF:14:加砂中:缝口暂堵:施工泵压:var
383,工况 缝口暂堵,当前建议,当前建议: 无建议,E0376,E0384,worktype:红页L1HF:14:加砂中:缝口暂堵,suggestion:红页L1HF:14:加砂中:缝口暂堵
384,段号 14,施工情况,施工情况 加砂后,E0334,E0385,segment:红页L1HF:14,condition:红页L1HF:14:加砂后
385,施工情况 加砂后,施工时间,施工时间 2024-01-11 10:27:20,E0385,E0386,condition:红页L1HF:14:加砂后,condition_time:红页L1HF:14:加砂后
386,施工情况 加砂后,统计量,砂比平均值: 无数据,E0385,E0387,condition:红页L1HF:14:加砂后,condition_stats:红页L1HF:14:加砂后:砂比:mean
387,施工情况 加砂后,统计量,砂比方差: 无数据,E0385,E0388,condition:红页L1HF:14:加砂后,condition_stats:红页L1HF:14:加砂后:砂比:var
388,施工情况 加砂后,统计量,排量平均值: 2.2208,E0385,E0389,condition:红页L1HF:14:加砂后,condition_stats:红页L1HF:14:加砂后:排量:mean
389,施工情况 加砂后,统计量,排量方差: 45.6182,E0385,E0390,condition:红页L1HF:14:加砂后,condition_stats:红页L1HF:14:加砂后:排量:var
390,施工情况 加砂后,统计量,施工泵压平均值: 43.5917,E0385,E0391,condition:红页L1HF:14:加砂后,condition_stats:红页L1HF:14:加砂后:施工泵压:mean
391,施工情况 加砂后,统计量,施工泵压方差: 142.1998,E0385,E0392,condition:红页L1HF:14:加砂后,condition_stats:红页L1HF:14:加砂后:施工泵压:var
392,井号 红页L1HF,段号,段号 15,E0001,E0393,well:红页L1HF,segment:红页L1HF:15
393,段号 15,段号时间,段号时间 2024-01-11 14:29:50,E0393,E0394,segment:红页L1HF:15,segment_time:红页L1HF:15
394,段号 15,统计量,砂比平均值: 9.2755,E0393,E0395,segment:红页L1HF:15,segment_stats:红页L1HF:15:砂比:mean
395,段号 15,统计量,砂比方差: 6.7275,E0393,E0396,segment:红页L1HF:15,segment_stats:红页L1HF:15:砂比:var
396,段号 15,统计量,排量平均值: 16.1612,E0393,E0397,segment:红页L1HF:15,segment_stats:红页L1HF:15:排量:mean
397,段号 15,统计量,排量方差: 95.0076,E0393,E0398,segment:红页L1HF:15,segment_stats:红页L1HF:15:排量:var
398,段号 15,统计量,施工泵压平均值: 70.6141,E0393,E0399,segment:红页L1HF:15,segment_stats:红页L1HF:15:施工泵压:mean
399,段号 15,统计量,施工泵压方差: 388.3396,E0393,E0400,segment:红页L1HF:15,segment_stats:红页L1HF:15:施工泵压:var
400,段号 15,施工情况,施工情况 加砂前,E0393,E0401,segment:红页L1HF:15,condition:红页L1HF:15:加砂前
401,施工情况 加砂前,施工时间,施工时间 2024-01-11 14:29:50,E0401,E0402,condition:红页L1HF:15:加砂前,condition_time:红页L1HF:15:加砂前
402,施工情况 加砂前,统计量,砂比平均值: 无数据,E0401,E0403,condition:红页L1HF:15:加砂前,condition_stats:红页L1HF:15:加砂前:砂比:mean
403,施工情况 加砂前,统计量,砂比方差: 无数据,E0401,E0404,condition:红页L1HF:15:加砂前,condition_stats:红页L1HF:15:加砂前:砂比:var
404,施工情况 加砂前,统计量,排量平均值: 8.5268,E0401,E0405,condition:红页L1HF:15:加砂前,condition_stats:红页L1HF:15:加砂前:排量:mean
405,施工情况 加砂前,统计量,排量方差: 54.1036,E0401,E0406,condition:红页L1HF:15:加砂前,condition_stats:红页L1HF:15:加砂前:排量:var
406,施工情况 加砂前,统计量,施工泵压平均值: 59.3109,E0401,E0407,condition:红页L1HF:15:加砂前,condition_stats:红页L1HF:15:加砂前:施工泵压:mean
407,施工情况 加砂前,统计量,施工泵压方差: 353.6367,E0401,E0408,condition:红页L1HF:15:加砂前,condition_stats:红页L1HF:15:加砂前:施工泵压:var
408,施工情况 加砂前,工况,工况 缝高延伸,E0401,E0409,condition:红页L1HF:15:加砂前,worktype:红页L1HF:15:加砂前:缝高延伸
409,工况 缝高延伸,工况时间,工况时间 2024-01-11 14:52:50,E0409,E0410,worktype:红页L1HF:15:加砂前:缝高延伸,worktype_time:红页L1HF:15:加砂前:缝高延伸
410,工况 缝高延伸,统计量,砂比平均值: 无数据,E0409,E0411,worktype:红页L1HF:15:加砂前:缝高延伸,worktype_stats:红页L1HF:15:加砂前:缝高延伸:砂比:mean
411,工况 缝高延伸,统计量,砂比方差: 无数据,E0409,E0412,worktype:红页L1HF:15:加砂前:缝高延伸,worktype_stats:红页L1HF:15:加砂前:缝高延伸:砂比:var
412,工况 缝高延伸,统计量,排量平均值: 19.0154,E0409,E0413,worktype:红页L1HF:15:加砂前:缝高延伸,worktype_stats:红页L1HF:15:加砂前:缝高延伸:排量:mean
413,工况 缝高延伸,统计量,排量方差: 9.442,E0409,E0414,worktype:红页L1HF:15:加砂前:缝高延伸,worktype_stats:红页L1HF:15:加砂前:缝高延伸:排量:var
414,工况 缝高延伸,统计量,施工泵压平均值: 83.3544,E0409,E0415,worktype:红页L1HF:15:加砂前:缝高延伸,worktype_stats:红页L1HF:15:加砂前:缝高延伸:施工泵压:mean
415,工况 缝高延伸,统计量,施工泵压方差: 28.0372,E0409,E0416,worktype:红页L1HF:15:加砂前:缝高延伸,worktype_stats:红页L1HF:15:加砂前:缝高延伸:施工泵压:var
416,工况 缝高延伸,当前建议,当前建议: 保持当前措施,E0409,E0417,worktype:红页L1HF:15:加砂前:缝高延伸,suggestion:红页L1HF:15:加砂前:缝高延伸
417,段号 15,施工情况,施工情况 加砂中,E0393,E0418,segment:红页L1HF:15,condition:红页L1HF:15:加砂中
418,施工情况 加砂中,施工时间,施工时间 2024-01-11 15:02:30,E0418,E0419,condition:红页L1HF:15:加砂中,condition_time:红页L1HF:15:加砂中
419,施工情况 加砂中,统计量,砂比平均值: 9.2755,E0418,E0420,condition:红页L1HF:15:加砂中,condition_stats:红页L1HF:15:加砂中:砂比:mean
420,施工情况 加砂中,统计量,砂比方差: 6.7275,E0418,E0421,condition:红页L1HF:15:加砂中,condition_stats:红页L1HF:15:加砂中:砂比:var
421,施工情况 加砂中,统计量,排量平均值: 22.5506,E0418,E0422,condition:红页L1HF:15:加砂中,condition_stats:红页L1HF:15:加砂中:排量:mean
422,施工情况 加砂中,统计量,排量方差: 5.7469,E0418,E0423,condition:红页L1HF:15:加砂中,condition_stats:红页L1HF:15:加砂中:排量:var
423,施工情况 加砂中,统计量,施工泵压平均值: 82.563,E0418,E0424,condition:红页L1HF:15:加砂中,condition_stats:红页L1HF:15:加砂中:施工泵压:mean
424,施工情况 加砂中,统计量,施工泵压方差: 19.1333,E0418,E0425,condition:红页L1HF:15:加砂中,condition_stats:红页L1HF:15:加砂中:施工泵压:var
425,施工情况 加砂中,工况,工况 缝内暂堵,E0418,E0426,condition:红页L1HF:15:加砂中,worktype:红页L1HF:15:加砂中:缝内暂堵
426,工况 缝内暂堵,工况时间,工况时间 2024-01-11 15:24:40,E0426,E0427,worktype:红页L1HF:15:加砂中:缝内暂堵,worktype_time:红页L1HF:15:加砂中:缝内暂堵
427,工况 缝内暂堵,统计量,砂比平均值: 6.8697,E0426,E0428,worktype:红页L1HF:15:加砂中:缝内暂堵,worktype_stats:红页L1HF:15:加砂中:缝内暂堵:砂比:mean
428,工况 缝内暂堵,统计量,砂比方差: 2.7585,E0426,E0429,worktype:红页L1HF:15:加砂中:缝内暂堵,worktype_stats:红页L1HF:15:加砂中:缝内暂堵:砂比:var
429,工况 缝内暂堵,统计量,排量平均值: 24.048,E0426,E0430,worktype:红页L1HF:15:加砂中:缝内暂堵,worktype_stats:红页L1HF:15:加砂中:缝内暂堵:排量:mean
430,工况 缝内暂堵,统计量,排量方差: 0.0,E0426,E0431,worktype:红页L1HF:15:加砂中:缝内暂堵,worktype_stats:红页L1HF:15:加砂中:缝内暂堵:排量:var
431,工况 缝内暂堵,统计量,施工泵压平均值: 79.59,E0426,E0432,worktype:红页L1HF:15:加砂中:缝内暂堵,worktype_stats:红页L1HF:15:加砂中:缝内暂堵:施工泵压:mean
432,工况 缝内暂堵,统计量,施工泵压方差: 10.8411,E0426,E0433,worktype:红页L1HF:15:加砂中:缝内暂堵,worktype_stats:红页L1HF:15:加砂中:缝内暂堵:施工泵压:var
433,工况 缝内暂堵,当前建议,当前建议: 无建议,E0426,E0434,worktype:红页L1HF:15:加砂中:缝内暂堵,suggestion:红页L1HF:15:加砂中:缝内暂堵
434,施工情况 加砂中,工况,工况 缝口暂堵,E0418,E0435,condition:红页L1HF:15:加砂中,worktype:红页L1HF:15:加砂中:缝口暂堵
435,工况 缝口暂堵,工况时间,工况时间 2024-01-11 15:39:30,E0435,E0436,worktype:红页L1HF:15:加砂中:缝口暂堵,worktype_time:红页L1HF:15:加砂中:缝口暂堵
436,工况 缝口暂堵,统计量,砂比平均值: 6.9324,E0435,E0437,worktype:红页L1HF:15:加砂中:缝口暂堵,worktype_stats:红页L1HF:15:加砂中:缝口暂堵:砂比:mean
437,工况 缝口暂堵,统计量,砂比方差: 11.8265,E0435,E0438,worktype:红页L1HF:15:加砂中:缝口暂堵,worktype_stats:红页L1HF:15:加砂中:缝口暂堵:砂比:var
438,工况 缝口暂堵,统计量,排量平均值: 20.8909,E0435,E0439,worktype:红页L1HF:15:加砂中:缝口暂堵,worktype_stats:红页L1HF:15:加砂中:缝口暂堵:排量:mean
439,工况 缝口暂堵,统计量,排量方差: 8.5131,E0435,E0440,worktype:红页L1HF:15:加砂中:缝口暂堵,worktype_stats:红页L1HF:15:加砂中:缝口暂堵:排量:var
440,工况 缝口暂堵,统计量,施工泵压平均值: 82.9129,E0435,E0441,worktype:红页L1HF:15:加砂中:缝口暂堵,worktype_stats:红页L1HF:15:加砂中:缝口暂堵:施工泵压:mean
441,工况 缝口暂堵,统计量,施工泵压方差: 40.3184,E0435,E0442,worktype:红页L1HF:15:加砂中:缝口暂堵,worktype_stats:红页L1HF:15:加砂中:缝口暂堵:施工泵压:var
442,工况 缝口暂堵,当前建议,当前建议: 无建议,E0435,E0443,worktype:红页L1HF:15:加砂中:缝口暂堵,suggestion:红页L1HF:15:加砂中:缝口暂堵
443,施工情况 加砂中,工况,工况 主缝延伸,E0418,E0444,condition:红页L1HF:15:加砂中,worktype:红页L1HF:15:加砂中:主缝延伸
444,工况 主缝延伸,工况时间,工况时间 2024-01-11 16:47:10,E0444,E0445,worktype:红页L1HF:15:加砂中:主缝延伸,worktype_time:红页L1HF:15:加砂中:主缝延伸
445,工况 主缝延伸,统计量,砂比平均值: 10.2479,E0444,E0446,worktype:红页L1HF:15:加砂中:主缝延伸,worktype_stats:红页L1HF:15:加砂中:主缝延伸:砂比:mean
446,工况 主缝延伸,统计量,砂比方差: 2.0143,E0444,E0447,worktype:红页L1HF:15:加砂中:主缝延伸,worktype_stats:红页L1HF:15:加砂中:主缝延伸:砂比:var
447,工况 主缝延伸,统计量,排量平均值: 21.6858,E0444,E0448,worktype:红页L1HF:15:加砂中:主缝延伸,worktype_stats:红页L1HF:15:加砂中:主缝延伸:排量:mean
448,工况 主缝延伸,统计量,排量方差: 0.4073,E0444,E0449,worktype:红页L1HF:15:加砂中:主缝延伸,worktype_stats:红页L1HF:15:加砂中:主缝延伸:排量:var
449,工况 主缝延伸,统计量,施工泵压平均值: 85.8093,E0444,E0450,worktype:红页L1HF:15:加砂中:主缝延伸,worktype_stats:红页L1HF:15:加砂中:主缝延伸:施工泵压:mean
450,工况 主缝延伸,统计量,施工泵压方差: 1.9216,E0444,E0451,worktype:红页L1HF:15:加砂中:主缝延伸,worktype_stats:红页L1HF:15:加砂中:主缝延伸:施工泵压:var
451,工况 主缝延伸,当前建议,当前建议: 保持当前措施,E0444,E0452,worktype:红页L1HF:15:加砂中:主缝延伸,suggestion:红页L1HF:15:加砂中:主缝延伸
452,段号 15,施工情况,施工情况 加砂后,E0393,E0453,segment:红页L1HF:15,condition:红页L1HF:15:加砂后
453,施工情况 加砂后,施工时间,施工时间 2024-01-11 17:11:10,E0453,E0454,condition:红页L1HF:15:加砂后,condition_time:红页L1HF:15:加砂后
454,施工情况 加砂后,统计量,砂比平均值: 无数据,E0453,E0455,condition:红页L1HF:15:加砂后,condition_stats:红页L1HF:15:加砂后:砂比:mean
455,施工情况 加砂后,统计量,砂比方差: 无数据,E0453,E0456,condition:红页L1HF:15:加砂后,condition_stats:红页L1HF:15:加砂后:砂比:var
456,施工情况 加砂后,统计量,排量平均值: 2.3294,E0453,E0457,condition:红页L1HF:15:加砂后,condition_stats:红页L1HF:15:加砂后:排量:mean
457,施工情况 加砂后,统计量,排量方差: 44.5358,E0453,E0458,condition:红页L1HF:15:加砂后,condition_stats:红页L1HF:15:加砂后:排量:var
458,施工情况 加砂后,统计量,施工泵压平均值: 42.1042,E0453,E0459,condition:红页L1HF:15:加砂后,condition_stats:红页L1HF:15:加砂后:施工泵压:mean
459,施工情况 加砂后,统计量,施工泵压方差: 223.4635,E0453,E0460,condition:红页L1HF:15:加砂后,condition_stats:红页L1HF:15:加砂后:施工泵压:var
460,施工情况 加砂后,工况,工况 主缝延伸,E0453,E0461,condition:红页L1HF:15:加砂后,worktype:红页L1HF:15:加砂后:主缝延伸
461,工况 主缝延伸,工况时间,工况时间 2024-01-11 17:11:10,E0461,E0462,worktype:红页L1HF:15:加砂后:主缝延伸,worktype_time:红页L1HF:15:加砂后:主缝延伸
462,工况 主缝延伸,统计量,砂比平均值: 无数据,E0461,E0463,worktype:红页L1HF:15:加砂后:主缝延伸,worktype_stats:红页L1HF:15:加砂后:主缝延伸:砂比:mean
463,工况 主缝延伸,统计量,砂比方差: 无数据,E0461,E0464,worktype:红页L1HF:15:加砂后:主缝延伸,worktype_stats:红页L1HF:15:加砂后:主缝延伸:砂比:var
464,工况 主缝延伸,统计量,排量平均值: 22.16,E0461,E0465,worktype:红页L1HF:15:加砂后:主缝延伸,worktype_stats:红页L1HF:15:加砂后:主缝延伸:排量:mean
465,工况 主缝延伸,统计量,排量方差: 0.0,E0461,E0466,worktype:红页L1HF:15:加砂后:主缝延伸,worktype_stats:红页L1HF:15:加砂后:主缝延伸:排量:var
466,工况 主缝延伸,统计量,施工泵压平均值: 86.2267,E0461,E0467,worktype:红页L1HF:15:加砂后:主缝延伸,worktype_stats:红页L1HF:15:加砂后:主缝延伸:施工泵压:mean
467,工况 主缝延伸,统计量,施工泵压方差: 0.003,E0461,E0468,worktype:红页L1HF:15:加砂后:主缝延伸,worktype_stats:红页L1HF:15:加砂后:主缝延伸:施工泵压:var
468,工况 主缝延伸,当前建议,当前建议: 保持当前措施,E0461,E0469,worktype:红页L1HF:15:加砂后:主缝延伸,suggestion:红页L1HF:15:加砂后:主缝延伸
469,井号 红页L1HF,段号,段号 16,E0001,E0470,well:红页L1HF,segment:红页L1HF:16
470,段号 16,段号时间,段号时间 2024-01-12 08:03:30,E0470,E0471,segment:红页L1HF:16,segment_time:红页L1HF:16
471,段号 16,统计量,砂比平均值: 9.7534,E0470,E0472,segment:红页L1HF:16,segment_stats:红页L1HF:16:砂比:mean
472,段号 16,统计量,砂比方差: 8.2606,E0470,E0473,segment:红页L1HF:16,segment_stats:红页L1HF:16:砂比:var
473,段号 16,统计量,排量平均值: 17.0401,E0470,E0474,segment:红页L1HF:16,segment_stats:红页L1HF:16:排量:mean
474,段号 16,统计量,排量方差: 100.2111,E0470,E0475,segment:红页L1HF:16,segment_stats:红页L1HF:16:排量:var
475,段号 16,统计量,施工泵压平均值: 70.1239,E0470,E0476,segment:红页L1HF:16,segment_stats:红页L1HF:16:施工泵压:mean
476,段号 16,统计量,施工泵压方差: 409.1276,E0470,E0477,segment:红页L1HF:16,segment_stats:红页L1HF:16:施工泵压:var
477,段号 16,施工情况,施工情况 加砂前,E0470,E0478,segment:红页L1HF:16,condition:红页L1HF:16:加砂前
478,施工情况 加砂前,施工时间,施工时间 2024-01-12 08:03:30,E0478,E0479,condition:红页L1HF:16:加砂前,condition_time:红页L1HF:16:加砂前
479,施工情况 加砂前,统计量,砂比平均值: 无数据,E0478,E0480,condition:红页L1HF:16:加砂前,condition_stats:红页L1HF:16:加砂前:砂比:mean
480,施工情况 加砂前,统计量,砂比方差: 无数据,E0478,E0481,condition:红页L1HF:16:加砂前,condition_stats:红页L1HF:16:加砂前:砂比:var
481,施工情况 加砂前,统计量,排量平均值: 8.3459,E0478,E0482,condition:红页L1HF:16:加砂前,condition_stats:红页L1HF:16:加砂前:排量:mean
482,施工情况 加砂前,统计量,排量方差: 54.6486,E0478,E0483,condition:红页L1HF:16:加砂前,condition_stats:红页L1HF:16:加砂前:排量:var
483,施工情况 加砂前,统计量,施工泵压平均值: 59.9171,E0478,E0484,condition:红页L1HF:16:加砂前,condition_stats:红页L1HF:16:加砂前:施工泵压:mean
484,施工情况 加砂前,统计量,施工泵压方差: 274.3572,E0478,E0485,condition:红页L1HF:16:加砂前,condition_stats:红页L1HF:16:加砂前:施工泵压:var
485,施工情况 加砂前,工况,工况 缝高延伸,E0478,E0486,condition:红页L1HF:16:加砂前,worktype:红页L1HF:16:加砂前:缝高延伸
486,工况 缝高延伸,工况时间,工况时间 2024-01-12 08:24:50,E0486,E0487,worktype:红页L1HF:16:加砂前:缝高延伸,worktype_time:红页L1HF:16:加砂前:缝高延伸
487,工况 缝高延伸,统计量,砂比平均值: 无数据,E0486,E0488,worktype:红页L1HF:16:加砂前:缝高延伸,worktype_stats:红页L1HF:16:加砂前:缝高延伸:砂比:mean
488,工况 缝高延伸,统计量,砂比方差: 无数据,E0486,E0489,worktype:红页L1HF:16:加砂前:缝高延伸,worktype_stats:红页L1HF:16:加砂前:缝高延伸:砂比:var
489,工况 缝高延伸,统计量,排量平均值: 17.3989,E0486,E0490,worktype:红页L1HF:16:加砂前:缝高延伸,worktype_stats:红页L1HF:16:加砂前:缝高延伸:排量:mean
490,工况 缝高延伸,统计量,排量方差: 11.6116,E0486,E0491,worktype:红页L1HF:16:加砂前:缝高延伸,worktype_stats:红页L1HF:16:加砂前:缝高延伸:排量:var
491,工况 缝高延伸,统计量,施工泵压平均值: 80.4586,E0486,E0492,worktype:红页L1HF:16:加砂前:缝高延伸,worktype_stats:红页L1HF:16:加砂前:缝高延伸:施工泵压:mean
492,工况 缝高延伸,统计量,施工泵压方差: 47.5503,E0486,E0493,worktype:红页L1HF:16:加砂前:缝高延伸,worktype_stats:红页L1HF:16:加砂前:缝高延伸:施工泵压:var
493,工况 缝高延伸,当前建议,当前建议: 保持当前措施,E0486,E0494,worktype:红页L1HF:16:加砂前:缝高延伸,suggestion:红页L1HF:16:加砂前:缝高延伸
494,段号 16,施工情况,施工情况 加砂中,E0470,E0495,segment:红页L1HF:16,condition:红页L1HF:16:加砂中
495,施工情况 加砂中,施工时间,施工时间 2024-01-12 08:35:20,E0495,E0496,condition:红页L1HF:16:加砂中,condition_time:红页L1HF:16:加砂中
496,施工情况 加砂中,统计量,砂比平均值: 9.7534,E0495,E0497,condition:红页L1HF:16:加砂中,condition_stats:红页L1HF:16:加砂中:砂比:mean
497,施工情况 加砂中,统计量,砂比方差: 8.2606,E0495,E0498,condition:红页L1HF:16:加砂中,condition_stats:红页L1HF:16:加砂中:砂比:var
498,施工情况 加砂中,统计量,排量平均值: 23.6068,E0495,E0499,condition:红页L1HF:16:加砂中,condition_stats:红页L1HF:16:加砂中:排量:mean
499,施工情况 加砂中,统计量,排量方差: 2.1272,E0495,E0500,condition:红页L1HF:16:加砂中,condition_stats:红页L1HF:16:加砂中:排量:var
500,施工情况 加砂中,统计量,施工泵压平均值: 82.1263,E0495,E0501,condition:红页L1HF:16:加砂中,condition_stats:红页L1HF:16:加砂中:施工泵压:mean
501,施工情况 加砂中,统计量,施工泵压方差: 28.1115,E0495,E0502,condition:红页L1HF:16:加砂中,condition_stats:红页L1HF:16:加砂中:施工泵压:var
502,施工情况 加砂中,工况,工况 缝内暂堵,E0495,E0503,condition:红页L1HF:16:加砂中,worktype:红页L1HF:16:加砂中:缝内暂堵
503,工况 缝内暂堵,工况时间,工况时间 2024-01-12 08:53:20,E0503,E0504,worktype:红页L1HF:16:加砂中:缝内暂堵,worktype_time:红页L1HF:16:加砂中:缝内暂堵
504,工况 缝内暂堵,统计量,砂比平均值: 6.875,E0503,E0505,worktype:红页L1HF:16:加砂中:缝内暂堵,worktype_stats:红页L1HF:16:加砂中:缝内暂堵:砂比:mean
505,工况 缝内暂堵,统计量,砂比方差: 2.3081,E0503,E0506,worktype:红页L1HF:16:加砂中:缝内暂堵,worktype_stats:红页L1HF:16:加砂中:缝内暂堵:砂比:var
506,工况 缝内暂堵,统计量,排量平均值: 24.09,E0503,E0507,worktype:红页L1HF:16:加砂中:缝内暂堵,worktype_stats:红页L1HF:16:加砂中:缝内暂堵:排量:mean
507,工况 缝内暂堵,统计量,排量方差: 0.0,E0503,E0508,worktype:红页L1HF:16:加砂中:缝内暂堵,worktype_stats:红页L1HF:16:加砂中:缝内暂堵:排量:var
508,工况 缝内暂堵,统计量,施工泵压平均值: 78.4248,E0503,E0509,worktype:红页L1HF:16:加砂中:缝内暂堵,worktype_stats:红页L1HF:16:加砂中:缝内暂堵:施工泵压:mean
509,工况 缝内暂堵,统计量,施工泵压方差: 4.2795,E0503,E0510,worktype:红页L1HF:16:加砂中:缝内暂堵,worktype_stats:红页L1HF:16:加砂中:缝内暂堵:施工泵压:var
510,工况 缝内暂堵,当前建议,当前建议: 无建议,E0503,E0511,worktype:红页L1HF:16:加砂中:缝内暂堵,suggestion:红页L1HF:16:加砂中:缝内暂堵
511,施工情况 加砂中,工况,工况 缝口暂堵,E0495,E0512,condition:红页L1HF:16:加砂中,worktype:红页L1HF:16:加砂中:缝口暂堵
512,工况 缝口暂堵,工况时间,工况时间 2024-01-12 09:11:10,E0512,E0513,worktype:红页L1HF:16:加砂中:缝口暂堵,worktype_time:红页L1HF:16:加砂中:缝口暂堵
513,工况 缝口暂堵,统计量,砂比平均值: 7.2583,E0512,E0514,worktype:红页L1HF:16:加砂中:缝口暂堵,worktype_stats:红页L1HF:16:加砂中:缝口暂堵:砂比:mean
514,工况 缝口暂堵,统计量,砂比方差: 3.6691,E0512,E0515,worktype:红页L1HF:16:加砂中:缝口暂堵,worktype_stats:红页L1HF:16:加砂中:缝口暂堵:砂比:var
515,工况 缝口暂堵,统计量,排量平均值: 21.7429,E0512,E0516,worktype:红页L1HF:16:加砂中:缝口暂堵,worktype_stats:红页L1HF:16:加砂中:缝口暂堵:排量:mean
516,工况 缝口暂堵,统计量,排量方差: 4.9445,E0512,E0517,worktype:红页L1HF:16:加砂中:缝口暂堵,worktype_stats:红页L1HF:16:加砂中:缝口暂堵:排量:var
517,工况 缝口暂堵,统计量,施工泵压平均值: 79.7519,E0512,E0518,worktype:红页L1HF:16:加砂中:缝口暂堵,worktype_stats:红页L1HF:16:加砂中:缝口暂堵:施工泵压:mean
518,工况 缝口暂堵,统计量,施工泵压方差: 76.2462,E0512,E0519,worktype:红页L1HF:16:加砂中:缝口暂堵,worktype_stats:红页L1HF:16:加砂中:缝口暂堵:施工泵压:var
519,工况 缝口暂堵,当前建议,当前建议: 无建议,E0512,E0520,worktype:红页L1HF:16:加砂中:缝口暂堵,suggestion:红页L1HF:16:加砂中:缝口暂堵
520,施工情况 加砂中,工况,工况 主缝延伸,E0495,E0521,condition:红页L1HF:16:加砂中,worktype:红页L1HF:16:加砂中:主缝延伸
521,工况 主缝延伸,工况时间,工况时间 2024-01-12 10:24:10,E0521,E0522,worktype:红页L1HF:16:加砂中:主缝延伸,worktype_time:红页L1HF:16:加砂中:主缝延伸
522,工况 主缝延伸,统计量,砂比平均值: 12.1309,E0521,E0523,worktype:红页L1HF:16:加砂中:主缝延伸,worktype_stats:红页L1HF:16:加砂中:主缝延伸:砂比:mean
523,工况 主缝延伸,统计量,砂比方差: 3.9306,E0521,E0524,worktype:红页L1HF:16:加砂中:主缝延伸,worktype_stats:红页L1HF:16:加砂中:主缝延伸:砂比:var
524,工况 主缝延伸,统计量,排量平均值: 23.867,E0521,E0525,worktype:红页L1HF:16:加砂中:主缝延伸,worktype_stats:红页L1HF:16:加砂中:主缝延伸:排量:mean
525,工况 主缝延伸,统计量,排量方差: 0.1132,E0521,E0526,worktype:红页L1HF:16:加砂中:主缝延伸,worktype_stats:红页L1HF:16:加砂中:主缝延伸:排量:var
526,工况 主缝延伸,统计量,施工泵压平均值: 87.4897,E0521,E0527,worktype:红页L1HF:16:加砂中:主缝延伸,worktype_stats:红页L1HF:16:加砂中:主缝延伸:施工泵压:mean
527,工况 主缝延伸,统计量,施工泵压方差: 0.7559,E0521,E0528,worktype:红页L1HF:16:加砂中:主缝延伸,worktype_stats:红页L1HF:16:加砂中:主缝延伸:施工泵压:var
528,工况 主缝延伸,当前建议,当前建议: 保持当前措施,E0521,E0529,worktype:红页L1HF:16:加砂中:主缝延伸,suggestion:红页L1HF:16:加砂中:主缝延伸
529,段号 16,施工情况,施工情况 加砂后,E0470,E0530,segment:红页L1HF:16,condition:红页L1HF:16:加砂后
530,施工情况 加砂后,施工时间,施工时间 2024-01-12 10:40:40,E0530,E0531,condition:红页L1HF:16:加砂后,condition_time:红页L1HF:16:加砂后
531,施工情况 加砂后,统计量,砂比平均值: 无数据,E0530,E0532,condition:红页L1HF:16:加砂后,condition_stats:红页L1HF:16:加砂后:砂比:mean
532,施工情况 加砂后,统计量,砂比方差: 无数据,E0530,E0533,condition:红页L1HF:16:加砂后,condition_stats:红页L1HF:16:加砂后:砂比:var
533,施工情况 加砂后,统计量,排量平均值: 2.2226,E0530,E0534,condition:红页L1HF:16:加砂后,condition_stats:红页L1HF:16:加砂后:排量:mean
534,施工情况 加砂后,统计量,排量方差: 45.4675,E0530,E0535,condition:红页L1HF:16:加砂后,condition_stats:红页L1HF:16:加砂后:排量:var
535,施工情况 加砂后,统计量,施工泵压平均值: 37.6163,E0530,E0536,condition:红页L1HF:16:加砂后,condition_stats:红页L1HF:16:加砂后:施工泵压:mean
536,施工情况 加砂后,统计量,施工泵压方差: 215.7261,E0530,E0537,condition:红页L1HF:16:加砂后,condition_stats:红页L1HF:16:加砂后:施工泵压:var
537,施工情况 加砂后,工况,工况 主缝延伸,E0530,E0538,condition:红页L1HF:16:加砂后,worktype:红页L1HF:16:加砂后:主缝延伸
538,工况 主缝延伸,工况时间,工况时间 2024-01-12 10:40:40,E0538,E0539,worktype:红页L1HF:16:加砂后:主缝延伸,worktype_time:红页L1HF:16:加砂后:主缝延伸
539,工况 主缝延伸,统计量,砂比平均值: 无数据,E0538,E0540,worktype:红页L1HF:16:加砂后:主缝延伸,worktype_stats:红页L1HF:16:加砂后:主缝延伸:砂比:mean
540,工况 主缝延伸,统计量,砂比方差: 无数据,E0538,E0541,worktype:红页L1HF:16:加砂后:主缝延伸,worktype_stats:红页L1HF:16:加砂后:主缝延伸:砂比:var
541,工况 主缝延伸,统计量,排量平均值: 24.07,E0538,E0542,worktype:红页L1HF:16:加砂后:主缝延伸,worktype_stats:红页L1HF:16:加砂后:主缝延伸:排量:mean
542,工况 主缝延伸,统计量,排量方差: 0.0,E0538,E0543,worktype:红页L1HF:16:加砂后:主缝延伸,worktype_stats:红页L1HF:16:加砂后:主缝延伸:排量:var
543,工况 主缝延伸,统计量,施工泵压平均值: 86.035,E0538,E0544,worktype:红页L1HF:16:加砂后:主缝延伸,worktype_stats:红页L1HF:16:加砂后:主缝延伸:施工泵压:mean
544,工况 主缝延伸,统计量,施工泵压方差: 0.0903,E0538,E0545,worktype:红页L1HF:16:加砂后:主缝延伸,worktype_stats:红页L1HF:16:加砂后:主缝延伸:施工泵压:var
545,工况 主缝延伸,当前建议,当前建议: 保持当前措施,E0538,E0546,worktype:红页L1HF:16:加砂后:主缝延伸,suggestion:红页L1HF:16:加砂后:主缝延伸
546,井号 红页L1HF,段号,段号 17,E0001,E0547,well:红页L1HF,segment:红页L1HF:17
547,段号 17,段号时间,段号时间 2024-01-12 14:47:30,E0547,E0548,segment:红页L1HF:17,segment_time:红页L1HF:17
548,段号 17,统计量,砂比平均值: 8.9616,E0547,E0549,segment:红页L1HF:17,segment_stats:红页L1HF:17:砂比:mean
549,段号 17,统计量,砂比方差: 6.0108,E0547,E0550,segment:红页L1HF:17,segment_stats:红页L1HF:17:砂比:var
550,段号 17,统计量,排量平均值: 18.2514,E0547,E0551,segment:红页L1HF:17,segment_stats:红页L1HF:17:排量:mean
551,段号 17,统计量,排量方差: 53.2549,E0547,E0552,segment:红页L1HF:17,segment_stats:红页L1HF:17:排量:var
552,段号 17,统计量,施工泵压平均值: 80.449,E0547,E0553,segment:红页L1HF:17,segment_stats:红页L1HF:17:施工泵压:mean
553,段号 17,统计量,施工泵压方差: 193.6291,E0547,E0554,segment:红页L1HF:17,segment_stats:红页L1HF:17:施工泵压:var
554,段号 17,施工情况,施工情况 加砂前,E0547,E0555,segment:红页L1HF:17,condition:红页L1HF:17:加砂前
555,施工情况 加砂前,施工时间,施工时间 2024-01-12 14:47:30,E0555,E0556,condition:红页L1HF:17:加砂前,condition_time:红页L1HF:17:加砂前
556,施工情况 加砂前,统计量,砂比平均值: 无数据,E0555,E0557,condition:红页L1HF:17:加砂前,condition_stats:红页L1HF:17:加砂前:砂比:mean
557,施工情况 加砂前,统计量,砂比方差: 无数据,E0555,E0558,condition:红页L1HF:17:加砂前,condition_stats:红页L1HF:17:加砂前:砂比:var
558,施工情况 加砂前,统计量,排量平均值: 9.0424,E0555,E0559,condition:红页L1HF:17:加砂前,condition_stats:红页L1HF:17:加砂前:排量:mean
559,施工情况 加砂前,统计量,排量方差: 68.4896,E0555,E0560,condition:红页L1HF:17:加砂前,condition_stats:红页L1HF:17:加砂前:排量:var
560,施工情况 加砂前,统计量,施工泵压平均值: 59.5404,E0555,E0561,condition:红页L1HF:17:加砂前,condition_stats:红页L1HF:17:加砂前:施工泵压:mean
561,施工情况 加砂前,统计量,施工泵压方差: 351.5429,E0555,E0562,condition:红页L1HF:17:加砂前,condition_stats:红页L1HF:17:加砂前:施工泵压:var
562,段号 17,施工情况,施工情况 加砂中,E0547,E0563,segment:红页L1HF:17,condition:红页L1HF:17:加砂中
563,施工情况 加砂中,施工时间,施工时间 2024-01-12 15:18:00,E0563,E0564,condition:红页L1HF:17:加砂中,condition_time:红页L1HF:17:加砂中
564,施工情况 加砂中,统计量,砂比平均值: 8.9616,E0563,E0565,condition:红页L1HF:17:加砂中,condition_stats:红页L1HF:17:加砂中:砂比:mean
565,施工情况 加砂中,统计量,砂比方差: 6.0108,E0563,E0566,condition:红页L1HF:17:加砂中,condition_stats:红页L1HF:17:加砂中:砂比:var
566,施工情况 加砂中,统计量,排量平均值: 22.0885,E0563,E0567,condition:红页L1HF:17:加砂中,condition_stats:红页L1HF:17:加砂中:排量:mean
567,施工情况 加砂中,统计量,排量方差: 7.5586,E0563,E0568,condition:红页L1HF:17:加砂中,condition_stats:红页L1HF:17:加砂中:排量:var
568,施工情况 加砂中,统计量,施工泵压平均值: 85.0926,E0563,E0569,condition:红页L1HF:17:加砂中,condition_stats:红页L1HF:17:加砂中:施工泵压:mean
569,施工情况 加砂中,统计量,施工泵压方差: 22.5948,E0563,E0570,condition:红页L1HF:17:加砂中,condition_stats:红页L1HF:17:加砂中:施工泵压:var
570,施工情况 加砂中,工况,工况 缝内暂堵,E0563,E0571,condition:红页L1HF:17:加砂中,worktype:红页L1HF:17:加砂中:缝内暂堵
571,工况 缝内暂堵,工况时间,工况时间 2024-01-12 15:40:20,E0571,E0572,worktype:红页L1HF:17:加砂中:缝内暂堵,worktype_time:红页L1HF:17:加砂中:缝内暂堵
572,工况 缝内暂堵,统计量,砂比平均值: 7.1583,E0571,E0573,worktype:红页L1HF:17:加砂中:缝内暂堵,worktype_stats:红页L1HF:17:加砂中:缝内暂堵:砂比:mean
573,工况 缝内暂堵,统计量,砂比方差: 3.9258,E0571,E0574,worktype:红页L1HF:17:加砂中:缝内暂堵,worktype_stats:红页L1HF:17:加砂中:缝内暂堵:砂比:var
574,工况 缝内暂堵,统计量,排量平均值: 24.0461,E0571,E0575,worktype:红页L1HF:17:加砂中:缝内暂堵,worktype_stats:红页L1HF:17:加砂中:缝内暂堵:排量:mean
575,工况 缝内暂堵,统计量,排量方差: 0.0011,E0571,E0576,worktype:红页L1HF:17:加砂中:缝内暂堵,worktype_stats:红页L1HF:17:加砂中:缝内暂堵:排量:var
576,工况 缝内暂堵,统计量,施工泵压平均值: 82.0657,E0571,E0577,worktype:红页L1HF:17:加砂中:缝内暂堵,worktype_stats:红页L1HF:17:加砂中:缝内暂堵:施工泵压:mean
577,工况 缝内暂堵,统计量,施工泵压方差: 20.8775,E0571,E0578,worktype:红页L1HF:17:加砂中:缝内暂堵,worktype_stats:红页L1HF:17:加砂中:缝内暂堵:施工泵压:var
578,工况 缝内暂堵,当前建议,当前建议: 无建议,E0571,E0579,worktype:红页L1HF:17:加砂中:缝内暂堵,suggestion:红页L1HF:17:加砂中:缝内暂堵
579,施工情况 加砂中,工况,工况 缝口暂堵,E0563,E0580,condition:红页L1HF:17:加砂中,worktype:红页L1HF:17:加砂中:缝口暂堵
580,工况 缝口暂堵,工况时间,工况时间 2024-01-12 16:03:40,E0580,E0581,worktype:红页L1HF:17:加砂中:缝口暂堵,worktype_time:红页L1HF:17:加砂中:缝口暂堵
581,工况 缝口暂堵,统计量,砂比平均值: 7.5333,E0580,E0582,worktype:红页L1HF:17:加砂中:缝口暂堵,worktype_stats:红页L1HF:17:加砂中:缝口暂堵:砂比:mean
582,工况 缝口暂堵,统计量,砂比方差: 1.933,E0580,E0583,worktype:红页L1HF:17:加砂中:缝口暂堵,worktype_stats:红页L1HF:17:加砂中:缝口暂堵:砂比:var
583,工况 缝口暂堵,统计量,排量平均值: 20.1662,E0580,E0584,worktype:红页L1HF:17:加砂中:缝口暂堵,worktype_stats:红页L1HF:17:加砂中:缝口暂堵:排量:mean
584,工况 缝口暂堵,统计量,排量方差: 8.8152,E0580,E0585,worktype:红页L1HF:17:加砂中:缝口暂堵,worktype_stats:红页L1HF:17:加砂中:缝口暂堵:排量:var
585,工况 缝口暂堵,统计量,施工泵压平均值: 80.9014,E0580,E0586,worktype:红页L1HF:17:加砂中:缝口暂堵,worktype_stats:红页L1HF:17:加砂中:缝口暂堵:施工泵压:mean
586,工况 缝口暂堵,统计量,施工泵压方差: 77.1872,E0580,E0587,worktype:红页L1HF:17:加砂中:缝口暂堵,worktype_stats:红页L1HF:17:加砂中:缝口暂堵:施工泵压:var
587,工况 缝口暂堵,当前建议,当前建议: 无建议,E0580,E0588,worktype:红页L1HF:17:加砂中:缝口暂堵,suggestion:红页L1HF:17:加砂中:缝口暂堵
588,施工情况 加砂中,工况,工况 延伸受阻,E0563,E0589,condition:红页L1HF:17:加砂中,worktype:红页L1HF:17:加砂中:延伸受阻
589,工况 延伸受阻,工况时间,工况时间 2024-01-12 17:13:40,E0589,E0590,worktype:红页L1HF:17:加砂中:延伸受阻,worktype_time:红页L1HF:17:加砂中:延伸受阻
590,工况 延伸受阻,统计量,砂比平均值: 8.4353,E0589,E0591,worktype:红页L1HF:17:加砂中:延伸受阻,worktype_stats:红页L1HF:17:加砂中:延伸受阻:砂比:mean
591,工况 延伸受阻,统计量,砂比方差: 1.8737,E0589,E0592,worktype:红页L1HF:17:加砂中:延伸受阻,worktype_stats:红页L1HF:17:加砂中:延伸受阻:砂比:var
592,工况 延伸受阻,统计量,排量平均值: 17.3069,E0589,E0593,worktype:红页L1HF:17:加砂中:延伸受阻,worktype_stats:红页L1HF:17:加砂中:延伸受阻:排量:mean
593,工况 延伸受阻,统计量,排量方差: 0.2719,E0589,E0594,worktype:红页L1HF:17:加砂中:延伸受阻,worktype_stats:红页L1HF:17:加砂中:延伸受阻:排量:var
594,工况 延伸受阻,统计量,施工泵压平均值: 88.758,E0589,E0595,worktype:红页L1HF:17:加砂中:延伸受阻,worktype_stats:红页L1HF:17:加砂中:延伸受阻:施工泵压:mean
595,工况 延伸受阻,统计量,施工泵压方差: 1.6937,E0589,E0596,worktype:红页L1HF:17:加砂中:延伸受阻,worktype_stats:红页L1HF:17:加砂中:延伸受阻:施工泵压:var
596,工况 延伸受阻,当前建议,当前建议: 无建议,E0589,E0597,worktype:红页L1HF:17:加砂中:延伸受阻,suggestion:红页L1HF:17:加砂中:延伸受阻
597,段号 17,施工情况,施工情况 加砂后,E0547,E0598,segment:红页L1HF:17,condition:红页L1HF:17:加砂后
598,施工情况 加砂后,施工时间,施工时间 2024-01-12 17:22:10,E0598,E0599,condition:红页L1HF:17:加砂后,condition_time:红页L1HF:17:加砂后
599,施工情况 加砂后,统计量,砂比平均值: 无数据,E0598,E0600,condition:红页L1HF:17:加砂后,condition_stats:红页L1HF:17:加砂后:砂比:mean
600,施工情况 加砂后,统计量,砂比方差: 无数据,E0598,E0601,condition:红页L1HF:17:加砂后,condition_stats:红页L1HF:17:加砂后:砂比:var
601,施工情况 加砂后,统计量,排量平均值: 9.9868,E0598,E0602,condition:红页L1HF:17:加砂后,condition_stats:红页L1HF:17:加砂后:排量:mean
602,施工情况 加砂后,统计量,排量方差: 12.115,E0598,E0603,condition:红页L1HF:17:加砂后,condition_stats:红页L1HF:17:加砂后:排量:var
603,施工情况 加砂后,统计量,施工泵压平均值: 85.4685,E0598,E0604,condition:红页L1HF:17:加砂后,condition_stats:红页L1HF:17:加砂后:施工泵压:mean
604,施工情况 加砂后,统计量,施工泵压方差: 126.7506,E0598,E0605,condition:红页L1HF:17:加砂后,condition_stats:红页L1HF:17:加砂后:施工泵压:var
605,施工情况 加砂后,工况,工况 延伸受阻,E0598,E0606,condition:红页L1HF:17:加砂后,worktype:红页L1HF:17:加砂后:延伸受阻
606,工况 延伸受阻,工况时间,工况时间 2024-01-12 17:22:10,E0606,E0607,worktype:红页L1HF:17:加砂后:延伸受阻,worktype_time:红页L1HF:17:加砂后:延伸受阻
607,工况 延伸受阻,统计量,砂比平均值: 无数据,E0606,E0608,worktype:红页L1HF:17:加砂后:延伸受阻,worktype_stats:红页L1HF:17:加砂后:延伸受阻:砂比:mean
608,工况 延伸受阻,统计量,砂比方差: 无数据,E0606,E0609,worktype:红页L1HF:17:加砂后:延伸受阻,worktype_stats:红页L1HF:17:加砂后:延伸受阻:砂比:var
609,工况 延伸受阻,统计量,排量平均值: 15.0892,E0606,E0610,worktype:红页L1HF:17:加砂后:延伸受阻,worktype_stats:红页L1HF:17:加砂后:延伸受阻:排量:mean
610,工况 延伸受阻,统计量,排量方差: 2.5201,E0606,E0611,worktype:红页L1HF:17:加砂后:延伸受阻,worktype_stats:红页L1HF:17:加砂后:延伸受阻:排量:var
611,工况 延伸受阻,统计量,施工泵压平均值: 88.7065,E0606,E0612,worktype:红页L1HF:17:加砂后:延伸受阻,worktype_stats:红页L1HF:17:加砂后:延伸受阻:施工泵压:mean
612,工况 延伸受阻,统计量,施工泵压方差: 2.5778,E0606,E0613,worktype:红页L1HF:17:加砂后:延伸受阻,worktype_stats:红页L1HF:17:加砂后:延伸受阻:施工泵压:var
613,工况 延伸受阻,当前建议,当前建议: 无建议,E0606,E0614,worktype:红页L1HF:17:加砂后:延伸受阻,suggestion:红页L1HF:17:加砂后:延伸受阻
614,井号 红页L1HF,段号,段号 18,E0001,E0615,well:红页L1HF,segment:红页L1HF:18
615,段号 18,段号时间,段号时间 2024-01-13 16:02:20,E0615,E0616,segment:红页L1HF:18,segment_time:红页L1HF:18
616,段号 18,统计量,砂比平均值: 9.9561,E0615,E0617,segment:红页L1HF:18,segment_stats:红页L1HF:18:砂比:mean
617,段号 18,统计量,砂比方差: 5.4314,E0615,E0618,segment:红页L1HF:18,segment_stats:红页L1HF:18:砂比:var
618,段号 18,统计量,排量平均值: 16.0175,E0615,E0619,segment:红页L1HF:18,segment_stats:红页L1HF:18:排量:mean
619,段号 18,统计量,排量方差: 105.9031,E0615,E0620,segment:红页L1HF:18,segment_stats:红页L1HF:18:排量:var
620,段号 18,统计量,施工泵压平均值: 67.7931,E0615,E0621,segment:红页L1HF:18,segment_stats:红页L1HF:18:施工泵压:mean
621,段号 18,统计量,施工泵压方差: 354.5006,E0615,E0622,segment:红页L1HF:18,segment_stats:红页L1HF:18:施工泵压:var
622,段号 18,施工情况,施工情况 加砂前,E0615,E0623,segment:红页L1HF:18,condition:红页L1HF:18:加砂前
623,施工情况 加砂前,施工时间,施工时间 2024-01-13 16:02:20,E0623,E0624,condition:红页L1HF:18:加砂前,condition_time:红页L1HF:18:加砂前
624,施工情况 加砂前,统计量,砂比平均值: 无数据,E0623,E0625,condition:红页L1HF:18:加砂前,condition_stats:红页L1HF:18:加砂前:砂比:mean
625,施工情况 加砂前,统计量,砂比方差: 无数据,E0623,E0626,condition:红页L1HF:18:加砂前,condition_stats:红页L1HF:18:加砂前:砂比:var
626,施工情况 加砂前,统计量,排量平均值: 8.1516,E0623,E0627,condition:红页L1HF:18:加砂前,condition_stats:红页L1HF:18:加砂前:排量:mean
627,施工情况 加砂前,统计量,排量方差: 53.4647,E0623,E0628,condition:红页L1HF:18:加砂前,condition_stats:红页L1HF:18:加砂前:排量:var
628,施工情况 加砂前,统计量,施工泵压平均值: 60.2757,E0623,E0629,condition:红页L1HF:18:加砂前,condition_stats:红页L1HF:18:加砂前:施工泵压:mean
629,施工情况 加砂前,统计量,施工泵压方差: 205.851,E0623,E0630,condition:红页L1HF:18:加砂前,condition_stats:红页L1HF:18:加砂前:施工泵压:var
630,段号 18,施工情况,施工情况 加砂中,E0615,E0631,segment:红页L1HF:18,condition:红页L1HF:18:加砂中
631,施工情况 加砂中,施工时间,施工时间 2024-01-13 16:40:00,E0631,E0632,condition:红页L1HF:18:加砂中,condition_time:红页L1HF:18:加砂中
632,施工情况 加砂中,统计量,砂比平均值: 9.9561,E0631,E0633,condition:红页L1HF:18:加砂中,condition_stats:红页L1HF:18:加砂中:砂比:mean
633,施工情况 加砂中,统计量,砂比方差: 5.4314,E0631,E0634,condition:红页L1HF:18:加砂中,condition_stats:红页L1HF:18:加砂中:砂比:var
634,施工情况 加砂中,统计量,排量平均值: 23.6377,E0631,E0635,condition:红页L1HF:18:加砂中,condition_stats:红页L1HF:18:加砂中:排量:mean
635,施工情况 加砂中,统计量,排量方差: 0.4627,E0631,E0636,condition:红页L1HF:18:加砂中,condition_stats:红页L1HF:18:加砂中:排量:var
636,施工情况 加砂中,统计量,施工泵压平均值: 80.3142,E0631,E0637,condition:红页L1HF:18:加砂中,condition_stats:红页L1HF:18:加砂中:施工泵压:mean
637,施工情况 加砂中,统计量,施工泵压方差: 11.7133,E0631,E0638,condition:红页L1HF:18:加砂中,condition_stats:红页L1HF:18:加砂中:施工泵压:var
638,施工情况 加砂中,工况,工况 缝内暂堵,E0631,E0639,condition:红页L1HF:18:加砂中,worktype:红页L1HF:18:加砂中:缝内暂堵
639,工况 缝内暂堵,工况时间,工况时间 2024-01-13 17:04:20,E0639,E0640,worktype:红页L1HF:18:加砂中:缝内暂堵,worktype_time:红页L1HF:18:加砂中:缝内暂堵
640,工况 缝内暂堵,统计量,砂比平均值: 7.2769,E0639,E0641,worktype:红页L1HF:18:加砂中:缝内暂堵,worktype_stats:红页L1HF:18:加砂中:缝内暂堵:砂比:mean
641,工况 缝内暂堵,统计量,砂比方差: 3.7541,E0639,E0642,worktype:红页L1HF:18:加砂中:缝内暂堵,worktype_stats:红页L1HF:18:加砂中:缝内暂堵:砂比:var
642,工况 缝内暂堵,统计量,排量平均值: 23.5718,E0639,E0643,worktype:红页L1HF:18:加砂中:缝内暂堵,worktype_stats:红页L1HF:18:加砂中:缝内暂堵:排量:mean
643,工况 缝内暂堵,统计量,排量方差: 0.2686,E0639,E0644,worktype:红页L1HF:18:加砂中:缝内暂堵,worktype_stats:红页L1HF:18:加砂中:缝内暂堵:排量:var
644,工况 缝内暂堵,统计量,施工泵压平均值: 77.8267,E0639,E0645,worktype:红页L1HF:18:加砂中:缝内暂堵,worktype_stats:红页L1HF:18:加砂中:缝内暂堵:施工泵压:mean
645,工况 缝内暂堵,统计量,施工泵压方差: 6.0742,E0639,E0646,worktype:红页L1HF:18:加砂中:缝内暂堵,worktype_stats:红页L1HF:18:加砂中:缝内暂堵:施工泵压:var
646,工况 缝内暂堵,当前建议,当前建议: 无建议,E0639,E0647,worktype:红页L1HF:18:加砂中:缝内暂堵,suggestion:红页L1HF:18:加砂中:缝内暂堵
647,施工情况 加砂中,工况,工况 缝口暂堵,E0631,E0648,condition:红页L1HF:18:加砂中,worktype:红页L1HF:18:加砂中:缝口暂堵
648,工况 缝口暂堵,工况时间,工况时间 2024-01-13 17:33:00,E0648,E0649,worktype:红页L1HF:18:加砂中:缝口暂堵,worktype_time:红页L1HF:18:加砂中:缝口暂堵
649,工况 缝口暂堵,统计量,砂比平均值: 8.5542,E0648,E0650,worktype:红页L1HF:18:加砂中:缝口暂堵,worktype_stats:红页L1HF:18:加砂中:缝口暂堵:砂比:mean
650,工况 缝口暂堵,统计量,砂比方差: 7.9825,E0648,E0651,worktype:红页L1HF:18:加砂中:缝口暂堵,worktype_stats:红页L1HF:18:加砂中:缝口暂堵:砂比:var
651,工况 缝口暂堵,统计量,排量平均值: 22.9024,E0648,E0652,worktype:红页L1HF:18:加砂中:缝口暂堵,worktype_stats:红页L1HF:18:加砂中:缝口暂堵:排量:mean
652,工况 缝口暂堵,统计量,排量方差: 2.7999,E0648,E0653,worktype:红页L1HF:18:加砂中:缝口暂堵,worktype_stats:红页L1HF:18:加砂中:缝口暂堵:排量:var
653,工况 缝口暂堵,统计量,施工泵压平均值: 79.0464,E0648,E0654,worktype:红页L1HF:18:加砂中:缝口暂堵,worktype_stats:红页L1HF:18:加砂中:缝口暂堵:施工泵压:mean
654,工况 缝口暂堵,统计量,施工泵压方差: 19.9111,E0648,E0655,worktype:红页L1HF:18:加砂中:缝口暂堵,worktype_stats:红页L1HF:18:加砂中:缝口暂堵:施工泵压:var
655,工况 缝口暂堵,当前建议,当前建议: 无建议,E0648,E0656,worktype:红页L1HF:18:加砂中:缝口暂堵,suggestion:红页L1HF:18:加砂中:缝口暂堵
656,施工情况 加砂中,工况,工况 主缝延伸,E0631,E0657,condition:红页L1HF:18:加砂中,worktype:红页L1HF:18:加砂中:主缝延伸
657,工况 主缝延伸,工况时间,工况时间 2024-01-13 18:04:20,E0657,E0658,worktype:红页L1HF:18:加砂中:主缝延伸,worktype_time:红页L1HF:18:加砂中:主缝延伸
658,工况 主缝延伸,统计量,砂比平均值: 11.2691,E0657,E0659,worktype:红页L1HF:18:加砂中:主缝延伸,worktype_stats:红页L1HF:18:加砂中:主缝延伸:砂比:mean
659,工况 主缝延伸,统计量,砂比方差: 4.4038,E0657,E0660,worktype:红页L1HF:18:加砂中:主缝延伸,worktype_stats:红页L1HF:18:加砂中:主缝延伸:砂比:var
660,工况 主缝延伸,统计量,排量平均值: 24.0329,E0657,E0661,worktype:红页L1HF:18:加砂中:主缝延伸,worktype_stats:红页L1HF:18:加砂中:主缝延伸:排量:mean
661,工况 主缝延伸,统计量,排量方差: 0.0001,E0657,E0662,worktype:红页L1HF:18:加砂中:主缝延伸,worktype_stats:红页L1HF:18:加砂中:主缝延伸:排量:var
662,工况 主缝延伸,统计量,施工泵压平均值: 83.1101,E0657,E0663,worktype:红页L1HF:18:加砂中:主缝延伸,worktype_stats:红页L1HF:18:加砂中:主缝延伸:施工泵压:mean
663,工况 主缝延伸,统计量,施工泵压方差: 3.2891,E0657,E0664,worktype:红页L1HF:18:加砂中:主缝延伸,worktype_stats:红页L1HF:18:加砂中:主缝延伸:施工泵压:var
664,工况 主缝延伸,当前建议,当前建议: 保持当前措施,E0657,E0665,worktype:红页L1HF:18:加砂中:主缝延伸,suggestion:红页L1HF:18:加砂中:主缝延伸
665,段号 18,施工情况,施工情况 加砂后,E0615,E0666,segment:红页L1HF:18,condition:红页L1HF:18:加砂后
666,施工情况 加砂后,施工时间,施工时间 2024-01-13 18:22:00,E0666,E0667,condition:红页L1HF:18:加砂后,condition_time:红页L1HF:18:加砂后
667,施工情况 加砂后,统计量,砂比平均值: 无数据,E0666,E0668,condition:红页L1HF:18:加砂后,condition_stats:红页L1HF:18:加砂后:砂比:mean
668,施工情况 加砂后,统计量,砂比方差: 无数据,E0666,E0669,condition:红页L1HF:18:加砂后,condition_stats:红页L1HF:18:加砂后:砂比:var
669,施工情况 加砂后,统计量,排量平均值: 2.2057,E0666,E0670,condition:红页L1HF:18:加砂后,condition_stats:红页L1HF:18:加砂后:排量:mean
670,施工情况 加砂后,统计量,排量方差: 45.0523,E0666,E0671,condition:红页L1HF:18:加砂后,condition_stats:红页L1HF:18:加砂后:排量:var
671,施工情况 加砂后,统计量,施工泵压平均值: 39.0629,E0666,E0672,condition:红页L1HF:18:加砂后,condition_stats:红页L1HF:18:加砂后:施工泵压:mean
672,施工情况 加砂后,统计量,施工泵压方差: 183.3668,E0666,E0673,condition:红页L1HF:18:加砂后,condition_stats:红页L1HF:18:加砂后:施工泵压:var
673,施工情况 加砂后,工况,工况 主缝延伸,E0666,E0674,condition:红页L1HF:18:加砂后,worktype:红页L1HF:18:加砂后:主缝延伸
674,工况 主缝延伸,工况时间,工况时间 2024-01-13 18:22:00,E0674,E0675,worktype:红页L1HF:18:加砂后:主缝延伸,worktype_time:红页L1HF:18:加砂后:主缝延伸
675,工况 主缝延伸,统计量,砂比平均值: 无数据,E0674,E0676,worktype:红页L1HF:18:加砂后:主缝延伸,worktype_stats:红页L1HF:18:加砂后:主缝延伸:砂比:mean
676,工况 主缝延伸,统计量,砂比方差: 无数据,E0674,E0677,worktype:红页L1HF:18:加砂后:主缝延伸,worktype_stats:红页L1HF:18:加砂后:主缝延伸:砂比:var
677,工况 主缝延伸,统计量,排量平均值: 24.04,E0674,E0678,worktype:红页L1HF:18:加砂后:主缝延伸,worktype_stats:红页L1HF:18:加砂后:主缝延伸:排量:mean
678,工况 主缝延伸,统计量,排量方差: 0.0,E0674,E0679,worktype:红页L1HF:18:加砂后:主缝延伸,worktype_stats:红页L1HF:18:加砂后:主缝延伸:排量:var
679,工况 主缝延伸,统计量,施工泵压平均值: 82.02,E0674,E0680,worktype:红页L1HF:18:加砂后:主缝延伸,worktype_stats:红页L1HF:18:加砂后:主缝延伸:施工泵压:mean
680,工况 主缝延伸,统计量,施工泵压方差: 0.0,E0674,E0681,worktype:红页L1HF:18:加砂后:主缝延伸,worktype_stats:红页L1HF:18:加砂后:主缝延伸:施工泵压:var
681,工况 主缝延伸,当前建议,当前建议: 保持当前措施,E0674,E0682,worktype:红页L1HF:18:加砂后:主缝延伸,suggestion:红页L1HF:18:加砂后:主缝延伸
682,井号 红页L1HF,段号,段号 19,E0001,E0683,well:红页L1HF,segment:红页L1HF:19
683,段号 19,段号时间,段号时间 2024-01-14 07:46:00,E0683,E0684,segment:红页L1HF:19,segment_time:红页L1HF:19
684,段号 19,统计量,砂比平均值: 9.6791,E0683,E0685,segment:红页L1HF:19,segment_stats:红页L1HF:19:砂比:mean
685,段号 19,统计量,砂比方差: 5.8663,E0683,E0686,segment:红页L1HF:19,segment_stats:红页L1HF:19:砂比:var
686,段号 19,统计量,排量平均值: 16.0491,E0683,E0687,segment:红页L1HF:19,segment_stats:红页L1HF:19:排量:mean
687,段号 19,统计量,排量方差: 112.0055,E0683,E0688,segment:红页L1HF:19,segment_stats:红页L1HF:19:排量:var
688,段号 19,统计量,施工泵压平均值: 69.4963,E0683,E0689,segment:红页L1HF:19,segment_stats:红页L1HF:19:施工泵压:mean
689,段号 19,统计量,施工泵压方差: 388.4978,E0683,E0690,segment:红页L1HF:19,segment_stats:红页L1HF:19:施工泵压:var
690,段号 19,施工情况,施工情况 加砂前,E0683,E0691,segment:红页L1HF:19,condition:红页L1HF:19:加砂前
691,施工情况 加砂前,施工时间,施工时间 2024-01-14 07:46:00,E0691,E0692,condition:红页L1HF:19:加砂前,condition_time:红页L1HF:19:加砂前
692,施工情况 加砂前,统计量,砂比平均值: 无数据,E0691,E0693,condition:红页L1HF:19:加砂前,condition_stats:红页L1HF:19:加砂前:砂比:mean
693,施工情况 加砂前,统计量,砂比方差: 无数据,E0691,E0694,condition:红页L1HF:19:加砂前,condition_stats:红页L1HF:19:加砂前:砂比:var
694,施工情况 加砂前,统计量,排量平均值: 9.2166,E0691,E0695,condition:红页L1HF:19:加砂前,condition_stats:红页L1HF:19:加砂前:排量:mean
695,施工情况 加砂前,统计量,排量方差: 63.3102,E0691,E0696,condition:红页L1HF:19:加砂前,condition_stats:红页L1HF:19:加砂前:排量:var
696,施工情况 加砂前,统计量,施工泵压平均值: 60.4191,E0691,E0697,condition:红页L1HF:19:加砂前,condition_stats:红页L1HF:19:加砂前:施工泵压:mean
697,施工情况 加砂前,统计量,施工泵压方差: 286.5138,E0691,E0698,condition:红页L1HF:19:加砂前,condition_stats:红页L1HF:19:加砂前:施工泵压:var
698,段号 19,施工情况,施工情况 加砂中,E0683,E0699,segment:红页L1HF:19,condition:红页L1HF:19:加砂中
699,施工情况 加砂中,施工时间,施工时间 2024-01-14 08:20:40,E0699,E0700,condition:红页L1HF:19:加砂中,condition_time:红页L1HF:19:加砂中
700,施工情况 加砂中,统计量,砂比平均值: 9.6791,E0699,E0701,condition:红页L1HF:19:加砂中,condition_stats:红页L1HF:19:加砂中:砂比:mean
701,施工情况 加砂中,统计量,砂比方差: 5.8663,E0699,E0702,condition:红页L1HF:19:加砂中,condition_stats:红页L1HF:19:加砂中:砂比:var
702,施工情况 加砂中,统计量,排量平均值: 24.0034,E0699,E0703,condition:红页L1HF:19:加砂中,condition_stats:红页L1HF:19:加砂中:排量:mean
703,施工情况 加砂中,统计量,排量方差: 0.2524,E0699,E0704,condition:红页L1HF:19:加砂中,condition_stats:红页L1HF:19:加砂中:排量:var
704,施工情况 加砂中,统计量,施工泵压平均值: 83.0463,E0699,E0705,condition:红页L1HF:19:加砂中,condition_stats:红页L1HF:19:加砂中:施工泵压:mean
705,施工情况 加砂中,统计量,施工泵压方差: 9.5203,E0699,E0706,condition:红页L1HF:19:加砂中,condition_stats:红页L1HF:19:加砂中:施工泵压:var
706,施工情况 加砂中,工况,工况 缝内暂堵,E0699,E0707,condition:红页L1HF:19:加砂中,worktype:红页L1HF:19:加砂中:缝内暂堵
707,工况 缝内暂堵,工况时间,工况时间 2024-01-14 08:44:40,E0707,E0708,worktype:红页L1HF:19:加砂中:缝内暂堵,worktype_time:红页L1HF:19:加砂中:缝内暂堵
708,工况 缝内暂堵,统计量,砂比平均值: 7.3478,E0707,E0709,worktype:红页L1HF:19:加砂中:缝内暂堵,worktype_stats:红页L1HF:19:加砂中:缝内暂堵:砂比:mean
709,工况 缝内暂堵,统计量,砂比方差: 3.3573,E0707,E0710,worktype:红页L1HF:19:加砂中:缝内暂堵,worktype_stats:红页L1HF:19:加砂中:缝内暂堵:砂比:var
710,工况 缝内暂堵,统计量,排量平均值: 24.0797,E0707,E0711,worktype:红页L1HF:19:加砂中:缝内暂堵,worktype_stats:红页L1HF:19:加砂中:缝内暂堵:排量:mean
711,工况 缝内暂堵,统计量,排量方差: 0.0001,E0707,E0712,worktype:红页L1HF:19:加砂中:缝内暂堵,worktype_stats:红页L1HF:19:加砂中:缝内暂堵:排量:var
712,工况 缝内暂堵,统计量,施工泵压平均值: 81.4492,E0707,E0713,worktype:红页L1HF:19:加砂中:缝内暂堵,worktype_stats:红页L1HF:19:加砂中:缝内暂堵:施工泵压:mean
713,工况 缝内暂堵,统计量,施工泵压方差: 10.4385,E0707,E0714,worktype:红页L1HF:19:加砂中:缝内暂堵,worktype_stats:红页L1HF:19:加砂中:缝内暂堵:施工泵压:var
714,工况 缝内暂堵,当前建议,当前建议: 无建议,E0707,E0715,worktype:红页L1HF:19:加砂中:缝内暂堵,suggestion:红页L1HF:19:加砂中:缝内暂堵
715,施工情况 加砂中,工况,工况 缝口暂堵,E0699,E0716,condition:红页L1HF:19:加砂中,worktype:红页L1HF:19:加砂中:缝口暂堵
716,工况 缝口暂堵,工况时间,工况时间 2024-01-14 09:13:00,E0716,E0717,worktype:红页L1HF:19:加砂中:缝口暂堵,worktype_time:红页L1HF:19:加砂中:缝口暂堵
717,工况 缝口暂堵,统计量,砂比平均值: 8.2963,E0716,E0718,worktype:红页L1HF:19:加砂中:缝口暂堵,worktype_stats:红页L1HF:19:加砂中:缝口暂堵:砂比:mean
718,工况 缝口暂堵,统计量,砂比方差: 5.0752,E0716,E0719,worktype:红页L1HF:19:加砂中:缝口暂堵,worktype_stats:红页L1HF:19:加砂中:缝口暂堵:砂比:var
719,工况 缝口暂堵,统计量,排量平均值: 23.1182,E0716,E0720,worktype:红页L1HF:19:加砂中:缝口暂堵,worktype_stats:红页L1HF:19:加砂中:缝口暂堵:排量:mean
720,工况 缝口暂堵,统计量,排量方差: 2.3343,E0716,E0721,worktype:红页L1HF:19:加砂中:缝口暂堵,worktype_stats:红页L1HF:19:加砂中:缝口暂堵:排量:var
721,工况 缝口暂堵,统计量,施工泵压平均值: 81.3891,E0716,E0722,worktype:红页L1HF:19:加砂中:缝口暂堵,worktype_stats:红页L1HF:19:加砂中:缝口暂堵:施工泵压:mean
722,工况 缝口暂堵,统计量,施工泵压方差: 19.1202,E0716,E0723,worktype:红页L1HF:19:加砂中:缝口暂堵,worktype_stats:红页L1HF:19:加砂中:缝口暂堵:施工泵压:var
723,工况 缝口暂堵,当前建议,当前建议: 无建议,E0716,E0724,worktype:红页L1HF:19:加砂中:缝口暂堵,suggestion:红页L1HF:19:加砂中:缝口暂堵
724,施工情况 加砂中,工况,工况 主缝延伸,E0699,E0725,condition:红页L1HF:19:加砂中,worktype:红页L1HF:19:加砂中:主缝延伸
725,工况 主缝延伸,工况时间,工况时间 2024-01-14 09:53:30,E0725,E0726,worktype:红页L1HF:19:加砂中:主缝延伸,worktype_time:红页L1HF:19:加砂中:主缝延伸
726,工况 主缝延伸,统计量,砂比平均值: 11.8222,E0725,E0727,worktype:红页L1HF:19:加砂中:主缝延伸,worktype_stats:红页L1HF:19:加砂中:主缝延伸:砂比:mean
727,工况 主缝延伸,统计量,砂比方差: 3.5626,E0725,E0728,worktype:红页L1HF:19:加砂中:主缝延伸,worktype_stats:红页L1HF:19:加砂中:主缝延伸:砂比:var
728,工况 主缝延伸,统计量,排量平均值: 24.07,E0725,E0729,worktype:红页L1HF:19:加砂中:主缝延伸,worktype_stats:红页L1HF:19:加砂中:主缝延伸:排量:mean
729,工况 主缝延伸,统计量,排量方差: 0.0,E0725,E0730,worktype:红页L1HF:19:加砂中:主缝延伸,worktype_stats:红页L1HF:19:加砂中:主缝延伸:排量:var
730,工况 主缝延伸,统计量,施工泵压平均值: 86.3549,E0725,E0731,worktype:红页L1HF:19:加砂中:主缝延伸,worktype_stats:红页L1HF:19:加砂中:主缝延伸:施工泵压:mean
731,工况 主缝延伸,统计量,施工泵压方差: 0.0842,E0725,E0732,worktype:红页L1HF:19:加砂中:主缝延伸,worktype_stats:红页L1HF:19:加砂中:主缝延伸:施工泵压:var
732,工况 主缝延伸,当前建议,当前建议: 保持当前措施,E0725,E0733,worktype:红页L1HF:19:加砂中:主缝延伸,suggestion:红页L1HF:19:加砂中:主缝延伸
733,段号 19,施工情况,施工情况 加砂后,E0683,E0734,segment:红页L1HF:19,condition:红页L1HF:19:加砂后
734,施工情况 加砂后,施工时间,施工时间 2024-01-14 10:01:00,E0734,E0735,condition:红页L1HF:19:加砂后,condition_time:红页L1HF:19:加砂后
735,施工情况 加砂后,统计量,砂比平均值: 无数据,E0734,E0736,condition:红页L1HF:19:加砂后,condition_stats:红页L1HF:19:加砂后:砂比:mean
736,施工情况 加砂后,统计量,砂比方差: 无数据,E0734,E0737,condition:红页L1HF:19:加砂后,condition_stats:红页L1HF:19:加砂后:砂比:var
737,施工情况 加砂后,统计量,排量平均值: 2.0686,E0734,E0738,condition:红页L1HF:19:加砂后,condition_stats:红页L1HF:19:加砂后:排量:mean
738,施工情况 加砂后,统计量,排量方差: 42.471,E0734,E0739,condition:红页L1HF:19:加砂后,condition_stats:红页L1HF:19:加砂后:排量:var
739,施工情况 加砂后,统计量,施工泵压平均值: 43.2916,E0734,E0740,condition:红页L1HF:19:加砂后,condition_stats:红页L1HF:19:加砂后:施工泵压:mean
740,施工情况 加砂后,统计量,施工泵压方差: 219.9578,E0734,E0741,condition:红页L1HF:19:加砂后,condition_stats:红页L1HF:19:加砂后:施工泵压:var
741,施工情况 加砂后,工况,工况 主缝延伸,E0734,E0742,condition:红页L1HF:19:加砂后,worktype:红页L1HF:19:加砂后:主缝延伸
742,工况 主缝延伸,工况时间,工况时间 2024-01-14 10:01:00,E0742,E0743,worktype:红页L1HF:19:加砂后:主缝延伸,worktype_time:红页L1HF:19:加砂后:主缝延伸
743,工况 主缝延伸,统计量,砂比平均值: 无数据,E0742,E0744,worktype:红页L1HF:19:加砂后:主缝延伸,worktype_stats:红页L1HF:19:加砂后:主缝延伸:砂比:mean
744,工况 主缝延伸,统计量,砂比方差: 无数据,E0742,E0745,worktype:红页L1HF:19:加砂后:主缝延伸,worktype_stats:红页L1HF:19:加砂后:主缝延伸:砂比:var
745,工况 主缝延伸,统计量,排量平均值: 24.07,E0742,E0746,worktype:红页L1HF:19:加砂后:主缝延伸,worktype_stats:红页L1HF:19:加砂后:主缝延伸:排量:mean
746,工况 主缝延伸,统计量,排量方差: 0.0,E0742,E0747,worktype:红页L1HF:19:加砂后:主缝延伸,worktype_stats:红页L1HF:19:加砂后:主缝延伸:排量:var
747,工况 主缝延伸,统计量,施工泵压平均值: 86.526,E0742,E0748,worktype:红页L1HF:19:加砂后:主缝延伸,worktype_stats:红页L1HF:19:加砂后:主缝延伸:施工泵压:mean
748,工况 主缝延伸,统计量,施工泵压方差: 0.0021,E0742,E0749,worktype:红页L1HF:19:加砂后:主缝延伸,worktype_stats:红页L1HF:19:加砂后:主缝延伸:施工泵压:var
749,工况 主缝延伸,当前建议,当前建议: 保持当前措施,E0742,E0750,worktype:红页L1HF:19:加砂后:主缝延伸,suggestion:红页L1HF:19:加砂后:主缝延伸
750,井号 红页L1HF,段号,段号 2,E0001,E0751,well:红页L1HF,segment:红页L1HF:2
751,段号 2,段号时间,段号时间 2024-01-05 08:41:30,E0751,E0752,segment:红页L1HF:2,segment_time:红页L1HF:2
752,段号 2,统计量,砂比平均值: 9.4044,E0751,E0753,segment:红页L1HF:2,segment_stats:红页L1HF:2:砂比:mean
753,段号 2,统计量,砂比方差: 5.8548,E0751,E0754,segment:红页L1HF:2,segment_stats:红页L1HF:2:砂比:var
754,段号 2,统计量,排量平均值: 12.9907,E0751,E0755,segment:红页L1HF:2,segment_stats:红页L1HF:2:排量:mean
755,段号 2,统计量,排量方差: 119.1341,E0751,E0756,segment:红页L1HF:2,segment_stats:红页L1HF:2:排量:var
756,段号 2,统计量,施工泵压平均值: 52.6909,E0751,E0757,segment:红页L1HF:2,segment_stats:红页L1HF:2:施工泵压:mean
757,段号 2,统计量,施工泵压方差: 447.4888,E0751,E0758,segment:红页L1HF:2,segment_stats:红页L1HF:2:施工泵压:var
758,段号 2,施工情况,施工情况 加砂前,E0751,E0759,segment:红页L1HF:2,condition:红页L1HF:2:加砂前
759,施工情况 加砂前,施工时间,施工时间 2024-01-05 08:41:30,E0759,E0760,condition:红页L1HF:2:加砂前,condition_time:红页L1HF:2:加砂前
760,施工情况 加砂前,统计量,砂比平均值: 无数据,E0759,E0761,condition:红页L1HF:2:加砂前,condition_stats:红页L1HF:2:加砂前:砂比:mean
761,施工情况 加砂前,统计量,砂比方差: 无数据,E0759,E0762,condition:红页L1HF:2:加砂前,condition_stats:红页L1HF:2:加砂前:砂比:var
762,施工情况 加砂前,统计量,排量平均值: 5.984,E0759,E0763,condition:红页L1HF:2:加砂前,condition_stats:红页L1HF:2:加砂前:排量:mean
763,施工情况 加砂前,统计量,排量方差: 45.2863,E0759,E0764,condition:红页L1HF:2:加砂前,condition_stats:红页L1HF:2:加砂前:排量:var
764,施工情况 加砂前,统计量,施工泵压平均值: 45.6901,E0759,E0765,condition:红页L1HF:2:加砂前,condition_stats:红页L1HF:2:加砂前:施工泵压:mean
765,施工情况 加砂前,统计量,施工泵压方差: 255.1716,E0759,E0766,condition:红页L1HF:2:加砂前,condition_stats:红页L1HF:2:加砂前:施工泵压:var
766,施工情况 加砂前,工况,工况 缝高延伸,E0759,E0767,condition:红页L1HF:2:加砂前,worktype:红页L1HF:2:加砂前:缝高延伸
767,工况 缝高延伸,工况时间,工况时间 2024-01-05 09:18:00,E0767,E0768,worktype:红页L1HF:2:加砂前:缝高延伸,worktype_time:红页L1HF:2:加砂前:缝高延伸
768,工况 缝高延伸,统计量,砂比平均值: 无数据,E0767,E0769,worktype:红页L1HF:2:加砂前:缝高延伸,worktype_stats:红页L1HF:2:加砂前:缝高延伸:砂比:mean
769,工况 缝高延伸,统计量,砂比方差: 无数据,E0767,E0770,worktype:红页L1HF:2:加砂前:缝高延伸,worktype_stats:红页L1HF:2:加砂前:缝高延伸:砂比:var
770,工况 缝高延伸,统计量,排量平均值: 20.3359,E0767,E0771,worktype:红页L1HF:2:加砂前:缝高延伸,worktype_stats:红页L1HF:2:加砂前:缝高延伸:排量:mean
771,工况 缝高延伸,统计量,排量方差: 7.1289,E0767,E0772,worktype:红页L1HF:2:加砂前:缝高延伸,worktype_stats:红页L1HF:2:加砂前:缝高延伸:排量:var
772,工况 缝高延伸,统计量,施工泵压平均值: 77.009,E0767,E0773,worktype:红页L1HF:2:加砂前:缝高延伸,worktype_stats:红页L1HF:2:加砂前:缝高延伸:施工泵压:mean
773,工况 缝高延伸,统计量,施工泵压方差: 35.144,E0767,E0774,worktype:红页L1HF:2:加砂前:缝高延伸,worktype_stats:红页L1HF:2:加砂前:缝高延伸:施工泵压:var
774,工况 缝高延伸,当前建议,当前建议: 保持当前措施,E0767,E0775,worktype:红页L1HF:2:加砂前:缝高延伸,suggestion:红页L1HF:2:加砂前:缝高延伸
775,段号 2,施工情况,施工情况 加砂中,E0751,E0776,segment:红页L1HF:2,condition:红页L1HF:2:加砂中
776,施工情况 加砂中,施工时间,施工时间 2024-01-05 09:25:00,E0776,E0777,condition:红页L1HF:2:加砂中,condition_time:红页L1HF:2:加砂中
777,施工情况 加砂中,统计量,砂比平均值: 9.4044,E0776,E0778,condition:红页L1HF:2:加砂中,condition_stats:红页L1HF:2:加砂中:砂比:mean
778,施工情况 加砂中,统计量,砂比方差: 5.8548,E0776,E0779,condition:红页L1HF:2:加砂中,condition_stats:红页L1HF:2:加砂中:砂比:var
779,施工情况 加砂中,统计量,排量平均值: 22.8635,E0776,E0780,condition:红页L1HF:2:加砂中,condition_stats:红页L1HF:2:加砂中:排量:mean
780,施工情况 加砂中,统计量,排量方差: 13.5689,E0776,E0781,condition:红页L1HF:2:加砂中,condition_stats:红页L1HF:2:加砂中:排量:var
781,施工情况 加砂中,统计量,施工泵压平均值: 69.4644,E0776,E0782,condition:红页L1HF:2:加砂中,condition_stats:红页L1HF:2:加砂中:施工泵压:mean
782,施工情况 加砂中,统计量,施工泵压方差: 68.5288,E0776,E0783,condition:红页L1HF:2:加砂中,condition_stats:红页L1HF:2:加砂中:施工泵压:var
783,施工情况 加砂中,工况,工况 缝高延伸,E0776,E0784,condition:红页L1HF:2:加砂中,worktype:红页L1HF:2:加砂中:缝高延伸
784,工况 缝高延伸,工况时间,工况时间 2024-01-05 09:25:00,E0784,E0785,worktype:红页L1HF:2:加砂中:缝高延伸,worktype_time:红页L1HF:2:加砂中:缝高延伸
785,工况 缝高延伸,统计量,砂比平均值: 3.2667,E0784,E0786,worktype:红页L1HF:2:加砂中:缝高延伸,worktype_stats:红页L1HF:2:加砂中:缝高延伸:砂比:mean
786,工况 缝高延伸,统计量,砂比方差: 3.5756,E0784,E0787,worktype:红页L1HF:2:加砂中:缝高延伸,worktype_stats:红页L1HF:2:加砂中:缝高延伸:砂比:var
787,工况 缝高延伸,统计量,排量平均值: 23.98,E0784,E0788,worktype:红页L1HF:2:加砂中:缝高延伸,worktype_stats:红页L1HF:2:加砂中:缝高延伸:排量:mean
788,工况 缝高延伸,统计量,排量方差: 0.0,E0784,E0789,worktype:红页L1HF:2:加砂中:缝高延伸,worktype_stats:红页L1HF:2:加砂中:缝高延伸:排量:var
789,工况 缝高延伸,统计量,施工泵压平均值: 63.9867,E0784,E0790,worktype:红页L1HF:2:加砂中:缝高延伸,worktype_stats:红页L1HF:2:加砂中:缝高延伸:施工泵压:mean
790,工况 缝高延伸,统计量,施工泵压方差: 0.0082,E0784,E0791,worktype:红页L1HF:2:加砂中:缝高延伸,worktype_stats:红页L1HF:2:加砂中:缝高延伸:施工泵压:var
791,工况 缝高延伸,当前建议,当前建议: 保持当前措施,E0784,E0792,worktype:红页L1HF:2:加砂中:缝高延伸,suggestion:红页L1HF:2:加砂中:缝高延伸
792,施工情况 加砂中,工况,工况 缝内暂堵,E0776,E0793,condition:红页L1HF:2:加砂中,worktype:红页L1HF:2:加砂中:缝内暂堵
793,工况 缝内暂堵,工况时间,工况时间 2024-01-05 09:47:50,E0793,E0794,worktype:红页L1HF:2:加砂中:缝内暂堵,worktype_time:红页L1HF:2:加砂中:缝内暂堵
794,工况 缝内暂堵,统计量,砂比平均值: 7.2286,E0793,E0795,worktype:红页L1HF:2:加砂中:缝内暂堵,worktype_stats:红页L1HF:2:加砂中:缝内暂堵:砂比:mean
795,工况 缝内暂堵,统计量,砂比方差: 4.722,E0793,E0796,worktype:红页L1HF:2:加砂中:缝内暂堵,worktype_stats:红页L1HF:2:加砂中:缝内暂堵:砂比:var
796,工况 缝内暂堵,统计量,排量平均值: 24.0076,E0793,E0797,worktype:红页L1HF:2:加砂中:缝内暂堵,worktype_stats:红页L1HF:2:加砂中:缝内暂堵:排量:mean
797,工况 缝内暂堵,统计量,排量方差: 0.0003,E0793,E0798,worktype:红页L1HF:2:加砂中:缝内暂堵,worktype_stats:红页L1HF:2:加砂中:缝内暂堵:排量:var
798,工况 缝内暂堵,统计量,施工泵压平均值: 69.9552,E0793,E0799,worktype:红页L1HF:2:加砂中:缝内暂堵,worktype_stats:红页L1HF:2:加砂中:缝内暂堵:施工泵压:mean
799,工况 缝内暂堵,统计量,施工泵压方差: 2.0408,E0793,E0800,worktype:红页L1HF:2:加砂中:缝内暂堵,worktype_stats:红页L1HF:2:加砂中:缝内暂堵:施工泵压:var
800,工况 缝内暂堵,当前建议,当前建议: 无建议,E0793,E0801,worktype:红页L1HF:2:加砂中:缝内暂堵,suggestion:红页L1HF:2:加砂中:缝内暂堵
801,施工情况 加砂中,工况,工况 缝口暂堵,E0776,E0802,condition:红页L1HF:2:加砂中,worktype:红页L1HF:2:加砂中:缝口暂堵
802,工况 缝口暂堵,工况时间,工况时间 2024-01-05 10:14:30,E0802,E0803,worktype:红页L1HF:2:加砂中:缝口暂堵,worktype_time:红页L1HF:2:加砂中:缝口暂堵
803,工况 缝口暂堵,统计量,砂比平均值: 8.273,E0802,E0804,worktype:红页L1HF:2:加砂中:缝口暂堵,worktype_stats:红页L1HF:2:加砂中:缝口暂堵:砂比:mean
804,工况 缝口暂堵,统计量,砂比方差: 5.2155,E0802,E0805,worktype:红页L1HF:2:加砂中:缝口暂堵,worktype_stats:红页L1HF:2:加砂中:缝口暂堵:砂比:var
805,工况 缝口暂堵,统计量,排量平均值: 16.3134,E0802,E0806,worktype:红页L1HF:2:加砂中:缝口暂堵,worktype_stats:红页L1HF:2:加砂中:缝口暂堵:排量:mean
806,工况 缝口暂堵,统计量,排量方差: 29.6774,E0802,E0807,worktype:红页L1HF:2:加砂中:缝口暂堵,worktype_stats:红页L1HF:2:加砂中:缝口暂堵:排量:var
807,工况 缝口暂堵,统计量,施工泵压平均值: 55.4605,E0802,E0808,worktype:红页L1HF:2:加砂中:缝口暂堵,worktype_stats:红页L1HF:2:加砂中:缝口暂堵:施工泵压:mean
808,工况 缝口暂堵,统计量,施工泵压方差: 128.3079,E0802,E0809,worktype:红页L1HF:2:加砂中:缝口暂堵,worktype_stats:红页L1HF:2:加砂中:缝口暂堵:施工泵压:var
809,工况 缝口暂堵,当前建议,当前建议: 无建议,E0802,E0810,worktype:红页L1HF:2:加砂中:缝口暂堵,suggestion:红页L1HF:2:加砂中:缝口暂堵
810,施工情况 加砂中,工况,工况 主缝延伸,E0776,E0811,condition:红页L1HF:2:加砂中,worktype:红页L1HF:2:加砂中:主缝延伸
811,工况 主缝延伸,工况时间,工况时间 2024-01-05 10:33:10,E0811,E0812,worktype:红页L1HF:2:加砂中:主缝延伸,worktype_time:红页L1HF:2:加砂中:主缝延伸
812,工况 主缝延伸,统计量,砂比平均值: 10.2313,E0811,E0813,worktype:红页L1HF:2:加砂中:主缝延伸,worktype_stats:红页L1HF:2:加砂中:主缝延伸:砂比:mean
813,工况 主缝延伸,统计量,砂比方差: 7.0063,E0811,E0814,worktype:红页L1HF:2:加砂中:主缝延伸,worktype_stats:红页L1HF:2:加砂中:主缝延伸:砂比:var
814,工况 主缝延伸,统计量,排量平均值: 24.0576,E0811,E0815,worktype:红页L1HF:2:加砂中:主缝延伸,worktype_stats:红页L1HF:2:加砂中:主缝延伸:排量:mean
815,工况 主缝延伸,统计量,排量方差: 0.0,E0811,E0816,worktype:红页L1HF:2:加砂中:主缝延伸,worktype_stats:红页L1HF:2:加砂中:主缝延伸:排量:var
816,工况 主缝延伸,统计量,施工泵压平均值: 75.6,E0811,E0817,worktype:红页L1HF:2:加砂中:主缝延伸,worktype_stats:红页L1HF:2:加砂中:主缝延伸:施工泵压:mean
817,工况 主缝延伸,统计量,施工泵压方差: 0.5247,E0811,E0818,worktype:红页L1HF:2:加砂中:主缝延伸,worktype_stats:红页L1HF:2:加砂中:主缝延伸:施工泵压:var
818,工况 主缝延伸,当前建议,当前建议: 保持当前措施,E0811,E0819,worktype:红页L1HF:2:加砂中:主缝延伸,suggestion:红页L1HF:2:加砂中:主缝延伸
819,段号 2,施工情况,施工情况 加砂后,E0751,E0820,segment:红页L1HF:2,condition:红页L1HF:2:加砂后
820,施工情况 加砂后,施工时间,施工时间 2024-01-05 10:41:20,E0820,E0821,condition:红页L1HF:2:加砂后,condition_time:红页L1HF:2:加砂后
821,施工情况 加砂后,统计量,砂比平均值: 无数据,E0820,E0822,condition:红页L1HF:2:加砂后,condition_stats:红页L1HF:2:加砂后:砂比:mean
822,施工情况 加砂后,统计量,砂比方差: 无数据,E0820,E0823,condition:红页L1HF:2:加砂后,condition_stats:红页L1HF:2:加砂后:砂比:var
823,施工情况 加砂后,统计量,排量平均值: 2.5883,E0820,E0824,condition:红页L1HF:2:加砂后,condition_stats:红页L1HF:2:加砂后:排量:mean
824,施工情况 加砂后,统计量,排量方差: 52.7089,E0820,E0825,condition:红页L1HF:2:加砂后,condition_stats:红页L1HF:2:加砂后:排量:var
825,施工情况 加砂后,统计量,施工泵压平均值: 29.6703,E0820,E0826,condition:红页L1HF:2:加砂后,condition_stats:红页L1HF:2:加砂后:施工泵压:mean
826,施工情况 加砂后,统计量,施工泵压方差: 252.2081,E0820,E0827,condition:红页L1HF:2:加砂后,condition_stats:红页L1HF:2:加砂后:施工泵压:var
827,施工情况 加砂后,工况,工况 主缝延伸,E0820,E0828,condition:红页L1HF:2:加砂后,worktype:红页L1HF:2:加砂后:主缝延伸
828,工况 主缝延伸,工况时间,工况时间 2024-01-05 10:41:20,E0828,E0829,worktype:红页L1HF:2:加砂后:主缝延伸,worktype_time:红页L1HF:2:加砂后:主缝延伸
829,工况 主缝延伸,统计量,砂比平均值: 无数据,E0828,E0830,worktype:红页L1HF:2:加砂后:主缝延伸,worktype_stats:红页L1HF:2:加砂后:主缝延伸:砂比:mean
830,工况 主缝延伸,统计量,砂比方差: 无数据,E0828,E0831,worktype:红页L1HF:2:加砂后:主缝延伸,worktype_stats:红页L1HF:2:加砂后:主缝延伸:砂比:var
831,工况 主缝延伸,统计量,排量平均值: 24.06,E0828,E0832,worktype:红页L1HF:2:加砂后:主缝延伸,worktype_stats:红页L1HF:2:加砂后:主缝延伸:排量:mean
832,工况 主缝延伸,统计量,排量方差: 0.0,E0828,E0833,worktype:红页L1HF:2:加砂后:主缝延伸,worktype_stats:红页L1HF:2:加砂后:主缝延伸:排量:var
833,工况 主缝延伸,统计量,施工泵压平均值: 76.18,E0828,E0834,worktype:红页L1HF:2:加砂后:主缝延伸,worktype_stats:红页L1HF:2:加砂后:主缝延伸:施工泵压:mean
834,工况 主缝延伸,统计量,施工泵压方差: 0.0753,E0828,E0835,worktype:红页L1HF:2:加砂后:主缝延伸,worktype_stats:红页L1HF:2:加砂后:主缝延伸:施工泵压:var
835,工况 主缝延伸,当前建议,当前建议: 保持当前措施,E0828,E0836,worktype:红页L1HF:2:加砂后:主缝延伸,suggestion:红页L1HF:2:加砂后:主缝延伸
836,井号 红页L1HF,段号,段号 20,E0001,E0837,well:红页L1HF,segment:红页L1HF:20
837,段号 20,段号时间,段号时间 2024-01-14 14:05:00,E0837,E0838,segment:红页L1HF:20,segment_time:红页L1HF:20
838,段号 20,统计量,砂比平均值: 9.7565,E0837,E0839,segment:红页L1HF:20,segment_stats:红页L1HF:20:砂比:mean
839,段号 20,统计量,砂比方差: 4.7686,E0837,E0840,segment:红页L1HF:20,segment_stats:红页L1HF:20:砂比:var
840,段号 20,统计量,排量平均值: 15.9474,E0837,E0841,segment:红页L1HF:20,segment_stats:红页L1HF:20:排量:mean
841,段号 20,统计量,排量方差: 107.516,E0837,E0842,segment:红页L1HF:20,segment_stats:红页L1HF:20:排量:var
842,段号 20,统计量,施工泵压平均值: 68.4912,E0837,E0843,segment:红页L1HF:20,segment_stats:红页L1HF:20:施工泵压:mean
843,段号 20,统计量,施工泵压方差: 358.0777,E0837,E0844,segment:红页L1HF:20,segment_stats:红页L1HF:20:施工泵压:var
844,段号 20,施工情况,施工情况 加砂前,E0837,E0845,segment:红页L1HF:20,condition:红页L1HF:20:加砂前
845,施工情况 加砂前,施工时间,施工时间 2024-01-14 14:05:00,E0845,E0846,condition:红页L1HF:20:加砂前,condition_time:红页L1HF:20:加砂前
846,施工情况 加砂前,统计量,砂比平均值: 无数据,E0845,E0847,condition:红页L1HF:20:加砂前,condition_stats:红页L1HF:20:加砂前:砂比:mean
847,施工情况 加砂前,统计量,砂比方差: 无数据,E0845,E0848,condition:红页L1HF:20:加砂前,condition_stats:红页L1HF:20:加砂前:砂比:var
848,施工情况 加砂前,统计量,排量平均值: 9.2892,E0845,E0849,condition:红页L1HF:20:加砂前,condition_stats:红页L1HF:20:加砂前:排量:mean
849,施工情况 加砂前,统计量,排量方差: 57.5522,E0845,E0850,condition:红页L1HF:20:加砂前,condition_stats:红页L1HF:20:加砂前:排量:var
850,施工情况 加砂前,统计量,施工泵压平均值: 60.3274,E0845,E0851,condition:红页L1HF:20:加砂前,condition_stats:红页L1HF:20:加砂前:施工泵压:mean
851,施工情况 加砂前,统计量,施工泵压方差: 202.7147,E0845,E0852,condition:红页L1HF:20:加砂前,condition_stats:红页L1HF:20:加砂前:施工泵压:var
852,段号 20,施工情况,施工情况 加砂中,E0837,E0853,segment:红页L1HF:20,condition:红页L1HF:20:加砂中
853,施工情况 加砂中,施工时间,施工时间 2024-01-14 14:40:50,E0853,E0854,condition:红页L1HF:20:加砂中,condition_time:红页L1HF:20:加砂中
854,施工情况 加砂中,统计量,砂比平均值: 9.7565,E0853,E0855,condition:红页L1HF:20:加砂中,condition_stats:红页L1HF:20:加砂中:砂比:mean
855,施工情况 加砂中,统计量,砂比方差: 4.7686,E0853,E0856,condition:红页L1HF:20:加砂中,condition_stats:红页L1HF:20:加砂中:砂比:var
856,施工情况 加砂中,统计量,排量平均值: 23.7217,E0853,E0857,condition:红页L1HF:20:加砂中,condition_stats:红页L1HF:20:加砂中:排量:mean
857,施工情况 加砂中,统计量,排量方差: 0.5435,E0853,E0858,condition:红页L1HF:20:加砂中,condition_stats:红页L1HF:20:加砂中:排量:var
858,施工情况 加砂中,统计量,施工泵压平均值: 81.3507,E0853,E0859,condition:红页L1HF:20:加砂中,condition_stats:红页L1HF:20:加砂中:施工泵压:mean
859,施工情况 加砂中,统计量,施工泵压方差: 17.4362,E0853,E0860,condition:红页L1HF:20:加砂中,condition_stats:红页L1HF:20:加砂中:施工泵压:var
860,施工情况 加砂中,工况,工况 缝内暂堵,E0853,E0861,condition:红页L1HF:20:加砂中,worktype:红页L1HF:20:加砂中:缝内暂堵
861,工况 缝内暂堵,工况时间,工况时间 2024-01-14 15:04:50,E0861,E0862,worktype:红页L1HF:20:加砂中:缝内暂堵,worktype_time:红页L1HF:20:加砂中:缝内暂堵
862,工况 缝内暂堵,统计量,砂比平均值: 7.0409,E0861,E0863,worktype:红页L1HF:20:加砂中:缝内暂堵,worktype_stats:红页L1HF:20:加砂中:缝内暂堵:砂比:mean
863,工况 缝内暂堵,统计量,砂比方差: 6.0861,E0861,E0864,worktype:红页L1HF:20:加砂中:缝内暂堵,worktype_stats:红页L1HF:20:加砂中:缝内暂堵:砂比:var
864,工况 缝内暂堵,统计量,排量平均值: 24.0242,E0861,E0865,worktype:红页L1HF:20:加砂中:缝内暂堵,worktype_stats:红页L1HF:20:加砂中:缝内暂堵:排量:mean
865,工况 缝内暂堵,统计量,排量方差: 0.0001,E0861,E0866,worktype:红页L1HF:20:加砂中:缝内暂堵,worktype_stats:红页L1HF:20:加砂中:缝内暂堵:排量:var
866,工况 缝内暂堵,统计量,施工泵压平均值: 80.415,E0861,E0867,worktype:红页L1HF:20:加砂中:缝内暂堵,worktype_stats:红页L1HF:20:加砂中:缝内暂堵:施工泵压:mean
867,工况 缝内暂堵,统计量,施工泵压方差: 9.2318,E0861,E0868,worktype:红页L1HF:20:加砂中:缝内暂堵,worktype_stats:红页L1HF:20:加砂中:缝内暂堵:施工泵压:var
868,工况 缝内暂堵,当前建议,当前建议: 无建议,E0861,E0869,worktype:红页L1HF:20:加砂中:缝内暂堵,suggestion:红页L1HF:20:加砂中:缝内暂堵
869,施工情况 加砂中,工况,工况 缝口暂堵,E0853,E0870,condition:红页L1HF:20:加砂中,worktype:红页L1HF:20:加砂中:缝口暂堵
870,工况 缝口暂堵,工况时间,工况时间 2024-01-14 15:34:30,E0870,E0871,worktype:红页L1HF:20:加砂中:缝口暂堵,worktype_time:红页L1HF:20:加砂中:缝口暂堵
871,工况 缝口暂堵,统计量,砂比平均值: 7.7462,E0870,E0872,worktype:红页L1HF:20:加砂中:缝口暂堵,worktype_stats:红页L1HF:20:加砂中:缝口暂堵:砂比:mean
872,工况 缝口暂堵,统计量,砂比方差: 0.524,E0870,E0873,worktype:红页L1HF:20:加砂中:缝口暂堵,worktype_stats:红页L1HF:20:加砂中:缝口暂堵:砂比:var
873,工况 缝口暂堵,统计量,排量平均值: 22.9033,E0870,E0874,worktype:红页L1HF:20:加砂中:缝口暂堵,worktype_stats:红页L1HF:20:加砂中:缝口暂堵:排量:mean
874,工况 缝口暂堵,统计量,排量方差: 2.8869,E0870,E0875,worktype:红页L1HF:20:加砂中:缝口暂堵,worktype_stats:红页L1HF:20:加砂中:缝口暂堵:排量:var
875,工况 缝口暂堵,统计量,施工泵压平均值: 79.8003,E0870,E0876,worktype:红页L1HF:20:加砂中:缝口暂堵,worktype_stats:红页L1HF:20:加砂中:缝口暂堵:施工泵压:mean
876,工况 缝口暂堵,统计量,施工泵压方差: 13.9273,E0870,E0877,worktype:红页L1HF:20:加砂中:缝口暂堵,worktype_stats:红页L1HF:20:加砂中:缝口暂堵:施工泵压:var
877,工况 缝口暂堵,当前建议,当前建议: 无建议,E0870,E0878,worktype:红页L1HF:20:加砂中:缝口暂堵,suggestion:红页L1HF:20:加砂中:缝口暂堵
878,施工情况 加砂中,工况,工况 主缝延伸,E0853,E0879,condition:红页L1HF:20:加砂中,worktype:红页L1HF:20:加砂中:主缝延伸
879,工况 主缝延伸,工况时间,工况时间 2024-01-14 16:12:00,E0879,E0880,worktype:红页L1HF:20:加砂中:主缝延伸,worktype_time:红页L1HF:20:加砂中:主缝延伸
880,工况 主缝延伸,统计量,砂比平均值: 11.6796,E0879,E0881,worktype:红页L1HF:20:加砂中:主缝延伸,worktype_stats:红页L1HF:20:加砂中:主缝延伸:砂比:mean
881,工况 主缝延伸,统计量,砂比方差: 2.7761,E0879,E0882,worktype:红页L1HF:20:加砂中:主缝延伸,worktype_stats:红页L1HF:20:加砂中:主缝延伸:砂比:var
882,工况 主缝延伸,统计量,排量平均值: 24.0043,E0879,E0883,worktype:红页L1HF:20:加砂中:主缝延伸,worktype_stats:红页L1HF:20:加砂中:主缝延伸:排量:mean
883,工况 主缝延伸,统计量,排量方差: 0.0,E0879,E0884,worktype:红页L1HF:20:加砂中:主缝延伸,worktype_stats:红页L1HF:20:加砂中:主缝延伸:排量:var
884,工况 主缝延伸,统计量,施工泵压平均值: 86.1757,E0879,E0885,worktype:红页L1HF:20:加砂中:主缝延伸,worktype_stats:红页L1HF:20:加砂中:主缝延伸:施工泵压:mean
885,工况 主缝延伸,统计量,施工泵压方差: 0.0645,E0879,E0886,worktype:红页L1HF:20:加砂中:主缝延伸,worktype_stats:红页L1HF:20:加砂中:主缝延伸:施工泵压:var
886,工况 主缝延伸,当前建议,当前建议: 保持当前措施,E0879,E0887,worktype:红页L1HF:20:加砂中:主缝延伸,suggestion:红页L1HF:20:加砂中:主缝延伸
887,段号 20,施工情况,施工情况 加砂后,E0837,E0888,segment:红页L1HF:20,condition:红页L1HF:20:加砂后
888,施工情况 加砂后,施工时间,施工时间 2024-01-14 16:21:10,E0888,E0889,condition:红页L1HF:20:加砂后,condition_time:红页L1HF:20:加砂后
889,施工情况 加砂后,统计量,砂比平均值: 无数据,E0888,E0890,condition:红页L1HF:20:加砂后,condition_stats:红页L1HF:20:加砂后:砂比:mean
890,施工情况 加砂后,统计量,砂比方差: 无数据,E0888,E0891,condition:红页L1HF:20:加砂后,condition_stats:红页L1HF:20:加砂后:砂比:var
891,施工情况 加砂后,统计量,排量平均值: 1.9939,E0888,E0892,condition:红页L1HF:20:加砂后,condition_stats:红页L1HF:20:加砂后:排量:mean
892,施工情况 加砂后,统计量,排量方差: 41.3919,E0888,E0893,condition:红页L1HF:20:加砂后,condition_stats:红页L1HF:20:加砂后:排量:var
893,施工情况 加砂后,统计量,施工泵压平均值: 42.5881,E0888,E0894,condition:红页L1HF:20:加砂后,condition_stats:红页L1HF:20:加砂后:施工泵压:mean
894,施工情况 加砂后,统计量,施工泵压方差: 238.2744,E0888,E0895,condition:红页L1HF:20:加砂后,condition_stats:红页L1HF:20:加砂后:施工泵压:var
895,施工情况 加砂后,工况,工况 主缝延伸,E0888,E0896,condition:红页L1HF:20:加砂后,worktype:红页L1HF:20:加砂后:主缝延伸
896,工况 主缝延伸,工况时间,工况时间 2024-01-14 16:21:10,E0896,E0897,worktype:红页L1HF:20:加砂后:主缝延伸,worktype_time:红页L1HF:20:加砂后:主缝延伸
897,工况 主缝延伸,统计量,砂比平均值: 无数据,E0896,E0898,worktype:红页L1HF:20:加砂后:主缝延伸,worktype_stats:红页L1HF:20:加砂后:主缝延伸:砂比:mean
898,工况 主缝延伸,统计量,砂比方差: 无数据,E0896,E0899,worktype:红页L1HF:20:加砂后:主缝延伸,worktype_stats:红页L1HF:20:加砂后:主缝延伸:砂比:var
899,工况 主缝延伸,统计量,排量平均值: 24.0067,E0896,E0900,worktype:红页L1HF:20:加砂后:主缝延伸,worktype_stats:红页L1HF:20:加砂后:主缝延伸:排量:mean
900,工况 主缝延伸,统计量,排量方差: 0.0,E0896,E0901,worktype:红页L1HF:20:加砂后:主缝延伸,worktype_stats:红页L1HF:20:加砂后:主缝延伸:排量:var
901,工况 主缝延伸,统计量,施工泵压平均值: 86.0667,E0896,E0902,worktype:红页L1HF:20:加砂后:主缝延伸,worktype_stats:红页L1HF:20:加砂后:主缝延伸:施工泵压:mean
902,工况 主缝延伸,统计量,施工泵压方差: 0.003,E0896,E0903,worktype:红页L1HF:20:加砂后:主缝延伸,worktype_stats:红页L1HF:20:加砂后:主缝延伸:施工泵压:var
903,工况 主缝延伸,当前建议,当前建议: 保持当前措施,E0896,E0904,worktype:红页L1HF:20:加砂后:主缝延伸,suggestion:红页L1HF:20:加砂后:主缝延伸
904,井号 红页L1HF,段号,段号 21,E0001,E0905,well:红页L1HF,segment:红页L1HF:21
905,段号 21,段号时间,段号时间 2024-01-15 08:33:10,E0905,E0906,segment:红页L1HF:21,segment_time:红页L1HF:21
906,段号 21,统计量,砂比平均值: 9.7207,E0905,E0907,segment:红页L1HF:21,segment_stats:红页L1HF:21:砂比:mean
907,段号 21,统计量,砂比方差: 6.2107,E0905,E0908,segment:红页L1HF:21,segment_stats:红页L1HF:21:砂比:var
908,段号 21,统计量,排量平均值: 16.144,E0905,E0909,segment:红页L1HF:21,segment_stats:红页L1HF:21:排量:mean
909,段号 21,统计量,排量方差: 108.5168,E0905,E0910,segment:红页L1HF:21,segment_stats:红页L1HF:21:排量:var
910,段号 21,统计量,施工泵压平均值: 72.1013,E0905,E0911,segment:红页L1HF:21,segment_stats:红页L1HF:21:施工泵压:mean
911,段号 21,统计量,施工泵压方差: 241.04,E0905,E0912,segment:红页L1HF:21,segment_stats:红页L1HF:21:施工泵压:var
912,段号 21,施工情况,施工情况 加砂前,E0905,E0913,segment:红页L1HF:21,condition:红页L1HF:21:加砂前
913,施工情况 加砂前,施工时间,施工时间 2024-01-15 08:33:10,E0913,E0914,condition:红页L1HF:21:加砂前,condition_time:红页L1HF:21:加砂前
914,施工情况 加砂前,统计量,砂比平均值: 无数据,E0913,E0915,condition:红页L1HF:21:加砂前,condition_stats:红页L1HF:21:加砂前:砂比:mean
915,施工情况 加砂前,统计量,砂比方差: 无数据,E0913,E0916,condition:红页L1HF:21:加砂前,condition_stats:红页L1HF:21:加砂前:砂比:var
916,施工情况 加砂前,统计量,排量平均值: 8.8196,E0913,E0917,condition:红页L1HF:21:加砂前,condition_stats:红页L1HF:21:加砂前:排量:mean
917,施工情况 加砂前,统计量,排量方差: 52.6552,E0913,E0918,condition:红页L1HF:21:加砂前,condition_stats:红页L1HF:21:加砂前:排量:var
918,施工情况 加砂前,统计量,施工泵压平均值: 62.61,E0913,E0919,condition:红页L1HF:21:加砂前,condition_stats:红页L1HF:21:加砂前:施工泵压:mean
919,施工情况 加砂前,统计量,施工泵压方差: 179.5773,E0913,E0920,condition:红页L1HF:21:加砂前,condition_stats:红页L1HF:21:加砂前:施工泵压:var
920,段号 21,施工情况,施工情况 加砂中,E0905,E0921,segment:红页L1HF:21,condition:红页L1HF:21:加砂中
921,施工情况 加砂中,施工时间,施工时间 2024-01-15 09:08:10,E0921,E0922,condition:红页L1HF:21:加砂中,condition_time:红页L1HF:21:加砂中
922,施工情况 加砂中,统计量,砂比平均值: 9.7207,E0921,E0923,condition:红页L1HF:21:加砂中,condition_stats:红页L1HF:21:加砂中:砂比:mean
923,施工情况 加砂中,统计量,砂比方差: 6.2107,E0921,E0924,condition:红页L1HF:21:加砂中,condition_stats:红页L1HF:21:加砂中:砂比:var
924,施工情况 加砂中,统计量,排量平均值: 23.9565,E0921,E0925,condition:红页L1HF:21:加砂中,condition_stats:红页L1HF:21:加砂中:排量:mean
925,施工情况 加砂中,统计量,排量方差: 0.2096,E0921,E0926,condition:红页L1HF:21:加砂中,condition_stats:红页L1HF:21:加砂中:排量:var
926,施工情况 加砂中,统计量,施工泵压平均值: 82.9048,E0921,E0927,condition:红页L1HF:21:加砂中,condition_stats:红页L1HF:21:加砂中:施工泵压:mean
927,施工情况 加砂中,统计量,施工泵压方差: 6.5769,E0921,E0928,condition:红页L1HF:21:加砂中,condition_stats:红页L1HF:21:加砂中:施工泵压:var
928,施工情况 加砂中,工况,工况 缝内暂堵,E0921,E0929,condition:红页L1HF:21:加砂中,worktype:红页L1HF:21:加砂中:缝内暂堵
929,工况 缝内暂堵,工况时间,工况时间 2024-01-15 09:33:20,E0929,E0930,worktype:红页L1HF:21:加砂中:缝内暂堵,worktype_time:红页L1HF:21:加砂中:缝内暂堵
930,工况 缝内暂堵,统计量,砂比平均值: 7.887,E0929,E0931,worktype:红页L1HF:21:加砂中:缝内暂堵,worktype_stats:红页L1HF:21:加砂中:缝内暂堵:砂比:mean
931,工况 缝内暂堵,统计量,砂比方差: 8.229,E0929,E0932,worktype:红页L1HF:21:加砂中:缝内暂堵,worktype_stats:红页L1HF:21:加砂中:缝内暂堵:砂比:var
932,工况 缝内暂堵,统计量,排量平均值: 24.0216,E0929,E0933,worktype:红页L1HF:21:加砂中:缝内暂堵,worktype_stats:红页L1HF:21:加砂中:缝内暂堵:排量:mean
933,工况 缝内暂堵,统计量,排量方差: 0.0001,E0929,E0934,worktype:红页L1HF:21:加砂中:缝内暂堵,worktype_stats:红页L1HF:21:加砂中:缝内暂堵:排量:var
934,工况 缝内暂堵,统计量,施工泵压平均值: 80.7252,E0929,E0935,worktype:红页L1HF:21:加砂中:缝内暂堵,worktype_stats:红页L1HF:21:加砂中:缝内暂堵:施工泵压:mean
935,工况 缝内暂堵,统计量,施工泵压方差: 13.6855,E0929,E0936,worktype:红页L1HF:21:加砂中:缝内暂堵,worktype_stats:红页L1HF:21:加砂中:缝内暂堵:施工泵压:var
936,工况 缝内暂堵,当前建议,当前建议: 无建议,E0929,E0937,worktype:红页L1HF:21:加砂中:缝内暂堵,suggestion:红页L1HF:21:加砂中:缝内暂堵
937,施工情况 加砂中,工况,工况 缝口暂堵,E0921,E0938,condition:红页L1HF:21:加砂中,worktype:红页L1HF:21:加砂中:缝口暂堵
938,工况 缝口暂堵,工况时间,工况时间 2024-01-15 10:03:40,E0938,E0939,worktype:红页L1HF:21:加砂中:缝口暂堵,worktype_time:红页L1HF:21:加砂中:缝口暂堵
939,工况 缝口暂堵,统计量,砂比平均值: 7.66,E0938,E0940,worktype:红页L1HF:21:加砂中:缝口暂堵,worktype_stats:红页L1HF:21:加砂中:缝口暂堵:砂比:mean
940,工况 缝口暂堵,统计量,砂比方差: 1.6304,E0938,E0941,worktype:红页L1HF:21:加砂中:缝口暂堵,worktype_stats:红页L1HF:21:加砂中:缝口暂堵:砂比:var
941,工况 缝口暂堵,统计量,排量平均值: 22.8186,E0938,E0942,worktype:红页L1HF:21:加砂中:缝口暂堵,worktype_stats:红页L1HF:21:加砂中:缝口暂堵:排量:mean
942,工况 缝口暂堵,统计量,排量方差: 2.7259,E0938,E0943,worktype:红页L1HF:21:加砂中:缝口暂堵,worktype_stats:红页L1HF:21:加砂中:缝口暂堵:排量:var
943,工况 缝口暂堵,统计量,施工泵压平均值: 78.2476,E0938,E0944,worktype:红页L1HF:21:加砂中:缝口暂堵,worktype_stats:红页L1HF:21:加砂中:缝口暂堵:施工泵压:mean
944,工况 缝口暂堵,统计量,施工泵压方差: 19.5654,E0938,E0945,worktype:红页L1HF:21:加砂中:缝口暂堵,worktype_stats:红页L1HF:21:加砂中:缝口暂堵:施工泵压:var
945,工况 缝口暂堵,当前建议,当前建议: 无建议,E0938,E0946,worktype:红页L1HF:21:加砂中:缝口暂堵,suggestion:红页L1HF:21:加砂中:缝口暂堵
946,施工情况 加砂中,工况,工况 主缝延伸,E0921,E0947,condition:红页L1HF:21:加砂中,worktype:红页L1HF:21:加砂中:主缝延伸
947,工况 主缝延伸,工况时间,工况时间 2024-01-15 10:32:40,E0947,E0948,worktype:红页L1HF:21:加砂中:主缝延伸,worktype_time:红页L1HF:21:加砂中:主缝延伸
948,工况 主缝延伸,统计量,砂比平均值: 11.4011,E0947,E0949,worktype:红页L1HF:21:加砂中:主缝延伸,worktype_stats:红页L1HF:21:加砂中:主缝延伸:砂比:mean
949,工况 主缝延伸,统计量,砂比方差: 3.2847,E0947,E0950,worktype:红页L1HF:21:加砂中:主缝延伸,worktype_stats:红页L1HF:21:加砂中:主缝延伸:砂比:var
950,工况 主缝延伸,统计量,排量平均值: 24.0162,E0947,E0951,worktype:红页L1HF:21:加砂中:主缝延伸,worktype_stats:红页L1HF:21:加砂中:主缝延伸:排量:mean
951,工况 主缝延伸,统计量,排量方差: 0.0001,E0947,E0952,worktype:红页L1HF:21:加砂中:主缝延伸,worktype_stats:红页L1HF:21:加砂中:主缝延伸:排量:var
952,工况 主缝延伸,统计量,施工泵压平均值: 84.9296,E0947,E0953,worktype:红页L1HF:21:加砂中:主缝延伸,worktype_stats:红页L1HF:21:加砂中:主缝延伸:施工泵压:mean
953,工况 主缝延伸,统计量,施工泵压方差: 1.6368,E0947,E0954,worktype:红页L1HF:21:加砂中:主缝延伸,worktype_stats:红页L1HF:21:加砂中:主缝延伸:施工泵压:var
954,工况 主缝延伸,当前建议,当前建议: 保持当前措施,E0947,E0955,worktype:红页L1HF:21:加砂中:主缝延伸,suggestion:红页L1HF:21:加砂中:主缝延伸
955,段号 21,施工情况,施工情况 加砂后,E0905,E0956,segment:红页L1HF:21,condition:红页L1HF:21:加砂后
956,施工情况 加砂后,施工时间,施工时间 2024-01-15 10:49:40,E0956,E0957,condition:红页L1HF:21:加砂后,condition_time:红页L1HF:21:加砂后
957,施工情况 加砂后,统计量,砂比平均值: 无数据,E0956,E0958,condition:红页L1HF:21:加砂后,condition_stats:红页L1HF:21:加砂后:砂比:mean
958,施工情况 加砂后,统计量,砂比方差: 无数据,E0956,E0959,condition:红页L1HF:21:加砂后,condition_stats:红页L1HF:21:加砂后:砂比:var
959,施工情况 加砂后,统计量,排量平均值: 2.1074,E0956,E0960,condition:红页L1HF:21:加砂后,condition_stats:红页L1HF:21:加砂后:排量:mean
960,施工情况 加砂后,统计量,排量方差: 43.8631,E0956,E0961,condition:红页L1HF:21:加砂后,condition_stats:红页L1HF:21:加砂后:排量:var
961,施工情况 加砂后,统计量,施工泵压平均值: 52.041,E0956,E0962,condition:红页L1HF:21:加砂后,condition_stats:红页L1HF:21:加砂后:施工泵压:mean
962,施工情况 加砂后,统计量,施工泵压方差: 133.5349,E0956,E0963,condition:红页L1HF:21:加砂后,condition_stats:红页L1HF:21:加砂后:施工泵压:var
963,井号 红页L1HF,段号,段号 22,E0001,E0964,well:红页L1HF,segment:红页L1HF:22
964,段号 22,段号时间,段号时间 2024-01-15 15:09:50,E0964,E0965,segment:红页L1HF:22,segment_time:红页L1HF:22
965,段号 22,统计量,砂比平均值: 9.9031,E0964,E0966,segment:红页L1HF:22,segment_stats:红页L1HF:22:砂比:mean
966,段号 22,统计量,砂比方差: 6.4288,E0964,E0967,segment:红页L1HF:22,segment_stats:红页L1HF:22:砂比:var
967,段号 22,统计量,排量平均值: 15.6145,E0964,E0968,segment:红页L1HF:22,segment_stats:红页L1HF:22:排量:mean
968,段号 22,统计量,排量方差: 115.0115,E0964,E0969,segment:红页L1HF:22,segment_stats:红页L1HF:22:排量:var
969,段号 22,统计量,施工泵压平均值: 60.3158,E0964,E0970,segment:红页L1HF:22,segment_stats:红页L1HF:22:施工泵压:mean
970,段号 22,统计量,施工泵压方差: 373.6146,E0964,E0971,segment:红页L1HF:22,segment_stats:红页L1HF:22:施工泵压:var
971,段号 22,施工情况,施工情况 加砂前,E0964,E0972,segment:红页L1HF:22,condition:红页L1HF:22:加砂前
972,施工情况 加砂前,施工时间,施工时间 2024-01-15 15:09:50,E0972,E0973,condition:红页L1HF:22:加砂前,condition_time:红页L1HF:22:加砂前
973,施工情况 加砂前,统计量,砂比平均值: 无数据,E0972,E0974,condition:红页L1HF:22:加砂前,condition_stats:红页L1HF:22:加砂前:砂比:mean
974,施工情况 加砂前,统计量,砂比方差: 无数据,E0972,E0975,condition:红页L1HF:22:加砂前,condition_stats:红页L1HF:22:加砂前:砂比:var
975,施工情况 加砂前,统计量,排量平均值: 8.5508,E0972,E0976,condition:红页L1HF:22:加砂前,condition_stats:红页L1HF:22:加砂前:排量:mean
976,施工情况 加砂前,统计量,排量方差: 65.5026,E0972,E0977,condition:红页L1HF:22:加砂前,condition_stats:红页L1HF:22:加砂前:排量:var
977,施工情况 加砂前,统计量,施工泵压平均值: 50.79,E0972,E0978,condition:红页L1HF:22:加砂前,condition_stats:红页L1HF:22:加砂前:施工泵压:mean
978,施工情况 加砂前,统计量,施工泵压方差: 202.2721,E0972,E0979,condition:红页L1HF:22:加砂前,condition_stats:红页L1HF:22:加砂前:施工泵压:var
979,段号 22,施工情况,施工情况 加砂中,E0964,E0980,segment:红页L1HF:22,condition:红页L1HF:22:加砂中
980,施工情况 加砂中,施工时间,施工时间 2024-01-15 15:46:20,E0980,E0981,condition:红页L1HF:22:加砂中,condition_time:红页L1HF:22:加砂中
981,施工情况 加砂中,统计量,砂比平均值: 9.9031,E0980,E0982,condition:红页L1HF:22:加砂中,condition_stats:红页L1HF:22:加砂中:砂比:mean
982,施工情况 加砂中,统计量,砂比方差: 6.4288,E0980,E0983,condition:红页L1HF:22:加砂中,condition_stats:红页L1HF:22:加砂中:砂比:var
983,施工情况 加砂中,统计量,排量平均值: 23.8716,E0980,E0984,condition:红页L1HF:22:加砂中,condition_stats:红页L1HF:22:加砂中:排量:mean
984,施工情况 加砂中,统计量,排量方差: 3.6732,E0980,E0985,condition:红页L1HF:22:加砂中,condition_stats:红页L1HF:22:加砂中:排量:var
985,施工情况 加砂中,统计量,施工泵压平均值: 74.3663,E0980,E0986,condition:红页L1HF:22:加砂中,condition_stats:红页L1HF:22:加砂中:施工泵压:mean
986,施工情况 加砂中,统计量,施工泵压方差: 19.6889,E0980,E0987,condition:红页L1HF:22:加砂中,condition_stats:红页L1HF:22:加砂中:施工泵压:var
987,施工情况 加砂中,工况,工况 缝内暂堵,E0980,E0988,condition:红页L1HF:22:加砂中,worktype:红页L1HF:22:加砂中:缝内暂堵
988,工况 缝内暂堵,工况时间,工况时间 2024-01-15 16:06:20,E0988,E0989,worktype:红页L1HF:22:加砂中:缝内暂堵,worktype_time:红页L1HF:22:加砂中:缝内暂堵
989,工况 缝内暂堵,统计量,砂比平均值: 7.0487,E0988,E0990,worktype:红页L1HF:22:加砂中:缝内暂堵,worktype_stats:红页L1HF:22:加砂中:缝内暂堵:砂比:mean
990,工况 缝内暂堵,统计量,砂比方差: 1.9399,E0988,E0991,worktype:红页L1HF:22:加砂中:缝内暂堵,worktype_stats:红页L1HF:22:加砂中:缝内暂堵:砂比:var
991,工况 缝内暂堵,统计量,排量平均值: 24.0751,E0988,E0992,worktype:红页L1HF:22:加砂中:缝内暂堵,worktype_stats:红页L1HF:22:加砂中:缝内暂堵:排量:mean
992,工况 缝内暂堵,统计量,排量方差: 0.0,E0988,E0993,worktype:红页L1HF:22:加砂中:缝内暂堵,worktype_stats:红页L1HF:22:加砂中:缝内暂堵:排量:var
993,工况 缝内暂堵,统计量,施工泵压平均值: 73.7928,E0988,E0994,worktype:红页L1HF:22:加砂中:缝内暂堵,worktype_stats:红页L1HF:22:加砂中:缝内暂堵:施工泵压:mean
994,工况 缝内暂堵,统计量,施工泵压方差: 15.2498,E0988,E0995,worktype:红页L1HF:22:加砂中:缝内暂堵,worktype_stats:红页L1HF:22:加砂中:缝内暂堵:施工泵压:var
995,工况 缝内暂堵,当前建议,当前建议: 无建议,E0988,E0996,worktype:红页L1HF:22:加砂中:缝内暂堵,suggestion:红页L1HF:22:加砂中:缝内暂堵
996,施工情况 加砂中,工况,工况 缝口暂堵,E0980,E0997,condition:红页L1HF:22:加砂中,worktype:红页L1HF:22:加砂中:缝口暂堵
997,工况 缝口暂堵,工况时间,工况时间 2024-01-15 16:30:20,E0997,E0998,worktype:红页L1HF:22:加砂中:缝口暂堵,worktype_time:红页L1HF:22:加砂中:缝口暂堵
998,工况 缝口暂堵,统计量,砂比平均值: 9.1037,E0997,E0999,worktype:红页L1HF:22:加砂中:缝口暂堵,worktype_stats:红页L1HF:22:加砂中:缝口暂堵:砂比:mean
999,工况 缝口暂堵,统计量,砂比方差: 11.2537,E0997,E1000,worktype:红页L1HF:22:加砂中:缝口暂堵,worktype_stats:红页L1HF:22:加砂中:缝口暂堵:砂比:var
1000,工况 缝口暂堵,统计量,排量平均值: 23.399,E0997,E1001,worktype:红页L1HF:22:加砂中:缝口暂堵,worktype_stats:红页L1HF:22:加砂中:缝口暂堵:排量:mean
1001,工况 缝口暂堵,统计量,排量方差: 1.9793,E0997,E1002,worktype:红页L1HF:22:加砂中:缝口暂堵,worktype_stats:红页L1HF:22:加砂中:缝口暂堵:排量:var
1002,工况 缝口暂堵,统计量,施工泵压平均值: 72.748,E0997,E1003,worktype:红页L1HF:22:加砂中:缝口暂堵,worktype_stats:红页L1HF:22:加砂中:缝口暂堵:施工泵压:mean
1003,工况 缝口暂堵,统计量,施工泵压方差: 12.2292,E0997,E1004,worktype:红页L1HF:22:加砂中:缝口暂堵,worktype_stats:红页L1HF:22:加砂中:缝口暂堵:施工泵压:var
1004,工况 缝口暂堵,当前建议,当前建议: 无建议,E0997,E1005,worktype:红页L1HF:22:加砂中:缝口暂堵,suggestion:红页L1HF:22:加砂中:缝口暂堵
1005,施工情况 加砂中,工况,工况 主缝延伸,E0980,E1006,condition:红页L1HF:22:加砂中,worktype:红页L1HF:22:加砂中:主缝延伸
1006,工况 主缝延伸,工况时间,工况时间 2024-01-15 16:59:10,E1006,E1007,worktype:红页L1HF:22:加砂中:主缝延伸,worktype_time:红页L1HF:22:加砂中:主缝延伸
1007,工况 主缝延伸,统计量,砂比平均值: 11.2096,E1006,E1008,worktype:红页L1HF:22:加砂中:主缝延伸,worktype_stats:红页L1HF:22:加砂中:主缝延伸:砂比:mean
1008,工况 主缝延伸,统计量,砂比方差: 4.6606,E1006,E1009,worktype:红页L1HF:22:加砂中:主缝延伸,worktype_stats:红页L1HF:22:加砂中:主缝延伸:砂比:var
1009,工况 主缝延伸,统计量,排量平均值: 24.0704,E1006,E1010,worktype:红页L1HF:22:加砂中:主缝延伸,worktype_stats:红页L1HF:22:加砂中:主缝延伸:排量:mean
1010,工况 主缝延伸,统计量,排量方差: 0.0,E1006,E1011,worktype:红页L1HF:22:加砂中:主缝延伸,worktype_stats:红页L1HF:22:加砂中:主缝延伸:排量:var
1011,工况 主缝延伸,统计量,施工泵压平均值: 77.2906,E1006,E1012,worktype:红页L1HF:22:加砂中:主缝延伸,worktype_stats:红页L1HF:22:加砂中:主缝延伸:施工泵压:mean
1012,工况 主缝延伸,统计量,施工泵压方差: 1.3891,E1006,E1013,worktype:红页L1HF:22:加砂中:主缝延伸,worktype_stats:红页L1HF:22:加砂中:主缝延伸:施工泵压:var
1013,工况 主缝延伸,当前建议,当前建议: 保持当前措施,E1006,E1014,worktype:红页L1HF:22:加砂中:主缝延伸,suggestion:红页L1HF:22:加砂中:主缝延伸
1014,段号 22,施工情况,施工情况 加砂后,E0964,E1015,segment:红页L1HF:22,condition:红页L1HF:22:加砂后
1015,施工情况 加砂后,施工时间,施工时间 2024-01-15 17:13:50,E1015,E1016,condition:红页L1HF:22:加砂后,condition_time:红页L1HF:22:加砂后
1016,施工情况 加砂后,统计量,砂比平均值: 无数据,E1015,E1017,condition:红页L1HF:22:加砂后,condition_stats:红页L1HF:22:加砂后:砂比:mean
1017,施工情况 加砂后,统计量,砂比方差: 无数据,E1015,E1018,condition:红页L1HF:22:加砂后,condition_stats:红页L1HF:22:加砂后:砂比:var
1018,施工情况 加砂后,统计量,排量平均值: 2.3062,E1015,E1019,condition:红页L1HF:22:加砂后,condition_stats:红页L1HF:22:加砂后:排量:mean
1019,施工情况 加砂后,统计量,排量方差: 48.1621,E1015,E1020,condition:红页L1HF:22:加砂后,condition_stats:红页L1HF:22:加砂后:排量:var
1020,施工情况 加砂后,统计量,施工泵压平均值: 34.8912,E1015,E1021,condition:红页L1HF:22:加砂后,condition_stats:红页L1HF:22:加砂后:施工泵压:mean
1021,施工情况 加砂后,统计量,施工泵压方差: 218.4014,E1015,E1022,condition:红页L1HF:22:加砂后,condition_stats:红页L1HF:22:加砂后:施工泵压:var
1022,施工情况 加砂后,工况,工况 主缝延伸,E1015,E1023,condition:红页L1HF:22:加砂后,worktype:红页L1HF:22:加砂后:主缝延伸
1023,工况 主缝延伸,工况时间,工况时间 2024-01-15 17:13:50,E1023,E1024,worktype:红页L1HF:22:加砂后:主缝延伸,worktype_time:红页L1HF:22:加砂后:主缝延伸
1024,工况 主缝延伸,统计量,砂比平均值: 无数据,E1023,E1025,worktype:红页L1HF:22:加砂后:主缝延伸,worktype_stats:红页L1HF:22:加砂后:主缝延伸:砂比:mean
1025,工况 主缝延伸,统计量,砂比方差: 无数据,E1023,E1026,worktype:红页L1HF:22:加砂后:主缝延伸,worktype_stats:红页L1HF:22:加砂后:主缝延伸:砂比:var
1026,工况 主缝延伸,统计量,排量平均值: 24.07,E1023,E1027,worktype:红页L1HF:22:加砂后:主缝延伸,worktype_stats:红页L1HF:22:加砂后:主缝延伸:排量:mean
1027,工况 主缝延伸,统计量,排量方差: 0.0,E1023,E1028,worktype:红页L1HF:22:加砂后:主缝延伸,worktype_stats:红页L1HF:22:加砂后:主缝延伸:排量:var
1028,工况 主缝延伸,统计量,施工泵压平均值: 77.2525,E1023,E1029,worktype:红页L1HF:22:加砂后:主缝延伸,worktype_stats:红页L1HF:22:加砂后:主缝延伸:施工泵压:mean
1029,工况 主缝延伸,统计量,施工泵压方差: 0.0091,E1023,E1030,worktype:红页L1HF:22:加砂后:主缝延伸,worktype_stats:红页L1HF:22:加砂后:主缝延伸:施工泵压:var
1030,工况 主缝延伸,当前建议,当前建议: 保持当前措施,E1023,E1031,worktype:红页L1HF:22:加砂后:主缝延伸,suggestion:红页L1HF:22:加砂后:主缝延伸
1031,井号 红页L1HF,段号,段号 23,E0001,E1032,well:红页L1HF,segment:红页L1HF:23
1032,段号 23,段号时间,段号时间 2024-01-16 08:28:30,E1032,E1033,segment:红页L1HF:23,segment_time:红页L1HF:23
1033,段号 23,统计量,砂比平均值: 9.2289,E1032,E1034,segment:红页L1HF:23,segment_stats:红页L1HF:23:砂比:mean
1034,段号 23,统计量,砂比方差: 6.1168,E1032,E1035,segment:红页L1HF:23,segment_stats:红页L1HF:23:砂比:var
1035,段号 23,统计量,排量平均值: 16.708,E1032,E1036,segment:红页L1HF:23,segment_stats:红页L1HF:23:排量:mean
1036,段号 23,统计量,排量方差: 106.8282,E1032,E1037,segment:红页L1HF:23,segment_stats:红页L1HF:23:排量:var
1037,段号 23,统计量,施工泵压平均值: 65.451,E1032,E1038,segment:红页L1HF:23,segment_stats:红页L1HF:23:施工泵压:mean
1038,段号 23,统计量,施工泵压方差: 393.2794,E1032,E1039,segment:红页L1HF:23,segment_stats:红页L1HF:23:施工泵压:var
1039,段号 23,施工情况,施工情况 加砂前,E1032,E1040,segment:红页L1HF:23,condition:红页L1HF:23:加砂前
1040,施工情况 加砂前,施工时间,施工时间 2024-01-16 08:28:30,E1040,E1041,condition:红页L1HF:23:加砂前,condition_time:红页L1HF:23:加砂前
1041,施工情况 加砂前,统计量,砂比平均值: 无数据,E1040,E1042,condition:红页L1HF:23:加砂前,condition_stats:红页L1HF:23:加砂前:砂比:mean
1042,施工情况 加砂前,统计量,砂比方差: 无数据,E1040,E1043,condition:红页L1HF:23:加砂前,condition_stats:红页L1HF:23:加砂前:砂比:var
1043,施工情况 加砂前,统计量,排量平均值: 8.4861,E1040,E1044,condition:红页L1HF:23:加砂前,condition_stats:红页L1HF:23:加砂前:排量:mean
1044,施工情况 加砂前,统计量,排量方差: 56.7168,E1040,E1045,condition:红页L1HF:23:加砂前,condition_stats:红页L1HF:23:加砂前:排量:var
1045,施工情况 加砂前,统计量,施工泵压平均值: 54.9813,E1040,E1046,condition:红页L1HF:23:加砂前,condition_stats:红页L1HF:23:加砂前:施工泵压:mean
1046,施工情况 加砂前,统计量,施工泵压方差: 357.8173,E1040,E1047,condition:红页L1HF:23:加砂前,condition_stats:红页L1HF:23:加砂前:施工泵压:var
1047,段号 23,施工情况,施工情况 加砂中,E1032,E1048,segment:红页L1HF:23,condition:红页L1HF:23:加砂中
1048,施工情况 加砂中,施工时间,施工时间 2024-01-16 08:59:10,E1048,E1049,condition:红页L1HF:23:加砂中,condition_time:红页L1HF:23:加砂中
1049,施工情况 加砂中,统计量,砂比平均值: 9.2289,E1048,E1050,condition:红页L1HF:23:加砂中,condition_stats:红页L1HF:23:加砂中:砂比:mean
1050,施工情况 加砂中,统计量,砂比方差: 6.1168,E1048,E1051,condition:红页L1HF:23:加砂中,condition_stats:红页L1HF:23:加砂中:砂比:var
1051,施工情况 加砂中,统计量,排量平均值: 23.8414,E1048,E1052,condition:红页L1HF:23:加砂中,condition_stats:红页L1HF:23:加砂中:排量:mean
1052,施工情况 加砂中,统计量,排量方差: 2.2697,E1048,E1053,condition:红页L1HF:23:加砂中,condition_stats:红页L1HF:23:加砂中:排量:var
1053,施工情况 加砂中,统计量,施工泵压平均值: 77.6916,E1048,E1054,condition:红页L1HF:23:加砂中,condition_stats:红页L1HF:23:加砂中:施工泵压:mean
1054,施工情况 加砂中,统计量,施工泵压方差: 15.4697,E1048,E1055,condition:红页L1HF:23:加砂中,condition_stats:红页L1HF:23:加砂中:施工泵压:var
1055,施工情况 加砂中,工况,工况 缝内暂堵,E1048,E1056,condition:红页L1HF:23:加砂中,worktype:红页L1HF:23:加砂中:缝内暂堵
1056,工况 缝内暂堵,工况时间,工况时间 2024-01-16 09:24:50,E1056,E1057,worktype:红页L1HF:23:加砂中:缝内暂堵,worktype_time:红页L1HF:23:加砂中:缝内暂堵
1057,工况 缝内暂堵,统计量,砂比平均值: 6.6061,E1056,E1058,worktype:红页L1HF:23:加砂中:缝内暂堵,worktype_stats:红页L1HF:23:加砂中:缝内暂堵:砂比:mean
1058,工况 缝内暂堵,统计量,砂比方差: 5.2745,E1056,E1059,worktype:红页L1HF:23:加砂中:缝内暂堵,worktype_stats:红页L1HF:23:加砂中:缝内暂堵:砂比:var
1059,工况 缝内暂堵,统计量,排量平均值: 24.0245,E1056,E1060,worktype:红页L1HF:23:加砂中:缝内暂堵,worktype_stats:红页L1HF:23:加砂中:缝内暂堵:排量:mean
1060,工况 缝内暂堵,统计量,排量方差: 0.0,E1056,E1061,worktype:红页L1HF:23:加砂中:缝内暂堵,worktype_stats:红页L1HF:23:加砂中:缝内暂堵:排量:var
1061,工况 缝内暂堵,统计量,施工泵压平均值: 76.595,E1056,E1062,worktype:红页L1HF:23:加砂中:缝内暂堵,worktype_stats:红页L1HF:23:加砂中:缝内暂堵:施工泵压:mean
1062,工况 缝内暂堵,统计量,施工泵压方差: 7.2502,E1056,E1063,worktype:红页L1HF:23:加砂中:缝内暂堵,worktype_stats:红页L1HF:23:加砂中:缝内暂堵:施工泵压:var
1063,工况 缝内暂堵,当前建议,当前建议: 无建议,E1056,E1064,worktype:红页L1HF:23:加砂中:缝内暂堵,suggestion:红页L1HF:23:加砂中:缝内暂堵
1064,施工情况 加砂中,工况,工况 缝口暂堵,E1048,E1065,condition:红页L1HF:23:加砂中,worktype:红页L1HF:23:加砂中:缝口暂堵
1065,工况 缝口暂堵,工况时间,工况时间 2024-01-16 09:54:30,E1065,E1066,worktype:红页L1HF:23:加砂中:缝口暂堵,worktype_time:红页L1HF:23:加砂中:缝口暂堵
1066,工况 缝口暂堵,统计量,砂比平均值: 8.1826,E1065,E1067,worktype:红页L1HF:23:加砂中:缝口暂堵,worktype_stats:红页L1HF:23:加砂中:缝口暂堵:砂比:mean
1067,工况 缝口暂堵,统计量,砂比方差: 7.4823,E1065,E1068,worktype:红页L1HF:23:加砂中:缝口暂堵,worktype_stats:红页L1HF:23:加砂中:缝口暂堵:砂比:var
1068,工况 缝口暂堵,统计量,排量平均值: 22.6248,E1065,E1069,worktype:红页L1HF:23:加砂中:缝口暂堵,worktype_stats:红页L1HF:23:加砂中:缝口暂堵:排量:mean
1069,工况 缝口暂堵,统计量,排量方差: 3.187,E1065,E1070,worktype:红页L1HF:23:加砂中:缝口暂堵,worktype_stats:红页L1HF:23:加砂中:缝口暂堵:排量:var
1070,工况 缝口暂堵,统计量,施工泵压平均值: 74.3439,E1065,E1071,worktype:红页L1HF:23:加砂中:缝口暂堵,worktype_stats:红页L1HF:23:加砂中:缝口暂堵:施工泵压:mean
1071,工况 缝口暂堵,统计量,施工泵压方差: 27.3205,E1065,E1072,worktype:红页L1HF:23:加砂中:缝口暂堵,worktype_stats:红页L1HF:23:加砂中:缝口暂堵:施工泵压:var
1072,工况 缝口暂堵,当前建议,当前建议: 无建议,E1065,E1073,worktype:红页L1HF:23:加砂中:缝口暂堵,suggestion:红页L1HF:23:加砂中:缝口暂堵
1073,施工情况 加砂中,工况,工况 主缝延伸,E1048,E1074,condition:红页L1HF:23:加砂中,worktype:红页L1HF:23:加砂中:主缝延伸
1074,工况 主缝延伸,工况时间,工况时间 2024-01-16 10:24:00,E1074,E1075,worktype:红页L1HF:23:加砂中:主缝延伸,worktype_time:红页L1HF:23:加砂中:主缝延伸
1075,工况 主缝延伸,统计量,砂比平均值: 9.5446,E1074,E1076,worktype:红页L1HF:23:加砂中:主缝延伸,worktype_stats:红页L1HF:23:加砂中:主缝延伸:砂比:mean
1076,工况 主缝延伸,统计量,砂比方差: 5.3929,E1074,E1077,worktype:红页L1HF:23:加砂中:主缝延伸,worktype_stats:红页L1HF:23:加砂中:主缝延伸:砂比:var
1077,工况 主缝延伸,统计量,排量平均值: 24.025,E1074,E1078,worktype:红页L1HF:23:加砂中:主缝延伸,worktype_stats:红页L1HF:23:加砂中:主缝延伸:排量:mean
1078,工况 主缝延伸,统计量,排量方差: 0.0,E1074,E1079,worktype:红页L1HF:23:加砂中:主缝延伸,worktype_stats:红页L1HF:23:加砂中:主缝延伸:排量:var
1079,工况 主缝延伸,统计量,施工泵压平均值: 80.5541,E1074,E1080,worktype:红页L1HF:23:加砂中:主缝延伸,worktype_stats:红页L1HF:23:加砂中:主缝延伸:施工泵压:mean
1080,工况 主缝延伸,统计量,施工泵压方差: 5.4067,E1074,E1081,worktype:红页L1HF:23:加砂中:主缝延伸,worktype_stats:红页L1HF:23:加砂中:主缝延伸:施工泵压:var
1081,工况 主缝延伸,当前建议,当前建议: 保持当前措施,E1074,E1082,worktype:红页L1HF:23:加砂中:主缝延伸,suggestion:红页L1HF:23:加砂中:主缝延伸
1082,段号 23,施工情况,施工情况 加砂后,E1032,E1083,segment:红页L1HF:23,condition:红页L1HF:23:加砂后
1083,施工情况 加砂后,施工时间,施工时间 2024-01-16 10:44:30,E1083,E1084,condition:红页L1HF:23:加砂后,condition_time:红页L1HF:23:加砂后
1084,施工情况 加砂后,统计量,砂比平均值: 无数据,E1083,E1085,condition:红页L1HF:23:加砂后,condition_stats:红页L1HF:23:加砂后:砂比:mean
1085,施工情况 加砂后,统计量,砂比方差: 无数据,E1083,E1086,condition:红页L1HF:23:加砂后,condition_stats:红页L1HF:23:加砂后:砂比:var
1086,施工情况 加砂后,统计量,排量平均值: 2.2022,E1083,E1087,condition:红页L1HF:23:加砂后,condition_stats:红页L1HF:23:加砂后:排量:mean
1087,施工情况 加砂后,统计量,排量方差: 46.514,E1083,E1088,condition:红页L1HF:23:加砂后,condition_stats:红页L1HF:23:加砂后:排量:var
1088,施工情况 加砂后,统计量,施工泵压平均值: 37.201,E1083,E1089,condition:红页L1HF:23:加砂后,condition_stats:红页L1HF:23:加砂后:施工泵压:mean
1089,施工情况 加砂后,统计量,施工泵压方差: 232.9139,E1083,E1090,condition:红页L1HF:23:加砂后,condition_stats:红页L1HF:23:加砂后:施工泵压:var
1090,施工情况 加砂后,工况,工况 主缝延伸,E1083,E1091,condition:红页L1HF:23:加砂后,worktype:红页L1HF:23:加砂后:主缝延伸
1091,工况 主缝延伸,工况时间,工况时间 2024-01-16 10:44:30,E1091,E1092,worktype:红页L1HF:23:加砂后:主缝延伸,worktype_time:红页L1HF:23:加砂后:主缝延伸
1092,工况 主缝延伸,统计量,砂比平均值: 无数据,E1091,E1093,worktype:红页L1HF:23:加砂后:主缝延伸,worktype_stats:红页L1HF:23:加砂后:主缝延伸:砂比:mean
1093,工况 主缝延伸,统计量,砂比方差: 无数据,E1091,E1094,worktype:红页L1HF:23:加砂后:主缝延伸,worktype_stats:红页L1HF:23:加砂后:主缝延伸:砂比:var
1094,工况 主缝延伸,统计量,排量平均值: 24.03,E1091,E1095,worktype:红页L1HF:23:加砂后:主缝延伸,worktype_stats:红页L1HF:23:加砂后:主缝延伸:排量:mean
1095,工况 主缝延伸,统计量,排量方差: 0.0,E1091,E1096,worktype:红页L1HF:23:加砂后:主缝延伸,worktype_stats:红页L1HF:23:加砂后:主缝延伸:排量:var
1096,工况 主缝延伸,统计量,施工泵压平均值: 81.32,E1091,E1097,worktype:红页L1HF:23:加砂后:主缝延伸,worktype_stats:红页L1HF:23:加砂后:主缝延伸:施工泵压:mean
1097,工况 主缝延伸,统计量,施工泵压方差: 0.0,E1091,E1098,worktype:红页L1HF:23:加砂后:主缝延伸,worktype_stats:红页L1HF:23:加砂后:主缝延伸:施工泵压:var
1098,工况 主缝延伸,当前建议,当前建议: 保持当前措施,E1091,E1099,worktype:红页L1HF:23:加砂后:主缝延伸,suggestion:红页L1HF:23:加砂后:主缝延伸
1099,井号 红页L1HF,段号,段号 24,E0001,E1100,well:红页L1HF,segment:红页L1HF:24
1100,段号 24,段号时间,段号时间 2024-01-16 15:04:10,E1100,E1101,segment:红页L1HF:24,segment_time:红页L1HF:24
1101,段号 24,统计量,砂比平均值: 9.7958,E1100,E1102,segment:红页L1HF:24,segment_stats:红页L1HF:24:砂比:mean
1102,段号 24,统计量,砂比方差: 4.823,E1100,E1103,segment:红页L1HF:24,segment_stats:红页L1HF:24:砂比:var
1103,段号 24,统计量,排量平均值: 16.5301,E1100,E1104,segment:红页L1HF:24,segment_stats:红页L1HF:24:排量:mean
1104,段号 24,统计量,排量方差: 107.3545,E1100,E1105,segment:红页L1HF:24,segment_stats:红页L1HF:24:排量:var
1105,段号 24,统计量,施工泵压平均值: 67.3468,E1100,E1106,segment:红页L1HF:24,segment_stats:红页L1HF:24:施工泵压:mean
1106,段号 24,统计量,施工泵压方差: 341.0599,E1100,E1107,segment:红页L1HF:24,segment_stats:红页L1HF:24:施工泵压:var
1107,段号 24,施工情况,施工情况 加砂前,E1100,E1108,segment:红页L1HF:24,condition:红页L1HF:24:加砂前
1108,施工情况 加砂前,施工时间,施工时间 2024-01-16 15:04:10,E1108,E1109,condition:红页L1HF:24:加砂前,condition_time:红页L1HF:24:加砂前
1109,施工情况 加砂前,统计量,砂比平均值: 无数据,E1108,E1110,condition:红页L1HF:24:加砂前,condition_stats:红页L1HF:24:加砂前:砂比:mean
1110,施工情况 加砂前,统计量,砂比方差: 无数据,E1108,E1111,condition:红页L1HF:24:加砂前,condition_stats:红页L1HF:24:加砂前:砂比:var
1111,施工情况 加砂前,统计量,排量平均值: 9.1188,E1108,E1112,condition:红页L1HF:24:加砂前,condition_stats:红页L1HF:24:加砂前:排量:mean
1112,施工情况 加砂前,统计量,排量方差: 63.7106,E1108,E1113,condition:红页L1HF:24:加砂前,condition_stats:红页L1HF:24:加砂前:排量:var
1113,施工情况 加砂前,统计量,施工泵压平均值: 52.5736,E1108,E1114,condition:红页L1HF:24:加砂前,condition_stats:红页L1HF:24:加砂前:施工泵压:mean
1114,施工情况 加砂前,统计量,施工泵压方差: 314.0002,E1108,E1115,condition:红页L1HF:24:加砂前,condition_stats:红页L1HF:24:加砂前:施工泵压:var
1115,段号 24,施工情况,施工情况 加砂中,E1100,E1116,segment:红页L1HF:24,condition:红页L1HF:24:加砂中
1116,施工情况 加砂中,施工时间,施工时间 2024-01-16 15:37:50,E1116,E1117,condition:红页L1HF:24:加砂中,condition_time:红页L1HF:24:加砂中
1117,施工情况 加砂中,统计量,砂比平均值: 9.7958,E1116,E1118,condition:红页L1HF:24:加砂中,condition_stats:红页L1HF:24:加砂中:砂比:mean
1118,施工情况 加砂中,统计量,砂比方差: 4.823,E1116,E1119,condition:红页L1HF:24:加砂中,condition_stats:红页L1HF:24:加砂中:砂比:var
1119,施工情况 加砂中,统计量,排量平均值: 23.7821,E1116,E1120,condition:红页L1HF:24:加砂中,condition_stats:红页L1HF:24:加砂中:排量:mean
1120,施工情况 加砂中,统计量,排量方差: 3.209,E1116,E1121,condition:红页L1HF:24:加砂中,condition_stats:红页L1HF:24:加砂中:排量:var
1121,施工情况 加砂中,统计量,施工泵压平均值: 79.5823,E1116,E1122,condition:红页L1HF:24:加砂中,condition_stats:红页L1HF:24:加砂中:施工泵压:mean
1122,施工情况 加砂中,统计量,施工泵压方差: 25.238,E1116,E1123,condition:红页L1HF:24:加砂中,condition_stats:红页L1HF:24:加砂中:施工泵压:var
1123,施工情况 加砂中,工况,工况 缝内暂堵,E1116,E1124,condition:红页L1HF:24:加砂中,worktype:红页L1HF:24:加砂中:缝内暂堵
1124,工况 缝内暂堵,工况时间,工况时间 2024-01-16 16:02:00,E1124,E1125,worktype:红页L1HF:24:加砂中:缝内暂堵,worktype_time:红页L1HF:24:加砂中:缝内暂堵
1125,工况 缝内暂堵,统计量,砂比平均值: 8.1302,E1124,E1126,worktype:红页L1HF:24:加砂中:缝内暂堵,worktype_stats:红页L1HF:24:加砂中:缝内暂堵:砂比:mean
1126,工况 缝内暂堵,统计量,砂比方差: 4.1677,E1124,E1127,worktype:红页L1HF:24:加砂中:缝内暂堵,worktype_stats:红页L1HF:24:加砂中:缝内暂堵:砂比:var
1127,工况 缝内暂堵,统计量,排量平均值: 24.0062,E1124,E1128,worktype:红页L1HF:24:加砂中:缝内暂堵,worktype_stats:红页L1HF:24:加砂中:缝内暂堵:排量:mean
1128,工况 缝内暂堵,统计量,排量方差: 0.0,E1124,E1129,worktype:红页L1HF:24:加砂中:缝内暂堵,worktype_stats:红页L1HF:24:加砂中:缝内暂堵:排量:var
1129,工况 缝内暂堵,统计量,施工泵压平均值: 77.6542,E1124,E1130,worktype:红页L1HF:24:加砂中:缝内暂堵,worktype_stats:红页L1HF:24:加砂中:缝内暂堵:施工泵压:mean
1130,工况 缝内暂堵,统计量,施工泵压方差: 11.7359,E1124,E1131,worktype:红页L1HF:24:加砂中:缝内暂堵,worktype_stats:红页L1HF:24:加砂中:缝内暂堵:施工泵压:var
1131,工况 缝内暂堵,当前建议,当前建议: 无建议,E1124,E1132,worktype:红页L1HF:24:加砂中:缝内暂堵,suggestion:红页L1HF:24:加砂中:缝内暂堵
1132,施工情况 加砂中,工况,工况 缝口暂堵,E1116,E1133,condition:红页L1HF:24:加砂中,worktype:红页L1HF:24:加砂中:缝口暂堵
1133,工况 缝口暂堵,工况时间,工况时间 2024-01-16 16:29:20,E1133,E1134,worktype:红页L1HF:24:加砂中:缝口暂堵,worktype_time:红页L1HF:24:加砂中:缝口暂堵
1134,工况 缝口暂堵,统计量,砂比平均值: 8.7185,E1133,E1135,worktype:红页L1HF:24:加砂中:缝口暂堵,worktype_stats:红页L1HF:24:加砂中:缝口暂堵:砂比:mean
1135,工况 缝口暂堵,统计量,砂比方差: 8.3215,E1133,E1136,worktype:红页L1HF:24:加砂中:缝口暂堵,worktype_stats:红页L1HF:24:加砂中:缝口暂堵:砂比:var
1136,工况 缝口暂堵,统计量,排量平均值: 22.4761,E1133,E1137,worktype:红页L1HF:24:加砂中:缝口暂堵,worktype_stats:红页L1HF:24:加砂中:缝口暂堵:排量:mean
1137,工况 缝口暂堵,统计量,排量方差: 3.2681,E1133,E1138,worktype:红页L1HF:24:加砂中:缝口暂堵,worktype_stats:红页L1HF:24:加砂中:缝口暂堵:排量:var
1138,工况 缝口暂堵,统计量,施工泵压平均值: 76.1618,E1133,E1139,worktype:红页L1HF:24:加砂中:缝口暂堵,worktype_stats:红页L1HF:24:加砂中:缝口暂堵:施工泵压:mean
1139,工况 缝口暂堵,统计量,施工泵压方差: 30.8623,E1133,E1140,worktype:红页L1HF:24:加砂中:缝口暂堵,worktype_stats:红页L1HF:24:加砂中:缝口暂堵:施工泵压:var
1140,工况 缝口暂堵,当前建议,当前建议: 无建议,E1133,E1141,worktype:红页L1HF:24:加砂中:缝口暂堵,suggestion:红页L1HF:24:加砂中:缝口暂堵
1141,施工情况 加砂中,工况,工况 主缝延伸,E1116,E1142,condition:红页L1HF:24:加砂中,worktype:红页L1HF:24:加砂中:主缝延伸
1142,工况 主缝延伸,工况时间,工况时间 2024-01-16 17:10:50,E1142,E1143,worktype:红页L1HF:24:加砂中:主缝延伸,worktype_time:红页L1HF:24:加砂中:主缝延伸
1143,工况 主缝延伸,统计量,砂比平均值: 10.6446,E1142,E1144,worktype:红页L1HF:24:加砂中:主缝延伸,worktype_stats:红页L1HF:24:加砂中:主缝延伸:砂比:mean
1144,工况 主缝延伸,统计量,砂比方差: 1.8479,E1142,E1145,worktype:红页L1HF:24:加砂中:主缝延伸,worktype_stats:红页L1HF:24:加砂中:主缝延伸:砂比:var
1145,工况 主缝延伸,统计量,排量平均值: 24.0019,E1142,E1146,worktype:红页L1HF:24:加砂中:主缝延伸,worktype_stats:红页L1HF:24:加砂中:主缝延伸:排量:mean
1146,工况 主缝延伸,统计量,排量方差: 0.0,E1142,E1147,worktype:红页L1HF:24:加砂中:主缝延伸,worktype_stats:红页L1HF:24:加砂中:主缝延伸:排量:var
1147,工况 主缝延伸,统计量,施工泵压平均值: 83.9554,E1142,E1148,worktype:红页L1HF:24:加砂中:主缝延伸,worktype_stats:红页L1HF:24:加砂中:主缝延伸:施工泵压:mean
1148,工况 主缝延伸,统计量,施工泵压方差: 0.2484,E1142,E1149,worktype:红页L1HF:24:加砂中:主缝延伸,worktype_stats:红页L1HF:24:加砂中:主缝延伸:施工泵压:var
1149,工况 主缝延伸,当前建议,当前建议: 保持当前措施,E1142,E1150,worktype:红页L1HF:24:加砂中:主缝延伸,suggestion:红页L1HF:24:加砂中:主缝延伸
1150,段号 24,施工情况,施工情况 加砂后,E1100,E1151,segment:红页L1HF:24,condition:红页L1HF:24:加砂后
1151,施工情况 加砂后,施工时间,施工时间 2024-01-16 17:23:40,E1151,E1152,condition:红页L1HF:24:加砂后,condition_time:红页L1HF:24:加砂后
1152,施工情况 加砂后,统计量,砂比平均值: 无数据,E1151,E1153,condition:红页L1HF:24:加砂后,condition_stats:红页L1HF:24:加砂后:砂比:mean
1153,施工情况 加砂后,统计量,砂比方差: 无数据,E1151,E1154,condition:红页L1HF:24:加砂后,condition_stats:红页L1HF:24:加砂后:砂比:var
1154,施工情况 加砂后,统计量,排量平均值: 2.1492,E1151,E1155,condition:红页L1HF:24:加砂后,condition_stats:红页L1HF:24:加砂后:排量:mean
1155,施工情况 加砂后,统计量,排量方差: 44.3872,E1151,E1156,condition:红页L1HF:24:加砂后,condition_stats:红页L1HF:24:加砂后:排量:var
1156,施工情况 加砂后,统计量,施工泵压平均值: 45.3644,E1151,E1157,condition:红页L1HF:24:加砂后,condition_stats:红页L1HF:24:加砂后:施工泵压:mean
1157,施工情况 加砂后,统计量,施工泵压方差: 165.7028,E1151,E1158,condition:红页L1HF:24:加砂后,condition_stats:红页L1HF:24:加砂后:施工泵压:var
1158,井号 红页L1HF,段号,段号 25,E0001,E1159,well:红页L1HF,segment:红页L1HF:25
1159,段号 25,段号时间,段号时间 2024-01-17 08:10:10,E1159,E1160,segment:红页L1HF:25,segment_time:红页L1HF:25
1160,段号 25,统计量,砂比平均值: 9.8244,E1159,E1161,segment:红页L1HF:25,segment_stats:红页L1HF:25:砂比:mean
1161,段号 25,统计量,砂比方差: 6.2097,E1159,E1162,segment:红页L1HF:25,segment_stats:红页L1HF:25:砂比:var
1162,段号 25,统计量,排量平均值: 16.6399,E1159,E1163,segment:红页L1HF:25,segment_stats:红页L1HF:25:排量:mean
1163,段号 25,统计量,排量方差: 106.6141,E1159,E1164,segment:红页L1HF:25,segment_stats:红页L1HF:25:排量:var
1164,段号 25,统计量,施工泵压平均值: 66.182,E1159,E1165,segment:红页L1HF:25,segment_stats:红页L1HF:25:施工泵压:mean
1165,段号 25,统计量,施工泵压方差: 316.01,E1159,E1166,segment:红页L1HF:25,segment_stats:红页L1HF:25:施工泵压:var
1166,段号 25,施工情况,施工情况 加砂前,E1159,E1167,segment:红页L1HF:25,condition:红页L1HF:25:加砂前
1167,施工情况 加砂前,施工时间,施工时间 2024-01-17 08:10:10,E1167,E1168,condition:红页L1HF:25:加砂前,condition_time:红页L1HF:25:加砂前
1168,施工情况 加砂前,统计量,砂比平均值: 无数据,E1167,E1169,condition:红页L1HF:25:加砂前,condition_stats:红页L1HF:25:加砂前:砂比:mean
1169,施工情况 加砂前,统计量,砂比方差: 无数据,E1167,E1170,condition:红页L1HF:25:加砂前,condition_stats:红页L1HF:25:加砂前:砂比:var
1170,施工情况 加砂前,统计量,排量平均值: 9.3531,E1167,E1171,condition:红页L1HF:25:加砂前,condition_stats:红页L1HF:25:加砂前:排量:mean
1171,施工情况 加砂前,统计量,排量方差: 65.9788,E1167,E1172,condition:红页L1HF:25:加砂前,condition_stats:红页L1HF:25:加砂前:排量:var
1172,施工情况 加砂前,统计量,施工泵压平均值: 59.9675,E1167,E1173,condition:红页L1HF:25:加砂前,condition_stats:红页L1HF:25:加砂前:施工泵压:mean
1173,施工情况 加砂前,统计量,施工泵压方差: 251.3649,E1167,E1174,condition:红页L1HF:25:加砂前,condition_stats:红页L1HF:25:加砂前:施工泵压:var
1174,段号 25,施工情况,施工情况 加砂中,E1159,E1175,segment:红页L1HF:25,condition:红页L1HF:25:加砂中
1175,施工情况 加砂中,施工时间,施工时间 2024-01-17 08:43:00,E1175,E1176,condition:红页L1HF:25:加砂中,condition_time:红页L1HF:25:加砂中
1176,施工情况 加砂中,统计量,砂比平均值: 9.8244,E1175,E1177,condition:红页L1HF:25:加砂中,condition_stats:红页L1HF:25:加砂中:砂比:mean
1177,施工情况 加砂中,统计量,砂比方差: 6.2097,E1175,E1178,condition:红页L1HF:25:加砂中,condition_stats:红页L1HF:25:加砂中:砂比:var
1178,施工情况 加砂中,统计量,排量平均值: 23.7748,E1175,E1179,condition:红页L1HF:25:加砂中,condition_stats:红页L1HF:25:加砂中:排量:mean
1179,施工情况 加砂中,统计量,排量方差: 1.6951,E1175,E1180,condition:红页L1HF:25:加砂中,condition_stats:红页L1HF:25:加砂中:排量:var
1180,施工情况 加砂中,统计量,施工泵压平均值: 77.2084,E1175,E1181,condition:红页L1HF:25:加砂中,condition_stats:红页L1HF:25:加砂中:施工泵压:mean
1181,施工情况 加砂中,统计量,施工泵压方差: 11.0623,E1175,E1182,condition:红页L1HF:25:加砂中,condition_stats:红页L1HF:25:加砂中:施工泵压:var
1182,施工情况 加砂中,工况,工况 缝内暂堵,E1175,E1183,condition:红页L1HF:25:加砂中,worktype:红页L1HF:25:加砂中:缝内暂堵
1183,工况 缝内暂堵,工况时间,工况时间 2024-01-17 09:03:50,E1183,E1184,worktype:红页L1HF:25:加砂中:缝内暂堵,worktype_time:红页L1HF:25:加砂中:缝内暂堵
1184,工况 缝内暂堵,统计量,砂比平均值: 7.2962,E1183,E1185,worktype:红页L1HF:25:加砂中:缝内暂堵,worktype_stats:红页L1HF:25:加砂中:缝内暂堵:砂比:mean
1185,工况 缝内暂堵,统计量,砂比方差: 6.4558,E1183,E1186,worktype:红页L1HF:25:加砂中:缝内暂堵,worktype_stats:红页L1HF:25:加砂中:缝内暂堵:砂比:var
1186,工况 缝内暂堵,统计量,排量平均值: 24.0245,E1183,E1187,worktype:红页L1HF:25:加砂中:缝内暂堵,worktype_stats:红页L1HF:25:加砂中:缝内暂堵:排量:mean
1187,工况 缝内暂堵,统计量,排量方差: 0.0003,E1183,E1188,worktype:红页L1HF:25:加砂中:缝内暂堵,worktype_stats:红页L1HF:25:加砂中:缝内暂堵:排量:var
1188,工况 缝内暂堵,统计量,施工泵压平均值: 76.6283,E1183,E1189,worktype:红页L1HF:25:加砂中:缝内暂堵,worktype_stats:红页L1HF:25:加砂中:缝内暂堵:施工泵压:mean
1189,工况 缝内暂堵,统计量,施工泵压方差: 5.3722,E1183,E1190,worktype:红页L1HF:25:加砂中:缝内暂堵,worktype_stats:红页L1HF:25:加砂中:缝内暂堵:施工泵压:var
1190,工况 缝内暂堵,当前建议,当前建议: 无建议,E1183,E1191,worktype:红页L1HF:25:加砂中:缝内暂堵,suggestion:红页L1HF:25:加砂中:缝内暂堵
1191,施工情况 加砂中,工况,工况 缝口暂堵,E1175,E1192,condition:红页L1HF:25:加砂中,worktype:红页L1HF:25:加砂中:缝口暂堵
1192,工况 缝口暂堵,工况时间,工况时间 2024-01-17 09:19:30,E1192,E1193,worktype:红页L1HF:25:加砂中:缝口暂堵,worktype_time:红页L1HF:25:加砂中:缝口暂堵
1193,工况 缝口暂堵,统计量,砂比平均值: 8.7567,E1192,E1194,worktype:红页L1HF:25:加砂中:缝口暂堵,worktype_stats:红页L1HF:25:加砂中:缝口暂堵:砂比:mean
1194,工况 缝口暂堵,统计量,砂比方差: 7.9921,E1192,E1195,worktype:红页L1HF:25:加砂中:缝口暂堵,worktype_stats:红页L1HF:25:加砂中:缝口暂堵:砂比:var
1195,工况 缝口暂堵,统计量,排量平均值: 22.466,E1192,E1196,worktype:红页L1HF:25:加砂中:缝口暂堵,worktype_stats:红页L1HF:25:加砂中:缝口暂堵:排量:mean
1196,工况 缝口暂堵,统计量,排量方差: 3.5126,E1192,E1197,worktype:红页L1HF:25:加砂中:缝口暂堵,worktype_stats:红页L1HF:25:加砂中:缝口暂堵:排量:var
1197,工况 缝口暂堵,统计量,施工泵压平均值: 74.5623,E1192,E1198,worktype:红页L1HF:25:加砂中:缝口暂堵,worktype_stats:红页L1HF:25:加砂中:缝口暂堵:施工泵压:mean
1198,工况 缝口暂堵,统计量,施工泵压方差: 23.6262,E1192,E1199,worktype:红页L1HF:25:加砂中:缝口暂堵,worktype_stats:红页L1HF:25:加砂中:缝口暂堵:施工泵压:var
1199,工况 缝口暂堵,当前建议,当前建议: 无建议,E1192,E1200,worktype:红页L1HF:25:加砂中:缝口暂堵,suggestion:红页L1HF:25:加砂中:缝口暂堵
1200,施工情况 加砂中,工况,工况 主缝延伸,E1175,E1201,condition:红页L1HF:25:加砂中,worktype:红页L1HF:25:加砂中:主缝延伸
1201,工况 主缝延伸,工况时间,工况时间 2024-01-17 10:22:00,E1201,E1202,worktype:红页L1HF:25:加砂中:主缝延伸,worktype_time:红页L1HF:25:加砂中:主缝延伸
1202,工况 主缝延伸,统计量,砂比平均值: 11.1425,E1201,E1203,worktype:红页L1HF:25:加砂中:主缝延伸,worktype_stats:红页L1HF:25:加砂中:主缝延伸:砂比:mean
1203,工况 主缝延伸,统计量,砂比方差: 2.8532,E1201,E1204,worktype:红页L1HF:25:加砂中:主缝延伸,worktype_stats:红页L1HF:25:加砂中:主缝延伸:砂比:var
1204,工况 主缝延伸,统计量,排量平均值: 24.04,E1201,E1205,worktype:红页L1HF:25:加砂中:主缝延伸,worktype_stats:红页L1HF:25:加砂中:主缝延伸:排量:mean
1205,工况 主缝延伸,统计量,排量方差: 0.0,E1201,E1206,worktype:红页L1HF:25:加砂中:主缝延伸,worktype_stats:红页L1HF:25:加砂中:主缝延伸:排量:var
1206,工况 主缝延伸,统计量,施工泵压平均值: 77.7042,E1201,E1207,worktype:红页L1HF:25:加砂中:主缝延伸,worktype_stats:红页L1HF:25:加砂中:主缝延伸:施工泵压:mean
1207,工况 主缝延伸,统计量,施工泵压方差: 1.6955,E1201,E1208,worktype:红页L1HF:25:加砂中:主缝延伸,worktype_stats:红页L1HF:25:加砂中:主缝延伸:施工泵压:var
1208,工况 主缝延伸,当前建议,当前建议: 保持当前措施,E1201,E1209,worktype:红页L1HF:25:加砂中:主缝延伸,suggestion:红页L1HF:25:加砂中:主缝延伸
1209,段号 25,施工情况,施工情况 加砂后,E1159,E1210,segment:红页L1HF:25,condition:红页L1HF:25:加砂后
1210,施工情况 加砂后,施工时间,施工时间 2024-01-17 10:38:20,E1210,E1211,condition:红页L1HF:25:加砂后,condition_time:红页L1HF:25:加砂后
1211,施工情况 加砂后,统计量,砂比平均值: 无数据,E1210,E1212,condition:红页L1HF:25:加砂后,condition_stats:红页L1HF:25:加砂后:砂比:mean
1212,施工情况 加砂后,统计量,砂比方差: 无数据,E1210,E1213,condition:红页L1HF:25:加砂后,condition_stats:红页L1HF:25:加砂后:砂比:var
1213,施工情况 加砂后,统计量,排量平均值: 2.7618,E1210,E1214,condition:红页L1HF:25:加砂后,condition_stats:红页L1HF:25:加砂后:排量:mean
1214,施工情况 加砂后,统计量,排量方差: 56.9596,E1210,E1215,condition:红页L1HF:25:加砂后,condition_stats:红页L1HF:25:加砂后:排量:var
1215,施工情况 加砂后,统计量,施工泵压平均值: 40.2564,E1210,E1216,condition:红页L1HF:25:加砂后,condition_stats:红页L1HF:25:加砂后:施工泵压:mean
1216,施工情况 加砂后,统计量,施工泵压方差: 189.8073,E1210,E1217,condition:红页L1HF:25:加砂后,condition_stats:红页L1HF:25:加砂后:施工泵压:var
1217,井号 红页L1HF,段号,段号 26,E0001,E1218,well:红页L1HF,segment:红页L1HF:26
1218,段号 26,段号时间,段号时间 2024-01-17 17:02:40,E1218,E1219,segment:红页L1HF:26,segment_time:红页L1HF:26
1219,段号 26,统计量,砂比平均值: 8.9279,E1218,E1220,segment:红页L1HF:26,segment_stats:红页L1HF:26:砂比:mean
1220,段号 26,统计量,砂比方差: 8.5972,E1218,E1221,segment:红页L1HF:26,segment_stats:红页L1HF:26:砂比:var
1221,段号 26,统计量,排量平均值: 16.0765,E1218,E1222,segment:红页L1HF:26,segment_stats:红页L1HF:26:排量:mean
1222,段号 26,统计量,排量方差: 89.7491,E1218,E1223,segment:红页L1HF:26,segment_stats:红页L1HF:26:排量:var
1223,段号 26,统计量,施工泵压平均值: 68.9877,E1218,E1224,segment:红页L1HF:26,segment_stats:红页L1HF:26:施工泵压:mean
1224,段号 26,统计量,施工泵压方差: 316.3093,E1218,E1225,segment:红页L1HF:26,segment_stats:红页L1HF:26:施工泵压:var
1225,段号 26,施工情况,施工情况 加砂前,E1218,E1226,segment:红页L1HF:26,condition:红页L1HF:26:加砂前
1226,施工情况 加砂前,施工时间,施工时间 2024-01-17 17:02:40,E1226,E1227,condition:红页L1HF:26:加砂前,condition_time:红页L1HF:26:加砂前
1227,施工情况 加砂前,统计量,砂比平均值: 无数据,E1226,E1228,condition:红页L1HF:26:加砂前,condition_stats:红页L1HF:26:加砂前:砂比:mean
1228,施工情况 加砂前,统计量,砂比方差: 无数据,E1226,E1229,condition:红页L1HF:26:加砂前,condition_stats:红页L1HF:26:加砂前:砂比:var
1229,施工情况 加砂前,统计量,排量平均值: 10.3252,E1226,E1230,condition:红页L1HF:26:加砂前,condition_stats:红页L1HF:26:加砂前:排量:mean
1230,施工情况 加砂前,统计量,排量方差: 82.1391,E1226,E1231,condition:红页L1HF:26:加砂前,condition_stats:红页L1HF:26:加砂前:排量:var
1231,施工情况 加砂前,统计量,施工泵压平均值: 59.3257,E1226,E1232,condition:红页L1HF:26:加砂前,condition_stats:红页L1HF:26:加砂前:施工泵压:mean
1232,施工情况 加砂前,统计量,施工泵压方差: 135.2503,E1226,E1233,condition:红页L1HF:26:加砂前,condition_stats:红页L1HF:26:加砂前:施工泵压:var
1233,段号 26,施工情况,施工情况 加砂中,E1218,E1234,segment:红页L1HF:26,condition:红页L1HF:26:加砂中
1234,施工情况 加砂中,施工时间,施工时间 2024-01-17 17:32:30,E1234,E1235,condition:红页L1HF:26:加砂中,condition_time:红页L1HF:26:加砂中
1235,施工情况 加砂中,统计量,砂比平均值: 8.9279,E1234,E1236,condition:红页L1HF:26:加砂中,condition_stats:红页L1HF:26:加砂中:砂比:mean
1236,施工情况 加砂中,统计量,砂比方差: 8.5972,E1234,E1237,condition:红页L1HF:26:加砂中,condition_stats:红页L1HF:26:加砂中:砂比:var
1237,施工情况 加砂中,统计量,排量平均值: 21.4708,E1234,E1238,condition:红页L1HF:26:加砂中,condition_stats:红页L1HF:26:加砂中:排量:mean
1238,施工情况 加砂中,统计量,排量方差: 14.8794,E1234,E1239,condition:红页L1HF:26:加砂中,condition_stats:红页L1HF:26:加砂中:排量:var
1239,施工情况 加砂中,统计量,施工泵压平均值: 79.3201,E1234,E1240,condition:红页L1HF:26:加砂中,condition_stats:红页L1HF:26:加砂中:施工泵压:mean
1240,施工情况 加砂中,统计量,施工泵压方差: 43.3081,E1234,E1241,condition:红页L1HF:26:加砂中,condition_stats:红页L1HF:26:加砂中:施工泵压:var
1241,施工情况 加砂中,工况,工况 缝内暂堵,E1234,E1242,condition:红页L1HF:26:加砂中,worktype:红页L1HF:26:加砂中:缝内暂堵
1242,工况 缝内暂堵,工况时间,工况时间 2024-01-17 17:58:00,E1242,E1243,worktype:红页L1HF:26:加砂中:缝内暂堵,worktype_time:红页L1HF:26:加砂中:缝内暂堵
1243,工况 缝内暂堵,统计量,砂比平均值: 7.5069,E1242,E1244,worktype:红页L1HF:26:加砂中:缝内暂堵,worktype_stats:红页L1HF:26:加砂中:缝内暂堵:砂比:mean
1244,工况 缝内暂堵,统计量,砂比方差: 7.1062,E1242,E1245,worktype:红页L1HF:26:加砂中:缝内暂堵,worktype_stats:红页L1HF:26:加砂中:缝内暂堵:砂比:var
1245,工况 缝内暂堵,统计量,排量平均值: 24.0348,E1242,E1246,worktype:红页L1HF:26:加砂中:缝内暂堵,worktype_stats:红页L1HF:26:加砂中:缝内暂堵:排量:mean
1246,工况 缝内暂堵,统计量,排量方差: 0.0,E1242,E1247,worktype:红页L1HF:26:加砂中:缝内暂堵,worktype_stats:红页L1HF:26:加砂中:缝内暂堵:排量:var
1247,工况 缝内暂堵,统计量,施工泵压平均值: 75.9708,E1242,E1248,worktype:红页L1HF:26:加砂中:缝内暂堵,worktype_stats:红页L1HF:26:加砂中:缝内暂堵:施工泵压:mean
1248,工况 缝内暂堵,统计量,施工泵压方差: 15.567,E1242,E1249,worktype:红页L1HF:26:加砂中:缝内暂堵,worktype_stats:红页L1HF:26:加砂中:缝内暂堵:施工泵压:var
1249,工况 缝内暂堵,当前建议,当前建议: 无建议,E1242,E1250,worktype:红页L1HF:26:加砂中:缝内暂堵,suggestion:红页L1HF:26:加砂中:缝内暂堵
1250,施工情况 加砂中,工况,工况 缝口暂堵,E1234,E1251,condition:红页L1HF:26:加砂中,worktype:红页L1HF:26:加砂中:缝口暂堵
1251,工况 缝口暂堵,工况时间,工况时间 2024-01-17 18:11:40,E1251,E1252,worktype:红页L1HF:26:加砂中:缝口暂堵,worktype_time:红页L1HF:26:加砂中:缝口暂堵
1252,工况 缝口暂堵,统计量,砂比平均值: 9.5173,E1251,E1253,worktype:红页L1HF:26:加砂中:缝口暂堵,worktype_stats:红页L1HF:26:加砂中:缝口暂堵:砂比:mean
1253,工况 缝口暂堵,统计量,砂比方差: 10.0245,E1251,E1254,worktype:红页L1HF:26:加砂中:缝口暂堵,worktype_stats:红页L1HF:26:加砂中:缝口暂堵:砂比:var
1254,工况 缝口暂堵,统计量,排量平均值: 19.2474,E1251,E1255,worktype:红页L1HF:26:加砂中:缝口暂堵,worktype_stats:红页L1HF:26:加砂中:缝口暂堵:排量:mean
1255,工况 缝口暂堵,统计量,排量方差: 32.1829,E1251,E1256,worktype:红页L1HF:26:加砂中:缝口暂堵,worktype_stats:红页L1HF:26:加砂中:缝口暂堵:排量:var
1256,工况 缝口暂堵,统计量,施工泵压平均值: 76.2566,E1251,E1257,worktype:红页L1HF:26:加砂中:缝口暂堵,worktype_stats:红页L1HF:26:加砂中:缝口暂堵:施工泵压:mean
1257,工况 缝口暂堵,统计量,施工泵压方差: 64.1377,E1251,E1258,worktype:红页L1HF:26:加砂中:缝口暂堵,worktype_stats:红页L1HF:26:加砂中:缝口暂堵:施工泵压:var
1258,工况 缝口暂堵,当前建议,当前建议: 无建议,E1251,E1259,worktype:红页L1HF:26:加砂中:缝口暂堵,suggestion:红页L1HF:26:加砂中:缝口暂堵
1259,施工情况 加砂中,工况,工况 主缝延伸,E1234,E1260,condition:红页L1HF:26:加砂中,worktype:红页L1HF:26:加砂中:主缝延伸
1260,工况 主缝延伸,工况时间,工况时间 2024-01-17 19:11:40,E1260,E1261,worktype:红页L1HF:26:加砂中:主缝延伸,worktype_time:红页L1HF:26:加砂中:主缝延伸
1261,工况 主缝延伸,统计量,砂比平均值: 7.0567,E1260,E1262,worktype:红页L1HF:26:加砂中:主缝延伸,worktype_stats:红页L1HF:26:加砂中:主缝延伸:砂比:mean
1262,工况 主缝延伸,统计量,砂比方差: 4.3825,E1260,E1263,worktype:红页L1HF:26:加砂中:主缝延伸,worktype_stats:红页L1HF:26:加砂中:主缝延伸:砂比:var
1263,工况 主缝延伸,统计量,排量平均值: 17.9625,E1260,E1264,worktype:红页L1HF:26:加砂中:主缝延伸,worktype_stats:红页L1HF:26:加砂中:主缝延伸:排量:mean
1264,工况 主缝延伸,统计量,排量方差: 0.4403,E1260,E1265,worktype:红页L1HF:26:加砂中:主缝延伸,worktype_stats:红页L1HF:26:加砂中:主缝延伸:排量:var
1265,工况 主缝延伸,统计量,施工泵压平均值: 81.8425,E1260,E1266,worktype:红页L1HF:26:加砂中:主缝延伸,worktype_stats:红页L1HF:26:加砂中:主缝延伸:施工泵压:mean
1266,工况 主缝延伸,统计量,施工泵压方差: 36.479,E1260,E1267,worktype:红页L1HF:26:加砂中:主缝延伸,worktype_stats:红页L1HF:26:加砂中:主缝延伸:施工泵压:var
1267,工况 主缝延伸,当前建议,当前建议: 无建议,E1260,E1268,worktype:红页L1HF:26:加砂中:主缝延伸,suggestion:红页L1HF:26:加砂中:主缝延伸
1268,段号 26,施工情况,施工情况 加砂后,E1218,E1269,segment:红页L1HF:26,condition:红页L1HF:26:加砂后
1269,施工情况 加砂后,施工时间,施工时间 2024-01-17 19:32:40,E1269,E1270,condition:红页L1HF:26:加砂后,condition_time:红页L1HF:26:加砂后
1270,施工情况 加砂后,统计量,砂比平均值: 无数据,E1269,E1271,condition:红页L1HF:26:加砂后,condition_stats:红页L1HF:26:加砂后:砂比:mean
1271,施工情况 加砂后,统计量,砂比方差: 无数据,E1269,E1272,condition:红页L1HF:26:加砂后,condition_stats:红页L1HF:26:加砂后:砂比:var
1272,施工情况 加砂后,统计量,排量平均值: 1.9628,E1269,E1273,condition:红页L1HF:26:加砂后,condition_stats:红页L1HF:26:加砂后:排量:mean
1273,施工情况 加砂后,统计量,排量方差: 32.4997,E1269,E1274,condition:红页L1HF:26:加砂后,condition_stats:红页L1HF:26:加砂后:排量:var
1274,施工情况 加砂后,统计量,施工泵压平均值: 40.6661,E1269,E1275,condition:红页L1HF:26:加砂后,condition_stats:红页L1HF:26:加砂后:施工泵压:mean
1275,施工情况 加砂后,统计量,施工泵压方差: 201.1448,E1269,E1276,condition:红页L1HF:26:加砂后,condition_stats:红页L1HF:26:加砂后:施工泵压:var
1276,井号 红页L1HF,段号,段号 27,E0001,E1277,well:红页L1HF,segment:红页L1HF:27
1277,段号 27,段号时间,段号时间 2024-01-18 08:38:30,E1277,E1278,segment:红页L1HF:27,segment_time:红页L1HF:27
1278,段号 27,统计量,砂比平均值: 9.7263,E1277,E1279,segment:红页L1HF:27,segment_stats:红页L1HF:27:砂比:mean
1279,段号 27,统计量,砂比方差: 5.8,E1277,E1280,segment:红页L1HF:27,segment_stats:红页L1HF:27:砂比:var
1280,段号 27,统计量,排量平均值: 15.8846,E1277,E1281,segment:红页L1HF:27,segment_stats:红页L1HF:27:排量:mean
1281,段号 27,统计量,排量方差: 114.6804,E1277,E1282,segment:红页L1HF:27,segment_stats:红页L1HF:27:排量:var
1282,段号 27,统计量,施工泵压平均值: 61.1737,E1277,E1283,segment:红页L1HF:27,segment_stats:红页L1HF:27:施工泵压:mean
1283,段号 27,统计量,施工泵压方差: 334.2218,E1277,E1284,segment:红页L1HF:27,segment_stats:红页L1HF:27:施工泵压:var
1284,段号 27,施工情况,施工情况 加砂前,E1277,E1285,segment:红页L1HF:27,condition:红页L1HF:27:加砂前
1285,施工情况 加砂前,施工时间,施工时间 2024-01-18 08:38:30,E1285,E1286,condition:红页L1HF:27:加砂前,condition_time:红页L1HF:27:加砂前
1286,施工情况 加砂前,统计量,砂比平均值: 无数据,E1285,E1287,condition:红页L1HF:27:加砂前,condition_stats:红页L1HF:27:加砂前:砂比:mean
1287,施工情况 加砂前,统计量,砂比方差: 无数据,E1285,E1288,condition:红页L1HF:27:加砂前,condition_stats:红页L1HF:27:加砂前:砂比:var
1288,施工情况 加砂前,统计量,排量平均值: 9.1282,E1285,E1289,condition:红页L1HF:27:加砂前,condition_stats:红页L1HF:27:加砂前:排量:mean
1289,施工情况 加砂前,统计量,排量方差: 75.9931,E1285,E1290,condition:红页L1HF:27:加砂前,condition_stats:红页L1HF:27:加砂前:排量:var
1290,施工情况 加砂前,统计量,施工泵压平均值: 55.2578,E1285,E1291,condition:红页L1HF:27:加砂前,condition_stats:红页L1HF:27:加砂前:施工泵压:mean
1291,施工情况 加砂前,统计量,施工泵压方差: 235.8963,E1285,E1292,condition:红页L1HF:27:加砂前,condition_stats:红页L1HF:27:加砂前:施工泵压:var
1292,段号 27,施工情况,施工情况 加砂中,E1277,E1293,segment:红页L1HF:27,condition:红页L1HF:27:加砂中
1293,施工情况 加砂中,施工时间,施工时间 2024-01-18 09:12:30,E1293,E1294,condition:红页L1HF:27:加砂中,condition_time:红页L1HF:27:加砂中
1294,施工情况 加砂中,统计量,砂比平均值: 9.7263,E1293,E1295,condition:红页L1HF:27:加砂中,condition_stats:红页L1HF:27:加砂中:砂比:mean
1295,施工情况 加砂中,统计量,砂比方差: 5.8,E1293,E1296,condition:红页L1HF:27:加砂中,condition_stats:红页L1HF:27:加砂中:砂比:var
1296,施工情况 加砂中,统计量,排量平均值: 23.8468,E1293,E1297,condition:红页L1HF:27:加砂中,condition_stats:红页L1HF:27:加砂中:排量:mean
1297,施工情况 加砂中,统计量,排量方差: 2.6249,E1293,E1298,condition:红页L1HF:27:加砂中,condition_stats:红页L1HF:27:加砂中:排量:var
1298,施工情况 加砂中,统计量,施工泵压平均值: 73.4719,E1293,E1299,condition:红页L1HF:27:加砂中,condition_stats:红页L1HF:27:加砂中:施工泵压:mean
1299,施工情况 加砂中,统计量,施工泵压方差: 15.7559,E1293,E1300,condition:红页L1HF:27:加砂中,condition_stats:红页L1HF:27:加砂中:施工泵压:var
1300,施工情况 加砂中,工况,工况 缝内暂堵,E1293,E1301,condition:红页L1HF:27:加砂中,worktype:红页L1HF:27:加砂中:缝内暂堵
1301,工况 缝内暂堵,工况时间,工况时间 2024-01-18 09:31:50,E1301,E1302,worktype:红页L1HF:27:加砂中:缝内暂堵,worktype_time:红页L1HF:27:加砂中:缝内暂堵
1302,工况 缝内暂堵,统计量,砂比平均值: 6.6674,E1301,E1303,worktype:红页L1HF:27:加砂中:缝内暂堵,worktype_stats:红页L1HF:27:加砂中:缝内暂堵:砂比:mean
1303,工况 缝内暂堵,统计量,砂比方差: 2.9187,E1301,E1304,worktype:红页L1HF:27:加砂中:缝内暂堵,worktype_stats:红页L1HF:27:加砂中:缝内暂堵:砂比:var
1304,工况 缝内暂堵,统计量,排量平均值: 24.0378,E1301,E1305,worktype:红页L1HF:27:加砂中:缝内暂堵,worktype_stats:红页L1HF:27:加砂中:缝内暂堵:排量:mean
1305,工况 缝内暂堵,统计量,排量方差: 0.0,E1301,E1306,worktype:红页L1HF:27:加砂中:缝内暂堵,worktype_stats:红页L1HF:27:加砂中:缝内暂堵:排量:var
1306,工况 缝内暂堵,统计量,施工泵压平均值: 71.6438,E1301,E1307,worktype:红页L1HF:27:加砂中:缝内暂堵,worktype_stats:红页L1HF:27:加砂中:缝内暂堵:施工泵压:mean
1307,工况 缝内暂堵,统计量,施工泵压方差: 7.7707,E1301,E1308,worktype:红页L1HF:27:加砂中:缝内暂堵,worktype_stats:红页L1HF:27:加砂中:缝内暂堵:施工泵压:var
1308,工况 缝内暂堵,当前建议,当前建议: 无建议,E1301,E1309,worktype:红页L1HF:27:加砂中:缝内暂堵,suggestion:红页L1HF:27:加砂中:缝内暂堵
1309,施工情况 加砂中,工况,工况 缝口暂堵,E1293,E1310,condition:红页L1HF:27:加砂中,worktype:红页L1HF:27:加砂中:缝口暂堵
1310,工况 缝口暂堵,工况时间,工况时间 2024-01-18 09:53:30,E1310,E1311,worktype:红页L1HF:27:加砂中:缝口暂堵,worktype_time:红页L1HF:27:加砂中:缝口暂堵
1311,工况 缝口暂堵,统计量,砂比平均值: 9.4114,E1310,E1312,worktype:红页L1HF:27:加砂中:缝口暂堵,worktype_stats:红页L1HF:27:加砂中:缝口暂堵:砂比:mean
1312,工况 缝口暂堵,统计量,砂比方差: 8.8359,E1310,E1313,worktype:红页L1HF:27:加砂中:缝口暂堵,worktype_stats:红页L1HF:27:加砂中:缝口暂堵:砂比:var
1313,工况 缝口暂堵,统计量,排量平均值: 22.9464,E1310,E1314,worktype:红页L1HF:27:加砂中:缝口暂堵,worktype_stats:红页L1HF:27:加砂中:缝口暂堵:排量:mean
1314,工况 缝口暂堵,统计量,排量方差: 2.7864,E1310,E1315,worktype:红页L1HF:27:加砂中:缝口暂堵,worktype_stats:红页L1HF:27:加砂中:缝口暂堵:排量:var
1315,工况 缝口暂堵,统计量,施工泵压平均值: 73.1948,E1310,E1316,worktype:红页L1HF:27:加砂中:缝口暂堵,worktype_stats:红页L1HF:27:加砂中:缝口暂堵:施工泵压:mean
1316,工况 缝口暂堵,统计量,施工泵压方差: 30.0465,E1310,E1317,worktype:红页L1HF:27:加砂中:缝口暂堵,worktype_stats:红页L1HF:27:加砂中:缝口暂堵:施工泵压:var
1317,工况 缝口暂堵,当前建议,当前建议: 无建议,E1310,E1318,worktype:红页L1HF:27:加砂中:缝口暂堵,suggestion:红页L1HF:27:加砂中:缝口暂堵
1318,施工情况 加砂中,工况,工况 主缝延伸,E1293,E1319,condition:红页L1HF:27:加砂中,worktype:红页L1HF:27:加砂中:主缝延伸
1319,工况 主缝延伸,工况时间,工况时间 2024-01-18 10:24:00,E1319,E1320,worktype:红页L1HF:27:加砂中:主缝延伸,worktype_time:红页L1HF:27:加砂中:主缝延伸
1320,工况 主缝延伸,统计量,砂比平均值: 10.6437,E1319,E1321,worktype:红页L1HF:27:加砂中:主缝延伸,worktype_stats:红页L1HF:27:加砂中:主缝延伸:砂比:mean
1321,工况 主缝延伸,统计量,砂比方差: 4.1531,E1319,E1322,worktype:红页L1HF:27:加砂中:主缝延伸,worktype_stats:红页L1HF:27:加砂中:主缝延伸:砂比:var
1322,工况 主缝延伸,统计量,排量平均值: 24.04,E1319,E1323,worktype:红页L1HF:27:加砂中:主缝延伸,worktype_stats:红页L1HF:27:加砂中:主缝延伸:排量:mean
1323,工况 主缝延伸,统计量,排量方差: 0.0,E1319,E1324,worktype:红页L1HF:27:加砂中:主缝延伸,worktype_stats:红页L1HF:27:加砂中:主缝延伸:排量:var
1324,工况 主缝延伸,统计量,施工泵压平均值: 76.1909,E1319,E1325,worktype:红页L1HF:27:加砂中:主缝延伸,worktype_stats:红页L1HF:27:加砂中:主缝延伸:施工泵压:mean
1325,工况 主缝延伸,统计量,施工泵压方差: 0.3709,E1319,E1326,worktype:红页L1HF:27:加砂中:主缝延伸,worktype_stats:红页L1HF:27:加砂中:主缝延伸:施工泵压:var
1326,工况 主缝延伸,当前建议,当前建议: 保持当前措施,E1319,E1327,worktype:红页L1HF:27:加砂中:主缝延伸,suggestion:红页L1HF:27:加砂中:主缝延伸
1327,段号 27,施工情况,施工情况 加砂后,E1277,E1328,segment:红页L1HF:27,condition:红页L1HF:27:加砂后
1328,施工情况 加砂后,施工时间,施工时间 2024-01-18 10:42:40,E1328,E1329,condition:红页L1HF:27:加砂后,condition_time:红页L1HF:27:加砂后
1329,施工情况 加砂后,统计量,砂比平均值: 无数据,E1328,E1330,condition:红页L1HF:27:加砂后,condition_stats:红页L1HF:27:加砂后:砂比:mean
1330,施工情况 加砂后,统计量,砂比方差: 无数据,E1328,E1331,condition:红页L1HF:27:加砂后,condition_stats:红页L1HF:27:加砂后:砂比:var
1331,施工情况 加砂后,统计量,排量平均值: 2.6025,E1328,E1332,condition:红页L1HF:27:加砂后,condition_stats:红页L1HF:27:加砂后:排量:mean
1332,施工情况 加砂后,统计量,排量方差: 54.1092,E1328,E1333,condition:红页L1HF:27:加砂后,condition_stats:红页L1HF:27:加砂后:排量:var
1333,施工情况 加砂后,统计量,施工泵压平均值: 36.093,E1328,E1334,condition:红页L1HF:27:加砂后,condition_stats:红页L1HF:27:加砂后:施工泵压:mean
1334,施工情况 加砂后,统计量,施工泵压方差: 191.4231,E1328,E1335,condition:红页L1HF:27:加砂后,condition_stats:红页L1HF:27:加砂后:施工泵压:var
1335,施工情况 加砂后,工况,工况 主缝延伸,E1328,E1336,condition:红页L1HF:27:加砂后,worktype:红页L1HF:27:加砂后:主缝延伸
1336,工况 主缝延伸,工况时间,工况时间 2024-01-18 10:42:40,E1336,E1337,worktype:红页L1HF:27:加砂后:主缝延伸,worktype_time:红页L1HF:27:加砂后:主缝延伸
1337,工况 主缝延伸,统计量,砂比平均值: 无数据,E1336,E1338,worktype:红页L1HF:27:加砂后:主缝延伸,worktype_stats:红页L1HF:27:加砂后:主缝延伸:砂比:mean
1338,工况 主缝延伸,统计量,砂比方差: 无数据,E1336,E1339,worktype:红页L1HF:27:加砂后:主缝延伸,worktype_stats:红页L1HF:27:加砂后:主缝延伸:砂比:var
1339,工况 主缝延伸,统计量,排量平均值: 24.04,E1336,E1340,worktype:红页L1HF:27:加砂后:主缝延伸,worktype_stats:红页L1HF:27:加砂后:主缝延伸:排量:mean
1340,工况 主缝延伸,统计量,排量方差: 0.0,E1336,E1341,worktype:红页L1HF:27:加砂后:主缝延伸,worktype_stats:红页L1HF:27:加砂后:主缝延伸:排量:var
1341,工况 主缝延伸,统计量,施工泵压平均值: 75.9,E1336,E1342,worktype:红页L1HF:27:加砂后:主缝延伸,worktype_stats:红页L1HF:27:加砂后:主缝延伸:施工泵压:mean
1342,工况 主缝延伸,统计量,施工泵压方差: 0.0,E1336,E1343,worktype:红页L1HF:27:加砂后:主缝延伸,worktype_stats:红页L1HF:27:加砂后:主缝延伸:施工泵压:var
1343,工况 主缝延伸,当前建议,当前建议: 保持当前措施,E1336,E1344,worktype:红页L1HF:27:加砂后:主缝延伸,suggestion:红页L1HF:27:加砂后:主缝延伸
1344,井号 红页L1HF,段号,段号 28,E0001,E1345,well:红页L1HF,segment:红页L1HF:28
1345,段号 28,段号时间,段号时间 2024-01-18 14:53:10,E1345,E1346,segment:红页L1HF:28,segment_time:红页L1HF:28
1346,段号 28,统计量,砂比平均值: 9.5393,E1345,E1347,segment:红页L1HF:28,segment_stats:红页L1HF:28:砂比:mean
1347,段号 28,统计量,砂比方差: 6.8364,E1345,E1348,segment:红页L1HF:28,segment_stats:红页L1HF:28:砂比:var
1348,段号 28,统计量,排量平均值: 16.8862,E1345,E1349,segment:红页L1HF:28,segment_stats:红页L1HF:28:排量:mean
1349,段号 28,统计量,排量方差: 106.3758,E1345,E1350,segment:红页L1HF:28,segment_stats:红页L1HF:28:排量:var
1350,段号 28,统计量,施工泵压平均值: 59.3915,E1345,E1351,segment:红页L1HF:28,segment_stats:红页L1HF:28:施工泵压:mean
1351,段号 28,统计量,施工泵压方差: 264.3756,E1345,E1352,segment:红页L1HF:28,segment_stats:红页L1HF:28:施工泵压:var
1352,段号 28,施工情况,施工情况 加砂前,E1345,E1353,segment:红页L1HF:28,condition:红页L1HF:28:加砂前
1353,施工情况 加砂前,施工时间,施工时间 2024-01-18 14:53:10,E1353,E1354,condition:红页L1HF:28:加砂前,condition_time:红页L1HF:28:加砂前
1354,施工情况 加砂前,统计量,砂比平均值: 无数据,E1353,E1355,condition:红页L1HF:28:加砂前,condition_stats:红页L1HF:28:加砂前:砂比:mean
1355,施工情况 加砂前,统计量,砂比方差: 无数据,E1353,E1356,condition:红页L1HF:28:加砂前,condition_stats:红页L1HF:28:加砂前:砂比:var
1356,施工情况 加砂前,统计量,排量平均值: 9.4609,E1353,E1357,condition:红页L1HF:28:加砂前,condition_stats:红页L1HF:28:加砂前:排量:mean
1357,施工情况 加砂前,统计量,排量方差: 82.7874,E1353,E1358,condition:红页L1HF:28:加砂前,condition_stats:红页L1HF:28:加砂前:排量:var
1358,施工情况 加砂前,统计量,施工泵压平均值: 51.1927,E1353,E1359,condition:红页L1HF:28:加砂前,condition_stats:红页L1HF:28:加砂前:施工泵压:mean
1359,施工情况 加砂前,统计量,施工泵压方差: 382.2188,E1353,E1360,condition:红页L1HF:28:加砂前,condition_stats:红页L1HF:28:加砂前:施工泵压:var
1360,段号 28,施工情况,施工情况 加砂中,E1345,E1361,segment:红页L1HF:28,condition:红页L1HF:28:加砂中
1361,施工情况 加砂中,施工时间,施工时间 2024-01-18 15:26:00,E1361,E1362,condition:红页L1HF:28:加砂中,condition_time:红页L1HF:28:加砂中
1362,施工情况 加砂中,统计量,砂比平均值: 9.5393,E1361,E1363,condition:红页L1HF:28:加砂中,condition_stats:红页L1HF:28:加砂中:砂比:mean
1363,施工情况 加砂中,统计量,砂比方差: 6.8364,E1361,E1364,condition:红页L1HF:28:加砂中,condition_stats:红页L1HF:28:加砂中:砂比:var
1364,施工情况 加砂中,统计量,排量平均值: 23.7767,E1361,E1365,condition:红页L1HF:28:加砂中,condition_stats:红页L1HF:28:加砂中:排量:mean
1365,施工情况 加砂中,统计量,排量方差: 2.7112,E1361,E1366,condition:红页L1HF:28:加砂中,condition_stats:红页L1HF:28:加砂中:排量:var
1366,施工情况 加砂中,统计量,施工泵压平均值: 68.896,E1361,E1367,condition:红页L1HF:28:加砂中,condition_stats:红页L1HF:28:加砂中:施工泵压:mean
1367,施工情况 加砂中,统计量,施工泵压方差: 8.52,E1361,E1368,condition:红页L1HF:28:加砂中,condition_stats:红页L1HF:28:加砂中:施工泵压:var
1368,施工情况 加砂中,工况,工况 其他,E1361,E1369,condition:红页L1HF:28:加砂中,worktype:红页L1HF:28:加砂中:其他
1369,工况 其他,工况时间,工况时间 2024-01-18 16:13:20,E1369,E1370,worktype:红页L1HF:28:加砂中:其他,worktype_time:红页L1HF:28:加砂中:其他
1370,工况 其他,统计量,砂比平均值: 8.119,E1369,E1371,worktype:红页L1HF:28:加砂中:其他,worktype_stats:红页L1HF:28:加砂中:其他:砂比:mean
1371,工况 其他,统计量,砂比方差: 9.1396,E1369,E1372,worktype:红页L1HF:28:加砂中:其他,worktype_stats:红页L1HF:28:加砂中:其他:砂比:var
1372,工况 其他,统计量,排量平均值: 22.0918,E1369,E1373,worktype:红页L1HF:28:加砂中:其他,worktype_stats:红页L1HF:28:加砂中:其他:排量:mean
1373,工况 其他,统计量,排量方差: 3.8259,E1369,E1374,worktype:红页L1HF:28:加砂中:其他,worktype_stats:红页L1HF:28:加砂中:其他:排量:var
1374,工况 其他,统计量,施工泵压平均值: 64.7441,E1369,E1375,worktype:红页L1HF:28:加砂中:其他,worktype_stats:红页L1HF:28:加砂中:其他:施工泵压:mean
1375,工况 其他,统计量,施工泵压方差: 15.2395,E1369,E1376,worktype:红页L1HF:28:加砂中:其他,worktype_stats:红页L1HF:28:加砂中:其他:施工泵压:var
1376,工况 其他,当前建议,当前建议: 未投加绳结，后期压力平缓下降。投加绳结有利于裂缝均匀扩展,E1369,E1377,worktype:红页L1HF:28:加砂中:其他,suggestion:红页L1HF:28:加砂中:其他
1377,施工情况 加砂中,工况,工况 主缝延伸,E1361,E1378,condition:红页L1HF:28:加砂中,worktype:红页L1HF:28:加砂中:主缝延伸
1378,工况 主缝延伸,工况时间,工况时间 2024-01-18 16:24:00,E1378,E1379,worktype:红页L1HF:28:加砂中:主缝延伸,worktype_time:红页L1HF:28:加砂中:主缝延伸
1379,工况 主缝延伸,统计量,砂比平均值: 10.4932,E1378,E1380,worktype:红页L1HF:28:加砂中:主缝延伸,worktype_stats:红页L1HF:28:加砂中:主缝延伸:砂比:mean
1380,工况 主缝延伸,统计量,砂比方差: 5.838,E1378,E1381,worktype:红页L1HF:28:加砂中:主缝延伸,worktype_stats:红页L1HF:28:加砂中:主缝延伸:砂比:var
1381,工况 主缝延伸,统计量,排量平均值: 24.04,E1378,E1382,worktype:红页L1HF:28:加砂中:主缝延伸,worktype_stats:红页L1HF:28:加砂中:主缝延伸:排量:mean
1382,工况 主缝延伸,统计量,排量方差: 0.0,E1378,E1383,worktype:红页L1HF:28:加砂中:主缝延伸,worktype_stats:红页L1HF:28:加砂中:主缝延伸:排量:var
1383,工况 主缝延伸,统计量,施工泵压平均值: 68.7256,E1378,E1384,worktype:红页L1HF:28:加砂中:主缝延伸,worktype_stats:红页L1HF:28:加砂中:主缝延伸:施工泵压:mean
1384,工况 主缝延伸,统计量,施工泵压方差: 1.3468,E1378,E1385,worktype:红页L1HF:28:加砂中:主缝延伸,worktype_stats:红页L1HF:28:加砂中:主缝延伸:施工泵压:var
1385,工况 主缝延伸,当前建议,当前建议: 保持当前措施,E1378,E1386,worktype:红页L1HF:28:加砂中:主缝延伸,suggestion:红页L1HF:28:加砂中:主缝延伸
1386,段号 28,施工情况,施工情况 加砂后,E1345,E1387,segment:红页L1HF:28,condition:红页L1HF:28:加砂后
1387,施工情况 加砂后,施工时间,施工时间 2024-01-18 16:58:10,E1387,E1388,condition:红页L1HF:28:加砂后,condition_time:红页L1HF:28:加砂后
1388,施工情况 加砂后,统计量,砂比平均值: 无数据,E1387,E1389,condition:红页L1HF:28:加砂后,condition_stats:红页L1HF:28:加砂后:砂比:mean
1389,施工情况 加砂后,统计量,砂比方差: 无数据,E1387,E1390,condition:红页L1HF:28:加砂后,condition_stats:红页L1HF:28:加砂后:砂比:var
1390,施工情况 加砂后,统计量,排量平均值: 2.6933,E1387,E1391,condition:红页L1HF:28:加砂后,condition_stats:红页L1HF:28:加砂后:排量:mean
1391,施工情况 加砂后,统计量,排量方差: 54.9375,E1387,E1392,condition:红页L1HF:28:加砂后,condition_stats:红页L1HF:28:加砂后:排量:var
1392,施工情况 加砂后,统计量,施工泵压平均值: 37.3997,E1387,E1393,condition:红页L1HF:28:加砂后,condition_stats:红页L1HF:28:加砂后:施工泵压:mean
1393,施工情况 加砂后,统计量,施工泵压方差: 113.76,E1387,E1394,condition:红页L1HF:28:加砂后,condition_stats:红页L1HF:28:加砂后:施工泵压:var
1394,井号 红页L1HF,段号,段号 29,E0001,E1395,well:红页L1HF,segment:红页L1HF:29
1395,段号 29,段号时间,段号时间 2024-01-19 08:34:20,E1395,E1396,segment:红页L1HF:29,segment_time:红页L1HF:29
1396,段号 29,统计量,砂比平均值: 9.9042,E1395,E1397,segment:红页L1HF:29,segment_stats:红页L1HF:29:砂比:mean
1397,段号 29,统计量,砂比方差: 6.6764,E1395,E1398,segment:红页L1HF:29,segment_stats:红页L1HF:29:砂比:var
1398,段号 29,统计量,排量平均值: 16.4271,E1395,E1399,segment:红页L1HF:29,segment_stats:红页L1HF:29:排量:mean
1399,段号 29,统计量,排量方差: 111.8951,E1395,E1400,segment:红页L1HF:29,segment_stats:红页L1HF:29:排量:var
1400,段号 29,统计量,施工泵压平均值: 59.1098,E1395,E1401,segment:红页L1HF:29,segment_stats:红页L1HF:29:施工泵压:mean
1401,段号 29,统计量,施工泵压方差: 158.2978,E1395,E1402,segment:红页L1HF:29,segment_stats:红页L1HF:29:施工泵压:var
1402,段号 29,施工情况,施工情况 加砂前,E1395,E1403,segment:红页L1HF:29,condition:红页L1HF:29:加砂前
1403,施工情况 加砂前,施工时间,施工时间 2024-01-19 08:34:20,E1403,E1404,condition:红页L1HF:29:加砂前,condition_time:红页L1HF:29:加砂前
1404,施工情况 加砂前,统计量,砂比平均值: 无数据,E1403,E1405,condition:红页L1HF:29:加砂前,condition_stats:红页L1HF:29:加砂前:砂比:mean
1405,施工情况 加砂前,统计量,砂比方差: 无数据,E1403,E1406,condition:红页L1HF:29:加砂前,condition_stats:红页L1HF:29:加砂前:砂比:var
1406,施工情况 加砂前,统计量,排量平均值: 9.9241,E1403,E1407,condition:红页L1HF:29:加砂前,condition_stats:红页L1HF:29:加砂前:排量:mean
1407,施工情况 加砂前,统计量,排量方差: 85.5726,E1403,E1408,condition:红页L1HF:29:加砂前,condition_stats:红页L1HF:29:加砂前:排量:var
1408,施工情况 加砂前,统计量,施工泵压平均值: 55.1675,E1403,E1409,condition:红页L1HF:29:加砂前,condition_stats:红页L1HF:29:加砂前:施工泵压:mean
1409,施工情况 加砂前,统计量,施工泵压方差: 236.1811,E1403,E1410,condition:红页L1HF:29:加砂前,condition_stats:红页L1HF:29:加砂前:施工泵压:var
1410,段号 29,施工情况,施工情况 加砂中,E1395,E1411,segment:红页L1HF:29,condition:红页L1HF:29:加砂中
1411,施工情况 加砂中,施工时间,施工时间 2024-01-19 09:05:20,E1411,E1412,condition:红页L1HF:29:加砂中,condition_time:红页L1HF:29:加砂中
1412,施工情况 加砂中,统计量,砂比平均值: 9.9042,E1411,E1413,condition:红页L1HF:29:加砂中,condition_stats:红页L1HF:29:加砂中:砂比:mean
1413,施工情况 加砂中,统计量,砂比方差: 6.6764,E1411,E1414,condition:红页L1HF:29:加砂中,condition_stats:红页L1HF:29:加砂中:砂比:var
1414,施工情况 加砂中,统计量,排量平均值: 23.8759,E1411,E1415,condition:红页L1HF:29:加砂中,condition_stats:红页L1HF:29:加砂中:排量:mean
1415,施工情况 加砂中,统计量,排量方差: 1.5751,E1411,E1416,condition:红页L1HF:29:加砂中,condition_stats:红页L1HF:29:加砂中:排量:var
1416,施工情况 加砂中,统计量,施工泵压平均值: 66.2404,E1411,E1417,condition:红页L1HF:29:加砂中,condition_stats:红页L1HF:29:加砂中:施工泵压:mean
1417,施工情况 加砂中,统计量,施工泵压方差: 3.9282,E1411,E1418,condition:红页L1HF:29:加砂中,condition_stats:红页L1HF:29:加砂中:施工泵压:var
1418,施工情况 加砂中,工况,工况 缝口暂堵,E1411,E1419,condition:红页L1HF:29:加砂中,worktype:红页L1HF:29:加砂中:缝口暂堵
1419,工况 缝口暂堵,工况时间,工况时间 2024-01-19 09:54:40,E1419,E1420,worktype:红页L1HF:29:加砂中:缝口暂堵,worktype_time:红页L1HF:29:加砂中:缝口暂堵
1420,工况 缝口暂堵,统计量,砂比平均值: 9.9407,E1419,E1421,worktype:红页L1HF:29:加砂中:缝口暂堵,worktype_stats:红页L1HF:29:加砂中:缝口暂堵:砂比:mean
1421,工况 缝口暂堵,统计量,砂比方差: 8.2424,E1419,E1422,worktype:红页L1HF:29:加砂中:缝口暂堵,worktype_stats:红页L1HF:29:加砂中:缝口暂堵:砂比:var
1422,工况 缝口暂堵,统计量,排量平均值: 22.5515,E1419,E1423,worktype:红页L1HF:29:加砂中:缝口暂堵,worktype_stats:红页L1HF:29:加砂中:缝口暂堵:排量:mean
1423,工况 缝口暂堵,统计量,排量方差: 3.3418,E1419,E1424,worktype:红页L1HF:29:加砂中:缝口暂堵,worktype_stats:红页L1HF:29:加砂中:缝口暂堵:排量:var
1424,工况 缝口暂堵,统计量,施工泵压平均值: 63.052,E1419,E1425,worktype:红页L1HF:29:加砂中:缝口暂堵,worktype_stats:红页L1HF:29:加砂中:缝口暂堵:施工泵压:mean
1425,工况 缝口暂堵,统计量,施工泵压方差: 11.8831,E1419,E1426,worktype:红页L1HF:29:加砂中:缝口暂堵,worktype_stats:红页L1HF:29:加砂中:缝口暂堵:施工泵压:var
1426,工况 缝口暂堵,当前建议,当前建议: 无建议,E1419,E1427,worktype:红页L1HF:29:加砂中:缝口暂堵,suggestion:红页L1HF:29:加砂中:缝口暂堵
1427,施工情况 加砂中,工况,工况 缝内暂堵,E1411,E1428,condition:红页L1HF:29:加砂中,worktype:红页L1HF:29:加砂中:缝内暂堵
1428,工况 缝内暂堵,工况时间,工况时间 2024-01-19 09:25:40,E1428,E1429,worktype:红页L1HF:29:加砂中:缝内暂堵,worktype_time:红页L1HF:29:加砂中:缝内暂堵
1429,工况 缝内暂堵,统计量,砂比平均值: 5.9793,E1428,E1430,worktype:红页L1HF:29:加砂中:缝内暂堵,worktype_stats:红页L1HF:29:加砂中:缝内暂堵:砂比:mean
1430,工况 缝内暂堵,统计量,砂比方差: 2.2196,E1428,E1431,worktype:红页L1HF:29:加砂中:缝内暂堵,worktype_stats:红页L1HF:29:加砂中:缝内暂堵:砂比:var
1431,工况 缝内暂堵,统计量,排量平均值: 24.0462,E1428,E1432,worktype:红页L1HF:29:加砂中:缝内暂堵,worktype_stats:红页L1HF:29:加砂中:缝内暂堵:排量:mean
1432,工况 缝内暂堵,统计量,排量方差: 0.0,E1428,E1433,worktype:红页L1HF:29:加砂中:缝内暂堵,worktype_stats:红页L1HF:29:加砂中:缝内暂堵:排量:var
1433,工况 缝内暂堵,统计量,施工泵压平均值: 64.6351,E1428,E1434,worktype:红页L1HF:29:加砂中:缝内暂堵,worktype_stats:红页L1HF:29:加砂中:缝内暂堵:施工泵压:mean
1434,工况 缝内暂堵,统计量,施工泵压方差: 2.4135,E1428,E1435,worktype:红页L1HF:29:加砂中:缝内暂堵,worktype_stats:红页L1HF:29:加砂中:缝内暂堵:施工泵压:var
1435,工况 缝内暂堵,当前建议,当前建议: 无建议,E1428,E1436,worktype:红页L1HF:29:加砂中:缝内暂堵,suggestion:红页L1HF:29:加砂中:缝内暂堵
1436,段号 29,施工情况,施工情况 加砂后,E1395,E1437,segment:红页L1HF:29,condition:红页L1HF:29:加砂后
1437,施工情况 加砂后,施工时间,施工时间 2024-01-19 10:36:00,E1437,E1438,condition:红页L1HF:29:加砂后,condition_time:红页L1HF:29:加砂后
1438,施工情况 加砂后,统计量,砂比平均值: 无数据,E1437,E1439,condition:红页L1HF:29:加砂后,condition_stats:红页L1HF:29:加砂后:砂比:mean
1439,施工情况 加砂后,统计量,砂比方差: 无数据,E1437,E1440,condition:红页L1HF:29:加砂后,condition_stats:红页L1HF:29:加砂后:砂比:var
1440,施工情况 加砂后,统计量,排量平均值: 2.6421,E1437,E1441,condition:红页L1HF:29:加砂后,condition_stats:红页L1HF:29:加砂后:排量:mean
1441,施工情况 加砂后,统计量,排量方差: 55.0823,E1437,E1442,condition:红页L1HF:29:加砂后,condition_stats:红页L1HF:29:加砂后:排量:var
1442,施工情况 加砂后,统计量,施工泵压平均值: 43.6431,E1437,E1443,condition:红页L1HF:29:加砂后,condition_stats:红页L1HF:29:加砂后:施工泵压:mean
1443,施工情况 加砂后,统计量,施工泵压方差: 107.6313,E1437,E1444,condition:红页L1HF:29:加砂后,condition_stats:红页L1HF:29:加砂后:施工泵压:var
1444,井号 红页L1HF,段号,段号 3,E0001,E1445,well:红页L1HF,segment:红页L1HF:3
1445,段号 3,段号时间,段号时间 2024-01-05 16:37:30,E1445,E1446,segment:红页L1HF:3,segment_time:红页L1HF:3
1446,段号 3,统计量,砂比平均值: 9.0127,E1445,E1447,segment:红页L1HF:3,segment_stats:红页L1HF:3:砂比:mean
1447,段号 3,统计量,砂比方差: 7.9983,E1445,E1448,segment:红页L1HF:3,segment_stats:红页L1HF:3:砂比:var
1448,段号 3,统计量,排量平均值: 14.3861,E1445,E1449,segment:红页L1HF:3,segment_stats:红页L1HF:3:排量:mean
1449,段号 3,统计量,排量方差: 115.2013,E1445,E1450,segment:红页L1HF:3,segment_stats:红页L1HF:3:排量:var
1450,段号 3,统计量,施工泵压平均值: 58.9877,E1445,E1451,segment:红页L1HF:3,segment_stats:红页L1HF:3:施工泵压:mean
1451,段号 3,统计量,施工泵压方差: 486.872,E1445,E1452,segment:红页L1HF:3,segment_stats:红页L1HF:3:施工泵压:var
1452,段号 3,施工情况,施工情况 加砂前,E1445,E1453,segment:红页L1HF:3,condition:红页L1HF:3:加砂前
1453,施工情况 加砂前,施工时间,施工时间 2024-01-05 16:37:30,E1453,E1454,condition:红页L1HF:3:加砂前,condition_time:红页L1HF:3:加砂前
1454,施工情况 加砂前,统计量,砂比平均值: 无数据,E1453,E1455,condition:红页L1HF:3:加砂前,condition_stats:红页L1HF:3:加砂前:砂比:mean
1455,施工情况 加砂前,统计量,砂比方差: 无数据,E1453,E1456,condition:红页L1HF:3:加砂前,condition_stats:红页L1HF:3:加砂前:砂比:var
1456,施工情况 加砂前,统计量,排量平均值: 5.8259,E1453,E1457,condition:红页L1HF:3:加砂前,condition_stats:红页L1HF:3:加砂前:排量:mean
1457,施工情况 加砂前,统计量,排量方差: 40.4994,E1453,E1458,condition:红页L1HF:3:加砂前,condition_stats:红页L1HF:3:加砂前:排量:var
1458,施工情况 加砂前,统计量,施工泵压平均值: 49.4817,E1453,E1459,condition:红页L1HF:3:加砂前,condition_stats:红页L1HF:3:加砂前:施工泵压:mean
1459,施工情况 加砂前,统计量,施工泵压方差: 335.933,E1453,E1460,condition:红页L1HF:3:加砂前,condition_stats:红页L1HF:3:加砂前:施工泵压:var
1460,段号 3,施工情况,施工情况 加砂中,E1445,E1461,segment:红页L1HF:3,condition:红页L1HF:3:加砂中
1461,施工情况 加砂中,施工时间,施工时间 2024-01-05 17:14:30,E1461,E1462,condition:红页L1HF:3:加砂中,condition_time:红页L1HF:3:加砂中
1462,施工情况 加砂中,统计量,砂比平均值: 9.0127,E1461,E1463,condition:红页L1HF:3:加砂中,condition_stats:红页L1HF:3:加砂中:砂比:mean
1463,施工情况 加砂中,统计量,砂比方差: 7.9983,E1461,E1464,condition:红页L1HF:3:加砂中,condition_stats:红页L1HF:3:加砂中:砂比:var
1464,施工情况 加砂中,统计量,排量平均值: 22.9949,E1461,E1465,condition:红页L1HF:3:加砂中,condition_stats:红页L1HF:3:加砂中:排量:mean
1465,施工情况 加砂中,统计量,排量方差: 11.1465,E1461,E1466,condition:红页L1HF:3:加砂中,condition_stats:红页L1HF:3:加砂中:排量:var
1466,施工情况 加砂中,统计量,施工泵压平均值: 74.3165,E1461,E1467,condition:红页L1HF:3:加砂中,condition_stats:红页L1HF:3:加砂中:施工泵压:mean
1467,施工情况 加砂中,统计量,施工泵压方差: 75.3742,E1461,E1468,condition:红页L1HF:3:加砂中,condition_stats:红页L1HF:3:加砂中:施工泵压:var
1468,施工情况 加砂中,工况,工况 缝口暂堵,E1461,E1469,condition:红页L1HF:3:加砂中,worktype:红页L1HF:3:加砂中:缝口暂堵
1469,工况 缝口暂堵,工况时间,工况时间 2024-01-05 17:43:50,E1469,E1470,worktype:红页L1HF:3:加砂中:缝口暂堵,worktype_time:红页L1HF:3:加砂中:缝口暂堵
1470,工况 缝口暂堵,统计量,砂比平均值: 5.9667,E1469,E1471,worktype:红页L1HF:3:加砂中:缝口暂堵,worktype_stats:红页L1HF:3:加砂中:缝口暂堵:砂比:mean
1471,工况 缝口暂堵,统计量,砂比方差: 1.2089,E1469,E1472,worktype:红页L1HF:3:加砂中:缝口暂堵,worktype_stats:红页L1HF:3:加砂中:缝口暂堵:砂比:var
1472,工况 缝口暂堵,统计量,排量平均值: 17.4673,E1469,E1473,worktype:红页L1HF:3:加砂中:缝口暂堵,worktype_stats:红页L1HF:3:加砂中:缝口暂堵:排量:mean
1473,工况 缝口暂堵,统计量,排量方差: 27.5446,E1469,E1474,worktype:红页L1HF:3:加砂中:缝口暂堵,worktype_stats:红页L1HF:3:加砂中:缝口暂堵:排量:var
1474,工况 缝口暂堵,统计量,施工泵压平均值: 60.0983,E1469,E1475,worktype:红页L1HF:3:加砂中:缝口暂堵,worktype_stats:红页L1HF:3:加砂中:缝口暂堵:施工泵压:mean
1475,工况 缝口暂堵,统计量,施工泵压方差: 175.7511,E1469,E1476,worktype:红页L1HF:3:加砂中:缝口暂堵,worktype_stats:红页L1HF:3:加砂中:缝口暂堵:施工泵压:var
1476,工况 缝口暂堵,当前建议,当前建议: 无建议,E1469,E1477,worktype:红页L1HF:3:加砂中:缝口暂堵,suggestion:红页L1HF:3:加砂中:缝口暂堵
1477,施工情况 加砂中,工况,工况 缝内暂堵,E1461,E1478,condition:红页L1HF:3:加砂中,worktype:红页L1HF:3:加砂中:缝内暂堵
1478,工况 缝内暂堵,工况时间,工况时间 2024-01-05 18:13:40,E1478,E1479,worktype:红页L1HF:3:加砂中:缝内暂堵,worktype_time:红页L1HF:3:加砂中:缝内暂堵
1479,工况 缝内暂堵,统计量,砂比平均值: 9.7704,E1478,E1480,worktype:红页L1HF:3:加砂中:缝内暂堵,worktype_stats:红页L1HF:3:加砂中:缝内暂堵:砂比:mean
1480,工况 缝内暂堵,统计量,砂比方差: 4.8325,E1478,E1481,worktype:红页L1HF:3:加砂中:缝内暂堵,worktype_stats:红页L1HF:3:加砂中:缝内暂堵:砂比:var
1481,工况 缝内暂堵,统计量,排量平均值: 24.0008,E1478,E1482,worktype:红页L1HF:3:加砂中:缝内暂堵,worktype_stats:红页L1HF:3:加砂中:缝内暂堵:排量:mean
1482,工况 缝内暂堵,统计量,排量方差: 0.0,E1478,E1483,worktype:红页L1HF:3:加砂中:缝内暂堵,worktype_stats:红页L1HF:3:加砂中:缝内暂堵:排量:var
1483,工况 缝内暂堵,统计量,施工泵压平均值: 76.7075,E1478,E1484,worktype:红页L1HF:3:加砂中:缝内暂堵,worktype_stats:红页L1HF:3:加砂中:缝内暂堵:施工泵压:mean
1484,工况 缝内暂堵,统计量,施工泵压方差: 5.4693,E1478,E1485,worktype:红页L1HF:3:加砂中:缝内暂堵,worktype_stats:红页L1HF:3:加砂中:缝内暂堵:施工泵压:var
1485,工况 缝内暂堵,当前建议,当前建议: 无建议,E1478,E1486,worktype:红页L1HF:3:加砂中:缝内暂堵,suggestion:红页L1HF:3:加砂中:缝内暂堵
1486,施工情况 加砂中,工况,工况 主缝延伸,E1461,E1487,condition:红页L1HF:3:加砂中,worktype:红页L1HF:3:加砂中:主缝延伸
1487,工况 主缝延伸,工况时间,工况时间 2024-01-05 18:25:00,E1487,E1488,worktype:红页L1HF:3:加砂中:主缝延伸,worktype_time:红页L1HF:3:加砂中:主缝延伸
1488,工况 主缝延伸,统计量,砂比平均值: 11.7724,E1487,E1489,worktype:红页L1HF:3:加砂中:主缝延伸,worktype_stats:红页L1HF:3:加砂中:主缝延伸:砂比:mean
1489,工况 主缝延伸,统计量,砂比方差: 8.2906,E1487,E1490,worktype:红页L1HF:3:加砂中:主缝延伸,worktype_stats:红页L1HF:3:加砂中:主缝延伸:砂比:var
1490,工况 主缝延伸,统计量,排量平均值: 24.0039,E1487,E1491,worktype:红页L1HF:3:加砂中:主缝延伸,worktype_stats:红页L1HF:3:加砂中:主缝延伸:排量:mean
1491,工况 主缝延伸,统计量,排量方差: 0.0,E1487,E1492,worktype:红页L1HF:3:加砂中:主缝延伸,worktype_stats:红页L1HF:3:加砂中:主缝延伸:排量:var
1492,工况 主缝延伸,统计量,施工泵压平均值: 76.9558,E1487,E1493,worktype:红页L1HF:3:加砂中:主缝延伸,worktype_stats:红页L1HF:3:加砂中:主缝延伸:施工泵压:mean
1493,工况 主缝延伸,统计量,施工泵压方差: 3.038,E1487,E1494,worktype:红页L1HF:3:加砂中:主缝延伸,worktype_stats:红页L1HF:3:加砂中:主缝延伸:施工泵压:var
1494,工况 主缝延伸,当前建议,当前建议: 保持当前措施,E1487,E1495,worktype:红页L1HF:3:加砂中:主缝延伸,suggestion:红页L1HF:3:加砂中:主缝延伸
1495,段号 3,施工情况,施工情况 加砂后,E1445,E1496,segment:红页L1HF:3,condition:红页L1HF:3:加砂后
1496,施工情况 加砂后,施工时间,施工时间 2024-01-05 18:36:20,E1496,E1497,condition:红页L1HF:3:加砂后,condition_time:红页L1HF:3:加砂后
1497,施工情况 加砂后,统计量,砂比平均值: 无数据,E1496,E1498,condition:红页L1HF:3:加砂后,condition_stats:红页L1HF:3:加砂后:砂比:mean
1498,施工情况 加砂后,统计量,砂比方差: 无数据,E1496,E1499,condition:红页L1HF:3:加砂后,condition_stats:红页L1HF:3:加砂后:砂比:var
1499,施工情况 加砂后,统计量,排量平均值: 2.5333,E1496,E1500,condition:红页L1HF:3:加砂后,condition_stats:红页L1HF:3:加砂后:排量:mean
1500,施工情况 加砂后,统计量,排量方差: 51.7618,E1496,E1501,condition:红页L1HF:3:加砂后,condition_stats:红页L1HF:3:加砂后:排量:var
1501,施工情况 加砂后,统计量,施工泵压平均值: 31.2961,E1496,E1502,condition:红页L1HF:3:加砂后,condition_stats:红页L1HF:3:加砂后:施工泵压:mean
1502,施工情况 加砂后,统计量,施工泵压方差: 234.1764,E1496,E1503,condition:红页L1HF:3:加砂后,condition_stats:红页L1HF:3:加砂后:施工泵压:var
1503,井号 红页L1HF,段号,段号 30,E0001,E1504,well:红页L1HF,segment:红页L1HF:30
1504,段号 30,段号时间,段号时间 2024-01-19 15:08:40,E1504,E1505,segment:红页L1HF:30,segment_time:红页L1HF:30
1505,段号 30,统计量,砂比平均值: 9.5128,E1504,E1506,segment:红页L1HF:30,segment_stats:红页L1HF:30:砂比:mean
1506,段号 30,统计量,砂比方差: 7.4455,E1504,E1507,segment:红页L1HF:30,segment_stats:红页L1HF:30:砂比:var
1507,段号 30,统计量,排量平均值: 16.9715,E1504,E1508,segment:红页L1HF:30,segment_stats:红页L1HF:30:排量:mean
1508,段号 30,统计量,排量方差: 101.6465,E1504,E1509,segment:红页L1HF:30,segment_stats:红页L1HF:30:排量:var
1509,段号 30,统计量,施工泵压平均值: 64.9052,E1504,E1510,segment:红页L1HF:30,segment_stats:红页L1HF:30:施工泵压:mean
1510,段号 30,统计量,施工泵压方差: 247.4064,E1504,E1511,segment:红页L1HF:30,segment_stats:红页L1HF:30:施工泵压:var
1511,段号 30,施工情况,施工情况 加砂前,E1504,E1512,segment:红页L1HF:30,condition:红页L1HF:30:加砂前
1512,施工情况 加砂前,施工时间,施工时间 2024-01-19 15:08:40,E1512,E1513,condition:红页L1HF:30:加砂前,condition_time:红页L1HF:30:加砂前
1513,施工情况 加砂前,统计量,砂比平均值: 无数据,E1512,E1514,condition:红页L1HF:30:加砂前,condition_stats:红页L1HF:30:加砂前:砂比:mean
1514,施工情况 加砂前,统计量,砂比方差: 无数据,E1512,E1515,condition:红页L1HF:30:加砂前,condition_stats:红页L1HF:30:加砂前:砂比:var
1515,施工情况 加砂前,统计量,排量平均值: 10.6514,E1512,E1516,condition:红页L1HF:30:加砂前,condition_stats:红页L1HF:30:加砂前:排量:mean
1516,施工情况 加砂前,统计量,排量方差: 83.9113,E1512,E1517,condition:红页L1HF:30:加砂前,condition_stats:红页L1HF:30:加砂前:排量:var
1517,施工情况 加砂前,统计量,施工泵压平均值: 54.9737,E1512,E1518,condition:红页L1HF:30:加砂前,condition_stats:红页L1HF:30:加砂前:施工泵压:mean
1518,施工情况 加砂前,统计量,施工泵压方差: 304.1431,E1512,E1519,condition:红页L1HF:30:加砂前,condition_stats:红页L1HF:30:加砂前:施工泵压:var
1519,段号 30,施工情况,施工情况 加砂中,E1504,E1520,segment:红页L1HF:30,condition:红页L1HF:30:加砂中
1520,施工情况 加砂中,施工时间,施工时间 2024-01-19 15:38:30,E1520,E1521,condition:红页L1HF:30:加砂中,condition_time:红页L1HF:30:加砂中
1521,施工情况 加砂中,统计量,砂比平均值: 9.5128,E1520,E1522,condition:红页L1HF:30:加砂中,condition_stats:红页L1HF:30:加砂中:砂比:mean
1522,施工情况 加砂中,统计量,砂比方差: 7.4455,E1520,E1523,condition:红页L1HF:30:加砂中,condition_stats:红页L1HF:30:加砂中:砂比:var
1523,施工情况 加砂中,统计量,排量平均值: 22.7996,E1520,E1524,condition:红页L1HF:30:加砂中,condition_stats:红页L1HF:30:加砂中:排量:mean
1524,施工情况 加砂中,统计量,排量方差: 15.3548,E1520,E1525,condition:红页L1HF:30:加砂中,condition_stats:红页L1HF:30:加砂中:排量:var
1525,施工情况 加砂中,统计量,施工泵压平均值: 72.9657,E1520,E1526,condition:红页L1HF:30:加砂中,condition_stats:红页L1HF:30:加砂中:施工泵压:mean
1526,施工情况 加砂中,统计量,施工泵压方差: 66.8862,E1520,E1527,condition:红页L1HF:30:加砂中,condition_stats:红页L1HF:30:加砂中:施工泵压:var
1527,施工情况 加砂中,工况,工况 缝内暂堵,E1520,E1528,condition:红页L1HF:30:加砂中,worktype:红页L1HF:30:加砂中:缝内暂堵
1528,工况 缝内暂堵,工况时间,工况时间 2024-01-19 15:59:50,E1528,E1529,worktype:红页L1HF:30:加砂中:缝内暂堵,worktype_time:红页L1HF:30:加砂中:缝内暂堵
1529,工况 缝内暂堵,统计量,砂比平均值: 7.139,E1528,E1530,worktype:红页L1HF:30:加砂中:缝内暂堵,worktype_stats:红页L1HF:30:加砂中:缝内暂堵:砂比:mean
1530,工况 缝内暂堵,统计量,砂比方差: 7.1516,E1528,E1531,worktype:红页L1HF:30:加砂中:缝内暂堵,worktype_stats:红页L1HF:30:加砂中:缝内暂堵:砂比:var
1531,工况 缝内暂堵,统计量,排量平均值: 24.0811,E1528,E1532,worktype:红页L1HF:30:加砂中:缝内暂堵,worktype_stats:红页L1HF:30:加砂中:缝内暂堵:排量:mean
1532,工况 缝内暂堵,统计量,排量方差: 0.0,E1528,E1533,worktype:红页L1HF:30:加砂中:缝内暂堵,worktype_stats:红页L1HF:30:加砂中:缝内暂堵:排量:var
1533,工况 缝内暂堵,统计量,施工泵压平均值: 67.7143,E1528,E1534,worktype:红页L1HF:30:加砂中:缝内暂堵,worktype_stats:红页L1HF:30:加砂中:缝内暂堵:施工泵压:mean
1534,工况 缝内暂堵,统计量,施工泵压方差: 4.0277,E1528,E1535,worktype:红页L1HF:30:加砂中:缝内暂堵,worktype_stats:红页L1HF:30:加砂中:缝内暂堵:施工泵压:var
1535,工况 缝内暂堵,当前建议,当前建议: 无建议,E1528,E1536,worktype:红页L1HF:30:加砂中:缝内暂堵,suggestion:红页L1HF:30:加砂中:缝内暂堵
1536,施工情况 加砂中,工况,工况 缝口暂堵,E1520,E1537,condition:红页L1HF:30:加砂中,worktype:红页L1HF:30:加砂中:缝口暂堵
1537,工况 缝口暂堵,工况时间,工况时间 2024-01-19 16:17:10,E1537,E1538,worktype:红页L1HF:30:加砂中:缝口暂堵,worktype_time:红页L1HF:30:加砂中:缝口暂堵
1538,工况 缝口暂堵,统计量,砂比平均值: 7.7771,E1537,E1539,worktype:红页L1HF:30:加砂中:缝口暂堵,worktype_stats:红页L1HF:30:加砂中:缝口暂堵:砂比:mean
1539,工况 缝口暂堵,统计量,砂比方差: 6.7566,E1537,E1540,worktype:红页L1HF:30:加砂中:缝口暂堵,worktype_stats:红页L1HF:30:加砂中:缝口暂堵:砂比:var
1540,工况 缝口暂堵,统计量,排量平均值: 18.7239,E1537,E1541,worktype:红页L1HF:30:加砂中:缝口暂堵,worktype_stats:红页L1HF:30:加砂中:缝口暂堵:排量:mean
1541,工况 缝口暂堵,统计量,排量方差: 71.8951,E1537,E1542,worktype:红页L1HF:30:加砂中:缝口暂堵,worktype_stats:红页L1HF:30:加砂中:缝口暂堵:排量:var
1542,工况 缝口暂堵,统计量,施工泵压平均值: 67.6457,E1537,E1543,worktype:红页L1HF:30:加砂中:缝口暂堵,worktype_stats:红页L1HF:30:加砂中:缝口暂堵:施工泵压:mean
1543,工况 缝口暂堵,统计量,施工泵压方差: 44.3504,E1537,E1544,worktype:红页L1HF:30:加砂中:缝口暂堵,worktype_stats:红页L1HF:30:加砂中:缝口暂堵:施工泵压:var
1544,工况 缝口暂堵,当前建议,当前建议: 无建议,E1537,E1545,worktype:红页L1HF:30:加砂中:缝口暂堵,suggestion:红页L1HF:30:加砂中:缝口暂堵
1545,施工情况 加砂中,工况,工况 主缝延伸,E1520,E1546,condition:红页L1HF:30:加砂中,worktype:红页L1HF:30:加砂中:主缝延伸
1546,工况 主缝延伸,工况时间,工况时间 2024-01-19 17:24:40,E1546,E1547,worktype:红页L1HF:30:加砂中:主缝延伸,worktype_time:红页L1HF:30:加砂中:主缝延伸
1547,工况 主缝延伸,统计量,砂比平均值: 11.1136,E1546,E1548,worktype:红页L1HF:30:加砂中:主缝延伸,worktype_stats:红页L1HF:30:加砂中:主缝延伸:砂比:mean
1548,工况 主缝延伸,统计量,砂比方差: 6.1679,E1546,E1549,worktype:红页L1HF:30:加砂中:主缝延伸,worktype_stats:红页L1HF:30:加砂中:主缝延伸:砂比:var
1549,工况 主缝延伸,统计量,排量平均值: 23.4844,E1546,E1550,worktype:红页L1HF:30:加砂中:主缝延伸,worktype_stats:红页L1HF:30:加砂中:主缝延伸:排量:mean
1550,工况 主缝延伸,统计量,排量方差: 0.4723,E1546,E1551,worktype:红页L1HF:30:加砂中:主缝延伸,worktype_stats:红页L1HF:30:加砂中:主缝延伸:排量:var
1551,工况 主缝延伸,统计量,施工泵压平均值: 82.3147,E1546,E1552,worktype:红页L1HF:30:加砂中:主缝延伸,worktype_stats:红页L1HF:30:加砂中:主缝延伸:施工泵压:mean
1552,工况 主缝延伸,统计量,施工泵压方差: 1.5489,E1546,E1553,worktype:红页L1HF:30:加砂中:主缝延伸,worktype_stats:红页L1HF:30:加砂中:主缝延伸:施工泵压:var
1553,工况 主缝延伸,当前建议,当前建议: 保持当前措施,E1546,E1554,worktype:红页L1HF:30:加砂中:主缝延伸,suggestion:红页L1HF:30:加砂中:主缝延伸
1554,段号 30,施工情况,施工情况 加砂后,E1504,E1555,segment:红页L1HF:30,condition:红页L1HF:30:加砂后
1555,施工情况 加砂后,施工时间,施工时间 2024-01-19 17:47:20,E1555,E1556,condition:红页L1HF:30:加砂后,condition_time:红页L1HF:30:加砂后
1556,施工情况 加砂后,统计量,砂比平均值: 无数据,E1555,E1557,condition:红页L1HF:30:加砂后,condition_stats:红页L1HF:30:加砂后:砂比:mean
1557,施工情况 加砂后,统计量,砂比方差: 无数据,E1555,E1558,condition:红页L1HF:30:加砂后,condition_stats:红页L1HF:30:加砂后:砂比:var
1558,施工情况 加砂后,统计量,排量平均值: 1.7698,E1555,E1559,condition:红页L1HF:30:加砂后,condition_stats:红页L1HF:30:加砂后:排量:mean
1559,施工情况 加砂后,统计量,排量方差: 37.7526,E1555,E1560,condition:红页L1HF:30:加砂后,condition_stats:红页L1HF:30:加砂后:排量:var
1560,施工情况 加砂后,统计量,施工泵压平均值: 44.9394,E1555,E1561,condition:红页L1HF:30:加砂后,condition_stats:红页L1HF:30:加砂后:施工泵压:mean
1561,施工情况 加砂后,统计量,施工泵压方差: 123.4195,E1555,E1562,condition:红页L1HF:30:加砂后,condition_stats:红页L1HF:30:加砂后:施工泵压:var
1562,施工情况 加砂后,工况,工况 主缝延伸,E1555,E1563,condition:红页L1HF:30:加砂后,worktype:红页L1HF:30:加砂后:主缝延伸
1563,工况 主缝延伸,工况时间,工况时间 2024-01-19 17:47:20,E1563,E1564,worktype:红页L1HF:30:加砂后:主缝延伸,worktype_time:红页L1HF:30:加砂后:主缝延伸
1564,工况 主缝延伸,统计量,砂比平均值: 无数据,E1563,E1565,worktype:红页L1HF:30:加砂后:主缝延伸,worktype_stats:红页L1HF:30:加砂后:主缝延伸:砂比:mean
1565,工况 主缝延伸,统计量,砂比方差: 无数据,E1563,E1566,worktype:红页L1HF:30:加砂后:主缝延伸,worktype_stats:红页L1HF:30:加砂后:主缝延伸:砂比:var
1566,工况 主缝延伸,统计量,排量平均值: 24.08,E1563,E1567,worktype:红页L1HF:30:加砂后:主缝延伸,worktype_stats:红页L1HF:30:加砂后:主缝延伸:排量:mean
1567,工况 主缝延伸,统计量,排量方差: 0.0,E1563,E1568,worktype:红页L1HF:30:加砂后:主缝延伸,worktype_stats:红页L1HF:30:加砂后:主缝延伸:排量:var
1568,工况 主缝延伸,统计量,施工泵压平均值: 85.045,E1563,E1569,worktype:红页L1HF:30:加砂后:主缝延伸,worktype_stats:红页L1HF:30:加砂后:主缝延伸:施工泵压:mean
1569,工况 主缝延伸,统计量,施工泵压方差: 0.0745,E1563,E1570,worktype:红页L1HF:30:加砂后:主缝延伸,worktype_stats:红页L1HF:30:加砂后:主缝延伸:施工泵压:var
1570,工况 主缝延伸,当前建议,当前建议: 保持当前措施,E1563,E1571,worktype:红页L1HF:30:加砂后:主缝延伸,suggestion:红页L1HF:30:加砂后:主缝延伸
1571,井号 红页L1HF,段号,段号 31,E0001,E1572,well:红页L1HF,segment:红页L1HF:31
1572,段号 31,段号时间,段号时间 2024-01-20 08:27:10,E1572,E1573,segment:红页L1HF:31,segment_time:红页L1HF:31
1573,段号 31,统计量,砂比平均值: 10.4466,E1572,E1574,segment:红页L1HF:31,segment_stats:红页L1HF:31:砂比:mean
1574,段号 31,统计量,砂比方差: 5.4045,E1572,E1575,segment:红页L1HF:31,segment_stats:红页L1HF:31:砂比:var
1575,段号 31,统计量,排量平均值: 15.8998,E1572,E1576,segment:红页L1HF:31,segment_stats:红页L1HF:31:排量:mean
1576,段号 31,统计量,排量方差: 114.9384,E1572,E1577,segment:红页L1HF:31,segment_stats:红页L1HF:31:排量:var
1577,段号 31,统计量,施工泵压平均值: 55.8864,E1572,E1578,segment:红页L1HF:31,segment_stats:红页L1HF:31:施工泵压:mean
1578,段号 31,统计量,施工泵压方差: 145.8662,E1572,E1579,segment:红页L1HF:31,segment_stats:红页L1HF:31:施工泵压:var
1579,段号 31,施工情况,施工情况 加砂前,E1572,E1580,segment:红页L1HF:31,condition:红页L1HF:31:加砂前
1580,施工情况 加砂前,施工时间,施工时间 2024-01-20 08:27:10,E1580,E1581,condition:红页L1HF:31:加砂前,condition_time:红页L1HF:31:加砂前
1581,施工情况 加砂前,统计量,砂比平均值: 无数据,E1580,E1582,condition:红页L1HF:31:加砂前,condition_stats:红页L1HF:31:加砂前:砂比:mean
1582,施工情况 加砂前,统计量,砂比方差: 无数据,E1580,E1583,condition:红页L1HF:31:加砂前,condition_stats:红页L1HF:31:加砂前:砂比:var
1583,施工情况 加砂前,统计量,排量平均值: 9.286,E1580,E1584,condition:红页L1HF:31:加砂前,condition_stats:红页L1HF:31:加砂前:排量:mean
1584,施工情况 加砂前,统计量,排量方差: 85.8622,E1580,E1585,condition:红页L1HF:31:加砂前,condition_stats:红页L1HF:31:加砂前:排量:var
1585,施工情况 加砂前,统计量,施工泵压平均值: 49.7459,E1580,E1586,condition:红页L1HF:31:加砂前,condition_stats:红页L1HF:31:加砂前:施工泵压:mean
1586,施工情况 加砂前,统计量,施工泵压方差: 212.7881,E1580,E1587,condition:红页L1HF:31:加砂前,condition_stats:红页L1HF:31:加砂前:施工泵压:var
1587,段号 31,施工情况,施工情况 加砂中,E1572,E1588,segment:红页L1HF:31,condition:红页L1HF:31:加砂中
1588,施工情况 加砂中,施工时间,施工时间 2024-01-20 09:00:10,E1588,E1589,condition:红页L1HF:31:加砂中,condition_time:红页L1HF:31:加砂中
1589,施工情况 加砂中,统计量,砂比平均值: 10.4466,E1588,E1590,condition:红页L1HF:31:加砂中,condition_stats:红页L1HF:31:加砂中:砂比:mean
1590,施工情况 加砂中,统计量,砂比方差: 5.4045,E1588,E1591,condition:红页L1HF:31:加砂中,condition_stats:红页L1HF:31:加砂中:砂比:var
1591,施工情况 加砂中,统计量,排量平均值: 23.6526,E1588,E1592,condition:红页L1HF:31:加砂中,condition_stats:红页L1HF:31:加砂中:排量:mean
1592,施工情况 加砂中,统计量,排量方差: 4.3419,E1588,E1593,condition:红页L1HF:31:加砂中,condition_stats:红页L1HF:31:加砂中:排量:var
1593,施工情况 加砂中,统计量,施工泵压平均值: 63.5109,E1588,E1594,condition:红页L1HF:31:加砂中,condition_stats:红页L1HF:31:加砂中:施工泵压:mean
1594,施工情况 加砂中,统计量,施工泵压方差: 6.5054,E1588,E1595,condition:红页L1HF:31:加砂中,condition_stats:红页L1HF:31:加砂中:施工泵压:var
1595,施工情况 加砂中,工况,工况 缝内暂堵,E1588,E1596,condition:红页L1HF:31:加砂中,worktype:红页L1HF:31:加砂中:缝内暂堵
1596,工况 缝内暂堵,工况时间,工况时间 2024-01-20 09:20:30,E1596,E1597,worktype:红页L1HF:31:加砂中:缝内暂堵,worktype_time:红页L1HF:31:加砂中:缝内暂堵
1597,工况 缝内暂堵,统计量,砂比平均值: 9.5393,E1596,E1598,worktype:红页L1HF:31:加砂中:缝内暂堵,worktype_stats:红页L1HF:31:加砂中:缝内暂堵:砂比:mean
1598,工况 缝内暂堵,统计量,砂比方差: 4.0345,E1596,E1599,worktype:红页L1HF:31:加砂中:缝内暂堵,worktype_stats:红页L1HF:31:加砂中:缝内暂堵:砂比:var
1599,工况 缝内暂堵,统计量,排量平均值: 24.0526,E1596,E1600,worktype:红页L1HF:31:加砂中:缝内暂堵,worktype_stats:红页L1HF:31:加砂中:缝内暂堵:排量:mean
1600,工况 缝内暂堵,统计量,排量方差: 0.0,E1596,E1601,worktype:红页L1HF:31:加砂中:缝内暂堵,worktype_stats:红页L1HF:31:加砂中:缝内暂堵:排量:var
1601,工况 缝内暂堵,统计量,施工泵压平均值: 62.9935,E1596,E1602,worktype:红页L1HF:31:加砂中:缝内暂堵,worktype_stats:红页L1HF:31:加砂中:缝内暂堵:施工泵压:mean
1602,工况 缝内暂堵,统计量,施工泵压方差: 1.3719,E1596,E1603,worktype:红页L1HF:31:加砂中:缝内暂堵,worktype_stats:红页L1HF:31:加砂中:缝内暂堵:施工泵压:var
1603,工况 缝内暂堵,当前建议,当前建议: 无建议,E1596,E1604,worktype:红页L1HF:31:加砂中:缝内暂堵,suggestion:红页L1HF:31:加砂中:缝内暂堵
1604,施工情况 加砂中,工况,工况 缝口暂堵,E1588,E1605,condition:红页L1HF:31:加砂中,worktype:红页L1HF:31:加砂中:缝口暂堵
1605,工况 缝口暂堵,工况时间,工况时间 2024-01-20 09:43:40,E1605,E1606,worktype:红页L1HF:31:加砂中:缝口暂堵,worktype_time:红页L1HF:31:加砂中:缝口暂堵
1606,工况 缝口暂堵,统计量,砂比平均值: 10.2464,E1605,E1607,worktype:红页L1HF:31:加砂中:缝口暂堵,worktype_stats:红页L1HF:31:加砂中:缝口暂堵:砂比:mean
1607,工况 缝口暂堵,统计量,砂比方差: 5.5111,E1605,E1608,worktype:红页L1HF:31:加砂中:缝口暂堵,worktype_stats:红页L1HF:31:加砂中:缝口暂堵:砂比:var
1608,工况 缝口暂堵,统计量,排量平均值: 20.6064,E1605,E1609,worktype:红页L1HF:31:加砂中:缝口暂堵,worktype_stats:红页L1HF:31:加砂中:缝口暂堵:排量:mean
1609,工况 缝口暂堵,统计量,排量方差: 12.8822,E1605,E1610,worktype:红页L1HF:31:加砂中:缝口暂堵,worktype_stats:红页L1HF:31:加砂中:缝口暂堵:排量:var
1610,工况 缝口暂堵,统计量,施工泵压平均值: 60.3373,E1605,E1611,worktype:红页L1HF:31:加砂中:缝口暂堵,worktype_stats:红页L1HF:31:加砂中:缝口暂堵:施工泵压:mean
1611,工况 缝口暂堵,统计量,施工泵压方差: 14.1421,E1605,E1612,worktype:红页L1HF:31:加砂中:缝口暂堵,worktype_stats:红页L1HF:31:加砂中:缝口暂堵:施工泵压:var
1612,工况 缝口暂堵,当前建议,当前建议: 无建议,E1605,E1613,worktype:红页L1HF:31:加砂中:缝口暂堵,suggestion:红页L1HF:31:加砂中:缝口暂堵
1613,施工情况 加砂中,工况,工况 主缝延伸,E1588,E1614,condition:红页L1HF:31:加砂中,worktype:红页L1HF:31:加砂中:主缝延伸
1614,工况 主缝延伸,工况时间,工况时间 2024-01-20 10:12:40,E1614,E1615,worktype:红页L1HF:31:加砂中:主缝延伸,worktype_time:红页L1HF:31:加砂中:主缝延伸
1615,工况 主缝延伸,统计量,砂比平均值: 11.0294,E1614,E1616,worktype:红页L1HF:31:加砂中:主缝延伸,worktype_stats:红页L1HF:31:加砂中:主缝延伸:砂比:mean
1616,工况 主缝延伸,统计量,砂比方差: 5.4515,E1614,E1617,worktype:红页L1HF:31:加砂中:主缝延伸,worktype_stats:红页L1HF:31:加砂中:主缝延伸:砂比:var
1617,工况 主缝延伸,统计量,排量平均值: 24.05,E1614,E1618,worktype:红页L1HF:31:加砂中:主缝延伸,worktype_stats:红页L1HF:31:加砂中:主缝延伸:排量:mean
1618,工况 主缝延伸,统计量,排量方差: 0.0,E1614,E1619,worktype:红页L1HF:31:加砂中:主缝延伸,worktype_stats:红页L1HF:31:加砂中:主缝延伸:排量:var
1619,工况 主缝延伸,统计量,施工泵压平均值: 65.3208,E1614,E1620,worktype:红页L1HF:31:加砂中:主缝延伸,worktype_stats:红页L1HF:31:加砂中:主缝延伸:施工泵压:mean
1620,工况 主缝延伸,统计量,施工泵压方差: 0.2815,E1614,E1621,worktype:红页L1HF:31:加砂中:主缝延伸,worktype_stats:红页L1HF:31:加砂中:主缝延伸:施工泵压:var
1621,工况 主缝延伸,当前建议,当前建议: 保持当前措施,E1614,E1622,worktype:红页L1HF:31:加砂中:主缝延伸,suggestion:红页L1HF:31:加砂中:主缝延伸
1622,段号 31,施工情况,施工情况 加砂后,E1572,E1623,segment:红页L1HF:31,condition:红页L1HF:31:加砂后
1623,施工情况 加砂后,施工时间,施工时间 2024-01-20 10:29:50,E1623,E1624,condition:红页L1HF:31:加砂后,condition_time:红页L1HF:31:加砂后
1624,施工情况 加砂后,统计量,砂比平均值: 无数据,E1623,E1625,condition:红页L1HF:31:加砂后,condition_stats:红页L1HF:31:加砂后:砂比:mean
1625,施工情况 加砂后,统计量,砂比方差: 无数据,E1623,E1626,condition:红页L1HF:31:加砂后,condition_stats:红页L1HF:31:加砂后:砂比:var
1626,施工情况 加砂后,统计量,排量平均值: 1.8878,E1623,E1627,condition:红页L1HF:31:加砂后,condition_stats:红页L1HF:31:加砂后:排量:mean
1627,施工情况 加砂后,统计量,排量方差: 39.489,E1623,E1628,condition:红页L1HF:31:加砂后,condition_stats:红页L1HF:31:加砂后:排量:var
1628,施工情况 加砂后,统计量,施工泵压平均值: 41.7269,E1623,E1629,condition:红页L1HF:31:加砂后,condition_stats:红页L1HF:31:加砂后:施工泵压:mean
1629,施工情况 加砂后,统计量,施工泵压方差: 55.3165,E1623,E1630,condition:红页L1HF:31:加砂后,condition_stats:红页L1HF:31:加砂后:施工泵压:var
1630,施工情况 加砂后,工况,工况 主缝延伸,E1623,E1631,condition:红页L1HF:31:加砂后,worktype:红页L1HF:31:加砂后:主缝延伸
1631,工况 主缝延伸,工况时间,工况时间 2024-01-20 10:29:50,E1631,E1632,worktype:红页L1HF:31:加砂后:主缝延伸,worktype_time:红页L1HF:31:加砂后:主缝延伸
1632,工况 主缝延伸,统计量,砂比平均值: 无数据,E1631,E1633,worktype:红页L1HF:31:加砂后:主缝延伸,worktype_stats:红页L1HF:31:加砂后:主缝延伸:砂比:mean
1633,工况 主缝延伸,统计量,砂比方差: 无数据,E1631,E1634,worktype:红页L1HF:31:加砂后:主缝延伸,worktype_stats:红页L1HF:31:加砂后:主缝延伸:砂比:var
1634,工况 主缝延伸,统计量,排量平均值: 24.05,E1631,E1635,worktype:红页L1HF:31:加砂后:主缝延伸,worktype_stats:红页L1HF:31:加砂后:主缝延伸:排量:mean
1635,工况 主缝延伸,统计量,排量方差: 0.0,E1631,E1636,worktype:红页L1HF:31:加砂后:主缝延伸,worktype_stats:红页L1HF:31:加砂后:主缝延伸:排量:var
1636,工况 主缝延伸,统计量,施工泵压平均值: 63.95,E1631,E1637,worktype:红页L1HF:31:加砂后:主缝延伸,worktype_stats:红页L1HF:31:加砂后:主缝延伸:施工泵压:mean
1637,工况 主缝延伸,统计量,施工泵压方差: 0.0,E1631,E1638,worktype:红页L1HF:31:加砂后:主缝延伸,worktype_stats:红页L1HF:31:加砂后:主缝延伸:施工泵压:var
1638,工况 主缝延伸,当前建议,当前建议: 保持当前措施,E1631,E1639,worktype:红页L1HF:31:加砂后:主缝延伸,suggestion:红页L1HF:31:加砂后:主缝延伸
1639,井号 红页L1HF,段号,段号 32,E0001,E1640,well:红页L1HF,segment:红页L1HF:32
1640,段号 32,段号时间,段号时间 2024-01-20 14:31:20,E1640,E1641,segment:红页L1HF:32,segment_time:红页L1HF:32
1641,段号 32,统计量,砂比平均值: 9.6611,E1640,E1642,segment:红页L1HF:32,segment_stats:红页L1HF:32:砂比:mean
1642,段号 32,统计量,砂比方差: 6.3078,E1640,E1643,segment:红页L1HF:32,segment_stats:红页L1HF:32:砂比:var
1643,段号 32,统计量,排量平均值: 15.6138,E1640,E1644,segment:红页L1HF:32,segment_stats:红页L1HF:32:排量:mean
1644,段号 32,统计量,排量方差: 114.739,E1640,E1645,segment:红页L1HF:32,segment_stats:红页L1HF:32:排量:var
1645,段号 32,统计量,施工泵压平均值: 57.9914,E1640,E1646,segment:红页L1HF:32,segment_stats:红页L1HF:32:施工泵压:mean
1646,段号 32,统计量,施工泵压方差: 253.8856,E1640,E1647,segment:红页L1HF:32,segment_stats:红页L1HF:32:施工泵压:var
1647,段号 32,施工情况,施工情况 加砂前,E1640,E1648,segment:红页L1HF:32,condition:红页L1HF:32:加砂前
1648,施工情况 加砂前,施工时间,施工时间 2024-01-20 14:31:20,E1648,E1649,condition:红页L1HF:32:加砂前,condition_time:红页L1HF:32:加砂前
1649,施工情况 加砂前,统计量,砂比平均值: 无数据,E1648,E1650,condition:红页L1HF:32:加砂前,condition_stats:红页L1HF:32:加砂前:砂比:mean
1650,施工情况 加砂前,统计量,砂比方差: 无数据,E1648,E1651,condition:红页L1HF:32:加砂前,condition_stats:红页L1HF:32:加砂前:砂比:var
1651,施工情况 加砂前,统计量,排量平均值: 9.5219,E1648,E1652,condition:红页L1HF:32:加砂前,condition_stats:红页L1HF:32:加砂前:排量:mean
1652,施工情况 加砂前,统计量,排量方差: 79.869,E1648,E1653,condition:红页L1HF:32:加砂前,condition_stats:红页L1HF:32:加砂前:排量:var
1653,施工情况 加砂前,统计量,施工泵压平均值: 50.4044,E1648,E1654,condition:红页L1HF:32:加砂前,condition_stats:红页L1HF:32:加砂前:施工泵压:mean
1654,施工情况 加砂前,统计量,施工泵压方差: 192.8203,E1648,E1655,condition:红页L1HF:32:加砂前,condition_stats:红页L1HF:32:加砂前:施工泵压:var
1655,段号 32,施工情况,施工情况 加砂中,E1640,E1656,segment:红页L1HF:32,condition:红页L1HF:32:加砂中
1656,施工情况 加砂中,施工时间,施工时间 2024-01-20 15:03:50,E1656,E1657,condition:红页L1HF:32:加砂中,condition_time:红页L1HF:32:加砂中
1657,施工情况 加砂中,统计量,砂比平均值: 9.6611,E1656,E1658,condition:红页L1HF:32:加砂中,condition_stats:红页L1HF:32:加砂中:砂比:mean
1658,施工情况 加砂中,统计量,砂比方差: 6.3078,E1656,E1659,condition:红页L1HF:32:加砂中,condition_stats:红页L1HF:32:加砂中:砂比:var
1659,施工情况 加砂中,统计量,排量平均值: 23.6697,E1656,E1660,condition:红页L1HF:32:加砂中,condition_stats:红页L1HF:32:加砂中:排量:mean
1660,施工情况 加砂中,统计量,排量方差: 2.836,E1656,E1661,condition:红页L1HF:32:加砂中,condition_stats:红页L1HF:32:加砂中:排量:var
1661,施工情况 加砂中,统计量,施工泵压平均值: 68.7145,E1656,E1662,condition:红页L1HF:32:加砂中,condition_stats:红页L1HF:32:加砂中:施工泵压:mean
1662,施工情况 加砂中,统计量,施工泵压方差: 53.4724,E1656,E1663,condition:红页L1HF:32:加砂中,condition_stats:红页L1HF:32:加砂中:施工泵压:var
1663,施工情况 加砂中,工况,工况 缝内暂堵,E1656,E1664,condition:红页L1HF:32:加砂中,worktype:红页L1HF:32:加砂中:缝内暂堵
1664,工况 缝内暂堵,工况时间,工况时间 2024-01-20 15:19:30,E1664,E1665,worktype:红页L1HF:32:加砂中:缝内暂堵,worktype_time:红页L1HF:32:加砂中:缝内暂堵
1665,工况 缝内暂堵,统计量,砂比平均值: 8.7143,E1664,E1666,worktype:红页L1HF:32:加砂中:缝内暂堵,worktype_stats:红页L1HF:32:加砂中:缝内暂堵:砂比:mean
1666,工况 缝内暂堵,统计量,砂比方差: 6.5841,E1664,E1667,worktype:红页L1HF:32:加砂中:缝内暂堵,worktype_stats:红页L1HF:32:加砂中:缝内暂堵:砂比:var
1667,工况 缝内暂堵,统计量,排量平均值: 24.0532,E1664,E1668,worktype:红页L1HF:32:加砂中:缝内暂堵,worktype_stats:红页L1HF:32:加砂中:缝内暂堵:排量:mean
1668,工况 缝内暂堵,统计量,排量方差: 0.0,E1664,E1669,worktype:红页L1HF:32:加砂中:缝内暂堵,worktype_stats:红页L1HF:32:加砂中:缝内暂堵:排量:var
1669,工况 缝内暂堵,统计量,施工泵压平均值: 64.1702,E1664,E1670,worktype:红页L1HF:32:加砂中:缝内暂堵,worktype_stats:红页L1HF:32:加砂中:缝内暂堵:施工泵压:mean
1670,工况 缝内暂堵,统计量,施工泵压方差: 10.6315,E1664,E1671,worktype:红页L1HF:32:加砂中:缝内暂堵,worktype_stats:红页L1HF:32:加砂中:缝内暂堵:施工泵压:var
1671,工况 缝内暂堵,当前建议,当前建议: 无建议,E1664,E1672,worktype:红页L1HF:32:加砂中:缝内暂堵,suggestion:红页L1HF:32:加砂中:缝内暂堵
1672,施工情况 加砂中,工况,工况 缝口暂堵,E1656,E1673,condition:红页L1HF:32:加砂中,worktype:红页L1HF:32:加砂中:缝口暂堵
1673,工况 缝口暂堵,工况时间,工况时间 2024-01-20 15:33:50,E1673,E1674,worktype:红页L1HF:32:加砂中:缝口暂堵,worktype_time:红页L1HF:32:加砂中:缝口暂堵
1674,工况 缝口暂堵,统计量,砂比平均值: 8.02,E1673,E1675,worktype:红页L1HF:32:加砂中:缝口暂堵,worktype_stats:红页L1HF:32:加砂中:缝口暂堵:砂比:mean
1675,工况 缝口暂堵,统计量,砂比方差: 13.2016,E1673,E1676,worktype:红页L1HF:32:加砂中:缝口暂堵,worktype_stats:红页L1HF:32:加砂中:缝口暂堵:砂比:var
1676,工况 缝口暂堵,统计量,排量平均值: 23.2895,E1673,E1677,worktype:红页L1HF:32:加砂中:缝口暂堵,worktype_stats:红页L1HF:32:加砂中:缝口暂堵:排量:mean
1677,工况 缝口暂堵,统计量,排量方差: 1.4675,E1673,E1678,worktype:红页L1HF:32:加砂中:缝口暂堵,worktype_stats:红页L1HF:32:加砂中:缝口暂堵:排量:var
1678,工况 缝口暂堵,统计量,施工泵压平均值: 70.7924,E1673,E1679,worktype:红页L1HF:32:加砂中:缝口暂堵,worktype_stats:红页L1HF:32:加砂中:缝口暂堵:施工泵压:mean
1679,工况 缝口暂堵,统计量,施工泵压方差: 73.5596,E1673,E1680,worktype:红页L1HF:32:加砂中:缝口暂堵,worktype_stats:红页L1HF:32:加砂中:缝口暂堵:施工泵压:var
1680,工况 缝口暂堵,当前建议,当前建议: 无建议,E1673,E1681,worktype:红页L1HF:32:加砂中:缝口暂堵,suggestion:红页L1HF:32:加砂中:缝口暂堵
1681,施工情况 加砂中,工况,工况 主缝延伸,E1656,E1682,condition:红页L1HF:32:加砂中,worktype:红页L1HF:32:加砂中:主缝延伸
1682,工况 主缝延伸,工况时间,工况时间 2024-01-20 16:26:00,E1682,E1683,worktype:红页L1HF:32:加砂中:主缝延伸,worktype_time:红页L1HF:32:加砂中:主缝延伸
1683,工况 主缝延伸,统计量,砂比平均值: 10.4462,E1682,E1684,worktype:红页L1HF:32:加砂中:主缝延伸,worktype_stats:红页L1HF:32:加砂中:主缝延伸:砂比:mean
1684,工况 主缝延伸,统计量,砂比方差: 4.5462,E1682,E1685,worktype:红页L1HF:32:加砂中:主缝延伸,worktype_stats:红页L1HF:32:加砂中:主缝延伸:砂比:var
1685,工况 主缝延伸,统计量,排量平均值: 23.3935,E1682,E1686,worktype:红页L1HF:32:加砂中:主缝延伸,worktype_stats:红页L1HF:32:加砂中:主缝延伸:排量:mean
1686,工况 主缝延伸,统计量,排量方差: 0.7632,E1682,E1687,worktype:红页L1HF:32:加砂中:主缝延伸,worktype_stats:红页L1HF:32:加砂中:主缝延伸:排量:var
1687,工况 主缝延伸,统计量,施工泵压平均值: 78.1814,E1682,E1688,worktype:红页L1HF:32:加砂中:主缝延伸,worktype_stats:红页L1HF:32:加砂中:主缝延伸:施工泵压:mean
1688,工况 主缝延伸,统计量,施工泵压方差: 1.5495,E1682,E1689,worktype:红页L1HF:32:加砂中:主缝延伸,worktype_stats:红页L1HF:32:加砂中:主缝延伸:施工泵压:var
1689,工况 主缝延伸,当前建议,当前建议: 保持当前措施,E1682,E1690,worktype:红页L1HF:32:加砂中:主缝延伸,suggestion:红页L1HF:32:加砂中:主缝延伸
1690,段号 32,施工情况,施工情况 加砂后,E1640,E1691,segment:红页L1HF:32,condition:红页L1HF:32:加砂后
1691,施工情况 加砂后,施工时间,施工时间 2024-01-20 16:37:00,E1691,E1692,condition:红页L1HF:32:加砂后,condition_time:红页L1HF:32:加砂后
1692,施工情况 加砂后,统计量,砂比平均值: 无数据,E1691,E1693,condition:红页L1HF:32:加砂后,condition_stats:红页L1HF:32:加砂后:砂比:mean
1693,施工情况 加砂后,统计量,砂比方差: 无数据,E1691,E1694,condition:红页L1HF:32:加砂后,condition_stats:红页L1HF:32:加砂后:砂比:var
1694,施工情况 加砂后,统计量,排量平均值: 1.5035,E1691,E1695,condition:红页L1HF:32:加砂后,condition_stats:红页L1HF:32:加砂后:排量:mean
1695,施工情况 加砂后,统计量,排量方差: 30.5995,E1691,E1696,condition:红页L1HF:32:加砂后,condition_stats:红页L1HF:32:加砂后:排量:var
1696,施工情况 加砂后,统计量,施工泵压平均值: 38.6983,E1691,E1697,condition:红页L1HF:32:加砂后,condition_stats:红页L1HF:32:加砂后:施工泵压:mean
1697,施工情况 加砂后,统计量,施工泵压方差: 98.0119,E1691,E1698,condition:红页L1HF:32:加砂后,condition_stats:红页L1HF:32:加砂后:施工泵压:var
1698,施工情况 加砂后,工况,工况 主缝延伸,E1691,E1699,condition:红页L1HF:32:加砂后,worktype:红页L1HF:32:加砂后:主缝延伸
1699,工况 主缝延伸,工况时间,工况时间 2024-01-20 16:37:00,E1699,E1700,worktype:红页L1HF:32:加砂后:主缝延伸,worktype_time:红页L1HF:32:加砂后:主缝延伸
1700,工况 主缝延伸,统计量,砂比平均值: 无数据,E1699,E1701,worktype:红页L1HF:32:加砂后:主缝延伸,worktype_stats:红页L1HF:32:加砂后:主缝延伸:砂比:mean
1701,工况 主缝延伸,统计量,砂比方差: 无数据,E1699,E1702,worktype:红页L1HF:32:加砂后:主缝延伸,worktype_stats:红页L1HF:32:加砂后:主缝延伸:砂比:var
1702,工况 主缝延伸,统计量,排量平均值: 24.06,E1699,E1703,worktype:红页L1HF:32:加砂后:主缝延伸,worktype_stats:红页L1HF:32:加砂后:主缝延伸:排量:mean
1703,工况 主缝延伸,统计量,排量方差: 0.0,E1699,E1704,worktype:红页L1HF:32:加砂后:主缝延伸,worktype_stats:红页L1HF:32:加砂后:主缝延伸:排量:var
1704,工况 主缝延伸,统计量,施工泵压平均值: 76.18,E1699,E1705,worktype:红页L1HF:32:加砂后:主缝延伸,worktype_stats:红页L1HF:32:加砂后:主缝延伸:施工泵压:mean
1705,工况 主缝延伸,统计量,施工泵压方差: 0.1319,E1699,E1706,worktype:红页L1HF:32:加砂后:主缝延伸,worktype_stats:红页L1HF:32:加砂后:主缝延伸:施工泵压:var
1706,工况 主缝延伸,当前建议,当前建议: 保持当前措施,E1699,E1707,worktype:红页L1HF:32:加砂后:主缝延伸,suggestion:红页L1HF:32:加砂后:主缝延伸
1707,井号 红页L1HF,段号,段号 33,E0001,E1708,well:红页L1HF,segment:红页L1HF:33
1708,段号 33,段号时间,段号时间 2024-01-21 08:00:50,E1708,E1709,segment:红页L1HF:33,segment_time:红页L1HF:33
1709,段号 33,统计量,砂比平均值: 10.0593,E1708,E1710,segment:红页L1HF:33,segment_stats:红页L1HF:33:砂比:mean
1710,段号 33,统计量,砂比方差: 5.7185,E1708,E1711,segment:红页L1HF:33,segment_stats:红页L1HF:33:砂比:var
1711,段号 33,统计量,排量平均值: 16.0653,E1708,E1712,segment:红页L1HF:33,segment_stats:红页L1HF:33:排量:mean
1712,段号 33,统计量,排量方差: 116.445,E1708,E1713,segment:红页L1HF:33,segment_stats:红页L1HF:33:排量:var
1713,段号 33,统计量,施工泵压平均值: 52.1864,E1708,E1714,segment:红页L1HF:33,segment_stats:红页L1HF:33:施工泵压:mean
1714,段号 33,统计量,施工泵压方差: 121.5715,E1708,E1715,segment:红页L1HF:33,segment_stats:红页L1HF:33:施工泵压:var
1715,段号 33,施工情况,施工情况 加砂前,E1708,E1716,segment:红页L1HF:33,condition:红页L1HF:33:加砂前
1716,施工情况 加砂前,施工时间,施工时间 2024-01-21 08:00:50,E1716,E1717,condition:红页L1HF:33:加砂前,condition_time:红页L1HF:33:加砂前
1717,施工情况 加砂前,统计量,砂比平均值: 无数据,E1716,E1718,condition:红页L1HF:33:加砂前,condition_stats:红页L1HF:33:加砂前:砂比:mean
1718,施工情况 加砂前,统计量,砂比方差: 无数据,E1716,E1719,condition:红页L1HF:33:加砂前,condition_stats:红页L1HF:33:加砂前:砂比:var
1719,施工情况 加砂前,统计量,排量平均值: 9.508,E1716,E1720,condition:红页L1HF:33:加砂前,condition_stats:红页L1HF:33:加砂前:排量:mean
1720,施工情况 加砂前,统计量,排量方差: 85.414,E1716,E1721,condition:红页L1HF:33:加砂前,condition_stats:红页L1HF:33:加砂前:排量:var
1721,施工情况 加砂前,统计量,施工泵压平均值: 48.6318,E1716,E1722,condition:红页L1HF:33:加砂前,condition_stats:红页L1HF:33:加砂前:施工泵压:mean
1722,施工情况 加砂前,统计量,施工泵压方差: 217.3028,E1716,E1723,condition:红页L1HF:33:加砂前,condition_stats:红页L1HF:33:加砂前:施工泵压:var
1723,段号 33,施工情况,施工情况 加砂中,E1708,E1724,segment:红页L1HF:33,condition:红页L1HF:33:加砂中
1724,施工情况 加砂中,施工时间,施工时间 2024-01-21 08:31:50,E1724,E1725,condition:红页L1HF:33:加砂中,condition_time:红页L1HF:33:加砂中
1725,施工情况 加砂中,统计量,砂比平均值: 10.0593,E1724,E1726,condition:红页L1HF:33:加砂中,condition_stats:红页L1HF:33:加砂中:砂比:mean
1726,施工情况 加砂中,统计量,砂比方差: 5.7185,E1724,E1727,condition:红页L1HF:33:加砂中,condition_stats:红页L1HF:33:加砂中:砂比:var
1727,施工情况 加砂中,统计量,排量平均值: 23.946,E1724,E1728,condition:红页L1HF:33:加砂中,condition_stats:红页L1HF:33:加砂中:排量:mean
1728,施工情况 加砂中,统计量,排量方差: 2.3744,E1724,E1729,condition:红页L1HF:33:加砂中,condition_stats:红页L1HF:33:加砂中:排量:var
1729,施工情况 加砂中,统计量,施工泵压平均值: 58.4259,E1724,E1730,condition:红页L1HF:33:加砂中,condition_stats:红页L1HF:33:加砂中:施工泵压:mean
1730,施工情况 加砂中,统计量,施工泵压方差: 3.4462,E1724,E1731,condition:红页L1HF:33:加砂中,condition_stats:红页L1HF:33:加砂中:施工泵压:var
1731,施工情况 加砂中,工况,工况 缝内暂堵,E1724,E1732,condition:红页L1HF:33:加砂中,worktype:红页L1HF:33:加砂中:缝内暂堵
1732,工况 缝内暂堵,工况时间,工况时间 2024-01-21 08:45:50,E1732,E1733,worktype:红页L1HF:33:加砂中:缝内暂堵,worktype_time:红页L1HF:33:加砂中:缝内暂堵
1733,工况 缝内暂堵,统计量,砂比平均值: 8.4632,E1732,E1734,worktype:红页L1HF:33:加砂中:缝内暂堵,worktype_stats:红页L1HF:33:加砂中:缝内暂堵:砂比:mean
1734,工况 缝内暂堵,统计量,砂比方差: 13.0971,E1732,E1735,worktype:红页L1HF:33:加砂中:缝内暂堵,worktype_stats:红页L1HF:33:加砂中:缝内暂堵:砂比:var
1735,工况 缝内暂堵,统计量,排量平均值: 24.0479,E1732,E1736,worktype:红页L1HF:33:加砂中:缝内暂堵,worktype_stats:红页L1HF:33:加砂中:缝内暂堵:排量:mean
1736,工况 缝内暂堵,统计量,排量方差: 0.0,E1732,E1737,worktype:红页L1HF:33:加砂中:缝内暂堵,worktype_stats:红页L1HF:33:加砂中:缝内暂堵:排量:var
1737,工况 缝内暂堵,统计量,施工泵压平均值: 59.1708,E1732,E1738,worktype:红页L1HF:33:加砂中:缝内暂堵,worktype_stats:红页L1HF:33:加砂中:缝内暂堵:施工泵压:mean
1738,工况 缝内暂堵,统计量,施工泵压方差: 2.0937,E1732,E1739,worktype:红页L1HF:33:加砂中:缝内暂堵,worktype_stats:红页L1HF:33:加砂中:缝内暂堵:施工泵压:var
1739,工况 缝内暂堵,当前建议,当前建议: 无建议,E1732,E1740,worktype:红页L1HF:33:加砂中:缝内暂堵,suggestion:红页L1HF:33:加砂中:缝内暂堵
1740,施工情况 加砂中,工况,工况 缝口暂堵,E1724,E1741,condition:红页L1HF:33:加砂中,worktype:红页L1HF:33:加砂中:缝口暂堵
1741,工况 缝口暂堵,工况时间,工况时间 2024-01-21 09:03:50,E1741,E1742,worktype:红页L1HF:33:加砂中:缝口暂堵,worktype_time:红页L1HF:33:加砂中:缝口暂堵
1742,工况 缝口暂堵,统计量,砂比平均值: 9.2312,E1741,E1743,worktype:红页L1HF:33:加砂中:缝口暂堵,worktype_stats:红页L1HF:33:加砂中:缝口暂堵:砂比:mean
1743,工况 缝口暂堵,统计量,砂比方差: 11.0303,E1741,E1744,worktype:红页L1HF:33:加砂中:缝口暂堵,worktype_stats:红页L1HF:33:加砂中:缝口暂堵:砂比:var
1744,工况 缝口暂堵,统计量,排量平均值: 24.04,E1741,E1745,worktype:红页L1HF:33:加砂中:缝口暂堵,worktype_stats:红页L1HF:33:加砂中:缝口暂堵:排量:mean
1745,工况 缝口暂堵,统计量,排量方差: 0.0,E1741,E1746,worktype:红页L1HF:33:加砂中:缝口暂堵,worktype_stats:红页L1HF:33:加砂中:缝口暂堵:排量:var
1746,工况 缝口暂堵,统计量,施工泵压平均值: 57.4441,E1741,E1747,worktype:红页L1HF:33:加砂中:缝口暂堵,worktype_stats:红页L1HF:33:加砂中:缝口暂堵:施工泵压:mean
1747,工况 缝口暂堵,统计量,施工泵压方差: 0.0196,E1741,E1748,worktype:红页L1HF:33:加砂中:缝口暂堵,worktype_stats:红页L1HF:33:加砂中:缝口暂堵:施工泵压:var
1748,工况 缝口暂堵,当前建议,当前建议: 无建议,E1741,E1749,worktype:红页L1HF:33:加砂中:缝口暂堵,suggestion:红页L1HF:33:加砂中:缝口暂堵
1749,段号 33,施工情况,施工情况 加砂后,E1708,E1750,segment:红页L1HF:33,condition:红页L1HF:33:加砂后
1750,施工情况 加砂后,施工时间,施工时间 2024-01-21 10:02:40,E1750,E1751,condition:红页L1HF:33:加砂后,condition_time:红页L1HF:33:加砂后
1751,施工情况 加砂后,统计量,砂比平均值: 无数据,E1750,E1752,condition:红页L1HF:33:加砂后,condition_stats:红页L1HF:33:加砂后:砂比:mean
1752,施工情况 加砂后,统计量,砂比方差: 无数据,E1750,E1753,condition:红页L1HF:33:加砂后,condition_stats:红页L1HF:33:加砂后:砂比:var
1753,施工情况 加砂后,统计量,排量平均值: 1.3431,E1750,E1754,condition:红页L1HF:33:加砂后,condition_stats:红页L1HF:33:加砂后:排量:mean
1754,施工情况 加砂后,统计量,排量方差: 28.4005,E1750,E1755,condition:红页L1HF:33:加砂后,condition_stats:红页L1HF:33:加砂后:排量:var
1755,施工情况 加砂后,统计量,施工泵压平均值: 38.8747,E1750,E1756,condition:红页L1HF:33:加砂后,condition_stats:红页L1HF:33:加砂后:施工泵压:mean
1756,施工情况 加砂后,统计量,施工泵压方差: 49.3686,E1750,E1757,condition:红页L1HF:33:加砂后,condition_stats:红页L1HF:33:加砂后:施工泵压:var
1757,井号 红页L1HF,段号,段号 34,E0001,E1758,well:红页L1HF,segment:红页L1HF:34
1758,段号 34,段号时间,段号时间 2024-01-21 14:15:10,E1758,E1759,segment:红页L1HF:34,segment_time:红页L1HF:34
1759,段号 34,统计量,砂比平均值: 10.0459,E1758,E1760,segment:红页L1HF:34,segment_stats:红页L1HF:34:砂比:mean
1760,段号 34,统计量,砂比方差: 7.1363,E1758,E1761,segment:红页L1HF:34,segment_stats:红页L1HF:34:砂比:var
1761,段号 34,统计量,排量平均值: 14.5902,E1758,E1762,segment:红页L1HF:34,segment_stats:红页L1HF:34:排量:mean
1762,段号 34,统计量,排量方差: 123.0517,E1758,E1763,segment:红页L1HF:34,segment_stats:红页L1HF:34:排量:var
1763,段号 34,统计量,施工泵压平均值: 49.6341,E1758,E1764,segment:红页L1HF:34,segment_stats:红页L1HF:34:施工泵压:mean
1764,段号 34,统计量,施工泵压方差: 156.5052,E1758,E1765,segment:红页L1HF:34,segment_stats:红页L1HF:34:施工泵压:var
1765,段号 34,施工情况,施工情况 加砂前,E1758,E1766,segment:红页L1HF:34,condition:红页L1HF:34:加砂前
1766,施工情况 加砂前,施工时间,施工时间 2024-01-21 14:15:10,E1766,E1767,condition:红页L1HF:34:加砂前,condition_time:红页L1HF:34:加砂前
1767,施工情况 加砂前,统计量,砂比平均值: 无数据,E1766,E1768,condition:红页L1HF:34:加砂前,condition_stats:红页L1HF:34:加砂前:砂比:mean
1768,施工情况 加砂前,统计量,砂比方差: 无数据,E1766,E1769,condition:红页L1HF:34:加砂前,condition_stats:红页L1HF:34:加砂前:砂比:var
1769,施工情况 加砂前,统计量,排量平均值: 8.1314,E1766,E1770,condition:红页L1HF:34:加砂前,condition_stats:红页L1HF:34:加砂前:排量:mean
1770,施工情况 加砂前,统计量,排量方差: 86.0413,E1766,E1771,condition:红页L1HF:34:加砂前,condition_stats:红页L1HF:34:加砂前:排量:var
1771,施工情况 加砂前,统计量,施工泵压平均值: 45.57,E1766,E1772,condition:红页L1HF:34:加砂前,condition_stats:红页L1HF:34:加砂前:施工泵压:mean
1772,施工情况 加砂前,统计量,施工泵压方差: 255.2256,E1766,E1773,condition:红页L1HF:34:加砂前,condition_stats:红页L1HF:34:加砂前:施工泵压:var
1773,段号 34,施工情况,施工情况 加砂中,E1758,E1774,segment:红页L1HF:34,condition:红页L1HF:34:加砂中
1774,施工情况 加砂中,施工时间,施工时间 2024-01-21 14:53:20,E1774,E1775,condition:红页L1HF:34:加砂中,condition_time:红页L1HF:34:加砂中
1775,施工情况 加砂中,统计量,砂比平均值: 10.0459,E1774,E1776,condition:红页L1HF:34:加砂中,condition_stats:红页L1HF:34:加砂中:砂比:mean
1776,施工情况 加砂中,统计量,砂比方差: 7.1363,E1774,E1777,condition:红页L1HF:34:加砂中,condition_stats:红页L1HF:34:加砂中:砂比:var
1777,施工情况 加砂中,统计量,排量平均值: 22.6289,E1774,E1778,condition:红页L1HF:34:加砂中,condition_stats:红页L1HF:34:加砂中:排量:mean
1778,施工情况 加砂中,统计量,排量方差: 23.9665,E1774,E1779,condition:红页L1HF:34:加砂中,condition_stats:红页L1HF:34:加砂中:排量:var
1779,施工情况 加砂中,统计量,施工泵压平均值: 56.7426,E1774,E1780,condition:红页L1HF:34:加砂中,condition_stats:红页L1HF:34:加砂中:施工泵压:mean
1780,施工情况 加砂中,统计量,施工泵压方差: 26.9622,E1774,E1781,condition:红页L1HF:34:加砂中,condition_stats:红页L1HF:34:加砂中:施工泵压:var
1781,施工情况 加砂中,工况,工况 缝内暂堵,E1774,E1782,condition:红页L1HF:34:加砂中,worktype:红页L1HF:34:加砂中:缝内暂堵
1782,工况 缝内暂堵,工况时间,工况时间 2024-01-21 15:08:40,E1782,E1783,worktype:红页L1HF:34:加砂中:缝内暂堵,worktype_time:红页L1HF:34:加砂中:缝内暂堵
1783,工况 缝内暂堵,统计量,砂比平均值: 无数据,E1782,E1784,worktype:红页L1HF:34:加砂中:缝内暂堵,worktype_stats:红页L1HF:34:加砂中:缝内暂堵:砂比:mean
1784,工况 缝内暂堵,统计量,砂比方差: 无数据,E1782,E1785,worktype:红页L1HF:34:加砂中:缝内暂堵,worktype_stats:红页L1HF:34:加砂中:缝内暂堵:砂比:var
1785,工况 缝内暂堵,统计量,排量平均值: 11.7518,E1782,E1786,worktype:红页L1HF:34:加砂中:缝内暂堵,worktype_stats:红页L1HF:34:加砂中:缝内暂堵:排量:mean
1786,工况 缝内暂堵,统计量,排量方差: 75.0805,E1782,E1787,worktype:红页L1HF:34:加砂中:缝内暂堵,worktype_stats:红页L1HF:34:加砂中:缝内暂堵:排量:var
1787,工况 缝内暂堵,统计量,施工泵压平均值: 45.0954,E1782,E1788,worktype:红页L1HF:34:加砂中:缝内暂堵,worktype_stats:红页L1HF:34:加砂中:缝内暂堵:施工泵压:mean
1788,工况 缝内暂堵,统计量,施工泵压方差: 64.9833,E1782,E1789,worktype:红页L1HF:34:加砂中:缝内暂堵,worktype_stats:红页L1HF:34:加砂中:缝内暂堵:施工泵压:var
1789,工况 缝内暂堵,当前建议,当前建议: 无建议,E1782,E1790,worktype:红页L1HF:34:加砂中:缝内暂堵,suggestion:红页L1HF:34:加砂中:缝内暂堵
1790,施工情况 加砂中,工况,工况 缝口暂堵,E1774,E1791,condition:红页L1HF:34:加砂中,worktype:红页L1HF:34:加砂中:缝口暂堵
1791,工况 缝口暂堵,工况时间,工况时间 2024-01-21 15:35:50,E1791,E1792,worktype:红页L1HF:34:加砂中:缝口暂堵,worktype_time:红页L1HF:34:加砂中:缝口暂堵
1792,工况 缝口暂堵,统计量,砂比平均值: 8.8077,E1791,E1793,worktype:红页L1HF:34:加砂中:缝口暂堵,worktype_stats:红页L1HF:34:加砂中:缝口暂堵:砂比:mean
1793,工况 缝口暂堵,统计量,砂比方差: 9.0438,E1791,E1794,worktype:红页L1HF:34:加砂中:缝口暂堵,worktype_stats:红页L1HF:34:加砂中:缝口暂堵:砂比:var
1794,工况 缝口暂堵,统计量,排量平均值: 24.0064,E1791,E1795,worktype:红页L1HF:34:加砂中:缝口暂堵,worktype_stats:红页L1HF:34:加砂中:缝口暂堵:排量:mean
1795,工况 缝口暂堵,统计量,排量方差: 0.0,E1791,E1796,worktype:红页L1HF:34:加砂中:缝口暂堵,worktype_stats:红页L1HF:34:加砂中:缝口暂堵:排量:var
1796,工况 缝口暂堵,统计量,施工泵压平均值: 57.399,E1791,E1797,worktype:红页L1HF:34:加砂中:缝口暂堵,worktype_stats:红页L1HF:34:加砂中:缝口暂堵:施工泵压:mean
1797,工况 缝口暂堵,统计量,施工泵压方差: 0.6,E1791,E1798,worktype:红页L1HF:34:加砂中:缝口暂堵,worktype_stats:红页L1HF:34:加砂中:缝口暂堵:施工泵压:var
1798,工况 缝口暂堵,当前建议,当前建议: 无建议,E1791,E1799,worktype:红页L1HF:34:加砂中:缝口暂堵,suggestion:红页L1HF:34:加砂中:缝口暂堵
1799,段号 34,施工情况,施工情况 加砂后,E1758,E1800,segment:红页L1HF:34,condition:红页L1HF:34:加砂后
1800,施工情况 加砂后,施工时间,施工时间 2024-01-21 16:32:10,E1800,E1801,condition:红页L1HF:34:加砂后,condition_time:红页L1HF:34:加砂后
1801,施工情况 加砂后,统计量,砂比平均值: 无数据,E1800,E1802,condition:红页L1HF:34:加砂后,condition_stats:红页L1HF:34:加砂后:砂比:mean
1802,施工情况 加砂后,统计量,砂比方差: 无数据,E1800,E1803,condition:红页L1HF:34:加砂后,condition_stats:红页L1HF:34:加砂后:砂比:var
1803,施工情况 加砂后,统计量,排量平均值: 1.5161,E1800,E1804,condition:红页L1HF:34:加砂后,condition_stats:红页L1HF:34:加砂后:排量:mean
1804,施工情况 加砂后,统计量,排量方差: 31.9933,E1800,E1805,condition:红页L1HF:34:加砂后,condition_stats:红页L1HF:34:加砂后:排量:var
1805,施工情况 加砂后,统计量,施工泵压平均值: 36.3656,E1800,E1806,condition:红页L1HF:34:加砂后,condition_stats:红页L1HF:34:加砂后:施工泵压:mean
1806,施工情况 加砂后,统计量,施工泵压方差: 55.3223,E1800,E1807,condition:红页L1HF:34:加砂后,condition_stats:红页L1HF:34:加砂后:施工泵压:var
1807,井号 红页L1HF,段号,段号 4,E0001,E1808,well:红页L1HF,segment:红页L1HF:4
1808,段号 4,段号时间,段号时间 2024-01-06 08:01:40,E1808,E1809,segment:红页L1HF:4,segment_time:红页L1HF:4
1809,段号 4,统计量,砂比平均值: 9.6576,E1808,E1810,segment:红页L1HF:4,segment_stats:红页L1HF:4:砂比:mean
1810,段号 4,统计量,砂比方差: 6.8597,E1808,E1811,segment:红页L1HF:4,segment_stats:红页L1HF:4:砂比:var
1811,段号 4,统计量,排量平均值: 15.96,E1808,E1812,segment:红页L1HF:4,segment_stats:红页L1HF:4:排量:mean
1812,段号 4,统计量,排量方差: 105.9916,E1808,E1813,segment:红页L1HF:4,segment_stats:红页L1HF:4:排量:var
1813,段号 4,统计量,施工泵压平均值: 61.5334,E1808,E1814,segment:红页L1HF:4,segment_stats:红页L1HF:4:施工泵压:mean
1814,段号 4,统计量,施工泵压方差: 339.6085,E1808,E1815,segment:红页L1HF:4,segment_stats:红页L1HF:4:施工泵压:var
1815,段号 4,施工情况,施工情况 加砂前,E1808,E1816,segment:红页L1HF:4,condition:红页L1HF:4:加砂前
1816,施工情况 加砂前,施工时间,施工时间 2024-01-06 08:01:40,E1816,E1817,condition:红页L1HF:4:加砂前,condition_time:红页L1HF:4:加砂前
1817,施工情况 加砂前,统计量,砂比平均值: 无数据,E1816,E1818,condition:红页L1HF:4:加砂前,condition_stats:红页L1HF:4:加砂前:砂比:mean
1818,施工情况 加砂前,统计量,砂比方差: 无数据,E1816,E1819,condition:红页L1HF:4:加砂前,condition_stats:红页L1HF:4:加砂前:砂比:var
1819,施工情况 加砂前,统计量,排量平均值: 5.955,E1816,E1820,condition:红页L1HF:4:加砂前,condition_stats:红页L1HF:4:加砂前:排量:mean
1820,施工情况 加砂前,统计量,排量方差: 41.0413,E1816,E1821,condition:红页L1HF:4:加砂前,condition_stats:红页L1HF:4:加砂前:排量:var
1821,施工情况 加砂前,统计量,施工泵压平均值: 48.7356,E1816,E1822,condition:红页L1HF:4:加砂前,condition_stats:红页L1HF:4:加砂前:施工泵压:mean
1822,施工情况 加砂前,统计量,施工泵压方差: 305.0477,E1816,E1823,condition:红页L1HF:4:加砂前,condition_stats:红页L1HF:4:加砂前:施工泵压:var
1823,段号 4,施工情况,施工情况 加砂中,E1808,E1824,segment:红页L1HF:4,condition:红页L1HF:4:加砂中
1824,施工情况 加砂中,施工时间,施工时间 2024-01-06 08:36:10,E1824,E1825,condition:红页L1HF:4:加砂中,condition_time:红页L1HF:4:加砂中
1825,施工情况 加砂中,统计量,砂比平均值: 9.6576,E1824,E1826,condition:红页L1HF:4:加砂中,condition_stats:红页L1HF:4:加砂中:砂比:mean
1826,施工情况 加砂中,统计量,砂比方差: 6.8597,E1824,E1827,condition:红页L1HF:4:加砂中,condition_stats:红页L1HF:4:加砂中:砂比:var
1827,施工情况 加砂中,统计量,排量平均值: 22.9019,E1824,E1828,condition:红页L1HF:4:加砂中,condition_stats:红页L1HF:4:加砂中:排量:mean
1828,施工情况 加砂中,统计量,排量方差: 10.388,E1824,E1829,condition:红页L1HF:4:加砂中,condition_stats:红页L1HF:4:加砂中:排量:var
1829,施工情况 加砂中,统计量,施工泵压平均值: 72.4201,E1824,E1830,condition:红页L1HF:4:加砂中,condition_stats:红页L1HF:4:加砂中:施工泵压:mean
1830,施工情况 加砂中,统计量,施工泵压方差: 58.9505,E1824,E1831,condition:红页L1HF:4:加砂中,condition_stats:红页L1HF:4:加砂中:施工泵压:var
1831,施工情况 加砂中,工况,工况 主缝延伸,E1824,E1832,condition:红页L1HF:4:加砂中,worktype:红页L1HF:4:加砂中:主缝延伸
1832,工况 主缝延伸,工况时间,工况时间 2024-01-06 08:38:30,E1832,E1833,worktype:红页L1HF:4:加砂中:主缝延伸,worktype_time:红页L1HF:4:加砂中:主缝延伸
1833,工况 主缝延伸,统计量,砂比平均值: 7.666,E1832,E1834,worktype:红页L1HF:4:加砂中:主缝延伸,worktype_stats:红页L1HF:4:加砂中:主缝延伸:砂比:mean
1834,工况 主缝延伸,统计量,砂比方差: 3.7744,E1832,E1835,worktype:红页L1HF:4:加砂中:主缝延伸,worktype_stats:红页L1HF:4:加砂中:主缝延伸:砂比:var
1835,工况 主缝延伸,统计量,排量平均值: 24.0164,E1832,E1836,worktype:红页L1HF:4:加砂中:主缝延伸,worktype_stats:红页L1HF:4:加砂中:主缝延伸:排量:mean
1836,工况 主缝延伸,统计量,排量方差: 0.0001,E1832,E1837,worktype:红页L1HF:4:加砂中:主缝延伸,worktype_stats:红页L1HF:4:加砂中:主缝延伸:排量:var
1837,工况 主缝延伸,统计量,施工泵压平均值: 73.9211,E1832,E1838,worktype:红页L1HF:4:加砂中:主缝延伸,worktype_stats:红页L1HF:4:加砂中:主缝延伸:施工泵压:mean
1838,工况 主缝延伸,统计量,施工泵压方差: 0.7635,E1832,E1839,worktype:红页L1HF:4:加砂中:主缝延伸,worktype_stats:红页L1HF:4:加砂中:主缝延伸:施工泵压:var
1839,工况 主缝延伸,当前建议,当前建议: 保持当前措施,E1832,E1840,worktype:红页L1HF:4:加砂中:主缝延伸,suggestion:红页L1HF:4:加砂中:主缝延伸
1840,施工情况 加砂中,工况,工况 缝内暂堵,E1824,E1841,condition:红页L1HF:4:加砂中,worktype:红页L1HF:4:加砂中:缝内暂堵
1841,工况 缝内暂堵,工况时间,工况时间 2024-01-06 09:01:00,E1841,E1842,worktype:红页L1HF:4:加砂中:缝内暂堵,worktype_time:红页L1HF:4:加砂中:缝内暂堵
1842,工况 缝内暂堵,统计量,砂比平均值: 8.327,E1841,E1843,worktype:红页L1HF:4:加砂中:缝内暂堵,worktype_stats:红页L1HF:4:加砂中:缝内暂堵:砂比:mean
1843,工况 缝内暂堵,统计量,砂比方差: 10.1955,E1841,E1844,worktype:红页L1HF:4:加砂中:缝内暂堵,worktype_stats:红页L1HF:4:加砂中:缝内暂堵:砂比:var
1844,工况 缝内暂堵,统计量,排量平均值: 24.0233,E1841,E1845,worktype:红页L1HF:4:加砂中:缝内暂堵,worktype_stats:红页L1HF:4:加砂中:缝内暂堵:排量:mean
1845,工况 缝内暂堵,统计量,排量方差: 0.002,E1841,E1846,worktype:红页L1HF:4:加砂中:缝内暂堵,worktype_stats:红页L1HF:4:加砂中:缝内暂堵:排量:var
1846,工况 缝内暂堵,统计量,施工泵压平均值: 74.1918,E1841,E1847,worktype:红页L1HF:4:加砂中:缝内暂堵,worktype_stats:红页L1HF:4:加砂中:缝内暂堵:施工泵压:mean
1847,工况 缝内暂堵,统计量,施工泵压方差: 5.4838,E1841,E1848,worktype:红页L1HF:4:加砂中:缝内暂堵,worktype_stats:红页L1HF:4:加砂中:缝内暂堵:施工泵压:var
1848,工况 缝内暂堵,当前建议,当前建议: 无建议,E1841,E1849,worktype:红页L1HF:4:加砂中:缝内暂堵,suggestion:红页L1HF:4:加砂中:缝内暂堵
1849,施工情况 加砂中,工况,工况 缝口暂堵,E1824,E1850,condition:红页L1HF:4:加砂中,worktype:红页L1HF:4:加砂中:缝口暂堵
1850,工况 缝口暂堵,工况时间,工况时间 2024-01-06 09:17:40,E1850,E1851,worktype:红页L1HF:4:加砂中:缝口暂堵,worktype_time:红页L1HF:4:加砂中:缝口暂堵
1851,工况 缝口暂堵,统计量,砂比平均值: 8.6333,E1850,E1852,worktype:红页L1HF:4:加砂中:缝口暂堵,worktype_stats:红页L1HF:4:加砂中:缝口暂堵:砂比:mean
1852,工况 缝口暂堵,统计量,砂比方差: 3.4622,E1850,E1853,worktype:红页L1HF:4:加砂中:缝口暂堵,worktype_stats:红页L1HF:4:加砂中:缝口暂堵:砂比:var
1853,工况 缝口暂堵,统计量,排量平均值: 18.7298,E1850,E1854,worktype:红页L1HF:4:加砂中:缝口暂堵,worktype_stats:红页L1HF:4:加砂中:缝口暂堵:排量:mean
1854,工况 缝口暂堵,统计量,排量方差: 21.9985,E1850,E1855,worktype:红页L1HF:4:加砂中:缝口暂堵,worktype_stats:红页L1HF:4:加砂中:缝口暂堵:排量:var
1855,工况 缝口暂堵,统计量,施工泵压平均值: 62.3004,E1850,E1856,worktype:红页L1HF:4:加砂中:缝口暂堵,worktype_stats:红页L1HF:4:加砂中:缝口暂堵:施工泵压:mean
1856,工况 缝口暂堵,统计量,施工泵压方差: 132.036,E1850,E1857,worktype:红页L1HF:4:加砂中:缝口暂堵,worktype_stats:红页L1HF:4:加砂中:缝口暂堵:施工泵压:var
1857,工况 缝口暂堵,当前建议,当前建议: 无建议,E1850,E1858,worktype:红页L1HF:4:加砂中:缝口暂堵,suggestion:红页L1HF:4:加砂中:缝口暂堵
1858,段号 4,施工情况,施工情况 加砂后,E1808,E1859,segment:红页L1HF:4,condition:红页L1HF:4:加砂后
1859,施工情况 加砂后,施工时间,施工时间 2024-01-06 10:37:30,E1859,E1860,condition:红页L1HF:4:加砂后,condition_time:红页L1HF:4:加砂后
1860,施工情况 加砂后,统计量,砂比平均值: 无数据,E1859,E1861,condition:红页L1HF:4:加砂后,condition_stats:红页L1HF:4:加砂后:砂比:mean
1861,施工情况 加砂后,统计量,砂比方差: 无数据,E1859,E1862,condition:红页L1HF:4:加砂后,condition_stats:红页L1HF:4:加砂后:砂比:var
1862,施工情况 加砂后,统计量,排量平均值: 2.8744,E1859,E1863,condition:红页L1HF:4:加砂后,condition_stats:红页L1HF:4:加砂后:排量:mean
1863,施工情况 加砂后,统计量,排量方差: 56.9967,E1859,E1864,condition:红页L1HF:4:加砂后,condition_stats:红页L1HF:4:加砂后:排量:var
1864,施工情况 加砂后,统计量,施工泵压平均值: 38.1476,E1859,E1865,condition:红页L1HF:4:加砂后,condition_stats:红页L1HF:4:加砂后:施工泵压:mean
1865,施工情况 加砂后,统计量,施工泵压方差: 201.7823,E1859,E1866,condition:红页L1HF:4:加砂后,condition_stats:红页L1HF:4:加砂后:施工泵压:var
1866,井号 红页L1HF,段号,段号 5,E0001,E1867,well:红页L1HF,segment:红页L1HF:5
1867,段号 5,段号时间,段号时间 2024-01-06 15:57:50,E1867,E1868,segment:红页L1HF:5,segment_time:红页L1HF:5
1868,段号 5,统计量,砂比平均值: 9.7162,E1867,E1869,segment:红页L1HF:5,segment_stats:红页L1HF:5:砂比:mean
1869,段号 5,统计量,砂比方差: 7.2378,E1867,E1870,segment:红页L1HF:5,segment_stats:红页L1HF:5:砂比:var
1870,段号 5,统计量,排量平均值: 16.2208,E1867,E1871,segment:红页L1HF:5,segment_stats:红页L1HF:5:排量:mean
1871,段号 5,统计量,排量方差: 103.2391,E1867,E1872,segment:红页L1HF:5,segment_stats:红页L1HF:5:排量:var
1872,段号 5,统计量,施工泵压平均值: 63.6612,E1867,E1873,segment:红页L1HF:5,segment_stats:红页L1HF:5:施工泵压:mean
1873,段号 5,统计量,施工泵压方差: 360.4246,E1867,E1874,segment:红页L1HF:5,segment_stats:红页L1HF:5:施工泵压:var
1874,段号 5,施工情况,施工情况 加砂前,E1867,E1875,segment:红页L1HF:5,condition:红页L1HF:5:加砂前
1875,施工情况 加砂前,施工时间,施工时间 2024-01-06 15:57:50,E1875,E1876,condition:红页L1HF:5:加砂前,condition_time:红页L1HF:5:加砂前
1876,施工情况 加砂前,统计量,砂比平均值: 无数据,E1875,E1877,condition:红页L1HF:5:加砂前,condition_stats:红页L1HF:5:加砂前:砂比:mean
1877,施工情况 加砂前,统计量,砂比方差: 无数据,E1875,E1878,condition:红页L1HF:5:加砂前,condition_stats:红页L1HF:5:加砂前:砂比:var
1878,施工情况 加砂前,统计量,排量平均值: 7.5199,E1875,E1879,condition:红页L1HF:5:加砂前,condition_stats:红页L1HF:5:加砂前:排量:mean
1879,施工情况 加砂前,统计量,排量方差: 51.1602,E1875,E1880,condition:红页L1HF:5:加砂前,condition_stats:红页L1HF:5:加砂前:排量:var
1880,施工情况 加砂前,统计量,施工泵压平均值: 52.2201,E1875,E1881,condition:红页L1HF:5:加砂前,condition_stats:红页L1HF:5:加砂前:施工泵压:mean
1881,施工情况 加砂前,统计量,施工泵压方差: 474.5012,E1875,E1882,condition:红页L1HF:5:加砂前,condition_stats:红页L1HF:5:加砂前:施工泵压:var
1882,段号 5,施工情况,施工情况 加砂中,E1867,E1883,segment:红页L1HF:5,condition:红页L1HF:5:加砂中
1883,施工情况 加砂中,施工时间,施工时间 2024-01-06 16:32:00,E1883,E1884,condition:红页L1HF:5:加砂中,condition_time:红页L1HF:5:加砂中
1884,施工情况 加砂中,统计量,砂比平均值: 9.7162,E1883,E1885,condition:红页L1HF:5:加砂中,condition_stats:红页L1HF:5:加砂中:砂比:mean
1885,施工情况 加砂中,统计量,砂比方差: 7.2378,E1883,E1886,condition:红页L1HF:5:加砂中,condition_stats:红页L1HF:5:加砂中:砂比:var
1886,施工情况 加砂中,统计量,排量平均值: 22.9621,E1883,E1887,condition:红页L1HF:5:加砂中,condition_stats:红页L1HF:5:加砂中:排量:mean
1887,施工情况 加砂中,统计量,排量方差: 9.9416,E1883,E1888,condition:红页L1HF:5:加砂中,condition_stats:红页L1HF:5:加砂中:排量:var
1888,施工情况 加砂中,统计量,施工泵压平均值: 74.3398,E1883,E1889,condition:红页L1HF:5:加砂中,condition_stats:红页L1HF:5:加砂中:施工泵压:mean
1889,施工情况 加砂中,统计量,施工泵压方差: 62.372,E1883,E1890,condition:红页L1HF:5:加砂中,condition_stats:红页L1HF:5:加砂中:施工泵压:var
1890,施工情况 加砂中,工况,工况 缝内暂堵,E1883,E1891,condition:红页L1HF:5:加砂中,worktype:红页L1HF:5:加砂中:缝内暂堵
1891,工况 缝内暂堵,工况时间,工况时间 2024-01-06 16:57:30,E1891,E1892,worktype:红页L1HF:5:加砂中:缝内暂堵,worktype_time:红页L1HF:5:加砂中:缝内暂堵
1892,工况 缝内暂堵,统计量,砂比平均值: 8.6717,E1891,E1893,worktype:红页L1HF:5:加砂中:缝内暂堵,worktype_stats:红页L1HF:5:加砂中:缝内暂堵:砂比:mean
1893,工况 缝内暂堵,统计量,砂比方差: 8.1707,E1891,E1894,worktype:红页L1HF:5:加砂中:缝内暂堵,worktype_stats:红页L1HF:5:加砂中:缝内暂堵:砂比:var
1894,工况 缝内暂堵,统计量,排量平均值: 24.0017,E1891,E1895,worktype:红页L1HF:5:加砂中:缝内暂堵,worktype_stats:红页L1HF:5:加砂中:缝内暂堵:排量:mean
1895,工况 缝内暂堵,统计量,排量方差: 0.0001,E1891,E1896,worktype:红页L1HF:5:加砂中:缝内暂堵,worktype_stats:红页L1HF:5:加砂中:缝内暂堵:排量:var
1896,工况 缝内暂堵,统计量,施工泵压平均值: 74.2526,E1891,E1897,worktype:红页L1HF:5:加砂中:缝内暂堵,worktype_stats:红页L1HF:5:加砂中:缝内暂堵:施工泵压:mean
1897,工况 缝内暂堵,统计量,施工泵压方差: 10.2918,E1891,E1898,worktype:红页L1HF:5:加砂中:缝内暂堵,worktype_stats:红页L1HF:5:加砂中:缝内暂堵:施工泵压:var
1898,工况 缝内暂堵,当前建议,当前建议: 无建议,E1891,E1899,worktype:红页L1HF:5:加砂中:缝内暂堵,suggestion:红页L1HF:5:加砂中:缝内暂堵
1899,施工情况 加砂中,工况,工况 缝口暂堵,E1883,E1900,condition:红页L1HF:5:加砂中,worktype:红页L1HF:5:加砂中:缝口暂堵
1900,工况 缝口暂堵,工况时间,工况时间 2024-01-06 17:14:40,E1900,E1901,worktype:红页L1HF:5:加砂中:缝口暂堵,worktype_time:红页L1HF:5:加砂中:缝口暂堵
1901,工况 缝口暂堵,统计量,砂比平均值: 8.6127,E1900,E1902,worktype:红页L1HF:5:加砂中:缝口暂堵,worktype_stats:红页L1HF:5:加砂中:缝口暂堵:砂比:mean
1902,工况 缝口暂堵,统计量,砂比方差: 5.5183,E1900,E1903,worktype:红页L1HF:5:加砂中:缝口暂堵,worktype_stats:红页L1HF:5:加砂中:缝口暂堵:砂比:var
1903,工况 缝口暂堵,统计量,排量平均值: 18.5345,E1900,E1904,worktype:红页L1HF:5:加砂中:缝口暂堵,worktype_stats:红页L1HF:5:加砂中:缝口暂堵:排量:mean
1904,工况 缝口暂堵,统计量,排量方差: 25.5571,E1900,E1905,worktype:红页L1HF:5:加砂中:缝口暂堵,worktype_stats:红页L1HF:5:加砂中:缝口暂堵:排量:var
1905,工况 缝口暂堵,统计量,施工泵压平均值: 63.2621,E1900,E1906,worktype:红页L1HF:5:加砂中:缝口暂堵,worktype_stats:红页L1HF:5:加砂中:缝口暂堵:施工泵压:mean
1906,工况 缝口暂堵,统计量,施工泵压方差: 146.9356,E1900,E1907,worktype:红页L1HF:5:加砂中:缝口暂堵,worktype_stats:红页L1HF:5:加砂中:缝口暂堵:施工泵压:var
1907,工况 缝口暂堵,当前建议,当前建议: 无建议,E1900,E1908,worktype:红页L1HF:5:加砂中:缝口暂堵,suggestion:红页L1HF:5:加砂中:缝口暂堵
1908,段号 5,施工情况,施工情况 加砂后,E1867,E1909,segment:红页L1HF:5,condition:红页L1HF:5:加砂后
1909,施工情况 加砂后,施工时间,施工时间 2024-01-06 18:36:40,E1909,E1910,condition:红页L1HF:5:加砂后,condition_time:红页L1HF:5:加砂后
1910,施工情况 加砂后,统计量,砂比平均值: 无数据,E1909,E1911,condition:红页L1HF:5:加砂后,condition_stats:红页L1HF:5:加砂后:砂比:mean
1911,施工情况 加砂后,统计量,砂比方差: 无数据,E1909,E1912,condition:红页L1HF:5:加砂后,condition_stats:红页L1HF:5:加砂后:砂比:var
1912,施工情况 加砂后,统计量,排量平均值: 2.7618,E1909,E1913,condition:红页L1HF:5:加砂后,condition_stats:红页L1HF:5:加砂后:排量:mean
1913,施工情况 加砂后,统计量,排量方差: 55.576,E1909,E1914,condition:红页L1HF:5:加砂后,condition_stats:红页L1HF:5:加砂后:排量:var
1914,施工情况 加砂后,统计量,施工泵压平均值: 40.0119,E1909,E1915,condition:红页L1HF:5:加砂后,condition_stats:红页L1HF:5:加砂后:施工泵压:mean
1915,施工情况 加砂后,统计量,施工泵压方差: 161.0949,E1909,E1916,condition:红页L1HF:5:加砂后,condition_stats:红页L1HF:5:加砂后:施工泵压:var
1916,井号 红页L1HF,段号,段号 6,E0001,E1917,well:红页L1HF,segment:红页L1HF:6
1917,段号 6,段号时间,段号时间 2024-01-07 07:53:30,E1917,E1918,segment:红页L1HF:6,segment_time:红页L1HF:6
1918,段号 6,统计量,砂比平均值: 10.2898,E1917,E1919,segment:红页L1HF:6,segment_stats:红页L1HF:6:砂比:mean
1919,段号 6,统计量,砂比方差: 8.011,E1917,E1920,segment:红页L1HF:6,segment_stats:红页L1HF:6:砂比:var
1920,段号 6,统计量,排量平均值: 15.0888,E1917,E1921,segment:红页L1HF:6,segment_stats:红页L1HF:6:排量:mean
1921,段号 6,统计量,排量方差: 95.7004,E1917,E1922,segment:红页L1HF:6,segment_stats:红页L1HF:6:排量:var
1922,段号 6,统计量,施工泵压平均值: 59.3533,E1917,E1923,segment:红页L1HF:6,segment_stats:红页L1HF:6:施工泵压:mean
1923,段号 6,统计量,施工泵压方差: 333.1348,E1917,E1924,segment:红页L1HF:6,segment_stats:红页L1HF:6:施工泵压:var
1924,段号 6,施工情况,施工情况 加砂前,E1917,E1925,segment:红页L1HF:6,condition:红页L1HF:6:加砂前
1925,施工情况 加砂前,施工时间,施工时间 2024-01-07 07:53:30,E1925,E1926,condition:红页L1HF:6:加砂前,condition_time:红页L1HF:6:加砂前
1926,施工情况 加砂前,统计量,砂比平均值: 无数据,E1925,E1927,condition:红页L1HF:6:加砂前,condition_stats:红页L1HF:6:加砂前:砂比:mean
1927,施工情况 加砂前,统计量,砂比方差: 无数据,E1925,E1928,condition:红页L1HF:6:加砂前,condition_stats:红页L1HF:6:加砂前:砂比:var
1928,施工情况 加砂前,统计量,排量平均值: 6.7911,E1925,E1929,condition:红页L1HF:6:加砂前,condition_stats:红页L1HF:6:加砂前:排量:mean
1929,施工情况 加砂前,统计量,排量方差: 42.6271,E1925,E1930,condition:红页L1HF:6:加砂前,condition_stats:红页L1HF:6:加砂前:排量:var
1930,施工情况 加砂前,统计量,施工泵压平均值: 49.1049,E1925,E1931,condition:红页L1HF:6:加砂前,condition_stats:红页L1HF:6:加砂前:施工泵压:mean
1931,施工情况 加砂前,统计量,施工泵压方差: 520.8572,E1925,E1932,condition:红页L1HF:6:加砂前,condition_stats:红页L1HF:6:加砂前:施工泵压:var
1932,段号 6,施工情况,施工情况 加砂中,E1917,E1933,segment:红页L1HF:6,condition:红页L1HF:6:加砂中
1933,施工情况 加砂中,施工时间,施工时间 2024-01-07 08:30:20,E1933,E1934,condition:红页L1HF:6:加砂中,condition_time:红页L1HF:6:加砂中
1934,施工情况 加砂中,统计量,砂比平均值: 10.2898,E1933,E1935,condition:红页L1HF:6:加砂中,condition_stats:红页L1HF:6:加砂中:砂比:mean
1935,施工情况 加砂中,统计量,砂比方差: 8.011,E1933,E1936,condition:红页L1HF:6:加砂中,condition_stats:红页L1HF:6:加砂中:砂比:var
1936,施工情况 加砂中,统计量,排量平均值: 20.3101,E1933,E1937,condition:红页L1HF:6:加砂中,condition_stats:红页L1HF:6:加砂中:排量:mean
1937,施工情况 加砂中,统计量,排量方差: 36.5346,E1933,E1938,condition:红页L1HF:6:加砂中,condition_stats:红页L1HF:6:加砂中:排量:var
1938,施工情况 加砂中,统计量,施工泵压平均值: 66.5977,E1933,E1939,condition:红页L1HF:6:加砂中,condition_stats:红页L1HF:6:加砂中:施工泵压:mean
1939,施工情况 加砂中,统计量,施工泵压方差: 162.5057,E1933,E1940,condition:红页L1HF:6:加砂中,condition_stats:红页L1HF:6:加砂中:施工泵压:var
1940,施工情况 加砂中,工况,工况 缝内暂堵,E1933,E1941,condition:红页L1HF:6:加砂中,worktype:红页L1HF:6:加砂中:缝内暂堵
1941,工况 缝内暂堵,工况时间,工况时间 2024-01-07 08:52:30,E1941,E1942,worktype:红页L1HF:6:加砂中:缝内暂堵,worktype_time:红页L1HF:6:加砂中:缝内暂堵
1942,工况 缝内暂堵,统计量,砂比平均值: 8.57,E1941,E1943,worktype:红页L1HF:6:加砂中:缝内暂堵,worktype_stats:红页L1HF:6:加砂中:缝内暂堵:砂比:mean
1943,工况 缝内暂堵,统计量,砂比方差: 6.915,E1941,E1944,worktype:红页L1HF:6:加砂中:缝内暂堵,worktype_stats:红页L1HF:6:加砂中:缝内暂堵:砂比:var
1944,工况 缝内暂堵,统计量,排量平均值: 15.6159,E1941,E1945,worktype:红页L1HF:6:加砂中:缝内暂堵,worktype_stats:红页L1HF:6:加砂中:缝内暂堵:排量:mean
1945,工况 缝内暂堵,统计量,排量方差: 51.2546,E1941,E1946,worktype:红页L1HF:6:加砂中:缝内暂堵,worktype_stats:红页L1HF:6:加砂中:缝内暂堵:排量:var
1946,工况 缝内暂堵,统计量,施工泵压平均值: 56.5715,E1941,E1947,worktype:红页L1HF:6:加砂中:缝内暂堵,worktype_stats:红页L1HF:6:加砂中:缝内暂堵:施工泵压:mean
1947,工况 缝内暂堵,统计量,施工泵压方差: 190.2215,E1941,E1948,worktype:红页L1HF:6:加砂中:缝内暂堵,worktype_stats:红页L1HF:6:加砂中:缝内暂堵:施工泵压:var
1948,工况 缝内暂堵,当前建议,当前建议: 无建议,E1941,E1949,worktype:红页L1HF:6:加砂中:缝内暂堵,suggestion:红页L1HF:6:加砂中:缝内暂堵
1949,施工情况 加砂中,工况,工况 缝口暂堵,E1933,E1950,condition:红页L1HF:6:加砂中,worktype:红页L1HF:6:加砂中:缝口暂堵
1950,工况 缝口暂堵,工况时间,工况时间 2024-01-07 09:14:30,E1950,E1951,worktype:红页L1HF:6:加砂中:缝口暂堵,worktype_time:红页L1HF:6:加砂中:缝口暂堵
1951,工况 缝口暂堵,统计量,砂比平均值: 8.2182,E1950,E1952,worktype:红页L1HF:6:加砂中:缝口暂堵,worktype_stats:红页L1HF:6:加砂中:缝口暂堵:砂比:mean
1952,工况 缝口暂堵,统计量,砂比方差: 8.4459,E1950,E1953,worktype:红页L1HF:6:加砂中:缝口暂堵,worktype_stats:红页L1HF:6:加砂中:缝口暂堵:砂比:var
1953,工况 缝口暂堵,统计量,排量平均值: 17.8221,E1950,E1954,worktype:红页L1HF:6:加砂中:缝口暂堵,worktype_stats:红页L1HF:6:加砂中:缝口暂堵:排量:mean
1954,工况 缝口暂堵,统计量,排量方差: 29.9798,E1950,E1955,worktype:红页L1HF:6:加砂中:缝口暂堵,worktype_stats:红页L1HF:6:加砂中:缝口暂堵:排量:var
1955,工况 缝口暂堵,统计量,施工泵压平均值: 59.5906,E1950,E1956,worktype:红页L1HF:6:加砂中:缝口暂堵,worktype_stats:红页L1HF:6:加砂中:缝口暂堵:施工泵压:mean
1956,工况 缝口暂堵,统计量,施工泵压方差: 140.065,E1950,E1957,worktype:红页L1HF:6:加砂中:缝口暂堵,worktype_stats:红页L1HF:6:加砂中:缝口暂堵:施工泵压:var
1957,工况 缝口暂堵,当前建议,当前建议: 无建议,E1950,E1958,worktype:红页L1HF:6:加砂中:缝口暂堵,suggestion:红页L1HF:6:加砂中:缝口暂堵
1958,段号 6,施工情况,施工情况 加砂后,E1917,E1959,segment:红页L1HF:6,condition:红页L1HF:6:加砂后
1959,施工情况 加砂后,施工时间,施工时间 2024-01-07 10:53:10,E1959,E1960,condition:红页L1HF:6:加砂后,condition_time:红页L1HF:6:加砂后
1960,施工情况 加砂后,统计量,砂比平均值: 无数据,E1959,E1961,condition:红页L1HF:6:加砂后,condition_stats:红页L1HF:6:加砂后:砂比:mean
1961,施工情况 加砂后,统计量,砂比方差: 无数据,E1959,E1962,condition:红页L1HF:6:加砂后,condition_stats:红页L1HF:6:加砂后:砂比:var
1962,施工情况 加砂后,统计量,排量平均值: 3.4255,E1959,E1963,condition:红页L1HF:6:加砂后,condition_stats:红页L1HF:6:加砂后:排量:mean
1963,施工情况 加砂后,统计量,排量方差: 67.717,E1959,E1964,condition:红页L1HF:6:加砂后,condition_stats:红页L1HF:6:加砂后:排量:var
1964,施工情况 加砂后,统计量,施工泵压平均值: 41.8394,E1959,E1965,condition:红页L1HF:6:加砂后,condition_stats:红页L1HF:6:加砂后:施工泵压:mean
1965,施工情况 加砂后,统计量,施工泵压方差: 179.7057,E1959,E1966,condition:红页L1HF:6:加砂后,condition_stats:红页L1HF:6:加砂后:施工泵压:var
1966,井号 红页L1HF,段号,段号 7,E0001,E1967,well:红页L1HF,segment:红页L1HF:7
1967,段号 7,段号时间,段号时间 2024-01-07 15:37:20,E1967,E1968,segment:红页L1HF:7,segment_time:红页L1HF:7
1968,段号 7,统计量,砂比平均值: 9.8497,E1967,E1969,segment:红页L1HF:7,segment_stats:红页L1HF:7:砂比:mean
1969,段号 7,统计量,砂比方差: 9.4516,E1967,E1970,segment:红页L1HF:7,segment_stats:红页L1HF:7:砂比:var
1970,段号 7,统计量,排量平均值: 16.1066,E1967,E1971,segment:红页L1HF:7,segment_stats:红页L1HF:7:排量:mean
1971,段号 7,统计量,排量方差: 103.9132,E1967,E1972,segment:红页L1HF:7,segment_stats:红页L1HF:7:排量:var
1972,段号 7,统计量,施工泵压平均值: 62.775,E1967,E1973,segment:红页L1HF:7,segment_stats:红页L1HF:7:施工泵压:mean
1973,段号 7,统计量,施工泵压方差: 339.9973,E1967,E1974,segment:红页L1HF:7,segment_stats:红页L1HF:7:施工泵压:var
1974,段号 7,施工情况,施工情况 加砂前,E1967,E1975,segment:红页L1HF:7,condition:红页L1HF:7:加砂前
1975,施工情况 加砂前,施工时间,施工时间 2024-01-07 15:37:20,E1975,E1976,condition:红页L1HF:7:加砂前,condition_time:红页L1HF:7:加砂前
1976,施工情况 加砂前,统计量,砂比平均值: 无数据,E1975,E1977,condition:红页L1HF:7:加砂前,condition_stats:红页L1HF:7:加砂前:砂比:mean
1977,施工情况 加砂前,统计量,砂比方差: 无数据,E1975,E1978,condition:红页L1HF:7:加砂前,condition_stats:红页L1HF:7:加砂前:砂比:var
1978,施工情况 加砂前,统计量,排量平均值: 6.8424,E1975,E1979,condition:红页L1HF:7:加砂前,condition_stats:红页L1HF:7:加砂前:排量:mean
1979,施工情况 加砂前,统计量,排量方差: 47.1489,E1975,E1980,condition:红页L1HF:7:加砂前,condition_stats:红页L1HF:7:加砂前:排量:var
1980,施工情况 加砂前,统计量,施工泵压平均值: 49.922,E1975,E1981,condition:红页L1HF:7:加砂前,condition_stats:红页L1HF:7:加砂前:施工泵压:mean
1981,施工情况 加砂前,统计量,施工泵压方差: 436.6869,E1975,E1982,condition:红页L1HF:7:加砂前,condition_stats:红页L1HF:7:加砂前:施工泵压:var
1982,段号 7,施工情况,施工情况 加砂中,E1967,E1983,segment:红页L1HF:7,condition:红页L1HF:7:加砂中
1983,施工情况 加砂中,施工时间,施工时间 2024-01-07 16:14:50,E1983,E1984,condition:红页L1HF:7:加砂中,condition_time:红页L1HF:7:加砂中
1984,施工情况 加砂中,统计量,砂比平均值: 9.8497,E1983,E1985,condition:红页L1HF:7:加砂中,condition_stats:红页L1HF:7:加砂中:砂比:mean
1985,施工情况 加砂中,统计量,砂比方差: 9.4516,E1983,E1986,condition:红页L1HF:7:加砂中,condition_stats:红页L1HF:7:加砂中:砂比:var
1986,施工情况 加砂中,统计量,排量平均值: 22.7684,E1983,E1987,condition:红页L1HF:7:加砂中,condition_stats:红页L1HF:7:加砂中:排量:mean
1987,施工情况 加砂中,统计量,排量方差: 13.9594,E1983,E1988,condition:红页L1HF:7:加砂中,condition_stats:红页L1HF:7:加砂中:排量:var
1988,施工情况 加砂中,统计量,施工泵压平均值: 72.8734,E1983,E1989,condition:红页L1HF:7:加砂中,condition_stats:红页L1HF:7:加砂中:施工泵压:mean
1989,施工情况 加砂中,统计量,施工泵压方差: 75.7245,E1983,E1990,condition:红页L1HF:7:加砂中,condition_stats:红页L1HF:7:加砂中:施工泵压:var
1990,施工情况 加砂中,工况,工况 缝内暂堵,E1983,E1991,condition:红页L1HF:7:加砂中,worktype:红页L1HF:7:加砂中:缝内暂堵
1991,工况 缝内暂堵,工况时间,工况时间 2024-01-07 16:41:00,E1991,E1992,worktype:红页L1HF:7:加砂中:缝内暂堵,worktype_time:红页L1HF:7:加砂中:缝内暂堵
1992,工况 缝内暂堵,统计量,砂比平均值: 7.375,E1991,E1993,worktype:红页L1HF:7:加砂中:缝内暂堵,worktype_stats:红页L1HF:7:加砂中:缝内暂堵:砂比:mean
1993,工况 缝内暂堵,统计量,砂比方差: 6.74,E1991,E1994,worktype:红页L1HF:7:加砂中:缝内暂堵,worktype_stats:红页L1HF:7:加砂中:缝内暂堵:砂比:var
1994,工况 缝内暂堵,统计量,排量平均值: 24.0296,E1991,E1995,worktype:红页L1HF:7:加砂中:缝内暂堵,worktype_stats:红页L1HF:7:加砂中:缝内暂堵:排量:mean
1995,工况 缝内暂堵,统计量,排量方差: 0.0,E1991,E1996,worktype:红页L1HF:7:加砂中:缝内暂堵,worktype_stats:红页L1HF:7:加砂中:缝内暂堵:排量:var
1996,工况 缝内暂堵,统计量,施工泵压平均值: 73.8307,E1991,E1997,worktype:红页L1HF:7:加砂中:缝内暂堵,worktype_stats:红页L1HF:7:加砂中:缝内暂堵:施工泵压:mean
1997,工况 缝内暂堵,统计量,施工泵压方差: 7.5187,E1991,E1998,worktype:红页L1HF:7:加砂中:缝内暂堵,worktype_stats:红页L1HF:7:加砂中:缝内暂堵:施工泵压:var
1998,工况 缝内暂堵,当前建议,当前建议: 无建议,E1991,E1999,worktype:红页L1HF:7:加砂中:缝内暂堵,suggestion:红页L1HF:7:加砂中:缝内暂堵
1999,施工情况 加砂中,工况,工况 缝口暂堵,E1983,E2000,condition:红页L1HF:7:加砂中,worktype:红页L1HF:7:加砂中:缝口暂堵
2000,工况 缝口暂堵,工况时间,工况时间 2024-01-07 16:59:10,E2000,E2001,worktype:红页L1HF:7:加砂中:缝口暂堵,worktype_time:红页L1HF:7:加砂中:缝口暂堵
2001,工况 缝口暂堵,统计量,砂比平均值: 8.07,E2000,E2002,worktype:红页L1HF:7:加砂中:缝口暂堵,worktype_stats:红页L1HF:7:加砂中:缝口暂堵:砂比:mean
2002,工况 缝口暂堵,统计量,砂比方差: 6.3113,E2000,E2003,worktype:红页L1HF:7:加砂中:缝口暂堵,worktype_stats:红页L1HF:7:加砂中:缝口暂堵:砂比:var
2003,工况 缝口暂堵,统计量,排量平均值: 17.7289,E2000,E2004,worktype:红页L1HF:7:加砂中:缝口暂堵,worktype_stats:红页L1HF:7:加砂中:缝口暂堵:排量:mean
2004,工况 缝口暂堵,统计量,排量方差: 31.4744,E2000,E2005,worktype:红页L1HF:7:加砂中:缝口暂堵,worktype_stats:红页L1HF:7:加砂中:缝口暂堵:排量:var
2005,工况 缝口暂堵,统计量,施工泵压平均值: 60.4759,E2000,E2006,worktype:红页L1HF:7:加砂中:缝口暂堵,worktype_stats:红页L1HF:7:加砂中:缝口暂堵:施工泵压:mean
2006,工况 缝口暂堵,统计量,施工泵压方差: 148.8862,E2000,E2007,worktype:红页L1HF:7:加砂中:缝口暂堵,worktype_stats:红页L1HF:7:加砂中:缝口暂堵:施工泵压:var
2007,工况 缝口暂堵,当前建议,当前建议: 无建议,E2000,E2008,worktype:红页L1HF:7:加砂中:缝口暂堵,suggestion:红页L1HF:7:加砂中:缝口暂堵
2008,段号 7,施工情况,施工情况 加砂后,E1967,E2009,segment:红页L1HF:7,condition:红页L1HF:7:加砂后
2009,施工情况 加砂后,施工时间,施工时间 2024-01-07 18:18:40,E2009,E2010,condition:红页L1HF:7:加砂后,condition_time:红页L1HF:7:加砂后
2010,施工情况 加砂后,统计量,砂比平均值: 无数据,E2009,E2011,condition:红页L1HF:7:加砂后,condition_stats:红页L1HF:7:加砂后:砂比:mean
2011,施工情况 加砂后,统计量,砂比方差: 无数据,E2009,E2012,condition:红页L1HF:7:加砂后,condition_stats:红页L1HF:7:加砂后:砂比:var
2012,施工情况 加砂后,统计量,排量平均值: 2.3637,E2009,E2013,condition:红页L1HF:7:加砂后,condition_stats:红页L1HF:7:加砂后:排量:mean
2013,施工情况 加砂后,统计量,排量方差: 48.1347,E2009,E2014,condition:红页L1HF:7:加砂后,condition_stats:红页L1HF:7:加砂后:排量:var
2014,施工情况 加砂后,统计量,施工泵压平均值: 40.5874,E2009,E2015,condition:红页L1HF:7:加砂后,condition_stats:红页L1HF:7:加砂后:施工泵压:mean
2015,施工情况 加砂后,统计量,施工泵压方差: 141.3133,E2009,E2016,condition:红页L1HF:7:加砂后,condition_stats:红页L1HF:7:加砂后:施工泵压:var
2016,井号 红页L1HF,段号,段号 8,E0001,E2017,well:红页L1HF,segment:红页L1HF:8
2017,段号 8,段号时间,段号时间 2024-01-08 08:09:50,E2017,E2018,segment:红页L1HF:8,segment_time:红页L1HF:8
2018,段号 8,统计量,砂比平均值: 9.5228,E2017,E2019,segment:红页L1HF:8,segment_stats:红页L1HF:8:砂比:mean
2019,段号 8,统计量,砂比方差: 9.723,E2017,E2020,segment:红页L1HF:8,segment_stats:红页L1HF:8:砂比:var
2020,段号 8,统计量,排量平均值: 16.2081,E2017,E2021,segment:红页L1HF:8,segment_stats:红页L1HF:8:排量:mean
2021,段号 8,统计量,排量方差: 102.2264,E2017,E2022,segment:红页L1HF:8,segment_stats:红页L1HF:8:排量:var
2022,段号 8,统计量,施工泵压平均值: 65.1319,E2017,E2023,segment:红页L1HF:8,segment_stats:红页L1HF:8:施工泵压:mean
2023,段号 8,统计量,施工泵压方差: 368.6231,E2017,E2024,segment:红页L1HF:8,segment_stats:红页L1HF:8:施工泵压:var
2024,段号 8,施工情况,施工情况 加砂前,E2017,E2025,segment:红页L1HF:8,condition:红页L1HF:8:加砂前
2025,施工情况 加砂前,施工时间,施工时间 2024-01-08 08:09:50,E2025,E2026,condition:红页L1HF:8:加砂前,condition_time:红页L1HF:8:加砂前
2026,施工情况 加砂前,统计量,砂比平均值: 无数据,E2025,E2027,condition:红页L1HF:8:加砂前,condition_stats:红页L1HF:8:加砂前:砂比:mean
2027,施工情况 加砂前,统计量,砂比方差: 无数据,E2025,E2028,condition:红页L1HF:8:加砂前,condition_stats:红页L1HF:8:加砂前:砂比:var
2028,施工情况 加砂前,统计量,排量平均值: 7.4086,E2025,E2029,condition:红页L1HF:8:加砂前,condition_stats:红页L1HF:8:加砂前:排量:mean
2029,施工情况 加砂前,统计量,排量方差: 45.0587,E2025,E2030,condition:红页L1HF:8:加砂前,condition_stats:红页L1HF:8:加砂前:排量:var
2030,施工情况 加砂前,统计量,施工泵压平均值: 52.1528,E2025,E2031,condition:红页L1HF:8:加砂前,condition_stats:红页L1HF:8:加砂前:施工泵压:mean
2031,施工情况 加砂前,统计量,施工泵压方差: 512.5008,E2025,E2032,condition:红页L1HF:8:加砂前,condition_stats:红页L1HF:8:加砂前:施工泵压:var
2032,段号 8,施工情况,施工情况 加砂中,E2017,E2033,segment:红页L1HF:8,condition:红页L1HF:8:加砂中
2033,施工情况 加砂中,施工时间,施工时间 2024-01-08 08:42:50,E2033,E2034,condition:红页L1HF:8:加砂中,condition_time:红页L1HF:8:加砂中
2034,施工情况 加砂中,统计量,砂比平均值: 9.5228,E2033,E2035,condition:红页L1HF:8:加砂中,condition_stats:红页L1HF:8:加砂中:砂比:mean
2035,施工情况 加砂中,统计量,砂比方差: 9.723,E2033,E2036,condition:红页L1HF:8:加砂中,condition_stats:红页L1HF:8:加砂中:砂比:var
2036,施工情况 加砂中,统计量,排量平均值: 22.6567,E2033,E2037,condition:红页L1HF:8:加砂中,condition_stats:红页L1HF:8:加砂中:排量:mean
2037,施工情况 加砂中,统计量,排量方差: 14.9543,E2033,E2038,condition:红页L1HF:8:加砂中,condition_stats:红页L1HF:8:加砂中:排量:var
2038,施工情况 加砂中,统计量,施工泵压平均值: 75.4377,E2033,E2039,condition:红页L1HF:8:加砂中,condition_stats:红页L1HF:8:加砂中:施工泵压:mean
2039,施工情况 加砂中,统计量,施工泵压方差: 86.54,E2033,E2040,condition:红页L1HF:8:加砂中,condition_stats:红页L1HF:8:加砂中:施工泵压:var
2040,施工情况 加砂中,工况,工况 缝内暂堵,E2033,E2041,condition:红页L1HF:8:加砂中,worktype:红页L1HF:8:加砂中:缝内暂堵
2041,工况 缝内暂堵,工况时间,工况时间 2024-01-08 09:06:50,E2041,E2042,worktype:红页L1HF:8:加砂中:缝内暂堵,worktype_time:红页L1HF:8:加砂中:缝内暂堵
2042,工况 缝内暂堵,统计量,砂比平均值: 6.3013,E2041,E2043,worktype:红页L1HF:8:加砂中:缝内暂堵,worktype_stats:红页L1HF:8:加砂中:缝内暂堵:砂比:mean
2043,工况 缝内暂堵,统计量,砂比方差: 7.7233,E2041,E2044,worktype:红页L1HF:8:加砂中:缝内暂堵,worktype_stats:红页L1HF:8:加砂中:缝内暂堵:砂比:var
2044,工况 缝内暂堵,统计量,排量平均值: 24.0066,E2041,E2045,worktype:红页L1HF:8:加砂中:缝内暂堵,worktype_stats:红页L1HF:8:加砂中:缝内暂堵:排量:mean
2045,工况 缝内暂堵,统计量,排量方差: 0.0,E2041,E2046,worktype:红页L1HF:8:加砂中:缝内暂堵,worktype_stats:红页L1HF:8:加砂中:缝内暂堵:排量:var
2046,工况 缝内暂堵,统计量,施工泵压平均值: 78.8783,E2041,E2047,worktype:红页L1HF:8:加砂中:缝内暂堵,worktype_stats:红页L1HF:8:加砂中:缝内暂堵:施工泵压:mean
2047,工况 缝内暂堵,统计量,施工泵压方差: 3.7353,E2041,E2048,worktype:红页L1HF:8:加砂中:缝内暂堵,worktype_stats:红页L1HF:8:加砂中:缝内暂堵:施工泵压:var
2048,工况 缝内暂堵,当前建议,当前建议: 无建议,E2041,E2049,worktype:红页L1HF:8:加砂中:缝内暂堵,suggestion:红页L1HF:8:加砂中:缝内暂堵
2049,施工情况 加砂中,工况,工况 缝口暂堵,E2033,E2050,condition:红页L1HF:8:加砂中,worktype:红页L1HF:8:加砂中:缝口暂堵
2050,工况 缝口暂堵,工况时间,工况时间 2024-01-08 09:25:40,E2050,E2051,worktype:红页L1HF:8:加砂中:缝口暂堵,worktype_time:红页L1HF:8:加砂中:缝口暂堵
2051,工况 缝口暂堵,统计量,砂比平均值: 7.4925,E2050,E2052,worktype:红页L1HF:8:加砂中:缝口暂堵,worktype_stats:红页L1HF:8:加砂中:缝口暂堵:砂比:mean
2052,工况 缝口暂堵,统计量,砂比方差: 9.8907,E2050,E2053,worktype:红页L1HF:8:加砂中:缝口暂堵,worktype_stats:红页L1HF:8:加砂中:缝口暂堵:砂比:var
2053,工况 缝口暂堵,统计量,排量平均值: 17.3265,E2050,E2054,worktype:红页L1HF:8:加砂中:缝口暂堵,worktype_stats:红页L1HF:8:加砂中:缝口暂堵:排量:mean
2054,工况 缝口暂堵,统计量,排量方差: 32.061,E2050,E2055,worktype:红页L1HF:8:加砂中:缝口暂堵,worktype_stats:红页L1HF:8:加砂中:缝口暂堵:排量:var
2055,工况 缝口暂堵,统计量,施工泵压平均值: 61.4497,E2050,E2056,worktype:红页L1HF:8:加砂中:缝口暂堵,worktype_stats:红页L1HF:8:加砂中:缝口暂堵:施工泵压:mean
2056,工况 缝口暂堵,统计量,施工泵压方差: 160.6762,E2050,E2057,worktype:红页L1HF:8:加砂中:缝口暂堵,worktype_stats:红页L1HF:8:加砂中:缝口暂堵:施工泵压:var
2057,工况 缝口暂堵,当前建议,当前建议: 无建议,E2050,E2058,worktype:红页L1HF:8:加砂中:缝口暂堵,suggestion:红页L1HF:8:加砂中:缝口暂堵
2058,段号 8,施工情况,施工情况 加砂后,E2017,E2059,segment:红页L1HF:8,condition:红页L1HF:8:加砂后
2059,施工情况 加砂后,施工时间,施工时间 2024-01-08 10:51:40,E2059,E2060,condition:红页L1HF:8:加砂后,condition_time:红页L1HF:8:加砂后
2060,施工情况 加砂后,统计量,砂比平均值: 无数据,E2059,E2061,condition:红页L1HF:8:加砂后,condition_stats:红页L1HF:8:加砂后:砂比:mean
2061,施工情况 加砂后,统计量,砂比方差: 无数据,E2059,E2062,condition:红页L1HF:8:加砂后,condition_stats:红页L1HF:8:加砂后:砂比:var
2062,施工情况 加砂后,统计量,排量平均值: 2.457,E2059,E2063,condition:红页L1HF:8:加砂后,condition_stats:红页L1HF:8:加砂后:排量:mean
2063,施工情况 加砂后,统计量,排量方差: 50.2096,E2059,E2064,condition:红页L1HF:8:加砂后,condition_stats:红页L1HF:8:加砂后:排量:var
2064,施工情况 加砂后,统计量,施工泵压平均值: 42.134,E2059,E2065,condition:红页L1HF:8:加砂后,condition_stats:红页L1HF:8:加砂后:施工泵压:mean
2065,施工情况 加砂后,统计量,施工泵压方差: 146.5822,E2059,E2066,condition:红页L1HF:8:加砂后,condition_stats:红页L1HF:8:加砂后:施工泵压:var
2066,井号 红页L1HF,段号,段号 9,E0001,E2067,well:红页L1HF,segment:红页L1HF:9
2067,段号 9,段号时间,段号时间 2024-01-08 15:11:50,E2067,E2068,segment:红页L1HF:9,segment_time:红页L1HF:9
2068,段号 9,统计量,砂比平均值: 10.5623,E2067,E2069,segment:红页L1HF:9,segment_stats:红页L1HF:9:砂比:mean
2069,段号 9,统计量,砂比方差: 9.813,E2067,E2070,segment:红页L1HF:9,segment_stats:红页L1HF:9:砂比:var
2070,段号 9,统计量,排量平均值: 16.5992,E2067,E2071,segment:红页L1HF:9,segment_stats:红页L1HF:9:排量:mean
2071,段号 9,统计量,排量方差: 109.1847,E2067,E2072,segment:红页L1HF:9,segment_stats:红页L1HF:9:排量:var
2072,段号 9,统计量,施工泵压平均值: 68.0467,E2067,E2073,segment:红页L1HF:9,segment_stats:红页L1HF:9:施工泵压:mean
2073,段号 9,统计量,施工泵压方差: 385.0812,E2067,E2074,segment:红页L1HF:9,segment_stats:红页L1HF:9:施工泵压:var
2074,段号 9,施工情况,施工情况 加砂前,E2067,E2075,segment:红页L1HF:9,condition:红页L1HF:9:加砂前
2075,施工情况 加砂前,施工时间,施工时间 2024-01-08 15:11:50,E2075,E2076,condition:红页L1HF:9:加砂前,condition_time:红页L1HF:9:加砂前
2076,施工情况 加砂前,统计量,砂比平均值: 无数据,E2075,E2077,condition:红页L1HF:9:加砂前,condition_stats:红页L1HF:9:加砂前:砂比:mean
2077,施工情况 加砂前,统计量,砂比方差: 无数据,E2075,E2078,condition:红页L1HF:9:加砂前,condition_stats:红页L1HF:9:加砂前:砂比:var
2078,施工情况 加砂前,统计量,排量平均值: 7.3884,E2075,E2079,condition:红页L1HF:9:加砂前,condition_stats:红页L1HF:9:加砂前:排量:mean
2079,施工情况 加砂前,统计量,排量方差: 45.8474,E2075,E2080,condition:红页L1HF:9:加砂前,condition_stats:红页L1HF:9:加砂前:排量:var
2080,施工情况 加砂前,统计量,施工泵压平均值: 53.8065,E2075,E2081,condition:红页L1HF:9:加砂前,condition_stats:红页L1HF:9:加砂前:施工泵压:mean
2081,施工情况 加砂前,统计量,施工泵压方差: 447.902,E2075,E2082,condition:红页L1HF:9:加砂前,condition_stats:红页L1HF:9:加砂前:施工泵压:var
2082,段号 9,施工情况,施工情况 加砂中,E2067,E2083,segment:红页L1HF:9,condition:红页L1HF:9:加砂中
2083,施工情况 加砂中,施工时间,施工时间 2024-01-08 15:45:10,E2083,E2084,condition:红页L1HF:9:加砂中,condition_time:红页L1HF:9:加砂中
2084,施工情况 加砂中,统计量,砂比平均值: 10.5623,E2083,E2085,condition:红页L1HF:9:加砂中,condition_stats:红页L1HF:9:加砂中:砂比:mean
2085,施工情况 加砂中,统计量,砂比方差: 9.813,E2083,E2086,condition:红页L1HF:9:加砂中,condition_stats:红页L1HF:9:加砂中:砂比:var
2086,施工情况 加砂中,统计量,排量平均值: 23.9349,E2083,E2087,condition:红页L1HF:9:加砂中,condition_stats:红页L1HF:9:加砂中:排量:mean
2087,施工情况 加砂中,统计量,排量方差: 3.5418,E2083,E2088,condition:红页L1HF:9:加砂中,condition_stats:红页L1HF:9:加砂中:排量:var
2088,施工情况 加砂中,统计量,施工泵压平均值: 80.4844,E2083,E2089,condition:红页L1HF:9:加砂中,condition_stats:红页L1HF:9:加砂中:施工泵压:mean
2089,施工情况 加砂中,统计量,施工泵压方差: 17.3255,E2083,E2090,condition:红页L1HF:9:加砂中,condition_stats:红页L1HF:9:加砂中:施工泵压:var
2090,施工情况 加砂中,工况,工况 缝内暂堵,E2083,E2091,condition:红页L1HF:9:加砂中,worktype:红页L1HF:9:加砂中:缝内暂堵
2091,工况 缝内暂堵,工况时间,工况时间 2024-01-08 16:03:10,E2091,E2092,worktype:红页L1HF:9:加砂中:缝内暂堵,worktype_time:红页L1HF:9:加砂中:缝内暂堵
2092,工况 缝内暂堵,统计量,砂比平均值: 9.1792,E2091,E2093,worktype:红页L1HF:9:加砂中:缝内暂堵,worktype_stats:红页L1HF:9:加砂中:缝内暂堵:砂比:mean
2093,工况 缝内暂堵,统计量,砂比方差: 4.305,E2091,E2094,worktype:红页L1HF:9:加砂中:缝内暂堵,worktype_stats:红页L1HF:9:加砂中:缝内暂堵:砂比:var
2094,工况 缝内暂堵,统计量,排量平均值: 24.0805,E2091,E2095,worktype:红页L1HF:9:加砂中:缝内暂堵,worktype_stats:红页L1HF:9:加砂中:缝内暂堵:排量:mean
2095,工况 缝内暂堵,统计量,排量方差: 0.0002,E2091,E2096,worktype:红页L1HF:9:加砂中:缝内暂堵,worktype_stats:红页L1HF:9:加砂中:缝内暂堵:排量:var
2096,工况 缝内暂堵,统计量,施工泵压平均值: 78.516,E2091,E2097,worktype:红页L1HF:9:加砂中:缝内暂堵,worktype_stats:红页L1HF:9:加砂中:缝内暂堵:施工泵压:mean
2097,工况 缝内暂堵,统计量,施工泵压方差: 10.2081,E2091,E2098,worktype:红页L1HF:9:加砂中:缝内暂堵,worktype_stats:红页L1HF:9:加砂中:缝内暂堵:施工泵压:var
2098,工况 缝内暂堵,当前建议,当前建议: 无建议,E2091,E2099,worktype:红页L1HF:9:加砂中:缝内暂堵,suggestion:红页L1HF:9:加砂中:缝内暂堵
2099,施工情况 加砂中,工况,工况 缝口暂堵,E2083,E2100,condition:红页L1HF:9:加砂中,worktype:红页L1HF:9:加砂中:缝口暂堵
2100,工况 缝口暂堵,工况时间,工况时间 2024-01-08 16:20:20,E2100,E2101,worktype:红页L1HF:9:加砂中:缝口暂堵,worktype_time:红页L1HF:9:加砂中:缝口暂堵
2101,工况 缝口暂堵,统计量,砂比平均值: 9.6205,E2100,E2102,worktype:红页L1HF:9:加砂中:缝口暂堵,worktype_stats:红页L1HF:9:加砂中:缝口暂堵:砂比:mean
2102,工况 缝口暂堵,统计量,砂比方差: 12.5173,E2100,E2103,worktype:红页L1HF:9:加砂中:缝口暂堵,worktype_stats:红页L1HF:9:加砂中:缝口暂堵:砂比:var
2103,工况 缝口暂堵,统计量,排量平均值: 24.0847,E2100,E2104,worktype:红页L1HF:9:加砂中:缝口暂堵,worktype_stats:红页L1HF:9:加砂中:缝口暂堵:排量:mean
2104,工况 缝口暂堵,统计量,排量方差: 0.0,E2100,E2105,worktype:红页L1HF:9:加砂中:缝口暂堵,worktype_stats:红页L1HF:9:加砂中:缝口暂堵:排量:var
2105,工况 缝口暂堵,统计量,施工泵压平均值: 78.7594,E2100,E2106,worktype:红页L1HF:9:加砂中:缝口暂堵,worktype_stats:红页L1HF:9:加砂中:缝口暂堵:施工泵压:mean
2106,工况 缝口暂堵,统计量,施工泵压方差: 6.7148,E2100,E2107,worktype:红页L1HF:9:加砂中:缝口暂堵,worktype_stats:红页L1HF:9:加砂中:缝口暂堵:施工泵压:var
2107,工况 缝口暂堵,当前建议,当前建议: 无建议,E2100,E2108,worktype:红页L1HF:9:加砂中:缝口暂堵,suggestion:红页L1HF:9:加砂中:缝口暂堵
2108,段号 9,施工情况,施工情况 加砂后,E2067,E2109,segment:红页L1HF:9,condition:红页L1HF:9:加砂后
2109,施工情况 加砂后,施工时间,施工时间 2024-01-08 17:41:20,E2109,E2110,condition:红页L1HF:9:加砂后,condition_time:红页L1HF:9:加砂后
2110,施工情况 加砂后,统计量,砂比平均值: 无数据,E2109,E2111,condition:红页L1HF:9:加砂后,condition_stats:红页L1HF:9:加砂后:砂比:mean
2111,施工情况 加砂后,统计量,砂比方差: 无数据,E2109,E2112,condition:红页L1HF:9:加砂后,condition_stats:红页L1HF:9:加砂后:砂比:var
2112,施工情况 加砂后,统计量,排量平均值: 2.1298,E2109,E2113,condition:红页L1HF:9:加砂后,condition_stats:红页L1HF:9:加砂后:排量:mean
2113,施工情况 加砂后,统计量,排量方差: 44.3527,E2109,E2114,condition:红页L1HF:9:加砂后,condition_stats:红页L1HF:9:加砂后:排量:var
2114,施工情况 加砂后,统计量,施工泵压平均值: 42.1773,E2109,E2115,condition:红页L1HF:9:加砂后,condition_stats:红页L1HF:9:加砂后:施工泵压:mean
2115,施工情况 加砂后,统计量,施工泵压方差: 137.9729,E2109,E2116,condition:红页L1HF:9:加砂后,condition_stats:红页L1HF:9:加砂后:施工泵压:var
