id,head,relation,tail,head_entity_id,tail_entity_id,head_source_id,tail_source_id
1,井 红页L1HF,包含段,段 1,E00001,E00002,well:红页L1HF,segment:红页L1HF:1
2,段 1,包含时间窗,时间窗 W001,E00002,E00003,segment:红页L1HF:1,time_window:红页L1HF:1:1
3,时间窗 W001,采用液型,未标注液型@时间窗 W001,E00003,E00005,time_window:红页L1HF:1:1,fluid_usage:红页L1HF:1:1:未标注液型
4,未标注液型@时间窗 W001,液型类别,液型 未标注液型,E00005,E00004,fluid_usage:红页L1HF:1:1:未标注液型,fluid_type:未标注液型
5,未标注液型@时间窗 W001,开始时间,2024-01-04 14:21:40,E00005,,fluid_usage:红页L1HF:1:1:未标注液型,
6,未标注液型@时间窗 W001,结束时间,2024-01-04 14:21:40,E00005,,fluid_usage:红页L1HF:1:1:未标注液型,
7,未标注液型@时间窗 W001,持续时间,0秒,E00005,,fluid_usage:红页L1HF:1:1:未标注液型,
8,未标注液型@时间窗 W001,泵压特征,"施工泵压变化 起5.07→止5.07，变化0，均值5.07，范围[5.07, 5.07]",E00005,E00006,fluid_usage:红页L1HF:1:1:未标注液型,pressure_feature:红页L1HF:1:1
9,未标注液型@时间窗 W001,排量特征,"排量变化 起0→止0，变化0，均值0，范围[0, 0]",E00005,E00007,fluid_usage:红页L1HF:1:1:未标注液型,flow_feature:红页L1HF:1:1
10,未标注液型@时间窗 W001,砂比特征,砂比变化：0,E00005,E00008,fluid_usage:红页L1HF:1:1:未标注液型,sand_feature:红页L1HF:1:1
11,时间窗 W001,施工特征,"施工泵压变化 起5.07→止5.07，变化0，均值5.07，范围[5.07, 5.07]",E00003,E00006,time_window:红页L1HF:1:1,pressure_feature:红页L1HF:1:1
12,时间窗 W001,施工特征,"排量变化 起0→止0，变化0，均值0，范围[0, 0]",E00003,E00007,time_window:红页L1HF:1:1,flow_feature:红页L1HF:1:1
13,时间窗 W001,砂比特征,砂比变化：0,E00003,E00008,time_window:红页L1HF:1:1,sand_feature:红页L1HF:1:1
14,段 1,包含时间窗,时间窗 W002,E00002,E00009,segment:红页L1HF:1,time_window:红页L1HF:1:2
15,时间窗 W002,采用液型,0.12%减阻水@时间窗 W002,E00009,E00011,time_window:红页L1HF:1:2,fluid_usage:红页L1HF:1:2:0.12%减阻水
16,0.12%减阻水@时间窗 W002,液型类别,液型 0.12%减阻水,E00011,E00010,fluid_usage:红页L1HF:1:2:0.12%减阻水,fluid_type:0.12%减阻水
17,0.12%减阻水@时间窗 W002,开始时间,2024-01-04 14:22:00,E00011,,fluid_usage:红页L1HF:1:2:0.12%减阻水,
18,0.12%减阻水@时间窗 W002,结束时间,2024-01-04 14:25:10,E00011,,fluid_usage:红页L1HF:1:2:0.12%减阻水,
19,0.12%减阻水@时间窗 W002,持续时间,3分钟10秒,E00011,,fluid_usage:红页L1HF:1:2:0.12%减阻水,
20,0.12%减阻水@时间窗 W002,泵压特征,"施工泵压变化 起7.61→止61.13，变化53.52，均值48.94，范围[7.61, 63.26]",E00011,E00012,fluid_usage:红页L1HF:1:2:0.12%减阻水,pressure_feature:红页L1HF:1:2
21,0.12%减阻水@时间窗 W002,排量特征,"排量变化 起0.73→止1.15，变化0.42，均值1.1355，范围[0.73, 1.27]",E00011,E00013,fluid_usage:红页L1HF:1:2:0.12%减阻水,flow_feature:红页L1HF:1:2
22,0.12%减阻水@时间窗 W002,砂比特征,砂比变化：0,E00011,E00014,fluid_usage:红页L1HF:1:2:0.12%减阻水,sand_feature:红页L1HF:1:2
23,时间窗 W002,施工特征,"施工泵压变化 起7.61→止61.13，变化53.52，均值48.94，范围[7.61, 63.26]",E00009,E00012,time_window:红页L1HF:1:2,pressure_feature:红页L1HF:1:2
24,时间窗 W002,施工特征,"排量变化 起0.73→止1.15，变化0.42，均值1.1355，范围[0.73, 1.27]",E00009,E00013,time_window:红页L1HF:1:2,flow_feature:红页L1HF:1:2
25,时间窗 W002,砂比特征,砂比变化：0,E00009,E00014,time_window:红页L1HF:1:2,sand_feature:红页L1HF:1:2
26,段 1,包含时间窗,时间窗 W003,E00002,E00015,segment:红页L1HF:1,time_window:红页L1HF:1:3
27,时间窗 W003,采用液型,15%HCl@时间窗 W003,E00015,E00017,time_window:红页L1HF:1:3,fluid_usage:红页L1HF:1:3:15%HCl
28,15%HCl@时间窗 W003,液型类别,液型 15%HCl,E00017,E00016,fluid_usage:红页L1HF:1:3:15%HCl,fluid_type:15%HCl
29,15%HCl@时间窗 W003,开始时间,2024-01-04 14:25:20,E00017,,fluid_usage:红页L1HF:1:3:15%HCl,
30,15%HCl@时间窗 W003,结束时间,2024-01-04 14:35:30,E00017,,fluid_usage:红页L1HF:1:3:15%HCl,
31,15%HCl@时间窗 W003,持续时间,10分钟10秒,E00017,,fluid_usage:红页L1HF:1:3:15%HCl,
32,15%HCl@时间窗 W003,泵压特征,"施工泵压变化 起60.83→止52.09，变化-8.74，均值56.569，范围[52.09, 60.91]",E00017,E00018,fluid_usage:红页L1HF:1:3:15%HCl,pressure_feature:红页L1HF:1:3
33,15%HCl@时间窗 W003,排量特征,"排量变化 起1.15→止2.09，变化0.94，均值1.9736，范围[1.15, 2.09]",E00017,E00019,fluid_usage:红页L1HF:1:3:15%HCl,flow_feature:红页L1HF:1:3
34,15%HCl@时间窗 W003,砂比特征,砂比变化：0,E00017,E00020,fluid_usage:红页L1HF:1:3:15%HCl,sand_feature:红页L1HF:1:3
35,时间窗 W003,施工特征,"施工泵压变化 起60.83→止52.09，变化-8.74，均值56.569，范围[52.09, 60.91]",E00015,E00018,time_window:红页L1HF:1:3,pressure_feature:红页L1HF:1:3
36,时间窗 W003,施工特征,"排量变化 起1.15→止2.09，变化0.94，均值1.9736，范围[1.15, 2.09]",E00015,E00019,time_window:红页L1HF:1:3,flow_feature:红页L1HF:1:3
37,时间窗 W003,砂比特征,砂比变化：0,E00015,E00020,time_window:红页L1HF:1:3,sand_feature:红页L1HF:1:3
38,段 1,包含时间窗,时间窗 W004,E00002,E00021,segment:红页L1HF:1,time_window:红页L1HF:1:4
39,时间窗 W004,采用液型,0.25%减阻水@时间窗 W004,E00021,E00023,time_window:红页L1HF:1:4,fluid_usage:红页L1HF:1:4:0.25%减阻水
40,0.25%减阻水@时间窗 W004,液型类别,液型 0.25%减阻水,E00023,E00022,fluid_usage:红页L1HF:1:4:0.25%减阻水,fluid_type:0.25%减阻水
41,0.25%减阻水@时间窗 W004,开始时间,2024-01-04 14:35:40,E00023,,fluid_usage:红页L1HF:1:4:0.25%减阻水,
42,0.25%减阻水@时间窗 W004,结束时间,2024-01-04 15:09:10,E00023,,fluid_usage:红页L1HF:1:4:0.25%减阻水,
43,0.25%减阻水@时间窗 W004,持续时间,33分钟30秒,E00023,,fluid_usage:红页L1HF:1:4:0.25%减阻水,
44,0.25%减阻水@时间窗 W004,泵压特征,"施工泵压变化 起51.85→止69.5，变化17.65，均值65.8426，范围[45.04, 91.04]",E00023,E00024,fluid_usage:红页L1HF:1:4:0.25%减阻水,pressure_feature:红页L1HF:1:4
45,0.25%减阻水@时间窗 W004,排量特征,"排量变化 起2.09→止20.02，变化17.93，均值9.5403，范围[1.86, 20.23]",E00023,E00025,fluid_usage:红页L1HF:1:4:0.25%减阻水,flow_feature:红页L1HF:1:4
46,0.25%减阻水@时间窗 W004,砂比特征,"砂比变化 起3.3→止3，变化-0.3，均值3.0176，范围[3, 3.3]",E00023,E00026,fluid_usage:红页L1HF:1:4:0.25%减阻水,sand_feature:红页L1HF:1:4
47,时间窗 W004,施工特征,"施工泵压变化 起51.85→止69.5，变化17.65，均值65.8426，范围[45.04, 91.04]",E00021,E00024,time_window:红页L1HF:1:4,pressure_feature:红页L1HF:1:4
48,时间窗 W004,施工特征,"排量变化 起2.09→止20.02，变化17.93，均值9.5403，范围[1.86, 20.23]",E00021,E00025,time_window:红页L1HF:1:4,flow_feature:红页L1HF:1:4
49,时间窗 W004,砂比特征,"砂比变化 起3.3→止3，变化-0.3，均值3.0176，范围[3, 3.3]",E00021,E00026,time_window:红页L1HF:1:4,sand_feature:红页L1HF:1:4
50,段 1,包含时间窗,时间窗 W005,E00002,E00027,segment:红页L1HF:1,time_window:红页L1HF:1:5
51,时间窗 W005,采用液型,0.12%减阻水@时间窗 W005,E00027,E00028,time_window:红页L1HF:1:5,fluid_usage:红页L1HF:1:5:0.12%减阻水
52,0.12%减阻水@时间窗 W005,液型类别,液型 0.12%减阻水,E00028,E00010,fluid_usage:红页L1HF:1:5:0.12%减阻水,fluid_type:0.12%减阻水
53,0.12%减阻水@时间窗 W005,开始时间,2024-01-04 15:09:20,E00028,,fluid_usage:红页L1HF:1:5:0.12%减阻水,
54,0.12%减阻水@时间窗 W005,结束时间,2024-01-04 15:42:10,E00028,,fluid_usage:红页L1HF:1:5:0.12%减阻水,
55,0.12%减阻水@时间窗 W005,持续时间,32分钟50秒,E00028,,fluid_usage:红页L1HF:1:5:0.12%减阻水,
56,0.12%减阻水@时间窗 W005,泵压特征,"施工泵压变化 起69.38→止70.85，变化1.47，均值70.7737，范围[67.17, 73.02]",E00028,E00029,fluid_usage:红页L1HF:1:5:0.12%减阻水,pressure_feature:红页L1HF:1:5
57,0.12%减阻水@时间窗 W005,排量特征,"排量变化 起20.02→止21，变化0.98，均值20.6092，范围[19.95, 21]",E00028,E00030,fluid_usage:红页L1HF:1:5:0.12%减阻水,flow_feature:红页L1HF:1:5
58,0.12%减阻水@时间窗 W005,砂比特征,"砂比变化 起3→止0.4，变化-2.6，均值6.3691，范围[0.4, 9.2]",E00028,E00031,fluid_usage:红页L1HF:1:5:0.12%减阻水,sand_feature:红页L1HF:1:5
59,时间窗 W005,施工特征,"施工泵压变化 起69.38→止70.85，变化1.47，均值70.7737，范围[67.17, 73.02]",E00027,E00029,time_window:红页L1HF:1:5,pressure_feature:红页L1HF:1:5
60,时间窗 W005,施工特征,"排量变化 起20.02→止21，变化0.98，均值20.6092，范围[19.95, 21]",E00027,E00030,time_window:红页L1HF:1:5,flow_feature:红页L1HF:1:5
61,时间窗 W005,砂比特征,"砂比变化 起3→止0.4，变化-2.6，均值6.3691，范围[0.4, 9.2]",E00027,E00031,time_window:红页L1HF:1:5,sand_feature:红页L1HF:1:5
62,段 1,包含时间窗,时间窗 W006,E00002,E00032,segment:红页L1HF:1,time_window:红页L1HF:1:6
63,时间窗 W006,采用液型,0.18%减阻水@时间窗 W006,E00032,E00034,time_window:红页L1HF:1:6,fluid_usage:红页L1HF:1:6:0.18%减阻水
64,0.18%减阻水@时间窗 W006,液型类别,液型 0.18%减阻水,E00034,E00033,fluid_usage:红页L1HF:1:6:0.18%减阻水,fluid_type:0.18%减阻水
65,0.18%减阻水@时间窗 W006,开始时间,2024-01-04 15:42:20,E00034,,fluid_usage:红页L1HF:1:6:0.18%减阻水,
66,0.18%减阻水@时间窗 W006,结束时间,2024-01-04 15:55:20,E00034,,fluid_usage:红页L1HF:1:6:0.18%减阻水,
67,0.18%减阻水@时间窗 W006,持续时间,13分钟,E00034,,fluid_usage:红页L1HF:1:6:0.18%减阻水,
68,0.18%减阻水@时间窗 W006,泵压特征,"施工泵压变化 起70.84→止70.03，变化-0.81，均值70.3842，范围[69, 71.23]",E00034,E00035,fluid_usage:红页L1HF:1:6:0.18%减阻水,pressure_feature:红页L1HF:1:6
69,0.18%减阻水@时间窗 W006,排量特征,"排量变化 起20.99→止21，变化0.01，均值20.997，范围[20.99, 21]",E00034,E00036,fluid_usage:红页L1HF:1:6:0.18%减阻水,flow_feature:红页L1HF:1:6
70,0.18%减阻水@时间窗 W006,砂比特征,"砂比变化 起3.8→止0.7，变化-3.1，均值7.93，范围[0.7, 9.1]",E00034,E00037,fluid_usage:红页L1HF:1:6:0.18%减阻水,sand_feature:红页L1HF:1:6
71,时间窗 W006,施工特征,"施工泵压变化 起70.84→止70.03，变化-0.81，均值70.3842，范围[69, 71.23]",E00032,E00035,time_window:红页L1HF:1:6,pressure_feature:红页L1HF:1:6
72,时间窗 W006,施工特征,"排量变化 起20.99→止21，变化0.01，均值20.997，范围[20.99, 21]",E00032,E00036,time_window:红页L1HF:1:6,flow_feature:红页L1HF:1:6
73,时间窗 W006,砂比特征,"砂比变化 起3.8→止0.7，变化-3.1，均值7.93，范围[0.7, 9.1]",E00032,E00037,time_window:红页L1HF:1:6,sand_feature:红页L1HF:1:6
74,段 1,包含时间窗,时间窗 W007,E00002,E00038,segment:红页L1HF:1,time_window:红页L1HF:1:7
75,时间窗 W007,采用液型,0.12%减阻水@时间窗 W007,E00038,E00039,time_window:红页L1HF:1:7,fluid_usage:红页L1HF:1:7:0.12%减阻水
76,0.12%减阻水@时间窗 W007,液型类别,液型 0.12%减阻水,E00039,E00010,fluid_usage:红页L1HF:1:7:0.12%减阻水,fluid_type:0.12%减阻水
77,0.12%减阻水@时间窗 W007,开始时间,2024-01-04 15:55:30,E00039,,fluid_usage:红页L1HF:1:7:0.12%减阻水,
78,0.12%减阻水@时间窗 W007,结束时间,2024-01-04 15:59:10,E00039,,fluid_usage:红页L1HF:1:7:0.12%减阻水,
79,0.12%减阻水@时间窗 W007,持续时间,3分钟40秒,E00039,,fluid_usage:红页L1HF:1:7:0.12%减阻水,
80,0.12%减阻水@时间窗 W007,泵压特征,"施工泵压变化 起70.09→止39.47，变化-30.62，均值65.0296，范围[39.47, 70.09]",E00039,E00040,fluid_usage:红页L1HF:1:7:0.12%减阻水,pressure_feature:红页L1HF:1:7
81,0.12%减阻水@时间窗 W007,排量特征,"排量变化 起21→止2.32，变化-18.68，均值19.1022，范围[2.32, 21]",E00039,E00041,fluid_usage:红页L1HF:1:7:0.12%减阻水,flow_feature:红页L1HF:1:7
82,0.12%减阻水@时间窗 W007,砂比特征,砂比变化：0,E00039,E00042,fluid_usage:红页L1HF:1:7:0.12%减阻水,sand_feature:红页L1HF:1:7
83,时间窗 W007,施工特征,"施工泵压变化 起70.09→止39.47，变化-30.62，均值65.0296，范围[39.47, 70.09]",E00038,E00040,time_window:红页L1HF:1:7,pressure_feature:红页L1HF:1:7
84,时间窗 W007,施工特征,"排量变化 起21→止2.32，变化-18.68，均值19.1022，范围[2.32, 21]",E00038,E00041,time_window:红页L1HF:1:7,flow_feature:红页L1HF:1:7
85,时间窗 W007,砂比特征,砂比变化：0,E00038,E00042,time_window:红页L1HF:1:7,sand_feature:红页L1HF:1:7
86,段 1,包含时间窗,时间窗 W008,E00002,E00043,segment:红页L1HF:1,time_window:红页L1HF:1:8
87,时间窗 W008,采用液型,0@时间窗 W008,E00043,E00045,time_window:红页L1HF:1:8,fluid_usage:红页L1HF:1:8:0
88,0@时间窗 W008,液型类别,液型 0,E00045,E00044,fluid_usage:红页L1HF:1:8:0,fluid_type:0
89,0@时间窗 W008,开始时间,2024-01-04 15:59:20,E00045,,fluid_usage:红页L1HF:1:8:0,
90,0@时间窗 W008,结束时间,2024-01-04 16:26:30,E00045,,fluid_usage:红页L1HF:1:8:0,
91,0@时间窗 W008,持续时间,27分钟10秒,E00045,,fluid_usage:红页L1HF:1:8:0,
92,0@时间窗 W008,泵压特征,"施工泵压变化 起36.53→止0，变化-36.53，均值23.6607，范围[0, 36.66]",E00045,E00046,fluid_usage:红页L1HF:1:8:0,pressure_feature:红页L1HF:1:8
93,0@时间窗 W008,排量特征,"排量变化 起0→止0，变化0，均值0.0001，范围[0, 0.01]",E00045,E00047,fluid_usage:红页L1HF:1:8:0,flow_feature:红页L1HF:1:8
94,0@时间窗 W008,砂比特征,砂比变化：0,E00045,E00048,fluid_usage:红页L1HF:1:8:0,sand_feature:红页L1HF:1:8
95,时间窗 W008,施工特征,"施工泵压变化 起36.53→止0，变化-36.53，均值23.6607，范围[0, 36.66]",E00043,E00046,time_window:红页L1HF:1:8,pressure_feature:红页L1HF:1:8
96,时间窗 W008,施工特征,"排量变化 起0→止0，变化0，均值0.0001，范围[0, 0.01]",E00043,E00047,time_window:红页L1HF:1:8,flow_feature:红页L1HF:1:8
97,时间窗 W008,砂比特征,砂比变化：0,E00043,E00048,time_window:红页L1HF:1:8,sand_feature:红页L1HF:1:8
98,井 红页L1HF,包含段,段 10,E00001,E00049,well:红页L1HF,segment:红页L1HF:10
99,段 10,包含时间窗,时间窗 W001,E00049,E00050,segment:红页L1HF:10,time_window:红页L1HF:10:1
100,时间窗 W001,采用液型,0@时间窗 W001,E00050,E00051,time_window:红页L1HF:10:1,fluid_usage:红页L1HF:10:1:0
101,0@时间窗 W001,液型类别,液型 0,E00051,E00044,fluid_usage:红页L1HF:10:1:0,fluid_type:0
102,0@时间窗 W001,开始时间,2024-01-09 09:59:00,E00051,,fluid_usage:红页L1HF:10:1:0,
103,0@时间窗 W001,结束时间,2024-01-09 09:59:00,E00051,,fluid_usage:红页L1HF:10:1:0,
104,0@时间窗 W001,持续时间,0秒,E00051,,fluid_usage:红页L1HF:10:1:0,
105,0@时间窗 W001,泵压特征,"施工泵压变化 起10.83→止10.83，变化0，均值10.83，范围[10.83, 10.83]",E00051,E00052,fluid_usage:红页L1HF:10:1:0,pressure_feature:红页L1HF:10:1
106,0@时间窗 W001,排量特征,"排量变化 起0→止0，变化0，均值0，范围[0, 0]",E00051,E00053,fluid_usage:红页L1HF:10:1:0,flow_feature:红页L1HF:10:1
107,0@时间窗 W001,砂比特征,砂比变化：0,E00051,E00054,fluid_usage:红页L1HF:10:1:0,sand_feature:红页L1HF:10:1
108,时间窗 W001,施工特征,"施工泵压变化 起10.83→止10.83，变化0，均值10.83，范围[10.83, 10.83]",E00050,E00052,time_window:红页L1HF:10:1,pressure_feature:红页L1HF:10:1
109,时间窗 W001,施工特征,"排量变化 起0→止0，变化0，均值0，范围[0, 0]",E00050,E00053,time_window:红页L1HF:10:1,flow_feature:红页L1HF:10:1
110,时间窗 W001,砂比特征,砂比变化：0,E00050,E00054,time_window:红页L1HF:10:1,sand_feature:红页L1HF:10:1
111,段 10,包含时间窗,时间窗 W002,E00049,E00055,segment:红页L1HF:10,time_window:红页L1HF:10:2
112,时间窗 W002,采用液型,0.25%减阻水@时间窗 W002,E00055,E00056,time_window:红页L1HF:10:2,fluid_usage:红页L1HF:10:2:0.25%减阻水
113,0.25%减阻水@时间窗 W002,液型类别,液型 0.25%减阻水,E00056,E00022,fluid_usage:红页L1HF:10:2:0.25%减阻水,fluid_type:0.25%减阻水
114,0.25%减阻水@时间窗 W002,开始时间,2024-01-09 09:59:10,E00056,,fluid_usage:红页L1HF:10:2:0.25%减阻水,
115,0.25%减阻水@时间窗 W002,结束时间,2024-01-09 10:07:10,E00056,,fluid_usage:红页L1HF:10:2:0.25%减阻水,
116,0.25%减阻水@时间窗 W002,持续时间,8分钟,E00056,,fluid_usage:红页L1HF:10:2:0.25%减阻水,
117,0.25%减阻水@时间窗 W002,泵压特征,"施工泵压变化 起24.09→止76.53，变化52.44，均值60.5994，范围[24.09, 78.33]",E00056,E00057,fluid_usage:红页L1HF:10:2:0.25%减阻水,pressure_feature:红页L1HF:10:2
118,0.25%减阻水@时间窗 W002,排量特征,"排量变化 起0.1→止24，变化23.9，均值15.6749，范围[0.1, 24.12]",E00056,E00058,fluid_usage:红页L1HF:10:2:0.25%减阻水,flow_feature:红页L1HF:10:2
119,0.25%减阻水@时间窗 W002,砂比特征,"砂比变化 起1.8→止5，变化3.2，均值4.5444，范围[1.8, 5]",E00056,E00059,fluid_usage:红页L1HF:10:2:0.25%减阻水,sand_feature:红页L1HF:10:2
120,时间窗 W002,施工特征,"施工泵压变化 起24.09→止76.53，变化52.44，均值60.5994，范围[24.09, 78.33]",E00055,E00057,time_window:红页L1HF:10:2,pressure_feature:红页L1HF:10:2
121,时间窗 W002,施工特征,"排量变化 起0.1→止24，变化23.9，均值15.6749，范围[0.1, 24.12]",E00055,E00058,time_window:红页L1HF:10:2,flow_feature:红页L1HF:10:2
122,时间窗 W002,砂比特征,"砂比变化 起1.8→止5，变化3.2，均值4.5444，范围[1.8, 5]",E00055,E00059,time_window:红页L1HF:10:2,sand_feature:红页L1HF:10:2
123,段 10,包含时间窗,时间窗 W003,E00049,E00060,segment:红页L1HF:10,time_window:红页L1HF:10:3
124,时间窗 W003,采用液型,0.12%减阻水@时间窗 W003,E00060,E00061,time_window:红页L1HF:10:3,fluid_usage:红页L1HF:10:3:0.12%减阻水
125,0.12%减阻水@时间窗 W003,液型类别,液型 0.12%减阻水,E00061,E00010,fluid_usage:红页L1HF:10:3:0.12%减阻水,fluid_type:0.12%减阻水
126,0.12%减阻水@时间窗 W003,开始时间,2024-01-09 10:07:20,E00061,,fluid_usage:红页L1HF:10:3:0.12%减阻水,
127,0.12%减阻水@时间窗 W003,结束时间,2024-01-09 12:04:00,E00061,,fluid_usage:红页L1HF:10:3:0.12%减阻水,
128,0.12%减阻水@时间窗 W003,持续时间,1小时56分钟40秒,E00061,,fluid_usage:红页L1HF:10:3:0.12%减阻水,
129,0.12%减阻水@时间窗 W003,泵压特征,"施工泵压变化 起76.69→止82.61，变化5.92，均值82.324，范围[62.09, 89.44]",E00061,E00062,fluid_usage:红页L1HF:10:3:0.12%减阻水,pressure_feature:红页L1HF:10:3
130,0.12%减阻水@时间窗 W003,排量特征,"排量变化 起24→止24.09，变化0.09，均值23.6797，范围[17.73, 24.15]",E00061,E00063,fluid_usage:红页L1HF:10:3:0.12%减阻水,flow_feature:红页L1HF:10:3
131,0.12%减阻水@时间窗 W003,砂比特征,"砂比变化 起5→止13.1，变化8.1，均值9.4258，范围[0.1, 13.2]",E00061,E00064,fluid_usage:红页L1HF:10:3:0.12%减阻水,sand_feature:红页L1HF:10:3
132,时间窗 W003,施工特征,"施工泵压变化 起76.69→止82.61，变化5.92，均值82.324，范围[62.09, 89.44]",E00060,E00062,time_window:红页L1HF:10:3,pressure_feature:红页L1HF:10:3
133,时间窗 W003,施工特征,"排量变化 起24→止24.09，变化0.09，均值23.6797，范围[17.73, 24.15]",E00060,E00063,time_window:红页L1HF:10:3,flow_feature:红页L1HF:10:3
134,时间窗 W003,砂比特征,"砂比变化 起5→止13.1，变化8.1，均值9.4258，范围[0.1, 13.2]",E00060,E00064,time_window:红页L1HF:10:3,sand_feature:红页L1HF:10:3
135,段 10,包含时间窗,时间窗 W004,E00049,E00065,segment:红页L1HF:10,time_window:红页L1HF:10:4
136,时间窗 W004,采用液型,0.25%减阻水@时间窗 W004,E00065,E00066,time_window:红页L1HF:10:4,fluid_usage:红页L1HF:10:4:0.25%减阻水
137,0.25%减阻水@时间窗 W004,液型类别,液型 0.25%减阻水,E00066,E00022,fluid_usage:红页L1HF:10:4:0.25%减阻水,fluid_type:0.25%减阻水
138,0.25%减阻水@时间窗 W004,开始时间,2024-01-09 12:04:10,E00066,,fluid_usage:红页L1HF:10:4:0.25%减阻水,
139,0.25%减阻水@时间窗 W004,结束时间,2024-01-09 12:06:50,E00066,,fluid_usage:红页L1HF:10:4:0.25%减阻水,
140,0.25%减阻水@时间窗 W004,持续时间,2分钟40秒,E00066,,fluid_usage:红页L1HF:10:4:0.25%减阻水,
141,0.25%减阻水@时间窗 W004,泵压特征,"施工泵压变化 起82.54→止81.92，变化-0.62，均值82.2841，范围[81.92, 82.61]",E00066,E00067,fluid_usage:红页L1HF:10:4:0.25%减阻水,pressure_feature:红页L1HF:10:4
142,0.25%减阻水@时间窗 W004,排量特征,"排量变化 起24.09→止24.09，变化0，均值24.09，范围[24.09, 24.09]",E00066,E00068,fluid_usage:红页L1HF:10:4:0.25%减阻水,flow_feature:红页L1HF:10:4
143,0.25%减阻水@时间窗 W004,砂比特征,"砂比变化 起13.1→止0.7，变化-12.4，均值11.9727，范围[0.7, 13.1]",E00066,E00069,fluid_usage:红页L1HF:10:4:0.25%减阻水,sand_feature:红页L1HF:10:4
144,时间窗 W004,施工特征,"施工泵压变化 起82.54→止81.92，变化-0.62，均值82.2841，范围[81.92, 82.61]",E00065,E00067,time_window:红页L1HF:10:4,pressure_feature:红页L1HF:10:4
145,时间窗 W004,施工特征,"排量变化 起24.09→止24.09，变化0，均值24.09，范围[24.09, 24.09]",E00065,E00068,time_window:红页L1HF:10:4,flow_feature:红页L1HF:10:4
146,时间窗 W004,砂比特征,"砂比变化 起13.1→止0.7，变化-12.4，均值11.9727，范围[0.7, 13.1]",E00065,E00069,time_window:红页L1HF:10:4,sand_feature:红页L1HF:10:4
147,段 10,包含时间窗,时间窗 W005,E00049,E00070,segment:红页L1HF:10,time_window:红页L1HF:10:5
148,时间窗 W005,采用液型,0.12%减阻水@时间窗 W005,E00070,E00071,time_window:红页L1HF:10:5,fluid_usage:红页L1HF:10:5:0.12%减阻水
149,0.12%减阻水@时间窗 W005,液型类别,液型 0.12%减阻水,E00071,E00010,fluid_usage:红页L1HF:10:5:0.12%减阻水,fluid_type:0.12%减阻水
150,0.12%减阻水@时间窗 W005,开始时间,2024-01-09 12:07:00,E00071,,fluid_usage:红页L1HF:10:5:0.12%减阻水,
151,0.12%减阻水@时间窗 W005,结束时间,2024-01-09 12:39:00,E00071,,fluid_usage:红页L1HF:10:5:0.12%减阻水,
152,0.12%减阻水@时间窗 W005,持续时间,32分钟,E00071,,fluid_usage:红页L1HF:10:5:0.12%减阻水,
153,0.12%减阻水@时间窗 W005,泵压特征,"施工泵压变化 起81.89→止0，变化-81.89，均值39.1795，范围[0, 81.91]",E00071,E00072,fluid_usage:红页L1HF:10:5:0.12%减阻水,pressure_feature:红页L1HF:10:5
154,0.12%减阻水@时间窗 W005,排量特征,"排量变化 起24.09→止0，变化-24.09，均值1.741，范围[0, 24.09]",E00071,E00073,fluid_usage:红页L1HF:10:5:0.12%减阻水,flow_feature:红页L1HF:10:5
155,0.12%减阻水@时间窗 W005,砂比特征,砂比变化：0,E00071,E00074,fluid_usage:红页L1HF:10:5:0.12%减阻水,sand_feature:红页L1HF:10:5
156,时间窗 W005,施工特征,"施工泵压变化 起81.89→止0，变化-81.89，均值39.1795，范围[0, 81.91]",E00070,E00072,time_window:红页L1HF:10:5,pressure_feature:红页L1HF:10:5
157,时间窗 W005,施工特征,"排量变化 起24.09→止0，变化-24.09，均值1.741，范围[0, 24.09]",E00070,E00073,time_window:红页L1HF:10:5,flow_feature:红页L1HF:10:5
158,时间窗 W005,砂比特征,砂比变化：0,E00070,E00074,time_window:红页L1HF:10:5,sand_feature:红页L1HF:10:5
159,井 红页L1HF,包含段,段 11,E00001,E00075,well:红页L1HF,segment:红页L1HF:11
160,段 11,包含时间窗,时间窗 W001,E00075,E00076,segment:红页L1HF:11,time_window:红页L1HF:11:1
161,时间窗 W001,采用液型,0@时间窗 W001,E00076,E00077,time_window:红页L1HF:11:1,fluid_usage:红页L1HF:11:1:0
162,0@时间窗 W001,液型类别,液型 0,E00077,E00044,fluid_usage:红页L1HF:11:1:0,fluid_type:0
163,0@时间窗 W001,开始时间,2024-01-09 16:10:00,E00077,,fluid_usage:红页L1HF:11:1:0,
164,0@时间窗 W001,结束时间,2024-01-09 16:10:00,E00077,,fluid_usage:红页L1HF:11:1:0,
165,0@时间窗 W001,持续时间,0秒,E00077,,fluid_usage:红页L1HF:11:1:0,
166,0@时间窗 W001,泵压特征,"施工泵压变化 起21.72→止21.72，变化0，均值21.72，范围[21.72, 21.72]",E00077,E00078,fluid_usage:红页L1HF:11:1:0,pressure_feature:红页L1HF:11:1
167,0@时间窗 W001,排量特征,"排量变化 起0→止0，变化0，均值0，范围[0, 0]",E00077,E00079,fluid_usage:红页L1HF:11:1:0,flow_feature:红页L1HF:11:1
168,0@时间窗 W001,砂比特征,砂比变化：0,E00077,E00080,fluid_usage:红页L1HF:11:1:0,sand_feature:红页L1HF:11:1
169,时间窗 W001,施工特征,"施工泵压变化 起21.72→止21.72，变化0，均值21.72，范围[21.72, 21.72]",E00076,E00078,time_window:红页L1HF:11:1,pressure_feature:红页L1HF:11:1
170,时间窗 W001,施工特征,"排量变化 起0→止0，变化0，均值0，范围[0, 0]",E00076,E00079,time_window:红页L1HF:11:1,flow_feature:红页L1HF:11:1
171,时间窗 W001,砂比特征,砂比变化：0,E00076,E00080,time_window:红页L1HF:11:1,sand_feature:红页L1HF:11:1
172,段 11,包含时间窗,时间窗 W002,E00075,E00081,segment:红页L1HF:11,time_window:红页L1HF:11:2
173,时间窗 W002,采用液型,0.12%减阻水@时间窗 W002,E00081,E00082,time_window:红页L1HF:11:2,fluid_usage:红页L1HF:11:2:0.12%减阻水
174,0.12%减阻水@时间窗 W002,液型类别,液型 0.12%减阻水,E00082,E00010,fluid_usage:红页L1HF:11:2:0.12%减阻水,fluid_type:0.12%减阻水
175,0.12%减阻水@时间窗 W002,开始时间,2024-01-09 16:10:10,E00082,,fluid_usage:红页L1HF:11:2:0.12%减阻水,
176,0.12%减阻水@时间窗 W002,结束时间,2024-01-09 16:15:40,E00082,,fluid_usage:红页L1HF:11:2:0.12%减阻水,
177,0.12%减阻水@时间窗 W002,持续时间,5分钟30秒,E00082,,fluid_usage:红页L1HF:11:2:0.12%减阻水,
178,0.12%减阻水@时间窗 W002,泵压特征,"施工泵压变化 起26.17→止33.46，变化7.29，均值31.5083，范围[26.17, 33.46]",E00082,E00083,fluid_usage:红页L1HF:11:2:0.12%减阻水,pressure_feature:红页L1HF:11:2
179,0.12%减阻水@时间窗 W002,排量特征,"排量变化 起0.08→止1.99，变化1.91，均值1.7777，范围[0.08, 1.99]",E00082,E00084,fluid_usage:红页L1HF:11:2:0.12%减阻水,flow_feature:红页L1HF:11:2
180,0.12%减阻水@时间窗 W002,砂比特征,砂比变化：0,E00082,E00085,fluid_usage:红页L1HF:11:2:0.12%减阻水,sand_feature:红页L1HF:11:2
181,时间窗 W002,施工特征,"施工泵压变化 起26.17→止33.46，变化7.29，均值31.5083，范围[26.17, 33.46]",E00081,E00083,time_window:红页L1HF:11:2,pressure_feature:红页L1HF:11:2
182,时间窗 W002,施工特征,"排量变化 起0.08→止1.99，变化1.91，均值1.7777，范围[0.08, 1.99]",E00081,E00084,time_window:红页L1HF:11:2,flow_feature:红页L1HF:11:2
183,时间窗 W002,砂比特征,砂比变化：0,E00081,E00085,time_window:红页L1HF:11:2,sand_feature:红页L1HF:11:2
184,段 11,包含时间窗,时间窗 W003,E00075,E00086,segment:红页L1HF:11,time_window:红页L1HF:11:3
185,时间窗 W003,采用液型,15%HCl@时间窗 W003,E00086,E00087,time_window:红页L1HF:11:3,fluid_usage:红页L1HF:11:3:15%HCl
186,15%HCl@时间窗 W003,液型类别,液型 15%HCl,E00087,E00016,fluid_usage:红页L1HF:11:3:15%HCl,fluid_type:15%HCl
187,15%HCl@时间窗 W003,开始时间,2024-01-09 16:15:50,E00087,,fluid_usage:红页L1HF:11:3:15%HCl,
188,15%HCl@时间窗 W003,结束时间,2024-01-09 16:20:40,E00087,,fluid_usage:红页L1HF:11:3:15%HCl,
189,15%HCl@时间窗 W003,持续时间,4分钟50秒,E00087,,fluid_usage:红页L1HF:11:3:15%HCl,
190,15%HCl@时间窗 W003,泵压特征,"施工泵压变化 起33.49→止34.32，变化0.83，均值33.9907，范围[33.49, 34.32]",E00087,E00088,fluid_usage:红页L1HF:11:3:15%HCl,pressure_feature:红页L1HF:11:3
191,15%HCl@时间窗 W003,排量特征,"排量变化 起1.99→止1.99，变化0，均值1.99，范围[1.99, 1.99]",E00087,E00089,fluid_usage:红页L1HF:11:3:15%HCl,flow_feature:红页L1HF:11:3
192,15%HCl@时间窗 W003,砂比特征,砂比变化：0,E00087,E00090,fluid_usage:红页L1HF:11:3:15%HCl,sand_feature:红页L1HF:11:3
193,时间窗 W003,施工特征,"施工泵压变化 起33.49→止34.32，变化0.83，均值33.9907，范围[33.49, 34.32]",E00086,E00088,time_window:红页L1HF:11:3,pressure_feature:红页L1HF:11:3
194,时间窗 W003,施工特征,"排量变化 起1.99→止1.99，变化0，均值1.99，范围[1.99, 1.99]",E00086,E00089,time_window:红页L1HF:11:3,flow_feature:红页L1HF:11:3
195,时间窗 W003,砂比特征,砂比变化：0,E00086,E00090,time_window:红页L1HF:11:3,sand_feature:红页L1HF:11:3
196,段 11,包含时间窗,时间窗 W004,E00075,E00091,segment:红页L1HF:11,time_window:红页L1HF:11:4
197,时间窗 W004,采用液型,0.25%减阻水@时间窗 W004,E00091,E00092,time_window:红页L1HF:11:4,fluid_usage:红页L1HF:11:4:0.25%减阻水
198,0.25%减阻水@时间窗 W004,液型类别,液型 0.25%减阻水,E00092,E00022,fluid_usage:红页L1HF:11:4:0.25%减阻水,fluid_type:0.25%减阻水
199,0.25%减阻水@时间窗 W004,开始时间,2024-01-09 16:20:50,E00092,,fluid_usage:红页L1HF:11:4:0.25%减阻水,
200,0.25%减阻水@时间窗 W004,结束时间,2024-01-09 16:45:30,E00092,,fluid_usage:红页L1HF:11:4:0.25%减阻水,
201,0.25%减阻水@时间窗 W004,持续时间,24分钟40秒,E00092,,fluid_usage:红页L1HF:11:4:0.25%减阻水,
202,0.25%减阻水@时间窗 W004,泵压特征,"施工泵压变化 起35.67→止73.06，变化37.39，均值66.6274，范围[35.67, 91.77]",E00092,E00093,fluid_usage:红页L1HF:11:4:0.25%减阻水,pressure_feature:红页L1HF:11:4
203,0.25%减阻水@时间窗 W004,排量特征,"排量变化 起2.4→止24.08，变化21.68，均值11.0711，范围[2.4, 24.08]",E00092,E00094,fluid_usage:红页L1HF:11:4:0.25%减阻水,flow_feature:红页L1HF:11:4
204,0.25%减阻水@时间窗 W004,砂比特征,"砂比变化 起0.1→止0.1，变化0，均值0.1，范围[0.1, 0.1]",E00092,E00095,fluid_usage:红页L1HF:11:4:0.25%减阻水,sand_feature:红页L1HF:11:4
205,时间窗 W004,施工特征,"施工泵压变化 起35.67→止73.06，变化37.39，均值66.6274，范围[35.67, 91.77]",E00091,E00093,time_window:红页L1HF:11:4,pressure_feature:红页L1HF:11:4
206,时间窗 W004,施工特征,"排量变化 起2.4→止24.08，变化21.68，均值11.0711，范围[2.4, 24.08]",E00091,E00094,time_window:红页L1HF:11:4,flow_feature:红页L1HF:11:4
207,时间窗 W004,砂比特征,"砂比变化 起0.1→止0.1，变化0，均值0.1，范围[0.1, 0.1]",E00091,E00095,time_window:红页L1HF:11:4,sand_feature:红页L1HF:11:4
208,段 11,包含时间窗,时间窗 W005,E00075,E00096,segment:红页L1HF:11,time_window:红页L1HF:11:5
209,时间窗 W005,采用液型,0.12%减阻水@时间窗 W005,E00096,E00097,time_window:红页L1HF:11:5,fluid_usage:红页L1HF:11:5:0.12%减阻水
210,0.12%减阻水@时间窗 W005,液型类别,液型 0.12%减阻水,E00097,E00010,fluid_usage:红页L1HF:11:5:0.12%减阻水,fluid_type:0.12%减阻水
211,0.12%减阻水@时间窗 W005,开始时间,2024-01-09 16:45:40,E00097,,fluid_usage:红页L1HF:11:5:0.12%减阻水,
212,0.12%减阻水@时间窗 W005,结束时间,2024-01-09 18:41:40,E00097,,fluid_usage:红页L1HF:11:5:0.12%减阻水,
213,0.12%减阻水@时间窗 W005,持续时间,1小时56分钟,E00097,,fluid_usage:红页L1HF:11:5:0.12%减阻水,
214,0.12%减阻水@时间窗 W005,泵压特征,"施工泵压变化 起73.01→止84.98，变化11.97，均值79.4334，范围[62.54, 90]",E00097,E00098,fluid_usage:红页L1HF:11:5:0.12%减阻水,pressure_feature:红页L1HF:11:5
215,0.12%减阻水@时间窗 W005,排量特征,"排量变化 起24.08→止22.28，变化-1.8，均值23.1235，范围[17.73, 24.18]",E00097,E00099,fluid_usage:红页L1HF:11:5:0.12%减阻水,flow_feature:红页L1HF:11:5
216,0.12%减阻水@时间窗 W005,砂比特征,"砂比变化 起2.7→止0.3，变化-2.4，均值8.4352，范围[0.1, 14.7]",E00097,E00100,fluid_usage:红页L1HF:11:5:0.12%减阻水,sand_feature:红页L1HF:11:5
217,时间窗 W005,施工特征,"施工泵压变化 起73.01→止84.98，变化11.97，均值79.4334，范围[62.54, 90]",E00096,E00098,time_window:红页L1HF:11:5,pressure_feature:红页L1HF:11:5
218,时间窗 W005,施工特征,"排量变化 起24.08→止22.28，变化-1.8，均值23.1235，范围[17.73, 24.18]",E00096,E00099,time_window:红页L1HF:11:5,flow_feature:红页L1HF:11:5
219,时间窗 W005,砂比特征,"砂比变化 起2.7→止0.3，变化-2.4，均值8.4352，范围[0.1, 14.7]",E00096,E00100,time_window:红页L1HF:11:5,sand_feature:红页L1HF:11:5
220,段 11,包含时间窗,时间窗 W006,E00075,E00101,segment:红页L1HF:11,time_window:红页L1HF:11:6
221,时间窗 W006,采用液型,0.25%减阻水@时间窗 W006,E00101,E00102,time_window:红页L1HF:11:6,fluid_usage:红页L1HF:11:6:0.25%减阻水
222,0.25%减阻水@时间窗 W006,液型类别,液型 0.25%减阻水,E00102,E00022,fluid_usage:红页L1HF:11:6:0.25%减阻水,fluid_type:0.25%减阻水
223,0.25%减阻水@时间窗 W006,开始时间,2024-01-09 18:41:50,E00102,,fluid_usage:红页L1HF:11:6:0.25%减阻水,
224,0.25%减阻水@时间窗 W006,结束时间,2024-01-09 18:54:40,E00102,,fluid_usage:红页L1HF:11:6:0.25%减阻水,
225,0.25%减阻水@时间窗 W006,持续时间,12分钟50秒,E00102,,fluid_usage:红页L1HF:11:6:0.25%减阻水,
226,0.25%减阻水@时间窗 W006,泵压特征,"施工泵压变化 起85.02→止83.21，变化-1.81，均值82.5434，范围[79.69, 85.02]",E00102,E00103,fluid_usage:红页L1HF:11:6:0.25%减阻水,pressure_feature:红页L1HF:11:6
227,0.25%减阻水@时间窗 W006,排量特征,"排量变化 起22.28→止22.28，变化0，均值22.28，范围[22.28, 22.28]",E00102,E00104,fluid_usage:红页L1HF:11:6:0.25%减阻水,flow_feature:红页L1HF:11:6
228,0.25%减阻水@时间窗 W006,砂比特征,"砂比变化 起0.3→止0.4，变化0.1，均值7.9328，范围[0.3, 10.3]",E00102,E00105,fluid_usage:红页L1HF:11:6:0.25%减阻水,sand_feature:红页L1HF:11:6
229,时间窗 W006,施工特征,"施工泵压变化 起85.02→止83.21，变化-1.81，均值82.5434，范围[79.69, 85.02]",E00101,E00103,time_window:红页L1HF:11:6,pressure_feature:红页L1HF:11:6
230,时间窗 W006,施工特征,"排量变化 起22.28→止22.28，变化0，均值22.28，范围[22.28, 22.28]",E00101,E00104,time_window:红页L1HF:11:6,flow_feature:红页L1HF:11:6
231,时间窗 W006,砂比特征,"砂比变化 起0.3→止0.4，变化0.1，均值7.9328，范围[0.3, 10.3]",E00101,E00105,time_window:红页L1HF:11:6,sand_feature:红页L1HF:11:6
232,段 11,包含时间窗,时间窗 W007,E00075,E00106,segment:红页L1HF:11,time_window:红页L1HF:11:7
233,时间窗 W007,采用液型,0.12%减阻水@时间窗 W007,E00106,E00107,time_window:红页L1HF:11:7,fluid_usage:红页L1HF:11:7:0.12%减阻水
234,0.12%减阻水@时间窗 W007,液型类别,液型 0.12%减阻水,E00107,E00010,fluid_usage:红页L1HF:11:7:0.12%减阻水,fluid_type:0.12%减阻水
235,0.12%减阻水@时间窗 W007,开始时间,2024-01-09 18:54:50,E00107,,fluid_usage:红页L1HF:11:7:0.12%减阻水,
236,0.12%减阻水@时间窗 W007,结束时间,2024-01-09 19:29:10,E00107,,fluid_usage:红页L1HF:11:7:0.12%减阻水,
237,0.12%减阻水@时间窗 W007,持续时间,34分钟20秒,E00107,,fluid_usage:红页L1HF:11:7:0.12%减阻水,
238,0.12%减阻水@时间窗 W007,泵压特征,"施工泵压变化 起83.04→止0.26，变化-82.78，均值41.1635，范围[0.26, 83.04]",E00107,E00108,fluid_usage:红页L1HF:11:7:0.12%减阻水,pressure_feature:红页L1HF:11:7
239,0.12%减阻水@时间窗 W007,排量特征,"排量变化 起22.28→止0，变化-22.28，均值1.8209，范围[0, 22.28]",E00107,E00109,fluid_usage:红页L1HF:11:7:0.12%减阻水,flow_feature:红页L1HF:11:7
240,0.12%减阻水@时间窗 W007,砂比特征,砂比变化：0,E00107,E00110,fluid_usage:红页L1HF:11:7:0.12%减阻水,sand_feature:红页L1HF:11:7
241,时间窗 W007,施工特征,"施工泵压变化 起83.04→止0.26，变化-82.78，均值41.1635，范围[0.26, 83.04]",E00106,E00108,time_window:红页L1HF:11:7,pressure_feature:红页L1HF:11:7
242,时间窗 W007,施工特征,"排量变化 起22.28→止0，变化-22.28，均值1.8209，范围[0, 22.28]",E00106,E00109,time_window:红页L1HF:11:7,flow_feature:红页L1HF:11:7
243,时间窗 W007,砂比特征,砂比变化：0,E00106,E00110,time_window:红页L1HF:11:7,sand_feature:红页L1HF:11:7
244,井 红页L1HF,包含段,段 12,E00001,E00111,well:红页L1HF,segment:红页L1HF:12
245,段 12,包含时间窗,时间窗 W001,E00111,E00112,segment:红页L1HF:12,time_window:红页L1HF:12:1
246,时间窗 W001,采用液型,0@时间窗 W001,E00112,E00113,time_window:红页L1HF:12:1,fluid_usage:红页L1HF:12:1:0
247,0@时间窗 W001,液型类别,液型 0,E00113,E00044,fluid_usage:红页L1HF:12:1:0,fluid_type:0
248,0@时间窗 W001,开始时间,2024-01-10 07:57:30,E00113,,fluid_usage:红页L1HF:12:1:0,
249,0@时间窗 W001,结束时间,2024-01-10 11:08:00,E00113,,fluid_usage:红页L1HF:12:1:0,
250,0@时间窗 W001,持续时间,3小时10分钟30秒,E00113,,fluid_usage:红页L1HF:12:1:0,
251,0@时间窗 W001,泵压特征,"施工泵压变化 起5.51→止0.28，变化-5.23，均值66.5042，范围[0.28, 91.33]",E00113,E00114,fluid_usage:红页L1HF:12:1:0,pressure_feature:红页L1HF:12:1
252,0@时间窗 W001,排量特征,"排量变化 起0→止0，变化0，均值16.2737，范围[0, 24.41]",E00113,E00115,fluid_usage:红页L1HF:12:1:0,flow_feature:红页L1HF:12:1
253,0@时间窗 W001,砂比特征,"砂比变化 起4.6→止0.1，变化-4.5，均值9.8198，范围[0.1, 13.1]",E00113,E00116,fluid_usage:红页L1HF:12:1:0,sand_feature:红页L1HF:12:1
254,时间窗 W001,施工特征,"施工泵压变化 起5.51→止0.28，变化-5.23，均值66.5042，范围[0.28, 91.33]",E00112,E00114,time_window:红页L1HF:12:1,pressure_feature:红页L1HF:12:1
255,时间窗 W001,施工特征,"排量变化 起0→止0，变化0，均值16.2737，范围[0, 24.41]",E00112,E00115,time_window:红页L1HF:12:1,flow_feature:红页L1HF:12:1
256,时间窗 W001,砂比特征,"砂比变化 起4.6→止0.1，变化-4.5，均值9.8198，范围[0.1, 13.1]",E00112,E00116,time_window:红页L1HF:12:1,sand_feature:红页L1HF:12:1
257,井 红页L1HF,包含段,段 13,E00001,E00117,well:红页L1HF,segment:红页L1HF:13
258,段 13,包含时间窗,时间窗 W001,E00117,E00118,segment:红页L1HF:13,time_window:红页L1HF:13:1
259,时间窗 W001,采用液型,未标注液型@时间窗 W001,E00118,E00119,time_window:红页L1HF:13:1,fluid_usage:红页L1HF:13:1:未标注液型
260,未标注液型@时间窗 W001,液型类别,液型 未标注液型,E00119,E00004,fluid_usage:红页L1HF:13:1:未标注液型,fluid_type:未标注液型
261,未标注液型@时间窗 W001,开始时间,2024-01-10 14:57:40,E00119,,fluid_usage:红页L1HF:13:1:未标注液型,
262,未标注液型@时间窗 W001,结束时间,2024-01-10 14:57:40,E00119,,fluid_usage:红页L1HF:13:1:未标注液型,
263,未标注液型@时间窗 W001,持续时间,0秒,E00119,,fluid_usage:红页L1HF:13:1:未标注液型,
264,未标注液型@时间窗 W001,泵压特征,"施工泵压变化 起24.09→止24.09，变化0，均值24.09，范围[24.09, 24.09]",E00119,E00120,fluid_usage:红页L1HF:13:1:未标注液型,pressure_feature:红页L1HF:13:1
265,未标注液型@时间窗 W001,排量特征,"排量变化 起0.09→止0.09，变化0，均值0.09，范围[0.09, 0.09]",E00119,E00121,fluid_usage:红页L1HF:13:1:未标注液型,flow_feature:红页L1HF:13:1
266,未标注液型@时间窗 W001,砂比特征,砂比变化：0,E00119,E00122,fluid_usage:红页L1HF:13:1:未标注液型,sand_feature:红页L1HF:13:1
267,时间窗 W001,施工特征,"施工泵压变化 起24.09→止24.09，变化0，均值24.09，范围[24.09, 24.09]",E00118,E00120,time_window:红页L1HF:13:1,pressure_feature:红页L1HF:13:1
268,时间窗 W001,施工特征,"排量变化 起0.09→止0.09，变化0，均值0.09，范围[0.09, 0.09]",E00118,E00121,time_window:红页L1HF:13:1,flow_feature:红页L1HF:13:1
269,时间窗 W001,砂比特征,砂比变化：0,E00118,E00122,time_window:红页L1HF:13:1,sand_feature:红页L1HF:13:1
270,段 13,包含时间窗,时间窗 W002,E00117,E00123,segment:红页L1HF:13,time_window:红页L1HF:13:2
271,时间窗 W002,采用液型,0.12%减阻水@时间窗 W002,E00123,E00124,time_window:红页L1HF:13:2,fluid_usage:红页L1HF:13:2:0.12%减阻水
272,0.12%减阻水@时间窗 W002,液型类别,液型 0.12%减阻水,E00124,E00010,fluid_usage:红页L1HF:13:2:0.12%减阻水,fluid_type:0.12%减阻水
273,0.12%减阻水@时间窗 W002,开始时间,2024-01-10 14:57:50,E00124,,fluid_usage:红页L1HF:13:2:0.12%减阻水,
274,0.12%减阻水@时间窗 W002,结束时间,2024-01-10 15:00:30,E00124,,fluid_usage:红页L1HF:13:2:0.12%减阻水,
275,0.12%减阻水@时间窗 W002,持续时间,2分钟40秒,E00124,,fluid_usage:红页L1HF:13:2:0.12%减阻水,
276,0.12%减阻水@时间窗 W002,泵压特征,"施工泵压变化 起27.67→止35.59，变化7.92，均值32.885，范围[27.67, 35.59]",E00124,E00125,fluid_usage:红页L1HF:13:2:0.12%减阻水,pressure_feature:红页L1HF:13:2
277,0.12%减阻水@时间窗 W002,排量特征,"排量变化 起0.47→止2，变化1.53，均值1.7788，范围[0.47, 2]",E00124,E00126,fluid_usage:红页L1HF:13:2:0.12%减阻水,flow_feature:红页L1HF:13:2
278,0.12%减阻水@时间窗 W002,砂比特征,砂比变化：0,E00124,E00127,fluid_usage:红页L1HF:13:2:0.12%减阻水,sand_feature:红页L1HF:13:2
279,时间窗 W002,施工特征,"施工泵压变化 起27.67→止35.59，变化7.92，均值32.885，范围[27.67, 35.59]",E00123,E00125,time_window:红页L1HF:13:2,pressure_feature:红页L1HF:13:2
280,时间窗 W002,施工特征,"排量变化 起0.47→止2，变化1.53，均值1.7788，范围[0.47, 2]",E00123,E00126,time_window:红页L1HF:13:2,flow_feature:红页L1HF:13:2
281,时间窗 W002,砂比特征,砂比变化：0,E00123,E00127,time_window:红页L1HF:13:2,sand_feature:红页L1HF:13:2
282,段 13,包含时间窗,时间窗 W003,E00117,E00128,segment:红页L1HF:13,time_window:红页L1HF:13:3
283,时间窗 W003,采用液型,15%HCl@时间窗 W003,E00128,E00129,time_window:红页L1HF:13:3,fluid_usage:红页L1HF:13:3:15%HCl
284,15%HCl@时间窗 W003,液型类别,液型 15%HCl,E00129,E00016,fluid_usage:红页L1HF:13:3:15%HCl,fluid_type:15%HCl
285,15%HCl@时间窗 W003,开始时间,2024-01-10 15:00:40,E00129,,fluid_usage:红页L1HF:13:3:15%HCl,
286,15%HCl@时间窗 W003,结束时间,2024-01-10 15:05:40,E00129,,fluid_usage:红页L1HF:13:3:15%HCl,
287,15%HCl@时间窗 W003,持续时间,5分钟,E00129,,fluid_usage:红页L1HF:13:3:15%HCl,
288,15%HCl@时间窗 W003,泵压特征,"施工泵压变化 起35.75→止38.38，变化2.63，均值37.4，范围[35.75, 38.38]",E00129,E00130,fluid_usage:红页L1HF:13:3:15%HCl,pressure_feature:红页L1HF:13:3
289,15%HCl@时间窗 W003,排量特征,"排量变化 起2→止2，变化0，均值2，范围[2, 2]",E00129,E00131,fluid_usage:红页L1HF:13:3:15%HCl,flow_feature:红页L1HF:13:3
290,15%HCl@时间窗 W003,砂比特征,砂比变化：0,E00129,E00132,fluid_usage:红页L1HF:13:3:15%HCl,sand_feature:红页L1HF:13:3
291,时间窗 W003,施工特征,"施工泵压变化 起35.75→止38.38，变化2.63，均值37.4，范围[35.75, 38.38]",E00128,E00130,time_window:红页L1HF:13:3,pressure_feature:红页L1HF:13:3
292,时间窗 W003,施工特征,"排量变化 起2→止2，变化0，均值2，范围[2, 2]",E00128,E00131,time_window:红页L1HF:13:3,flow_feature:红页L1HF:13:3
293,时间窗 W003,砂比特征,砂比变化：0,E00128,E00132,time_window:红页L1HF:13:3,sand_feature:红页L1HF:13:3
294,段 13,包含时间窗,时间窗 W004,E00117,E00133,segment:红页L1HF:13,time_window:红页L1HF:13:4
295,时间窗 W004,采用液型,0.25%减阻水@时间窗 W004,E00133,E00134,time_window:红页L1HF:13:4,fluid_usage:红页L1HF:13:4:0.25%减阻水
296,0.25%减阻水@时间窗 W004,液型类别,液型 0.25%减阻水,E00134,E00022,fluid_usage:红页L1HF:13:4:0.25%减阻水,fluid_type:0.25%减阻水
297,0.25%减阻水@时间窗 W004,开始时间,2024-01-10 15:05:50,E00134,,fluid_usage:红页L1HF:13:4:0.25%减阻水,
298,0.25%减阻水@时间窗 W004,结束时间,2024-01-10 15:28:00,E00134,,fluid_usage:红页L1HF:13:4:0.25%减阻水,
299,0.25%减阻水@时间窗 W004,持续时间,22分钟10秒,E00134,,fluid_usage:红页L1HF:13:4:0.25%减阻水,
300,0.25%减阻水@时间窗 W004,泵压特征,"施工泵压变化 起38.42→止70.71，变化32.29，均值63.8506，范围[38.42, 91.52]",E00134,E00135,fluid_usage:红页L1HF:13:4:0.25%减阻水,pressure_feature:红页L1HF:13:4
301,0.25%减阻水@时间窗 W004,排量特征,"排量变化 起2→止24.06，变化22.06，均值9.4017，范围[2, 24.06]",E00134,E00136,fluid_usage:红页L1HF:13:4:0.25%减阻水,flow_feature:红页L1HF:13:4
302,0.25%减阻水@时间窗 W004,砂比特征,"砂比变化 起2.7→止5.3，变化2.6，均值4.3667，范围[2.7, 5.3]",E00134,E00137,fluid_usage:红页L1HF:13:4:0.25%减阻水,sand_feature:红页L1HF:13:4
303,时间窗 W004,施工特征,"施工泵压变化 起38.42→止70.71，变化32.29，均值63.8506，范围[38.42, 91.52]",E00133,E00135,time_window:红页L1HF:13:4,pressure_feature:红页L1HF:13:4
304,时间窗 W004,施工特征,"排量变化 起2→止24.06，变化22.06，均值9.4017，范围[2, 24.06]",E00133,E00136,time_window:红页L1HF:13:4,flow_feature:红页L1HF:13:4
305,时间窗 W004,砂比特征,"砂比变化 起2.7→止5.3，变化2.6，均值4.3667，范围[2.7, 5.3]",E00133,E00137,time_window:红页L1HF:13:4,sand_feature:红页L1HF:13:4
306,段 13,包含时间窗,时间窗 W005,E00117,E00138,segment:红页L1HF:13,time_window:红页L1HF:13:5
307,时间窗 W005,采用液型,0.12%减阻水@时间窗 W005,E00138,E00139,time_window:红页L1HF:13:5,fluid_usage:红页L1HF:13:5:0.12%减阻水
308,0.12%减阻水@时间窗 W005,液型类别,液型 0.12%减阻水,E00139,E00010,fluid_usage:红页L1HF:13:5:0.12%减阻水,fluid_type:0.12%减阻水
309,0.12%减阻水@时间窗 W005,开始时间,2024-01-10 15:28:10,E00139,,fluid_usage:红页L1HF:13:5:0.12%减阻水,
310,0.12%减阻水@时间窗 W005,结束时间,2024-01-10 17:27:00,E00139,,fluid_usage:红页L1HF:13:5:0.12%减阻水,
311,0.12%减阻水@时间窗 W005,持续时间,1小时58分钟50秒,E00139,,fluid_usage:红页L1HF:13:5:0.12%减阻水,
312,0.12%减阻水@时间窗 W005,泵压特征,"施工泵压变化 起70.71→止79.67，变化8.96，均值75.3002，范围[52.47, 80.08]",E00139,E00140,fluid_usage:红页L1HF:13:5:0.12%减阻水,pressure_feature:红页L1HF:13:5
313,0.12%减阻水@时间窗 W005,排量特征,"排量变化 起24.06→止24.06，变化0，均值23.4456，范围[12.08, 24.07]",E00139,E00141,fluid_usage:红页L1HF:13:5:0.12%减阻水,flow_feature:红页L1HF:13:5
314,0.12%减阻水@时间窗 W005,砂比特征,"砂比变化 起5.1→止13.4，变化8.3，均值9.3647，范围[0.1, 13.4]",E00139,E00142,fluid_usage:红页L1HF:13:5:0.12%减阻水,sand_feature:红页L1HF:13:5
315,时间窗 W005,施工特征,"施工泵压变化 起70.71→止79.67，变化8.96，均值75.3002，范围[52.47, 80.08]",E00138,E00140,time_window:红页L1HF:13:5,pressure_feature:红页L1HF:13:5
316,时间窗 W005,施工特征,"排量变化 起24.06→止24.06，变化0，均值23.4456，范围[12.08, 24.07]",E00138,E00141,time_window:红页L1HF:13:5,flow_feature:红页L1HF:13:5
317,时间窗 W005,砂比特征,"砂比变化 起5.1→止13.4，变化8.3，均值9.3647，范围[0.1, 13.4]",E00138,E00142,time_window:红页L1HF:13:5,sand_feature:红页L1HF:13:5
318,段 13,包含时间窗,时间窗 W006,E00117,E00143,segment:红页L1HF:13,time_window:红页L1HF:13:6
319,时间窗 W006,采用液型,0.25%减阻水@时间窗 W006,E00143,E00144,time_window:红页L1HF:13:6,fluid_usage:红页L1HF:13:6:0.25%减阻水
320,0.25%减阻水@时间窗 W006,液型类别,液型 0.25%减阻水,E00144,E00022,fluid_usage:红页L1HF:13:6:0.25%减阻水,fluid_type:0.25%减阻水
321,0.25%减阻水@时间窗 W006,开始时间,2024-01-10 17:27:10,E00144,,fluid_usage:红页L1HF:13:6:0.25%减阻水,
322,0.25%减阻水@时间窗 W006,结束时间,2024-01-10 17:30:50,E00144,,fluid_usage:红页L1HF:13:6:0.25%减阻水,
323,0.25%减阻水@时间窗 W006,持续时间,3分钟40秒,E00144,,fluid_usage:红页L1HF:13:6:0.25%减阻水,
324,0.25%减阻水@时间窗 W006,泵压特征,"施工泵压变化 起79.75→止79.74，变化-0.01，均值79.7718，范围[79.59, 79.94]",E00144,E00145,fluid_usage:红页L1HF:13:6:0.25%减阻水,pressure_feature:红页L1HF:13:6
325,0.25%减阻水@时间窗 W006,排量特征,"排量变化 起24.06→止24.06，变化0，均值24.06，范围[24.06, 24.06]",E00144,E00146,fluid_usage:红页L1HF:13:6:0.25%减阻水,flow_feature:红页L1HF:13:6
326,0.25%减阻水@时间窗 W006,砂比特征,"砂比变化 起14.2→止0.6，变化-13.6，均值13.3176，范围[0.6, 14.2]",E00144,E00147,fluid_usage:红页L1HF:13:6:0.25%减阻水,sand_feature:红页L1HF:13:6
327,时间窗 W006,施工特征,"施工泵压变化 起79.75→止79.74，变化-0.01，均值79.7718，范围[79.59, 79.94]",E00143,E00145,time_window:红页L1HF:13:6,pressure_feature:红页L1HF:13:6
328,时间窗 W006,施工特征,"排量变化 起24.06→止24.06，变化0，均值24.06，范围[24.06, 24.06]",E00143,E00146,time_window:红页L1HF:13:6,flow_feature:红页L1HF:13:6
329,时间窗 W006,砂比特征,"砂比变化 起14.2→止0.6，变化-13.6，均值13.3176，范围[0.6, 14.2]",E00143,E00147,time_window:红页L1HF:13:6,sand_feature:红页L1HF:13:6
330,段 13,包含时间窗,时间窗 W007,E00117,E00148,segment:红页L1HF:13,time_window:红页L1HF:13:7
331,时间窗 W007,采用液型,0.12%减阻水@时间窗 W007,E00148,E00149,time_window:红页L1HF:13:7,fluid_usage:红页L1HF:13:7:0.12%减阻水
332,0.12%减阻水@时间窗 W007,液型类别,液型 0.12%减阻水,E00149,E00010,fluid_usage:红页L1HF:13:7:0.12%减阻水,fluid_type:0.12%减阻水
333,0.12%减阻水@时间窗 W007,开始时间,2024-01-10 17:31:00,E00149,,fluid_usage:红页L1HF:13:7:0.12%减阻水,
334,0.12%减阻水@时间窗 W007,结束时间,2024-01-10 18:08:00,E00149,,fluid_usage:红页L1HF:13:7:0.12%减阻水,
335,0.12%减阻水@时间窗 W007,持续时间,37分钟,E00149,,fluid_usage:红页L1HF:13:7:0.12%减阻水,
336,0.12%减阻水@时间窗 W007,泵压特征,"施工泵压变化 起79.77→止0，变化-79.77，均值42.5674，范围[0, 79.77]",E00149,E00150,fluid_usage:红页L1HF:13:7:0.12%减阻水,pressure_feature:红页L1HF:13:7
337,0.12%减阻水@时间窗 W007,排量特征,"排量变化 起24.06→止0，变化-24.06，均值1.5645，范围[0, 24.06]",E00149,E00151,fluid_usage:红页L1HF:13:7:0.12%减阻水,flow_feature:红页L1HF:13:7
338,0.12%减阻水@时间窗 W007,砂比特征,砂比变化：0,E00149,E00152,fluid_usage:红页L1HF:13:7:0.12%减阻水,sand_feature:红页L1HF:13:7
339,时间窗 W007,施工特征,"施工泵压变化 起79.77→止0，变化-79.77，均值42.5674，范围[0, 79.77]",E00148,E00150,time_window:红页L1HF:13:7,pressure_feature:红页L1HF:13:7
340,时间窗 W007,施工特征,"排量变化 起24.06→止0，变化-24.06，均值1.5645，范围[0, 24.06]",E00148,E00151,time_window:红页L1HF:13:7,flow_feature:红页L1HF:13:7
341,时间窗 W007,砂比特征,砂比变化：0,E00148,E00152,time_window:红页L1HF:13:7,sand_feature:红页L1HF:13:7
342,井 红页L1HF,包含段,段 14,E00001,E00153,well:红页L1HF,segment:红页L1HF:14
343,段 14,包含时间窗,时间窗 W001,E00153,E00154,segment:红页L1HF:14,time_window:红页L1HF:14:1
344,时间窗 W001,采用液型,0.12%减阻水@时间窗 W001,E00154,E00155,time_window:红页L1HF:14:1,fluid_usage:红页L1HF:14:1:0.12%减阻水
345,0.12%减阻水@时间窗 W001,液型类别,液型 0.12%减阻水,E00155,E00010,fluid_usage:红页L1HF:14:1:0.12%减阻水,fluid_type:0.12%减阻水
346,0.12%减阻水@时间窗 W001,开始时间,2024-01-11 07:58:00,E00155,,fluid_usage:红页L1HF:14:1:0.12%减阻水,
347,0.12%减阻水@时间窗 W001,结束时间,2024-01-11 08:01:20,E00155,,fluid_usage:红页L1HF:14:1:0.12%减阻水,
348,0.12%减阻水@时间窗 W001,持续时间,3分钟20秒,E00155,,fluid_usage:红页L1HF:14:1:0.12%减阻水,
349,0.12%减阻水@时间窗 W001,泵压特征,"施工泵压变化 起21.49→止36.3，变化14.81，均值31.2426，范围[21.49, 36.3]",E00155,E00156,fluid_usage:红页L1HF:14:1:0.12%减阻水,pressure_feature:红页L1HF:14:1
350,0.12%减阻水@时间窗 W001,排量特征,"排量变化 起0.3→止1.99，变化1.69，均值1.6963，范围[0.3, 1.99]",E00155,E00157,fluid_usage:红页L1HF:14:1:0.12%减阻水,flow_feature:红页L1HF:14:1
351,0.12%减阻水@时间窗 W001,砂比特征,砂比变化：0,E00155,E00158,fluid_usage:红页L1HF:14:1:0.12%减阻水,sand_feature:红页L1HF:14:1
352,时间窗 W001,施工特征,"施工泵压变化 起21.49→止36.3，变化14.81，均值31.2426，范围[21.49, 36.3]",E00154,E00156,time_window:红页L1HF:14:1,pressure_feature:红页L1HF:14:1
353,时间窗 W001,施工特征,"排量变化 起0.3→止1.99，变化1.69，均值1.6963，范围[0.3, 1.99]",E00154,E00157,time_window:红页L1HF:14:1,flow_feature:红页L1HF:14:1
354,时间窗 W001,砂比特征,砂比变化：0,E00154,E00158,time_window:红页L1HF:14:1,sand_feature:红页L1HF:14:1
355,段 14,包含时间窗,时间窗 W002,E00153,E00159,segment:红页L1HF:14,time_window:红页L1HF:14:2
356,时间窗 W002,采用液型,15%HCl@时间窗 W002,E00159,E00160,time_window:红页L1HF:14:2,fluid_usage:红页L1HF:14:2:15%HCl
357,15%HCl@时间窗 W002,液型类别,液型 15%HCl,E00160,E00016,fluid_usage:红页L1HF:14:2:15%HCl,fluid_type:15%HCl
358,15%HCl@时间窗 W002,开始时间,2024-01-11 08:01:30,E00160,,fluid_usage:红页L1HF:14:2:15%HCl,
359,15%HCl@时间窗 W002,结束时间,2024-01-11 08:06:30,E00160,,fluid_usage:红页L1HF:14:2:15%HCl,
360,15%HCl@时间窗 W002,持续时间,5分钟,E00160,,fluid_usage:红页L1HF:14:2:15%HCl,
361,15%HCl@时间窗 W002,泵压特征,"施工泵压变化 起36.54→止39.83，变化3.29，均值38.7313，范围[36.54, 39.83]",E00160,E00161,fluid_usage:红页L1HF:14:2:15%HCl,pressure_feature:红页L1HF:14:2
362,15%HCl@时间窗 W002,排量特征,"排量变化 起1.99→止1.99，变化0，均值1.99，范围[1.99, 1.99]",E00160,E00162,fluid_usage:红页L1HF:14:2:15%HCl,flow_feature:红页L1HF:14:2
363,15%HCl@时间窗 W002,砂比特征,砂比变化：0,E00160,E00163,fluid_usage:红页L1HF:14:2:15%HCl,sand_feature:红页L1HF:14:2
364,时间窗 W002,施工特征,"施工泵压变化 起36.54→止39.83，变化3.29，均值38.7313，范围[36.54, 39.83]",E00159,E00161,time_window:红页L1HF:14:2,pressure_feature:红页L1HF:14:2
365,时间窗 W002,施工特征,"排量变化 起1.99→止1.99，变化0，均值1.99，范围[1.99, 1.99]",E00159,E00162,time_window:红页L1HF:14:2,flow_feature:红页L1HF:14:2
366,时间窗 W002,砂比特征,砂比变化：0,E00159,E00163,time_window:红页L1HF:14:2,sand_feature:红页L1HF:14:2
367,段 14,包含时间窗,时间窗 W003,E00153,E00164,segment:红页L1HF:14,time_window:红页L1HF:14:3
368,时间窗 W003,采用液型,0.25%减阻水@时间窗 W003,E00164,E00165,time_window:红页L1HF:14:3,fluid_usage:红页L1HF:14:3:0.25%减阻水
369,0.25%减阻水@时间窗 W003,液型类别,液型 0.25%减阻水,E00165,E00022,fluid_usage:红页L1HF:14:3:0.25%减阻水,fluid_type:0.25%减阻水
370,0.25%减阻水@时间窗 W003,开始时间,2024-01-11 08:06:40,E00165,,fluid_usage:红页L1HF:14:3:0.25%减阻水,
371,0.25%减阻水@时间窗 W003,结束时间,2024-01-11 08:30:30,E00165,,fluid_usage:红页L1HF:14:3:0.25%减阻水,
372,0.25%减阻水@时间窗 W003,持续时间,23分钟50秒,E00165,,fluid_usage:红页L1HF:14:3:0.25%减阻水,
373,0.25%减阻水@时间窗 W003,泵压特征,"施工泵压变化 起39.83→止70.07，变化30.24，均值61.5465，范围[39.83, 91.81]",E00165,E00166,fluid_usage:红页L1HF:14:3:0.25%减阻水,pressure_feature:红页L1HF:14:3
374,0.25%减阻水@时间窗 W003,排量特征,"排量变化 起1.99→止24.05，变化22.06，均值10.744，范围[1.99, 24.05]",E00165,E00167,fluid_usage:红页L1HF:14:3:0.25%减阻水,flow_feature:红页L1HF:14:3
375,0.25%减阻水@时间窗 W003,砂比特征,"砂比变化 起1.4→止5.1，变化3.7，均值4.125，范围[1.4, 5.4]",E00165,E00168,fluid_usage:红页L1HF:14:3:0.25%减阻水,sand_feature:红页L1HF:14:3
376,时间窗 W003,施工特征,"施工泵压变化 起39.83→止70.07，变化30.24，均值61.5465，范围[39.83, 91.81]",E00164,E00166,time_window:红页L1HF:14:3,pressure_feature:红页L1HF:14:3
377,时间窗 W003,施工特征,"排量变化 起1.99→止24.05，变化22.06，均值10.744，范围[1.99, 24.05]",E00164,E00167,time_window:红页L1HF:14:3,flow_feature:红页L1HF:14:3
378,时间窗 W003,砂比特征,"砂比变化 起1.4→止5.1，变化3.7，均值4.125，范围[1.4, 5.4]",E00164,E00168,time_window:红页L1HF:14:3,sand_feature:红页L1HF:14:3
379,段 14,包含时间窗,时间窗 W004,E00153,E00169,segment:红页L1HF:14,time_window:红页L1HF:14:4
380,时间窗 W004,采用液型,0.12%减阻水@时间窗 W004,E00169,E00170,time_window:红页L1HF:14:4,fluid_usage:红页L1HF:14:4:0.12%减阻水
381,0.12%减阻水@时间窗 W004,液型类别,液型 0.12%减阻水,E00170,E00010,fluid_usage:红页L1HF:14:4:0.12%减阻水,fluid_type:0.12%减阻水
382,0.12%减阻水@时间窗 W004,开始时间,2024-01-11 08:30:40,E00170,,fluid_usage:红页L1HF:14:4:0.12%减阻水,
383,0.12%减阻水@时间窗 W004,结束时间,2024-01-11 10:26:10,E00170,,fluid_usage:红页L1HF:14:4:0.12%减阻水,
384,0.12%减阻水@时间窗 W004,持续时间,1小时55分钟30秒,E00170,,fluid_usage:红页L1HF:14:4:0.12%减阻水,
385,0.12%减阻水@时间窗 W004,泵压特征,"施工泵压变化 起70.32→止80.34，变化10.02，均值77.9778，范围[67.01, 86.47]",E00170,E00171,fluid_usage:红页L1HF:14:4:0.12%减阻水,pressure_feature:红页L1HF:14:4
386,0.12%减阻水@时间窗 W004,排量特征,"排量变化 起24.05→止24.04，变化-0.01，均值23.9793，范围[19.87, 24.06]",E00170,E00172,fluid_usage:红页L1HF:14:4:0.12%减阻水,flow_feature:红页L1HF:14:4
387,0.12%减阻水@时间窗 W004,砂比特征,"砂比变化 起5.1→止13，变化7.9，均值9.4339，范围[0.1, 13]",E00170,E00173,fluid_usage:红页L1HF:14:4:0.12%减阻水,sand_feature:红页L1HF:14:4
388,时间窗 W004,施工特征,"施工泵压变化 起70.32→止80.34，变化10.02，均值77.9778，范围[67.01, 86.47]",E00169,E00171,time_window:红页L1HF:14:4,pressure_feature:红页L1HF:14:4
389,时间窗 W004,施工特征,"排量变化 起24.05→止24.04，变化-0.01，均值23.9793，范围[19.87, 24.06]",E00169,E00172,time_window:红页L1HF:14:4,flow_feature:红页L1HF:14:4
390,时间窗 W004,砂比特征,"砂比变化 起5.1→止13，变化7.9，均值9.4339，范围[0.1, 13]",E00169,E00173,time_window:红页L1HF:14:4,sand_feature:红页L1HF:14:4
391,段 14,包含时间窗,时间窗 W005,E00153,E00174,segment:红页L1HF:14,time_window:红页L1HF:14:5
392,时间窗 W005,采用液型,0.25%减阻水@时间窗 W005,E00174,E00175,time_window:红页L1HF:14:5,fluid_usage:红页L1HF:14:5:0.25%减阻水
393,0.25%减阻水@时间窗 W005,液型类别,液型 0.25%减阻水,E00175,E00022,fluid_usage:红页L1HF:14:5:0.25%减阻水,fluid_type:0.25%减阻水
394,0.25%减阻水@时间窗 W005,开始时间,2024-01-11 10:26:20,E00175,,fluid_usage:红页L1HF:14:5:0.25%减阻水,
395,0.25%减阻水@时间窗 W005,结束时间,2024-01-11 10:27:00,E00175,,fluid_usage:红页L1HF:14:5:0.25%减阻水,
396,0.25%减阻水@时间窗 W005,持续时间,40秒,E00175,,fluid_usage:红页L1HF:14:5:0.25%减阻水,
397,0.25%减阻水@时间窗 W005,泵压特征,"施工泵压变化 起80.33→止80.04，变化-0.29，均值80.186，范围[80.04, 80.33]",E00175,E00176,fluid_usage:红页L1HF:14:5:0.25%减阻水,pressure_feature:红页L1HF:14:5
398,0.25%减阻水@时间窗 W005,排量特征,"排量变化 起24.04→止24.04，变化0，均值24.04，范围[24.04, 24.04]",E00175,E00177,fluid_usage:红页L1HF:14:5:0.25%减阻水,flow_feature:红页L1HF:14:5
399,0.25%减阻水@时间窗 W005,砂比特征,"砂比变化 起13→止13，变化0，均值13，范围[13, 13]",E00175,E00178,fluid_usage:红页L1HF:14:5:0.25%减阻水,sand_feature:红页L1HF:14:5
400,时间窗 W005,施工特征,"施工泵压变化 起80.33→止80.04，变化-0.29，均值80.186，范围[80.04, 80.33]",E00174,E00176,time_window:红页L1HF:14:5,pressure_feature:红页L1HF:14:5
401,时间窗 W005,施工特征,"排量变化 起24.04→止24.04，变化0，均值24.04，范围[24.04, 24.04]",E00174,E00177,time_window:红页L1HF:14:5,flow_feature:红页L1HF:14:5
402,时间窗 W005,砂比特征,"砂比变化 起13→止13，变化0，均值13，范围[13, 13]",E00174,E00178,time_window:红页L1HF:14:5,sand_feature:红页L1HF:14:5
403,段 14,包含时间窗,时间窗 W006,E00153,E00179,segment:红页L1HF:14,time_window:红页L1HF:14:6
404,时间窗 W006,采用液型,0.12%减阻水@时间窗 W006,E00179,E00180,time_window:红页L1HF:14:6,fluid_usage:红页L1HF:14:6:0.12%减阻水
405,0.12%减阻水@时间窗 W006,液型类别,液型 0.12%减阻水,E00180,E00010,fluid_usage:红页L1HF:14:6:0.12%减阻水,fluid_type:0.12%减阻水
406,0.12%减阻水@时间窗 W006,开始时间,2024-01-11 10:27:20,E00180,,fluid_usage:红页L1HF:14:6:0.12%减阻水,
407,0.12%减阻水@时间窗 W006,结束时间,2024-01-11 11:01:40,E00180,,fluid_usage:红页L1HF:14:6:0.12%减阻水,
408,0.12%减阻水@时间窗 W006,持续时间,34分钟20秒,E00180,,fluid_usage:红页L1HF:14:6:0.12%减阻水,
409,0.12%减阻水@时间窗 W006,泵压特征,"施工泵压变化 起80→止0.56，变化-79.44，均值43.5917，范围[0.56, 80.08]",E00180,E00181,fluid_usage:红页L1HF:14:6:0.12%减阻水,pressure_feature:红页L1HF:14:6
410,0.12%减阻水@时间窗 W006,排量特征,"排量变化 起24.04→止0，变化-24.04，均值2.2208，范围[0, 24.04]",E00180,E00182,fluid_usage:红页L1HF:14:6:0.12%减阻水,flow_feature:红页L1HF:14:6
411,0.12%减阻水@时间窗 W006,砂比特征,砂比变化：0,E00180,E00183,fluid_usage:红页L1HF:14:6:0.12%减阻水,sand_feature:红页L1HF:14:6
412,时间窗 W006,施工特征,"施工泵压变化 起80→止0.56，变化-79.44，均值43.5917，范围[0.56, 80.08]",E00179,E00181,time_window:红页L1HF:14:6,pressure_feature:红页L1HF:14:6
413,时间窗 W006,施工特征,"排量变化 起24.04→止0，变化-24.04，均值2.2208，范围[0, 24.04]",E00179,E00182,time_window:红页L1HF:14:6,flow_feature:红页L1HF:14:6
414,时间窗 W006,砂比特征,砂比变化：0,E00179,E00183,time_window:红页L1HF:14:6,sand_feature:红页L1HF:14:6
415,井 红页L1HF,包含段,段 15,E00001,E00184,well:红页L1HF,segment:红页L1HF:15
416,段 15,包含时间窗,时间窗 W001,E00184,E00185,segment:红页L1HF:15,time_window:红页L1HF:15:1
417,时间窗 W001,采用液型,0.12%减阻水@时间窗 W001,E00185,E00186,time_window:红页L1HF:15:1,fluid_usage:红页L1HF:15:1:0.12%减阻水
418,0.12%减阻水@时间窗 W001,液型类别,液型 0.12%减阻水,E00186,E00010,fluid_usage:红页L1HF:15:1:0.12%减阻水,fluid_type:0.12%减阻水
419,0.12%减阻水@时间窗 W001,开始时间,2024-01-11 14:29:50,E00186,,fluid_usage:红页L1HF:15:1:0.12%减阻水,
420,0.12%减阻水@时间窗 W001,结束时间,2024-01-11 14:32:40,E00186,,fluid_usage:红页L1HF:15:1:0.12%减阻水,
421,0.12%减阻水@时间窗 W001,持续时间,2分钟50秒,E00186,,fluid_usage:红页L1HF:15:1:0.12%减阻水,
422,0.12%减阻水@时间窗 W001,泵压特征,"施工泵压变化 起6.71→止38.12，变化31.41，均值32.0825，范围[6.71, 38.12]",E00186,E00187,fluid_usage:红页L1HF:15:1:0.12%减阻水,pressure_feature:红页L1HF:15:1
423,0.12%减阻水@时间窗 W001,排量特征,"排量变化 起0.13→止2，变化1.87，均值1.6838，范围[0.13, 2.06]",E00186,E00188,fluid_usage:红页L1HF:15:1:0.12%减阻水,flow_feature:红页L1HF:15:1
424,0.12%减阻水@时间窗 W001,砂比特征,砂比变化：0,E00186,E00189,fluid_usage:红页L1HF:15:1:0.12%减阻水,sand_feature:红页L1HF:15:1
425,时间窗 W001,施工特征,"施工泵压变化 起6.71→止38.12，变化31.41，均值32.0825，范围[6.71, 38.12]",E00185,E00187,time_window:红页L1HF:15:1,pressure_feature:红页L1HF:15:1
426,时间窗 W001,施工特征,"排量变化 起0.13→止2，变化1.87，均值1.6838，范围[0.13, 2.06]",E00185,E00188,time_window:红页L1HF:15:1,flow_feature:红页L1HF:15:1
427,时间窗 W001,砂比特征,砂比变化：0,E00185,E00189,time_window:红页L1HF:15:1,sand_feature:红页L1HF:15:1
428,段 15,包含时间窗,时间窗 W002,E00184,E00190,segment:红页L1HF:15,time_window:红页L1HF:15:2
429,时间窗 W002,采用液型,15%HCl@时间窗 W002,E00190,E00191,time_window:红页L1HF:15:2,fluid_usage:红页L1HF:15:2:15%HCl
430,15%HCl@时间窗 W002,液型类别,液型 15%HCl,E00191,E00016,fluid_usage:红页L1HF:15:2:15%HCl,fluid_type:15%HCl
431,15%HCl@时间窗 W002,开始时间,2024-01-11 14:32:50,E00191,,fluid_usage:红页L1HF:15:2:15%HCl,
432,15%HCl@时间窗 W002,结束时间,2024-01-11 14:37:50,E00191,,fluid_usage:红页L1HF:15:2:15%HCl,
433,15%HCl@时间窗 W002,持续时间,5分钟,E00191,,fluid_usage:红页L1HF:15:2:15%HCl,
434,15%HCl@时间窗 W002,泵压特征,"施工泵压变化 起38.37→止41.39，变化3.02，均值40.2252，范围[38.37, 41.39]",E00191,E00192,fluid_usage:红页L1HF:15:2:15%HCl,pressure_feature:红页L1HF:15:2
435,15%HCl@时间窗 W002,排量特征,"排量变化 起2→止2，变化0，均值2，范围[2, 2]",E00191,E00193,fluid_usage:红页L1HF:15:2:15%HCl,flow_feature:红页L1HF:15:2
436,15%HCl@时间窗 W002,砂比特征,砂比变化：0,E00191,E00194,fluid_usage:红页L1HF:15:2:15%HCl,sand_feature:红页L1HF:15:2
437,时间窗 W002,施工特征,"施工泵压变化 起38.37→止41.39，变化3.02，均值40.2252，范围[38.37, 41.39]",E00190,E00192,time_window:红页L1HF:15:2,pressure_feature:红页L1HF:15:2
438,时间窗 W002,施工特征,"排量变化 起2→止2，变化0，均值2，范围[2, 2]",E00190,E00193,time_window:红页L1HF:15:2,flow_feature:红页L1HF:15:2
439,时间窗 W002,砂比特征,砂比变化：0,E00190,E00194,time_window:红页L1HF:15:2,sand_feature:红页L1HF:15:2
440,段 15,包含时间窗,时间窗 W003,E00184,E00195,segment:红页L1HF:15,time_window:红页L1HF:15:3
441,时间窗 W003,采用液型,0.25%减阻水@时间窗 W003,E00195,E00196,time_window:红页L1HF:15:3,fluid_usage:红页L1HF:15:3:0.25%减阻水
442,0.25%减阻水@时间窗 W003,液型类别,液型 0.25%减阻水,E00196,E00022,fluid_usage:红页L1HF:15:3:0.25%减阻水,fluid_type:0.25%减阻水
443,0.25%减阻水@时间窗 W003,开始时间,2024-01-11 14:38:00,E00196,,fluid_usage:红页L1HF:15:3:0.25%减阻水,
444,0.25%减阻水@时间窗 W003,结束时间,2024-01-11 15:02:20,E00196,,fluid_usage:红页L1HF:15:3:0.25%减阻水,
445,0.25%减阻水@时间窗 W003,持续时间,24分钟20秒,E00196,,fluid_usage:红页L1HF:15:3:0.25%减阻水,
446,0.25%减阻水@时间窗 W003,泵压特征,"施工泵压变化 起41.49→止74.54，变化33.05，均值66.3958，范围[41.49, 90.89]",E00196,E00197,fluid_usage:红页L1HF:15:3:0.25%减阻水,pressure_feature:红页L1HF:15:3
447,0.25%减阻水@时间窗 W003,排量特征,"排量变化 起2→止24.05，变化22.05，均值10.6773，范围[2, 24.05]",E00196,E00198,fluid_usage:红页L1HF:15:3:0.25%减阻水,flow_feature:红页L1HF:15:3
448,0.25%减阻水@时间窗 W003,砂比特征,砂比变化：0,E00196,E00199,fluid_usage:红页L1HF:15:3:0.25%减阻水,sand_feature:红页L1HF:15:3
449,时间窗 W003,施工特征,"施工泵压变化 起41.49→止74.54，变化33.05，均值66.3958，范围[41.49, 90.89]",E00195,E00197,time_window:红页L1HF:15:3,pressure_feature:红页L1HF:15:3
450,时间窗 W003,施工特征,"排量变化 起2→止24.05，变化22.05，均值10.6773，范围[2, 24.05]",E00195,E00198,time_window:红页L1HF:15:3,flow_feature:红页L1HF:15:3
451,时间窗 W003,砂比特征,砂比变化：0,E00195,E00199,time_window:红页L1HF:15:3,sand_feature:红页L1HF:15:3
452,段 15,包含时间窗,时间窗 W004,E00184,E00200,segment:红页L1HF:15,time_window:红页L1HF:15:4
453,时间窗 W004,采用液型,0.12%减阻水@时间窗 W004,E00200,E00201,time_window:红页L1HF:15:4,fluid_usage:红页L1HF:15:4:0.12%减阻水
454,0.12%减阻水@时间窗 W004,液型类别,液型 0.12%减阻水,E00201,E00010,fluid_usage:红页L1HF:15:4:0.12%减阻水,fluid_type:0.12%减阻水
455,0.12%减阻水@时间窗 W004,开始时间,2024-01-11 15:02:30,E00201,,fluid_usage:红页L1HF:15:4:0.12%减阻水,
456,0.12%减阻水@时间窗 W004,结束时间,2024-01-11 17:07:20,E00201,,fluid_usage:红页L1HF:15:4:0.12%减阻水,
457,0.12%减阻水@时间窗 W004,持续时间,2小时4分钟50秒,E00201,,fluid_usage:红页L1HF:15:4:0.12%减阻水,
458,0.12%减阻水@时间窗 W004,泵压特征,"施工泵压变化 起74.62→止86.16，变化11.54，均值82.5118，范围[68.97, 91.24]",E00201,E00202,fluid_usage:红页L1HF:15:4:0.12%减阻水,pressure_feature:红页L1HF:15:4
459,0.12%减阻水@时间窗 W004,排量特征,"排量变化 起24.05→止22.16，变化-1.89，均值22.5968，范围[16.9, 24.06]",E00201,E00203,fluid_usage:红页L1HF:15:4:0.12%减阻水,flow_feature:红页L1HF:15:4
460,0.12%减阻水@时间窗 W004,砂比特征,"砂比变化 起1→止12，变化11，均值9.1974，范围[0.1, 13]",E00201,E00204,fluid_usage:红页L1HF:15:4:0.12%减阻水,sand_feature:红页L1HF:15:4
461,时间窗 W004,施工特征,"施工泵压变化 起74.62→止86.16，变化11.54，均值82.5118，范围[68.97, 91.24]",E00200,E00202,time_window:红页L1HF:15:4,pressure_feature:红页L1HF:15:4
462,时间窗 W004,施工特征,"排量变化 起24.05→止22.16，变化-1.89，均值22.5968，范围[16.9, 24.06]",E00200,E00203,time_window:红页L1HF:15:4,flow_feature:红页L1HF:15:4
463,时间窗 W004,砂比特征,"砂比变化 起1→止12，变化11，均值9.1974，范围[0.1, 13]",E00200,E00204,time_window:红页L1HF:15:4,sand_feature:红页L1HF:15:4
464,段 15,包含时间窗,时间窗 W005,E00184,E00205,segment:红页L1HF:15,time_window:红页L1HF:15:5
465,时间窗 W005,采用液型,0.25%减阻水@时间窗 W005,E00205,E00206,time_window:红页L1HF:15:5,fluid_usage:红页L1HF:15:5:0.25%减阻水
466,0.25%减阻水@时间窗 W005,液型类别,液型 0.25%减阻水,E00206,E00022,fluid_usage:红页L1HF:15:5:0.25%减阻水,fluid_type:0.25%减阻水
467,0.25%减阻水@时间窗 W005,开始时间,2024-01-11 17:07:30,E00206,,fluid_usage:红页L1HF:15:5:0.25%减阻水,
468,0.25%减阻水@时间窗 W005,结束时间,2024-01-11 17:12:00,E00206,,fluid_usage:红页L1HF:15:5:0.25%减阻水,
469,0.25%减阻水@时间窗 W005,持续时间,4分钟30秒,E00206,,fluid_usage:红页L1HF:15:5:0.25%减阻水,
470,0.25%减阻水@时间窗 W005,泵压特征,"施工泵压变化 起86.17→止86，变化-0.17，均值86.11，范围[85.96, 86.3]",E00206,E00207,fluid_usage:红页L1HF:15:5:0.25%减阻水,pressure_feature:红页L1HF:15:5
471,0.25%减阻水@时间窗 W005,排量特征,"排量变化 起22.16→止22.16，变化0，均值22.16，范围[22.16, 22.16]",E00206,E00208,fluid_usage:红页L1HF:15:5:0.25%减阻水,flow_feature:红页L1HF:15:5
472,0.25%减阻水@时间窗 W005,砂比特征,"砂比变化 起12→止0.3，变化-11.7，均值11.3182，范围[0.3, 12]",E00206,E00209,fluid_usage:红页L1HF:15:5:0.25%减阻水,sand_feature:红页L1HF:15:5
473,时间窗 W005,施工特征,"施工泵压变化 起86.17→止86，变化-0.17，均值86.11，范围[85.96, 86.3]",E00205,E00207,time_window:红页L1HF:15:5,pressure_feature:红页L1HF:15:5
474,时间窗 W005,施工特征,"排量变化 起22.16→止22.16，变化0，均值22.16，范围[22.16, 22.16]",E00205,E00208,time_window:红页L1HF:15:5,flow_feature:红页L1HF:15:5
475,时间窗 W005,砂比特征,"砂比变化 起12→止0.3，变化-11.7，均值11.3182，范围[0.3, 12]",E00205,E00209,time_window:红页L1HF:15:5,sand_feature:红页L1HF:15:5
476,段 15,包含时间窗,时间窗 W006,E00184,E00210,segment:红页L1HF:15,time_window:红页L1HF:15:6
477,时间窗 W006,采用液型,0.12%减阻水@时间窗 W006,E00210,E00211,time_window:红页L1HF:15:6,fluid_usage:红页L1HF:15:6:0.12%减阻水
478,0.12%减阻水@时间窗 W006,液型类别,液型 0.12%减阻水,E00211,E00010,fluid_usage:红页L1HF:15:6:0.12%减阻水,fluid_type:0.12%减阻水
479,0.12%减阻水@时间窗 W006,开始时间,2024-01-11 17:12:10,E00211,,fluid_usage:红页L1HF:15:6:0.12%减阻水,
480,0.12%减阻水@时间窗 W006,结束时间,2024-01-11 17:47:30,E00211,,fluid_usage:红页L1HF:15:6:0.12%减阻水,
481,0.12%减阻水@时间窗 W006,持续时间,35分钟20秒,E00211,,fluid_usage:红页L1HF:15:6:0.12%减阻水,
482,0.12%减阻水@时间窗 W006,泵压特征,"施工泵压变化 起85.94→止0，变化-85.94，均值40.838，范围[0, 85.94]",E00211,E00212,fluid_usage:红页L1HF:15:6:0.12%减阻水,pressure_feature:红页L1HF:15:6
483,0.12%减阻水@时间窗 W006,排量特征,"排量变化 起22.16→止0，变化-22.16，均值1.7545，范围[0, 22.16]",E00211,E00213,fluid_usage:红页L1HF:15:6:0.12%减阻水,flow_feature:红页L1HF:15:6
484,0.12%减阻水@时间窗 W006,砂比特征,砂比变化：0,E00211,E00214,fluid_usage:红页L1HF:15:6:0.12%减阻水,sand_feature:红页L1HF:15:6
485,时间窗 W006,施工特征,"施工泵压变化 起85.94→止0，变化-85.94，均值40.838，范围[0, 85.94]",E00210,E00212,time_window:红页L1HF:15:6,pressure_feature:红页L1HF:15:6
486,时间窗 W006,施工特征,"排量变化 起22.16→止0，变化-22.16，均值1.7545，范围[0, 22.16]",E00210,E00213,time_window:红页L1HF:15:6,flow_feature:红页L1HF:15:6
487,时间窗 W006,砂比特征,砂比变化：0,E00210,E00214,time_window:红页L1HF:15:6,sand_feature:红页L1HF:15:6
488,井 红页L1HF,包含段,段 16,E00001,E00215,well:红页L1HF,segment:红页L1HF:16
489,段 16,包含时间窗,时间窗 W001,E00215,E00216,segment:红页L1HF:16,time_window:红页L1HF:16:1
490,时间窗 W001,采用液型,未标注液型@时间窗 W001,E00216,E00217,time_window:红页L1HF:16:1,fluid_usage:红页L1HF:16:1:未标注液型
491,未标注液型@时间窗 W001,液型类别,液型 未标注液型,E00217,E00004,fluid_usage:红页L1HF:16:1:未标注液型,fluid_type:未标注液型
492,未标注液型@时间窗 W001,开始时间,2024-01-12 08:03:30,E00217,,fluid_usage:红页L1HF:16:1:未标注液型,
493,未标注液型@时间窗 W001,结束时间,2024-01-12 08:03:40,E00217,,fluid_usage:红页L1HF:16:1:未标注液型,
494,未标注液型@时间窗 W001,持续时间,10秒,E00217,,fluid_usage:红页L1HF:16:1:未标注液型,
495,未标注液型@时间窗 W001,泵压特征,"施工泵压变化 起5.33→止20.12，变化14.79，均值12.725，范围[5.33, 20.12]",E00217,E00218,fluid_usage:红页L1HF:16:1:未标注液型,pressure_feature:红页L1HF:16:1
496,未标注液型@时间窗 W001,排量特征,"排量变化 起0→止0，变化0，均值0，范围[0, 0]",E00217,E00219,fluid_usage:红页L1HF:16:1:未标注液型,flow_feature:红页L1HF:16:1
497,未标注液型@时间窗 W001,砂比特征,砂比变化：0,E00217,E00220,fluid_usage:红页L1HF:16:1:未标注液型,sand_feature:红页L1HF:16:1
498,时间窗 W001,施工特征,"施工泵压变化 起5.33→止20.12，变化14.79，均值12.725，范围[5.33, 20.12]",E00216,E00218,time_window:红页L1HF:16:1,pressure_feature:红页L1HF:16:1
499,时间窗 W001,施工特征,"排量变化 起0→止0，变化0，均值0，范围[0, 0]",E00216,E00219,time_window:红页L1HF:16:1,flow_feature:红页L1HF:16:1
500,时间窗 W001,砂比特征,砂比变化：0,E00216,E00220,time_window:红页L1HF:16:1,sand_feature:红页L1HF:16:1
501,段 16,包含时间窗,时间窗 W002,E00215,E00221,segment:红页L1HF:16,time_window:红页L1HF:16:2
502,时间窗 W002,采用液型,0.12%减阻水@时间窗 W002,E00221,E00222,time_window:红页L1HF:16:2,fluid_usage:红页L1HF:16:2:0.12%减阻水
503,0.12%减阻水@时间窗 W002,液型类别,液型 0.12%减阻水,E00222,E00010,fluid_usage:红页L1HF:16:2:0.12%减阻水,fluid_type:0.12%减阻水
504,0.12%减阻水@时间窗 W002,开始时间,2024-01-12 08:03:50,E00222,,fluid_usage:红页L1HF:16:2:0.12%减阻水,
505,0.12%减阻水@时间窗 W002,结束时间,2024-01-12 08:06:50,E00222,,fluid_usage:红页L1HF:16:2:0.12%减阻水,
506,0.12%减阻水@时间窗 W002,持续时间,3分钟,E00222,,fluid_usage:红页L1HF:16:2:0.12%减阻水,
507,0.12%减阻水@时间窗 W002,泵压特征,"施工泵压变化 起21.84→止46.12，变化24.28，均值36.9526，范围[21.84, 46.12]",E00222,E00223,fluid_usage:红页L1HF:16:2:0.12%减阻水,pressure_feature:红页L1HF:16:2
508,0.12%减阻水@时间窗 W002,排量特征,"排量变化 起0.35→止2，变化1.65，均值1.5916，范围[0.35, 2]",E00222,E00224,fluid_usage:红页L1HF:16:2:0.12%减阻水,flow_feature:红页L1HF:16:2
509,0.12%减阻水@时间窗 W002,砂比特征,砂比变化：0,E00222,E00225,fluid_usage:红页L1HF:16:2:0.12%减阻水,sand_feature:红页L1HF:16:2
510,时间窗 W002,施工特征,"施工泵压变化 起21.84→止46.12，变化24.28，均值36.9526，范围[21.84, 46.12]",E00221,E00223,time_window:红页L1HF:16:2,pressure_feature:红页L1HF:16:2
511,时间窗 W002,施工特征,"排量变化 起0.35→止2，变化1.65，均值1.5916，范围[0.35, 2]",E00221,E00224,time_window:红页L1HF:16:2,flow_feature:红页L1HF:16:2
512,时间窗 W002,砂比特征,砂比变化：0,E00221,E00225,time_window:红页L1HF:16:2,sand_feature:红页L1HF:16:2
513,段 16,包含时间窗,时间窗 W003,E00215,E00226,segment:红页L1HF:16,time_window:红页L1HF:16:3
514,时间窗 W003,采用液型,15%HCl@时间窗 W003,E00226,E00227,time_window:红页L1HF:16:3,fluid_usage:红页L1HF:16:3:15%HCl
515,15%HCl@时间窗 W003,液型类别,液型 15%HCl,E00227,E00016,fluid_usage:红页L1HF:16:3:15%HCl,fluid_type:15%HCl
516,15%HCl@时间窗 W003,开始时间,2024-01-12 08:07:00,E00227,,fluid_usage:红页L1HF:16:3:15%HCl,
517,15%HCl@时间窗 W003,结束时间,2024-01-12 08:11:50,E00227,,fluid_usage:红页L1HF:16:3:15%HCl,
518,15%HCl@时间窗 W003,持续时间,4分钟50秒,E00227,,fluid_usage:红页L1HF:16:3:15%HCl,
519,15%HCl@时间窗 W003,泵压特征,"施工泵压变化 起46.36→止47.78，变化1.42，均值47.5897，范围[46.36, 47.83]",E00227,E00228,fluid_usage:红页L1HF:16:3:15%HCl,pressure_feature:红页L1HF:16:3
520,15%HCl@时间窗 W003,排量特征,"排量变化 起2→止2，变化0，均值2，范围[2, 2]",E00227,E00229,fluid_usage:红页L1HF:16:3:15%HCl,flow_feature:红页L1HF:16:3
521,15%HCl@时间窗 W003,砂比特征,砂比变化：0,E00227,E00230,fluid_usage:红页L1HF:16:3:15%HCl,sand_feature:红页L1HF:16:3
522,时间窗 W003,施工特征,"施工泵压变化 起46.36→止47.78，变化1.42，均值47.5897，范围[46.36, 47.83]",E00226,E00228,time_window:红页L1HF:16:3,pressure_feature:红页L1HF:16:3
523,时间窗 W003,施工特征,"排量变化 起2→止2，变化0，均值2，范围[2, 2]",E00226,E00229,time_window:红页L1HF:16:3,flow_feature:红页L1HF:16:3
524,时间窗 W003,砂比特征,砂比变化：0,E00226,E00230,time_window:红页L1HF:16:3,sand_feature:红页L1HF:16:3
525,段 16,包含时间窗,时间窗 W004,E00215,E00231,segment:红页L1HF:16,time_window:红页L1HF:16:4
526,时间窗 W004,采用液型,0.25%减阻水@时间窗 W004,E00231,E00232,time_window:红页L1HF:16:4,fluid_usage:红页L1HF:16:4:0.25%减阻水
527,0.25%减阻水@时间窗 W004,液型类别,液型 0.25%减阻水,E00232,E00022,fluid_usage:红页L1HF:16:4:0.25%减阻水,fluid_type:0.25%减阻水
528,0.25%减阻水@时间窗 W004,开始时间,2024-01-12 08:12:00,E00232,,fluid_usage:红页L1HF:16:4:0.25%减阻水,
529,0.25%减阻水@时间窗 W004,结束时间,2024-01-12 08:12:00,E00232,,fluid_usage:红页L1HF:16:4:0.25%减阻水,
530,0.25%减阻水@时间窗 W004,持续时间,0秒,E00232,,fluid_usage:红页L1HF:16:4:0.25%减阻水,
531,0.25%减阻水@时间窗 W004,泵压特征,"施工泵压变化 起47.83→止47.83，变化0，均值47.83，范围[47.83, 47.83]",E00232,E00233,fluid_usage:红页L1HF:16:4:0.25%减阻水,pressure_feature:红页L1HF:16:4
532,0.25%减阻水@时间窗 W004,排量特征,"排量变化 起2→止2，变化0，均值2，范围[2, 2]",E00232,E00234,fluid_usage:红页L1HF:16:4:0.25%减阻水,flow_feature:红页L1HF:16:4
533,0.25%减阻水@时间窗 W004,砂比特征,砂比变化：0,E00232,E00235,fluid_usage:红页L1HF:16:4:0.25%减阻水,sand_feature:红页L1HF:16:4
534,时间窗 W004,施工特征,"施工泵压变化 起47.83→止47.83，变化0，均值47.83，范围[47.83, 47.83]",E00231,E00233,time_window:红页L1HF:16:4,pressure_feature:红页L1HF:16:4
535,时间窗 W004,施工特征,"排量变化 起2→止2，变化0，均值2，范围[2, 2]",E00231,E00234,time_window:红页L1HF:16:4,flow_feature:红页L1HF:16:4
536,时间窗 W004,砂比特征,砂比变化：0,E00231,E00235,time_window:红页L1HF:16:4,sand_feature:红页L1HF:16:4
537,段 16,包含时间窗,时间窗 W005,E00215,E00236,segment:红页L1HF:16,time_window:红页L1HF:16:5
538,时间窗 W005,采用液型,15%HCl@时间窗 W005,E00236,E00237,time_window:红页L1HF:16:5,fluid_usage:红页L1HF:16:5:15%HCl
539,15%HCl@时间窗 W005,液型类别,液型 15%HCl,E00237,E00016,fluid_usage:红页L1HF:16:5:15%HCl,fluid_type:15%HCl
540,15%HCl@时间窗 W005,开始时间,2024-01-12 08:12:01,E00237,,fluid_usage:红页L1HF:16:5:15%HCl,
541,15%HCl@时间窗 W005,结束时间,2024-01-12 08:12:01,E00237,,fluid_usage:红页L1HF:16:5:15%HCl,
542,15%HCl@时间窗 W005,持续时间,0秒,E00237,,fluid_usage:红页L1HF:16:5:15%HCl,
543,15%HCl@时间窗 W005,泵压特征,"施工泵压变化 起47.82→止47.82，变化0，均值47.82，范围[47.82, 47.82]",E00237,E00238,fluid_usage:红页L1HF:16:5:15%HCl,pressure_feature:红页L1HF:16:5
544,15%HCl@时间窗 W005,排量特征,"排量变化 起2→止2，变化0，均值2，范围[2, 2]",E00237,E00239,fluid_usage:红页L1HF:16:5:15%HCl,flow_feature:红页L1HF:16:5
545,15%HCl@时间窗 W005,砂比特征,砂比变化：0,E00237,E00240,fluid_usage:红页L1HF:16:5:15%HCl,sand_feature:红页L1HF:16:5
546,时间窗 W005,施工特征,"施工泵压变化 起47.82→止47.82，变化0，均值47.82，范围[47.82, 47.82]",E00236,E00238,time_window:红页L1HF:16:5,pressure_feature:红页L1HF:16:5
547,时间窗 W005,施工特征,"排量变化 起2→止2，变化0，均值2，范围[2, 2]",E00236,E00239,time_window:红页L1HF:16:5,flow_feature:红页L1HF:16:5
548,时间窗 W005,砂比特征,砂比变化：0,E00236,E00240,time_window:红页L1HF:16:5,sand_feature:红页L1HF:16:5
549,段 16,包含时间窗,时间窗 W006,E00215,E00241,segment:红页L1HF:16,time_window:红页L1HF:16:6
550,时间窗 W006,采用液型,0.25%减阻水@时间窗 W006,E00241,E00242,time_window:红页L1HF:16:6,fluid_usage:红页L1HF:16:6:0.25%减阻水
551,0.25%减阻水@时间窗 W006,液型类别,液型 0.25%减阻水,E00242,E00022,fluid_usage:红页L1HF:16:6:0.25%减阻水,fluid_type:0.25%减阻水
552,0.25%减阻水@时间窗 W006,开始时间,2024-01-12 08:12:10,E00242,,fluid_usage:红页L1HF:16:6:0.25%减阻水,
553,0.25%减阻水@时间窗 W006,结束时间,2024-01-12 08:36:00,E00242,,fluid_usage:红页L1HF:16:6:0.25%减阻水,
554,0.25%减阻水@时间窗 W006,持续时间,23分钟50秒,E00242,,fluid_usage:红页L1HF:16:6:0.25%减阻水,
555,0.25%减阻水@时间窗 W006,泵压特征,"施工泵压变化 起47.84→止71.51，变化23.67，均值66.7444，范围[47.84, 91.98]",E00242,E00243,fluid_usage:红页L1HF:16:6:0.25%减阻水,pressure_feature:红页L1HF:16:6
556,0.25%减阻水@时间窗 W006,排量特征,"排量变化 起2→止24.09，变化22.09，均值11.307，范围[2, 24.09]",E00242,E00244,fluid_usage:红页L1HF:16:6:0.25%减阻水,flow_feature:红页L1HF:16:6
557,0.25%减阻水@时间窗 W006,砂比特征,"砂比变化 起1.4→止5.1，变化3.7，均值4.34，范围[1.4, 5.4]",E00242,E00245,fluid_usage:红页L1HF:16:6:0.25%减阻水,sand_feature:红页L1HF:16:6
558,时间窗 W006,施工特征,"施工泵压变化 起47.84→止71.51，变化23.67，均值66.7444，范围[47.84, 91.98]",E00241,E00243,time_window:红页L1HF:16:6,pressure_feature:红页L1HF:16:6
559,时间窗 W006,施工特征,"排量变化 起2→止24.09，变化22.09，均值11.307，范围[2, 24.09]",E00241,E00244,time_window:红页L1HF:16:6,flow_feature:红页L1HF:16:6
560,时间窗 W006,砂比特征,"砂比变化 起1.4→止5.1，变化3.7，均值4.34，范围[1.4, 5.4]",E00241,E00245,time_window:红页L1HF:16:6,sand_feature:红页L1HF:16:6
561,段 16,包含时间窗,时间窗 W007,E00215,E00246,segment:红页L1HF:16,time_window:红页L1HF:16:7
562,时间窗 W007,采用液型,0.12%减阻水@时间窗 W007,E00246,E00247,time_window:红页L1HF:16:7,fluid_usage:红页L1HF:16:7:0.12%减阻水
563,0.12%减阻水@时间窗 W007,液型类别,液型 0.12%减阻水,E00247,E00010,fluid_usage:红页L1HF:16:7:0.12%减阻水,fluid_type:0.12%减阻水
564,0.12%减阻水@时间窗 W007,开始时间,2024-01-12 08:36:10,E00247,,fluid_usage:红页L1HF:16:7:0.12%减阻水,
565,0.12%减阻水@时间窗 W007,结束时间,2024-01-12 10:38:30,E00247,,fluid_usage:红页L1HF:16:7:0.12%减阻水,
566,0.12%减阻水@时间窗 W007,持续时间,2小时2分钟20秒,E00247,,fluid_usage:红页L1HF:16:7:0.12%减阻水,
567,0.12%减阻水@时间窗 W007,泵压特征,"施工泵压变化 起71.73→止87.67，变化15.94，均值82.1859，范围[63.03, 91.78]",E00247,E00248,fluid_usage:红页L1HF:16:7:0.12%减阻水,pressure_feature:红页L1HF:16:7
568,0.12%减阻水@时间窗 W007,排量特征,"排量变化 起24.09→止24.07，变化-0.02，均值23.6299，范围[18.17, 24.14]",E00247,E00249,fluid_usage:红页L1HF:16:7:0.12%减阻水,flow_feature:红页L1HF:16:7
569,0.12%减阻水@时间窗 W007,砂比特征,"砂比变化 起5.1→止14，变化8.9，均值9.7328，范围[0.2, 14]",E00247,E00250,fluid_usage:红页L1HF:16:7:0.12%减阻水,sand_feature:红页L1HF:16:7
570,时间窗 W007,施工特征,"施工泵压变化 起71.73→止87.67，变化15.94，均值82.1859，范围[63.03, 91.78]",E00246,E00248,time_window:红页L1HF:16:7,pressure_feature:红页L1HF:16:7
571,时间窗 W007,施工特征,"排量变化 起24.09→止24.07，变化-0.02，均值23.6299，范围[18.17, 24.14]",E00246,E00249,time_window:红页L1HF:16:7,flow_feature:红页L1HF:16:7
572,时间窗 W007,砂比特征,"砂比变化 起5.1→止14，变化8.9，均值9.7328，范围[0.2, 14]",E00246,E00250,time_window:红页L1HF:16:7,sand_feature:红页L1HF:16:7
573,段 16,包含时间窗,时间窗 W008,E00215,E00251,segment:红页L1HF:16,time_window:红页L1HF:16:8
574,时间窗 W008,采用液型,0.25%减阻水@时间窗 W008,E00251,E00252,time_window:红页L1HF:16:8,fluid_usage:红页L1HF:16:8:0.25%减阻水
575,0.25%减阻水@时间窗 W008,液型类别,液型 0.25%减阻水,E00252,E00022,fluid_usage:红页L1HF:16:8:0.25%减阻水,fluid_type:0.25%减阻水
576,0.25%减阻水@时间窗 W008,开始时间,2024-01-12 10:38:40,E00252,,fluid_usage:红页L1HF:16:8:0.25%减阻水,
577,0.25%减阻水@时间窗 W008,结束时间,2024-01-12 10:41:20,E00252,,fluid_usage:红页L1HF:16:8:0.25%减阻水,
578,0.25%减阻水@时间窗 W008,持续时间,2分钟40秒,E00252,,fluid_usage:红页L1HF:16:8:0.25%减阻水,
579,0.25%减阻水@时间窗 W008,泵压特征,"施工泵压变化 起87.58→止85.77，变化-1.81，均值86.78，范围[85.77, 87.6]",E00252,E00253,fluid_usage:红页L1HF:16:8:0.25%减阻水,pressure_feature:红页L1HF:16:8
580,0.25%减阻水@时间窗 W008,排量特征,"排量变化 起24.07→止24.07，变化0，均值24.07，范围[24.07, 24.07]",E00252,E00254,fluid_usage:红页L1HF:16:8:0.25%减阻水,flow_feature:红页L1HF:16:8
581,0.25%减阻水@时间窗 W008,砂比特征,"砂比变化 起14→止1.8，变化-12.2，均值12.9833，范围[1.8, 14]",E00252,E00255,fluid_usage:红页L1HF:16:8:0.25%减阻水,sand_feature:红页L1HF:16:8
582,时间窗 W008,施工特征,"施工泵压变化 起87.58→止85.77，变化-1.81，均值86.78，范围[85.77, 87.6]",E00251,E00253,time_window:红页L1HF:16:8,pressure_feature:红页L1HF:16:8
583,时间窗 W008,施工特征,"排量变化 起24.07→止24.07，变化0，均值24.07，范围[24.07, 24.07]",E00251,E00254,time_window:红页L1HF:16:8,flow_feature:红页L1HF:16:8
584,时间窗 W008,砂比特征,"砂比变化 起14→止1.8，变化-12.2，均值12.9833，范围[1.8, 14]",E00251,E00255,time_window:红页L1HF:16:8,sand_feature:红页L1HF:16:8
585,段 16,包含时间窗,时间窗 W009,E00215,E00256,segment:红页L1HF:16,time_window:红页L1HF:16:9
586,时间窗 W009,采用液型,0.12%减阻水@时间窗 W009,E00256,E00257,time_window:红页L1HF:16:9,fluid_usage:红页L1HF:16:9:0.12%减阻水
587,0.12%减阻水@时间窗 W009,液型类别,液型 0.12%减阻水,E00257,E00010,fluid_usage:红页L1HF:16:9:0.12%减阻水,fluid_type:0.12%减阻水
588,0.12%减阻水@时间窗 W009,开始时间,2024-01-12 10:41:40,E00257,,fluid_usage:红页L1HF:16:9:0.12%减阻水,
589,0.12%减阻水@时间窗 W009,结束时间,2024-01-12 11:14:30,E00257,,fluid_usage:红页L1HF:16:9:0.12%减阻水,
590,0.12%减阻水@时间窗 W009,持续时间,32分钟50秒,E00257,,fluid_usage:红页L1HF:16:9:0.12%减阻水,
591,0.12%减阻水@时间窗 W009,泵压特征,"施工泵压变化 起85.6→止0.76，变化-84.84，均值36.3602，范围[0.76, 85.6]",E00257,E00258,fluid_usage:红页L1HF:16:9:0.12%减阻水,pressure_feature:红页L1HF:16:9
592,0.12%减阻水@时间窗 W009,排量特征,"排量变化 起24.07→止0，变化-24.07，均值1.648，范围[0, 24.09]",E00257,E00259,fluid_usage:红页L1HF:16:9:0.12%减阻水,flow_feature:红页L1HF:16:9
593,0.12%减阻水@时间窗 W009,砂比特征,砂比变化：0,E00257,E00260,fluid_usage:红页L1HF:16:9:0.12%减阻水,sand_feature:红页L1HF:16:9
594,时间窗 W009,施工特征,"施工泵压变化 起85.6→止0.76，变化-84.84，均值36.3602，范围[0.76, 85.6]",E00256,E00258,time_window:红页L1HF:16:9,pressure_feature:红页L1HF:16:9
595,时间窗 W009,施工特征,"排量变化 起24.07→止0，变化-24.07，均值1.648，范围[0, 24.09]",E00256,E00259,time_window:红页L1HF:16:9,flow_feature:红页L1HF:16:9
596,时间窗 W009,砂比特征,砂比变化：0,E00256,E00260,time_window:红页L1HF:16:9,sand_feature:红页L1HF:16:9
597,井 红页L1HF,包含段,段 17,E00001,E00261,well:红页L1HF,segment:红页L1HF:17
598,段 17,包含时间窗,时间窗 W001,E00261,E00262,segment:红页L1HF:17,time_window:红页L1HF:17:1
599,时间窗 W001,采用液型,未标注液型@时间窗 W001,E00262,E00263,time_window:红页L1HF:17:1,fluid_usage:红页L1HF:17:1:未标注液型
600,未标注液型@时间窗 W001,液型类别,液型 未标注液型,E00263,E00004,fluid_usage:红页L1HF:17:1:未标注液型,fluid_type:未标注液型
601,未标注液型@时间窗 W001,开始时间,2024-01-12 14:47:30,E00263,,fluid_usage:红页L1HF:17:1:未标注液型,
602,未标注液型@时间窗 W001,结束时间,2024-01-12 14:47:30,E00263,,fluid_usage:红页L1HF:17:1:未标注液型,
603,未标注液型@时间窗 W001,持续时间,0秒,E00263,,fluid_usage:红页L1HF:17:1:未标注液型,
604,未标注液型@时间窗 W001,泵压特征,"施工泵压变化 起16.52→止16.52，变化0，均值16.52，范围[16.52, 16.52]",E00263,E00264,fluid_usage:红页L1HF:17:1:未标注液型,pressure_feature:红页L1HF:17:1
605,未标注液型@时间窗 W001,排量特征,"排量变化 起0.07→止0.07，变化0，均值0.07，范围[0.07, 0.07]",E00263,E00265,fluid_usage:红页L1HF:17:1:未标注液型,flow_feature:红页L1HF:17:1
606,未标注液型@时间窗 W001,砂比特征,砂比变化：0,E00263,E00266,fluid_usage:红页L1HF:17:1:未标注液型,sand_feature:红页L1HF:17:1
607,时间窗 W001,施工特征,"施工泵压变化 起16.52→止16.52，变化0，均值16.52，范围[16.52, 16.52]",E00262,E00264,time_window:红页L1HF:17:1,pressure_feature:红页L1HF:17:1
608,时间窗 W001,施工特征,"排量变化 起0.07→止0.07，变化0，均值0.07，范围[0.07, 0.07]",E00262,E00265,time_window:红页L1HF:17:1,flow_feature:红页L1HF:17:1
609,时间窗 W001,砂比特征,砂比变化：0,E00262,E00266,time_window:红页L1HF:17:1,sand_feature:红页L1HF:17:1
610,段 17,包含时间窗,时间窗 W002,E00261,E00267,segment:红页L1HF:17,time_window:红页L1HF:17:2
611,时间窗 W002,采用液型,0.12%减阻水@时间窗 W002,E00267,E00268,time_window:红页L1HF:17:2,fluid_usage:红页L1HF:17:2:0.12%减阻水
612,0.12%减阻水@时间窗 W002,液型类别,液型 0.12%减阻水,E00268,E00010,fluid_usage:红页L1HF:17:2:0.12%减阻水,fluid_type:0.12%减阻水
613,0.12%减阻水@时间窗 W002,开始时间,2024-01-12 14:47:40,E00268,,fluid_usage:红页L1HF:17:2:0.12%减阻水,
614,0.12%减阻水@时间窗 W002,结束时间,2024-01-12 14:50:30,E00268,,fluid_usage:红页L1HF:17:2:0.12%减阻水,
615,0.12%减阻水@时间窗 W002,持续时间,2分钟50秒,E00268,,fluid_usage:红页L1HF:17:2:0.12%减阻水,
616,0.12%减阻水@时间窗 W002,泵压特征,"施工泵压变化 起24.02→止39.1，变化15.08，均值34.0067，范围[24.02, 39.1]",E00268,E00269,fluid_usage:红页L1HF:17:2:0.12%减阻水,pressure_feature:红页L1HF:17:2
617,0.12%减阻水@时间窗 W002,排量特征,"排量变化 起0.42→止1.99，变化1.57，均值1.6439，范围[0.42, 1.99]",E00268,E00270,fluid_usage:红页L1HF:17:2:0.12%减阻水,flow_feature:红页L1HF:17:2
618,0.12%减阻水@时间窗 W002,砂比特征,砂比变化：0,E00268,E00271,fluid_usage:红页L1HF:17:2:0.12%减阻水,sand_feature:红页L1HF:17:2
619,时间窗 W002,施工特征,"施工泵压变化 起24.02→止39.1，变化15.08，均值34.0067，范围[24.02, 39.1]",E00267,E00269,time_window:红页L1HF:17:2,pressure_feature:红页L1HF:17:2
620,时间窗 W002,施工特征,"排量变化 起0.42→止1.99，变化1.57，均值1.6439，范围[0.42, 1.99]",E00267,E00270,time_window:红页L1HF:17:2,flow_feature:红页L1HF:17:2
621,时间窗 W002,砂比特征,砂比变化：0,E00267,E00271,time_window:红页L1HF:17:2,sand_feature:红页L1HF:17:2
622,段 17,包含时间窗,时间窗 W003,E00261,E00272,segment:红页L1HF:17,time_window:红页L1HF:17:3
623,时间窗 W003,采用液型,15%HCl@时间窗 W003,E00272,E00273,time_window:红页L1HF:17:3,fluid_usage:红页L1HF:17:3:15%HCl
624,15%HCl@时间窗 W003,液型类别,液型 15%HCl,E00273,E00016,fluid_usage:红页L1HF:17:3:15%HCl,fluid_type:15%HCl
625,15%HCl@时间窗 W003,开始时间,2024-01-12 14:50:40,E00273,,fluid_usage:红页L1HF:17:3:15%HCl,
626,15%HCl@时间窗 W003,结束时间,2024-01-12 14:55:30,E00273,,fluid_usage:红页L1HF:17:3:15%HCl,
627,15%HCl@时间窗 W003,持续时间,4分钟50秒,E00273,,fluid_usage:红页L1HF:17:3:15%HCl,
628,15%HCl@时间窗 W003,泵压特征,"施工泵压变化 起39.01→止40.1，变化1.09，均值39.6462，范围[39, 40.1]",E00273,E00274,fluid_usage:红页L1HF:17:3:15%HCl,pressure_feature:红页L1HF:17:3
629,15%HCl@时间窗 W003,排量特征,"排量变化 起1.99→止1.99，变化0，均值1.99，范围[1.99, 1.99]",E00273,E00275,fluid_usage:红页L1HF:17:3:15%HCl,flow_feature:红页L1HF:17:3
630,15%HCl@时间窗 W003,砂比特征,砂比变化：0,E00273,E00276,fluid_usage:红页L1HF:17:3:15%HCl,sand_feature:红页L1HF:17:3
631,时间窗 W003,施工特征,"施工泵压变化 起39.01→止40.1，变化1.09，均值39.6462，范围[39, 40.1]",E00272,E00274,time_window:红页L1HF:17:3,pressure_feature:红页L1HF:17:3
632,时间窗 W003,施工特征,"排量变化 起1.99→止1.99，变化0，均值1.99，范围[1.99, 1.99]",E00272,E00275,time_window:红页L1HF:17:3,flow_feature:红页L1HF:17:3
633,时间窗 W003,砂比特征,砂比变化：0,E00272,E00276,time_window:红页L1HF:17:3,sand_feature:红页L1HF:17:3
634,段 17,包含时间窗,时间窗 W004,E00261,E00277,segment:红页L1HF:17,time_window:红页L1HF:17:4
635,时间窗 W004,采用液型,0.25%减阻水@时间窗 W004,E00277,E00278,time_window:红页L1HF:17:4,fluid_usage:红页L1HF:17:4:0.25%减阻水
636,0.25%减阻水@时间窗 W004,液型类别,液型 0.25%减阻水,E00278,E00022,fluid_usage:红页L1HF:17:4:0.25%减阻水,fluid_type:0.25%减阻水
637,0.25%减阻水@时间窗 W004,开始时间,2024-01-12 14:55:50,E00278,,fluid_usage:红页L1HF:17:4:0.25%减阻水,
638,0.25%减阻水@时间窗 W004,结束时间,2024-01-12 15:18:10,E00278,,fluid_usage:红页L1HF:17:4:0.25%减阻水,
639,0.25%减阻水@时间窗 W004,持续时间,22分钟20秒,E00278,,fluid_usage:红页L1HF:17:4:0.25%减阻水,
640,0.25%减阻水@时间窗 W004,泵压特征,"施工泵压变化 起40.06→止77.32，变化37.26，均值67.8627，范围[40.06, 90.51]",E00278,E00279,fluid_usage:红页L1HF:17:4:0.25%减阻水,pressure_feature:红页L1HF:17:4
641,0.25%减阻水@时间窗 W004,排量特征,"排量变化 起1.99→止24.08，变化22.09，均值11.8539，范围[1.99, 24.08]",E00278,E00280,fluid_usage:红页L1HF:17:4:0.25%减阻水,flow_feature:红页L1HF:17:4
642,0.25%减阻水@时间窗 W004,砂比特征,"砂比变化 起1.5→止5.2，变化3.7，均值3.35，范围[1.5, 5.2]",E00278,E00281,fluid_usage:红页L1HF:17:4:0.25%减阻水,sand_feature:红页L1HF:17:4
643,时间窗 W004,施工特征,"施工泵压变化 起40.06→止77.32，变化37.26，均值67.8627，范围[40.06, 90.51]",E00277,E00279,time_window:红页L1HF:17:4,pressure_feature:红页L1HF:17:4
644,时间窗 W004,施工特征,"排量变化 起1.99→止24.08，变化22.09，均值11.8539，范围[1.99, 24.08]",E00277,E00280,time_window:红页L1HF:17:4,flow_feature:红页L1HF:17:4
645,时间窗 W004,砂比特征,"砂比变化 起1.5→止5.2，变化3.7，均值3.35，范围[1.5, 5.2]",E00277,E00281,time_window:红页L1HF:17:4,sand_feature:红页L1HF:17:4
646,段 17,包含时间窗,时间窗 W005,E00261,E00282,segment:红页L1HF:17,time_window:红页L1HF:17:5
647,时间窗 W005,采用液型,0.12%减阻水@时间窗 W005,E00282,E00283,time_window:红页L1HF:17:5,fluid_usage:红页L1HF:17:5:0.12%减阻水
648,0.12%减阻水@时间窗 W005,液型类别,液型 0.12%减阻水,E00283,E00010,fluid_usage:红页L1HF:17:5:0.12%减阻水,fluid_type:0.12%减阻水
649,0.12%减阻水@时间窗 W005,开始时间,2024-01-12 15:18:20,E00283,,fluid_usage:红页L1HF:17:5:0.12%减阻水,
650,0.12%减阻水@时间窗 W005,结束时间,2024-01-12 16:45:40,E00283,,fluid_usage:红页L1HF:17:5:0.12%减阻水,
651,0.12%减阻水@时间窗 W005,持续时间,1小时27分钟20秒,E00283,,fluid_usage:红页L1HF:17:5:0.12%减阻水,
652,0.12%减阻水@时间窗 W005,泵压特征,"施工泵压变化 起77.19→止86.83，变化9.64，均值84.2036，范围[59.88, 90.33]",E00283,E00284,fluid_usage:红页L1HF:17:5:0.12%减阻水,pressure_feature:红页L1HF:17:5
653,0.12%减阻水@时间窗 W005,排量特征,"排量变化 起24.08→止22.77，变化-1.31，均值23.4246，范围[15.11, 24.09]",E00283,E00285,fluid_usage:红页L1HF:17:5:0.12%减阻水,flow_feature:红页L1HF:17:5
654,0.12%减阻水@时间窗 W005,砂比特征,"砂比变化 起5.4→止12，变化6.6，均值9.2253，范围[0.1, 12.1]",E00283,E00286,fluid_usage:红页L1HF:17:5:0.12%减阻水,sand_feature:红页L1HF:17:5
655,时间窗 W005,施工特征,"施工泵压变化 起77.19→止86.83，变化9.64，均值84.2036，范围[59.88, 90.33]",E00282,E00284,time_window:红页L1HF:17:5,pressure_feature:红页L1HF:17:5
656,时间窗 W005,施工特征,"排量变化 起24.08→止22.77，变化-1.31，均值23.4246，范围[15.11, 24.09]",E00282,E00285,time_window:红页L1HF:17:5,flow_feature:红页L1HF:17:5
657,时间窗 W005,砂比特征,"砂比变化 起5.4→止12，变化6.6，均值9.2253，范围[0.1, 12.1]",E00282,E00286,time_window:红页L1HF:17:5,sand_feature:红页L1HF:17:5
658,段 17,包含时间窗,时间窗 W006,E00261,E00287,segment:红页L1HF:17,time_window:红页L1HF:17:6
659,时间窗 W006,采用液型,0.18%减阻水@时间窗 W006,E00287,E00288,time_window:红页L1HF:17:6,fluid_usage:红页L1HF:17:6:0.18%减阻水
660,0.18%减阻水@时间窗 W006,液型类别,液型 0.18%减阻水,E00288,E00033,fluid_usage:红页L1HF:17:6:0.18%减阻水,fluid_type:0.18%减阻水
661,0.18%减阻水@时间窗 W006,开始时间,2024-01-12 16:45:50,E00288,,fluid_usage:红页L1HF:17:6:0.18%减阻水,
662,0.18%减阻水@时间窗 W006,结束时间,2024-01-12 16:51:40,E00288,,fluid_usage:红页L1HF:17:6:0.18%减阻水,
663,0.18%减阻水@时间窗 W006,持续时间,5分钟50秒,E00288,,fluid_usage:红页L1HF:17:6:0.18%减阻水,
664,0.18%减阻水@时间窗 W006,泵压特征,"施工泵压变化 起87.01→止86.51，变化-0.5，均值87.174，范围[86.51, 87.92]",E00288,E00289,fluid_usage:红页L1HF:17:6:0.18%减阻水,pressure_feature:红页L1HF:17:6
665,0.18%减阻水@时间窗 W006,排量特征,"排量变化 起22.77→止22.77，变化0，均值22.77，范围[22.77, 22.77]",E00288,E00290,fluid_usage:红页L1HF:17:6:0.18%减阻水,flow_feature:红页L1HF:17:6
666,0.18%减阻水@时间窗 W006,砂比特征,"砂比变化 起12→止1.7，变化-10.3，均值11.8321，范围[1.7, 13]",E00288,E00291,fluid_usage:红页L1HF:17:6:0.18%减阻水,sand_feature:红页L1HF:17:6
667,时间窗 W006,施工特征,"施工泵压变化 起87.01→止86.51，变化-0.5，均值87.174，范围[86.51, 87.92]",E00287,E00289,time_window:红页L1HF:17:6,pressure_feature:红页L1HF:17:6
668,时间窗 W006,施工特征,"排量变化 起22.77→止22.77，变化0，均值22.77，范围[22.77, 22.77]",E00287,E00290,time_window:红页L1HF:17:6,flow_feature:红页L1HF:17:6
669,时间窗 W006,砂比特征,"砂比变化 起12→止1.7，变化-10.3，均值11.8321，范围[1.7, 13]",E00287,E00291,time_window:红页L1HF:17:6,sand_feature:红页L1HF:17:6
670,段 17,包含时间窗,时间窗 W007,E00261,E00292,segment:红页L1HF:17,time_window:红页L1HF:17:7
671,时间窗 W007,采用液型,0.12%减阻水@时间窗 W007,E00292,E00293,time_window:红页L1HF:17:7,fluid_usage:红页L1HF:17:7:0.12%减阻水
672,0.12%减阻水@时间窗 W007,液型类别,液型 0.12%减阻水,E00293,E00010,fluid_usage:红页L1HF:17:7:0.12%减阻水,fluid_type:0.12%减阻水
673,0.12%减阻水@时间窗 W007,开始时间,2024-01-12 16:51:50,E00293,,fluid_usage:红页L1HF:17:7:0.12%减阻水,
674,0.12%减阻水@时间窗 W007,结束时间,2024-01-12 17:31:20,E00293,,fluid_usage:红页L1HF:17:7:0.12%减阻水,
675,0.12%减阻水@时间窗 W007,持续时间,39分钟30秒,E00293,,fluid_usage:红页L1HF:17:7:0.12%减阻水,
676,0.12%减阻水@时间窗 W007,泵压特征,"施工泵压变化 起86.44→止89.15，变化2.71，均值86.9114，范围[68.61, 91.88]",E00293,E00294,fluid_usage:红页L1HF:17:7:0.12%减阻水,pressure_feature:红页L1HF:17:7
677,0.12%减阻水@时间窗 W007,排量特征,"排量变化 起22.77→止9.2，变化-13.57，均值16.39，范围[7.12, 22.77]",E00293,E00295,fluid_usage:红页L1HF:17:7:0.12%减阻水,flow_feature:红页L1HF:17:7
678,0.12%减阻水@时间窗 W007,砂比特征,"砂比变化 起4.1→止2.1，变化-2，均值7.3789，范围[1.6, 10.1]",E00293,E00296,fluid_usage:红页L1HF:17:7:0.12%减阻水,sand_feature:红页L1HF:17:7
679,时间窗 W007,施工特征,"施工泵压变化 起86.44→止89.15，变化2.71，均值86.9114，范围[68.61, 91.88]",E00292,E00294,time_window:红页L1HF:17:7,pressure_feature:红页L1HF:17:7
680,时间窗 W007,施工特征,"排量变化 起22.77→止9.2，变化-13.57，均值16.39，范围[7.12, 22.77]",E00292,E00295,time_window:红页L1HF:17:7,flow_feature:红页L1HF:17:7
681,时间窗 W007,砂比特征,"砂比变化 起4.1→止2.1，变化-2，均值7.3789，范围[1.6, 10.1]",E00292,E00296,time_window:红页L1HF:17:7,sand_feature:红页L1HF:17:7
682,段 17,包含时间窗,时间窗 W008,E00261,E00297,segment:红页L1HF:17,time_window:红页L1HF:17:8
683,时间窗 W008,采用液型,0@时间窗 W008,E00297,E00298,time_window:红页L1HF:17:8,fluid_usage:红页L1HF:17:8:0
684,0@时间窗 W008,液型类别,液型 0,E00298,E00044,fluid_usage:红页L1HF:17:8:0,fluid_type:0
685,0@时间窗 W008,开始时间,2024-01-12 17:31:30,E00298,,fluid_usage:红页L1HF:17:8:0,
686,0@时间窗 W008,结束时间,2024-01-12 18:21:00,E00298,,fluid_usage:红页L1HF:17:8:0,
687,0@时间窗 W008,持续时间,49分钟30秒,E00298,,fluid_usage:红页L1HF:17:8:0,
688,0@时间窗 W008,泵压特征,"施工泵压变化 起89.52→止0，变化-89.52，均值85.4655，范围[0, 92.17]",E00298,E00299,fluid_usage:红页L1HF:17:8:0,pressure_feature:红页L1HF:17:8
689,0@时间窗 W008,排量特征,"排量变化 起9.2→止0，变化-9.2，均值8.2956，范围[0, 9.66]",E00298,E00300,fluid_usage:红页L1HF:17:8:0,flow_feature:红页L1HF:17:8
690,0@时间窗 W008,砂比特征,砂比变化：0,E00298,E00301,fluid_usage:红页L1HF:17:8:0,sand_feature:红页L1HF:17:8
691,时间窗 W008,施工特征,"施工泵压变化 起89.52→止0，变化-89.52，均值85.4655，范围[0, 92.17]",E00297,E00299,time_window:红页L1HF:17:8,pressure_feature:红页L1HF:17:8
692,时间窗 W008,施工特征,"排量变化 起9.2→止0，变化-9.2，均值8.2956，范围[0, 9.66]",E00297,E00300,time_window:红页L1HF:17:8,flow_feature:红页L1HF:17:8
693,时间窗 W008,砂比特征,砂比变化：0,E00297,E00301,time_window:红页L1HF:17:8,sand_feature:红页L1HF:17:8
694,井 红页L1HF,包含段,段 18,E00001,E00302,well:红页L1HF,segment:红页L1HF:18
695,段 18,包含时间窗,时间窗 W001,E00302,E00303,segment:红页L1HF:18,time_window:红页L1HF:18:1
696,时间窗 W001,采用液型,未标注液型@时间窗 W001,E00303,E00304,time_window:红页L1HF:18:1,fluid_usage:红页L1HF:18:1:未标注液型
697,未标注液型@时间窗 W001,液型类别,液型 未标注液型,E00304,E00004,fluid_usage:红页L1HF:18:1:未标注液型,fluid_type:未标注液型
698,未标注液型@时间窗 W001,开始时间,2024-01-13 16:02:20,E00304,,fluid_usage:红页L1HF:18:1:未标注液型,
699,未标注液型@时间窗 W001,结束时间,2024-01-13 16:02:20,E00304,,fluid_usage:红页L1HF:18:1:未标注液型,
700,未标注液型@时间窗 W001,持续时间,0秒,E00304,,fluid_usage:红页L1HF:18:1:未标注液型,
701,未标注液型@时间窗 W001,泵压特征,"施工泵压变化 起10.92→止10.92，变化0，均值10.92，范围[10.92, 10.92]",E00304,E00305,fluid_usage:红页L1HF:18:1:未标注液型,pressure_feature:红页L1HF:18:1
702,未标注液型@时间窗 W001,排量特征,"排量变化 起0→止0，变化0，均值0，范围[0, 0]",E00304,E00306,fluid_usage:红页L1HF:18:1:未标注液型,flow_feature:红页L1HF:18:1
703,未标注液型@时间窗 W001,砂比特征,砂比变化：0,E00304,E00307,fluid_usage:红页L1HF:18:1:未标注液型,sand_feature:红页L1HF:18:1
704,时间窗 W001,施工特征,"施工泵压变化 起10.92→止10.92，变化0，均值10.92，范围[10.92, 10.92]",E00303,E00305,time_window:红页L1HF:18:1,pressure_feature:红页L1HF:18:1
705,时间窗 W001,施工特征,"排量变化 起0→止0，变化0，均值0，范围[0, 0]",E00303,E00306,time_window:红页L1HF:18:1,flow_feature:红页L1HF:18:1
706,时间窗 W001,砂比特征,砂比变化：0,E00303,E00307,time_window:红页L1HF:18:1,sand_feature:红页L1HF:18:1
707,段 18,包含时间窗,时间窗 W002,E00302,E00308,segment:红页L1HF:18,time_window:红页L1HF:18:2
708,时间窗 W002,采用液型,0.12%减阻水@时间窗 W002,E00308,E00309,time_window:红页L1HF:18:2,fluid_usage:红页L1HF:18:2:0.12%减阻水
709,0.12%减阻水@时间窗 W002,液型类别,液型 0.12%减阻水,E00309,E00010,fluid_usage:红页L1HF:18:2:0.12%减阻水,fluid_type:0.12%减阻水
710,0.12%减阻水@时间窗 W002,开始时间,2024-01-13 16:02:30,E00309,,fluid_usage:红页L1HF:18:2:0.12%减阻水,
711,0.12%减阻水@时间窗 W002,结束时间,2024-01-13 16:05:30,E00309,,fluid_usage:红页L1HF:18:2:0.12%减阻水,
712,0.12%减阻水@时间窗 W002,持续时间,3分钟,E00309,,fluid_usage:红页L1HF:18:2:0.12%减阻水,
713,0.12%减阻水@时间窗 W002,泵压特征,"施工泵压变化 起24.04→止51.69，变化27.65，均值42.7537，范围[24.04, 51.69]",E00309,E00310,fluid_usage:红页L1HF:18:2:0.12%减阻水,pressure_feature:红页L1HF:18:2
714,0.12%减阻水@时间窗 W002,排量特征,"排量变化 起0.08→止1.99，变化1.91，均值1.5747，范围[0.08, 1.99]",E00309,E00311,fluid_usage:红页L1HF:18:2:0.12%减阻水,flow_feature:红页L1HF:18:2
715,0.12%减阻水@时间窗 W002,砂比特征,砂比变化：0,E00309,E00312,fluid_usage:红页L1HF:18:2:0.12%减阻水,sand_feature:红页L1HF:18:2
716,时间窗 W002,施工特征,"施工泵压变化 起24.04→止51.69，变化27.65，均值42.7537，范围[24.04, 51.69]",E00308,E00310,time_window:红页L1HF:18:2,pressure_feature:红页L1HF:18:2
717,时间窗 W002,施工特征,"排量变化 起0.08→止1.99，变化1.91，均值1.5747，范围[0.08, 1.99]",E00308,E00311,time_window:红页L1HF:18:2,flow_feature:红页L1HF:18:2
718,时间窗 W002,砂比特征,砂比变化：0,E00308,E00312,time_window:红页L1HF:18:2,sand_feature:红页L1HF:18:2
719,段 18,包含时间窗,时间窗 W003,E00302,E00313,segment:红页L1HF:18,time_window:红页L1HF:18:3
720,时间窗 W003,采用液型,15%HCl@时间窗 W003,E00313,E00314,time_window:红页L1HF:18:3,fluid_usage:红页L1HF:18:3:15%HCl
721,15%HCl@时间窗 W003,液型类别,液型 15%HCl,E00314,E00016,fluid_usage:红页L1HF:18:3:15%HCl,fluid_type:15%HCl
722,15%HCl@时间窗 W003,开始时间,2024-01-13 16:05:40,E00314,,fluid_usage:红页L1HF:18:3:15%HCl,
723,15%HCl@时间窗 W003,结束时间,2024-01-13 16:10:40,E00314,,fluid_usage:红页L1HF:18:3:15%HCl,
724,15%HCl@时间窗 W003,持续时间,5分钟,E00314,,fluid_usage:红页L1HF:18:3:15%HCl,
725,15%HCl@时间窗 W003,泵压特征,"施工泵压变化 起51.6→止48.67，变化-2.93，均值49.745，范围[48.67, 51.6]",E00314,E00315,fluid_usage:红页L1HF:18:3:15%HCl,pressure_feature:红页L1HF:18:3
726,15%HCl@时间窗 W003,排量特征,"排量变化 起1.99→止1.99，变化0，均值1.99，范围[1.99, 1.99]",E00314,E00316,fluid_usage:红页L1HF:18:3:15%HCl,flow_feature:红页L1HF:18:3
727,15%HCl@时间窗 W003,砂比特征,砂比变化：0,E00314,E00317,fluid_usage:红页L1HF:18:3:15%HCl,sand_feature:红页L1HF:18:3
728,时间窗 W003,施工特征,"施工泵压变化 起51.6→止48.67，变化-2.93，均值49.745，范围[48.67, 51.6]",E00313,E00315,time_window:红页L1HF:18:3,pressure_feature:红页L1HF:18:3
729,时间窗 W003,施工特征,"排量变化 起1.99→止1.99，变化0，均值1.99，范围[1.99, 1.99]",E00313,E00316,time_window:红页L1HF:18:3,flow_feature:红页L1HF:18:3
730,时间窗 W003,砂比特征,砂比变化：0,E00313,E00317,time_window:红页L1HF:18:3,sand_feature:红页L1HF:18:3
731,段 18,包含时间窗,时间窗 W004,E00302,E00318,segment:红页L1HF:18,time_window:红页L1HF:18:4
732,时间窗 W004,采用液型,0.25%减阻水@时间窗 W004,E00318,E00319,time_window:红页L1HF:18:4,fluid_usage:红页L1HF:18:4:0.25%减阻水
733,0.25%减阻水@时间窗 W004,液型类别,液型 0.25%减阻水,E00319,E00022,fluid_usage:红页L1HF:18:4:0.25%减阻水,fluid_type:0.25%减阻水
734,0.25%减阻水@时间窗 W004,开始时间,2024-01-13 16:10:50,E00319,,fluid_usage:红页L1HF:18:4:0.25%减阻水,
735,0.25%减阻水@时间窗 W004,结束时间,2024-01-13 16:40:00,E00319,,fluid_usage:红页L1HF:18:4:0.25%减阻水,
736,0.25%减阻水@时间窗 W004,持续时间,29分钟10秒,E00319,,fluid_usage:红页L1HF:18:4:0.25%减阻水,
737,0.25%减阻水@时间窗 W004,泵压特征,"施工泵压变化 起48.65→止73.67，变化25.02，均值64.4128，范围[48.39, 88.13]",E00319,E00320,fluid_usage:红页L1HF:18:4:0.25%减阻水,pressure_feature:红页L1HF:18:4
738,0.25%减阻水@时间窗 W004,排量特征,"排量变化 起1.99→止23，变化21.01，均值10.0866，范围[1.99, 23.5]",E00319,E00321,fluid_usage:红页L1HF:18:4:0.25%减阻水,flow_feature:红页L1HF:18:4
739,0.25%减阻水@时间窗 W004,砂比特征,"砂比变化 起0.7→止0.7，变化0，均值0.7，范围[0.7, 0.7]",E00319,E00322,fluid_usage:红页L1HF:18:4:0.25%减阻水,sand_feature:红页L1HF:18:4
740,时间窗 W004,施工特征,"施工泵压变化 起48.65→止73.67，变化25.02，均值64.4128，范围[48.39, 88.13]",E00318,E00320,time_window:红页L1HF:18:4,pressure_feature:红页L1HF:18:4
741,时间窗 W004,施工特征,"排量变化 起1.99→止23，变化21.01，均值10.0866，范围[1.99, 23.5]",E00318,E00321,time_window:红页L1HF:18:4,flow_feature:红页L1HF:18:4
742,时间窗 W004,砂比特征,"砂比变化 起0.7→止0.7，变化0，均值0.7，范围[0.7, 0.7]",E00318,E00322,time_window:红页L1HF:18:4,sand_feature:红页L1HF:18:4
743,段 18,包含时间窗,时间窗 W005,E00302,E00323,segment:红页L1HF:18,time_window:红页L1HF:18:5
744,时间窗 W005,采用液型,0.18%减阻水@时间窗 W005,E00323,E00324,time_window:红页L1HF:18:5,fluid_usage:红页L1HF:18:5:0.18%减阻水
745,0.18%减阻水@时间窗 W005,液型类别,液型 0.18%减阻水,E00324,E00033,fluid_usage:红页L1HF:18:5:0.18%减阻水,fluid_type:0.18%减阻水
746,0.18%减阻水@时间窗 W005,开始时间,2024-01-13 16:40:10,E00324,,fluid_usage:红页L1HF:18:5:0.18%减阻水,
747,0.18%减阻水@时间窗 W005,结束时间,2024-01-13 16:43:40,E00324,,fluid_usage:红页L1HF:18:5:0.18%减阻水,
748,0.18%减阻水@时间窗 W005,持续时间,3分钟30秒,E00324,,fluid_usage:红页L1HF:18:5:0.18%减阻水,
749,0.18%减阻水@时间窗 W005,泵压特征,"施工泵压变化 起73.71→止75.74，变化2.03，均值74.6652，范围[73.7, 75.87]",E00324,E00325,fluid_usage:红页L1HF:18:5:0.18%减阻水,pressure_feature:红页L1HF:18:5
750,0.18%减阻水@时间窗 W005,排量特征,"排量变化 起23→止23，变化0，均值23，范围[23, 23]",E00324,E00326,fluid_usage:红页L1HF:18:5:0.18%减阻水,flow_feature:红页L1HF:18:5
751,0.18%减阻水@时间窗 W005,砂比特征,"砂比变化 起4.1→止7.1，变化3，均值5.6478，范围[4.1, 7.1]",E00324,E00327,fluid_usage:红页L1HF:18:5:0.18%减阻水,sand_feature:红页L1HF:18:5
752,时间窗 W005,施工特征,"施工泵压变化 起73.71→止75.74，变化2.03，均值74.6652，范围[73.7, 75.87]",E00323,E00325,time_window:红页L1HF:18:5,pressure_feature:红页L1HF:18:5
753,时间窗 W005,施工特征,"排量变化 起23→止23，变化0，均值23，范围[23, 23]",E00323,E00326,time_window:红页L1HF:18:5,flow_feature:红页L1HF:18:5
754,时间窗 W005,砂比特征,"砂比变化 起4.1→止7.1，变化3，均值5.6478，范围[4.1, 7.1]",E00323,E00327,time_window:红页L1HF:18:5,sand_feature:红页L1HF:18:5
755,段 18,包含时间窗,时间窗 W006,E00302,E00328,segment:红页L1HF:18,time_window:红页L1HF:18:6
756,时间窗 W006,采用液型,0.12%减阻水@时间窗 W006,E00328,E00329,time_window:红页L1HF:18:6,fluid_usage:红页L1HF:18:6:0.12%减阻水
757,0.12%减阻水@时间窗 W006,液型类别,液型 0.12%减阻水,E00329,E00010,fluid_usage:红页L1HF:18:6:0.12%减阻水,fluid_type:0.12%减阻水
758,0.12%减阻水@时间窗 W006,开始时间,2024-01-13 16:43:50,E00329,,fluid_usage:红页L1HF:18:6:0.12%减阻水,
759,0.12%减阻水@时间窗 W006,结束时间,2024-01-13 17:28:20,E00329,,fluid_usage:红页L1HF:18:6:0.12%减阻水,
760,0.12%减阻水@时间窗 W006,持续时间,44分钟30秒,E00329,,fluid_usage:红页L1HF:18:6:0.12%减阻水,
761,0.12%减阻水@时间窗 W006,泵压特征,"施工泵压变化 起75.81→止82.19，变化6.38，均值78.4805，范围[71.45, 82.22]",E00329,E00330,fluid_usage:红页L1HF:18:6:0.12%减阻水,pressure_feature:红页L1HF:18:6
762,0.12%减阻水@时间窗 W006,排量特征,"排量变化 起23→止24.05，变化1.05，均值23.4201，范围[22.99, 24.15]",E00329,E00331,fluid_usage:红页L1HF:18:6:0.12%减阻水,flow_feature:红页L1HF:18:6
763,0.12%减阻水@时间窗 W006,砂比特征,"砂比变化 起7.1→止13，变化5.9，均值9.9221，范围[0.1, 13]",E00329,E00332,fluid_usage:红页L1HF:18:6:0.12%减阻水,sand_feature:红页L1HF:18:6
764,时间窗 W006,施工特征,"施工泵压变化 起75.81→止82.19，变化6.38，均值78.4805，范围[71.45, 82.22]",E00328,E00330,time_window:红页L1HF:18:6,pressure_feature:红页L1HF:18:6
765,时间窗 W006,施工特征,"排量变化 起23→止24.05，变化1.05，均值23.4201，范围[22.99, 24.15]",E00328,E00331,time_window:红页L1HF:18:6,flow_feature:红页L1HF:18:6
766,时间窗 W006,砂比特征,"砂比变化 起7.1→止13，变化5.9，均值9.9221，范围[0.1, 13]",E00328,E00332,time_window:红页L1HF:18:6,sand_feature:红页L1HF:18:6
767,段 18,包含时间窗,时间窗 W007,E00302,E00333,segment:红页L1HF:18,time_window:红页L1HF:18:7
768,时间窗 W007,采用液型,0.18%减阻水@时间窗 W007,E00333,E00334,time_window:红页L1HF:18:7,fluid_usage:红页L1HF:18:7:0.18%减阻水
769,0.18%减阻水@时间窗 W007,液型类别,液型 0.18%减阻水,E00334,E00033,fluid_usage:红页L1HF:18:7:0.18%减阻水,fluid_type:0.18%减阻水
770,0.18%减阻水@时间窗 W007,开始时间,2024-01-13 17:28:30,E00334,,fluid_usage:红页L1HF:18:7:0.18%减阻水,
771,0.18%减阻水@时间窗 W007,结束时间,2024-01-13 17:34:10,E00334,,fluid_usage:红页L1HF:18:7:0.18%减阻水,
772,0.18%减阻水@时间窗 W007,持续时间,5分钟40秒,E00334,,fluid_usage:红页L1HF:18:7:0.18%减阻水,
773,0.18%减阻水@时间窗 W007,泵压特征,"施工泵压变化 起82.25→止82.83，变化0.58，均值82.5024，范围[82.16, 82.83]",E00334,E00335,fluid_usage:红页L1HF:18:7:0.18%减阻水,pressure_feature:红页L1HF:18:7
774,0.18%减阻水@时间窗 W007,排量特征,"排量变化 起24.05→止24.04，变化-0.01，均值24.0421，范围[24.04, 24.05]",E00334,E00336,fluid_usage:红页L1HF:18:7:0.18%减阻水,flow_feature:红页L1HF:18:7
775,0.18%减阻水@时间窗 W007,砂比特征,"砂比变化 起13→止0.3，变化-12.7，均值11.1941，范围[0.3, 13]",E00334,E00337,fluid_usage:红页L1HF:18:7:0.18%减阻水,sand_feature:红页L1HF:18:7
776,时间窗 W007,施工特征,"施工泵压变化 起82.25→止82.83，变化0.58，均值82.5024，范围[82.16, 82.83]",E00333,E00335,time_window:红页L1HF:18:7,pressure_feature:红页L1HF:18:7
777,时间窗 W007,施工特征,"排量变化 起24.05→止24.04，变化-0.01，均值24.0421，范围[24.04, 24.05]",E00333,E00336,time_window:红页L1HF:18:7,flow_feature:红页L1HF:18:7
778,时间窗 W007,砂比特征,"砂比变化 起13→止0.3，变化-12.7，均值11.1941，范围[0.3, 13]",E00333,E00337,time_window:红页L1HF:18:7,sand_feature:红页L1HF:18:7
779,段 18,包含时间窗,时间窗 W008,E00302,E00338,segment:红页L1HF:18,time_window:红页L1HF:18:8
780,时间窗 W008,采用液型,0.12%减阻水@时间窗 W008,E00338,E00339,time_window:红页L1HF:18:8,fluid_usage:红页L1HF:18:8:0.12%减阻水
781,0.12%减阻水@时间窗 W008,液型类别,液型 0.12%减阻水,E00339,E00010,fluid_usage:红页L1HF:18:8:0.12%减阻水,fluid_type:0.12%减阻水
782,0.12%减阻水@时间窗 W008,开始时间,2024-01-13 17:34:20,E00339,,fluid_usage:红页L1HF:18:8:0.12%减阻水,
783,0.12%减阻水@时间窗 W008,结束时间,2024-01-13 18:11:20,E00339,,fluid_usage:红页L1HF:18:8:0.12%减阻水,
784,0.12%减阻水@时间窗 W008,持续时间,37分钟,E00339,,fluid_usage:红页L1HF:18:8:0.12%减阻水,
785,0.12%减阻水@时间窗 W008,泵压特征,"施工泵压变化 起82.91→止82.03，变化-0.88，均值82.4928，范围[70.49, 86.09]",E00339,E00340,fluid_usage:红页L1HF:18:8:0.12%减阻水,pressure_feature:红页L1HF:18:8
786,0.12%减阻水@时间窗 W008,排量特征,"排量变化 起24.04→止24.04，变化0，均值23.7994，范围[20.05, 24.07]",E00339,E00341,fluid_usage:红页L1HF:18:8:0.12%减阻水,flow_feature:红页L1HF:18:8
787,0.12%减阻水@时间窗 W008,砂比特征,"砂比变化 起2.8→止0.1，变化-2.7，均值9.9493，范围[0.1, 13]",E00339,E00342,fluid_usage:红页L1HF:18:8:0.12%减阻水,sand_feature:红页L1HF:18:8
788,时间窗 W008,施工特征,"施工泵压变化 起82.91→止82.03，变化-0.88，均值82.4928，范围[70.49, 86.09]",E00338,E00340,time_window:红页L1HF:18:8,pressure_feature:红页L1HF:18:8
789,时间窗 W008,施工特征,"排量变化 起24.04→止24.04，变化0，均值23.7994，范围[20.05, 24.07]",E00338,E00341,time_window:红页L1HF:18:8,flow_feature:红页L1HF:18:8
790,时间窗 W008,砂比特征,"砂比变化 起2.8→止0.1，变化-2.7，均值9.9493，范围[0.1, 13]",E00338,E00342,time_window:红页L1HF:18:8,sand_feature:红页L1HF:18:8
791,段 18,包含时间窗,时间窗 W009,E00302,E00343,segment:红页L1HF:18,time_window:红页L1HF:18:9
792,时间窗 W009,采用液型,0.18%减阻水@时间窗 W009,E00343,E00344,time_window:红页L1HF:18:9,fluid_usage:红页L1HF:18:9:0.18%减阻水
793,0.18%减阻水@时间窗 W009,液型类别,液型 0.18%减阻水,E00344,E00033,fluid_usage:红页L1HF:18:9:0.18%减阻水,fluid_type:0.18%减阻水
794,0.18%减阻水@时间窗 W009,开始时间,2024-01-13 18:11:30,E00344,,fluid_usage:红页L1HF:18:9:0.18%减阻水,
795,0.18%减阻水@时间窗 W009,结束时间,2024-01-13 18:17:00,E00344,,fluid_usage:红页L1HF:18:9:0.18%减阻水,
796,0.18%减阻水@时间窗 W009,持续时间,5分钟30秒,E00344,,fluid_usage:红页L1HF:18:9:0.18%减阻水,
797,0.18%减阻水@时间窗 W009,泵压特征,"施工泵压变化 起81.46→止82.58，变化1.12，均值81.5417，范围[79.47, 82.92]",E00344,E00345,fluid_usage:红页L1HF:18:9:0.18%减阻水,pressure_feature:红页L1HF:18:9
798,0.18%减阻水@时间窗 W009,排量特征,"排量变化 起24.04→止24.04，变化0，均值24.04，范围[24.04, 24.04]",E00344,E00346,fluid_usage:红页L1HF:18:9:0.18%减阻水,flow_feature:红页L1HF:18:9
799,0.18%减阻水@时间窗 W009,砂比特征,"砂比变化 起1.5→止12，变化10.5，均值10.3057，范围[1.5, 12]",E00344,E00347,fluid_usage:红页L1HF:18:9:0.18%减阻水,sand_feature:红页L1HF:18:9
800,时间窗 W009,施工特征,"施工泵压变化 起81.46→止82.58，变化1.12，均值81.5417，范围[79.47, 82.92]",E00343,E00345,time_window:红页L1HF:18:9,pressure_feature:红页L1HF:18:9
801,时间窗 W009,施工特征,"排量变化 起24.04→止24.04，变化0，均值24.04，范围[24.04, 24.04]",E00343,E00346,time_window:红页L1HF:18:9,flow_feature:红页L1HF:18:9
802,时间窗 W009,砂比特征,"砂比变化 起1.5→止12，变化10.5，均值10.3057，范围[1.5, 12]",E00343,E00347,time_window:红页L1HF:18:9,sand_feature:红页L1HF:18:9
803,段 18,包含时间窗,时间窗 W010,E00302,E00348,segment:红页L1HF:18,time_window:红页L1HF:18:10
804,时间窗 W010,采用液型,0.25%减阻水@时间窗 W010,E00348,E00349,time_window:红页L1HF:18:10,fluid_usage:红页L1HF:18:10:0.25%减阻水
805,0.25%减阻水@时间窗 W010,液型类别,液型 0.25%减阻水,E00349,E00022,fluid_usage:红页L1HF:18:10:0.25%减阻水,fluid_type:0.25%减阻水
806,0.25%减阻水@时间窗 W010,开始时间,2024-01-13 18:17:10,E00349,,fluid_usage:红页L1HF:18:10:0.25%减阻水,
807,0.25%减阻水@时间窗 W010,结束时间,2024-01-13 18:22:50,E00349,,fluid_usage:红页L1HF:18:10:0.25%减阻水,
808,0.25%减阻水@时间窗 W010,持续时间,5分钟40秒,E00349,,fluid_usage:红页L1HF:18:10:0.25%减阻水,
809,0.25%减阻水@时间窗 W010,泵压特征,"施工泵压变化 起82.54→止81.99，变化-0.55，均值82.2418，范围[81.86, 82.54]",E00349,E00350,fluid_usage:红页L1HF:18:10:0.25%减阻水,pressure_feature:红页L1HF:18:10
810,0.25%减阻水@时间窗 W010,排量特征,"排量变化 起24.04→止24.04，变化0，均值24.04，范围[24.04, 24.04]",E00349,E00351,fluid_usage:红页L1HF:18:10:0.25%减阻水,flow_feature:红页L1HF:18:10
811,0.25%减阻水@时间窗 W010,砂比特征,"砂比变化 起12→止5.8，变化-6.2，均值12.1069，范围[5.8, 13]",E00349,E00352,fluid_usage:红页L1HF:18:10:0.25%减阻水,sand_feature:红页L1HF:18:10
812,时间窗 W010,施工特征,"施工泵压变化 起82.54→止81.99，变化-0.55，均值82.2418，范围[81.86, 82.54]",E00348,E00350,time_window:红页L1HF:18:10,pressure_feature:红页L1HF:18:10
813,时间窗 W010,施工特征,"排量变化 起24.04→止24.04，变化0，均值24.04，范围[24.04, 24.04]",E00348,E00351,time_window:红页L1HF:18:10,flow_feature:红页L1HF:18:10
814,时间窗 W010,砂比特征,"砂比变化 起12→止5.8，变化-6.2，均值12.1069，范围[5.8, 13]",E00348,E00352,time_window:红页L1HF:18:10,sand_feature:红页L1HF:18:10
815,段 18,包含时间窗,时间窗 W011,E00302,E00353,segment:红页L1HF:18,time_window:红页L1HF:18:11
816,时间窗 W011,采用液型,0.12%减阻水@时间窗 W011,E00353,E00354,time_window:红页L1HF:18:11,fluid_usage:红页L1HF:18:11:0.12%减阻水
817,0.12%减阻水@时间窗 W011,液型类别,液型 0.12%减阻水,E00354,E00010,fluid_usage:红页L1HF:18:11:0.12%减阻水,fluid_type:0.12%减阻水
818,0.12%减阻水@时间窗 W011,开始时间,2024-01-13 18:23:00,E00354,,fluid_usage:红页L1HF:18:11:0.12%减阻水,
819,0.12%减阻水@时间窗 W011,结束时间,2024-01-13 18:56:00,E00354,,fluid_usage:红页L1HF:18:11:0.12%减阻水,
820,0.12%减阻水@时间窗 W011,持续时间,33分钟,E00354,,fluid_usage:红页L1HF:18:11:0.12%减阻水,
821,0.12%减阻水@时间窗 W011,泵压特征,"施工泵压变化 起82.04→止0.44，变化-81.6，均值37.952，范围[0.44, 82.04]",E00354,E00355,fluid_usage:红页L1HF:18:11:0.12%减阻水,pressure_feature:红页L1HF:18:11
822,0.12%减阻水@时间窗 W011,排量特征,"排量变化 起24.04→止0，变化-24.04，均值1.6401，范围[0, 24.04]",E00354,E00356,fluid_usage:红页L1HF:18:11:0.12%减阻水,flow_feature:红页L1HF:18:11
823,0.12%减阻水@时间窗 W011,砂比特征,砂比变化：0,E00354,E00357,fluid_usage:红页L1HF:18:11:0.12%减阻水,sand_feature:红页L1HF:18:11
824,时间窗 W011,施工特征,"施工泵压变化 起82.04→止0.44，变化-81.6，均值37.952，范围[0.44, 82.04]",E00353,E00355,time_window:红页L1HF:18:11,pressure_feature:红页L1HF:18:11
825,时间窗 W011,施工特征,"排量变化 起24.04→止0，变化-24.04，均值1.6401，范围[0, 24.04]",E00353,E00356,time_window:红页L1HF:18:11,flow_feature:红页L1HF:18:11
826,时间窗 W011,砂比特征,砂比变化：0,E00353,E00357,time_window:红页L1HF:18:11,sand_feature:红页L1HF:18:11
827,井 红页L1HF,包含段,段 19,E00001,E00358,well:红页L1HF,segment:红页L1HF:19
828,段 19,包含时间窗,时间窗 W001,E00358,E00359,segment:红页L1HF:19,time_window:红页L1HF:19:1
829,时间窗 W001,采用液型,0@时间窗 W001,E00359,E00360,time_window:红页L1HF:19:1,fluid_usage:红页L1HF:19:1:0
830,0@时间窗 W001,液型类别,液型 0,E00360,E00044,fluid_usage:红页L1HF:19:1:0,fluid_type:0
831,0@时间窗 W001,开始时间,2024-01-14 07:46:00,E00360,,fluid_usage:红页L1HF:19:1:0,
832,0@时间窗 W001,结束时间,2024-01-14 07:46:10,E00360,,fluid_usage:红页L1HF:19:1:0,
833,0@时间窗 W001,持续时间,10秒,E00360,,fluid_usage:红页L1HF:19:1:0,
834,0@时间窗 W001,泵压特征,"施工泵压变化 起17.51→止19.17，变化1.66，均值18.34，范围[17.51, 19.17]",E00360,E00361,fluid_usage:红页L1HF:19:1:0,pressure_feature:红页L1HF:19:1
835,0@时间窗 W001,排量特征,"排量变化 起0→止0，变化0，均值0，范围[0, 0]",E00360,E00362,fluid_usage:红页L1HF:19:1:0,flow_feature:红页L1HF:19:1
836,0@时间窗 W001,砂比特征,砂比变化：0,E00360,E00363,fluid_usage:红页L1HF:19:1:0,sand_feature:红页L1HF:19:1
837,时间窗 W001,施工特征,"施工泵压变化 起17.51→止19.17，变化1.66，均值18.34，范围[17.51, 19.17]",E00359,E00361,time_window:红页L1HF:19:1,pressure_feature:红页L1HF:19:1
838,时间窗 W001,施工特征,"排量变化 起0→止0，变化0，均值0，范围[0, 0]",E00359,E00362,time_window:红页L1HF:19:1,flow_feature:红页L1HF:19:1
839,时间窗 W001,砂比特征,砂比变化：0,E00359,E00363,time_window:红页L1HF:19:1,sand_feature:红页L1HF:19:1
840,段 19,包含时间窗,时间窗 W002,E00358,E00364,segment:红页L1HF:19,time_window:红页L1HF:19:2
841,时间窗 W002,采用液型,0.12%减阻水@时间窗 W002,E00364,E00365,time_window:红页L1HF:19:2,fluid_usage:红页L1HF:19:2:0.12%减阻水
842,0.12%减阻水@时间窗 W002,液型类别,液型 0.12%减阻水,E00365,E00010,fluid_usage:红页L1HF:19:2:0.12%减阻水,fluid_type:0.12%减阻水
843,0.12%减阻水@时间窗 W002,开始时间,2024-01-14 07:46:20,E00365,,fluid_usage:红页L1HF:19:2:0.12%减阻水,
844,0.12%减阻水@时间窗 W002,结束时间,2024-01-14 07:49:20,E00365,,fluid_usage:红页L1HF:19:2:0.12%减阻水,
845,0.12%减阻水@时间窗 W002,持续时间,3分钟,E00365,,fluid_usage:红页L1HF:19:2:0.12%减阻水,
846,0.12%减阻水@时间窗 W002,泵压特征,"施工泵压变化 起19.17→止40.77，变化21.6，均值32.6316，范围[19.17, 40.77]",E00365,E00366,fluid_usage:红页L1HF:19:2:0.12%减阻水,pressure_feature:红页L1HF:19:2
847,0.12%减阻水@时间窗 W002,排量特征,"排量变化 起0.08→止1.99，变化1.91，均值1.6389，范围[0.08, 1.99]",E00365,E00367,fluid_usage:红页L1HF:19:2:0.12%减阻水,flow_feature:红页L1HF:19:2
848,0.12%减阻水@时间窗 W002,砂比特征,砂比变化：0,E00365,E00368,fluid_usage:红页L1HF:19:2:0.12%减阻水,sand_feature:红页L1HF:19:2
849,时间窗 W002,施工特征,"施工泵压变化 起19.17→止40.77，变化21.6，均值32.6316，范围[19.17, 40.77]",E00364,E00366,time_window:红页L1HF:19:2,pressure_feature:红页L1HF:19:2
850,时间窗 W002,施工特征,"排量变化 起0.08→止1.99，变化1.91，均值1.6389，范围[0.08, 1.99]",E00364,E00367,time_window:红页L1HF:19:2,flow_feature:红页L1HF:19:2
851,时间窗 W002,砂比特征,砂比变化：0,E00364,E00368,time_window:红页L1HF:19:2,sand_feature:红页L1HF:19:2
852,段 19,包含时间窗,时间窗 W003,E00358,E00369,segment:红页L1HF:19,time_window:红页L1HF:19:3
853,时间窗 W003,采用液型,15%HCl@时间窗 W003,E00369,E00370,time_window:红页L1HF:19:3,fluid_usage:红页L1HF:19:3:15%HCl
854,15%HCl@时间窗 W003,液型类别,液型 15%HCl,E00370,E00016,fluid_usage:红页L1HF:19:3:15%HCl,fluid_type:15%HCl
855,15%HCl@时间窗 W003,开始时间,2024-01-14 07:49:30,E00370,,fluid_usage:红页L1HF:19:3:15%HCl,
856,15%HCl@时间窗 W003,结束时间,2024-01-14 07:54:20,E00370,,fluid_usage:红页L1HF:19:3:15%HCl,
857,15%HCl@时间窗 W003,持续时间,4分钟50秒,E00370,,fluid_usage:红页L1HF:19:3:15%HCl,
858,15%HCl@时间窗 W003,泵压特征,"施工泵压变化 起41.12→止45.86，变化4.74，均值43.9577，范围[41.12, 45.86]",E00370,E00371,fluid_usage:红页L1HF:19:3:15%HCl,pressure_feature:红页L1HF:19:3
859,15%HCl@时间窗 W003,排量特征,"排量变化 起1.99→止1.99，变化0，均值1.99，范围[1.99, 1.99]",E00370,E00372,fluid_usage:红页L1HF:19:3:15%HCl,flow_feature:红页L1HF:19:3
860,15%HCl@时间窗 W003,砂比特征,砂比变化：0,E00370,E00373,fluid_usage:红页L1HF:19:3:15%HCl,sand_feature:红页L1HF:19:3
861,时间窗 W003,施工特征,"施工泵压变化 起41.12→止45.86，变化4.74，均值43.9577，范围[41.12, 45.86]",E00369,E00371,time_window:红页L1HF:19:3,pressure_feature:红页L1HF:19:3
862,时间窗 W003,施工特征,"排量变化 起1.99→止1.99，变化0，均值1.99，范围[1.99, 1.99]",E00369,E00372,time_window:红页L1HF:19:3,flow_feature:红页L1HF:19:3
863,时间窗 W003,砂比特征,砂比变化：0,E00369,E00373,time_window:红页L1HF:19:3,sand_feature:红页L1HF:19:3
864,段 19,包含时间窗,时间窗 W004,E00358,E00374,segment:红页L1HF:19,time_window:红页L1HF:19:4
865,时间窗 W004,采用液型,0.25%减阻水@时间窗 W004,E00374,E00375,time_window:红页L1HF:19:4,fluid_usage:红页L1HF:19:4:0.25%减阻水
866,0.25%减阻水@时间窗 W004,液型类别,液型 0.25%减阻水,E00375,E00022,fluid_usage:红页L1HF:19:4:0.25%减阻水,fluid_type:0.25%减阻水
867,0.25%减阻水@时间窗 W004,开始时间,2024-01-14 07:54:30,E00375,,fluid_usage:红页L1HF:19:4:0.25%减阻水,
868,0.25%减阻水@时间窗 W004,结束时间,2024-01-14 08:20:30,E00375,,fluid_usage:红页L1HF:19:4:0.25%减阻水,
869,0.25%减阻水@时间窗 W004,持续时间,26分钟,E00375,,fluid_usage:红页L1HF:19:4:0.25%减阻水,
870,0.25%减阻水@时间窗 W004,泵压特征,"施工泵压变化 起45.96→止77.84，变化31.88，均值67.5086，范围[45.96, 90.3]",E00375,E00376,fluid_usage:红页L1HF:19:4:0.25%减阻水,pressure_feature:红页L1HF:19:4
871,0.25%减阻水@时间窗 W004,排量特征,"排量变化 起1.99→止24.09，变化22.1，均值11.6474，范围[1.99, 24.09]",E00375,E00377,fluid_usage:红页L1HF:19:4:0.25%减阻水,flow_feature:红页L1HF:19:4
872,0.25%减阻水@时间窗 W004,砂比特征,砂比变化：0,E00375,E00378,fluid_usage:红页L1HF:19:4:0.25%减阻水,sand_feature:红页L1HF:19:4
873,时间窗 W004,施工特征,"施工泵压变化 起45.96→止77.84，变化31.88，均值67.5086，范围[45.96, 90.3]",E00374,E00376,time_window:红页L1HF:19:4,pressure_feature:红页L1HF:19:4
874,时间窗 W004,施工特征,"排量变化 起1.99→止24.09，变化22.1，均值11.6474，范围[1.99, 24.09]",E00374,E00377,time_window:红页L1HF:19:4,flow_feature:红页L1HF:19:4
875,时间窗 W004,砂比特征,砂比变化：0,E00374,E00378,time_window:红页L1HF:19:4,sand_feature:红页L1HF:19:4
876,段 19,包含时间窗,时间窗 W005,E00358,E00379,segment:红页L1HF:19,time_window:红页L1HF:19:5
877,时间窗 W005,采用液型,0.18%减阻水@时间窗 W005,E00379,E00380,time_window:红页L1HF:19:5,fluid_usage:红页L1HF:19:5:0.18%减阻水
878,0.18%减阻水@时间窗 W005,液型类别,液型 0.18%减阻水,E00380,E00033,fluid_usage:红页L1HF:19:5:0.18%减阻水,fluid_type:0.18%减阻水
879,0.18%减阻水@时间窗 W005,开始时间,2024-01-14 08:20:40,E00380,,fluid_usage:红页L1HF:19:5:0.18%减阻水,
880,0.18%减阻水@时间窗 W005,结束时间,2024-01-14 08:23:30,E00380,,fluid_usage:红页L1HF:19:5:0.18%减阻水,
881,0.18%减阻水@时间窗 W005,持续时间,2分钟50秒,E00380,,fluid_usage:红页L1HF:19:5:0.18%减阻水,
882,0.18%减阻水@时间窗 W005,泵压特征,"施工泵压变化 起77.87→止79.69，变化1.82，均值78.48，范围[77.86, 79.72]",E00380,E00381,fluid_usage:红页L1HF:19:5:0.18%减阻水,pressure_feature:红页L1HF:19:5
883,0.18%减阻水@时间窗 W005,排量特征,"排量变化 起24.09→止24.09，变化0，均值24.09，范围[24.09, 24.09]",E00380,E00382,fluid_usage:红页L1HF:19:5:0.18%减阻水,flow_feature:红页L1HF:19:5
884,0.18%减阻水@时间窗 W005,砂比特征,"砂比变化 起0.3→止5，变化4.7，均值4.7556，范围[0.3, 5.6]",E00380,E00383,fluid_usage:红页L1HF:19:5:0.18%减阻水,sand_feature:红页L1HF:19:5
885,时间窗 W005,施工特征,"施工泵压变化 起77.87→止79.69，变化1.82，均值78.48，范围[77.86, 79.72]",E00379,E00381,time_window:红页L1HF:19:5,pressure_feature:红页L1HF:19:5
886,时间窗 W005,施工特征,"排量变化 起24.09→止24.09，变化0，均值24.09，范围[24.09, 24.09]",E00379,E00382,time_window:红页L1HF:19:5,flow_feature:红页L1HF:19:5
887,时间窗 W005,砂比特征,"砂比变化 起0.3→止5，变化4.7，均值4.7556，范围[0.3, 5.6]",E00379,E00383,time_window:红页L1HF:19:5,sand_feature:红页L1HF:19:5
888,段 19,包含时间窗,时间窗 W006,E00358,E00384,segment:红页L1HF:19,time_window:红页L1HF:19:6
889,时间窗 W006,采用液型,0.12%减阻水@时间窗 W006,E00384,E00385,time_window:红页L1HF:19:6,fluid_usage:红页L1HF:19:6:0.12%减阻水
890,0.12%减阻水@时间窗 W006,液型类别,液型 0.12%减阻水,E00385,E00010,fluid_usage:红页L1HF:19:6:0.12%减阻水,fluid_type:0.12%减阻水
891,0.12%减阻水@时间窗 W006,开始时间,2024-01-14 08:23:40,E00385,,fluid_usage:红页L1HF:19:6:0.12%减阻水,
892,0.12%减阻水@时间窗 W006,结束时间,2024-01-14 09:34:40,E00385,,fluid_usage:红页L1HF:19:6:0.12%减阻水,
893,0.12%减阻水@时间窗 W006,持续时间,1小时11分钟,E00385,,fluid_usage:红页L1HF:19:6:0.12%减阻水,
894,0.12%减阻水@时间窗 W006,泵压特征,"施工泵压变化 起79.68→止83.83，变化4.15，均值82.3903，范围[72.19, 88.31]",E00385,E00386,fluid_usage:红页L1HF:19:6:0.12%减阻水,pressure_feature:红页L1HF:19:6
895,0.12%减阻水@时间窗 W006,排量特征,"排量变化 起24.09→止24.07，变化-0.02，均值23.9736，范围[19.96, 24.09]",E00385,E00387,fluid_usage:红页L1HF:19:6:0.12%减阻水,flow_feature:红页L1HF:19:6
896,0.12%减阻水@时间窗 W006,砂比特征,"砂比变化 起5.7→止8.3，变化2.6，均值9.8003，范围[0.1, 13]",E00385,E00388,fluid_usage:红页L1HF:19:6:0.12%减阻水,sand_feature:红页L1HF:19:6
897,时间窗 W006,施工特征,"施工泵压变化 起79.68→止83.83，变化4.15，均值82.3903，范围[72.19, 88.31]",E00384,E00386,time_window:红页L1HF:19:6,pressure_feature:红页L1HF:19:6
898,时间窗 W006,施工特征,"排量变化 起24.09→止24.07，变化-0.02，均值23.9736，范围[19.96, 24.09]",E00384,E00387,time_window:红页L1HF:19:6,flow_feature:红页L1HF:19:6
899,时间窗 W006,砂比特征,"砂比变化 起5.7→止8.3，变化2.6，均值9.8003，范围[0.1, 13]",E00384,E00388,time_window:红页L1HF:19:6,sand_feature:红页L1HF:19:6
900,段 19,包含时间窗,时间窗 W007,E00358,E00389,segment:红页L1HF:19,time_window:红页L1HF:19:7
901,时间窗 W007,采用液型,0.18%减阻水@时间窗 W007,E00389,E00390,time_window:红页L1HF:19:7,fluid_usage:红页L1HF:19:7:0.18%减阻水
902,0.18%减阻水@时间窗 W007,液型类别,液型 0.18%减阻水,E00390,E00033,fluid_usage:红页L1HF:19:7:0.18%减阻水,fluid_type:0.18%减阻水
903,0.18%减阻水@时间窗 W007,开始时间,2024-01-14 09:34:50,E00390,,fluid_usage:红页L1HF:19:7:0.18%减阻水,
904,0.18%减阻水@时间窗 W007,结束时间,2024-01-14 09:56:00,E00390,,fluid_usage:红页L1HF:19:7:0.18%减阻水,
905,0.18%减阻水@时间窗 W007,持续时间,21分钟10秒,E00390,,fluid_usage:红页L1HF:19:7:0.18%减阻水,
906,0.18%减阻水@时间窗 W007,泵压特征,"施工泵压变化 起83.05→止86.5，变化3.45，均值85.0792，范围[76.45, 86.72]",E00390,E00391,fluid_usage:红页L1HF:19:7:0.18%减阻水,pressure_feature:红页L1HF:19:7
907,0.18%减阻水@时间窗 W007,排量特征,"排量变化 起24.07→止24.07，变化0，均值24.0731，范围[24.07, 24.11]",E00390,E00392,fluid_usage:红页L1HF:19:7:0.18%减阻水,flow_feature:红页L1HF:19:7
908,0.18%减阻水@时间窗 W007,砂比特征,"砂比变化 起8.5→止12.1，变化3.6，均值9.4854，范围[2.2, 12.1]",E00390,E00393,fluid_usage:红页L1HF:19:7:0.18%减阻水,sand_feature:红页L1HF:19:7
909,时间窗 W007,施工特征,"施工泵压变化 起83.05→止86.5，变化3.45，均值85.0792，范围[76.45, 86.72]",E00389,E00391,time_window:红页L1HF:19:7,pressure_feature:红页L1HF:19:7
910,时间窗 W007,施工特征,"排量变化 起24.07→止24.07，变化0，均值24.0731，范围[24.07, 24.11]",E00389,E00392,time_window:红页L1HF:19:7,flow_feature:红页L1HF:19:7
911,时间窗 W007,砂比特征,"砂比变化 起8.5→止12.1，变化3.6，均值9.4854，范围[2.2, 12.1]",E00389,E00393,time_window:红页L1HF:19:7,sand_feature:红页L1HF:19:7
912,段 19,包含时间窗,时间窗 W008,E00358,E00394,segment:红页L1HF:19,time_window:红页L1HF:19:8
913,时间窗 W008,采用液型,0.25%减阻水@时间窗 W008,E00394,E00395,time_window:红页L1HF:19:8,fluid_usage:红页L1HF:19:8:0.25%减阻水
914,0.25%减阻水@时间窗 W008,液型类别,液型 0.25%减阻水,E00395,E00022,fluid_usage:红页L1HF:19:8:0.25%减阻水,fluid_type:0.25%减阻水
915,0.25%减阻水@时间窗 W008,开始时间,2024-01-14 09:56:10,E00395,,fluid_usage:红页L1HF:19:8:0.25%减阻水,
916,0.25%减阻水@时间窗 W008,结束时间,2024-01-14 10:01:50,E00395,,fluid_usage:红页L1HF:19:8:0.25%减阻水,
917,0.25%减阻水@时间窗 W008,持续时间,5分钟40秒,E00395,,fluid_usage:红页L1HF:19:8:0.25%减阻水,
918,0.25%减阻水@时间窗 W008,泵压特征,"施工泵压变化 起86.54→止86.48，变化-0.06，均值86.4589，范围[86.12, 86.83]",E00395,E00396,fluid_usage:红页L1HF:19:8:0.25%减阻水,pressure_feature:红页L1HF:19:8
919,0.25%减阻水@时间窗 W008,排量特征,"排量变化 起24.07→止24.07，变化0，均值24.07，范围[24.07, 24.07]",E00395,E00397,fluid_usage:红页L1HF:19:8:0.25%减阻水,flow_feature:红页L1HF:19:8
920,0.25%减阻水@时间窗 W008,砂比特征,"砂比变化 起10.7→止0.5，变化-10.2，均值11.9759，范围[0.5, 13]",E00395,E00398,fluid_usage:红页L1HF:19:8:0.25%减阻水,sand_feature:红页L1HF:19:8
921,时间窗 W008,施工特征,"施工泵压变化 起86.54→止86.48，变化-0.06，均值86.4589，范围[86.12, 86.83]",E00394,E00396,time_window:红页L1HF:19:8,pressure_feature:红页L1HF:19:8
922,时间窗 W008,施工特征,"排量变化 起24.07→止24.07，变化0，均值24.07，范围[24.07, 24.07]",E00394,E00397,time_window:红页L1HF:19:8,flow_feature:红页L1HF:19:8
923,时间窗 W008,砂比特征,"砂比变化 起10.7→止0.5，变化-10.2，均值11.9759，范围[0.5, 13]",E00394,E00398,time_window:红页L1HF:19:8,sand_feature:红页L1HF:19:8
924,段 19,包含时间窗,时间窗 W009,E00358,E00399,segment:红页L1HF:19,time_window:红页L1HF:19:9
925,时间窗 W009,采用液型,0.12%减阻水@时间窗 W009,E00399,E00400,time_window:红页L1HF:19:9,fluid_usage:红页L1HF:19:9:0.12%减阻水
926,0.12%减阻水@时间窗 W009,液型类别,液型 0.12%减阻水,E00400,E00010,fluid_usage:红页L1HF:19:9:0.12%减阻水,fluid_type:0.12%减阻水
927,0.12%减阻水@时间窗 W009,开始时间,2024-01-14 10:02:00,E00400,,fluid_usage:红页L1HF:19:9:0.12%减阻水,
928,0.12%减阻水@时间窗 W009,结束时间,2024-01-14 10:38:10,E00400,,fluid_usage:红页L1HF:19:9:0.12%减阻水,
929,0.12%减阻水@时间窗 W009,持续时间,36分钟10秒,E00400,,fluid_usage:红页L1HF:19:9:0.12%减阻水,
930,0.12%减阻水@时间窗 W009,泵压特征,"施工泵压变化 起86.36→止0，变化-86.36，均值42.0909，范围[0, 86.36]",E00400,E00401,fluid_usage:红页L1HF:19:9:0.12%减阻水,pressure_feature:红页L1HF:19:9
931,0.12%减阻水@时间窗 W009,排量特征,"排量变化 起24.07→止0，变化-24.07，均值1.4574，范围[0, 24.08]",E00400,E00402,fluid_usage:红页L1HF:19:9:0.12%减阻水,flow_feature:红页L1HF:19:9
932,0.12%减阻水@时间窗 W009,砂比特征,砂比变化：0,E00400,E00403,fluid_usage:红页L1HF:19:9:0.12%减阻水,sand_feature:红页L1HF:19:9
933,时间窗 W009,施工特征,"施工泵压变化 起86.36→止0，变化-86.36，均值42.0909，范围[0, 86.36]",E00399,E00401,time_window:红页L1HF:19:9,pressure_feature:红页L1HF:19:9
934,时间窗 W009,施工特征,"排量变化 起24.07→止0，变化-24.07，均值1.4574，范围[0, 24.08]",E00399,E00402,time_window:红页L1HF:19:9,flow_feature:红页L1HF:19:9
935,时间窗 W009,砂比特征,砂比变化：0,E00399,E00403,time_window:红页L1HF:19:9,sand_feature:红页L1HF:19:9
936,井 红页L1HF,包含段,段 2,E00001,E00404,well:红页L1HF,segment:红页L1HF:2
937,段 2,包含时间窗,时间窗 W001,E00404,E00405,segment:红页L1HF:2,time_window:红页L1HF:2:1
938,时间窗 W001,采用液型,0@时间窗 W001,E00405,E00406,time_window:红页L1HF:2:1,fluid_usage:红页L1HF:2:1:0
939,0@时间窗 W001,液型类别,液型 0,E00406,E00044,fluid_usage:红页L1HF:2:1:0,fluid_type:0
940,0@时间窗 W001,开始时间,2024-01-05 08:41:30,E00406,,fluid_usage:红页L1HF:2:1:0,
941,0@时间窗 W001,结束时间,2024-01-05 08:43:10,E00406,,fluid_usage:红页L1HF:2:1:0,
942,0@时间窗 W001,持续时间,1分钟40秒,E00406,,fluid_usage:红页L1HF:2:1:0,
943,0@时间窗 W001,泵压特征,"施工泵压变化 起11.21→止14.24，变化3.03，均值13.225，范围[9.66, 14.24]",E00406,E00407,fluid_usage:红页L1HF:2:1:0,pressure_feature:红页L1HF:2:1
944,0@时间窗 W001,排量特征,"排量变化 起0→止0.26，变化0.26，均值0.0217，范围[0, 0.26]",E00406,E00408,fluid_usage:红页L1HF:2:1:0,flow_feature:红页L1HF:2:1
945,0@时间窗 W001,砂比特征,砂比变化：0,E00406,E00409,fluid_usage:红页L1HF:2:1:0,sand_feature:红页L1HF:2:1
946,时间窗 W001,施工特征,"施工泵压变化 起11.21→止14.24，变化3.03，均值13.225，范围[9.66, 14.24]",E00405,E00407,time_window:红页L1HF:2:1,pressure_feature:红页L1HF:2:1
947,时间窗 W001,施工特征,"排量变化 起0→止0.26，变化0.26，均值0.0217，范围[0, 0.26]",E00405,E00408,time_window:红页L1HF:2:1,flow_feature:红页L1HF:2:1
948,时间窗 W001,砂比特征,砂比变化：0,E00405,E00409,time_window:红页L1HF:2:1,sand_feature:红页L1HF:2:1
949,段 2,包含时间窗,时间窗 W002,E00404,E00410,segment:红页L1HF:2,time_window:红页L1HF:2:2
950,时间窗 W002,采用液型,0.12%减阻水@时间窗 W002,E00410,E00411,time_window:红页L1HF:2:2,fluid_usage:红页L1HF:2:2:0.12%减阻水
951,0.12%减阻水@时间窗 W002,液型类别,液型 0.12%减阻水,E00411,E00010,fluid_usage:红页L1HF:2:2:0.12%减阻水,fluid_type:0.12%减阻水
952,0.12%减阻水@时间窗 W002,开始时间,2024-01-05 08:43:20,E00411,,fluid_usage:红页L1HF:2:2:0.12%减阻水,
953,0.12%减阻水@时间窗 W002,结束时间,2024-01-05 08:47:00,E00411,,fluid_usage:红页L1HF:2:2:0.12%减阻水,
954,0.12%减阻水@时间窗 W002,持续时间,3分钟40秒,E00411,,fluid_usage:红页L1HF:2:2:0.12%减阻水,
955,0.12%减阻水@时间窗 W002,泵压特征,"施工泵压变化 起15.64→止42.13，变化26.49，均值31.4871，范围[15.64, 42.15]",E00411,E00412,fluid_usage:红页L1HF:2:2:0.12%减阻水,pressure_feature:红页L1HF:2:2
956,0.12%减阻水@时间窗 W002,排量特征,"排量变化 起0.45→止2.01，变化1.56，均值1.2833，范围[0.45, 2.12]",E00411,E00413,fluid_usage:红页L1HF:2:2:0.12%减阻水,flow_feature:红页L1HF:2:2
957,0.12%减阻水@时间窗 W002,砂比特征,砂比变化：0,E00411,E00414,fluid_usage:红页L1HF:2:2:0.12%减阻水,sand_feature:红页L1HF:2:2
958,时间窗 W002,施工特征,"施工泵压变化 起15.64→止42.13，变化26.49，均值31.4871，范围[15.64, 42.15]",E00410,E00412,time_window:红页L1HF:2:2,pressure_feature:红页L1HF:2:2
959,时间窗 W002,施工特征,"排量变化 起0.45→止2.01，变化1.56，均值1.2833，范围[0.45, 2.12]",E00410,E00413,time_window:红页L1HF:2:2,flow_feature:红页L1HF:2:2
960,时间窗 W002,砂比特征,砂比变化：0,E00410,E00414,time_window:红页L1HF:2:2,sand_feature:红页L1HF:2:2
961,段 2,包含时间窗,时间窗 W003,E00404,E00415,segment:红页L1HF:2,time_window:红页L1HF:2:3
962,时间窗 W003,采用液型,15%HCl@时间窗 W003,E00415,E00416,time_window:红页L1HF:2:3,fluid_usage:红页L1HF:2:3:15%HCl
963,15%HCl@时间窗 W003,液型类别,液型 15%HCl,E00416,E00016,fluid_usage:红页L1HF:2:3:15%HCl,fluid_type:15%HCl
964,15%HCl@时间窗 W003,开始时间,2024-01-05 08:47:10,E00416,,fluid_usage:红页L1HF:2:3:15%HCl,
965,15%HCl@时间窗 W003,结束时间,2024-01-05 08:57:10,E00416,,fluid_usage:红页L1HF:2:3:15%HCl,
966,15%HCl@时间窗 W003,持续时间,10分钟,E00416,,fluid_usage:红页L1HF:2:3:15%HCl,
967,15%HCl@时间窗 W003,泵压特征,"施工泵压变化 起42.13→止39.14，变化-2.99，均值40.7107，范围[39.14, 42.13]",E00416,E00417,fluid_usage:红页L1HF:2:3:15%HCl,pressure_feature:红页L1HF:2:3
968,15%HCl@时间窗 W003,排量特征,"排量变化 起2.01→止2.01，变化0，均值2.01，范围[2.01, 2.01]",E00416,E00418,fluid_usage:红页L1HF:2:3:15%HCl,flow_feature:红页L1HF:2:3
969,15%HCl@时间窗 W003,砂比特征,砂比变化：0,E00416,E00419,fluid_usage:红页L1HF:2:3:15%HCl,sand_feature:红页L1HF:2:3
970,时间窗 W003,施工特征,"施工泵压变化 起42.13→止39.14，变化-2.99，均值40.7107，范围[39.14, 42.13]",E00415,E00417,time_window:红页L1HF:2:3,pressure_feature:红页L1HF:2:3
971,时间窗 W003,施工特征,"排量变化 起2.01→止2.01，变化0，均值2.01，范围[2.01, 2.01]",E00415,E00418,time_window:红页L1HF:2:3,flow_feature:红页L1HF:2:3
972,时间窗 W003,砂比特征,砂比变化：0,E00415,E00419,time_window:红页L1HF:2:3,sand_feature:红页L1HF:2:3
973,段 2,包含时间窗,时间窗 W004,E00404,E00420,segment:红页L1HF:2,time_window:红页L1HF:2:4
974,时间窗 W004,采用液型,0.25%减阻水@时间窗 W004,E00420,E00421,time_window:红页L1HF:2:4,fluid_usage:红页L1HF:2:4:0.25%减阻水
975,0.25%减阻水@时间窗 W004,液型类别,液型 0.25%减阻水,E00421,E00022,fluid_usage:红页L1HF:2:4:0.25%减阻水,fluid_type:0.25%减阻水
976,0.25%减阻水@时间窗 W004,开始时间,2024-01-05 08:57:20,E00421,,fluid_usage:红页L1HF:2:4:0.25%减阻水,
977,0.25%减阻水@时间窗 W004,结束时间,2024-01-05 09:25:00,E00421,,fluid_usage:红页L1HF:2:4:0.25%减阻水,
978,0.25%减阻水@时间窗 W004,持续时间,27分钟40秒,E00421,,fluid_usage:红页L1HF:2:4:0.25%减阻水,
979,0.25%减阻水@时间窗 W004,泵压特征,"施工泵压变化 起39.04→止63.87，变化24.83，均值51.8617，范围[39, 87.98]",E00421,E00422,fluid_usage:红页L1HF:2:4:0.25%减阻水,pressure_feature:红页L1HF:2:4
980,0.25%减阻水@时间窗 W004,排量特征,"排量变化 起2.01→止23.98，变化21.97，均值8.5935，范围[2.01, 23.99]",E00421,E00423,fluid_usage:红页L1HF:2:4:0.25%减阻水,flow_feature:红页L1HF:2:4
981,0.25%减阻水@时间窗 W004,砂比特征,"砂比变化 起0.7→止0.7，变化0，均值0.7，范围[0.7, 0.7]",E00421,E00424,fluid_usage:红页L1HF:2:4:0.25%减阻水,sand_feature:红页L1HF:2:4
982,时间窗 W004,施工特征,"施工泵压变化 起39.04→止63.87，变化24.83，均值51.8617，范围[39, 87.98]",E00420,E00422,time_window:红页L1HF:2:4,pressure_feature:红页L1HF:2:4
983,时间窗 W004,施工特征,"排量变化 起2.01→止23.98，变化21.97，均值8.5935，范围[2.01, 23.99]",E00420,E00423,time_window:红页L1HF:2:4,flow_feature:红页L1HF:2:4
984,时间窗 W004,砂比特征,"砂比变化 起0.7→止0.7，变化0，均值0.7，范围[0.7, 0.7]",E00420,E00424,time_window:红页L1HF:2:4,sand_feature:红页L1HF:2:4
985,段 2,包含时间窗,时间窗 W005,E00404,E00425,segment:红页L1HF:2,time_window:红页L1HF:2:5
986,时间窗 W005,采用液型,0.12%减阻水@时间窗 W005,E00425,E00426,time_window:红页L1HF:2:5,fluid_usage:红页L1HF:2:5:0.12%减阻水
987,0.12%减阻水@时间窗 W005,液型类别,液型 0.12%减阻水,E00426,E00010,fluid_usage:红页L1HF:2:5:0.12%减阻水,fluid_type:0.12%减阻水
988,0.12%减阻水@时间窗 W005,开始时间,2024-01-05 09:25:10,E00426,,fluid_usage:红页L1HF:2:5:0.12%减阻水,
989,0.12%减阻水@时间窗 W005,结束时间,2024-01-05 10:33:20,E00426,,fluid_usage:红页L1HF:2:5:0.12%减阻水,
990,0.12%减阻水@时间窗 W005,持续时间,1小时8分钟10秒,E00426,,fluid_usage:红页L1HF:2:5:0.12%减阻水,
991,0.12%减阻水@时间窗 W005,泵压特征,"施工泵压变化 起64→止76.97，变化12.97，均值68.9419，范围[44.91, 77.57]",E00426,E00427,fluid_usage:红页L1HF:2:5:0.12%减阻水,pressure_feature:红页L1HF:2:5
992,0.12%减阻水@时间窗 W005,排量特征,"排量变化 起23.98→止24.06，变化0.08，均值22.8328，范围[11.59, 24.06]",E00426,E00428,fluid_usage:红页L1HF:2:5:0.12%减阻水,flow_feature:红页L1HF:2:5
993,0.12%减阻水@时间窗 W005,砂比特征,"砂比变化 起3.9→止0.6，变化-3.3，均值9.2769，范围[0.2, 12.4]",E00426,E00429,fluid_usage:红页L1HF:2:5:0.12%减阻水,sand_feature:红页L1HF:2:5
994,时间窗 W005,施工特征,"施工泵压变化 起64→止76.97，变化12.97，均值68.9419，范围[44.91, 77.57]",E00425,E00427,time_window:红页L1HF:2:5,pressure_feature:红页L1HF:2:5
995,时间窗 W005,施工特征,"排量变化 起23.98→止24.06，变化0.08，均值22.8328，范围[11.59, 24.06]",E00425,E00428,time_window:红页L1HF:2:5,flow_feature:红页L1HF:2:5
996,时间窗 W005,砂比特征,"砂比变化 起3.9→止0.6，变化-3.3，均值9.2769，范围[0.2, 12.4]",E00425,E00429,time_window:红页L1HF:2:5,sand_feature:红页L1HF:2:5
997,段 2,包含时间窗,时间窗 W006,E00404,E00430,segment:红页L1HF:2,time_window:红页L1HF:2:6
998,时间窗 W006,采用液型,0.25%减阻水@时间窗 W006,E00430,E00431,time_window:红页L1HF:2:6,fluid_usage:红页L1HF:2:6:0.25%减阻水
999,0.25%减阻水@时间窗 W006,液型类别,液型 0.25%减阻水,E00431,E00022,fluid_usage:红页L1HF:2:6:0.25%减阻水,fluid_type:0.25%减阻水
1000,0.25%减阻水@时间窗 W006,开始时间,2024-01-05 10:33:30,E00431,,fluid_usage:红页L1HF:2:6:0.25%减阻水,
1001,0.25%减阻水@时间窗 W006,结束时间,2024-01-05 10:41:10,E00431,,fluid_usage:红页L1HF:2:6:0.25%减阻水,
1002,0.25%减阻水@时间窗 W006,持续时间,7分钟40秒,E00431,,fluid_usage:红页L1HF:2:6:0.25%减阻水,
1003,0.25%减阻水@时间窗 W006,泵压特征,"施工泵压变化 起76.87→止75.84，变化-1.03，均值75.5394，范围[73.87, 76.88]",E00431,E00432,fluid_usage:红页L1HF:2:6:0.25%减阻水,pressure_feature:红页L1HF:2:6
1004,0.25%减阻水@时间窗 W006,排量特征,"排量变化 起24.06→止24.06，变化0，均值24.0574，范围[24.05, 24.06]",E00431,E00433,fluid_usage:红页L1HF:2:6:0.25%减阻水,flow_feature:红页L1HF:2:6
1005,0.25%减阻水@时间窗 W006,砂比特征,"砂比变化 起6.8→止1.1，变化-5.7，均值10.4362，范围[1.1, 13.6]",E00431,E00434,fluid_usage:红页L1HF:2:6:0.25%减阻水,sand_feature:红页L1HF:2:6
1006,时间窗 W006,施工特征,"施工泵压变化 起76.87→止75.84，变化-1.03，均值75.5394，范围[73.87, 76.88]",E00430,E00432,time_window:红页L1HF:2:6,pressure_feature:红页L1HF:2:6
1007,时间窗 W006,施工特征,"排量变化 起24.06→止24.06，变化0，均值24.0574，范围[24.05, 24.06]",E00430,E00433,time_window:红页L1HF:2:6,flow_feature:红页L1HF:2:6
1008,时间窗 W006,砂比特征,"砂比变化 起6.8→止1.1，变化-5.7，均值10.4362，范围[1.1, 13.6]",E00430,E00434,time_window:红页L1HF:2:6,sand_feature:红页L1HF:2:6
1009,段 2,包含时间窗,时间窗 W007,E00404,E00435,segment:红页L1HF:2,time_window:红页L1HF:2:7
1010,时间窗 W007,采用液型,0.18%减阻水@时间窗 W007,E00435,E00436,time_window:红页L1HF:2:7,fluid_usage:红页L1HF:2:7:0.18%减阻水
1011,0.18%减阻水@时间窗 W007,液型类别,液型 0.18%减阻水,E00436,E00033,fluid_usage:红页L1HF:2:7:0.18%减阻水,fluid_type:0.18%减阻水
1012,0.18%减阻水@时间窗 W007,开始时间,2024-01-05 10:41:20,E00436,,fluid_usage:红页L1HF:2:7:0.18%减阻水,
1013,0.18%减阻水@时间窗 W007,结束时间,2024-01-05 10:41:50,E00436,,fluid_usage:红页L1HF:2:7:0.18%减阻水,
1014,0.18%减阻水@时间窗 W007,持续时间,30秒,E00436,,fluid_usage:红页L1HF:2:7:0.18%减阻水,
1015,0.18%减阻水@时间窗 W007,泵压特征,"施工泵压变化 起75.87→止76.01，变化0.14，均值75.915，范围[75.85, 76.01]",E00436,E00437,fluid_usage:红页L1HF:2:7:0.18%减阻水,pressure_feature:红页L1HF:2:7
1016,0.18%减阻水@时间窗 W007,排量特征,"排量变化 起24.06→止24.06，变化0，均值24.06，范围[24.06, 24.06]",E00436,E00438,fluid_usage:红页L1HF:2:7:0.18%减阻水,flow_feature:红页L1HF:2:7
1017,0.18%减阻水@时间窗 W007,砂比特征,砂比变化：0,E00436,E00439,fluid_usage:红页L1HF:2:7:0.18%减阻水,sand_feature:红页L1HF:2:7
1018,时间窗 W007,施工特征,"施工泵压变化 起75.87→止76.01，变化0.14，均值75.915，范围[75.85, 76.01]",E00435,E00437,time_window:红页L1HF:2:7,pressure_feature:红页L1HF:2:7
1019,时间窗 W007,施工特征,"排量变化 起24.06→止24.06，变化0，均值24.06，范围[24.06, 24.06]",E00435,E00438,time_window:红页L1HF:2:7,flow_feature:红页L1HF:2:7
1020,时间窗 W007,砂比特征,砂比变化：0,E00435,E00439,time_window:红页L1HF:2:7,sand_feature:红页L1HF:2:7
1021,段 2,包含时间窗,时间窗 W008,E00404,E00440,segment:红页L1HF:2,time_window:红页L1HF:2:8
1022,时间窗 W008,采用液型,0.12%减阻水@时间窗 W008,E00440,E00441,time_window:红页L1HF:2:8,fluid_usage:红页L1HF:2:8:0.12%减阻水
1023,0.12%减阻水@时间窗 W008,液型类别,液型 0.12%减阻水,E00441,E00010,fluid_usage:红页L1HF:2:8:0.12%减阻水,fluid_type:0.12%减阻水
1024,0.12%减阻水@时间窗 W008,开始时间,2024-01-05 10:42:20,E00441,,fluid_usage:红页L1HF:2:8:0.12%减阻水,
1025,0.12%减阻水@时间窗 W008,结束时间,2024-01-05 10:45:50,E00441,,fluid_usage:红页L1HF:2:8:0.12%减阻水,
1026,0.12%减阻水@时间窗 W008,持续时间,3分钟30秒,E00441,,fluid_usage:红页L1HF:2:8:0.12%减阻水,
1027,0.12%减阻水@时间窗 W008,泵压特征,"施工泵压变化 起76.45→止35.24，变化-41.21，均值68.1329，范围[35.24, 76.54]",E00441,E00442,fluid_usage:红页L1HF:2:8:0.12%减阻水,pressure_feature:红页L1HF:2:8
1028,0.12%减阻水@时间窗 W008,排量特征,"排量变化 起24.06→止1.81，变化-22.25，均值21.01，范围[1.81, 24.06]",E00441,E00443,fluid_usage:红页L1HF:2:8:0.12%减阻水,flow_feature:红页L1HF:2:8
1029,0.12%减阻水@时间窗 W008,砂比特征,砂比变化：0,E00441,E00444,fluid_usage:红页L1HF:2:8:0.12%减阻水,sand_feature:红页L1HF:2:8
1030,时间窗 W008,施工特征,"施工泵压变化 起76.45→止35.24，变化-41.21，均值68.1329，范围[35.24, 76.54]",E00440,E00442,time_window:红页L1HF:2:8,pressure_feature:红页L1HF:2:8
1031,时间窗 W008,施工特征,"排量变化 起24.06→止1.81，变化-22.25，均值21.01，范围[1.81, 24.06]",E00440,E00443,time_window:红页L1HF:2:8,flow_feature:红页L1HF:2:8
1032,时间窗 W008,砂比特征,砂比变化：0,E00440,E00444,time_window:红页L1HF:2:8,sand_feature:红页L1HF:2:8
1033,段 2,包含时间窗,时间窗 W009,E00404,E00445,segment:红页L1HF:2,time_window:红页L1HF:2:9
1034,时间窗 W009,采用液型,0@时间窗 W009,E00445,E00446,time_window:红页L1HF:2:9,fluid_usage:红页L1HF:2:9:0
1035,0@时间窗 W009,液型类别,液型 0,E00446,E00044,fluid_usage:红页L1HF:2:9:0,fluid_type:0
1036,0@时间窗 W009,开始时间,2024-01-05 10:46:00,E00446,,fluid_usage:红页L1HF:2:9:0,
1037,0@时间窗 W009,结束时间,2024-01-05 11:21:10,E00446,,fluid_usage:红页L1HF:2:9:0,
1038,0@时间窗 W009,持续时间,35分钟10秒,E00446,,fluid_usage:红页L1HF:2:9:0,
1039,0@时间窗 W009,泵压特征,"施工泵压变化 起35.08→止0.22，变化-34.86，均值24.2674，范围[0.22, 35.14]",E00446,E00447,fluid_usage:红页L1HF:2:9:0,pressure_feature:红页L1HF:2:9
1040,0@时间窗 W009,排量特征,"排量变化 起0→止0，变化0，均值0，范围[0, 0]",E00446,E00448,fluid_usage:红页L1HF:2:9:0,flow_feature:红页L1HF:2:9
1041,0@时间窗 W009,砂比特征,砂比变化：0,E00446,E00449,fluid_usage:红页L1HF:2:9:0,sand_feature:红页L1HF:2:9
1042,时间窗 W009,施工特征,"施工泵压变化 起35.08→止0.22，变化-34.86，均值24.2674，范围[0.22, 35.14]",E00445,E00447,time_window:红页L1HF:2:9,pressure_feature:红页L1HF:2:9
1043,时间窗 W009,施工特征,"排量变化 起0→止0，变化0，均值0，范围[0, 0]",E00445,E00448,time_window:红页L1HF:2:9,flow_feature:红页L1HF:2:9
1044,时间窗 W009,砂比特征,砂比变化：0,E00445,E00449,time_window:红页L1HF:2:9,sand_feature:红页L1HF:2:9
1045,井 红页L1HF,包含段,段 20,E00001,E00450,well:红页L1HF,segment:红页L1HF:20
1046,段 20,包含时间窗,时间窗 W001,E00450,E00451,segment:红页L1HF:20,time_window:红页L1HF:20:1
1047,时间窗 W001,采用液型,0.12%减阻水@时间窗 W001,E00451,E00452,time_window:红页L1HF:20:1,fluid_usage:红页L1HF:20:1:0.12%减阻水
1048,0.12%减阻水@时间窗 W001,液型类别,液型 0.12%减阻水,E00452,E00010,fluid_usage:红页L1HF:20:1:0.12%减阻水,fluid_type:0.12%减阻水
1049,0.12%减阻水@时间窗 W001,开始时间,2024-01-14 14:05:00,E00452,,fluid_usage:红页L1HF:20:1:0.12%减阻水,
1050,0.12%减阻水@时间窗 W001,结束时间,2024-01-14 14:08:00,E00452,,fluid_usage:红页L1HF:20:1:0.12%减阻水,
1051,0.12%减阻水@时间窗 W001,持续时间,3分钟,E00452,,fluid_usage:红页L1HF:20:1:0.12%减阻水,
1052,0.12%减阻水@时间窗 W001,泵压特征,"施工泵压变化 起20.13→止43.47，变化23.34，均值35.095，范围[20.13, 43.47]",E00452,E00453,fluid_usage:红页L1HF:20:1:0.12%减阻水,pressure_feature:红页L1HF:20:1
1053,0.12%减阻水@时间窗 W001,排量特征,"排量变化 起0.24→止1.99，变化1.75，均值1.6117，范围[0.24, 1.99]",E00452,E00454,fluid_usage:红页L1HF:20:1:0.12%减阻水,flow_feature:红页L1HF:20:1
1054,0.12%减阻水@时间窗 W001,砂比特征,砂比变化：0,E00452,E00455,fluid_usage:红页L1HF:20:1:0.12%减阻水,sand_feature:红页L1HF:20:1
1055,时间窗 W001,施工特征,"施工泵压变化 起20.13→止43.47，变化23.34，均值35.095，范围[20.13, 43.47]",E00451,E00453,time_window:红页L1HF:20:1,pressure_feature:红页L1HF:20:1
1056,时间窗 W001,施工特征,"排量变化 起0.24→止1.99，变化1.75，均值1.6117，范围[0.24, 1.99]",E00451,E00454,time_window:红页L1HF:20:1,flow_feature:红页L1HF:20:1
1057,时间窗 W001,砂比特征,砂比变化：0,E00451,E00455,time_window:红页L1HF:20:1,sand_feature:红页L1HF:20:1
1058,段 20,包含时间窗,时间窗 W002,E00450,E00456,segment:红页L1HF:20,time_window:红页L1HF:20:2
1059,时间窗 W002,采用液型,15%HCl@时间窗 W002,E00456,E00457,time_window:红页L1HF:20:2,fluid_usage:红页L1HF:20:2:15%HCl
1060,15%HCl@时间窗 W002,液型类别,液型 15%HCl,E00457,E00016,fluid_usage:红页L1HF:20:2:15%HCl,fluid_type:15%HCl
1061,15%HCl@时间窗 W002,开始时间,2024-01-14 14:08:10,E00457,,fluid_usage:红页L1HF:20:2:15%HCl,
1062,15%HCl@时间窗 W002,结束时间,2024-01-14 14:13:00,E00457,,fluid_usage:红页L1HF:20:2:15%HCl,
1063,15%HCl@时间窗 W002,持续时间,4分钟50秒,E00457,,fluid_usage:红页L1HF:20:2:15%HCl,
1064,15%HCl@时间窗 W002,泵压特征,"施工泵压变化 起43.85→止48.02，变化4.17，均值46.6453，范围[43.85, 48.02]",E00457,E00458,fluid_usage:红页L1HF:20:2:15%HCl,pressure_feature:红页L1HF:20:2
1065,15%HCl@时间窗 W002,排量特征,"排量变化 起1.99→止1.99，变化0，均值1.99，范围[1.99, 1.99]",E00457,E00459,fluid_usage:红页L1HF:20:2:15%HCl,flow_feature:红页L1HF:20:2
1066,15%HCl@时间窗 W002,砂比特征,砂比变化：0,E00457,E00460,fluid_usage:红页L1HF:20:2:15%HCl,sand_feature:红页L1HF:20:2
1067,时间窗 W002,施工特征,"施工泵压变化 起43.85→止48.02，变化4.17，均值46.6453，范围[43.85, 48.02]",E00456,E00458,time_window:红页L1HF:20:2,pressure_feature:红页L1HF:20:2
1068,时间窗 W002,施工特征,"排量变化 起1.99→止1.99，变化0，均值1.99，范围[1.99, 1.99]",E00456,E00459,time_window:红页L1HF:20:2,flow_feature:红页L1HF:20:2
1069,时间窗 W002,砂比特征,砂比变化：0,E00456,E00460,time_window:红页L1HF:20:2,sand_feature:红页L1HF:20:2
1070,段 20,包含时间窗,时间窗 W003,E00450,E00461,segment:红页L1HF:20,time_window:红页L1HF:20:3
1071,时间窗 W003,采用液型,0.25%减阻水@时间窗 W003,E00461,E00462,time_window:红页L1HF:20:3,fluid_usage:红页L1HF:20:3:0.25%减阻水
1072,0.25%减阻水@时间窗 W003,液型类别,液型 0.25%减阻水,E00462,E00022,fluid_usage:红页L1HF:20:3:0.25%减阻水,fluid_type:0.25%减阻水
1073,0.25%减阻水@时间窗 W003,开始时间,2024-01-14 14:13:10,E00462,,fluid_usage:红页L1HF:20:3:0.25%减阻水,
1074,0.25%减阻水@时间窗 W003,结束时间,2024-01-14 14:39:10,E00462,,fluid_usage:红页L1HF:20:3:0.25%减阻水,
1075,0.25%减阻水@时间窗 W003,持续时间,26分钟,E00462,,fluid_usage:红页L1HF:20:3:0.25%减阻水,
1076,0.25%减阻水@时间窗 W003,泵压特征,"施工泵压变化 起48.05→止72.7，变化24.65，均值65.2126，范围[48.05, 87.5]",E00462,E00463,fluid_usage:红页L1HF:20:3:0.25%减阻水,pressure_feature:红页L1HF:20:3
1077,0.25%减阻水@时间窗 W003,排量特征,"排量变化 起1.99→止22.07，变化20.08，均值10.8616，范围[1.99, 22.07]",E00462,E00464,fluid_usage:红页L1HF:20:3:0.25%减阻水,flow_feature:红页L1HF:20:3
1078,0.25%减阻水@时间窗 W003,砂比特征,砂比变化：0,E00462,E00465,fluid_usage:红页L1HF:20:3:0.25%减阻水,sand_feature:红页L1HF:20:3
1079,时间窗 W003,施工特征,"施工泵压变化 起48.05→止72.7，变化24.65，均值65.2126，范围[48.05, 87.5]",E00461,E00463,time_window:红页L1HF:20:3,pressure_feature:红页L1HF:20:3
1080,时间窗 W003,施工特征,"排量变化 起1.99→止22.07，变化20.08，均值10.8616，范围[1.99, 22.07]",E00461,E00464,time_window:红页L1HF:20:3,flow_feature:红页L1HF:20:3
1081,时间窗 W003,砂比特征,砂比变化：0,E00461,E00465,time_window:红页L1HF:20:3,sand_feature:红页L1HF:20:3
1082,段 20,包含时间窗,时间窗 W004,E00450,E00466,segment:红页L1HF:20,time_window:红页L1HF:20:4
1083,时间窗 W004,采用液型,0.18%减阻水@时间窗 W004,E00466,E00467,time_window:红页L1HF:20:4,fluid_usage:红页L1HF:20:4:0.18%减阻水
1084,0.18%减阻水@时间窗 W004,液型类别,液型 0.18%减阻水,E00467,E00033,fluid_usage:红页L1HF:20:4:0.18%减阻水,fluid_type:0.18%减阻水
1085,0.18%减阻水@时间窗 W004,开始时间,2024-01-14 14:39:20,E00467,,fluid_usage:红页L1HF:20:4:0.18%减阻水,
1086,0.18%减阻水@时间窗 W004,结束时间,2024-01-14 14:46:20,E00467,,fluid_usage:红页L1HF:20:4:0.18%减阻水,
1087,0.18%减阻水@时间窗 W004,持续时间,7分钟,E00467,,fluid_usage:红页L1HF:20:4:0.18%减阻水,
1088,0.18%减阻水@时间窗 W004,泵压特征,"施工泵压变化 起72.71→止73.25，变化0.54，均值73.1695，范围[72.71, 73.85]",E00467,E00468,fluid_usage:红页L1HF:20:4:0.18%减阻水,pressure_feature:红页L1HF:20:4
1089,0.18%减阻水@时间窗 W004,排量特征,"排量变化 起22.07→止22.07，变化0，均值22.07，范围[22.07, 22.07]",E00467,E00469,fluid_usage:红页L1HF:20:4:0.18%减阻水,flow_feature:红页L1HF:20:4
1090,0.18%减阻水@时间窗 W004,砂比特征,"砂比变化 起2.8→止7，变化4.2，均值6.4588，范围[2.8, 7]",E00467,E00470,fluid_usage:红页L1HF:20:4:0.18%减阻水,sand_feature:红页L1HF:20:4
1091,时间窗 W004,施工特征,"施工泵压变化 起72.71→止73.25，变化0.54，均值73.1695，范围[72.71, 73.85]",E00466,E00468,time_window:红页L1HF:20:4,pressure_feature:红页L1HF:20:4
1092,时间窗 W004,施工特征,"排量变化 起22.07→止22.07，变化0，均值22.07，范围[22.07, 22.07]",E00466,E00469,time_window:红页L1HF:20:4,flow_feature:红页L1HF:20:4
1093,时间窗 W004,砂比特征,"砂比变化 起2.8→止7，变化4.2，均值6.4588，范围[2.8, 7]",E00466,E00470,time_window:红页L1HF:20:4,sand_feature:红页L1HF:20:4
1094,段 20,包含时间窗,时间窗 W005,E00450,E00471,segment:红页L1HF:20,time_window:红页L1HF:20:5
1095,时间窗 W005,采用液型,0.12%减阻水@时间窗 W005,E00471,E00472,time_window:红页L1HF:20:5,fluid_usage:红页L1HF:20:5:0.12%减阻水
1096,0.12%减阻水@时间窗 W005,液型类别,液型 0.12%减阻水,E00472,E00010,fluid_usage:红页L1HF:20:5:0.12%减阻水,fluid_type:0.12%减阻水
1097,0.12%减阻水@时间窗 W005,开始时间,2024-01-14 14:46:30,E00472,,fluid_usage:红页L1HF:20:5:0.12%减阻水,
1098,0.12%减阻水@时间窗 W005,结束时间,2024-01-14 15:29:20,E00472,,fluid_usage:红页L1HF:20:5:0.12%减阻水,
1099,0.12%减阻水@时间窗 W005,持续时间,42分钟50秒,E00472,,fluid_usage:红页L1HF:20:5:0.12%减阻水,
1100,0.12%减阻水@时间窗 W005,泵压特征,"施工泵压变化 起73.21→止82.54，变化9.33，均值78.9656，范围[73.04, 82.54]",E00472,E00473,fluid_usage:红页L1HF:20:5:0.12%减阻水,pressure_feature:红页L1HF:20:5
1101,0.12%减阻水@时间窗 W005,排量特征,"排量变化 起22.07→止24.03，变化1.96，均值23.7532，范围[22.07, 24.04]",E00472,E00474,fluid_usage:红页L1HF:20:5:0.12%减阻水,flow_feature:红页L1HF:20:5
1102,0.12%减阻水@时间窗 W005,砂比特征,"砂比变化 起7→止9.2，变化2.2，均值9.7517，范围[0.1, 13]",E00472,E00475,fluid_usage:红页L1HF:20:5:0.12%减阻水,sand_feature:红页L1HF:20:5
1103,时间窗 W005,施工特征,"施工泵压变化 起73.21→止82.54，变化9.33，均值78.9656，范围[73.04, 82.54]",E00471,E00473,time_window:红页L1HF:20:5,pressure_feature:红页L1HF:20:5
1104,时间窗 W005,施工特征,"排量变化 起22.07→止24.03，变化1.96，均值23.7532，范围[22.07, 24.04]",E00471,E00474,time_window:红页L1HF:20:5,flow_feature:红页L1HF:20:5
1105,时间窗 W005,砂比特征,"砂比变化 起7→止9.2，变化2.2，均值9.7517，范围[0.1, 13]",E00471,E00475,time_window:红页L1HF:20:5,sand_feature:红页L1HF:20:5
1106,段 20,包含时间窗,时间窗 W006,E00450,E00476,segment:红页L1HF:20,time_window:红页L1HF:20:6
1107,时间窗 W006,采用液型,0.18%减阻水@时间窗 W006,E00476,E00477,time_window:红页L1HF:20:6,fluid_usage:红页L1HF:20:6:0.18%减阻水
1108,0.18%减阻水@时间窗 W006,液型类别,液型 0.18%减阻水,E00477,E00033,fluid_usage:红页L1HF:20:6:0.18%减阻水,fluid_type:0.18%减阻水
1109,0.18%减阻水@时间窗 W006,开始时间,2024-01-14 15:29:30,E00477,,fluid_usage:红页L1HF:20:6:0.18%减阻水,
1110,0.18%减阻水@时间窗 W006,结束时间,2024-01-14 15:34:40,E00477,,fluid_usage:红页L1HF:20:6:0.18%减阻水,
1111,0.18%减阻水@时间窗 W006,持续时间,5分钟10秒,E00477,,fluid_usage:红页L1HF:20:6:0.18%减阻水,
1112,0.18%减阻水@时间窗 W006,泵压特征,"施工泵压变化 起82.5→止81.91，变化-0.59，均值82.0863，范围[81.75, 82.54]",E00477,E00478,fluid_usage:红页L1HF:20:6:0.18%减阻水,pressure_feature:红页L1HF:20:6
1113,0.18%减阻水@时间窗 W006,排量特征,"排量变化 起24.03→止24.02，变化-0.01，均值24.0272，范围[24.02, 24.03]",E00477,E00479,fluid_usage:红页L1HF:20:6:0.18%减阻水,flow_feature:红页L1HF:20:6
1114,0.18%减阻水@时间窗 W006,砂比特征,"砂比变化 起10.3→止5.3，变化-5，均值11.2774，范围[5.3, 12]",E00477,E00480,fluid_usage:红页L1HF:20:6:0.18%减阻水,sand_feature:红页L1HF:20:6
1115,时间窗 W006,施工特征,"施工泵压变化 起82.5→止81.91，变化-0.59，均值82.0863，范围[81.75, 82.54]",E00476,E00478,time_window:红页L1HF:20:6,pressure_feature:红页L1HF:20:6
1116,时间窗 W006,施工特征,"排量变化 起24.03→止24.02，变化-0.01，均值24.0272，范围[24.02, 24.03]",E00476,E00479,time_window:红页L1HF:20:6,flow_feature:红页L1HF:20:6
1117,时间窗 W006,砂比特征,"砂比变化 起10.3→止5.3，变化-5，均值11.2774，范围[5.3, 12]",E00476,E00480,time_window:红页L1HF:20:6,sand_feature:红页L1HF:20:6
1118,段 20,包含时间窗,时间窗 W007,E00450,E00481,segment:红页L1HF:20,time_window:红页L1HF:20:7
1119,时间窗 W007,采用液型,0.12%减阻水@时间窗 W007,E00481,E00482,time_window:红页L1HF:20:7,fluid_usage:红页L1HF:20:7:0.12%减阻水
1120,0.12%减阻水@时间窗 W007,液型类别,液型 0.12%减阻水,E00482,E00010,fluid_usage:红页L1HF:20:7:0.12%减阻水,fluid_type:0.12%减阻水
1121,0.12%减阻水@时间窗 W007,开始时间,2024-01-14 15:34:50,E00482,,fluid_usage:红页L1HF:20:7:0.12%减阻水,
1122,0.12%减阻水@时间窗 W007,结束时间,2024-01-14 16:16:20,E00482,,fluid_usage:红页L1HF:20:7:0.12%减阻水,
1123,0.12%减阻水@时间窗 W007,持续时间,41分钟30秒,E00482,,fluid_usage:红页L1HF:20:7:0.12%减阻水,
1124,0.12%减阻水@时间窗 W007,泵压特征,"施工泵压变化 起81.98→止86.76，变化4.78，均值84.5343，范围[72.34, 87.44]",E00482,E00483,fluid_usage:红页L1HF:20:7:0.12%减阻水,pressure_feature:红页L1HF:20:7
1125,0.12%减阻水@时间窗 W007,排量特征,"排量变化 起24.02→止24.01，变化-0.01，均值23.8605，范围[19.89, 24.05]",E00482,E00484,fluid_usage:红页L1HF:20:7:0.12%减阻水,flow_feature:红页L1HF:20:7
1126,0.12%减阻水@时间窗 W007,砂比特征,"砂比变化 起8.5→止11，变化2.5，均值9.778，范围[1.9, 12.1]",E00482,E00485,fluid_usage:红页L1HF:20:7:0.12%减阻水,sand_feature:红页L1HF:20:7
1127,时间窗 W007,施工特征,"施工泵压变化 起81.98→止86.76，变化4.78，均值84.5343，范围[72.34, 87.44]",E00481,E00483,time_window:红页L1HF:20:7,pressure_feature:红页L1HF:20:7
1128,时间窗 W007,施工特征,"排量变化 起24.02→止24.01，变化-0.01，均值23.8605，范围[19.89, 24.05]",E00481,E00484,time_window:红页L1HF:20:7,flow_feature:红页L1HF:20:7
1129,时间窗 W007,砂比特征,"砂比变化 起8.5→止11，变化2.5，均值9.778，范围[1.9, 12.1]",E00481,E00485,time_window:红页L1HF:20:7,sand_feature:红页L1HF:20:7
1130,段 20,包含时间窗,时间窗 W008,E00450,E00486,segment:红页L1HF:20,time_window:红页L1HF:20:8
1131,时间窗 W008,采用液型,0.25%减阻水@时间窗 W008,E00486,E00487,time_window:红页L1HF:20:8,fluid_usage:红页L1HF:20:8:0.25%减阻水
1132,0.25%减阻水@时间窗 W008,液型类别,液型 0.25%减阻水,E00487,E00022,fluid_usage:红页L1HF:20:8:0.25%减阻水,fluid_type:0.25%减阻水
1133,0.25%减阻水@时间窗 W008,开始时间,2024-01-14 16:16:30,E00487,,fluid_usage:红页L1HF:20:8:0.25%减阻水,
1134,0.25%减阻水@时间窗 W008,结束时间,2024-01-14 16:21:51,E00487,,fluid_usage:红页L1HF:20:8:0.25%减阻水,
1135,0.25%减阻水@时间窗 W008,持续时间,5分钟21秒,E00487,,fluid_usage:红页L1HF:20:8:0.25%减阻水,
1136,0.25%减阻水@时间窗 W008,泵压特征,"施工泵压变化 起86.75→止86.01，变化-0.74，均值86.1638，范围[85.89, 86.75]",E00487,E00488,fluid_usage:红页L1HF:20:8:0.25%减阻水,pressure_feature:红页L1HF:20:8
1137,0.25%减阻水@时间窗 W008,排量特征,"排量变化 起24.01→止24.01，变化0，均值24.005，范围[24, 24.01]",E00487,E00489,fluid_usage:红页L1HF:20:8:0.25%减阻水,flow_feature:红页L1HF:20:8
1138,0.25%减阻水@时间窗 W008,砂比特征,"砂比变化 起11.6→止1.7，变化-9.9，均值12.063，范围[1.7, 13]",E00487,E00490,fluid_usage:红页L1HF:20:8:0.25%减阻水,sand_feature:红页L1HF:20:8
1139,时间窗 W008,施工特征,"施工泵压变化 起86.75→止86.01，变化-0.74，均值86.1638，范围[85.89, 86.75]",E00486,E00488,time_window:红页L1HF:20:8,pressure_feature:红页L1HF:20:8
1140,时间窗 W008,施工特征,"排量变化 起24.01→止24.01，变化0，均值24.005，范围[24, 24.01]",E00486,E00489,time_window:红页L1HF:20:8,flow_feature:红页L1HF:20:8
1141,时间窗 W008,砂比特征,"砂比变化 起11.6→止1.7，变化-9.9，均值12.063，范围[1.7, 13]",E00486,E00490,time_window:红页L1HF:20:8,sand_feature:红页L1HF:20:8
1142,段 20,包含时间窗,时间窗 W009,E00450,E00491,segment:红页L1HF:20,time_window:红页L1HF:20:9
1143,时间窗 W009,采用液型,0.12%减阻水@时间窗 W009,E00491,E00492,time_window:红页L1HF:20:9,fluid_usage:红页L1HF:20:9:0.12%减阻水
1144,0.12%减阻水@时间窗 W009,液型类别,液型 0.12%减阻水,E00492,E00010,fluid_usage:红页L1HF:20:9:0.12%减阻水,fluid_type:0.12%减阻水
1145,0.12%减阻水@时间窗 W009,开始时间,2024-01-14 16:22:00,E00492,,fluid_usage:红页L1HF:20:9:0.12%减阻水,
1146,0.12%减阻水@时间窗 W009,结束时间,2024-01-14 16:57:00,E00492,,fluid_usage:红页L1HF:20:9:0.12%减阻水,
1147,0.12%减阻水@时间窗 W009,持续时间,35分钟,E00492,,fluid_usage:红页L1HF:20:9:0.12%减阻水,
1148,0.12%减阻水@时间窗 W009,泵压特征,"施工泵压变化 起86.01→止0，变化-86.01，均值41.5435，范围[0, 86.04]",E00492,E00493,fluid_usage:红页L1HF:20:9:0.12%减阻水,pressure_feature:红页L1HF:20:9
1149,0.12%减阻水@时间窗 W009,排量特征,"排量变化 起24.02→止0，变化-24.02，均值1.4648，范围[0, 24.03]",E00492,E00494,fluid_usage:红页L1HF:20:9:0.12%减阻水,flow_feature:红页L1HF:20:9
1150,0.12%减阻水@时间窗 W009,砂比特征,砂比变化：0,E00492,E00495,fluid_usage:红页L1HF:20:9:0.12%减阻水,sand_feature:红页L1HF:20:9
1151,时间窗 W009,施工特征,"施工泵压变化 起86.01→止0，变化-86.01，均值41.5435，范围[0, 86.04]",E00491,E00493,time_window:红页L1HF:20:9,pressure_feature:红页L1HF:20:9
1152,时间窗 W009,施工特征,"排量变化 起24.02→止0，变化-24.02，均值1.4648，范围[0, 24.03]",E00491,E00494,time_window:红页L1HF:20:9,flow_feature:红页L1HF:20:9
1153,时间窗 W009,砂比特征,砂比变化：0,E00491,E00495,time_window:红页L1HF:20:9,sand_feature:红页L1HF:20:9
1154,井 红页L1HF,包含段,段 21,E00001,E00496,well:红页L1HF,segment:红页L1HF:21
1155,段 21,包含时间窗,时间窗 W001,E00496,E00497,segment:红页L1HF:21,time_window:红页L1HF:21:1
1156,时间窗 W001,采用液型,0.12%减阻水@时间窗 W001,E00497,E00498,time_window:红页L1HF:21:1,fluid_usage:红页L1HF:21:1:0.12%减阻水
1157,0.12%减阻水@时间窗 W001,液型类别,液型 0.12%减阻水,E00498,E00010,fluid_usage:红页L1HF:21:1:0.12%减阻水,fluid_type:0.12%减阻水
1158,0.12%减阻水@时间窗 W001,开始时间,2024-01-15 08:33:10,E00498,,fluid_usage:红页L1HF:21:1:0.12%减阻水,
1159,0.12%减阻水@时间窗 W001,结束时间,2024-01-15 08:35:40,E00498,,fluid_usage:红页L1HF:21:1:0.12%减阻水,
1160,0.12%减阻水@时间窗 W001,持续时间,2分钟30秒,E00498,,fluid_usage:红页L1HF:21:1:0.12%减阻水,
1161,0.12%减阻水@时间窗 W001,泵压特征,"施工泵压变化 起17.51→止49.36，变化31.85，均值38.2031，范围[17.51, 49.36]",E00498,E00499,fluid_usage:红页L1HF:21:1:0.12%减阻水,pressure_feature:红页L1HF:21:1
1162,0.12%减阻水@时间窗 W001,排量特征,"排量变化 起0.54→止2，变化1.46，均值1.835，范围[0.54, 2.18]",E00498,E00500,fluid_usage:红页L1HF:21:1:0.12%减阻水,flow_feature:红页L1HF:21:1
1163,0.12%减阻水@时间窗 W001,砂比特征,砂比变化：0,E00498,E00501,fluid_usage:红页L1HF:21:1:0.12%减阻水,sand_feature:红页L1HF:21:1
1164,时间窗 W001,施工特征,"施工泵压变化 起17.51→止49.36，变化31.85，均值38.2031，范围[17.51, 49.36]",E00497,E00499,time_window:红页L1HF:21:1,pressure_feature:红页L1HF:21:1
1165,时间窗 W001,施工特征,"排量变化 起0.54→止2，变化1.46，均值1.835，范围[0.54, 2.18]",E00497,E00500,time_window:红页L1HF:21:1,flow_feature:红页L1HF:21:1
1166,时间窗 W001,砂比特征,砂比变化：0,E00497,E00501,time_window:红页L1HF:21:1,sand_feature:红页L1HF:21:1
1167,段 21,包含时间窗,时间窗 W002,E00496,E00502,segment:红页L1HF:21,time_window:红页L1HF:21:2
1168,时间窗 W002,采用液型,15%HCl@时间窗 W002,E00502,E00503,time_window:红页L1HF:21:2,fluid_usage:红页L1HF:21:2:15%HCl
1169,15%HCl@时间窗 W002,液型类别,液型 15%HCl,E00503,E00016,fluid_usage:红页L1HF:21:2:15%HCl,fluid_type:15%HCl
1170,15%HCl@时间窗 W002,开始时间,2024-01-15 08:35:50,E00503,,fluid_usage:红页L1HF:21:2:15%HCl,
1171,15%HCl@时间窗 W002,结束时间,2024-01-15 08:40:50,E00503,,fluid_usage:红页L1HF:21:2:15%HCl,
1172,15%HCl@时间窗 W002,持续时间,5分钟,E00503,,fluid_usage:红页L1HF:21:2:15%HCl,
1173,15%HCl@时间窗 W002,泵压特征,"施工泵压变化 起49.84→止51.26，变化1.42，均值51.5094，范围[49.84, 52]",E00503,E00504,fluid_usage:红页L1HF:21:2:15%HCl,pressure_feature:红页L1HF:21:2
1174,15%HCl@时间窗 W002,排量特征,"排量变化 起2→止2，变化0，均值2，范围[2, 2]",E00503,E00505,fluid_usage:红页L1HF:21:2:15%HCl,flow_feature:红页L1HF:21:2
1175,15%HCl@时间窗 W002,砂比特征,砂比变化：0,E00503,E00506,fluid_usage:红页L1HF:21:2:15%HCl,sand_feature:红页L1HF:21:2
1176,时间窗 W002,施工特征,"施工泵压变化 起49.84→止51.26，变化1.42，均值51.5094，范围[49.84, 52]",E00502,E00504,time_window:红页L1HF:21:2,pressure_feature:红页L1HF:21:2
1177,时间窗 W002,施工特征,"排量变化 起2→止2，变化0，均值2，范围[2, 2]",E00502,E00505,time_window:红页L1HF:21:2,flow_feature:红页L1HF:21:2
1178,时间窗 W002,砂比特征,砂比变化：0,E00502,E00506,time_window:红页L1HF:21:2,sand_feature:红页L1HF:21:2
1179,段 21,包含时间窗,时间窗 W003,E00496,E00507,segment:红页L1HF:21,time_window:红页L1HF:21:3
1180,时间窗 W003,采用液型,0.25%减阻水@时间窗 W003,E00507,E00508,time_window:红页L1HF:21:3,fluid_usage:红页L1HF:21:3:0.25%减阻水
1181,0.25%减阻水@时间窗 W003,液型类别,液型 0.25%减阻水,E00508,E00022,fluid_usage:红页L1HF:21:3:0.25%减阻水,fluid_type:0.25%减阻水
1182,0.25%减阻水@时间窗 W003,开始时间,2024-01-15 08:41:00,E00508,,fluid_usage:红页L1HF:21:3:0.25%减阻水,
1183,0.25%减阻水@时间窗 W003,结束时间,2024-01-15 09:08:10,E00508,,fluid_usage:红页L1HF:21:3:0.25%减阻水,
1184,0.25%减阻水@时间窗 W003,持续时间,27分钟10秒,E00508,,fluid_usage:红页L1HF:21:3:0.25%减阻水,
1185,0.25%减阻水@时间窗 W003,泵压特征,"施工泵压变化 起51.09→止79.67，变化28.58，均值67.1934，范围[50.56, 85.07]",E00508,E00509,fluid_usage:红页L1HF:21:3:0.25%减阻水,pressure_feature:红页L1HF:21:3
1186,0.25%减阻水@时间窗 W003,排量特征,"排量变化 起2→止24.02，变化22.02，均值10.8827，范围[2, 24.02]",E00508,E00510,fluid_usage:红页L1HF:21:3:0.25%减阻水,flow_feature:红页L1HF:21:3
1187,0.25%减阻水@时间窗 W003,砂比特征,"砂比变化 起1.9→止1.9，变化0，均值1.9，范围[1.9, 1.9]",E00508,E00511,fluid_usage:红页L1HF:21:3:0.25%减阻水,sand_feature:红页L1HF:21:3
1188,时间窗 W003,施工特征,"施工泵压变化 起51.09→止79.67，变化28.58，均值67.1934，范围[50.56, 85.07]",E00507,E00509,time_window:红页L1HF:21:3,pressure_feature:红页L1HF:21:3
1189,时间窗 W003,施工特征,"排量变化 起2→止24.02，变化22.02，均值10.8827，范围[2, 24.02]",E00507,E00510,time_window:红页L1HF:21:3,flow_feature:红页L1HF:21:3
1190,时间窗 W003,砂比特征,"砂比变化 起1.9→止1.9，变化0，均值1.9，范围[1.9, 1.9]",E00507,E00511,time_window:红页L1HF:21:3,sand_feature:红页L1HF:21:3
1191,段 21,包含时间窗,时间窗 W004,E00496,E00512,segment:红页L1HF:21,time_window:红页L1HF:21:4
1192,时间窗 W004,采用液型,0.18%减阻水@时间窗 W004,E00512,E00513,time_window:红页L1HF:21:4,fluid_usage:红页L1HF:21:4:0.18%减阻水
1193,0.18%减阻水@时间窗 W004,液型类别,液型 0.18%减阻水,E00513,E00033,fluid_usage:红页L1HF:21:4:0.18%减阻水,fluid_type:0.18%减阻水
1194,0.18%减阻水@时间窗 W004,开始时间,2024-01-15 09:08:30,E00513,,fluid_usage:红页L1HF:21:4:0.18%减阻水,
1195,0.18%减阻水@时间窗 W004,结束时间,2024-01-15 09:37:40,E00513,,fluid_usage:红页L1HF:21:4:0.18%减阻水,
1196,0.18%减阻水@时间窗 W004,持续时间,29分钟10秒,E00513,,fluid_usage:红页L1HF:21:4:0.18%减阻水,
1197,0.18%减阻水@时间窗 W004,泵压特征,"施工泵压变化 起79.67→止75.99，变化-3.68，均值82.4335，范围[71.99, 85.32]",E00513,E00514,fluid_usage:红页L1HF:21:4:0.18%减阻水,pressure_feature:红页L1HF:21:4
1198,0.18%减阻水@时间窗 W004,排量特征,"排量变化 起24.02→止24.02，变化0，均值24.015，范围[24, 24.04]",E00513,E00515,fluid_usage:红页L1HF:21:4:0.18%减阻水,flow_feature:红页L1HF:21:4
1199,0.18%减阻水@时间窗 W004,砂比特征,"砂比变化 起5.4→止8.7，变化3.3，均值8.1892，范围[0.1, 12]",E00513,E00516,fluid_usage:红页L1HF:21:4:0.18%减阻水,sand_feature:红页L1HF:21:4
1200,时间窗 W004,施工特征,"施工泵压变化 起79.67→止75.99，变化-3.68，均值82.4335，范围[71.99, 85.32]",E00512,E00514,time_window:红页L1HF:21:4,pressure_feature:红页L1HF:21:4
1201,时间窗 W004,施工特征,"排量变化 起24.02→止24.02，变化0，均值24.015，范围[24, 24.04]",E00512,E00515,time_window:红页L1HF:21:4,flow_feature:红页L1HF:21:4
1202,时间窗 W004,砂比特征,"砂比变化 起5.4→止8.7，变化3.3，均值8.1892，范围[0.1, 12]",E00512,E00516,time_window:红页L1HF:21:4,sand_feature:红页L1HF:21:4
1203,段 21,包含时间窗,时间窗 W005,E00496,E00517,segment:红页L1HF:21,time_window:红页L1HF:21:5
1204,时间窗 W005,采用液型,0.12%减阻水@时间窗 W005,E00517,E00518,time_window:红页L1HF:21:5,fluid_usage:红页L1HF:21:5:0.12%减阻水
1205,0.12%减阻水@时间窗 W005,液型类别,液型 0.12%减阻水,E00518,E00010,fluid_usage:红页L1HF:21:5:0.12%减阻水,fluid_type:0.12%减阻水
1206,0.12%减阻水@时间窗 W005,开始时间,2024-01-15 09:37:50,E00518,,fluid_usage:红页L1HF:21:5:0.12%减阻水,
1207,0.12%减阻水@时间窗 W005,结束时间,2024-01-15 09:57:50,E00518,,fluid_usage:红页L1HF:21:5:0.12%减阻水,
1208,0.12%减阻水@时间窗 W005,持续时间,20分钟,E00518,,fluid_usage:红页L1HF:21:5:0.12%减阻水,
1209,0.12%减阻水@时间窗 W005,泵压特征,"施工泵压变化 起76.06→止83.73，变化7.67，均值82.0702，范围[76.06, 84.11]",E00518,E00519,fluid_usage:红页L1HF:21:5:0.12%减阻水,pressure_feature:红页L1HF:21:5
1210,0.12%减阻水@时间窗 W005,排量特征,"排量变化 起24.02→止24.01，变化-0.01，均值24.0156，范围[24, 24.02]",E00518,E00520,fluid_usage:红页L1HF:21:5:0.12%减阻水,flow_feature:红页L1HF:21:5
1211,0.12%减阻水@时间窗 W005,砂比特征,"砂比变化 起8.2→止10.7，变化2.5，均值10.2972，范围[0.1, 13]",E00518,E00521,fluid_usage:红页L1HF:21:5:0.12%减阻水,sand_feature:红页L1HF:21:5
1212,时间窗 W005,施工特征,"施工泵压变化 起76.06→止83.73，变化7.67，均值82.0702，范围[76.06, 84.11]",E00517,E00519,time_window:红页L1HF:21:5,pressure_feature:红页L1HF:21:5
1213,时间窗 W005,施工特征,"排量变化 起24.02→止24.01，变化-0.01，均值24.0156，范围[24, 24.02]",E00517,E00520,time_window:红页L1HF:21:5,flow_feature:红页L1HF:21:5
1214,时间窗 W005,砂比特征,"砂比变化 起8.2→止10.7，变化2.5，均值10.2972，范围[0.1, 13]",E00517,E00521,time_window:红页L1HF:21:5,sand_feature:红页L1HF:21:5
1215,段 21,包含时间窗,时间窗 W006,E00496,E00522,segment:红页L1HF:21,time_window:红页L1HF:21:6
1216,时间窗 W006,采用液型,0.18%减阻水@时间窗 W006,E00522,E00523,time_window:红页L1HF:21:6,fluid_usage:红页L1HF:21:6:0.18%减阻水
1217,0.18%减阻水@时间窗 W006,液型类别,液型 0.18%减阻水,E00523,E00033,fluid_usage:红页L1HF:21:6:0.18%减阻水,fluid_type:0.18%减阻水
1218,0.18%减阻水@时间窗 W006,开始时间,2024-01-15 09:58:00,E00523,,fluid_usage:红页L1HF:21:6:0.18%减阻水,
1219,0.18%减阻水@时间窗 W006,结束时间,2024-01-15 10:02:50,E00523,,fluid_usage:红页L1HF:21:6:0.18%减阻水,
1220,0.18%减阻水@时间窗 W006,持续时间,4分钟50秒,E00523,,fluid_usage:红页L1HF:21:6:0.18%减阻水,
1221,0.18%减阻水@时间窗 W006,泵压特征,"施工泵压变化 起83.76→止82.2，变化-1.56，均值82.7857，范围[82.14, 83.79]",E00523,E00524,fluid_usage:红页L1HF:21:6:0.18%减阻水,pressure_feature:红页L1HF:21:6
1222,0.18%减阻水@时间窗 W006,排量特征,"排量变化 起24.01→止24.02，变化0.01，均值24.0189，范围[24.01, 24.02]",E00523,E00525,fluid_usage:红页L1HF:21:6:0.18%减阻水,flow_feature:红页L1HF:21:6
1223,0.18%减阻水@时间窗 W006,砂比特征,"砂比变化 起10.4→止0.2，变化-10.2，均值10.8393，范围[0.2, 12]",E00523,E00526,fluid_usage:红页L1HF:21:6:0.18%减阻水,sand_feature:红页L1HF:21:6
1224,时间窗 W006,施工特征,"施工泵压变化 起83.76→止82.2，变化-1.56，均值82.7857，范围[82.14, 83.79]",E00522,E00524,time_window:红页L1HF:21:6,pressure_feature:红页L1HF:21:6
1225,时间窗 W006,施工特征,"排量变化 起24.01→止24.02，变化0.01，均值24.0189，范围[24.01, 24.02]",E00522,E00525,time_window:红页L1HF:21:6,flow_feature:红页L1HF:21:6
1226,时间窗 W006,砂比特征,"砂比变化 起10.4→止0.2，变化-10.2，均值10.8393，范围[0.2, 12]",E00522,E00526,time_window:红页L1HF:21:6,sand_feature:红页L1HF:21:6
1227,段 21,包含时间窗,时间窗 W007,E00496,E00527,segment:红页L1HF:21,time_window:红页L1HF:21:7
1228,时间窗 W007,采用液型,0.12%减阻水@时间窗 W007,E00527,E00528,time_window:红页L1HF:21:7,fluid_usage:红页L1HF:21:7:0.12%减阻水
1229,0.12%减阻水@时间窗 W007,液型类别,液型 0.12%减阻水,E00528,E00010,fluid_usage:红页L1HF:21:7:0.12%减阻水,fluid_type:0.12%减阻水
1230,0.12%减阻水@时间窗 W007,开始时间,2024-01-15 10:03:00,E00528,,fluid_usage:红页L1HF:21:7:0.12%减阻水,
1231,0.12%减阻水@时间窗 W007,结束时间,2024-01-15 10:44:30,E00528,,fluid_usage:红页L1HF:21:7:0.12%减阻水,
1232,0.12%减阻水@时间窗 W007,持续时间,41分钟30秒,E00528,,fluid_usage:红页L1HF:21:7:0.12%减阻水,
1233,0.12%减阻水@时间窗 W007,泵压特征,"施工泵压变化 起82.29→止86.21，变化3.92，均值83.3732，范围[71.03, 86.21]",E00528,E00529,fluid_usage:红页L1HF:21:7:0.12%减阻水,pressure_feature:红页L1HF:21:7
1234,0.12%减阻水@时间窗 W007,排量特征,"排量变化 起24.02→止24.01，变化-0.01，均值23.865，范围[19.88, 24.17]",E00528,E00530,fluid_usage:红页L1HF:21:7:0.12%减阻水,flow_feature:红页L1HF:21:7
1235,0.12%减阻水@时间窗 W007,砂比特征,"砂比变化 起2.9→止12，变化9.1，均值10.052，范围[0.1, 12.1]",E00528,E00531,fluid_usage:红页L1HF:21:7:0.12%减阻水,sand_feature:红页L1HF:21:7
1236,时间窗 W007,施工特征,"施工泵压变化 起82.29→止86.21，变化3.92，均值83.3732，范围[71.03, 86.21]",E00527,E00529,time_window:红页L1HF:21:7,pressure_feature:红页L1HF:21:7
1237,时间窗 W007,施工特征,"排量变化 起24.02→止24.01，变化-0.01，均值23.865，范围[19.88, 24.17]",E00527,E00530,time_window:红页L1HF:21:7,flow_feature:红页L1HF:21:7
1238,时间窗 W007,砂比特征,"砂比变化 起2.9→止12，变化9.1，均值10.052，范围[0.1, 12.1]",E00527,E00531,time_window:红页L1HF:21:7,sand_feature:红页L1HF:21:7
1239,段 21,包含时间窗,时间窗 W008,E00496,E00532,segment:红页L1HF:21,time_window:红页L1HF:21:8
1240,时间窗 W008,采用液型,0.25%减阻水@时间窗 W008,E00532,E00533,time_window:红页L1HF:21:8,fluid_usage:红页L1HF:21:8:0.25%减阻水
1241,0.25%减阻水@时间窗 W008,液型类别,液型 0.25%减阻水,E00533,E00022,fluid_usage:红页L1HF:21:8:0.25%减阻水,fluid_type:0.25%减阻水
1242,0.25%减阻水@时间窗 W008,开始时间,2024-01-15 10:44:40,E00533,,fluid_usage:红页L1HF:21:8:0.25%减阻水,
1243,0.25%减阻水@时间窗 W008,结束时间,2024-01-15 10:50:20,E00533,,fluid_usage:红页L1HF:21:8:0.25%减阻水,
1244,0.25%减阻水@时间窗 W008,持续时间,5分钟40秒,E00533,,fluid_usage:红页L1HF:21:8:0.25%减阻水,
1245,0.25%减阻水@时间窗 W008,泵压特征,"施工泵压变化 起86.26→止85.29，变化-0.97，均值85.562，范围[84.98, 86.39]",E00533,E00534,fluid_usage:红页L1HF:21:8:0.25%减阻水,pressure_feature:红页L1HF:21:8
1246,0.25%减阻水@时间窗 W008,排量特征,"排量变化 起24.01→止24.02，变化0.01，均值24.014，范围[24.01, 24.02]",E00533,E00535,fluid_usage:红页L1HF:21:8:0.25%减阻水,flow_feature:红页L1HF:21:8
1247,0.25%减阻水@时间窗 W008,砂比特征,"砂比变化 起11→止0.2，变化-10.8，均值12.0033，范围[0.2, 13]",E00533,E00536,fluid_usage:红页L1HF:21:8:0.25%减阻水,sand_feature:红页L1HF:21:8
1248,时间窗 W008,施工特征,"施工泵压变化 起86.26→止85.29，变化-0.97，均值85.562，范围[84.98, 86.39]",E00532,E00534,time_window:红页L1HF:21:8,pressure_feature:红页L1HF:21:8
1249,时间窗 W008,施工特征,"排量变化 起24.01→止24.02，变化0.01，均值24.014，范围[24.01, 24.02]",E00532,E00535,time_window:红页L1HF:21:8,flow_feature:红页L1HF:21:8
1250,时间窗 W008,砂比特征,"砂比变化 起11→止0.2，变化-10.8，均值12.0033，范围[0.2, 13]",E00532,E00536,time_window:红页L1HF:21:8,sand_feature:红页L1HF:21:8
1251,段 21,包含时间窗,时间窗 W009,E00496,E00537,segment:红页L1HF:21,time_window:红页L1HF:21:9
1252,时间窗 W009,采用液型,0.12%减阻水@时间窗 W009,E00537,E00538,time_window:红页L1HF:21:9,fluid_usage:红页L1HF:21:9:0.12%减阻水
1253,0.12%减阻水@时间窗 W009,液型类别,液型 0.12%减阻水,E00538,E00010,fluid_usage:红页L1HF:21:9:0.12%减阻水,fluid_type:0.12%减阻水
1254,0.12%减阻水@时间窗 W009,开始时间,2024-01-15 10:50:30,E00538,,fluid_usage:红页L1HF:21:9:0.12%减阻水,
1255,0.12%减阻水@时间窗 W009,结束时间,2024-01-15 10:50:30,E00538,,fluid_usage:红页L1HF:21:9:0.12%减阻水,
1256,0.12%减阻水@时间窗 W009,持续时间,0秒,E00538,,fluid_usage:红页L1HF:21:9:0.12%减阻水,
1257,0.12%减阻水@时间窗 W009,泵压特征,"施工泵压变化 起85.24→止85.24，变化0，均值85.24，范围[85.24, 85.24]",E00538,E00539,fluid_usage:红页L1HF:21:9:0.12%减阻水,pressure_feature:红页L1HF:21:9
1258,0.12%减阻水@时间窗 W009,排量特征,"排量变化 起24.02→止24.02，变化0，均值24.02，范围[24.02, 24.02]",E00538,E00540,fluid_usage:红页L1HF:21:9:0.12%减阻水,flow_feature:红页L1HF:21:9
1259,0.12%减阻水@时间窗 W009,砂比特征,砂比变化：0,E00538,E00541,fluid_usage:红页L1HF:21:9:0.12%减阻水,sand_feature:红页L1HF:21:9
1260,时间窗 W009,施工特征,"施工泵压变化 起85.24→止85.24，变化0，均值85.24，范围[85.24, 85.24]",E00537,E00539,time_window:红页L1HF:21:9,pressure_feature:红页L1HF:21:9
1261,时间窗 W009,施工特征,"排量变化 起24.02→止24.02，变化0，均值24.02，范围[24.02, 24.02]",E00537,E00540,time_window:红页L1HF:21:9,flow_feature:红页L1HF:21:9
1262,时间窗 W009,砂比特征,砂比变化：0,E00537,E00541,time_window:红页L1HF:21:9,sand_feature:红页L1HF:21:9
1263,段 21,包含时间窗,时间窗 W010,E00496,E00542,segment:红页L1HF:21,time_window:红页L1HF:21:10
1264,时间窗 W010,采用液型,0.25%减阻水@时间窗 W010,E00542,E00543,time_window:红页L1HF:21:10,fluid_usage:红页L1HF:21:10:0.25%减阻水
1265,0.25%减阻水@时间窗 W010,液型类别,液型 0.25%减阻水,E00543,E00022,fluid_usage:红页L1HF:21:10:0.25%减阻水,fluid_type:0.25%减阻水
1266,0.25%减阻水@时间窗 W010,开始时间,2024-01-15 10:50:31,E00543,,fluid_usage:红页L1HF:21:10:0.25%减阻水,
1267,0.25%减阻水@时间窗 W010,结束时间,2024-01-15 10:50:31,E00543,,fluid_usage:红页L1HF:21:10:0.25%减阻水,
1268,0.25%减阻水@时间窗 W010,持续时间,0秒,E00543,,fluid_usage:红页L1HF:21:10:0.25%减阻水,
1269,0.25%减阻水@时间窗 W010,泵压特征,"施工泵压变化 起85.25→止85.25，变化0，均值85.25，范围[85.25, 85.25]",E00543,E00544,fluid_usage:红页L1HF:21:10:0.25%减阻水,pressure_feature:红页L1HF:21:10
1270,0.25%减阻水@时间窗 W010,排量特征,"排量变化 起24.02→止24.02，变化0，均值24.02，范围[24.02, 24.02]",E00543,E00545,fluid_usage:红页L1HF:21:10:0.25%减阻水,flow_feature:红页L1HF:21:10
1271,0.25%减阻水@时间窗 W010,砂比特征,砂比变化：0,E00543,E00546,fluid_usage:红页L1HF:21:10:0.25%减阻水,sand_feature:红页L1HF:21:10
1272,时间窗 W010,施工特征,"施工泵压变化 起85.25→止85.25，变化0，均值85.25，范围[85.25, 85.25]",E00542,E00544,time_window:红页L1HF:21:10,pressure_feature:红页L1HF:21:10
1273,时间窗 W010,施工特征,"排量变化 起24.02→止24.02，变化0，均值24.02，范围[24.02, 24.02]",E00542,E00545,time_window:红页L1HF:21:10,flow_feature:红页L1HF:21:10
1274,时间窗 W010,砂比特征,砂比变化：0,E00542,E00546,time_window:红页L1HF:21:10,sand_feature:红页L1HF:21:10
1275,段 21,包含时间窗,时间窗 W011,E00496,E00547,segment:红页L1HF:21,time_window:红页L1HF:21:11
1276,时间窗 W011,采用液型,0.12%减阻水@时间窗 W011,E00547,E00548,time_window:红页L1HF:21:11,fluid_usage:红页L1HF:21:11:0.12%减阻水
1277,0.12%减阻水@时间窗 W011,液型类别,液型 0.12%减阻水,E00548,E00010,fluid_usage:红页L1HF:21:11:0.12%减阻水,fluid_type:0.12%减阻水
1278,0.12%减阻水@时间窗 W011,开始时间,2024-01-15 10:50:40,E00548,,fluid_usage:红页L1HF:21:11:0.12%减阻水,
1279,0.12%减阻水@时间窗 W011,结束时间,2024-01-15 11:24:40,E00548,,fluid_usage:红页L1HF:21:11:0.12%减阻水,
1280,0.12%减阻水@时间窗 W011,持续时间,34分钟,E00548,,fluid_usage:红页L1HF:21:11:0.12%减阻水,
1281,0.12%减阻水@时间窗 W011,泵压特征,"施工泵压变化 起85.07→止0，变化-85.07，均值50.8696，范围[0, 85.07]",E00548,E00549,fluid_usage:红页L1HF:21:11:0.12%减阻水,pressure_feature:红页L1HF:21:11
1282,0.12%减阻水@时间窗 W011,排量特征,"排量变化 起24.02→止0，变化-24.02，均值1.3366，范围[0, 24.03]",E00548,E00550,fluid_usage:红页L1HF:21:11:0.12%减阻水,flow_feature:红页L1HF:21:11
1283,0.12%减阻水@时间窗 W011,砂比特征,砂比变化：0,E00548,E00551,fluid_usage:红页L1HF:21:11:0.12%减阻水,sand_feature:红页L1HF:21:11
1284,时间窗 W011,施工特征,"施工泵压变化 起85.07→止0，变化-85.07，均值50.8696，范围[0, 85.07]",E00547,E00549,time_window:红页L1HF:21:11,pressure_feature:红页L1HF:21:11
1285,时间窗 W011,施工特征,"排量变化 起24.02→止0，变化-24.02，均值1.3366，范围[0, 24.03]",E00547,E00550,time_window:红页L1HF:21:11,flow_feature:红页L1HF:21:11
1286,时间窗 W011,砂比特征,砂比变化：0,E00547,E00551,time_window:红页L1HF:21:11,sand_feature:红页L1HF:21:11
1287,井 红页L1HF,包含段,段 22,E00001,E00552,well:红页L1HF,segment:红页L1HF:22
1288,段 22,包含时间窗,时间窗 W001,E00552,E00553,segment:红页L1HF:22,time_window:红页L1HF:22:1
1289,时间窗 W001,采用液型,0.12%减阻水@时间窗 W001,E00553,E00554,time_window:红页L1HF:22:1,fluid_usage:红页L1HF:22:1:0.12%减阻水
1290,0.12%减阻水@时间窗 W001,液型类别,液型 0.12%减阻水,E00554,E00010,fluid_usage:红页L1HF:22:1:0.12%减阻水,fluid_type:0.12%减阻水
1291,0.12%减阻水@时间窗 W001,开始时间,2024-01-15 15:09:50,E00554,,fluid_usage:红页L1HF:22:1:0.12%减阻水,
1292,0.12%减阻水@时间窗 W001,结束时间,2024-01-15 15:13:20,E00554,,fluid_usage:红页L1HF:22:1:0.12%减阻水,
1293,0.12%减阻水@时间窗 W001,持续时间,3分钟30秒,E00554,,fluid_usage:红页L1HF:22:1:0.12%减阻水,
1294,0.12%减阻水@时间窗 W001,泵压特征,"施工泵压变化 起24.86→止37.49，变化12.63，均值31.6391，范围[23.46, 37.49]",E00554,E00555,fluid_usage:红页L1HF:22:1:0.12%减阻水,pressure_feature:红页L1HF:22:1
1295,0.12%减阻水@时间窗 W001,排量特征,"排量变化 起0→止2，变化2，均值1.4318，范围[0, 2]",E00554,E00556,fluid_usage:红页L1HF:22:1:0.12%减阻水,flow_feature:红页L1HF:22:1
1296,0.12%减阻水@时间窗 W001,砂比特征,砂比变化：0,E00554,E00557,fluid_usage:红页L1HF:22:1:0.12%减阻水,sand_feature:红页L1HF:22:1
1297,时间窗 W001,施工特征,"施工泵压变化 起24.86→止37.49，变化12.63，均值31.6391，范围[23.46, 37.49]",E00553,E00555,time_window:红页L1HF:22:1,pressure_feature:红页L1HF:22:1
1298,时间窗 W001,施工特征,"排量变化 起0→止2，变化2，均值1.4318，范围[0, 2]",E00553,E00556,time_window:红页L1HF:22:1,flow_feature:红页L1HF:22:1
1299,时间窗 W001,砂比特征,砂比变化：0,E00553,E00557,time_window:红页L1HF:22:1,sand_feature:红页L1HF:22:1
1300,段 22,包含时间窗,时间窗 W002,E00552,E00558,segment:红页L1HF:22,time_window:红页L1HF:22:2
1301,时间窗 W002,采用液型,15%HCl@时间窗 W002,E00558,E00559,time_window:红页L1HF:22:2,fluid_usage:红页L1HF:22:2:15%HCl
1302,15%HCl@时间窗 W002,液型类别,液型 15%HCl,E00559,E00016,fluid_usage:红页L1HF:22:2:15%HCl,fluid_type:15%HCl
1303,15%HCl@时间窗 W002,开始时间,2024-01-15 15:13:30,E00559,,fluid_usage:红页L1HF:22:2:15%HCl,
1304,15%HCl@时间窗 W002,结束时间,2024-01-15 15:23:20,E00559,,fluid_usage:红页L1HF:22:2:15%HCl,
1305,15%HCl@时间窗 W002,持续时间,9分钟50秒,E00559,,fluid_usage:红页L1HF:22:2:15%HCl,
1306,15%HCl@时间窗 W002,泵压特征,"施工泵压变化 起37.6→止38.9，变化1.3，均值38.9292，范围[37.6, 39.31]",E00559,E00560,fluid_usage:红页L1HF:22:2:15%HCl,pressure_feature:红页L1HF:22:2
1307,15%HCl@时间窗 W002,排量特征,"排量变化 起2→止2，变化0，均值2，范围[2, 2]",E00559,E00561,fluid_usage:红页L1HF:22:2:15%HCl,flow_feature:红页L1HF:22:2
1308,15%HCl@时间窗 W002,砂比特征,砂比变化：0,E00559,E00562,fluid_usage:红页L1HF:22:2:15%HCl,sand_feature:红页L1HF:22:2
1309,时间窗 W002,施工特征,"施工泵压变化 起37.6→止38.9，变化1.3，均值38.9292，范围[37.6, 39.31]",E00558,E00560,time_window:红页L1HF:22:2,pressure_feature:红页L1HF:22:2
1310,时间窗 W002,施工特征,"排量变化 起2→止2，变化0，均值2，范围[2, 2]",E00558,E00561,time_window:红页L1HF:22:2,flow_feature:红页L1HF:22:2
1311,时间窗 W002,砂比特征,砂比变化：0,E00558,E00562,time_window:红页L1HF:22:2,sand_feature:红页L1HF:22:2
1312,段 22,包含时间窗,时间窗 W003,E00552,E00563,segment:红页L1HF:22,time_window:红页L1HF:22:3
1313,时间窗 W003,采用液型,0.25%减阻水@时间窗 W003,E00563,E00564,time_window:红页L1HF:22:3,fluid_usage:红页L1HF:22:3:0.25%减阻水
1314,0.25%减阻水@时间窗 W003,液型类别,液型 0.25%减阻水,E00564,E00022,fluid_usage:红页L1HF:22:3:0.25%减阻水,fluid_type:0.25%减阻水
1315,0.25%减阻水@时间窗 W003,开始时间,2024-01-15 15:23:30,E00564,,fluid_usage:红页L1HF:22:3:0.25%减阻水,
1316,0.25%减阻水@时间窗 W003,结束时间,2024-01-15 15:46:10,E00564,,fluid_usage:红页L1HF:22:3:0.25%减阻水,
1317,0.25%减阻水@时间窗 W003,持续时间,22分钟40秒,E00564,,fluid_usage:红页L1HF:22:3:0.25%减阻水,
1318,0.25%减阻水@时间窗 W003,泵压特征,"施工泵压变化 起38.9→止69.62，变化30.72，均值59.3085，范围[38.84, 81.27]",E00564,E00565,fluid_usage:红页L1HF:22:3:0.25%减阻水,pressure_feature:红页L1HF:22:3
1319,0.25%减阻水@时间窗 W003,排量特征,"排量变化 起2→止24.08，变化22.08，均值12.6836，范围[2, 24.12]",E00564,E00566,fluid_usage:红页L1HF:22:3:0.25%减阻水,flow_feature:红页L1HF:22:3
1320,0.25%减阻水@时间窗 W003,砂比特征,砂比变化：0,E00564,E00567,fluid_usage:红页L1HF:22:3:0.25%减阻水,sand_feature:红页L1HF:22:3
1321,时间窗 W003,施工特征,"施工泵压变化 起38.9→止69.62，变化30.72，均值59.3085，范围[38.84, 81.27]",E00563,E00565,time_window:红页L1HF:22:3,pressure_feature:红页L1HF:22:3
1322,时间窗 W003,施工特征,"排量变化 起2→止24.08，变化22.08，均值12.6836，范围[2, 24.12]",E00563,E00566,time_window:红页L1HF:22:3,flow_feature:红页L1HF:22:3
1323,时间窗 W003,砂比特征,砂比变化：0,E00563,E00567,time_window:红页L1HF:22:3,sand_feature:红页L1HF:22:3
1324,段 22,包含时间窗,时间窗 W004,E00552,E00568,segment:红页L1HF:22,time_window:红页L1HF:22:4
1325,时间窗 W004,采用液型,0.18%减阻水@时间窗 W004,E00568,E00569,time_window:红页L1HF:22:4,fluid_usage:红页L1HF:22:4:0.18%减阻水
1326,0.18%减阻水@时间窗 W004,液型类别,液型 0.18%减阻水,E00569,E00033,fluid_usage:红页L1HF:22:4:0.18%减阻水,fluid_type:0.18%减阻水
1327,0.18%减阻水@时间窗 W004,开始时间,2024-01-15 15:46:20,E00569,,fluid_usage:红页L1HF:22:4:0.18%减阻水,
1328,0.18%减阻水@时间窗 W004,结束时间,2024-01-15 15:48:50,E00569,,fluid_usage:红页L1HF:22:4:0.18%减阻水,
1329,0.18%减阻水@时间窗 W004,持续时间,2分钟30秒,E00569,,fluid_usage:红页L1HF:22:4:0.18%减阻水,
1330,0.18%减阻水@时间窗 W004,泵压特征,"施工泵压变化 起69.64→止71.53，变化1.89，均值70.1037，范围[69.64, 71.53]",E00569,E00570,fluid_usage:红页L1HF:22:4:0.18%减阻水,pressure_feature:红页L1HF:22:4
1331,0.18%减阻水@时间窗 W004,排量特征,"排量变化 起24.08→止24.08，变化0，均值24.08，范围[24.08, 24.08]",E00569,E00571,fluid_usage:红页L1HF:22:4:0.18%减阻水,flow_feature:红页L1HF:22:4
1332,0.18%减阻水@时间窗 W004,砂比特征,"砂比变化 起2.9→止6.1，变化3.2，均值5.9187，范围[2.9, 6.4]",E00569,E00572,fluid_usage:红页L1HF:22:4:0.18%减阻水,sand_feature:红页L1HF:22:4
1333,时间窗 W004,施工特征,"施工泵压变化 起69.64→止71.53，变化1.89，均值70.1037，范围[69.64, 71.53]",E00568,E00570,time_window:红页L1HF:22:4,pressure_feature:红页L1HF:22:4
1334,时间窗 W004,施工特征,"排量变化 起24.08→止24.08，变化0，均值24.08，范围[24.08, 24.08]",E00568,E00571,time_window:红页L1HF:22:4,flow_feature:红页L1HF:22:4
1335,时间窗 W004,砂比特征,"砂比变化 起2.9→止6.1，变化3.2，均值5.9187，范围[2.9, 6.4]",E00568,E00572,time_window:红页L1HF:22:4,sand_feature:红页L1HF:22:4
1336,段 22,包含时间窗,时间窗 W005,E00552,E00573,segment:红页L1HF:22,time_window:红页L1HF:22:5
1337,时间窗 W005,采用液型,0.12%减阻水@时间窗 W005,E00573,E00574,time_window:红页L1HF:22:5,fluid_usage:红页L1HF:22:5:0.12%减阻水
1338,0.12%减阻水@时间窗 W005,液型类别,液型 0.12%减阻水,E00574,E00010,fluid_usage:红页L1HF:22:5:0.12%减阻水,fluid_type:0.12%减阻水
1339,0.12%减阻水@时间窗 W005,开始时间,2024-01-15 15:49:00,E00574,,fluid_usage:红页L1HF:22:5:0.12%减阻水,
1340,0.12%减阻水@时间窗 W005,结束时间,2024-01-15 16:28:10,E00574,,fluid_usage:红页L1HF:22:5:0.12%减阻水,
1341,0.12%减阻水@时间窗 W005,持续时间,39分钟10秒,E00574,,fluid_usage:红页L1HF:22:5:0.12%减阻水,
1342,0.12%减阻水@时间窗 W005,泵压特征,"施工泵压变化 起71.62→止74.75，变化3.13，均值72.8107，范围[64.56, 75.33]",E00574,E00575,fluid_usage:红页L1HF:22:5:0.12%减阻水,pressure_feature:红页L1HF:22:5
1343,0.12%减阻水@时间窗 W005,排量特征,"排量变化 起24.08→止24.07，变化-0.01，均值24.0751，范围[24.07, 24.08]",E00574,E00576,fluid_usage:红页L1HF:22:5:0.12%减阻水,flow_feature:红页L1HF:22:5
1344,0.12%减阻水@时间窗 W005,砂比特征,"砂比变化 起6.6→止10.7，变化4.1，均值9.8557，范围[0.1, 13]",E00574,E00577,fluid_usage:红页L1HF:22:5:0.12%减阻水,sand_feature:红页L1HF:22:5
1345,时间窗 W005,施工特征,"施工泵压变化 起71.62→止74.75，变化3.13，均值72.8107，范围[64.56, 75.33]",E00573,E00575,time_window:红页L1HF:22:5,pressure_feature:红页L1HF:22:5
1346,时间窗 W005,施工特征,"排量变化 起24.08→止24.07，变化-0.01，均值24.0751，范围[24.07, 24.08]",E00573,E00576,time_window:红页L1HF:22:5,flow_feature:红页L1HF:22:5
1347,时间窗 W005,砂比特征,"砂比变化 起6.6→止10.7，变化4.1，均值9.8557，范围[0.1, 13]",E00573,E00577,time_window:红页L1HF:22:5,sand_feature:红页L1HF:22:5
1348,段 22,包含时间窗,时间窗 W006,E00552,E00578,segment:红页L1HF:22,time_window:红页L1HF:22:6
1349,时间窗 W006,采用液型,0.18%减阻水@时间窗 W006,E00578,E00579,time_window:红页L1HF:22:6,fluid_usage:红页L1HF:22:6:0.18%减阻水
1350,0.18%减阻水@时间窗 W006,液型类别,液型 0.18%减阻水,E00579,E00033,fluid_usage:红页L1HF:22:6:0.18%减阻水,fluid_type:0.18%减阻水
1351,0.18%减阻水@时间窗 W006,开始时间,2024-01-15 16:28:20,E00579,,fluid_usage:红页L1HF:22:6:0.18%减阻水,
1352,0.18%减阻水@时间窗 W006,结束时间,2024-01-15 16:31:40,E00579,,fluid_usage:红页L1HF:22:6:0.18%减阻水,
1353,0.18%减阻水@时间窗 W006,持续时间,3分钟20秒,E00579,,fluid_usage:红页L1HF:22:6:0.18%减阻水,
1354,0.18%减阻水@时间窗 W006,泵压特征,"施工泵压变化 起74.73→止73.61，变化-1.12，均值74.204，范围[73.61, 74.73]",E00579,E00580,fluid_usage:红页L1HF:22:6:0.18%减阻水,pressure_feature:红页L1HF:22:6
1355,0.18%减阻水@时间窗 W006,排量特征,"排量变化 起24.07→止24.07，变化0，均值24.07，范围[24.07, 24.07]",E00579,E00581,fluid_usage:红页L1HF:22:6:0.18%减阻水,flow_feature:红页L1HF:22:6
1356,0.18%减阻水@时间窗 W006,砂比特征,"砂比变化 起11.7→止0.2，变化-11.5，均值11.895，范围[0.2, 13]",E00579,E00582,fluid_usage:红页L1HF:22:6:0.18%减阻水,sand_feature:红页L1HF:22:6
1357,时间窗 W006,施工特征,"施工泵压变化 起74.73→止73.61，变化-1.12，均值74.204，范围[73.61, 74.73]",E00578,E00580,time_window:红页L1HF:22:6,pressure_feature:红页L1HF:22:6
1358,时间窗 W006,施工特征,"排量变化 起24.07→止24.07，变化0，均值24.07，范围[24.07, 24.07]",E00578,E00581,time_window:红页L1HF:22:6,flow_feature:红页L1HF:22:6
1359,时间窗 W006,砂比特征,"砂比变化 起11.7→止0.2，变化-11.5，均值11.895，范围[0.2, 13]",E00578,E00582,time_window:红页L1HF:22:6,sand_feature:红页L1HF:22:6
1360,段 22,包含时间窗,时间窗 W007,E00552,E00583,segment:红页L1HF:22,time_window:红页L1HF:22:7
1361,时间窗 W007,采用液型,0.12%减阻水@时间窗 W007,E00583,E00584,time_window:红页L1HF:22:7,fluid_usage:红页L1HF:22:7:0.12%减阻水
1362,0.12%减阻水@时间窗 W007,液型类别,液型 0.12%减阻水,E00584,E00010,fluid_usage:红页L1HF:22:7:0.12%减阻水,fluid_type:0.12%减阻水
1363,0.12%减阻水@时间窗 W007,开始时间,2024-01-15 16:31:50,E00584,,fluid_usage:红页L1HF:22:7:0.12%减阻水,
1364,0.12%减阻水@时间窗 W007,结束时间,2024-01-15 17:08:40,E00584,,fluid_usage:红页L1HF:22:7:0.12%减阻水,
1365,0.12%减阻水@时间窗 W007,持续时间,36分钟50秒,E00584,,fluid_usage:红页L1HF:22:7:0.12%减阻水,
1366,0.12%减阻水@时间窗 W007,泵压特征,"施工泵压变化 起73.69→止77.02，变化3.33，均值76.7364，范围[64.41, 79.76]",E00584,E00585,fluid_usage:红页L1HF:22:7:0.12%减阻水,pressure_feature:红页L1HF:22:7
1367,0.12%减阻水@时间窗 W007,排量特征,"排量变化 起24.07→止24.07，变化0，均值23.9318，范围[19.95, 24.09]",E00584,E00586,fluid_usage:红页L1HF:22:7:0.12%减阻水,flow_feature:红页L1HF:22:7
1368,0.12%减阻水@时间窗 W007,砂比特征,"砂比变化 起0.6→止10.5，变化9.9，均值9.7086，范围[0.3, 12]",E00584,E00587,fluid_usage:红页L1HF:22:7:0.12%减阻水,sand_feature:红页L1HF:22:7
1369,时间窗 W007,施工特征,"施工泵压变化 起73.69→止77.02，变化3.33，均值76.7364，范围[64.41, 79.76]",E00583,E00585,time_window:红页L1HF:22:7,pressure_feature:红页L1HF:22:7
1370,时间窗 W007,施工特征,"排量变化 起24.07→止24.07，变化0，均值23.9318，范围[19.95, 24.09]",E00583,E00586,time_window:红页L1HF:22:7,flow_feature:红页L1HF:22:7
1371,时间窗 W007,砂比特征,"砂比变化 起0.6→止10.5，变化9.9，均值9.7086，范围[0.3, 12]",E00583,E00587,time_window:红页L1HF:22:7,sand_feature:红页L1HF:22:7
1372,段 22,包含时间窗,时间窗 W008,E00552,E00588,segment:红页L1HF:22,time_window:红页L1HF:22:8
1373,时间窗 W008,采用液型,0.25%减阻水@时间窗 W008,E00588,E00589,time_window:红页L1HF:22:8,fluid_usage:红页L1HF:22:8:0.25%减阻水
1374,0.25%减阻水@时间窗 W008,液型类别,液型 0.25%减阻水,E00589,E00022,fluid_usage:红页L1HF:22:8:0.25%减阻水,fluid_type:0.25%减阻水
1375,0.25%减阻水@时间窗 W008,开始时间,2024-01-15 17:08:50,E00589,,fluid_usage:红页L1HF:22:8:0.25%减阻水,
1376,0.25%减阻水@时间窗 W008,结束时间,2024-01-15 17:14:20,E00589,,fluid_usage:红页L1HF:22:8:0.25%减阻水,
1377,0.25%减阻水@时间窗 W008,持续时间,5分钟30秒,E00589,,fluid_usage:红页L1HF:22:8:0.25%减阻水,
1378,0.25%减阻水@时间窗 W008,泵压特征,"施工泵压变化 起77.13→止77.09，变化-0.04，均值77.1979，范围[77.03, 77.4]",E00589,E00590,fluid_usage:红页L1HF:22:8:0.25%减阻水,pressure_feature:红页L1HF:22:8
1379,0.25%减阻水@时间窗 W008,排量特征,"排量变化 起24.07→止24.07，变化0，均值24.0706，范围[24.07, 24.08]",E00589,E00591,fluid_usage:红页L1HF:22:8:0.25%减阻水,flow_feature:红页L1HF:22:8
1380,0.25%减阻水@时间窗 W008,砂比特征,"砂比变化 起11.4→止2.6，变化-8.8，均值12.1276，范围[2.6, 13]",E00589,E00592,fluid_usage:红页L1HF:22:8:0.25%减阻水,sand_feature:红页L1HF:22:8
1381,时间窗 W008,施工特征,"施工泵压变化 起77.13→止77.09，变化-0.04，均值77.1979，范围[77.03, 77.4]",E00588,E00590,time_window:红页L1HF:22:8,pressure_feature:红页L1HF:22:8
1382,时间窗 W008,施工特征,"排量变化 起24.07→止24.07，变化0，均值24.0706，范围[24.07, 24.08]",E00588,E00591,time_window:红页L1HF:22:8,flow_feature:红页L1HF:22:8
1383,时间窗 W008,砂比特征,"砂比变化 起11.4→止2.6，变化-8.8，均值12.1276，范围[2.6, 13]",E00588,E00592,time_window:红页L1HF:22:8,sand_feature:红页L1HF:22:8
1384,段 22,包含时间窗,时间窗 W009,E00552,E00593,segment:红页L1HF:22,time_window:红页L1HF:22:9
1385,时间窗 W009,采用液型,0.12%减阻水@时间窗 W009,E00593,E00594,time_window:红页L1HF:22:9,fluid_usage:红页L1HF:22:9:0.12%减阻水
1386,0.12%减阻水@时间窗 W009,液型类别,液型 0.12%减阻水,E00594,E00010,fluid_usage:红页L1HF:22:9:0.12%减阻水,fluid_type:0.12%减阻水
1387,0.12%减阻水@时间窗 W009,开始时间,2024-01-15 17:14:30,E00594,,fluid_usage:红页L1HF:22:9:0.12%减阻水,
1388,0.12%减阻水@时间窗 W009,结束时间,2024-01-15 17:46:50,E00594,,fluid_usage:红页L1HF:22:9:0.12%减阻水,
1389,0.12%减阻水@时间窗 W009,持续时间,32分钟20秒,E00594,,fluid_usage:红页L1HF:22:9:0.12%减阻水,
1390,0.12%减阻水@时间窗 W009,泵压特征,"施工泵压变化 起77.13→止0，变化-77.13，均值33.9824，范围[0, 77.21]",E00594,E00595,fluid_usage:红页L1HF:22:9:0.12%减阻水,pressure_feature:红页L1HF:22:9
1391,0.12%减阻水@时间窗 W009,排量特征,"排量变化 起24.07→止0，变化-24.07，均值1.8167，范围[0, 24.08]",E00594,E00596,fluid_usage:红页L1HF:22:9:0.12%减阻水,flow_feature:红页L1HF:22:9
1392,0.12%减阻水@时间窗 W009,砂比特征,砂比变化：0,E00594,E00597,fluid_usage:红页L1HF:22:9:0.12%减阻水,sand_feature:红页L1HF:22:9
1393,时间窗 W009,施工特征,"施工泵压变化 起77.13→止0，变化-77.13，均值33.9824，范围[0, 77.21]",E00593,E00595,time_window:红页L1HF:22:9,pressure_feature:红页L1HF:22:9
1394,时间窗 W009,施工特征,"排量变化 起24.07→止0，变化-24.07，均值1.8167，范围[0, 24.08]",E00593,E00596,time_window:红页L1HF:22:9,flow_feature:红页L1HF:22:9
1395,时间窗 W009,砂比特征,砂比变化：0,E00593,E00597,time_window:红页L1HF:22:9,sand_feature:红页L1HF:22:9
1396,井 红页L1HF,包含段,段 23,E00001,E00598,well:红页L1HF,segment:红页L1HF:23
1397,段 23,包含时间窗,时间窗 W001,E00598,E00599,segment:红页L1HF:23,time_window:红页L1HF:23:1
1398,时间窗 W001,采用液型,0@时间窗 W001,E00599,E00600,time_window:红页L1HF:23:1,fluid_usage:红页L1HF:23:1:0
1399,0@时间窗 W001,液型类别,液型 0,E00600,E00044,fluid_usage:红页L1HF:23:1:0,fluid_type:0
1400,0@时间窗 W001,开始时间,2024-01-16 08:28:30,E00600,,fluid_usage:红页L1HF:23:1:0,
1401,0@时间窗 W001,结束时间,2024-01-16 08:28:50,E00600,,fluid_usage:红页L1HF:23:1:0,
1402,0@时间窗 W001,持续时间,20秒,E00600,,fluid_usage:红页L1HF:23:1:0,
1403,0@时间窗 W001,泵压特征,"施工泵压变化 起13.02→止19.03，变化6.01，均值16.8767，范围[13.02, 19.03]",E00600,E00601,fluid_usage:红页L1HF:23:1:0,pressure_feature:红页L1HF:23:1
1404,0@时间窗 W001,排量特征,"排量变化 起0→止0，变化0，均值0，范围[0, 0]",E00600,E00602,fluid_usage:红页L1HF:23:1:0,flow_feature:红页L1HF:23:1
1405,0@时间窗 W001,砂比特征,砂比变化：0,E00600,E00603,fluid_usage:红页L1HF:23:1:0,sand_feature:红页L1HF:23:1
1406,时间窗 W001,施工特征,"施工泵压变化 起13.02→止19.03，变化6.01，均值16.8767，范围[13.02, 19.03]",E00599,E00601,time_window:红页L1HF:23:1,pressure_feature:红页L1HF:23:1
1407,时间窗 W001,施工特征,"排量变化 起0→止0，变化0，均值0，范围[0, 0]",E00599,E00602,time_window:红页L1HF:23:1,flow_feature:红页L1HF:23:1
1408,时间窗 W001,砂比特征,砂比变化：0,E00599,E00603,time_window:红页L1HF:23:1,sand_feature:红页L1HF:23:1
1409,段 23,包含时间窗,时间窗 W002,E00598,E00604,segment:红页L1HF:23,time_window:红页L1HF:23:2
1410,时间窗 W002,采用液型,0.12%减阻水@时间窗 W002,E00604,E00605,time_window:红页L1HF:23:2,fluid_usage:红页L1HF:23:2:0.12%减阻水
1411,0.12%减阻水@时间窗 W002,液型类别,液型 0.12%减阻水,E00605,E00010,fluid_usage:红页L1HF:23:2:0.12%减阻水,fluid_type:0.12%减阻水
1412,0.12%减阻水@时间窗 W002,开始时间,2024-01-16 08:29:00,E00605,,fluid_usage:红页L1HF:23:2:0.12%减阻水,
1413,0.12%减阻水@时间窗 W002,结束时间,2024-01-16 08:31:40,E00605,,fluid_usage:红页L1HF:23:2:0.12%减阻水,
1414,0.12%减阻水@时间窗 W002,持续时间,2分钟40秒,E00605,,fluid_usage:红页L1HF:23:2:0.12%减阻水,
1415,0.12%减阻水@时间窗 W002,泵压特征,"施工泵压变化 起19.49→止30.91，变化11.42，均值26.5771，范围[19.49, 30.91]",E00605,E00606,fluid_usage:红页L1HF:23:2:0.12%减阻水,pressure_feature:红页L1HF:23:2
1416,0.12%减阻水@时间窗 W002,排量特征,"排量变化 起0.44→止2.01，变化1.57，均值1.7382，范围[0.44, 2.07]",E00605,E00607,fluid_usage:红页L1HF:23:2:0.12%减阻水,flow_feature:红页L1HF:23:2
1417,0.12%减阻水@时间窗 W002,砂比特征,砂比变化：0,E00605,E00608,fluid_usage:红页L1HF:23:2:0.12%减阻水,sand_feature:红页L1HF:23:2
1418,时间窗 W002,施工特征,"施工泵压变化 起19.49→止30.91，变化11.42，均值26.5771，范围[19.49, 30.91]",E00604,E00606,time_window:红页L1HF:23:2,pressure_feature:红页L1HF:23:2
1419,时间窗 W002,施工特征,"排量变化 起0.44→止2.01，变化1.57，均值1.7382，范围[0.44, 2.07]",E00604,E00607,time_window:红页L1HF:23:2,flow_feature:红页L1HF:23:2
1420,时间窗 W002,砂比特征,砂比变化：0,E00604,E00608,time_window:红页L1HF:23:2,sand_feature:红页L1HF:23:2
1421,段 23,包含时间窗,时间窗 W003,E00598,E00609,segment:红页L1HF:23,time_window:红页L1HF:23:3
1422,时间窗 W003,采用液型,15%HCl@时间窗 W003,E00609,E00610,time_window:红页L1HF:23:3,fluid_usage:红页L1HF:23:3:15%HCl
1423,15%HCl@时间窗 W003,液型类别,液型 15%HCl,E00610,E00016,fluid_usage:红页L1HF:23:3:15%HCl,fluid_type:15%HCl
1424,15%HCl@时间窗 W003,开始时间,2024-01-16 08:32:00,E00610,,fluid_usage:红页L1HF:23:3:15%HCl,
1425,15%HCl@时间窗 W003,结束时间,2024-01-16 08:37:00,E00610,,fluid_usage:红页L1HF:23:3:15%HCl,
1426,15%HCl@时间窗 W003,持续时间,5分钟,E00610,,fluid_usage:红页L1HF:23:3:15%HCl,
1427,15%HCl@时间窗 W003,泵压特征,"施工泵压变化 起31.43→止36.25，变化4.82，均值34.1419，范围[31.43, 36.25]",E00610,E00611,fluid_usage:红页L1HF:23:3:15%HCl,pressure_feature:红页L1HF:23:3
1428,15%HCl@时间窗 W003,排量特征,"排量变化 起2.01→止2，变化-0.01，均值2.0087，范围[2, 2.01]",E00610,E00612,fluid_usage:红页L1HF:23:3:15%HCl,flow_feature:红页L1HF:23:3
1429,15%HCl@时间窗 W003,砂比特征,砂比变化：0,E00610,E00613,fluid_usage:红页L1HF:23:3:15%HCl,sand_feature:红页L1HF:23:3
1430,时间窗 W003,施工特征,"施工泵压变化 起31.43→止36.25，变化4.82，均值34.1419，范围[31.43, 36.25]",E00609,E00611,time_window:红页L1HF:23:3,pressure_feature:红页L1HF:23:3
1431,时间窗 W003,施工特征,"排量变化 起2.01→止2，变化-0.01，均值2.0087，范围[2, 2.01]",E00609,E00612,time_window:红页L1HF:23:3,flow_feature:红页L1HF:23:3
1432,时间窗 W003,砂比特征,砂比变化：0,E00609,E00613,time_window:红页L1HF:23:3,sand_feature:红页L1HF:23:3
1433,段 23,包含时间窗,时间窗 W004,E00598,E00614,segment:红页L1HF:23,time_window:红页L1HF:23:4
1434,时间窗 W004,采用液型,0.25%减阻水@时间窗 W004,E00614,E00615,time_window:红页L1HF:23:4,fluid_usage:红页L1HF:23:4:0.25%减阻水
1435,0.25%减阻水@时间窗 W004,液型类别,液型 0.25%减阻水,E00615,E00022,fluid_usage:红页L1HF:23:4:0.25%减阻水,fluid_type:0.25%减阻水
1436,0.25%减阻水@时间窗 W004,开始时间,2024-01-16 08:37:10,E00615,,fluid_usage:红页L1HF:23:4:0.25%减阻水,
1437,0.25%减阻水@时间窗 W004,结束时间,2024-01-16 08:59:00,E00615,,fluid_usage:红页L1HF:23:4:0.25%减阻水,
1438,0.25%减阻水@时间窗 W004,持续时间,21分钟50秒,E00615,,fluid_usage:红页L1HF:23:4:0.25%减阻水,
1439,0.25%减阻水@时间窗 W004,泵压特征,"施工泵压变化 起36.39→止73.55，变化37.16，均值64.6186，范围[36.38, 83.26]",E00615,E00616,fluid_usage:红页L1HF:23:4:0.25%减阻水,pressure_feature:红页L1HF:23:4
1440,0.25%减阻水@时间窗 W004,排量特征,"排量变化 起2→止24.04，变化22.04，均值11.1292，范围[2, 24.09]",E00615,E00617,fluid_usage:红页L1HF:23:4:0.25%减阻水,flow_feature:红页L1HF:23:4
1441,0.25%减阻水@时间窗 W004,砂比特征,砂比变化：0,E00615,E00618,fluid_usage:红页L1HF:23:4:0.25%减阻水,sand_feature:红页L1HF:23:4
1442,时间窗 W004,施工特征,"施工泵压变化 起36.39→止73.55，变化37.16，均值64.6186，范围[36.38, 83.26]",E00614,E00616,time_window:红页L1HF:23:4,pressure_feature:红页L1HF:23:4
1443,时间窗 W004,施工特征,"排量变化 起2→止24.04，变化22.04，均值11.1292，范围[2, 24.09]",E00614,E00617,time_window:红页L1HF:23:4,flow_feature:红页L1HF:23:4
1444,时间窗 W004,砂比特征,砂比变化：0,E00614,E00618,time_window:红页L1HF:23:4,sand_feature:红页L1HF:23:4
1445,段 23,包含时间窗,时间窗 W005,E00598,E00619,segment:红页L1HF:23,time_window:红页L1HF:23:5
1446,时间窗 W005,采用液型,0.18%减阻水@时间窗 W005,E00619,E00620,time_window:红页L1HF:23:5,fluid_usage:红页L1HF:23:5:0.18%减阻水
1447,0.18%减阻水@时间窗 W005,液型类别,液型 0.18%减阻水,E00620,E00033,fluid_usage:红页L1HF:23:5:0.18%减阻水,fluid_type:0.18%减阻水
1448,0.18%减阻水@时间窗 W005,开始时间,2024-01-16 08:59:10,E00620,,fluid_usage:红页L1HF:23:5:0.18%减阻水,
1449,0.18%减阻水@时间窗 W005,结束时间,2024-01-16 09:03:50,E00620,,fluid_usage:红页L1HF:23:5:0.18%减阻水,
1450,0.18%减阻水@时间窗 W005,持续时间,4分钟40秒,E00620,,fluid_usage:红页L1HF:23:5:0.18%减阻水,
1451,0.18%减阻水@时间窗 W005,泵压特征,"施工泵压变化 起73.55→止75.29，变化1.74，均值75.0707，范围[73.54, 76.18]",E00620,E00621,fluid_usage:红页L1HF:23:5:0.18%减阻水,pressure_feature:红页L1HF:23:5
1452,0.18%减阻水@时间窗 W005,排量特征,"排量变化 起24.04→止24.04，变化0，均值24.04，范围[24.04, 24.04]",E00620,E00622,fluid_usage:红页L1HF:23:5:0.18%减阻水,flow_feature:红页L1HF:23:5
1453,0.18%减阻水@时间窗 W005,砂比特征,"砂比变化 起2.7→止6，变化3.3，均值5.3067，范围[2.7, 6]",E00620,E00623,fluid_usage:红页L1HF:23:5:0.18%减阻水,sand_feature:红页L1HF:23:5
1454,时间窗 W005,施工特征,"施工泵压变化 起73.55→止75.29，变化1.74，均值75.0707，范围[73.54, 76.18]",E00619,E00621,time_window:红页L1HF:23:5,pressure_feature:红页L1HF:23:5
1455,时间窗 W005,施工特征,"排量变化 起24.04→止24.04，变化0，均值24.04，范围[24.04, 24.04]",E00619,E00622,time_window:红页L1HF:23:5,flow_feature:红页L1HF:23:5
1456,时间窗 W005,砂比特征,"砂比变化 起2.7→止6，变化3.3，均值5.3067，范围[2.7, 6]",E00619,E00623,time_window:红页L1HF:23:5,sand_feature:红页L1HF:23:5
1457,段 23,包含时间窗,时间窗 W006,E00598,E00624,segment:红页L1HF:23,time_window:红页L1HF:23:6
1458,时间窗 W006,采用液型,0.12%减阻水@时间窗 W006,E00624,E00625,time_window:红页L1HF:23:6,fluid_usage:红页L1HF:23:6:0.12%减阻水
1459,0.12%减阻水@时间窗 W006,液型类别,液型 0.12%减阻水,E00625,E00010,fluid_usage:红页L1HF:23:6:0.12%减阻水,fluid_type:0.12%减阻水
1460,0.12%减阻水@时间窗 W006,开始时间,2024-01-16 09:04:00,E00625,,fluid_usage:红页L1HF:23:6:0.12%减阻水,
1461,0.12%减阻水@时间窗 W006,结束时间,2024-01-16 09:50:30,E00625,,fluid_usage:红页L1HF:23:6:0.12%减阻水,
1462,0.12%减阻水@时间窗 W006,持续时间,46分钟30秒,E00625,,fluid_usage:红页L1HF:23:6:0.12%减阻水,
1463,0.12%减阻水@时间窗 W006,泵压特征,"施工泵压变化 起75.17→止78.23，变化3.06，均值76.3777，范围[69, 80.58]",E00625,E00626,fluid_usage:红页L1HF:23:6:0.12%减阻水,pressure_feature:红页L1HF:23:6
1464,0.12%减阻水@时间窗 W006,排量特征,"排量变化 起24.04→止24.02，变化-0.02，均值24.0315，范围[24.02, 24.04]",E00625,E00627,fluid_usage:红页L1HF:23:6:0.12%减阻水,flow_feature:红页L1HF:23:6
1465,0.12%减阻水@时间窗 W006,砂比特征,"砂比变化 起6→止9.7，变化3.7，均值9.357，范围[0.1, 13]",E00625,E00628,fluid_usage:红页L1HF:23:6:0.12%减阻水,sand_feature:红页L1HF:23:6
1466,时间窗 W006,施工特征,"施工泵压变化 起75.17→止78.23，变化3.06，均值76.3777，范围[69, 80.58]",E00624,E00626,time_window:红页L1HF:23:6,pressure_feature:红页L1HF:23:6
1467,时间窗 W006,施工特征,"排量变化 起24.04→止24.02，变化-0.02，均值24.0315，范围[24.02, 24.04]",E00624,E00627,time_window:红页L1HF:23:6,flow_feature:红页L1HF:23:6
1468,时间窗 W006,砂比特征,"砂比变化 起6→止9.7，变化3.7，均值9.357，范围[0.1, 13]",E00624,E00628,time_window:红页L1HF:23:6,sand_feature:红页L1HF:23:6
1469,段 23,包含时间窗,时间窗 W007,E00598,E00629,segment:红页L1HF:23,time_window:红页L1HF:23:7
1470,时间窗 W007,采用液型,0.18%减阻水@时间窗 W007,E00629,E00630,time_window:红页L1HF:23:7,fluid_usage:红页L1HF:23:7:0.18%减阻水
1471,0.18%减阻水@时间窗 W007,液型类别,液型 0.18%减阻水,E00630,E00033,fluid_usage:红页L1HF:23:7:0.18%减阻水,fluid_type:0.18%减阻水
1472,0.18%减阻水@时间窗 W007,开始时间,2024-01-16 09:50:40,E00630,,fluid_usage:红页L1HF:23:7:0.18%减阻水,
1473,0.18%减阻水@时间窗 W007,结束时间,2024-01-16 09:55:20,E00630,,fluid_usage:红页L1HF:23:7:0.18%减阻水,
1474,0.18%减阻水@时间窗 W007,持续时间,4分钟40秒,E00630,,fluid_usage:红页L1HF:23:7:0.18%减阻水,
1475,0.18%减阻水@时间窗 W007,泵压特征,"施工泵压变化 起78.12→止77.6，变化-0.52，均值77.6519，范围[77.36, 78.12]",E00630,E00631,fluid_usage:红页L1HF:23:7:0.18%减阻水,pressure_feature:红页L1HF:23:7
1476,0.18%减阻水@时间窗 W007,排量特征,"排量变化 起24.02→止24.02，变化0，均值24.02，范围[24.02, 24.02]",E00630,E00632,fluid_usage:红页L1HF:23:7:0.18%减阻水,flow_feature:红页L1HF:23:7
1477,0.18%减阻水@时间窗 W007,砂比特征,"砂比变化 起10.6→止0.3，变化-10.3，均值10.9963，范围[0.3, 12]",E00630,E00633,fluid_usage:红页L1HF:23:7:0.18%减阻水,sand_feature:红页L1HF:23:7
1478,时间窗 W007,施工特征,"施工泵压变化 起78.12→止77.6，变化-0.52，均值77.6519，范围[77.36, 78.12]",E00629,E00631,time_window:红页L1HF:23:7,pressure_feature:红页L1HF:23:7
1479,时间窗 W007,施工特征,"排量变化 起24.02→止24.02，变化0，均值24.02，范围[24.02, 24.02]",E00629,E00632,time_window:红页L1HF:23:7,flow_feature:红页L1HF:23:7
1480,时间窗 W007,砂比特征,"砂比变化 起10.6→止0.3，变化-10.3，均值10.9963，范围[0.3, 12]",E00629,E00633,time_window:红页L1HF:23:7,sand_feature:红页L1HF:23:7
1481,段 23,包含时间窗,时间窗 W008,E00598,E00634,segment:红页L1HF:23,time_window:红页L1HF:23:8
1482,时间窗 W008,采用液型,0.12%减阻水@时间窗 W008,E00634,E00635,time_window:红页L1HF:23:8,fluid_usage:红页L1HF:23:8:0.12%减阻水
1483,0.12%减阻水@时间窗 W008,液型类别,液型 0.12%减阻水,E00635,E00010,fluid_usage:红页L1HF:23:8:0.12%减阻水,fluid_type:0.12%减阻水
1484,0.12%减阻水@时间窗 W008,开始时间,2024-01-16 09:55:30,E00635,,fluid_usage:红页L1HF:23:8:0.12%减阻水,
1485,0.12%减阻水@时间窗 W008,结束时间,2024-01-16 10:38:10,E00635,,fluid_usage:红页L1HF:23:8:0.12%减阻水,
1486,0.12%减阻水@时间窗 W008,持续时间,42分钟40秒,E00635,,fluid_usage:红页L1HF:23:8:0.12%减阻水,
1487,0.12%减阻水@时间窗 W008,泵压特征,"施工泵压变化 起77.64→止79.05，变化1.41，均值79.3921，范围[65.17, 86.64]",E00635,E00636,fluid_usage:红页L1HF:23:8:0.12%减阻水,pressure_feature:红页L1HF:23:8
1488,0.12%减阻水@时间窗 W008,排量特征,"排量变化 起24.02→止24.03，变化0.01，均值23.7539，范围[19.89, 24.06]",E00635,E00637,fluid_usage:红页L1HF:23:8:0.12%减阻水,flow_feature:红页L1HF:23:8
1489,0.12%减阻水@时间窗 W008,砂比特征,"砂比变化 起1.7→止8.1，变化6.4，均值9.3698，范围[0.3, 13]",E00635,E00638,fluid_usage:红页L1HF:23:8:0.12%减阻水,sand_feature:红页L1HF:23:8
1490,时间窗 W008,施工特征,"施工泵压变化 起77.64→止79.05，变化1.41，均值79.3921，范围[65.17, 86.64]",E00634,E00636,time_window:红页L1HF:23:8,pressure_feature:红页L1HF:23:8
1491,时间窗 W008,施工特征,"排量变化 起24.02→止24.03，变化0.01，均值23.7539，范围[19.89, 24.06]",E00634,E00637,time_window:红页L1HF:23:8,flow_feature:红页L1HF:23:8
1492,时间窗 W008,砂比特征,"砂比变化 起1.7→止8.1，变化6.4，均值9.3698，范围[0.3, 13]",E00634,E00638,time_window:红页L1HF:23:8,sand_feature:红页L1HF:23:8
1493,段 23,包含时间窗,时间窗 W009,E00598,E00639,segment:红页L1HF:23,time_window:红页L1HF:23:9
1494,时间窗 W009,采用液型,0.25%减阻水@时间窗 W009,E00639,E00640,time_window:红页L1HF:23:9,fluid_usage:红页L1HF:23:9:0.25%减阻水
1495,0.25%减阻水@时间窗 W009,液型类别,液型 0.25%减阻水,E00640,E00022,fluid_usage:红页L1HF:23:9:0.25%减阻水,fluid_type:0.25%减阻水
1496,0.25%减阻水@时间窗 W009,开始时间,2024-01-16 10:38:20,E00640,,fluid_usage:红页L1HF:23:9:0.25%减阻水,
1497,0.25%减阻水@时间窗 W009,结束时间,2024-01-16 10:45:30,E00640,,fluid_usage:红页L1HF:23:9:0.25%减阻水,
1498,0.25%减阻水@时间窗 W009,持续时间,7分钟10秒,E00640,,fluid_usage:红页L1HF:23:9:0.25%减阻水,
1499,0.25%减阻水@时间窗 W009,泵压特征,"施工泵压变化 起79.52→止80.06，变化0.54，均值80.7583，范围[79.52, 81.68]",E00640,E00641,fluid_usage:红页L1HF:23:9:0.25%减阻水,pressure_feature:红页L1HF:23:9
1500,0.25%减阻水@时间窗 W009,排量特征,"排量变化 起24.03→止24.03，变化0，均值24.03，范围[24.03, 24.03]",E00640,E00642,fluid_usage:红页L1HF:23:9:0.25%减阻水,flow_feature:红页L1HF:23:9
1501,0.25%减阻水@时间窗 W009,砂比特征,"砂比变化 起8.1→止3.5，变化-4.6，均值9.6914，范围[3.5, 12]",E00640,E00643,fluid_usage:红页L1HF:23:9:0.25%减阻水,sand_feature:红页L1HF:23:9
1502,时间窗 W009,施工特征,"施工泵压变化 起79.52→止80.06，变化0.54，均值80.7583，范围[79.52, 81.68]",E00639,E00641,time_window:红页L1HF:23:9,pressure_feature:红页L1HF:23:9
1503,时间窗 W009,施工特征,"排量变化 起24.03→止24.03，变化0，均值24.03，范围[24.03, 24.03]",E00639,E00642,time_window:红页L1HF:23:9,flow_feature:红页L1HF:23:9
1504,时间窗 W009,砂比特征,"砂比变化 起8.1→止3.5，变化-4.6，均值9.6914，范围[3.5, 12]",E00639,E00643,time_window:红页L1HF:23:9,sand_feature:红页L1HF:23:9
1505,段 23,包含时间窗,时间窗 W010,E00598,E00644,segment:红页L1HF:23,time_window:红页L1HF:23:10
1506,时间窗 W010,采用液型,0.12%减阻水@时间窗 W010,E00644,E00645,time_window:红页L1HF:23:10,fluid_usage:红页L1HF:23:10:0.12%减阻水
1507,0.12%减阻水@时间窗 W010,液型类别,液型 0.12%减阻水,E00645,E00010,fluid_usage:红页L1HF:23:10:0.12%减阻水,fluid_type:0.12%减阻水
1508,0.12%减阻水@时间窗 W010,开始时间,2024-01-16 10:45:40,E00645,,fluid_usage:红页L1HF:23:10:0.12%减阻水,
1509,0.12%减阻水@时间窗 W010,结束时间,2024-01-16 10:47:50,E00645,,fluid_usage:红页L1HF:23:10:0.12%减阻水,
1510,0.12%减阻水@时间窗 W010,持续时间,2分钟10秒,E00645,,fluid_usage:红页L1HF:23:10:0.12%减阻水,
1511,0.12%减阻水@时间窗 W010,泵压特征,"施工泵压变化 起79.83→止47.76，变化-32.07，均值71.7031，范围[47.76, 79.83]",E00645,E00646,fluid_usage:红页L1HF:23:10:0.12%减阻水,pressure_feature:红页L1HF:23:10
1512,0.12%减阻水@时间窗 W010,排量特征,"排量变化 起24.03→止0.42，变化-23.61，均值20.0938，范围[0.42, 24.03]",E00645,E00647,fluid_usage:红页L1HF:23:10:0.12%减阻水,flow_feature:红页L1HF:23:10
1513,0.12%减阻水@时间窗 W010,砂比特征,砂比变化：0,E00645,E00648,fluid_usage:红页L1HF:23:10:0.12%减阻水,sand_feature:红页L1HF:23:10
1514,时间窗 W010,施工特征,"施工泵压变化 起79.83→止47.76，变化-32.07，均值71.7031，范围[47.76, 79.83]",E00644,E00646,time_window:红页L1HF:23:10,pressure_feature:红页L1HF:23:10
1515,时间窗 W010,施工特征,"排量变化 起24.03→止0.42，变化-23.61，均值20.0938，范围[0.42, 24.03]",E00644,E00647,time_window:红页L1HF:23:10,flow_feature:红页L1HF:23:10
1516,时间窗 W010,砂比特征,砂比变化：0,E00644,E00648,time_window:红页L1HF:23:10,sand_feature:红页L1HF:23:10
1517,段 23,包含时间窗,时间窗 W011,E00598,E00649,segment:红页L1HF:23,time_window:红页L1HF:23:11
1518,时间窗 W011,采用液型,0@时间窗 W011,E00649,E00650,time_window:红页L1HF:23:11,fluid_usage:红页L1HF:23:11:0
1519,0@时间窗 W011,液型类别,液型 0,E00650,E00044,fluid_usage:红页L1HF:23:11:0,fluid_type:0
1520,0@时间窗 W011,开始时间,2024-01-16 10:48:00,E00650,,fluid_usage:红页L1HF:23:11:0,
1521,0@时间窗 W011,结束时间,2024-01-16 11:18:00,E00650,,fluid_usage:红页L1HF:23:11:0,
1522,0@时间窗 W011,持续时间,30分钟,E00650,,fluid_usage:红页L1HF:23:11:0,
1523,0@时间窗 W011,泵压特征,"施工泵压变化 起46.29→止0.13，变化-46.16，均值32.9441，范围[0.13, 46.29]",E00650,E00651,fluid_usage:红页L1HF:23:11:0,pressure_feature:红页L1HF:23:11
1524,0@时间窗 W011,排量特征,"排量变化 起0→止0，变化0，均值0，范围[0, 0]",E00650,E00652,fluid_usage:红页L1HF:23:11:0,flow_feature:红页L1HF:23:11
1525,0@时间窗 W011,砂比特征,砂比变化：0,E00650,E00653,fluid_usage:红页L1HF:23:11:0,sand_feature:红页L1HF:23:11
1526,时间窗 W011,施工特征,"施工泵压变化 起46.29→止0.13，变化-46.16，均值32.9441，范围[0.13, 46.29]",E00649,E00651,time_window:红页L1HF:23:11,pressure_feature:红页L1HF:23:11
1527,时间窗 W011,施工特征,"排量变化 起0→止0，变化0，均值0，范围[0, 0]",E00649,E00652,time_window:红页L1HF:23:11,flow_feature:红页L1HF:23:11
1528,时间窗 W011,砂比特征,砂比变化：0,E00649,E00653,time_window:红页L1HF:23:11,sand_feature:红页L1HF:23:11
1529,井 红页L1HF,包含段,段 24,E00001,E00654,well:红页L1HF,segment:红页L1HF:24
1530,段 24,包含时间窗,时间窗 W001,E00654,E00655,segment:红页L1HF:24,time_window:红页L1HF:24:1
1531,时间窗 W001,采用液型,0@时间窗 W001,E00655,E00656,time_window:红页L1HF:24:1,fluid_usage:红页L1HF:24:1:0
1532,0@时间窗 W001,液型类别,液型 0,E00656,E00044,fluid_usage:红页L1HF:24:1:0,fluid_type:0
1533,0@时间窗 W001,开始时间,2024-01-16 15:04:10,E00656,,fluid_usage:红页L1HF:24:1:0,
1534,0@时间窗 W001,结束时间,2024-01-16 15:04:50,E00656,,fluid_usage:红页L1HF:24:1:0,
1535,0@时间窗 W001,持续时间,40秒,E00656,,fluid_usage:红页L1HF:24:1:0,
1536,0@时间窗 W001,泵压特征,"施工泵压变化 起15.14→止22.18，变化7.04，均值20.796，范围[15.14, 22.66]",E00656,E00657,fluid_usage:红页L1HF:24:1:0,pressure_feature:红页L1HF:24:1
1537,0@时间窗 W001,排量特征,"排量变化 起0→止0，变化0，均值0，范围[0, 0]",E00656,E00658,fluid_usage:红页L1HF:24:1:0,flow_feature:红页L1HF:24:1
1538,0@时间窗 W001,砂比特征,砂比变化：0,E00656,E00659,fluid_usage:红页L1HF:24:1:0,sand_feature:红页L1HF:24:1
1539,时间窗 W001,施工特征,"施工泵压变化 起15.14→止22.18，变化7.04，均值20.796，范围[15.14, 22.66]",E00655,E00657,time_window:红页L1HF:24:1,pressure_feature:红页L1HF:24:1
1540,时间窗 W001,施工特征,"排量变化 起0→止0，变化0，均值0，范围[0, 0]",E00655,E00658,time_window:红页L1HF:24:1,flow_feature:红页L1HF:24:1
1541,时间窗 W001,砂比特征,砂比变化：0,E00655,E00659,time_window:红页L1HF:24:1,sand_feature:红页L1HF:24:1
1542,段 24,包含时间窗,时间窗 W002,E00654,E00660,segment:红页L1HF:24,time_window:红页L1HF:24:2
1543,时间窗 W002,采用液型,0.12%减阻水@时间窗 W002,E00660,E00661,time_window:红页L1HF:24:2,fluid_usage:红页L1HF:24:2:0.12%减阻水
1544,0.12%减阻水@时间窗 W002,液型类别,液型 0.12%减阻水,E00661,E00010,fluid_usage:红页L1HF:24:2:0.12%减阻水,fluid_type:0.12%减阻水
1545,0.12%减阻水@时间窗 W002,开始时间,2024-01-16 15:05:00,E00661,,fluid_usage:红页L1HF:24:2:0.12%减阻水,
1546,0.12%减阻水@时间窗 W002,结束时间,2024-01-16 15:07:50,E00661,,fluid_usage:红页L1HF:24:2:0.12%减阻水,
1547,0.12%减阻水@时间窗 W002,持续时间,2分钟50秒,E00661,,fluid_usage:红页L1HF:24:2:0.12%减阻水,
1548,0.12%减阻水@时间窗 W002,泵压特征,"施工泵压变化 起23.17→止30.34，变化7.17，均值27.2394，范围[22.92, 30.34]",E00661,E00662,fluid_usage:红页L1HF:24:2:0.12%减阻水,pressure_feature:红页L1HF:24:2
1549,0.12%减阻水@时间窗 W002,排量特征,"排量变化 起0.36→止1.99，变化1.63，均值1.6294，范围[0.36, 1.99]",E00661,E00663,fluid_usage:红页L1HF:24:2:0.12%减阻水,flow_feature:红页L1HF:24:2
1550,0.12%减阻水@时间窗 W002,砂比特征,砂比变化：0,E00661,E00664,fluid_usage:红页L1HF:24:2:0.12%减阻水,sand_feature:红页L1HF:24:2
1551,时间窗 W002,施工特征,"施工泵压变化 起23.17→止30.34，变化7.17，均值27.2394，范围[22.92, 30.34]",E00660,E00662,time_window:红页L1HF:24:2,pressure_feature:红页L1HF:24:2
1552,时间窗 W002,施工特征,"排量变化 起0.36→止1.99，变化1.63，均值1.6294，范围[0.36, 1.99]",E00660,E00663,time_window:红页L1HF:24:2,flow_feature:红页L1HF:24:2
1553,时间窗 W002,砂比特征,砂比变化：0,E00660,E00664,time_window:红页L1HF:24:2,sand_feature:红页L1HF:24:2
1554,段 24,包含时间窗,时间窗 W003,E00654,E00665,segment:红页L1HF:24,time_window:红页L1HF:24:3
1555,时间窗 W003,采用液型,15%HCl@时间窗 W003,E00665,E00666,time_window:红页L1HF:24:3,fluid_usage:红页L1HF:24:3:15%HCl
1556,15%HCl@时间窗 W003,液型类别,液型 15%HCl,E00666,E00016,fluid_usage:红页L1HF:24:3:15%HCl,fluid_type:15%HCl
1557,15%HCl@时间窗 W003,开始时间,2024-01-16 15:08:00,E00666,,fluid_usage:红页L1HF:24:3:15%HCl,
1558,15%HCl@时间窗 W003,结束时间,2024-01-16 15:13:00,E00666,,fluid_usage:红页L1HF:24:3:15%HCl,
1559,15%HCl@时间窗 W003,持续时间,5分钟,E00666,,fluid_usage:红页L1HF:24:3:15%HCl,
1560,15%HCl@时间窗 W003,泵压特征,"施工泵压变化 起30.54→止33.46，变化2.92，均值32.3013，范围[30.54, 33.46]",E00666,E00667,fluid_usage:红页L1HF:24:3:15%HCl,pressure_feature:红页L1HF:24:3
1561,15%HCl@时间窗 W003,排量特征,"排量变化 起1.99→止1.99，变化0，均值1.99，范围[1.99, 1.99]",E00666,E00668,fluid_usage:红页L1HF:24:3:15%HCl,flow_feature:红页L1HF:24:3
1562,15%HCl@时间窗 W003,砂比特征,砂比变化：0,E00666,E00669,fluid_usage:红页L1HF:24:3:15%HCl,sand_feature:红页L1HF:24:3
1563,时间窗 W003,施工特征,"施工泵压变化 起30.54→止33.46，变化2.92，均值32.3013，范围[30.54, 33.46]",E00665,E00667,time_window:红页L1HF:24:3,pressure_feature:红页L1HF:24:3
1564,时间窗 W003,施工特征,"排量变化 起1.99→止1.99，变化0，均值1.99，范围[1.99, 1.99]",E00665,E00668,time_window:红页L1HF:24:3,flow_feature:红页L1HF:24:3
1565,时间窗 W003,砂比特征,砂比变化：0,E00665,E00669,time_window:红页L1HF:24:3,sand_feature:红页L1HF:24:3
1566,段 24,包含时间窗,时间窗 W004,E00654,E00670,segment:红页L1HF:24,time_window:红页L1HF:24:4
1567,时间窗 W004,采用液型,0.25%减阻水@时间窗 W004,E00670,E00671,time_window:红页L1HF:24:4,fluid_usage:红页L1HF:24:4:0.25%减阻水
1568,0.25%减阻水@时间窗 W004,液型类别,液型 0.25%减阻水,E00671,E00022,fluid_usage:红页L1HF:24:4:0.25%减阻水,fluid_type:0.25%减阻水
1569,0.25%减阻水@时间窗 W004,开始时间,2024-01-16 15:13:10,E00671,,fluid_usage:红页L1HF:24:4:0.25%减阻水,
1570,0.25%减阻水@时间窗 W004,结束时间,2024-01-16 15:37:50,E00671,,fluid_usage:红页L1HF:24:4:0.25%减阻水,
1571,0.25%减阻水@时间窗 W004,持续时间,24分钟40秒,E00671,,fluid_usage:红页L1HF:24:4:0.25%减阻水,
1572,0.25%减阻水@时间窗 W004,泵压特征,"施工泵压变化 起33.49→止71.12，变化37.63，均值61.2166，范围[33.49, 78.27]",E00671,E00672,fluid_usage:红页L1HF:24:4:0.25%减阻水,pressure_feature:红页L1HF:24:4
1573,0.25%减阻水@时间窗 W004,排量特征,"排量变化 起1.99→止24，变化22.01，均值11.9701，范围[1.99, 24.18]",E00671,E00673,fluid_usage:红页L1HF:24:4:0.25%减阻水,flow_feature:红页L1HF:24:4
1574,0.25%减阻水@时间窗 W004,砂比特征,"砂比变化 起0.6→止0.6，变化0，均值0.6，范围[0.6, 0.6]",E00671,E00674,fluid_usage:红页L1HF:24:4:0.25%减阻水,sand_feature:红页L1HF:24:4
1575,时间窗 W004,施工特征,"施工泵压变化 起33.49→止71.12，变化37.63，均值61.2166，范围[33.49, 78.27]",E00670,E00672,time_window:红页L1HF:24:4,pressure_feature:红页L1HF:24:4
1576,时间窗 W004,施工特征,"排量变化 起1.99→止24，变化22.01，均值11.9701，范围[1.99, 24.18]",E00670,E00673,time_window:红页L1HF:24:4,flow_feature:红页L1HF:24:4
1577,时间窗 W004,砂比特征,"砂比变化 起0.6→止0.6，变化0，均值0.6，范围[0.6, 0.6]",E00670,E00674,time_window:红页L1HF:24:4,sand_feature:红页L1HF:24:4
1578,段 24,包含时间窗,时间窗 W005,E00654,E00675,segment:红页L1HF:24,time_window:红页L1HF:24:5
1579,时间窗 W005,采用液型,0.18%减阻水@时间窗 W005,E00675,E00676,time_window:红页L1HF:24:5,fluid_usage:红页L1HF:24:5:0.18%减阻水
1580,0.18%减阻水@时间窗 W005,液型类别,液型 0.18%减阻水,E00676,E00033,fluid_usage:红页L1HF:24:5:0.18%减阻水,fluid_type:0.18%减阻水
1581,0.18%减阻水@时间窗 W005,开始时间,2024-01-16 15:38:00,E00676,,fluid_usage:红页L1HF:24:5:0.18%减阻水,
1582,0.18%减阻水@时间窗 W005,结束时间,2024-01-16 15:43:10,E00676,,fluid_usage:红页L1HF:24:5:0.18%减阻水,
1583,0.18%减阻水@时间窗 W005,持续时间,5分钟10秒,E00676,,fluid_usage:红页L1HF:24:5:0.18%减阻水,
1584,0.18%减阻水@时间窗 W005,泵压特征,"施工泵压变化 起71.14→止74.17，变化3.03，均值72.9159，范围[70.97, 74.17]",E00676,E00677,fluid_usage:红页L1HF:24:5:0.18%减阻水,pressure_feature:红页L1HF:24:5
1585,0.18%减阻水@时间窗 W005,排量特征,"排量变化 起24→止24，变化0，均值24，范围[24, 24]",E00676,E00678,fluid_usage:红页L1HF:24:5:0.18%减阻水,flow_feature:红页L1HF:24:5
1586,0.18%减阻水@时间窗 W005,砂比特征,"砂比变化 起4.6→止7，变化2.4，均值6.3724，范围[4.6, 7]",E00676,E00679,fluid_usage:红页L1HF:24:5:0.18%减阻水,sand_feature:红页L1HF:24:5
1587,时间窗 W005,施工特征,"施工泵压变化 起71.14→止74.17，变化3.03，均值72.9159，范围[70.97, 74.17]",E00675,E00677,time_window:红页L1HF:24:5,pressure_feature:红页L1HF:24:5
1588,时间窗 W005,施工特征,"排量变化 起24→止24，变化0，均值24，范围[24, 24]",E00675,E00678,time_window:红页L1HF:24:5,flow_feature:红页L1HF:24:5
1589,时间窗 W005,砂比特征,"砂比变化 起4.6→止7，变化2.4，均值6.3724，范围[4.6, 7]",E00675,E00679,time_window:红页L1HF:24:5,sand_feature:红页L1HF:24:5
1590,段 24,包含时间窗,时间窗 W006,E00654,E00680,segment:红页L1HF:24,time_window:红页L1HF:24:6
1591,时间窗 W006,采用液型,0.12%减阻水@时间窗 W006,E00680,E00681,time_window:红页L1HF:24:6,fluid_usage:红页L1HF:24:6:0.12%减阻水
1592,0.12%减阻水@时间窗 W006,液型类别,液型 0.12%减阻水,E00681,E00010,fluid_usage:红页L1HF:24:6:0.12%减阻水,fluid_type:0.12%减阻水
1593,0.12%减阻水@时间窗 W006,开始时间,2024-01-16 15:43:20,E00681,,fluid_usage:红页L1HF:24:6:0.12%减阻水,
1594,0.12%减阻水@时间窗 W006,结束时间,2024-01-16 16:26:00,E00681,,fluid_usage:红页L1HF:24:6:0.12%减阻水,
1595,0.12%减阻水@时间窗 W006,持续时间,42分钟40秒,E00681,,fluid_usage:红页L1HF:24:6:0.12%减阻水,
1596,0.12%减阻水@时间窗 W006,泵压特征,"施工泵压变化 起74.23→止81.23，变化7，均值77.1658，范围[68.63, 81.23]",E00681,E00682,fluid_usage:红页L1HF:24:6:0.12%减阻水,pressure_feature:红页L1HF:24:6
1597,0.12%减阻水@时间窗 W006,排量特征,"排量变化 起24→止24，变化0，均值24.0051，范围[24, 24.03]",E00681,E00683,fluid_usage:红页L1HF:24:6:0.12%减阻水,flow_feature:红页L1HF:24:6
1598,0.12%减阻水@时间窗 W006,砂比特征,"砂比变化 起7.3→止10.7，变化3.4，均值9.9442，范围[0.7, 12]",E00681,E00684,fluid_usage:红页L1HF:24:6:0.12%减阻水,sand_feature:红页L1HF:24:6
1599,时间窗 W006,施工特征,"施工泵压变化 起74.23→止81.23，变化7，均值77.1658，范围[68.63, 81.23]",E00680,E00682,time_window:红页L1HF:24:6,pressure_feature:红页L1HF:24:6
1600,时间窗 W006,施工特征,"排量变化 起24→止24，变化0，均值24.0051，范围[24, 24.03]",E00680,E00683,time_window:红页L1HF:24:6,flow_feature:红页L1HF:24:6
1601,时间窗 W006,砂比特征,"砂比变化 起7.3→止10.7，变化3.4，均值9.9442，范围[0.7, 12]",E00680,E00684,time_window:红页L1HF:24:6,sand_feature:红页L1HF:24:6
1602,段 24,包含时间窗,时间窗 W007,E00654,E00685,segment:红页L1HF:24,time_window:红页L1HF:24:7
1603,时间窗 W007,采用液型,0.18%减阻水@时间窗 W007,E00685,E00686,time_window:红页L1HF:24:7,fluid_usage:红页L1HF:24:7:0.18%减阻水
1604,0.18%减阻水@时间窗 W007,液型类别,液型 0.18%减阻水,E00686,E00033,fluid_usage:红页L1HF:24:7:0.18%减阻水,fluid_type:0.18%减阻水
1605,0.18%减阻水@时间窗 W007,开始时间,2024-01-16 16:26:10,E00686,,fluid_usage:红页L1HF:24:7:0.18%减阻水,
1606,0.18%减阻水@时间窗 W007,结束时间,2024-01-16 16:30:50,E00686,,fluid_usage:红页L1HF:24:7:0.18%减阻水,
1607,0.18%减阻水@时间窗 W007,持续时间,4分钟40秒,E00686,,fluid_usage:红页L1HF:24:7:0.18%减阻水,
1608,0.18%减阻水@时间窗 W007,泵压特征,"施工泵压变化 起81.37→止78.83，变化-2.54，均值79.5537，范围[78.39, 81.49]",E00686,E00687,fluid_usage:红页L1HF:24:7:0.18%减阻水,pressure_feature:红页L1HF:24:7
1609,0.18%减阻水@时间窗 W007,排量特征,"排量变化 起24→止24，变化0，均值24，范围[24, 24]",E00686,E00688,fluid_usage:红页L1HF:24:7:0.18%减阻水,flow_feature:红页L1HF:24:7
1610,0.18%减阻水@时间窗 W007,砂比特征,"砂比变化 起9.2→止1，变化-8.2，均值10.9833，范围[1, 12]",E00686,E00689,fluid_usage:红页L1HF:24:7:0.18%减阻水,sand_feature:红页L1HF:24:7
1611,时间窗 W007,施工特征,"施工泵压变化 起81.37→止78.83，变化-2.54，均值79.5537，范围[78.39, 81.49]",E00685,E00687,time_window:红页L1HF:24:7,pressure_feature:红页L1HF:24:7
1612,时间窗 W007,施工特征,"排量变化 起24→止24，变化0，均值24，范围[24, 24]",E00685,E00688,time_window:红页L1HF:24:7,flow_feature:红页L1HF:24:7
1613,时间窗 W007,砂比特征,"砂比变化 起9.2→止1，变化-8.2，均值10.9833，范围[1, 12]",E00685,E00689,time_window:红页L1HF:24:7,sand_feature:红页L1HF:24:7
1614,段 24,包含时间窗,时间窗 W008,E00654,E00690,segment:红页L1HF:24,time_window:红页L1HF:24:8
1615,时间窗 W008,采用液型,0.12%减阻水@时间窗 W008,E00690,E00691,time_window:红页L1HF:24:8,fluid_usage:红页L1HF:24:8:0.12%减阻水
1616,0.12%减阻水@时间窗 W008,液型类别,液型 0.12%减阻水,E00691,E00010,fluid_usage:红页L1HF:24:8:0.12%减阻水,fluid_type:0.12%减阻水
1617,0.12%减阻水@时间窗 W008,开始时间,2024-01-16 16:34:40,E00691,,fluid_usage:红页L1HF:24:8:0.12%减阻水,
1618,0.12%减阻水@时间窗 W008,结束时间,2024-01-16 17:08:00,E00691,,fluid_usage:红页L1HF:24:8:0.12%减阻水,
1619,0.12%减阻水@时间窗 W008,持续时间,33分钟20秒,E00691,,fluid_usage:红页L1HF:24:8:0.12%减阻水,
1620,0.12%减阻水@时间窗 W008,泵压特征,"施工泵压变化 起68.27→止88.28，变化20.01，均值82.3469，范围[68.12, 90.58]",E00691,E00692,fluid_usage:红页L1HF:24:8:0.12%减阻水,pressure_feature:红页L1HF:24:8
1621,0.12%减阻水@时间窗 W008,排量特征,"排量变化 起20.03→止23.82，变化3.79，均值23.697，范围[20.02, 24.03]",E00691,E00693,fluid_usage:红页L1HF:24:8:0.12%减阻水,flow_feature:红页L1HF:24:8
1622,0.12%减阻水@时间窗 W008,砂比特征,"砂比变化 起1.5→止1.5，变化0，均值9.8709，范围[0.3, 12]",E00691,E00694,fluid_usage:红页L1HF:24:8:0.12%减阻水,sand_feature:红页L1HF:24:8
1623,时间窗 W008,施工特征,"施工泵压变化 起68.27→止88.28，变化20.01，均值82.3469，范围[68.12, 90.58]",E00690,E00692,time_window:红页L1HF:24:8,pressure_feature:红页L1HF:24:8
1624,时间窗 W008,施工特征,"排量变化 起20.03→止23.82，变化3.79，均值23.697，范围[20.02, 24.03]",E00690,E00693,time_window:红页L1HF:24:8,flow_feature:红页L1HF:24:8
1625,时间窗 W008,砂比特征,"砂比变化 起1.5→止1.5，变化0，均值9.8709，范围[0.3, 12]",E00690,E00694,time_window:红页L1HF:24:8,sand_feature:红页L1HF:24:8
1626,段 24,包含时间窗,时间窗 W009,E00654,E00695,segment:红页L1HF:24,time_window:红页L1HF:24:9
1627,时间窗 W009,采用液型,0.25%减阻水@时间窗 W009,E00695,E00696,time_window:红页L1HF:24:9,fluid_usage:红页L1HF:24:9:0.25%减阻水
1628,0.25%减阻水@时间窗 W009,液型类别,液型 0.25%减阻水,E00696,E00022,fluid_usage:红页L1HF:24:9:0.25%减阻水,fluid_type:0.25%减阻水
1629,0.25%减阻水@时间窗 W009,开始时间,2024-01-16 17:08:10,E00696,,fluid_usage:红页L1HF:24:9:0.25%减阻水,
1630,0.25%减阻水@时间窗 W009,结束时间,2024-01-16 17:24:40,E00696,,fluid_usage:红页L1HF:24:9:0.25%减阻水,
1631,0.25%减阻水@时间窗 W009,持续时间,16分钟30秒,E00696,,fluid_usage:红页L1HF:24:9:0.25%减阻水,
1632,0.25%减阻水@时间窗 W009,泵压特征,"施工泵压变化 起87.45→止84.57，变化-2.88，均值83.813，范围[81.14, 87.45]",E00696,E00697,fluid_usage:红页L1HF:24:9:0.25%减阻水,pressure_feature:红页L1HF:24:9
1633,0.25%减阻水@时间窗 W009,排量特征,"排量变化 起23.82→止24，变化0.18，均值23.9904，范围[23.82, 24.01]",E00696,E00698,fluid_usage:红页L1HF:24:9:0.25%减阻水,flow_feature:红页L1HF:24:9
1634,0.25%减阻水@时间窗 W009,砂比特征,"砂比变化 起0.1→止2.3，变化2.2，均值10.1624，范围[0.1, 12]",E00696,E00699,fluid_usage:红页L1HF:24:9:0.25%减阻水,sand_feature:红页L1HF:24:9
1635,时间窗 W009,施工特征,"施工泵压变化 起87.45→止84.57，变化-2.88，均值83.813，范围[81.14, 87.45]",E00695,E00697,time_window:红页L1HF:24:9,pressure_feature:红页L1HF:24:9
1636,时间窗 W009,施工特征,"排量变化 起23.82→止24，变化0.18，均值23.9904，范围[23.82, 24.01]",E00695,E00698,time_window:红页L1HF:24:9,flow_feature:红页L1HF:24:9
1637,时间窗 W009,砂比特征,"砂比变化 起0.1→止2.3，变化2.2，均值10.1624，范围[0.1, 12]",E00695,E00699,time_window:红页L1HF:24:9,sand_feature:红页L1HF:24:9
1638,段 24,包含时间窗,时间窗 W010,E00654,E00700,segment:红页L1HF:24,time_window:红页L1HF:24:10
1639,时间窗 W010,采用液型,0.12%减阻水@时间窗 W010,E00700,E00701,time_window:红页L1HF:24:10,fluid_usage:红页L1HF:24:10:0.12%减阻水
1640,0.12%减阻水@时间窗 W010,液型类别,液型 0.12%减阻水,E00701,E00010,fluid_usage:红页L1HF:24:10:0.12%减阻水,fluid_type:0.12%减阻水
1641,0.12%减阻水@时间窗 W010,开始时间,2024-01-16 17:24:50,E00701,,fluid_usage:红页L1HF:24:10:0.12%减阻水,
1642,0.12%减阻水@时间窗 W010,结束时间,2024-01-16 17:57:30,E00701,,fluid_usage:红页L1HF:24:10:0.12%减阻水,
1643,0.12%减阻水@时间窗 W010,持续时间,32分钟40秒,E00701,,fluid_usage:红页L1HF:24:10:0.12%减阻水,
1644,0.12%减阻水@时间窗 W010,泵压特征,"施工泵压变化 起84.39→止0.43，变化-83.96，均值43.9443，范围[0.43, 84.39]",E00701,E00702,fluid_usage:红页L1HF:24:10:0.12%减阻水,pressure_feature:红页L1HF:24:10
1645,0.12%减阻水@时间窗 W010,排量特征,"排量变化 起24→止0，变化-24，均值1.3276，范围[0, 24.01]",E00701,E00703,fluid_usage:红页L1HF:24:10:0.12%减阻水,flow_feature:红页L1HF:24:10
1646,0.12%减阻水@时间窗 W010,砂比特征,砂比变化：0,E00701,E00704,fluid_usage:红页L1HF:24:10:0.12%减阻水,sand_feature:红页L1HF:24:10
1647,时间窗 W010,施工特征,"施工泵压变化 起84.39→止0.43，变化-83.96，均值43.9443，范围[0.43, 84.39]",E00700,E00702,time_window:红页L1HF:24:10,pressure_feature:红页L1HF:24:10
1648,时间窗 W010,施工特征,"排量变化 起24→止0，变化-24，均值1.3276，范围[0, 24.01]",E00700,E00703,time_window:红页L1HF:24:10,flow_feature:红页L1HF:24:10
1649,时间窗 W010,砂比特征,砂比变化：0,E00700,E00704,time_window:红页L1HF:24:10,sand_feature:红页L1HF:24:10
1650,井 红页L1HF,包含段,段 25,E00001,E00705,well:红页L1HF,segment:红页L1HF:25
1651,段 25,包含时间窗,时间窗 W001,E00705,E00706,segment:红页L1HF:25,time_window:红页L1HF:25:1
1652,时间窗 W001,采用液型,0@时间窗 W001,E00706,E00707,time_window:红页L1HF:25:1,fluid_usage:红页L1HF:25:1:0
1653,0@时间窗 W001,液型类别,液型 0,E00707,E00044,fluid_usage:红页L1HF:25:1:0,fluid_type:0
1654,0@时间窗 W001,开始时间,2024-01-17 08:10:10,E00707,,fluid_usage:红页L1HF:25:1:0,
1655,0@时间窗 W001,结束时间,2024-01-17 08:10:10,E00707,,fluid_usage:红页L1HF:25:1:0,
1656,0@时间窗 W001,持续时间,0秒,E00707,,fluid_usage:红页L1HF:25:1:0,
1657,0@时间窗 W001,泵压特征,"施工泵压变化 起4.81→止4.81，变化0，均值4.81，范围[4.81, 4.81]",E00707,E00708,fluid_usage:红页L1HF:25:1:0,pressure_feature:红页L1HF:25:1
1658,0@时间窗 W001,排量特征,"排量变化 起0→止0，变化0，均值0，范围[0, 0]",E00707,E00709,fluid_usage:红页L1HF:25:1:0,flow_feature:红页L1HF:25:1
1659,0@时间窗 W001,砂比特征,砂比变化：0,E00707,E00710,fluid_usage:红页L1HF:25:1:0,sand_feature:红页L1HF:25:1
1660,时间窗 W001,施工特征,"施工泵压变化 起4.81→止4.81，变化0，均值4.81，范围[4.81, 4.81]",E00706,E00708,time_window:红页L1HF:25:1,pressure_feature:红页L1HF:25:1
1661,时间窗 W001,施工特征,"排量变化 起0→止0，变化0，均值0，范围[0, 0]",E00706,E00709,time_window:红页L1HF:25:1,flow_feature:红页L1HF:25:1
1662,时间窗 W001,砂比特征,砂比变化：0,E00706,E00710,time_window:红页L1HF:25:1,sand_feature:红页L1HF:25:1
1663,段 25,包含时间窗,时间窗 W002,E00705,E00711,segment:红页L1HF:25,time_window:红页L1HF:25:2
1664,时间窗 W002,采用液型,0.12%减阻水@时间窗 W002,E00711,E00712,time_window:红页L1HF:25:2,fluid_usage:红页L1HF:25:2:0.12%减阻水
1665,0.12%减阻水@时间窗 W002,液型类别,液型 0.12%减阻水,E00712,E00010,fluid_usage:红页L1HF:25:2:0.12%减阻水,fluid_type:0.12%减阻水
1666,0.12%减阻水@时间窗 W002,开始时间,2024-01-17 08:10:20,E00712,,fluid_usage:红页L1HF:25:2:0.12%减阻水,
1667,0.12%减阻水@时间窗 W002,结束时间,2024-01-17 08:13:00,E00712,,fluid_usage:红页L1HF:25:2:0.12%减阻水,
1668,0.12%减阻水@时间窗 W002,持续时间,2分钟40秒,E00712,,fluid_usage:红页L1HF:25:2:0.12%减阻水,
1669,0.12%减阻水@时间窗 W002,泵压特征,"施工泵压变化 起19→止38.44，变化19.44，均值30.4135，范围[19, 38.44]",E00712,E00713,fluid_usage:红页L1HF:25:2:0.12%减阻水,pressure_feature:红页L1HF:25:2
1670,0.12%减阻水@时间窗 W002,排量特征,"排量变化 起0.47→止1.98，变化1.51，均值1.7253，范围[0.47, 1.98]",E00712,E00714,fluid_usage:红页L1HF:25:2:0.12%减阻水,flow_feature:红页L1HF:25:2
1671,0.12%减阻水@时间窗 W002,砂比特征,砂比变化：0,E00712,E00715,fluid_usage:红页L1HF:25:2:0.12%减阻水,sand_feature:红页L1HF:25:2
1672,时间窗 W002,施工特征,"施工泵压变化 起19→止38.44，变化19.44，均值30.4135，范围[19, 38.44]",E00711,E00713,time_window:红页L1HF:25:2,pressure_feature:红页L1HF:25:2
1673,时间窗 W002,施工特征,"排量变化 起0.47→止1.98，变化1.51，均值1.7253，范围[0.47, 1.98]",E00711,E00714,time_window:红页L1HF:25:2,flow_feature:红页L1HF:25:2
1674,时间窗 W002,砂比特征,砂比变化：0,E00711,E00715,time_window:红页L1HF:25:2,sand_feature:红页L1HF:25:2
1675,段 25,包含时间窗,时间窗 W003,E00705,E00716,segment:红页L1HF:25,time_window:红页L1HF:25:3
1676,时间窗 W003,采用液型,15%HCl@时间窗 W003,E00716,E00717,time_window:红页L1HF:25:3,fluid_usage:红页L1HF:25:3:15%HCl
1677,15%HCl@时间窗 W003,液型类别,液型 15%HCl,E00717,E00016,fluid_usage:红页L1HF:25:3:15%HCl,fluid_type:15%HCl
1678,15%HCl@时间窗 W003,开始时间,2024-01-17 08:13:10,E00717,,fluid_usage:红页L1HF:25:3:15%HCl,
1679,15%HCl@时间窗 W003,结束时间,2024-01-17 08:18:10,E00717,,fluid_usage:红页L1HF:25:3:15%HCl,
1680,15%HCl@时间窗 W003,持续时间,5分钟,E00717,,fluid_usage:红页L1HF:25:3:15%HCl,
1681,15%HCl@时间窗 W003,泵压特征,"施工泵压变化 起39.12→止47.29，变化8.17，均值43.0933，范围[39.12, 47.29]",E00717,E00718,fluid_usage:红页L1HF:25:3:15%HCl,pressure_feature:红页L1HF:25:3
1682,15%HCl@时间窗 W003,排量特征,"排量变化 起1.98→止1.98，变化0，均值1.98，范围[1.98, 1.98]",E00717,E00719,fluid_usage:红页L1HF:25:3:15%HCl,flow_feature:红页L1HF:25:3
1683,15%HCl@时间窗 W003,砂比特征,砂比变化：0,E00717,E00720,fluid_usage:红页L1HF:25:3:15%HCl,sand_feature:红页L1HF:25:3
1684,时间窗 W003,施工特征,"施工泵压变化 起39.12→止47.29，变化8.17，均值43.0933，范围[39.12, 47.29]",E00716,E00718,time_window:红页L1HF:25:3,pressure_feature:红页L1HF:25:3
1685,时间窗 W003,施工特征,"排量变化 起1.98→止1.98，变化0，均值1.98，范围[1.98, 1.98]",E00716,E00719,time_window:红页L1HF:25:3,flow_feature:红页L1HF:25:3
1686,时间窗 W003,砂比特征,砂比变化：0,E00716,E00720,time_window:红页L1HF:25:3,sand_feature:红页L1HF:25:3
1687,段 25,包含时间窗,时间窗 W004,E00705,E00721,segment:红页L1HF:25,time_window:红页L1HF:25:4
1688,时间窗 W004,采用液型,0.25%减阻水@时间窗 W004,E00721,E00722,time_window:红页L1HF:25:4,fluid_usage:红页L1HF:25:4:0.25%减阻水
1689,0.25%减阻水@时间窗 W004,液型类别,液型 0.25%减阻水,E00722,E00022,fluid_usage:红页L1HF:25:4:0.25%减阻水,fluid_type:0.25%减阻水
1690,0.25%减阻水@时间窗 W004,开始时间,2024-01-17 08:18:20,E00722,,fluid_usage:红页L1HF:25:4:0.25%减阻水,
1691,0.25%减阻水@时间窗 W004,结束时间,2024-01-17 08:43:00,E00722,,fluid_usage:红页L1HF:25:4:0.25%减阻水,
1692,0.25%减阻水@时间窗 W004,持续时间,24分钟40秒,E00722,,fluid_usage:红页L1HF:25:4:0.25%减阻水,
1693,0.25%减阻水@时间窗 W004,泵压特征,"施工泵压变化 起47.58→止73.11，变化25.53，均值67.1471，范围[47.58, 88.17]",E00722,E00723,fluid_usage:红页L1HF:25:4:0.25%减阻水,pressure_feature:红页L1HF:25:4
1694,0.25%减阻水@时间窗 W004,排量特征,"排量变化 起1.98→止24.05，变化22.07，均值11.8525，范围[1.98, 24.21]",E00722,E00724,fluid_usage:红页L1HF:25:4:0.25%减阻水,flow_feature:红页L1HF:25:4
1695,0.25%减阻水@时间窗 W004,砂比特征,"砂比变化 起0.1→止0.1，变化0，均值0.1，范围[0.1, 0.1]",E00722,E00725,fluid_usage:红页L1HF:25:4:0.25%减阻水,sand_feature:红页L1HF:25:4
1696,时间窗 W004,施工特征,"施工泵压变化 起47.58→止73.11，变化25.53，均值67.1471，范围[47.58, 88.17]",E00721,E00723,time_window:红页L1HF:25:4,pressure_feature:红页L1HF:25:4
1697,时间窗 W004,施工特征,"排量变化 起1.98→止24.05，变化22.07，均值11.8525，范围[1.98, 24.21]",E00721,E00724,time_window:红页L1HF:25:4,flow_feature:红页L1HF:25:4
1698,时间窗 W004,砂比特征,"砂比变化 起0.1→止0.1，变化0，均值0.1，范围[0.1, 0.1]",E00721,E00725,time_window:红页L1HF:25:4,sand_feature:红页L1HF:25:4
1699,段 25,包含时间窗,时间窗 W005,E00705,E00726,segment:红页L1HF:25,time_window:红页L1HF:25:5
1700,时间窗 W005,采用液型,0.18%减阻水@时间窗 W005,E00726,E00727,time_window:红页L1HF:25:5,fluid_usage:红页L1HF:25:5:0.18%减阻水
1701,0.18%减阻水@时间窗 W005,液型类别,液型 0.18%减阻水,E00727,E00033,fluid_usage:红页L1HF:25:5:0.18%减阻水,fluid_type:0.18%减阻水
1702,0.18%减阻水@时间窗 W005,开始时间,2024-01-17 08:43:10,E00727,,fluid_usage:红页L1HF:25:5:0.18%减阻水,
1703,0.18%减阻水@时间窗 W005,结束时间,2024-01-17 08:46:10,E00727,,fluid_usage:红页L1HF:25:5:0.18%减阻水,
1704,0.18%减阻水@时间窗 W005,持续时间,3分钟,E00727,,fluid_usage:红页L1HF:25:5:0.18%减阻水,
1705,0.18%减阻水@时间窗 W005,泵压特征,"施工泵压变化 起73.11→止75.54，变化2.43，均值74.2339，范围[73.11, 75.54]",E00727,E00728,fluid_usage:红页L1HF:25:5:0.18%减阻水,pressure_feature:红页L1HF:25:5
1706,0.18%减阻水@时间窗 W005,排量特征,"排量变化 起24.05→止24.05，变化0，均值24.05，范围[24.05, 24.05]",E00727,E00729,fluid_usage:红页L1HF:25:5:0.18%减阻水,flow_feature:红页L1HF:25:5
1707,0.18%减阻水@时间窗 W005,砂比特征,"砂比变化 起3→止5.1，变化2.1，均值4.9889，范围[3, 5.2]",E00727,E00730,fluid_usage:红页L1HF:25:5:0.18%减阻水,sand_feature:红页L1HF:25:5
1708,时间窗 W005,施工特征,"施工泵压变化 起73.11→止75.54，变化2.43，均值74.2339，范围[73.11, 75.54]",E00726,E00728,time_window:红页L1HF:25:5,pressure_feature:红页L1HF:25:5
1709,时间窗 W005,施工特征,"排量变化 起24.05→止24.05，变化0，均值24.05，范围[24.05, 24.05]",E00726,E00729,time_window:红页L1HF:25:5,flow_feature:红页L1HF:25:5
1710,时间窗 W005,砂比特征,"砂比变化 起3→止5.1，变化2.1，均值4.9889，范围[3, 5.2]",E00726,E00730,time_window:红页L1HF:25:5,sand_feature:红页L1HF:25:5
1711,段 25,包含时间窗,时间窗 W006,E00705,E00731,segment:红页L1HF:25,time_window:红页L1HF:25:6
1712,时间窗 W006,采用液型,0.12%减阻水@时间窗 W006,E00731,E00732,time_window:红页L1HF:25:6,fluid_usage:红页L1HF:25:6:0.12%减阻水
1713,0.12%减阻水@时间窗 W006,液型类别,液型 0.12%减阻水,E00732,E00010,fluid_usage:红页L1HF:25:6:0.12%减阻水,fluid_type:0.12%减阻水
1714,0.12%减阻水@时间窗 W006,开始时间,2024-01-17 08:46:20,E00732,,fluid_usage:红页L1HF:25:6:0.12%减阻水,
1715,0.12%减阻水@时间窗 W006,结束时间,2024-01-17 09:17:00,E00732,,fluid_usage:红页L1HF:25:6:0.12%减阻水,
1716,0.12%减阻水@时间窗 W006,持续时间,30分钟40秒,E00732,,fluid_usage:红页L1HF:25:6:0.12%减阻水,
1717,0.12%减阻水@时间窗 W006,泵压特征,"施工泵压变化 起75.53→止78.66，变化3.13，均值75.9583，范围[70.65, 78.66]",E00732,E00733,fluid_usage:红页L1HF:25:6:0.12%减阻水,pressure_feature:红页L1HF:25:6
1718,0.12%减阻水@时间窗 W006,排量特征,"排量变化 起24.05→止24.04，变化-0.01，均值24.0454，范围[24.04, 24.06]",E00732,E00734,fluid_usage:红页L1HF:25:6:0.12%减阻水,flow_feature:红页L1HF:25:6
1719,0.12%减阻水@时间窗 W006,砂比特征,"砂比变化 起5.3→止12，变化6.7，均值9.0043，范围[0.6, 12]",E00732,E00735,fluid_usage:红页L1HF:25:6:0.12%减阻水,sand_feature:红页L1HF:25:6
1720,时间窗 W006,施工特征,"施工泵压变化 起75.53→止78.66，变化3.13，均值75.9583，范围[70.65, 78.66]",E00731,E00733,time_window:红页L1HF:25:6,pressure_feature:红页L1HF:25:6
1721,时间窗 W006,施工特征,"排量变化 起24.05→止24.04，变化-0.01，均值24.0454，范围[24.04, 24.06]",E00731,E00734,time_window:红页L1HF:25:6,flow_feature:红页L1HF:25:6
1722,时间窗 W006,砂比特征,"砂比变化 起5.3→止12，变化6.7，均值9.0043，范围[0.6, 12]",E00731,E00735,time_window:红页L1HF:25:6,sand_feature:红页L1HF:25:6
1723,段 25,包含时间窗,时间窗 W007,E00705,E00736,segment:红页L1HF:25,time_window:红页L1HF:25:7
1724,时间窗 W007,采用液型,0.18%减阻水@时间窗 W007,E00736,E00737,time_window:红页L1HF:25:7,fluid_usage:红页L1HF:25:7:0.18%减阻水
1725,0.18%减阻水@时间窗 W007,液型类别,液型 0.18%减阻水,E00737,E00033,fluid_usage:红页L1HF:25:7:0.18%减阻水,fluid_type:0.18%减阻水
1726,0.18%减阻水@时间窗 W007,开始时间,2024-01-17 09:17:10,E00737,,fluid_usage:红页L1HF:25:7:0.18%减阻水,
1727,0.18%减阻水@时间窗 W007,结束时间,2024-01-17 09:21:00,E00737,,fluid_usage:红页L1HF:25:7:0.18%减阻水,
1728,0.18%减阻水@时间窗 W007,持续时间,3分钟50秒,E00737,,fluid_usage:红页L1HF:25:7:0.18%减阻水,
1729,0.18%减阻水@时间窗 W007,泵压特征,"施工泵压变化 起78.69→止78.5，变化-0.19，均值78.7335，范围[78.5, 78.87]",E00737,E00738,fluid_usage:红页L1HF:25:7:0.18%减阻水,pressure_feature:红页L1HF:25:7
1730,0.18%减阻水@时间窗 W007,排量特征,"排量变化 起24.04→止24.04，变化0，均值24.04，范围[24.04, 24.04]",E00737,E00739,fluid_usage:红页L1HF:25:7:0.18%减阻水,flow_feature:红页L1HF:25:7
1731,0.18%减阻水@时间窗 W007,砂比特征,"砂比变化 起12→止0.2，变化-11.8，均值11.1713，范围[0.2, 12]",E00737,E00740,fluid_usage:红页L1HF:25:7:0.18%减阻水,sand_feature:红页L1HF:25:7
1732,时间窗 W007,施工特征,"施工泵压变化 起78.69→止78.5，变化-0.19，均值78.7335，范围[78.5, 78.87]",E00736,E00738,time_window:红页L1HF:25:7,pressure_feature:红页L1HF:25:7
1733,时间窗 W007,施工特征,"排量变化 起24.04→止24.04，变化0，均值24.04，范围[24.04, 24.04]",E00736,E00739,time_window:红页L1HF:25:7,flow_feature:红页L1HF:25:7
1734,时间窗 W007,砂比特征,"砂比变化 起12→止0.2，变化-11.8，均值11.1713，范围[0.2, 12]",E00736,E00740,time_window:红页L1HF:25:7,sand_feature:红页L1HF:25:7
1735,段 25,包含时间窗,时间窗 W008,E00705,E00741,segment:红页L1HF:25,time_window:红页L1HF:25:8
1736,时间窗 W008,采用液型,0.12%减阻水@时间窗 W008,E00741,E00742,time_window:红页L1HF:25:8,fluid_usage:红页L1HF:25:8:0.12%减阻水
1737,0.12%减阻水@时间窗 W008,液型类别,液型 0.12%减阻水,E00742,E00010,fluid_usage:红页L1HF:25:8:0.12%减阻水,fluid_type:0.12%减阻水
1738,0.12%减阻水@时间窗 W008,开始时间,2024-01-17 09:24:10,E00742,,fluid_usage:红页L1HF:25:8:0.12%减阻水,
1739,0.12%减阻水@时间窗 W008,结束时间,2024-01-17 10:03:50,E00742,,fluid_usage:红页L1HF:25:8:0.12%减阻水,
1740,0.12%减阻水@时间窗 W008,持续时间,39分钟40秒,E00742,,fluid_usage:红页L1HF:25:8:0.12%减阻水,
1741,0.12%减阻水@时间窗 W008,泵压特征,"施工泵压变化 起68.68→止80.41，变化11.73，均值77.9895，范围[68.11, 84.47]",E00742,E00743,fluid_usage:红页L1HF:25:8:0.12%减阻水,pressure_feature:红页L1HF:25:8
1742,0.12%减阻水@时间窗 W008,排量特征,"排量变化 起20.07→止24.04，变化3.97，均值23.7194，范围[20.07, 24.05]",E00742,E00744,fluid_usage:红页L1HF:25:8:0.12%减阻水,flow_feature:红页L1HF:25:8
1743,0.12%减阻水@时间窗 W008,砂比特征,"砂比变化 起1.3→止10.5，变化9.2，均值10.2468，范围[0.1, 13]",E00742,E00745,fluid_usage:红页L1HF:25:8:0.12%减阻水,sand_feature:红页L1HF:25:8
1744,时间窗 W008,施工特征,"施工泵压变化 起68.68→止80.41，变化11.73，均值77.9895，范围[68.11, 84.47]",E00741,E00743,time_window:红页L1HF:25:8,pressure_feature:红页L1HF:25:8
1745,时间窗 W008,施工特征,"排量变化 起20.07→止24.04，变化3.97，均值23.7194，范围[20.07, 24.05]",E00741,E00744,time_window:红页L1HF:25:8,flow_feature:红页L1HF:25:8
1746,时间窗 W008,砂比特征,"砂比变化 起1.3→止10.5，变化9.2，均值10.2468，范围[0.1, 13]",E00741,E00745,time_window:红页L1HF:25:8,sand_feature:红页L1HF:25:8
1747,段 25,包含时间窗,时间窗 W009,E00705,E00746,segment:红页L1HF:25,time_window:红页L1HF:25:9
1748,时间窗 W009,采用液型,0.18%减阻水@时间窗 W009,E00746,E00747,time_window:红页L1HF:25:9,fluid_usage:红页L1HF:25:9:0.18%减阻水
1749,0.18%减阻水@时间窗 W009,液型类别,液型 0.18%减阻水,E00747,E00033,fluid_usage:红页L1HF:25:9:0.18%减阻水,fluid_type:0.18%减阻水
1750,0.18%减阻水@时间窗 W009,开始时间,2024-01-17 10:04:00,E00747,,fluid_usage:红页L1HF:25:9:0.18%减阻水,
1751,0.18%减阻水@时间窗 W009,结束时间,2024-01-17 10:07:10,E00747,,fluid_usage:红页L1HF:25:9:0.18%减阻水,
1752,0.18%减阻水@时间窗 W009,持续时间,3分钟10秒,E00747,,fluid_usage:红页L1HF:25:9:0.18%减阻水,
1753,0.18%减阻水@时间窗 W009,泵压特征,"施工泵压变化 起80.39→止80.92，变化0.53，均值80.7168，范围[80.39, 80.96]",E00747,E00748,fluid_usage:红页L1HF:25:9:0.18%减阻水,pressure_feature:红页L1HF:25:9
1754,0.18%减阻水@时间窗 W009,排量特征,"排量变化 起24.04→止24.04，变化0，均值24.04，范围[24.04, 24.04]",E00747,E00749,fluid_usage:红页L1HF:25:9:0.18%减阻水,flow_feature:红页L1HF:25:9
1755,0.18%减阻水@时间窗 W009,砂比特征,"砂比变化 起11.4→止0.7，变化-10.7，均值11.3737，范围[0.7, 12]",E00747,E00750,fluid_usage:红页L1HF:25:9:0.18%减阻水,sand_feature:红页L1HF:25:9
1756,时间窗 W009,施工特征,"施工泵压变化 起80.39→止80.92，变化0.53，均值80.7168，范围[80.39, 80.96]",E00746,E00748,time_window:红页L1HF:25:9,pressure_feature:红页L1HF:25:9
1757,时间窗 W009,施工特征,"排量变化 起24.04→止24.04，变化0，均值24.04，范围[24.04, 24.04]",E00746,E00749,time_window:红页L1HF:25:9,flow_feature:红页L1HF:25:9
1758,时间窗 W009,砂比特征,"砂比变化 起11.4→止0.7，变化-10.7，均值11.3737，范围[0.7, 12]",E00746,E00750,time_window:红页L1HF:25:9,sand_feature:红页L1HF:25:9
1759,段 25,包含时间窗,时间窗 W010,E00705,E00751,segment:红页L1HF:25,time_window:红页L1HF:25:10
1760,时间窗 W010,采用液型,0.12%减阻水@时间窗 W010,E00751,E00752,time_window:红页L1HF:25:10,fluid_usage:红页L1HF:25:10:0.12%减阻水
1761,0.12%减阻水@时间窗 W010,液型类别,液型 0.12%减阻水,E00752,E00010,fluid_usage:红页L1HF:25:10:0.12%减阻水,fluid_type:0.12%减阻水
1762,0.12%减阻水@时间窗 W010,开始时间,2024-01-17 10:11:00,E00752,,fluid_usage:红页L1HF:25:10:0.12%减阻水,
1763,0.12%减阻水@时间窗 W010,结束时间,2024-01-17 10:34:20,E00752,,fluid_usage:红页L1HF:25:10:0.12%减阻水,
1764,0.12%减阻水@时间窗 W010,持续时间,23分钟20秒,E00752,,fluid_usage:红页L1HF:25:10:0.12%减阻水,
1765,0.12%减阻水@时间窗 W010,泵压特征,"施工泵压变化 起69.74→止77.03，变化7.29，均值77.4391，范围[69.21, 81.19]",E00752,E00753,fluid_usage:红页L1HF:25:10:0.12%减阻水,pressure_feature:红页L1HF:25:10
1766,0.12%减阻水@时间窗 W010,排量特征,"排量变化 起19.91→止24.04，变化4.13，均值23.5299，范围[19.91, 24.04]",E00752,E00754,fluid_usage:红页L1HF:25:10:0.12%减阻水,flow_feature:红页L1HF:25:10
1767,0.12%减阻水@时间窗 W010,砂比特征,"砂比变化 起2→止10，变化8，均值10.2348，范围[0.2, 12]",E00752,E00755,fluid_usage:红页L1HF:25:10:0.12%减阻水,sand_feature:红页L1HF:25:10
1768,时间窗 W010,施工特征,"施工泵压变化 起69.74→止77.03，变化7.29，均值77.4391，范围[69.21, 81.19]",E00751,E00753,time_window:红页L1HF:25:10,pressure_feature:红页L1HF:25:10
1769,时间窗 W010,施工特征,"排量变化 起19.91→止24.04，变化4.13，均值23.5299，范围[19.91, 24.04]",E00751,E00754,time_window:红页L1HF:25:10,flow_feature:红页L1HF:25:10
1770,时间窗 W010,砂比特征,"砂比变化 起2→止10，变化8，均值10.2348，范围[0.2, 12]",E00751,E00755,time_window:红页L1HF:25:10,sand_feature:红页L1HF:25:10
1771,段 25,包含时间窗,时间窗 W011,E00705,E00756,segment:红页L1HF:25,time_window:红页L1HF:25:11
1772,时间窗 W011,采用液型,0.25%减阻水@时间窗 W011,E00756,E00757,time_window:红页L1HF:25:11,fluid_usage:红页L1HF:25:11:0.25%减阻水
1773,0.25%减阻水@时间窗 W011,液型类别,液型 0.25%减阻水,E00757,E00022,fluid_usage:红页L1HF:25:11:0.25%减阻水,fluid_type:0.25%减阻水
1774,0.25%减阻水@时间窗 W011,开始时间,2024-01-17 10:34:30,E00757,,fluid_usage:红页L1HF:25:11:0.25%减阻水,
1775,0.25%减阻水@时间窗 W011,结束时间,2024-01-17 10:40:40,E00757,,fluid_usage:红页L1HF:25:11:0.25%减阻水,
1776,0.25%减阻水@时间窗 W011,持续时间,6分钟10秒,E00757,,fluid_usage:红页L1HF:25:11:0.25%减阻水,
1777,0.25%减阻水@时间窗 W011,泵压特征,"施工泵压变化 起77.13→止75.5，变化-1.63，均值77.2303，范围[75.5, 77.88]",E00757,E00758,fluid_usage:红页L1HF:25:11:0.25%减阻水,pressure_feature:红页L1HF:25:11
1778,0.25%减阻水@时间窗 W011,排量特征,"排量变化 起24.04→止24.04，变化0，均值24.04，范围[24.04, 24.04]",E00757,E00759,fluid_usage:红页L1HF:25:11:0.25%减阻水,flow_feature:红页L1HF:25:11
1779,0.25%减阻水@时间窗 W011,砂比特征,"砂比变化 起10.7→止3.9，变化-6.8，均值11.9524，范围[3.9, 13]",E00757,E00760,fluid_usage:红页L1HF:25:11:0.25%减阻水,sand_feature:红页L1HF:25:11
1780,时间窗 W011,施工特征,"施工泵压变化 起77.13→止75.5，变化-1.63，均值77.2303，范围[75.5, 77.88]",E00756,E00758,time_window:红页L1HF:25:11,pressure_feature:红页L1HF:25:11
1781,时间窗 W011,施工特征,"排量变化 起24.04→止24.04，变化0，均值24.04，范围[24.04, 24.04]",E00756,E00759,time_window:红页L1HF:25:11,flow_feature:红页L1HF:25:11
1782,时间窗 W011,砂比特征,"砂比变化 起10.7→止3.9，变化-6.8，均值11.9524，范围[3.9, 13]",E00756,E00760,time_window:红页L1HF:25:11,sand_feature:红页L1HF:25:11
1783,段 25,包含时间窗,时间窗 W012,E00705,E00761,segment:红页L1HF:25,time_window:红页L1HF:25:12
1784,时间窗 W012,采用液型,0.12%减阻水@时间窗 W012,E00761,E00762,time_window:红页L1HF:25:12,fluid_usage:红页L1HF:25:12:0.12%减阻水
1785,0.12%减阻水@时间窗 W012,液型类别,液型 0.12%减阻水,E00762,E00010,fluid_usage:红页L1HF:25:12:0.12%减阻水,fluid_type:0.12%减阻水
1786,0.12%减阻水@时间窗 W012,开始时间,2024-01-17 10:40:50,E00762,,fluid_usage:红页L1HF:25:12:0.12%减阻水,
1787,0.12%减阻水@时间窗 W012,结束时间,2024-01-17 11:16:10,E00762,,fluid_usage:红页L1HF:25:12:0.12%减阻水,
1788,0.12%减阻水@时间窗 W012,持续时间,35分钟20秒,E00762,,fluid_usage:红页L1HF:25:12:0.12%减阻水,
1789,0.12%减阻水@时间窗 W012,泵压特征,"施工泵压变化 起75.14→止0，变化-75.14，均值37.6136，范围[0, 75.14]",E00762,E00763,fluid_usage:红页L1HF:25:12:0.12%减阻水,pressure_feature:红页L1HF:25:12
1790,0.12%减阻水@时间窗 W012,排量特征,"排量变化 起24.04→止0，变化-24.04，均值1.214，范围[0, 24.04]",E00762,E00764,fluid_usage:红页L1HF:25:12:0.12%减阻水,flow_feature:红页L1HF:25:12
1791,0.12%减阻水@时间窗 W012,砂比特征,砂比变化：0,E00762,E00765,fluid_usage:红页L1HF:25:12:0.12%减阻水,sand_feature:红页L1HF:25:12
1792,时间窗 W012,施工特征,"施工泵压变化 起75.14→止0，变化-75.14，均值37.6136，范围[0, 75.14]",E00761,E00763,time_window:红页L1HF:25:12,pressure_feature:红页L1HF:25:12
1793,时间窗 W012,施工特征,"排量变化 起24.04→止0，变化-24.04，均值1.214，范围[0, 24.04]",E00761,E00764,time_window:红页L1HF:25:12,flow_feature:红页L1HF:25:12
1794,时间窗 W012,砂比特征,砂比变化：0,E00761,E00765,time_window:红页L1HF:25:12,sand_feature:红页L1HF:25:12
1795,井 红页L1HF,包含段,段 26,E00001,E00766,well:红页L1HF,segment:红页L1HF:26
1796,段 26,包含时间窗,时间窗 W001,E00766,E00767,segment:红页L1HF:26,time_window:红页L1HF:26:1
1797,时间窗 W001,采用液型,0.12%减阻水@时间窗 W001,E00767,E00768,time_window:红页L1HF:26:1,fluid_usage:红页L1HF:26:1:0.12%减阻水
1798,0.12%减阻水@时间窗 W001,液型类别,液型 0.12%减阻水,E00768,E00010,fluid_usage:红页L1HF:26:1:0.12%减阻水,fluid_type:0.12%减阻水
1799,0.12%减阻水@时间窗 W001,开始时间,2024-01-17 17:02:40,E00768,,fluid_usage:红页L1HF:26:1:0.12%减阻水,
1800,0.12%减阻水@时间窗 W001,结束时间,2024-01-17 17:05:30,E00768,,fluid_usage:红页L1HF:26:1:0.12%减阻水,
1801,0.12%减阻水@时间窗 W001,持续时间,2分钟50秒,E00768,,fluid_usage:红页L1HF:26:1:0.12%减阻水,
1802,0.12%减阻水@时间窗 W001,泵压特征,"施工泵压变化 起18.3→止47.53，变化29.23，均值39.2441，范围[18.3, 47.53]",E00768,E00769,fluid_usage:红页L1HF:26:1:0.12%减阻水,pressure_feature:红页L1HF:26:1
1803,0.12%减阻水@时间窗 W001,排量特征,"排量变化 起0.08→止1.99，变化1.91，均值1.7382，范围[0.08, 1.99]",E00768,E00770,fluid_usage:红页L1HF:26:1:0.12%减阻水,flow_feature:红页L1HF:26:1
1804,0.12%减阻水@时间窗 W001,砂比特征,砂比变化：0,E00768,E00771,fluid_usage:红页L1HF:26:1:0.12%减阻水,sand_feature:红页L1HF:26:1
1805,时间窗 W001,施工特征,"施工泵压变化 起18.3→止47.53，变化29.23，均值39.2441，范围[18.3, 47.53]",E00767,E00769,time_window:红页L1HF:26:1,pressure_feature:红页L1HF:26:1
1806,时间窗 W001,施工特征,"排量变化 起0.08→止1.99，变化1.91，均值1.7382，范围[0.08, 1.99]",E00767,E00770,time_window:红页L1HF:26:1,flow_feature:红页L1HF:26:1
1807,时间窗 W001,砂比特征,砂比变化：0,E00767,E00771,time_window:红页L1HF:26:1,sand_feature:红页L1HF:26:1
1808,段 26,包含时间窗,时间窗 W002,E00766,E00772,segment:红页L1HF:26,time_window:红页L1HF:26:2
1809,时间窗 W002,采用液型,15%HCl@时间窗 W002,E00772,E00773,time_window:红页L1HF:26:2,fluid_usage:红页L1HF:26:2:15%HCl
1810,15%HCl@时间窗 W002,液型类别,液型 15%HCl,E00773,E00016,fluid_usage:红页L1HF:26:2:15%HCl,fluid_type:15%HCl
1811,15%HCl@时间窗 W002,开始时间,2024-01-17 17:05:40,E00773,,fluid_usage:红页L1HF:26:2:15%HCl,
1812,15%HCl@时间窗 W002,结束时间,2024-01-17 17:10:30,E00773,,fluid_usage:红页L1HF:26:2:15%HCl,
1813,15%HCl@时间窗 W002,持续时间,4分钟50秒,E00773,,fluid_usage:红页L1HF:26:2:15%HCl,
1814,15%HCl@时间窗 W002,泵压特征,"施工泵压变化 起47.9→止52，变化4.1，均值50.8，范围[47.9, 52]",E00773,E00774,fluid_usage:红页L1HF:26:2:15%HCl,pressure_feature:红页L1HF:26:2
1815,15%HCl@时间窗 W002,排量特征,"排量变化 起1.99→止1.99，变化0，均值1.99，范围[1.99, 1.99]",E00773,E00775,fluid_usage:红页L1HF:26:2:15%HCl,flow_feature:红页L1HF:26:2
1816,15%HCl@时间窗 W002,砂比特征,砂比变化：0,E00773,E00776,fluid_usage:红页L1HF:26:2:15%HCl,sand_feature:红页L1HF:26:2
1817,时间窗 W002,施工特征,"施工泵压变化 起47.9→止52，变化4.1，均值50.8，范围[47.9, 52]",E00772,E00774,time_window:红页L1HF:26:2,pressure_feature:红页L1HF:26:2
1818,时间窗 W002,施工特征,"排量变化 起1.99→止1.99，变化0，均值1.99，范围[1.99, 1.99]",E00772,E00775,time_window:红页L1HF:26:2,flow_feature:红页L1HF:26:2
1819,时间窗 W002,砂比特征,砂比变化：0,E00772,E00776,time_window:红页L1HF:26:2,sand_feature:红页L1HF:26:2
1820,段 26,包含时间窗,时间窗 W003,E00766,E00777,segment:红页L1HF:26,time_window:红页L1HF:26:3
1821,时间窗 W003,采用液型,0.25%减阻水@时间窗 W003,E00777,E00778,time_window:红页L1HF:26:3,fluid_usage:红页L1HF:26:3:0.25%减阻水
1822,0.25%减阻水@时间窗 W003,液型类别,液型 0.25%减阻水,E00778,E00022,fluid_usage:红页L1HF:26:3:0.25%减阻水,fluid_type:0.25%减阻水
1823,0.25%减阻水@时间窗 W003,开始时间,2024-01-17 17:10:40,E00778,,fluid_usage:红页L1HF:26:3:0.25%减阻水,
1824,0.25%减阻水@时间窗 W003,结束时间,2024-01-17 17:32:20,E00778,,fluid_usage:红页L1HF:26:3:0.25%减阻水,
1825,0.25%减阻水@时间窗 W003,持续时间,21分钟40秒,E00778,,fluid_usage:红页L1HF:26:3:0.25%减阻水,
1826,0.25%减阻水@时间窗 W003,泵压特征,"施工泵压变化 起52.1→止73.51，变化21.41，均值63.7881，范围[51.02, 78.95]",E00778,E00779,fluid_usage:红页L1HF:26:3:0.25%减阻水,pressure_feature:红页L1HF:26:3
1827,0.25%减阻水@时间窗 W003,排量特征,"排量变化 起1.99→止24.01，变化22.02，均值13.2434，范围[1.99, 24.01]",E00778,E00780,fluid_usage:红页L1HF:26:3:0.25%减阻水,flow_feature:红页L1HF:26:3
1828,0.25%减阻水@时间窗 W003,砂比特征,砂比变化：0,E00778,E00781,fluid_usage:红页L1HF:26:3:0.25%减阻水,sand_feature:红页L1HF:26:3
1829,时间窗 W003,施工特征,"施工泵压变化 起52.1→止73.51，变化21.41，均值63.7881，范围[51.02, 78.95]",E00777,E00779,time_window:红页L1HF:26:3,pressure_feature:红页L1HF:26:3
1830,时间窗 W003,施工特征,"排量变化 起1.99→止24.01，变化22.02，均值13.2434，范围[1.99, 24.01]",E00777,E00780,time_window:红页L1HF:26:3,flow_feature:红页L1HF:26:3
1831,时间窗 W003,砂比特征,砂比变化：0,E00777,E00781,time_window:红页L1HF:26:3,sand_feature:红页L1HF:26:3
1832,段 26,包含时间窗,时间窗 W004,E00766,E00782,segment:红页L1HF:26,time_window:红页L1HF:26:4
1833,时间窗 W004,采用液型,0.18%减阻水@时间窗 W004,E00782,E00783,time_window:红页L1HF:26:4,fluid_usage:红页L1HF:26:4:0.18%减阻水
1834,0.18%减阻水@时间窗 W004,液型类别,液型 0.18%减阻水,E00783,E00033,fluid_usage:红页L1HF:26:4:0.18%减阻水,fluid_type:0.18%减阻水
1835,0.18%减阻水@时间窗 W004,开始时间,2024-01-17 17:32:30,E00783,,fluid_usage:红页L1HF:26:4:0.18%减阻水,
1836,0.18%减阻水@时间窗 W004,结束时间,2024-01-17 17:35:50,E00783,,fluid_usage:红页L1HF:26:4:0.18%减阻水,
1837,0.18%减阻水@时间窗 W004,持续时间,3分钟20秒,E00783,,fluid_usage:红页L1HF:26:4:0.18%减阻水,
1838,0.18%减阻水@时间窗 W004,泵压特征,"施工泵压变化 起73.57→止75.01，变化1.44，均值74.3967，范围[73.49, 75.32]",E00783,E00784,fluid_usage:红页L1HF:26:4:0.18%减阻水,pressure_feature:红页L1HF:26:4
1839,0.18%减阻水@时间窗 W004,排量特征,"排量变化 起24.01→止24.01，变化0，均值24.01，范围[24.01, 24.01]",E00783,E00785,fluid_usage:红页L1HF:26:4:0.18%减阻水,flow_feature:红页L1HF:26:4
1840,0.18%减阻水@时间窗 W004,砂比特征,"砂比变化 起0.2→止5.1，变化4.9，均值4.781，范围[0.2, 5.2]",E00783,E00786,fluid_usage:红页L1HF:26:4:0.18%减阻水,sand_feature:红页L1HF:26:4
1841,时间窗 W004,施工特征,"施工泵压变化 起73.57→止75.01，变化1.44，均值74.3967，范围[73.49, 75.32]",E00782,E00784,time_window:红页L1HF:26:4,pressure_feature:红页L1HF:26:4
1842,时间窗 W004,施工特征,"排量变化 起24.01→止24.01，变化0，均值24.01，范围[24.01, 24.01]",E00782,E00785,time_window:红页L1HF:26:4,flow_feature:红页L1HF:26:4
1843,时间窗 W004,砂比特征,"砂比变化 起0.2→止5.1，变化4.9，均值4.781，范围[0.2, 5.2]",E00782,E00786,time_window:红页L1HF:26:4,sand_feature:红页L1HF:26:4
1844,段 26,包含时间窗,时间窗 W005,E00766,E00787,segment:红页L1HF:26,time_window:红页L1HF:26:5
1845,时间窗 W005,采用液型,0.12%减阻水@时间窗 W005,E00787,E00788,time_window:红页L1HF:26:5,fluid_usage:红页L1HF:26:5:0.12%减阻水
1846,0.12%减阻水@时间窗 W005,液型类别,液型 0.12%减阻水,E00788,E00010,fluid_usage:红页L1HF:26:5:0.12%减阻水,fluid_type:0.12%减阻水
1847,0.12%减阻水@时间窗 W005,开始时间,2024-01-17 17:36:00,E00788,,fluid_usage:红页L1HF:26:5:0.12%减阻水,
1848,0.12%减阻水@时间窗 W005,结束时间,2024-01-17 18:10:40,E00788,,fluid_usage:红页L1HF:26:5:0.12%减阻水,
1849,0.12%减阻水@时间窗 W005,持续时间,34分钟40秒,E00788,,fluid_usage:红页L1HF:26:5:0.12%减阻水,
1850,0.12%减阻水@时间窗 W005,泵压特征,"施工泵压变化 起74.89→止78.17，变化3.28，均值75.2634，范围[67.22, 82.28]",E00788,E00789,fluid_usage:红页L1HF:26:5:0.12%减阻水,pressure_feature:红页L1HF:26:5
1851,0.12%减阻水@时间窗 W005,排量特征,"排量变化 起24.01→止24.03，变化0.02，均值24.032，范围[24, 24.27]",E00788,E00790,fluid_usage:红页L1HF:26:5:0.12%减阻水,flow_feature:红页L1HF:26:5
1852,0.12%减阻水@时间窗 W005,砂比特征,"砂比变化 起5.3→止11，变化5.7，均值9.0245，范围[0.1, 13]",E00788,E00791,fluid_usage:红页L1HF:26:5:0.12%减阻水,sand_feature:红页L1HF:26:5
1853,时间窗 W005,施工特征,"施工泵压变化 起74.89→止78.17，变化3.28，均值75.2634，范围[67.22, 82.28]",E00787,E00789,time_window:红页L1HF:26:5,pressure_feature:红页L1HF:26:5
1854,时间窗 W005,施工特征,"排量变化 起24.01→止24.03，变化0.02，均值24.032，范围[24, 24.27]",E00787,E00790,time_window:红页L1HF:26:5,flow_feature:红页L1HF:26:5
1855,时间窗 W005,砂比特征,"砂比变化 起5.3→止11，变化5.7，均值9.0245，范围[0.1, 13]",E00787,E00791,time_window:红页L1HF:26:5,sand_feature:红页L1HF:26:5
1856,段 26,包含时间窗,时间窗 W006,E00766,E00792,segment:红页L1HF:26,time_window:红页L1HF:26:6
1857,时间窗 W006,采用液型,0.18%减阻水@时间窗 W006,E00792,E00793,time_window:红页L1HF:26:6,fluid_usage:红页L1HF:26:6:0.18%减阻水
1858,0.18%减阻水@时间窗 W006,液型类别,液型 0.18%减阻水,E00793,E00033,fluid_usage:红页L1HF:26:6:0.18%减阻水,fluid_type:0.18%减阻水
1859,0.18%减阻水@时间窗 W006,开始时间,2024-01-17 18:10:50,E00793,,fluid_usage:红页L1HF:26:6:0.18%减阻水,
1860,0.18%减阻水@时间窗 W006,结束时间,2024-01-17 18:14:50,E00793,,fluid_usage:红页L1HF:26:6:0.18%减阻水,
1861,0.18%减阻水@时间窗 W006,持续时间,4分钟,E00793,,fluid_usage:红页L1HF:26:6:0.18%减阻水,
1862,0.18%减阻水@时间窗 W006,泵压特征,"施工泵压变化 起78.13→止77.62，变化-0.51，均值77.614，范围[77.28, 78.13]",E00793,E00794,fluid_usage:红页L1HF:26:6:0.18%减阻水,pressure_feature:红页L1HF:26:6
1863,0.18%减阻水@时间窗 W006,排量特征,"排量变化 起24.03→止24.04，变化0.01，均值24.0344，范围[24.03, 24.04]",E00793,E00795,fluid_usage:红页L1HF:26:6:0.18%减阻水,flow_feature:红页L1HF:26:6
1864,0.18%减阻水@时间窗 W006,砂比特征,"砂比变化 起10.2→止0.2，变化-10，均值10.448，范围[0.2, 12]",E00793,E00796,fluid_usage:红页L1HF:26:6:0.18%减阻水,sand_feature:红页L1HF:26:6
1865,时间窗 W006,施工特征,"施工泵压变化 起78.13→止77.62，变化-0.51，均值77.614，范围[77.28, 78.13]",E00792,E00794,time_window:红页L1HF:26:6,pressure_feature:红页L1HF:26:6
1866,时间窗 W006,施工特征,"排量变化 起24.03→止24.04，变化0.01，均值24.0344，范围[24.03, 24.04]",E00792,E00795,time_window:红页L1HF:26:6,flow_feature:红页L1HF:26:6
1867,时间窗 W006,砂比特征,"砂比变化 起10.2→止0.2，变化-10，均值10.448，范围[0.2, 12]",E00792,E00796,time_window:红页L1HF:26:6,sand_feature:红页L1HF:26:6
1868,段 26,包含时间窗,时间窗 W007,E00766,E00797,segment:红页L1HF:26,time_window:红页L1HF:26:7
1869,时间窗 W007,采用液型,0.12%减阻水@时间窗 W007,E00797,E00798,time_window:红页L1HF:26:7,fluid_usage:红页L1HF:26:7:0.12%减阻水
1870,0.12%减阻水@时间窗 W007,液型类别,液型 0.12%减阻水,E00798,E00010,fluid_usage:红页L1HF:26:7:0.12%减阻水,fluid_type:0.12%减阻水
1871,0.12%减阻水@时间窗 W007,开始时间,2024-01-17 18:17:40,E00798,,fluid_usage:红页L1HF:26:7:0.12%减阻水,
1872,0.12%减阻水@时间窗 W007,结束时间,2024-01-17 18:48:10,E00798,,fluid_usage:红页L1HF:26:7:0.12%减阻水,
1873,0.12%减阻水@时间窗 W007,持续时间,30分钟30秒,E00798,,fluid_usage:红页L1HF:26:7:0.12%减阻水,
1874,0.12%减阻水@时间窗 W007,泵压特征,"施工泵压变化 起64.59→止82.9，变化18.31，均值80.0448，范围[63.96, 83.67]",E00798,E00799,fluid_usage:红页L1HF:26:7:0.12%减阻水,pressure_feature:红页L1HF:26:7
1875,0.12%减阻水@时间窗 W007,排量特征,"排量变化 起20.07→止24.04，变化3.97，均值23.713，范围[20.06, 24.04]",E00798,E00800,fluid_usage:红页L1HF:26:7:0.12%减阻水,flow_feature:红页L1HF:26:7
1876,0.12%减阻水@时间窗 W007,砂比特征,"砂比变化 起0.9→止10.6，变化9.7，均值10.4318，范围[0.5, 13]",E00798,E00801,fluid_usage:红页L1HF:26:7:0.12%减阻水,sand_feature:红页L1HF:26:7
1877,时间窗 W007,施工特征,"施工泵压变化 起64.59→止82.9，变化18.31，均值80.0448，范围[63.96, 83.67]",E00797,E00799,time_window:红页L1HF:26:7,pressure_feature:红页L1HF:26:7
1878,时间窗 W007,施工特征,"排量变化 起20.07→止24.04，变化3.97，均值23.713，范围[20.06, 24.04]",E00797,E00800,time_window:红页L1HF:26:7,flow_feature:红页L1HF:26:7
1879,时间窗 W007,砂比特征,"砂比变化 起0.9→止10.6，变化9.7，均值10.4318，范围[0.5, 13]",E00797,E00801,time_window:红页L1HF:26:7,sand_feature:红页L1HF:26:7
1880,段 26,包含时间窗,时间窗 W008,E00766,E00802,segment:红页L1HF:26,time_window:红页L1HF:26:8
1881,时间窗 W008,采用液型,0.18%减阻水@时间窗 W008,E00802,E00803,time_window:红页L1HF:26:8,fluid_usage:红页L1HF:26:8:0.18%减阻水
1882,0.18%减阻水@时间窗 W008,液型类别,液型 0.18%减阻水,E00803,E00033,fluid_usage:红页L1HF:26:8:0.18%减阻水,fluid_type:0.18%减阻水
1883,0.18%减阻水@时间窗 W008,开始时间,2024-01-17 18:48:20,E00803,,fluid_usage:红页L1HF:26:8:0.18%减阻水,
1884,0.18%减阻水@时间窗 W008,结束时间,2024-01-17 18:51:40,E00803,,fluid_usage:红页L1HF:26:8:0.18%减阻水,
1885,0.18%减阻水@时间窗 W008,持续时间,3分钟20秒,E00803,,fluid_usage:红页L1HF:26:8:0.18%减阻水,
1886,0.18%减阻水@时间窗 W008,泵压特征,"施工泵压变化 起82.88→止81.85，变化-1.03，均值82.1767，范围[81.71, 82.88]",E00803,E00804,fluid_usage:红页L1HF:26:8:0.18%减阻水,pressure_feature:红页L1HF:26:8
1887,0.18%减阻水@时间窗 W008,排量特征,"排量变化 起24.04→止24.04，变化0，均值24.04，范围[24.04, 24.04]",E00803,E00805,fluid_usage:红页L1HF:26:8:0.18%减阻水,flow_feature:红页L1HF:26:8
1888,0.18%减阻水@时间窗 W008,砂比特征,"砂比变化 起10.9→止1.7，变化-9.2，均值11.8333，范围[1.7, 13]",E00803,E00806,fluid_usage:红页L1HF:26:8:0.18%减阻水,sand_feature:红页L1HF:26:8
1889,时间窗 W008,施工特征,"施工泵压变化 起82.88→止81.85，变化-1.03，均值82.1767，范围[81.71, 82.88]",E00802,E00804,time_window:红页L1HF:26:8,pressure_feature:红页L1HF:26:8
1890,时间窗 W008,施工特征,"排量变化 起24.04→止24.04，变化0，均值24.04，范围[24.04, 24.04]",E00802,E00805,time_window:红页L1HF:26:8,flow_feature:红页L1HF:26:8
1891,时间窗 W008,砂比特征,"砂比变化 起10.9→止1.7，变化-9.2，均值11.8333，范围[1.7, 13]",E00802,E00806,time_window:红页L1HF:26:8,sand_feature:红页L1HF:26:8
1892,段 26,包含时间窗,时间窗 W009,E00766,E00807,segment:红页L1HF:26,time_window:红页L1HF:26:9
1893,时间窗 W009,采用液型,0.12%减阻水@时间窗 W009,E00807,E00808,time_window:红页L1HF:26:9,fluid_usage:红页L1HF:26:9:0.12%减阻水
1894,0.12%减阻水@时间窗 W009,液型类别,液型 0.12%减阻水,E00808,E00010,fluid_usage:红页L1HF:26:9:0.12%减阻水,fluid_type:0.12%减阻水
1895,0.12%减阻水@时间窗 W009,开始时间,2024-01-17 18:54:30,E00808,,fluid_usage:红页L1HF:26:9:0.12%减阻水,
1896,0.12%减阻水@时间窗 W009,结束时间,2024-01-17 19:21:30,E00808,,fluid_usage:红页L1HF:26:9:0.12%减阻水,
1897,0.12%减阻水@时间窗 W009,持续时间,27分钟,E00808,,fluid_usage:红页L1HF:26:9:0.12%减阻水,
1898,0.12%减阻水@时间窗 W009,泵压特征,"施工泵压变化 起66.76→止76.17，变化9.41，均值85.5321，范围[57.81, 91.75]",E00808,E00809,fluid_usage:红页L1HF:26:9:0.12%减阻水,pressure_feature:红页L1HF:26:9
1899,0.12%减阻水@时间窗 W009,排量特征,"排量变化 起20.07→止17.66，变化-2.41，均值16.3111，范围[5.79, 20.07]",E00808,E00810,fluid_usage:红页L1HF:26:9:0.12%减阻水,flow_feature:红页L1HF:26:9
1900,0.12%减阻水@时间窗 W009,砂比特征,"砂比变化 起0.2→止1.2，变化1，均值4.5745，范围[0.2, 6]",E00808,E00811,fluid_usage:红页L1HF:26:9:0.12%减阻水,sand_feature:红页L1HF:26:9
1901,时间窗 W009,施工特征,"施工泵压变化 起66.76→止76.17，变化9.41，均值85.5321，范围[57.81, 91.75]",E00807,E00809,time_window:红页L1HF:26:9,pressure_feature:红页L1HF:26:9
1902,时间窗 W009,施工特征,"排量变化 起20.07→止17.66，变化-2.41，均值16.3111，范围[5.79, 20.07]",E00807,E00810,time_window:红页L1HF:26:9,flow_feature:红页L1HF:26:9
1903,时间窗 W009,砂比特征,"砂比变化 起0.2→止1.2，变化1，均值4.5745，范围[0.2, 6]",E00807,E00811,time_window:红页L1HF:26:9,sand_feature:红页L1HF:26:9
1904,段 26,包含时间窗,时间窗 W010,E00766,E00812,segment:红页L1HF:26,time_window:红页L1HF:26:10
1905,时间窗 W010,采用液型,0.25%减阻水@时间窗 W010,E00812,E00813,time_window:红页L1HF:26:10,fluid_usage:红页L1HF:26:10:0.25%减阻水
1906,0.25%减阻水@时间窗 W010,液型类别,液型 0.25%减阻水,E00813,E00022,fluid_usage:红页L1HF:26:10:0.25%减阻水,fluid_type:0.25%减阻水
1907,0.25%减阻水@时间窗 W010,开始时间,2024-01-17 19:21:40,E00813,,fluid_usage:红页L1HF:26:10:0.25%减阻水,
1908,0.25%减阻水@时间窗 W010,结束时间,2024-01-17 19:32:10,E00813,,fluid_usage:红页L1HF:26:10:0.25%减阻水,
1909,0.25%减阻水@时间窗 W010,持续时间,10分钟30秒,E00813,,fluid_usage:红页L1HF:26:10:0.25%减阻水,
1910,0.25%减阻水@时间窗 W010,泵压特征,"施工泵压变化 起75.46→止79.66，变化4.2，均值76.7184，范围[73.26, 81.22]",E00813,E00814,fluid_usage:红页L1HF:26:10:0.25%减阻水,pressure_feature:红页L1HF:26:10
1911,0.25%减阻水@时间窗 W010,排量特征,"排量变化 起17.66→止19.06，变化1.4，均值18.35，范围[17.66, 19.06]",E00813,E00815,fluid_usage:红页L1HF:26:10:0.25%减阻水,flow_feature:红页L1HF:26:10
1912,0.25%减阻水@时间窗 W010,砂比特征,"砂比变化 起1.6→止3，变化1.4，均值8.2032，范围[1.6, 10]",E00813,E00816,fluid_usage:红页L1HF:26:10:0.25%减阻水,sand_feature:红页L1HF:26:10
1913,时间窗 W010,施工特征,"施工泵压变化 起75.46→止79.66，变化4.2，均值76.7184，范围[73.26, 81.22]",E00812,E00814,time_window:红页L1HF:26:10,pressure_feature:红页L1HF:26:10
1914,时间窗 W010,施工特征,"排量变化 起17.66→止19.06，变化1.4，均值18.35，范围[17.66, 19.06]",E00812,E00815,time_window:红页L1HF:26:10,flow_feature:红页L1HF:26:10
1915,时间窗 W010,砂比特征,"砂比变化 起1.6→止3，变化1.4，均值8.2032，范围[1.6, 10]",E00812,E00816,time_window:红页L1HF:26:10,sand_feature:红页L1HF:26:10
1916,段 26,包含时间窗,时间窗 W011,E00766,E00817,segment:红页L1HF:26,time_window:红页L1HF:26:11
1917,时间窗 W011,采用液型,0.12%减阻水@时间窗 W011,E00817,E00818,time_window:红页L1HF:26:11,fluid_usage:红页L1HF:26:11:0.12%减阻水
1918,0.12%减阻水@时间窗 W011,液型类别,液型 0.12%减阻水,E00818,E00010,fluid_usage:红页L1HF:26:11:0.12%减阻水,fluid_type:0.12%减阻水
1919,0.12%减阻水@时间窗 W011,开始时间,2024-01-17 19:32:40,E00818,,fluid_usage:红页L1HF:26:11:0.12%减阻水,
1920,0.12%减阻水@时间窗 W011,结束时间,2024-01-17 20:05:00,E00818,,fluid_usage:红页L1HF:26:11:0.12%减阻水,
1921,0.12%减阻水@时间窗 W011,持续时间,32分钟20秒,E00818,,fluid_usage:红页L1HF:26:11:0.12%减阻水,
1922,0.12%减阻水@时间窗 W011,泵压特征,"施工泵压变化 起79.53→止0，变化-79.53，均值40.7209，范围[0, 79.72]",E00818,E00819,fluid_usage:红页L1HF:26:11:0.12%减阻水,pressure_feature:红页L1HF:26:11
1923,0.12%减阻水@时间窗 W011,排量特征,"排量变化 起19.06→止0，变化-19.06，均值1.9417，范围[0, 19.06]",E00818,E00820,fluid_usage:红页L1HF:26:11:0.12%减阻水,flow_feature:红页L1HF:26:11
1924,0.12%减阻水@时间窗 W011,砂比特征,砂比变化：0,E00818,E00821,fluid_usage:红页L1HF:26:11:0.12%减阻水,sand_feature:红页L1HF:26:11
1925,时间窗 W011,施工特征,"施工泵压变化 起79.53→止0，变化-79.53，均值40.7209，范围[0, 79.72]",E00817,E00819,time_window:红页L1HF:26:11,pressure_feature:红页L1HF:26:11
1926,时间窗 W011,施工特征,"排量变化 起19.06→止0，变化-19.06，均值1.9417，范围[0, 19.06]",E00817,E00820,time_window:红页L1HF:26:11,flow_feature:红页L1HF:26:11
1927,时间窗 W011,砂比特征,砂比变化：0,E00817,E00821,time_window:红页L1HF:26:11,sand_feature:红页L1HF:26:11
1928,井 红页L1HF,包含段,段 27,E00001,E00822,well:红页L1HF,segment:红页L1HF:27
1929,段 27,包含时间窗,时间窗 W001,E00822,E00823,segment:红页L1HF:27,time_window:红页L1HF:27:1
1930,时间窗 W001,采用液型,0.12%减阻水@时间窗 W001,E00823,E00824,time_window:红页L1HF:27:1,fluid_usage:红页L1HF:27:1:0.12%减阻水
1931,0.12%减阻水@时间窗 W001,液型类别,液型 0.12%减阻水,E00824,E00010,fluid_usage:红页L1HF:27:1:0.12%减阻水,fluid_type:0.12%减阻水
1932,0.12%减阻水@时间窗 W001,开始时间,2024-01-18 08:38:30,E00824,,fluid_usage:红页L1HF:27:1:0.12%减阻水,
1933,0.12%减阻水@时间窗 W001,结束时间,2024-01-18 08:41:20,E00824,,fluid_usage:红页L1HF:27:1:0.12%减阻水,
1934,0.12%减阻水@时间窗 W001,持续时间,2分钟50秒,E00824,,fluid_usage:红页L1HF:27:1:0.12%减阻水,
1935,0.12%减阻水@时间窗 W001,泵压特征,"施工泵压变化 起18.72→止43.19，变化24.47，均值37.1183，范围[18.29, 43.25]",E00824,E00825,fluid_usage:红页L1HF:27:1:0.12%减阻水,pressure_feature:红页L1HF:27:1
1936,0.12%减阻水@时间窗 W001,排量特征,"排量变化 起0.26→止1.99，变化1.73，均值1.6522，范围[0.26, 1.99]",E00824,E00826,fluid_usage:红页L1HF:27:1:0.12%减阻水,flow_feature:红页L1HF:27:1
1937,0.12%减阻水@时间窗 W001,砂比特征,砂比变化：0,E00824,E00827,fluid_usage:红页L1HF:27:1:0.12%减阻水,sand_feature:红页L1HF:27:1
1938,时间窗 W001,施工特征,"施工泵压变化 起18.72→止43.19，变化24.47，均值37.1183，范围[18.29, 43.25]",E00823,E00825,time_window:红页L1HF:27:1,pressure_feature:红页L1HF:27:1
1939,时间窗 W001,施工特征,"排量变化 起0.26→止1.99，变化1.73，均值1.6522，范围[0.26, 1.99]",E00823,E00826,time_window:红页L1HF:27:1,flow_feature:红页L1HF:27:1
1940,时间窗 W001,砂比特征,砂比变化：0,E00823,E00827,time_window:红页L1HF:27:1,sand_feature:红页L1HF:27:1
1941,段 27,包含时间窗,时间窗 W002,E00822,E00828,segment:红页L1HF:27,time_window:红页L1HF:27:2
1942,时间窗 W002,采用液型,15%HCl@时间窗 W002,E00828,E00829,time_window:红页L1HF:27:2,fluid_usage:红页L1HF:27:2:15%HCl
1943,15%HCl@时间窗 W002,液型类别,液型 15%HCl,E00829,E00016,fluid_usage:红页L1HF:27:2:15%HCl,fluid_type:15%HCl
1944,15%HCl@时间窗 W002,开始时间,2024-01-18 08:41:30,E00829,,fluid_usage:红页L1HF:27:2:15%HCl,
1945,15%HCl@时间窗 W002,结束时间,2024-01-18 08:51:30,E00829,,fluid_usage:红页L1HF:27:2:15%HCl,
1946,15%HCl@时间窗 W002,持续时间,10分钟,E00829,,fluid_usage:红页L1HF:27:2:15%HCl,
1947,15%HCl@时间窗 W002,泵压特征,"施工泵压变化 起43.07→止42.48，变化-0.59，均值43.3393，范围[42.48, 43.88]",E00829,E00830,fluid_usage:红页L1HF:27:2:15%HCl,pressure_feature:红页L1HF:27:2
1948,15%HCl@时间窗 W002,排量特征,"排量变化 起1.99→止1.99，变化0，均值1.99，范围[1.99, 1.99]",E00829,E00831,fluid_usage:红页L1HF:27:2:15%HCl,flow_feature:红页L1HF:27:2
1949,15%HCl@时间窗 W002,砂比特征,砂比变化：0,E00829,E00832,fluid_usage:红页L1HF:27:2:15%HCl,sand_feature:红页L1HF:27:2
1950,时间窗 W002,施工特征,"施工泵压变化 起43.07→止42.48，变化-0.59，均值43.3393，范围[42.48, 43.88]",E00828,E00830,time_window:红页L1HF:27:2,pressure_feature:红页L1HF:27:2
1951,时间窗 W002,施工特征,"排量变化 起1.99→止1.99，变化0，均值1.99，范围[1.99, 1.99]",E00828,E00831,time_window:红页L1HF:27:2,flow_feature:红页L1HF:27:2
1952,时间窗 W002,砂比特征,砂比变化：0,E00828,E00832,time_window:红页L1HF:27:2,sand_feature:红页L1HF:27:2
1953,段 27,包含时间窗,时间窗 W003,E00822,E00833,segment:红页L1HF:27,time_window:红页L1HF:27:3
1954,时间窗 W003,采用液型,0.25%减阻水@时间窗 W003,E00833,E00834,time_window:红页L1HF:27:3,fluid_usage:红页L1HF:27:3:0.25%减阻水
1955,0.25%减阻水@时间窗 W003,液型类别,液型 0.25%减阻水,E00834,E00022,fluid_usage:红页L1HF:27:3:0.25%减阻水,fluid_type:0.25%减阻水
1956,0.25%减阻水@时间窗 W003,开始时间,2024-01-18 08:51:40,E00834,,fluid_usage:红页L1HF:27:3:0.25%减阻水,
1957,0.25%减阻水@时间窗 W003,结束时间,2024-01-18 09:12:30,E00834,,fluid_usage:红页L1HF:27:3:0.25%减阻水,
1958,0.25%减阻水@时间窗 W003,持续时间,20分钟50秒,E00834,,fluid_usage:红页L1HF:27:3:0.25%减阻水,
1959,0.25%减阻水@时间窗 W003,泵压特征,"施工泵压变化 起42.39→止69.43，变化27.04，均值63.6762，范围[42.33, 88.24]",E00834,E00835,fluid_usage:红页L1HF:27:3:0.25%减阻水,pressure_feature:红页L1HF:27:3
1960,0.25%减阻水@时间窗 W003,排量特征,"排量变化 起1.99→止24.05，变化22.06，均值13.7302，范围[1.99, 24.05]",E00834,E00836,fluid_usage:红页L1HF:27:3:0.25%减阻水,flow_feature:红页L1HF:27:3
1961,0.25%减阻水@时间窗 W003,砂比特征,"砂比变化 起1.7→止1.7，变化0，均值1.7，范围[1.7, 1.7]",E00834,E00837,fluid_usage:红页L1HF:27:3:0.25%减阻水,sand_feature:红页L1HF:27:3
1962,时间窗 W003,施工特征,"施工泵压变化 起42.39→止69.43，变化27.04，均值63.6762，范围[42.33, 88.24]",E00833,E00835,time_window:红页L1HF:27:3,pressure_feature:红页L1HF:27:3
1963,时间窗 W003,施工特征,"排量变化 起1.99→止24.05，变化22.06，均值13.7302，范围[1.99, 24.05]",E00833,E00836,time_window:红页L1HF:27:3,flow_feature:红页L1HF:27:3
1964,时间窗 W003,砂比特征,"砂比变化 起1.7→止1.7，变化0，均值1.7，范围[1.7, 1.7]",E00833,E00837,time_window:红页L1HF:27:3,sand_feature:红页L1HF:27:3
1965,段 27,包含时间窗,时间窗 W004,E00822,E00838,segment:红页L1HF:27,time_window:红页L1HF:27:4
1966,时间窗 W004,采用液型,0.18%减阻水@时间窗 W004,E00838,E00839,time_window:红页L1HF:27:4,fluid_usage:红页L1HF:27:4:0.18%减阻水
1967,0.18%减阻水@时间窗 W004,液型类别,液型 0.18%减阻水,E00839,E00033,fluid_usage:红页L1HF:27:4:0.18%减阻水,fluid_type:0.18%减阻水
1968,0.18%减阻水@时间窗 W004,开始时间,2024-01-18 09:12:40,E00839,,fluid_usage:红页L1HF:27:4:0.18%减阻水,
1969,0.18%减阻水@时间窗 W004,结束时间,2024-01-18 09:15:20,E00839,,fluid_usage:红页L1HF:27:4:0.18%减阻水,
1970,0.18%减阻水@时间窗 W004,持续时间,2分钟40秒,E00839,,fluid_usage:红页L1HF:27:4:0.18%减阻水,
1971,0.18%减阻水@时间窗 W004,泵压特征,"施工泵压变化 起69.3→止71.14，变化1.84，均值70.0559，范围[69.23, 71.14]",E00839,E00840,fluid_usage:红页L1HF:27:4:0.18%减阻水,pressure_feature:红页L1HF:27:4
1972,0.18%减阻水@时间窗 W004,排量特征,"排量变化 起24.05→止24.05，变化0，均值24.05，范围[24.05, 24.05]",E00839,E00841,fluid_usage:红页L1HF:27:4:0.18%减阻水,flow_feature:红页L1HF:27:4
1973,0.18%减阻水@时间窗 W004,砂比特征,"砂比变化 起6.3→止6，变化-0.3，均值6.0471，范围[6, 6.5]",E00839,E00842,fluid_usage:红页L1HF:27:4:0.18%减阻水,sand_feature:红页L1HF:27:4
1974,时间窗 W004,施工特征,"施工泵压变化 起69.3→止71.14，变化1.84，均值70.0559，范围[69.23, 71.14]",E00838,E00840,time_window:红页L1HF:27:4,pressure_feature:红页L1HF:27:4
1975,时间窗 W004,施工特征,"排量变化 起24.05→止24.05，变化0，均值24.05，范围[24.05, 24.05]",E00838,E00841,time_window:红页L1HF:27:4,flow_feature:红页L1HF:27:4
1976,时间窗 W004,砂比特征,"砂比变化 起6.3→止6，变化-0.3，均值6.0471，范围[6, 6.5]",E00838,E00842,time_window:红页L1HF:27:4,sand_feature:红页L1HF:27:4
1977,段 27,包含时间窗,时间窗 W005,E00822,E00843,segment:红页L1HF:27,time_window:红页L1HF:27:5
1978,时间窗 W005,采用液型,0.12%减阻水@时间窗 W005,E00843,E00844,time_window:红页L1HF:27:5,fluid_usage:红页L1HF:27:5:0.12%减阻水
1979,0.12%减阻水@时间窗 W005,液型类别,液型 0.12%减阻水,E00844,E00010,fluid_usage:红页L1HF:27:5:0.12%减阻水,fluid_type:0.12%减阻水
1980,0.12%减阻水@时间窗 W005,开始时间,2024-01-18 09:15:30,E00844,,fluid_usage:红页L1HF:27:5:0.12%减阻水,
1981,0.12%减阻水@时间窗 W005,结束时间,2024-01-18 09:52:00,E00844,,fluid_usage:红页L1HF:27:5:0.12%减阻水,
1982,0.12%减阻水@时间窗 W005,持续时间,36分钟30秒,E00844,,fluid_usage:红页L1HF:27:5:0.12%减阻水,
1983,0.12%减阻水@时间窗 W005,泵压特征,"施工泵压变化 起70.95→止73.71，变化2.76，均值71.876，范围[63.51, 74.63]",E00844,E00845,fluid_usage:红页L1HF:27:5:0.12%减阻水,pressure_feature:红页L1HF:27:5
1984,0.12%减阻水@时间窗 W005,排量特征,"排量变化 起24.05→止24.03，变化-0.02，均值24.0384，范围[24.03, 24.06]",E00844,E00846,fluid_usage:红页L1HF:27:5:0.12%减阻水,flow_feature:红页L1HF:27:5
1985,0.12%减阻水@时间窗 W005,砂比特征,"砂比变化 起6.7→止11.7，变化5，均值9.747，范围[0.4, 13]",E00844,E00847,fluid_usage:红页L1HF:27:5:0.12%减阻水,sand_feature:红页L1HF:27:5
1986,时间窗 W005,施工特征,"施工泵压变化 起70.95→止73.71，变化2.76，均值71.876，范围[63.51, 74.63]",E00843,E00845,time_window:红页L1HF:27:5,pressure_feature:红页L1HF:27:5
1987,时间窗 W005,施工特征,"排量变化 起24.05→止24.03，变化-0.02，均值24.0384，范围[24.03, 24.06]",E00843,E00846,time_window:红页L1HF:27:5,flow_feature:红页L1HF:27:5
1988,时间窗 W005,砂比特征,"砂比变化 起6.7→止11.7，变化5，均值9.747，范围[0.4, 13]",E00843,E00847,time_window:红页L1HF:27:5,sand_feature:红页L1HF:27:5
1989,段 27,包含时间窗,时间窗 W006,E00822,E00848,segment:红页L1HF:27,time_window:红页L1HF:27:6
1990,时间窗 W006,采用液型,0.18%减阻水@时间窗 W006,E00848,E00849,time_window:红页L1HF:27:6,fluid_usage:红页L1HF:27:6:0.18%减阻水
1991,0.18%减阻水@时间窗 W006,液型类别,液型 0.18%减阻水,E00849,E00033,fluid_usage:红页L1HF:27:6:0.18%减阻水,fluid_type:0.18%减阻水
1992,0.18%减阻水@时间窗 W006,开始时间,2024-01-18 09:52:20,E00849,,fluid_usage:红页L1HF:27:6:0.18%减阻水,
1993,0.18%减阻水@时间窗 W006,结束时间,2024-01-18 09:55:50,E00849,,fluid_usage:红页L1HF:27:6:0.18%减阻水,
1994,0.18%减阻水@时间窗 W006,持续时间,3分钟30秒,E00849,,fluid_usage:红页L1HF:27:6:0.18%减阻水,
1995,0.18%减阻水@时间窗 W006,泵压特征,"施工泵压变化 起73.75→止73.24，变化-0.51，均值73.4495，范围[73.24, 73.75]",E00849,E00850,fluid_usage:红页L1HF:27:6:0.18%减阻水,pressure_feature:红页L1HF:27:6
1996,0.18%减阻水@时间窗 W006,排量特征,"排量变化 起24.03→止24.03，变化0，均值24.03，范围[24.03, 24.03]",E00849,E00851,fluid_usage:红页L1HF:27:6:0.18%减阻水,flow_feature:红页L1HF:27:6
1997,0.18%减阻水@时间窗 W006,砂比特征,"砂比变化 起11.5→止0.5，变化-11，均值11.8，范围[0.5, 13]",E00849,E00852,fluid_usage:红页L1HF:27:6:0.18%减阻水,sand_feature:红页L1HF:27:6
1998,时间窗 W006,施工特征,"施工泵压变化 起73.75→止73.24，变化-0.51，均值73.4495，范围[73.24, 73.75]",E00848,E00850,time_window:红页L1HF:27:6,pressure_feature:红页L1HF:27:6
1999,时间窗 W006,施工特征,"排量变化 起24.03→止24.03，变化0，均值24.03，范围[24.03, 24.03]",E00848,E00851,time_window:红页L1HF:27:6,flow_feature:红页L1HF:27:6
2000,时间窗 W006,砂比特征,"砂比变化 起11.5→止0.5，变化-11，均值11.8，范围[0.5, 13]",E00848,E00852,time_window:红页L1HF:27:6,sand_feature:红页L1HF:27:6
2001,段 27,包含时间窗,时间窗 W007,E00822,E00853,segment:红页L1HF:27,time_window:红页L1HF:27:7
2002,时间窗 W007,采用液型,0.12%减阻水@时间窗 W007,E00853,E00854,time_window:红页L1HF:27:7,fluid_usage:红页L1HF:27:7:0.12%减阻水
2003,0.12%减阻水@时间窗 W007,液型类别,液型 0.12%减阻水,E00854,E00010,fluid_usage:红页L1HF:27:7:0.12%减阻水,fluid_type:0.12%减阻水
2004,0.12%减阻水@时间窗 W007,开始时间,2024-01-18 09:59:20,E00854,,fluid_usage:红页L1HF:27:7:0.12%减阻水,
2005,0.12%减阻水@时间窗 W007,结束时间,2024-01-18 10:36:30,E00854,,fluid_usage:红页L1HF:27:7:0.12%减阻水,
2006,0.12%减阻水@时间窗 W007,持续时间,37分钟10秒,E00854,,fluid_usage:红页L1HF:27:7:0.12%减阻水,
2007,0.12%减阻水@时间窗 W007,泵压特征,"施工泵压变化 起62.35→止76.92，变化14.57，均值75.2681，范围[62.11, 79.61]",E00854,E00855,fluid_usage:红页L1HF:27:7:0.12%减阻水,pressure_feature:红页L1HF:27:7
2008,0.12%减阻水@时间窗 W007,排量特征,"排量变化 起19.9→止24.04，变化4.14，均值23.8161，范围[19.89, 24.04]",E00854,E00856,fluid_usage:红页L1HF:27:7:0.12%减阻水,flow_feature:红页L1HF:27:7
2009,0.12%减阻水@时间窗 W007,砂比特征,"砂比变化 起2→止10.2，变化8.2，均值9.5931，范围[0.1, 12.1]",E00854,E00857,fluid_usage:红页L1HF:27:7:0.12%减阻水,sand_feature:红页L1HF:27:7
2010,时间窗 W007,施工特征,"施工泵压变化 起62.35→止76.92，变化14.57，均值75.2681，范围[62.11, 79.61]",E00853,E00855,time_window:红页L1HF:27:7,pressure_feature:红页L1HF:27:7
2011,时间窗 W007,施工特征,"排量变化 起19.9→止24.04，变化4.14，均值23.8161，范围[19.89, 24.04]",E00853,E00856,time_window:红页L1HF:27:7,flow_feature:红页L1HF:27:7
2012,时间窗 W007,砂比特征,"砂比变化 起2→止10.2，变化8.2，均值9.5931，范围[0.1, 12.1]",E00853,E00857,time_window:红页L1HF:27:7,sand_feature:红页L1HF:27:7
2013,段 27,包含时间窗,时间窗 W008,E00822,E00858,segment:红页L1HF:27,time_window:红页L1HF:27:8
2014,时间窗 W008,采用液型,0.25%减阻水@时间窗 W008,E00858,E00859,time_window:红页L1HF:27:8,fluid_usage:红页L1HF:27:8:0.25%减阻水
2015,0.25%减阻水@时间窗 W008,液型类别,液型 0.25%减阻水,E00859,E00022,fluid_usage:红页L1HF:27:8:0.25%减阻水,fluid_type:0.25%减阻水
2016,0.25%减阻水@时间窗 W008,开始时间,2024-01-18 10:36:50,E00859,,fluid_usage:红页L1HF:27:8:0.25%减阻水,
2017,0.25%减阻水@时间窗 W008,结束时间,2024-01-18 10:42:30,E00859,,fluid_usage:红页L1HF:27:8:0.25%减阻水,
2018,0.25%减阻水@时间窗 W008,持续时间,5分钟40秒,E00859,,fluid_usage:红页L1HF:27:8:0.25%减阻水,
2019,0.25%减阻水@时间窗 W008,泵压特征,"施工泵压变化 起76.91→止75.81，变化-1.1，均值76.1618，范围[75.61, 76.93]",E00859,E00860,fluid_usage:红页L1HF:27:8:0.25%减阻水,pressure_feature:红页L1HF:27:8
2020,0.25%减阻水@时间窗 W008,排量特征,"排量变化 起24.04→止24.04，变化0，均值24.04，范围[24.04, 24.04]",E00859,E00861,fluid_usage:红页L1HF:27:8:0.25%减阻水,flow_feature:红页L1HF:27:8
2021,0.25%减阻水@时间窗 W008,砂比特征,"砂比变化 起10.9→止0.2，变化-10.7，均值11.0941，范围[0.2, 12]",E00859,E00862,fluid_usage:红页L1HF:27:8:0.25%减阻水,sand_feature:红页L1HF:27:8
2022,时间窗 W008,施工特征,"施工泵压变化 起76.91→止75.81，变化-1.1，均值76.1618，范围[75.61, 76.93]",E00858,E00860,time_window:红页L1HF:27:8,pressure_feature:红页L1HF:27:8
2023,时间窗 W008,施工特征,"排量变化 起24.04→止24.04，变化0，均值24.04，范围[24.04, 24.04]",E00858,E00861,time_window:红页L1HF:27:8,flow_feature:红页L1HF:27:8
2024,时间窗 W008,砂比特征,"砂比变化 起10.9→止0.2，变化-10.7，均值11.0941，范围[0.2, 12]",E00858,E00862,time_window:红页L1HF:27:8,sand_feature:红页L1HF:27:8
2025,段 27,包含时间窗,时间窗 W009,E00822,E00863,segment:红页L1HF:27,time_window:红页L1HF:27:9
2026,时间窗 W009,采用液型,0.12%减阻水@时间窗 W009,E00863,E00864,time_window:红页L1HF:27:9,fluid_usage:红页L1HF:27:9:0.12%减阻水
2027,0.12%减阻水@时间窗 W009,液型类别,液型 0.12%减阻水,E00864,E00010,fluid_usage:红页L1HF:27:9:0.12%减阻水,fluid_type:0.12%减阻水
2028,0.12%减阻水@时间窗 W009,开始时间,2024-01-18 10:42:40,E00864,,fluid_usage:红页L1HF:27:9:0.12%减阻水,
2029,0.12%减阻水@时间窗 W009,结束时间,2024-01-18 11:17:10,E00864,,fluid_usage:红页L1HF:27:9:0.12%减阻水,
2030,0.12%减阻水@时间窗 W009,持续时间,34分钟30秒,E00864,,fluid_usage:红页L1HF:27:9:0.12%减阻水,
2031,0.12%减阻水@时间窗 W009,泵压特征,"施工泵压变化 起75.9→止0.13，变化-75.77，均值36.0673，范围[0.13, 75.94]",E00864,E00865,fluid_usage:红页L1HF:27:9:0.12%减阻水,pressure_feature:红页L1HF:27:9
2032,0.12%减阻水@时间窗 W009,排量特征,"排量变化 起24.04→止0，变化-24.04，均值2.5765，范围[0, 24.04]",E00864,E00866,fluid_usage:红页L1HF:27:9:0.12%减阻水,flow_feature:红页L1HF:27:9
2033,0.12%减阻水@时间窗 W009,砂比特征,砂比变化：0,E00864,E00867,fluid_usage:红页L1HF:27:9:0.12%减阻水,sand_feature:红页L1HF:27:9
2034,时间窗 W009,施工特征,"施工泵压变化 起75.9→止0.13，变化-75.77，均值36.0673，范围[0.13, 75.94]",E00863,E00865,time_window:红页L1HF:27:9,pressure_feature:红页L1HF:27:9
2035,时间窗 W009,施工特征,"排量变化 起24.04→止0，变化-24.04，均值2.5765，范围[0, 24.04]",E00863,E00866,time_window:红页L1HF:27:9,flow_feature:红页L1HF:27:9
2036,时间窗 W009,砂比特征,砂比变化：0,E00863,E00867,time_window:红页L1HF:27:9,sand_feature:红页L1HF:27:9
2037,井 红页L1HF,包含段,段 28,E00001,E00868,well:红页L1HF,segment:红页L1HF:28
2038,段 28,包含时间窗,时间窗 W001,E00868,E00869,segment:红页L1HF:28,time_window:红页L1HF:28:1
2039,时间窗 W001,采用液型,0.12%减阻水@时间窗 W001,E00869,E00870,time_window:红页L1HF:28:1,fluid_usage:红页L1HF:28:1:0.12%减阻水
2040,0.12%减阻水@时间窗 W001,液型类别,液型 0.12%减阻水,E00870,E00010,fluid_usage:红页L1HF:28:1:0.12%减阻水,fluid_type:0.12%减阻水
2041,0.12%减阻水@时间窗 W001,开始时间,2024-01-18 14:53:10,E00870,,fluid_usage:红页L1HF:28:1:0.12%减阻水,
2042,0.12%减阻水@时间窗 W001,结束时间,2024-01-18 14:56:10,E00870,,fluid_usage:红页L1HF:28:1:0.12%减阻水,
2043,0.12%减阻水@时间窗 W001,持续时间,3分钟,E00870,,fluid_usage:红页L1HF:28:1:0.12%减阻水,
2044,0.12%减阻水@时间窗 W001,泵压特征,"施工泵压变化 起22.59→止30.04，变化7.45，均值27.3126，范围[22.59, 30.04]",E00870,E00871,fluid_usage:红页L1HF:28:1:0.12%减阻水,pressure_feature:红页L1HF:28:1
2045,0.12%减阻水@时间窗 W001,排量特征,"排量变化 起0.01→止1.99，变化1.98，均值1.6132，范围[0.01, 1.99]",E00870,E00872,fluid_usage:红页L1HF:28:1:0.12%减阻水,flow_feature:红页L1HF:28:1
2046,0.12%减阻水@时间窗 W001,砂比特征,砂比变化：0,E00870,E00873,fluid_usage:红页L1HF:28:1:0.12%减阻水,sand_feature:红页L1HF:28:1
2047,时间窗 W001,施工特征,"施工泵压变化 起22.59→止30.04，变化7.45，均值27.3126，范围[22.59, 30.04]",E00869,E00871,time_window:红页L1HF:28:1,pressure_feature:红页L1HF:28:1
2048,时间窗 W001,施工特征,"排量变化 起0.01→止1.99，变化1.98，均值1.6132，范围[0.01, 1.99]",E00869,E00872,time_window:红页L1HF:28:1,flow_feature:红页L1HF:28:1
2049,时间窗 W001,砂比特征,砂比变化：0,E00869,E00873,time_window:红页L1HF:28:1,sand_feature:红页L1HF:28:1
2050,段 28,包含时间窗,时间窗 W002,E00868,E00874,segment:红页L1HF:28,time_window:红页L1HF:28:2
2051,时间窗 W002,采用液型,15%HCl@时间窗 W002,E00874,E00875,time_window:红页L1HF:28:2,fluid_usage:红页L1HF:28:2:15%HCl
2052,15%HCl@时间窗 W002,液型类别,液型 15%HCl,E00875,E00016,fluid_usage:红页L1HF:28:2:15%HCl,fluid_type:15%HCl
2053,15%HCl@时间窗 W002,开始时间,2024-01-18 14:56:20,E00875,,fluid_usage:红页L1HF:28:2:15%HCl,
2054,15%HCl@时间窗 W002,结束时间,2024-01-18 15:06:20,E00875,,fluid_usage:红页L1HF:28:2:15%HCl,
2055,15%HCl@时间窗 W002,持续时间,10分钟,E00875,,fluid_usage:红页L1HF:28:2:15%HCl,
2056,15%HCl@时间窗 W002,泵压特征,"施工泵压变化 起30.17→止34.01，变化3.84，均值32.441，范围[30.17, 34.01]",E00875,E00876,fluid_usage:红页L1HF:28:2:15%HCl,pressure_feature:红页L1HF:28:2
2057,15%HCl@时间窗 W002,排量特征,"排量变化 起1.99→止1.99，变化0，均值1.99，范围[1.99, 1.99]",E00875,E00877,fluid_usage:红页L1HF:28:2:15%HCl,flow_feature:红页L1HF:28:2
2058,15%HCl@时间窗 W002,砂比特征,砂比变化：0,E00875,E00878,fluid_usage:红页L1HF:28:2:15%HCl,sand_feature:红页L1HF:28:2
2059,时间窗 W002,施工特征,"施工泵压变化 起30.17→止34.01，变化3.84，均值32.441，范围[30.17, 34.01]",E00874,E00876,time_window:红页L1HF:28:2,pressure_feature:红页L1HF:28:2
2060,时间窗 W002,施工特征,"排量变化 起1.99→止1.99，变化0，均值1.99，范围[1.99, 1.99]",E00874,E00877,time_window:红页L1HF:28:2,flow_feature:红页L1HF:28:2
2061,时间窗 W002,砂比特征,砂比变化：0,E00874,E00878,time_window:红页L1HF:28:2,sand_feature:红页L1HF:28:2
2062,段 28,包含时间窗,时间窗 W003,E00868,E00879,segment:红页L1HF:28,time_window:红页L1HF:28:3
2063,时间窗 W003,采用液型,0.25%减阻水@时间窗 W003,E00879,E00880,time_window:红页L1HF:28:3,fluid_usage:红页L1HF:28:3:0.25%减阻水
2064,0.25%减阻水@时间窗 W003,液型类别,液型 0.25%减阻水,E00880,E00022,fluid_usage:红页L1HF:28:3:0.25%减阻水,fluid_type:0.25%减阻水
2065,0.25%减阻水@时间窗 W003,开始时间,2024-01-18 15:06:30,E00880,,fluid_usage:红页L1HF:28:3:0.25%减阻水,
2066,0.25%减阻水@时间窗 W003,结束时间,2024-01-18 15:25:50,E00880,,fluid_usage:红页L1HF:28:3:0.25%减阻水,
2067,0.25%减阻水@时间窗 W003,持续时间,19分钟20秒,E00880,,fluid_usage:红页L1HF:28:3:0.25%减阻水,
2068,0.25%减阻水@时间窗 W003,泵压特征,"施工泵压变化 起34.1→止72.88，变化38.78，均值64.8032，范围[34.1, 87.3]",E00880,E00881,fluid_usage:红页L1HF:28:3:0.25%减阻水,pressure_feature:红页L1HF:28:3
2069,0.25%减阻水@时间窗 W003,排量特征,"排量变化 起1.99→止24.04，变化22.05，均值14.6105，范围[1.99, 24.04]",E00880,E00882,fluid_usage:红页L1HF:28:3:0.25%减阻水,flow_feature:红页L1HF:28:3
2070,0.25%减阻水@时间窗 W003,砂比特征,砂比变化：0,E00880,E00883,fluid_usage:红页L1HF:28:3:0.25%减阻水,sand_feature:红页L1HF:28:3
2071,时间窗 W003,施工特征,"施工泵压变化 起34.1→止72.88，变化38.78，均值64.8032，范围[34.1, 87.3]",E00879,E00881,time_window:红页L1HF:28:3,pressure_feature:红页L1HF:28:3
2072,时间窗 W003,施工特征,"排量变化 起1.99→止24.04，变化22.05，均值14.6105，范围[1.99, 24.04]",E00879,E00882,time_window:红页L1HF:28:3,flow_feature:红页L1HF:28:3
2073,时间窗 W003,砂比特征,砂比变化：0,E00879,E00883,time_window:红页L1HF:28:3,sand_feature:红页L1HF:28:3
2074,段 28,包含时间窗,时间窗 W004,E00868,E00884,segment:红页L1HF:28,time_window:红页L1HF:28:4
2075,时间窗 W004,采用液型,0.18%减阻水@时间窗 W004,E00884,E00885,time_window:红页L1HF:28:4,fluid_usage:红页L1HF:28:4:0.18%减阻水
2076,0.18%减阻水@时间窗 W004,液型类别,液型 0.18%减阻水,E00885,E00033,fluid_usage:红页L1HF:28:4:0.18%减阻水,fluid_type:0.18%减阻水
2077,0.18%减阻水@时间窗 W004,开始时间,2024-01-18 15:26:00,E00885,,fluid_usage:红页L1HF:28:4:0.18%减阻水,
2078,0.18%减阻水@时间窗 W004,结束时间,2024-01-18 15:28:40,E00885,,fluid_usage:红页L1HF:28:4:0.18%减阻水,
2079,0.18%减阻水@时间窗 W004,持续时间,2分钟40秒,E00885,,fluid_usage:红页L1HF:28:4:0.18%减阻水,
2080,0.18%减阻水@时间窗 W004,泵压特征,"施工泵压变化 起73.12→止70.59，变化-2.53，均值71.6806，范围[70.59, 73.12]",E00885,E00886,fluid_usage:红页L1HF:28:4:0.18%减阻水,pressure_feature:红页L1HF:28:4
2081,0.18%减阻水@时间窗 W004,排量特征,"排量变化 起24.04→止24.04，变化0，均值24.04，范围[24.04, 24.04]",E00885,E00887,fluid_usage:红页L1HF:28:4:0.18%减阻水,flow_feature:红页L1HF:28:4
2082,0.18%减阻水@时间窗 W004,砂比特征,"砂比变化 起2.9→止5.1，变化2.2，均值4.9941，范围[2.9, 5.3]",E00885,E00888,fluid_usage:红页L1HF:28:4:0.18%减阻水,sand_feature:红页L1HF:28:4
2083,时间窗 W004,施工特征,"施工泵压变化 起73.12→止70.59，变化-2.53，均值71.6806，范围[70.59, 73.12]",E00884,E00886,time_window:红页L1HF:28:4,pressure_feature:红页L1HF:28:4
2084,时间窗 W004,施工特征,"排量变化 起24.04→止24.04，变化0，均值24.04，范围[24.04, 24.04]",E00884,E00887,time_window:红页L1HF:28:4,flow_feature:红页L1HF:28:4
2085,时间窗 W004,砂比特征,"砂比变化 起2.9→止5.1，变化2.2，均值4.9941，范围[2.9, 5.3]",E00884,E00888,time_window:红页L1HF:28:4,sand_feature:红页L1HF:28:4
2086,段 28,包含时间窗,时间窗 W005,E00868,E00889,segment:红页L1HF:28,time_window:红页L1HF:28:5
2087,时间窗 W005,采用液型,0.12%减阻水@时间窗 W005,E00889,E00890,time_window:红页L1HF:28:5,fluid_usage:红页L1HF:28:5:0.12%减阻水
2088,0.12%减阻水@时间窗 W005,液型类别,液型 0.12%减阻水,E00890,E00010,fluid_usage:红页L1HF:28:5:0.12%减阻水,fluid_type:0.12%减阻水
2089,0.12%减阻水@时间窗 W005,开始时间,2024-01-18 15:28:50,E00890,,fluid_usage:红页L1HF:28:5:0.12%减阻水,
2090,0.12%减阻水@时间窗 W005,结束时间,2024-01-18 16:10:10,E00890,,fluid_usage:红页L1HF:28:5:0.12%减阻水,
2091,0.12%减阻水@时间窗 W005,持续时间,41分钟20秒,E00890,,fluid_usage:红页L1HF:28:5:0.12%减阻水,
2092,0.12%减阻水@时间窗 W005,泵压特征,"施工泵压变化 起70.45→止69.33，变化-1.12，均值69.9718，范围[68.22, 71.36]",E00890,E00891,fluid_usage:红页L1HF:28:5:0.12%减阻水,pressure_feature:红页L1HF:28:5
2093,0.12%减阻水@时间窗 W005,排量特征,"排量变化 起24.04→止24.04，变化0，均值24.0353，范围[24.03, 24.04]",E00890,E00892,fluid_usage:红页L1HF:28:5:0.12%减阻水,flow_feature:红页L1HF:28:5
2094,0.12%减阻水@时间窗 W005,砂比特征,"砂比变化 起5.5→止11，变化5.5，均值9.0298，范围[0.1, 12.1]",E00890,E00893,fluid_usage:红页L1HF:28:5:0.12%减阻水,sand_feature:红页L1HF:28:5
2095,时间窗 W005,施工特征,"施工泵压变化 起70.45→止69.33，变化-1.12，均值69.9718，范围[68.22, 71.36]",E00889,E00891,time_window:红页L1HF:28:5,pressure_feature:红页L1HF:28:5
2096,时间窗 W005,施工特征,"排量变化 起24.04→止24.04，变化0，均值24.0353，范围[24.03, 24.04]",E00889,E00892,time_window:红页L1HF:28:5,flow_feature:红页L1HF:28:5
2097,时间窗 W005,砂比特征,"砂比变化 起5.5→止11，变化5.5，均值9.0298，范围[0.1, 12.1]",E00889,E00893,time_window:红页L1HF:28:5,sand_feature:红页L1HF:28:5
2098,段 28,包含时间窗,时间窗 W006,E00868,E00894,segment:红页L1HF:28,time_window:红页L1HF:28:6
2099,时间窗 W006,采用液型,0.18%减阻水@时间窗 W006,E00894,E00895,time_window:红页L1HF:28:6,fluid_usage:红页L1HF:28:6:0.18%减阻水
2100,0.18%减阻水@时间窗 W006,液型类别,液型 0.18%减阻水,E00895,E00033,fluid_usage:红页L1HF:28:6:0.18%减阻水,fluid_type:0.18%减阻水
2101,0.18%减阻水@时间窗 W006,开始时间,2024-01-18 16:10:20,E00895,,fluid_usage:红页L1HF:28:6:0.18%减阻水,
2102,0.18%减阻水@时间窗 W006,结束时间,2024-01-18 16:14:00,E00895,,fluid_usage:红页L1HF:28:6:0.18%减阻水,
2103,0.18%减阻水@时间窗 W006,持续时间,3分钟40秒,E00895,,fluid_usage:红页L1HF:28:6:0.18%减阻水,
2104,0.18%减阻水@时间窗 W006,泵压特征,"施工泵压变化 起69.53→止67.87，变化-1.66，均值68.257，范围[67.41, 69.53]",E00895,E00896,fluid_usage:红页L1HF:28:6:0.18%减阻水,pressure_feature:红页L1HF:28:6
2105,0.18%减阻水@时间窗 W006,排量特征,"排量变化 起24.04→止24.03，变化-0.01，均值24.0339，范围[24.03, 24.04]",E00895,E00897,fluid_usage:红页L1HF:28:6:0.18%减阻水,flow_feature:红页L1HF:28:6
2106,0.18%减阻水@时间窗 W006,砂比特征,"砂比变化 起10.6→止0.3，变化-10.3，均值11.413，范围[0.3, 12]",E00895,E00898,fluid_usage:红页L1HF:28:6:0.18%减阻水,sand_feature:红页L1HF:28:6
2107,时间窗 W006,施工特征,"施工泵压变化 起69.53→止67.87，变化-1.66，均值68.257，范围[67.41, 69.53]",E00894,E00896,time_window:红页L1HF:28:6,pressure_feature:红页L1HF:28:6
2108,时间窗 W006,施工特征,"排量变化 起24.04→止24.03，变化-0.01，均值24.0339，范围[24.03, 24.04]",E00894,E00897,time_window:红页L1HF:28:6,flow_feature:红页L1HF:28:6
2109,时间窗 W006,砂比特征,"砂比变化 起10.6→止0.3，变化-10.3，均值11.413，范围[0.3, 12]",E00894,E00898,time_window:红页L1HF:28:6,sand_feature:红页L1HF:28:6
2110,段 28,包含时间窗,时间窗 W007,E00868,E00899,segment:红页L1HF:28,time_window:红页L1HF:28:7
2111,时间窗 W007,采用液型,0.12%减阻水@时间窗 W007,E00899,E00900,time_window:红页L1HF:28:7,fluid_usage:红页L1HF:28:7:0.12%减阻水
2112,0.12%减阻水@时间窗 W007,液型类别,液型 0.12%减阻水,E00900,E00010,fluid_usage:红页L1HF:28:7:0.12%减阻水,fluid_type:0.12%减阻水
2113,0.12%减阻水@时间窗 W007,开始时间,2024-01-18 16:14:10,E00900,,fluid_usage:红页L1HF:28:7:0.12%减阻水,
2114,0.12%减阻水@时间窗 W007,结束时间,2024-01-18 16:52:00,E00900,,fluid_usage:红页L1HF:28:7:0.12%减阻水,
2115,0.12%减阻水@时间窗 W007,持续时间,37分钟50秒,E00900,,fluid_usage:红页L1HF:28:7:0.12%减阻水,
2116,0.12%减阻水@时间窗 W007,泵压特征,"施工泵压变化 起67.79→止69.32，变化1.53，均值67.9253，范围[58.75, 73.88]",E00900,E00901,fluid_usage:红页L1HF:28:7:0.12%减阻水,pressure_feature:红页L1HF:28:7
2117,0.12%减阻水@时间窗 W007,排量特征,"排量变化 起24.03→止24.04，变化0.01，均值23.6177，范围[19.9, 24.04]",E00900,E00902,fluid_usage:红页L1HF:28:7:0.12%减阻水,flow_feature:红页L1HF:28:7
2118,0.12%减阻水@时间窗 W007,砂比特征,"砂比变化 起1→止10.3，变化9.3，均值9.9131，范围[0.2, 13]",E00900,E00903,fluid_usage:红页L1HF:28:7:0.12%减阻水,sand_feature:红页L1HF:28:7
2119,时间窗 W007,施工特征,"施工泵压变化 起67.79→止69.32，变化1.53，均值67.9253，范围[58.75, 73.88]",E00899,E00901,time_window:红页L1HF:28:7,pressure_feature:红页L1HF:28:7
2120,时间窗 W007,施工特征,"排量变化 起24.03→止24.04，变化0.01，均值23.6177，范围[19.9, 24.04]",E00899,E00902,time_window:红页L1HF:28:7,flow_feature:红页L1HF:28:7
2121,时间窗 W007,砂比特征,"砂比变化 起1→止10.3，变化9.3，均值9.9131，范围[0.2, 13]",E00899,E00903,time_window:红页L1HF:28:7,sand_feature:红页L1HF:28:7
2122,段 28,包含时间窗,时间窗 W008,E00868,E00904,segment:红页L1HF:28,time_window:红页L1HF:28:8
2123,时间窗 W008,采用液型,0.25%减阻水@时间窗 W008,E00904,E00905,time_window:红页L1HF:28:8,fluid_usage:红页L1HF:28:8:0.25%减阻水
2124,0.25%减阻水@时间窗 W008,液型类别,液型 0.25%减阻水,E00905,E00022,fluid_usage:红页L1HF:28:8:0.25%减阻水,fluid_type:0.25%减阻水
2125,0.25%减阻水@时间窗 W008,开始时间,2024-01-18 16:52:10,E00905,,fluid_usage:红页L1HF:28:8:0.25%减阻水,
2126,0.25%减阻水@时间窗 W008,结束时间,2024-01-18 16:59:20,E00905,,fluid_usage:红页L1HF:28:8:0.25%减阻水,
2127,0.25%减阻水@时间窗 W008,持续时间,7分钟10秒,E00905,,fluid_usage:红页L1HF:28:8:0.25%减阻水,
2128,0.25%减阻水@时间窗 W008,泵压特征,"施工泵压变化 起69.32→止67.28，变化-2.04，均值68.5156，范围[67.28, 69.34]",E00905,E00906,fluid_usage:红页L1HF:28:8:0.25%减阻水,pressure_feature:红页L1HF:28:8
2129,0.25%减阻水@时间窗 W008,排量特征,"排量变化 起24.04→止24.04，变化0，均值24.04，范围[24.04, 24.04]",E00905,E00907,fluid_usage:红页L1HF:28:8:0.25%减阻水,flow_feature:红页L1HF:28:8
2130,0.25%减阻水@时间窗 W008,砂比特征,"砂比变化 起10.4→止0.3，变化-10.1，均值11.5486，范围[0.3, 13]",E00905,E00908,fluid_usage:红页L1HF:28:8:0.25%减阻水,sand_feature:红页L1HF:28:8
2131,时间窗 W008,施工特征,"施工泵压变化 起69.32→止67.28，变化-2.04，均值68.5156，范围[67.28, 69.34]",E00904,E00906,time_window:红页L1HF:28:8,pressure_feature:红页L1HF:28:8
2132,时间窗 W008,施工特征,"排量变化 起24.04→止24.04，变化0，均值24.04，范围[24.04, 24.04]",E00904,E00907,time_window:红页L1HF:28:8,flow_feature:红页L1HF:28:8
2133,时间窗 W008,砂比特征,"砂比变化 起10.4→止0.3，变化-10.1，均值11.5486，范围[0.3, 13]",E00904,E00908,time_window:红页L1HF:28:8,sand_feature:红页L1HF:28:8
2134,段 28,包含时间窗,时间窗 W009,E00868,E00909,segment:红页L1HF:28,time_window:红页L1HF:28:9
2135,时间窗 W009,采用液型,0.12%减阻水@时间窗 W009,E00909,E00910,time_window:红页L1HF:28:9,fluid_usage:红页L1HF:28:9:0.12%减阻水
2136,0.12%减阻水@时间窗 W009,液型类别,液型 0.12%减阻水,E00910,E00010,fluid_usage:红页L1HF:28:9:0.12%减阻水,fluid_type:0.12%减阻水
2137,0.12%减阻水@时间窗 W009,开始时间,2024-01-18 16:59:30,E00910,,fluid_usage:红页L1HF:28:9:0.12%减阻水,
2138,0.12%减阻水@时间窗 W009,结束时间,2024-01-18 17:27:30,E00910,,fluid_usage:红页L1HF:28:9:0.12%减阻水,
2139,0.12%减阻水@时间窗 W009,持续时间,28分钟,E00910,,fluid_usage:红页L1HF:28:9:0.12%减阻水,
2140,0.12%减阻水@时间窗 W009,泵压特征,"施工泵压变化 起66.93→止0.28，变化-66.65，均值35.8356，范围[0.28, 66.93]",E00910,E00911,fluid_usage:红页L1HF:28:9:0.12%减阻水,pressure_feature:红页L1HF:28:9
2141,0.12%减阻水@时间窗 W009,排量特征,"排量变化 起24.04→止0，变化-24.04，均值1.5853，范围[0, 24.04]",E00910,E00912,fluid_usage:红页L1HF:28:9:0.12%减阻水,flow_feature:红页L1HF:28:9
2142,0.12%减阻水@时间窗 W009,砂比特征,砂比变化：0,E00910,E00913,fluid_usage:红页L1HF:28:9:0.12%减阻水,sand_feature:红页L1HF:28:9
2143,时间窗 W009,施工特征,"施工泵压变化 起66.93→止0.28，变化-66.65，均值35.8356，范围[0.28, 66.93]",E00909,E00911,time_window:红页L1HF:28:9,pressure_feature:红页L1HF:28:9
2144,时间窗 W009,施工特征,"排量变化 起24.04→止0，变化-24.04，均值1.5853，范围[0, 24.04]",E00909,E00912,time_window:红页L1HF:28:9,flow_feature:红页L1HF:28:9
2145,时间窗 W009,砂比特征,砂比变化：0,E00909,E00913,time_window:红页L1HF:28:9,sand_feature:红页L1HF:28:9
2146,井 红页L1HF,包含段,段 29,E00001,E00914,well:红页L1HF,segment:红页L1HF:29
2147,段 29,包含时间窗,时间窗 W001,E00914,E00915,segment:红页L1HF:29,time_window:红页L1HF:29:1
2148,时间窗 W001,采用液型,0.12%减阻水@时间窗 W001,E00915,E00916,time_window:红页L1HF:29:1,fluid_usage:红页L1HF:29:1:0.12%减阻水
2149,0.12%减阻水@时间窗 W001,液型类别,液型 0.12%减阻水,E00916,E00010,fluid_usage:红页L1HF:29:1:0.12%减阻水,fluid_type:0.12%减阻水
2150,0.12%减阻水@时间窗 W001,开始时间,2024-01-19 08:34:20,E00916,,fluid_usage:红页L1HF:29:1:0.12%减阻水,
2151,0.12%减阻水@时间窗 W001,结束时间,2024-01-19 08:37:10,E00916,,fluid_usage:红页L1HF:29:1:0.12%减阻水,
2152,0.12%减阻水@时间窗 W001,持续时间,2分钟50秒,E00916,,fluid_usage:红页L1HF:29:1:0.12%减阻水,
2153,0.12%减阻水@时间窗 W001,泵压特征,"施工泵压变化 起8.94→止38.82，变化29.88，均值29.71，范围[8.94, 38.82]",E00916,E00917,fluid_usage:红页L1HF:29:1:0.12%减阻水,pressure_feature:红页L1HF:29:1
2154,0.12%减阻水@时间窗 W001,排量特征,"排量变化 起0.17→止1.99，变化1.82，均值1.63，范围[0.17, 1.99]",E00916,E00918,fluid_usage:红页L1HF:29:1:0.12%减阻水,flow_feature:红页L1HF:29:1
2155,0.12%减阻水@时间窗 W001,砂比特征,砂比变化：0,E00916,E00919,fluid_usage:红页L1HF:29:1:0.12%减阻水,sand_feature:红页L1HF:29:1
2156,时间窗 W001,施工特征,"施工泵压变化 起8.94→止38.82，变化29.88，均值29.71，范围[8.94, 38.82]",E00915,E00917,time_window:红页L1HF:29:1,pressure_feature:红页L1HF:29:1
2157,时间窗 W001,施工特征,"排量变化 起0.17→止1.99，变化1.82，均值1.63，范围[0.17, 1.99]",E00915,E00918,time_window:红页L1HF:29:1,flow_feature:红页L1HF:29:1
2158,时间窗 W001,砂比特征,砂比变化：0,E00915,E00919,time_window:红页L1HF:29:1,sand_feature:红页L1HF:29:1
2159,段 29,包含时间窗,时间窗 W002,E00914,E00920,segment:红页L1HF:29,time_window:红页L1HF:29:2
2160,时间窗 W002,采用液型,15%HCl@时间窗 W002,E00920,E00921,time_window:红页L1HF:29:2,fluid_usage:红页L1HF:29:2:15%HCl
2161,15%HCl@时间窗 W002,液型类别,液型 15%HCl,E00921,E00016,fluid_usage:红页L1HF:29:2:15%HCl,fluid_type:15%HCl
2162,15%HCl@时间窗 W002,开始时间,2024-01-19 08:37:20,E00921,,fluid_usage:红页L1HF:29:2:15%HCl,
2163,15%HCl@时间窗 W002,结束时间,2024-01-19 08:47:20,E00921,,fluid_usage:红页L1HF:29:2:15%HCl,
2164,15%HCl@时间窗 W002,持续时间,10分钟,E00921,,fluid_usage:红页L1HF:29:2:15%HCl,
2165,15%HCl@时间窗 W002,泵压特征,"施工泵压变化 起39.23→止46.33，变化7.1，均值44.4641，范围[39.23, 46.33]",E00921,E00922,fluid_usage:红页L1HF:29:2:15%HCl,pressure_feature:红页L1HF:29:2
2166,15%HCl@时间窗 W002,排量特征,"排量变化 起1.99→止2.43，变化0.44，均值1.9975，范围[1.99, 2.43]",E00921,E00923,fluid_usage:红页L1HF:29:2:15%HCl,flow_feature:红页L1HF:29:2
2167,15%HCl@时间窗 W002,砂比特征,砂比变化：0,E00921,E00924,fluid_usage:红页L1HF:29:2:15%HCl,sand_feature:红页L1HF:29:2
2168,时间窗 W002,施工特征,"施工泵压变化 起39.23→止46.33，变化7.1，均值44.4641，范围[39.23, 46.33]",E00920,E00922,time_window:红页L1HF:29:2,pressure_feature:红页L1HF:29:2
2169,时间窗 W002,施工特征,"排量变化 起1.99→止2.43，变化0.44，均值1.9975，范围[1.99, 2.43]",E00920,E00923,time_window:红页L1HF:29:2,flow_feature:红页L1HF:29:2
2170,时间窗 W002,砂比特征,砂比变化：0,E00920,E00924,time_window:红页L1HF:29:2,sand_feature:红页L1HF:29:2
2171,段 29,包含时间窗,时间窗 W003,E00914,E00925,segment:红页L1HF:29,time_window:红页L1HF:29:3
2172,时间窗 W003,采用液型,0.25%减阻水@时间窗 W003,E00925,E00926,time_window:红页L1HF:29:3,fluid_usage:红页L1HF:29:3:0.25%减阻水
2173,0.25%减阻水@时间窗 W003,液型类别,液型 0.25%减阻水,E00926,E00022,fluid_usage:红页L1HF:29:3:0.25%减阻水,fluid_type:0.25%减阻水
2174,0.25%减阻水@时间窗 W003,开始时间,2024-01-19 08:47:30,E00926,,fluid_usage:红页L1HF:29:3:0.25%减阻水,
2175,0.25%减阻水@时间窗 W003,结束时间,2024-01-19 09:05:10,E00926,,fluid_usage:红页L1HF:29:3:0.25%减阻水,
2176,0.25%减阻水@时间窗 W003,持续时间,17分钟40秒,E00926,,fluid_usage:红页L1HF:29:3:0.25%减阻水,
2177,0.25%减阻水@时间窗 W003,泵压特征,"施工泵压变化 起47.64→止65.62，变化17.98，均值65.6882，范围[47.64, 86.14]",E00926,E00927,fluid_usage:红页L1HF:29:3:0.25%减阻水,pressure_feature:红页L1HF:29:3
2178,0.25%减阻水@时间窗 W003,排量特征,"排量变化 起2.85→止24.05，变化21.2，均值15.8227，范围[2.85, 24.05]",E00926,E00928,fluid_usage:红页L1HF:29:3:0.25%减阻水,flow_feature:红页L1HF:29:3
2179,0.25%减阻水@时间窗 W003,砂比特征,砂比变化：0,E00926,E00929,fluid_usage:红页L1HF:29:3:0.25%减阻水,sand_feature:红页L1HF:29:3
2180,时间窗 W003,施工特征,"施工泵压变化 起47.64→止65.62，变化17.98，均值65.6882，范围[47.64, 86.14]",E00925,E00927,time_window:红页L1HF:29:3,pressure_feature:红页L1HF:29:3
2181,时间窗 W003,施工特征,"排量变化 起2.85→止24.05，变化21.2，均值15.8227，范围[2.85, 24.05]",E00925,E00928,time_window:红页L1HF:29:3,flow_feature:红页L1HF:29:3
2182,时间窗 W003,砂比特征,砂比变化：0,E00925,E00929,time_window:红页L1HF:29:3,sand_feature:红页L1HF:29:3
2183,段 29,包含时间窗,时间窗 W004,E00914,E00930,segment:红页L1HF:29,time_window:红页L1HF:29:4
2184,时间窗 W004,采用液型,0.18%减阻水@时间窗 W004,E00930,E00931,time_window:红页L1HF:29:4,fluid_usage:红页L1HF:29:4:0.18%减阻水
2185,0.18%减阻水@时间窗 W004,液型类别,液型 0.18%减阻水,E00931,E00033,fluid_usage:红页L1HF:29:4:0.18%减阻水,fluid_type:0.18%减阻水
2186,0.18%减阻水@时间窗 W004,开始时间,2024-01-19 09:05:20,E00931,,fluid_usage:红页L1HF:29:4:0.18%减阻水,
2187,0.18%减阻水@时间窗 W004,结束时间,2024-01-19 09:07:50,E00931,,fluid_usage:红页L1HF:29:4:0.18%减阻水,
2188,0.18%减阻水@时间窗 W004,持续时间,2分钟30秒,E00931,,fluid_usage:红页L1HF:29:4:0.18%减阻水,
2189,0.18%减阻水@时间窗 W004,泵压特征,"施工泵压变化 起65.63→止66.98，变化1.35，均值66.0506，范围[65.61, 66.98]",E00931,E00932,fluid_usage:红页L1HF:29:4:0.18%减阻水,pressure_feature:红页L1HF:29:4
2190,0.18%减阻水@时间窗 W004,排量特征,"排量变化 起24.05→止24.05，变化0，均值24.05，范围[24.05, 24.05]",E00931,E00933,fluid_usage:红页L1HF:29:4:0.18%减阻水,flow_feature:红页L1HF:29:4
2191,0.18%减阻水@时间窗 W004,砂比特征,"砂比变化 起1.2→止6.2，变化5，均值5.7812，范围[1.2, 6.9]",E00931,E00934,fluid_usage:红页L1HF:29:4:0.18%减阻水,sand_feature:红页L1HF:29:4
2192,时间窗 W004,施工特征,"施工泵压变化 起65.63→止66.98，变化1.35，均值66.0506，范围[65.61, 66.98]",E00930,E00932,time_window:红页L1HF:29:4,pressure_feature:红页L1HF:29:4
2193,时间窗 W004,施工特征,"排量变化 起24.05→止24.05，变化0，均值24.05，范围[24.05, 24.05]",E00930,E00933,time_window:红页L1HF:29:4,flow_feature:红页L1HF:29:4
2194,时间窗 W004,砂比特征,"砂比变化 起1.2→止6.2，变化5，均值5.7812，范围[1.2, 6.9]",E00930,E00934,time_window:红页L1HF:29:4,sand_feature:红页L1HF:29:4
2195,段 29,包含时间窗,时间窗 W005,E00914,E00935,segment:红页L1HF:29,time_window:红页L1HF:29:5
2196,时间窗 W005,采用液型,0.12%减阻水@时间窗 W005,E00935,E00936,time_window:红页L1HF:29:5,fluid_usage:红页L1HF:29:5:0.12%减阻水
2197,0.12%减阻水@时间窗 W005,液型类别,液型 0.12%减阻水,E00936,E00010,fluid_usage:红页L1HF:29:5:0.12%减阻水,fluid_type:0.12%减阻水
2198,0.12%减阻水@时间窗 W005,开始时间,2024-01-19 09:08:00,E00936,,fluid_usage:红页L1HF:29:5:0.12%减阻水,
2199,0.12%减阻水@时间窗 W005,结束时间,2024-01-19 09:47:00,E00936,,fluid_usage:红页L1HF:29:5:0.12%减阻水,
2200,0.12%减阻水@时间窗 W005,持续时间,39分钟,E00936,,fluid_usage:红页L1HF:29:5:0.12%减阻水,
2201,0.12%减阻水@时间窗 W005,泵压特征,"施工泵压变化 起67.04→止67.13，变化0.09，均值66.6173，范围[60.87, 68.07]",E00936,E00937,fluid_usage:红页L1HF:29:5:0.12%减阻水,pressure_feature:红页L1HF:29:5
2202,0.12%减阻水@时间窗 W005,排量特征,"排量变化 起24.05→止24.05，变化0，均值24.0501，范围[24.05, 24.07]",E00936,E00938,fluid_usage:红页L1HF:29:5:0.12%减阻水,flow_feature:红页L1HF:29:5
2203,0.12%减阻水@时间窗 W005,砂比特征,"砂比变化 起7→止11.2，变化4.2，均值9.5807，范围[0.1, 12.1]",E00936,E00939,fluid_usage:红页L1HF:29:5:0.12%减阻水,sand_feature:红页L1HF:29:5
2204,时间窗 W005,施工特征,"施工泵压变化 起67.04→止67.13，变化0.09，均值66.6173，范围[60.87, 68.07]",E00935,E00937,time_window:红页L1HF:29:5,pressure_feature:红页L1HF:29:5
2205,时间窗 W005,施工特征,"排量变化 起24.05→止24.05，变化0，均值24.0501，范围[24.05, 24.07]",E00935,E00938,time_window:红页L1HF:29:5,flow_feature:红页L1HF:29:5
2206,时间窗 W005,砂比特征,"砂比变化 起7→止11.2，变化4.2，均值9.5807，范围[0.1, 12.1]",E00935,E00939,time_window:红页L1HF:29:5,sand_feature:红页L1HF:29:5
2207,段 29,包含时间窗,时间窗 W006,E00914,E00940,segment:红页L1HF:29,time_window:红页L1HF:29:6
2208,时间窗 W006,采用液型,0.18%减阻水@时间窗 W006,E00940,E00941,time_window:红页L1HF:29:6,fluid_usage:红页L1HF:29:6:0.18%减阻水
2209,0.18%减阻水@时间窗 W006,液型类别,液型 0.18%减阻水,E00941,E00033,fluid_usage:红页L1HF:29:6:0.18%减阻水,fluid_type:0.18%减阻水
2210,0.18%减阻水@时间窗 W006,开始时间,2024-01-19 09:47:20,E00941,,fluid_usage:红页L1HF:29:6:0.18%减阻水,
2211,0.18%减阻水@时间窗 W006,结束时间,2024-01-19 09:50:30,E00941,,fluid_usage:红页L1HF:29:6:0.18%减阻水,
2212,0.18%减阻水@时间窗 W006,持续时间,3分钟10秒,E00941,,fluid_usage:红页L1HF:29:6:0.18%减阻水,
2213,0.18%减阻水@时间窗 W006,泵压特征,"施工泵压变化 起66.96→止66.44，变化-0.52，均值66.53，范围[66.41, 66.96]",E00941,E00942,fluid_usage:红页L1HF:29:6:0.18%减阻水,pressure_feature:红页L1HF:29:6
2214,0.18%减阻水@时间窗 W006,排量特征,"排量变化 起24.05→止24.05，变化0，均值24.05，范围[24.05, 24.05]",E00941,E00943,fluid_usage:红页L1HF:29:6:0.18%减阻水,flow_feature:红页L1HF:29:6
2215,0.18%减阻水@时间窗 W006,砂比特征,"砂比变化 起12.1→止2.6，变化-9.5，均值12.005，范围[2.6, 13]",E00941,E00944,fluid_usage:红页L1HF:29:6:0.18%减阻水,sand_feature:红页L1HF:29:6
2216,时间窗 W006,施工特征,"施工泵压变化 起66.96→止66.44，变化-0.52，均值66.53，范围[66.41, 66.96]",E00940,E00942,time_window:红页L1HF:29:6,pressure_feature:红页L1HF:29:6
2217,时间窗 W006,施工特征,"排量变化 起24.05→止24.05，变化0，均值24.05，范围[24.05, 24.05]",E00940,E00943,time_window:红页L1HF:29:6,flow_feature:红页L1HF:29:6
2218,时间窗 W006,砂比特征,"砂比变化 起12.1→止2.6，变化-9.5，均值12.005，范围[2.6, 13]",E00940,E00944,time_window:红页L1HF:29:6,sand_feature:红页L1HF:29:6
2219,段 29,包含时间窗,时间窗 W007,E00914,E00945,segment:红页L1HF:29,time_window:红页L1HF:29:7
2220,时间窗 W007,采用液型,0.12%减阻水@时间窗 W007,E00945,E00946,time_window:红页L1HF:29:7,fluid_usage:红页L1HF:29:7:0.12%减阻水
2221,0.12%减阻水@时间窗 W007,液型类别,液型 0.12%减阻水,E00946,E00010,fluid_usage:红页L1HF:29:7:0.12%减阻水,fluid_type:0.12%减阻水
2222,0.12%减阻水@时间窗 W007,开始时间,2024-01-19 09:54:00,E00946,,fluid_usage:红页L1HF:29:7:0.12%减阻水,
2223,0.12%减阻水@时间窗 W007,结束时间,2024-01-19 10:29:10,E00946,,fluid_usage:红页L1HF:29:7:0.12%减阻水,
2224,0.12%减阻水@时间窗 W007,持续时间,35分钟10秒,E00946,,fluid_usage:红页L1HF:29:7:0.12%减阻水,
2225,0.12%减阻水@时间窗 W007,泵压特征,"施工泵压变化 起58.71→止67.32，变化8.61，均值65.7384，范围[58.34, 67.51]",E00946,E00947,fluid_usage:红页L1HF:29:7:0.12%减阻水,pressure_feature:红页L1HF:29:7
2226,0.12%减阻水@时间窗 W007,排量特征,"排量变化 起20.08→止24.04，变化3.96，均值23.7389，范围[20.07, 24.06]",E00946,E00948,fluid_usage:红页L1HF:29:7:0.12%减阻水,flow_feature:红页L1HF:29:7
2227,0.12%减阻水@时间窗 W007,砂比特征,"砂比变化 起5.4→止10.7，变化5.3，均值9.8255，范围[0.6, 12.2]",E00946,E00949,fluid_usage:红页L1HF:29:7:0.12%减阻水,sand_feature:红页L1HF:29:7
2228,时间窗 W007,施工特征,"施工泵压变化 起58.71→止67.32，变化8.61，均值65.7384，范围[58.34, 67.51]",E00945,E00947,time_window:红页L1HF:29:7,pressure_feature:红页L1HF:29:7
2229,时间窗 W007,施工特征,"排量变化 起20.08→止24.04，变化3.96，均值23.7389，范围[20.07, 24.06]",E00945,E00948,time_window:红页L1HF:29:7,flow_feature:红页L1HF:29:7
2230,时间窗 W007,砂比特征,"砂比变化 起5.4→止10.7，变化5.3，均值9.8255，范围[0.6, 12.2]",E00945,E00949,time_window:红页L1HF:29:7,sand_feature:红页L1HF:29:7
2231,段 29,包含时间窗,时间窗 W008,E00914,E00950,segment:红页L1HF:29,time_window:红页L1HF:29:8
2232,时间窗 W008,采用液型,0.25%减阻水@时间窗 W008,E00950,E00951,time_window:红页L1HF:29:8,fluid_usage:红页L1HF:29:8:0.25%减阻水
2233,0.25%减阻水@时间窗 W008,液型类别,液型 0.25%减阻水,E00951,E00022,fluid_usage:红页L1HF:29:8:0.25%减阻水,fluid_type:0.25%减阻水
2234,0.25%减阻水@时间窗 W008,开始时间,2024-01-19 10:29:20,E00951,,fluid_usage:红页L1HF:29:8:0.25%减阻水,
2235,0.25%减阻水@时间窗 W008,结束时间,2024-01-19 10:37:30,E00951,,fluid_usage:红页L1HF:29:8:0.25%减阻水,
2236,0.25%减阻水@时间窗 W008,持续时间,8分钟10秒,E00951,,fluid_usage:红页L1HF:29:8:0.25%减阻水,
2237,0.25%减阻水@时间窗 W008,泵压特征,"施工泵压变化 起67.28→止66.63，变化-0.65，均值67.1686，范围[66.63, 67.46]",E00951,E00952,fluid_usage:红页L1HF:29:8:0.25%减阻水,pressure_feature:红页L1HF:29:8
2238,0.25%减阻水@时间窗 W008,排量特征,"排量变化 起24.04→止24.04，变化0，均值24.04，范围[24.04, 24.04]",E00951,E00953,fluid_usage:红页L1HF:29:8:0.25%减阻水,flow_feature:红页L1HF:29:8
2239,0.25%减阻水@时间窗 W008,砂比特征,"砂比变化 起11.3→止1.7，变化-9.6，均值12.3725，范围[1.7, 13]",E00951,E00954,fluid_usage:红页L1HF:29:8:0.25%减阻水,sand_feature:红页L1HF:29:8
2240,时间窗 W008,施工特征,"施工泵压变化 起67.28→止66.63，变化-0.65，均值67.1686，范围[66.63, 67.46]",E00950,E00952,time_window:红页L1HF:29:8,pressure_feature:红页L1HF:29:8
2241,时间窗 W008,施工特征,"排量变化 起24.04→止24.04，变化0，均值24.04，范围[24.04, 24.04]",E00950,E00953,time_window:红页L1HF:29:8,flow_feature:红页L1HF:29:8
2242,时间窗 W008,砂比特征,"砂比变化 起11.3→止1.7，变化-9.6，均值12.3725，范围[1.7, 13]",E00950,E00954,time_window:红页L1HF:29:8,sand_feature:红页L1HF:29:8
2243,段 29,包含时间窗,时间窗 W009,E00914,E00955,segment:红页L1HF:29,time_window:红页L1HF:29:9
2244,时间窗 W009,采用液型,0.12%减阻水@时间窗 W009,E00955,E00956,time_window:红页L1HF:29:9,fluid_usage:红页L1HF:29:9:0.12%减阻水
2245,0.12%减阻水@时间窗 W009,液型类别,液型 0.12%减阻水,E00956,E00010,fluid_usage:红页L1HF:29:9:0.12%减阻水,fluid_type:0.12%减阻水
2246,0.12%减阻水@时间窗 W009,开始时间,2024-01-19 10:37:40,E00956,,fluid_usage:红页L1HF:29:9:0.12%减阻水,
2247,0.12%减阻水@时间窗 W009,结束时间,2024-01-19 11:07:00,E00956,,fluid_usage:红页L1HF:29:9:0.12%减阻水,
2248,0.12%减阻水@时间窗 W009,持续时间,29分钟20秒,E00956,,fluid_usage:红页L1HF:29:9:0.12%减阻水,
2249,0.12%减阻水@时间窗 W009,泵压特征,"施工泵压变化 起66.45→止0.13，变化-66.32，均值42.3097，范围[0.13, 66.45]",E00956,E00957,fluid_usage:红页L1HF:29:9:0.12%减阻水,pressure_feature:红页L1HF:29:9
2250,0.12%减阻水@时间窗 W009,排量特征,"排量变化 起24.04→止0，变化-24.04，均值1.4113，范围[0, 24.04]",E00956,E00958,fluid_usage:红页L1HF:29:9:0.12%减阻水,flow_feature:红页L1HF:29:9
2251,0.12%减阻水@时间窗 W009,砂比特征,砂比变化：0,E00956,E00959,fluid_usage:红页L1HF:29:9:0.12%减阻水,sand_feature:红页L1HF:29:9
2252,时间窗 W009,施工特征,"施工泵压变化 起66.45→止0.13，变化-66.32，均值42.3097，范围[0.13, 66.45]",E00955,E00957,time_window:红页L1HF:29:9,pressure_feature:红页L1HF:29:9
2253,时间窗 W009,施工特征,"排量变化 起24.04→止0，变化-24.04，均值1.4113，范围[0, 24.04]",E00955,E00958,time_window:红页L1HF:29:9,flow_feature:红页L1HF:29:9
2254,时间窗 W009,砂比特征,砂比变化：0,E00955,E00959,time_window:红页L1HF:29:9,sand_feature:红页L1HF:29:9
2255,井 红页L1HF,包含段,段 3,E00001,E00960,well:红页L1HF,segment:红页L1HF:3
2256,段 3,包含时间窗,时间窗 W001,E00960,E00961,segment:红页L1HF:3,time_window:红页L1HF:3:1
2257,时间窗 W001,采用液型,0.12%减阻水@时间窗 W001,E00961,E00962,time_window:红页L1HF:3:1,fluid_usage:红页L1HF:3:1:0.12%减阻水
2258,0.12%减阻水@时间窗 W001,液型类别,液型 0.12%减阻水,E00962,E00010,fluid_usage:红页L1HF:3:1:0.12%减阻水,fluid_type:0.12%减阻水
2259,0.12%减阻水@时间窗 W001,开始时间,2024-01-05 16:37:30,E00962,,fluid_usage:红页L1HF:3:1:0.12%减阻水,
2260,0.12%减阻水@时间窗 W001,结束时间,2024-01-05 16:43:40,E00962,,fluid_usage:红页L1HF:3:1:0.12%减阻水,
2261,0.12%减阻水@时间窗 W001,持续时间,6分钟10秒,E00962,,fluid_usage:红页L1HF:3:1:0.12%减阻水,
2262,0.12%减阻水@时间窗 W001,泵压特征,"施工泵压变化 起12.54→止38.58，变化26.04，均值33.4714，范围[12.54, 38.58]",E00962,E00963,fluid_usage:红页L1HF:3:1:0.12%减阻水,pressure_feature:红页L1HF:3:1
2263,0.12%减阻水@时间窗 W001,排量特征,"排量变化 起0→止1.84，变化1.84，均值1.6003，范围[0, 1.84]",E00962,E00964,fluid_usage:红页L1HF:3:1:0.12%减阻水,flow_feature:红页L1HF:3:1
2264,0.12%减阻水@时间窗 W001,砂比特征,砂比变化：0,E00962,E00965,fluid_usage:红页L1HF:3:1:0.12%减阻水,sand_feature:红页L1HF:3:1
2265,时间窗 W001,施工特征,"施工泵压变化 起12.54→止38.58，变化26.04，均值33.4714，范围[12.54, 38.58]",E00961,E00963,time_window:红页L1HF:3:1,pressure_feature:红页L1HF:3:1
2266,时间窗 W001,施工特征,"排量变化 起0→止1.84，变化1.84，均值1.6003，范围[0, 1.84]",E00961,E00964,time_window:红页L1HF:3:1,flow_feature:红页L1HF:3:1
2267,时间窗 W001,砂比特征,砂比变化：0,E00961,E00965,time_window:红页L1HF:3:1,sand_feature:红页L1HF:3:1
2268,段 3,包含时间窗,时间窗 W002,E00960,E00966,segment:红页L1HF:3,time_window:红页L1HF:3:2
2269,时间窗 W002,采用液型,15%HCl@时间窗 W002,E00966,E00967,time_window:红页L1HF:3:2,fluid_usage:红页L1HF:3:2:15%HCl
2270,15%HCl@时间窗 W002,液型类别,液型 15%HCl,E00967,E00016,fluid_usage:红页L1HF:3:2:15%HCl,fluid_type:15%HCl
2271,15%HCl@时间窗 W002,开始时间,2024-01-05 16:43:50,E00967,,fluid_usage:红页L1HF:3:2:15%HCl,
2272,15%HCl@时间窗 W002,结束时间,2024-01-05 16:54:40,E00967,,fluid_usage:红页L1HF:3:2:15%HCl,
2273,15%HCl@时间窗 W002,持续时间,10分钟50秒,E00967,,fluid_usage:红页L1HF:3:2:15%HCl,
2274,15%HCl@时间窗 W002,泵压特征,"施工泵压变化 起38.62→止38.52，变化-0.1，均值38.7586，范围[38.52, 39.04]",E00967,E00968,fluid_usage:红页L1HF:3:2:15%HCl,pressure_feature:红页L1HF:3:2
2275,15%HCl@时间窗 W002,排量特征,"排量变化 起1.84→止1.84，变化0，均值1.84，范围[1.84, 1.84]",E00967,E00969,fluid_usage:红页L1HF:3:2:15%HCl,flow_feature:红页L1HF:3:2
2276,15%HCl@时间窗 W002,砂比特征,砂比变化：0,E00967,E00970,fluid_usage:红页L1HF:3:2:15%HCl,sand_feature:红页L1HF:3:2
2277,时间窗 W002,施工特征,"施工泵压变化 起38.62→止38.52，变化-0.1，均值38.7586，范围[38.52, 39.04]",E00966,E00968,time_window:红页L1HF:3:2,pressure_feature:红页L1HF:3:2
2278,时间窗 W002,施工特征,"排量变化 起1.84→止1.84，变化0，均值1.84，范围[1.84, 1.84]",E00966,E00969,time_window:红页L1HF:3:2,flow_feature:红页L1HF:3:2
2279,时间窗 W002,砂比特征,砂比变化：0,E00966,E00970,time_window:红页L1HF:3:2,sand_feature:红页L1HF:3:2
2280,段 3,包含时间窗,时间窗 W003,E00960,E00971,segment:红页L1HF:3,time_window:红页L1HF:3:3
2281,时间窗 W003,采用液型,0.25%减阻水@时间窗 W003,E00971,E00972,time_window:红页L1HF:3:3,fluid_usage:红页L1HF:3:3:0.25%减阻水
2282,0.25%减阻水@时间窗 W003,液型类别,液型 0.25%减阻水,E00972,E00022,fluid_usage:红页L1HF:3:3:0.25%减阻水,fluid_type:0.25%减阻水
2283,0.25%减阻水@时间窗 W003,开始时间,2024-01-05 16:54:50,E00972,,fluid_usage:红页L1HF:3:3:0.25%减阻水,
2284,0.25%减阻水@时间窗 W003,结束时间,2024-01-05 17:16:10,E00972,,fluid_usage:红页L1HF:3:3:0.25%减阻水,
2285,0.25%减阻水@时间窗 W003,持续时间,21分钟20秒,E00972,,fluid_usage:红页L1HF:3:3:0.25%减阻水,
2286,0.25%减阻水@时间窗 W003,泵压特征,"施工泵压变化 起38.52→止68.54，变化30.02，均值61.5229，范围[38.52, 91.19]",E00972,E00973,fluid_usage:红页L1HF:3:3:0.25%减阻水,pressure_feature:红页L1HF:3:3
2287,0.25%减阻水@时间窗 W003,排量特征,"排量变化 起1.85→止24，变化22.15，均值10.8881，范围[1.85, 24.19]",E00972,E00974,fluid_usage:红页L1HF:3:3:0.25%减阻水,flow_feature:红页L1HF:3:3
2288,0.25%减阻水@时间窗 W003,砂比特征,"砂比变化 起1.6→止5.1，变化3.5，均值4.7833，范围[1.6, 5.3]",E00972,E00975,fluid_usage:红页L1HF:3:3:0.25%减阻水,sand_feature:红页L1HF:3:3
2289,时间窗 W003,施工特征,"施工泵压变化 起38.52→止68.54，变化30.02，均值61.5229，范围[38.52, 91.19]",E00971,E00973,time_window:红页L1HF:3:3,pressure_feature:红页L1HF:3:3
2290,时间窗 W003,施工特征,"排量变化 起1.85→止24，变化22.15，均值10.8881，范围[1.85, 24.19]",E00971,E00974,time_window:红页L1HF:3:3,flow_feature:红页L1HF:3:3
2291,时间窗 W003,砂比特征,"砂比变化 起1.6→止5.1，变化3.5，均值4.7833，范围[1.6, 5.3]",E00971,E00975,time_window:红页L1HF:3:3,sand_feature:红页L1HF:3:3
2292,段 3,包含时间窗,时间窗 W004,E00960,E00976,segment:红页L1HF:3,time_window:红页L1HF:3:4
2293,时间窗 W004,采用液型,0.12%减阻水@时间窗 W004,E00976,E00977,time_window:红页L1HF:3:4,fluid_usage:红页L1HF:3:4:0.12%减阻水
2294,0.12%减阻水@时间窗 W004,液型类别,液型 0.12%减阻水,E00977,E00010,fluid_usage:红页L1HF:3:4:0.12%减阻水,fluid_type:0.12%减阻水
2295,0.12%减阻水@时间窗 W004,开始时间,2024-01-05 17:16:11,E00977,,fluid_usage:红页L1HF:3:4:0.12%减阻水,
2296,0.12%减阻水@时间窗 W004,结束时间,2024-01-05 17:58:40,E00977,,fluid_usage:红页L1HF:3:4:0.12%减阻水,
2297,0.12%减阻水@时间窗 W004,持续时间,42分钟29秒,E00977,,fluid_usage:红页L1HF:3:4:0.12%减阻水,
2298,0.12%减阻水@时间窗 W004,泵压特征,"施工泵压变化 起68.59→止80.76，变化12.17，均值71.8177，范围[45.99, 82.88]",E00977,E00978,fluid_usage:红页L1HF:3:4:0.12%减阻水,pressure_feature:红页L1HF:3:4
2299,0.12%减阻水@时间窗 W004,排量特征,"排量变化 起24→止24，变化0，均值22.2617，范围[11.94, 24.16]",E00977,E00979,fluid_usage:红页L1HF:3:4:0.12%减阻水,flow_feature:红页L1HF:3:4
2300,0.12%减阻水@时间窗 W004,砂比特征,"砂比变化 起5.1→止10.1，变化5，均值7.154，范围[0.6, 10.1]",E00977,E00980,fluid_usage:红页L1HF:3:4:0.12%减阻水,sand_feature:红页L1HF:3:4
2301,时间窗 W004,施工特征,"施工泵压变化 起68.59→止80.76，变化12.17，均值71.8177，范围[45.99, 82.88]",E00976,E00978,time_window:红页L1HF:3:4,pressure_feature:红页L1HF:3:4
2302,时间窗 W004,施工特征,"排量变化 起24→止24，变化0，均值22.2617，范围[11.94, 24.16]",E00976,E00979,time_window:红页L1HF:3:4,flow_feature:红页L1HF:3:4
2303,时间窗 W004,砂比特征,"砂比变化 起5.1→止10.1，变化5，均值7.154，范围[0.6, 10.1]",E00976,E00980,time_window:红页L1HF:3:4,sand_feature:红页L1HF:3:4
2304,段 3,包含时间窗,时间窗 W005,E00960,E00981,segment:红页L1HF:3,time_window:红页L1HF:3:5
2305,时间窗 W005,采用液型,0.18%减阻水@时间窗 W005,E00981,E00982,time_window:红页L1HF:3:5,fluid_usage:红页L1HF:3:5:0.18%减阻水
2306,0.18%减阻水@时间窗 W005,液型类别,液型 0.18%减阻水,E00982,E00033,fluid_usage:红页L1HF:3:5:0.18%减阻水,fluid_type:0.18%减阻水
2307,0.18%减阻水@时间窗 W005,开始时间,2024-01-05 17:58:50,E00982,,fluid_usage:红页L1HF:3:5:0.18%减阻水,
2308,0.18%减阻水@时间窗 W005,结束时间,2024-01-05 18:17:30,E00982,,fluid_usage:红页L1HF:3:5:0.18%减阻水,
2309,0.18%减阻水@时间窗 W005,持续时间,18分钟40秒,E00982,,fluid_usage:红页L1HF:3:5:0.18%减阻水,
2310,0.18%减阻水@时间窗 W005,泵压特征,"施工泵压变化 起80.54→止73.52，变化-7.02，均值79.0173，范围[73.47, 80.54]",E00982,E00983,fluid_usage:红页L1HF:3:5:0.18%减阻水,pressure_feature:红页L1HF:3:5
2311,0.18%减阻水@时间窗 W005,排量特征,"排量变化 起24→止24.01，变化0.01，均值24.0004，范围[24, 24.01]",E00982,E00984,fluid_usage:红页L1HF:3:5:0.18%减阻水,flow_feature:红页L1HF:3:5
2312,0.18%减阻水@时间窗 W005,砂比特征,"砂比变化 起10.1→止10.2，变化0.1，均值10.8728，范围[0.7, 12.8]",E00982,E00985,fluid_usage:红页L1HF:3:5:0.18%减阻水,sand_feature:红页L1HF:3:5
2313,时间窗 W005,施工特征,"施工泵压变化 起80.54→止73.52，变化-7.02，均值79.0173，范围[73.47, 80.54]",E00981,E00983,time_window:红页L1HF:3:5,pressure_feature:红页L1HF:3:5
2314,时间窗 W005,施工特征,"排量变化 起24→止24.01，变化0.01，均值24.0004，范围[24, 24.01]",E00981,E00984,time_window:红页L1HF:3:5,flow_feature:红页L1HF:3:5
2315,时间窗 W005,砂比特征,"砂比变化 起10.1→止10.2，变化0.1，均值10.8728，范围[0.7, 12.8]",E00981,E00985,time_window:红页L1HF:3:5,sand_feature:红页L1HF:3:5
2316,段 3,包含时间窗,时间窗 W006,E00960,E00986,segment:红页L1HF:3,time_window:红页L1HF:3:6
2317,时间窗 W006,采用液型,0.12%减阻水@时间窗 W006,E00986,E00987,time_window:红页L1HF:3:6,fluid_usage:红页L1HF:3:6:0.12%减阻水
2318,0.12%减阻水@时间窗 W006,液型类别,液型 0.12%减阻水,E00987,E00010,fluid_usage:红页L1HF:3:6:0.12%减阻水,fluid_type:0.12%减阻水
2319,0.12%减阻水@时间窗 W006,开始时间,2024-01-05 18:18:00,E00987,,fluid_usage:红页L1HF:3:6:0.12%减阻水,
2320,0.12%减阻水@时间窗 W006,结束时间,2024-01-05 18:27:50,E00987,,fluid_usage:红页L1HF:3:6:0.12%减阻水,
2321,0.12%减阻水@时间窗 W006,持续时间,9分钟50秒,E00987,,fluid_usage:红页L1HF:3:6:0.12%减阻水,
2322,0.12%减阻水@时间窗 W006,泵压特征,"施工泵压变化 起73.82→止77.26，变化3.44，均值77.3839，范围[73.82, 78.48]",E00987,E00988,fluid_usage:红页L1HF:3:6:0.12%减阻水,pressure_feature:红页L1HF:3:6
2323,0.12%减阻水@时间窗 W006,排量特征,"排量变化 起24→止24.01，变化0.01，均值24.001，范围[24, 24.01]",E00987,E00989,fluid_usage:红页L1HF:3:6:0.12%减阻水,flow_feature:红页L1HF:3:6
2324,0.12%减阻水@时间窗 W006,砂比特征,"砂比变化 起10→止5.6，变化-4.4，均值11.5574，范围[5.6, 13]",E00987,E00990,fluid_usage:红页L1HF:3:6:0.12%减阻水,sand_feature:红页L1HF:3:6
2325,时间窗 W006,施工特征,"施工泵压变化 起73.82→止77.26，变化3.44，均值77.3839，范围[73.82, 78.48]",E00986,E00988,time_window:红页L1HF:3:6,pressure_feature:红页L1HF:3:6
2326,时间窗 W006,施工特征,"排量变化 起24→止24.01，变化0.01，均值24.001，范围[24, 24.01]",E00986,E00989,time_window:红页L1HF:3:6,flow_feature:红页L1HF:3:6
2327,时间窗 W006,砂比特征,"砂比变化 起10→止5.6，变化-4.4，均值11.5574，范围[5.6, 13]",E00986,E00990,time_window:红页L1HF:3:6,sand_feature:红页L1HF:3:6
2328,段 3,包含时间窗,时间窗 W007,E00960,E00991,segment:红页L1HF:3,time_window:红页L1HF:3:7
2329,时间窗 W007,采用液型,0.25%减阻水@时间窗 W007,E00991,E00992,time_window:红页L1HF:3:7,fluid_usage:红页L1HF:3:7:0.25%减阻水
2330,0.25%减阻水@时间窗 W007,液型类别,液型 0.25%减阻水,E00992,E00022,fluid_usage:红页L1HF:3:7:0.25%减阻水,fluid_type:0.25%减阻水
2331,0.25%减阻水@时间窗 W007,开始时间,2024-01-05 18:28:00,E00992,,fluid_usage:红页L1HF:3:7:0.25%减阻水,
2332,0.25%减阻水@时间窗 W007,结束时间,2024-01-05 18:36:20,E00992,,fluid_usage:红页L1HF:3:7:0.25%减阻水,
2333,0.25%减阻水@时间窗 W007,持续时间,8分钟20秒,E00992,,fluid_usage:红页L1HF:3:7:0.25%减阻水,
2334,0.25%减阻水@时间窗 W007,泵压特征,"施工泵压变化 起77.2→止76.74，变化-0.46，均值76.7351，范围[72.56, 79.56]",E00992,E00993,fluid_usage:红页L1HF:3:7:0.25%减阻水,pressure_feature:红页L1HF:3:7
2335,0.25%减阻水@时间窗 W007,排量特征,"排量变化 起24→止24.01，变化0.01，均值24.0045，范围[24, 24.01]",E00992,E00994,fluid_usage:红页L1HF:3:7:0.25%减阻水,flow_feature:红页L1HF:3:7
2336,0.25%减阻水@时间窗 W007,砂比特征,"砂比变化 起11.4→止0.7，变化-10.7，均值11.3821，范围[0.2, 14]",E00992,E00995,fluid_usage:红页L1HF:3:7:0.25%减阻水,sand_feature:红页L1HF:3:7
2337,时间窗 W007,施工特征,"施工泵压变化 起77.2→止76.74，变化-0.46，均值76.7351，范围[72.56, 79.56]",E00991,E00993,time_window:红页L1HF:3:7,pressure_feature:红页L1HF:3:7
2338,时间窗 W007,施工特征,"排量变化 起24→止24.01，变化0.01，均值24.0045，范围[24, 24.01]",E00991,E00994,time_window:红页L1HF:3:7,flow_feature:红页L1HF:3:7
2339,时间窗 W007,砂比特征,"砂比变化 起11.4→止0.7，变化-10.7，均值11.3821，范围[0.2, 14]",E00991,E00995,time_window:红页L1HF:3:7,sand_feature:红页L1HF:3:7
2340,段 3,包含时间窗,时间窗 W008,E00960,E00996,segment:红页L1HF:3,time_window:红页L1HF:3:8
2341,时间窗 W008,采用液型,0.18%减阻水@时间窗 W008,E00996,E00997,time_window:红页L1HF:3:8,fluid_usage:红页L1HF:3:8:0.18%减阻水
2342,0.18%减阻水@时间窗 W008,液型类别,液型 0.18%减阻水,E00997,E00033,fluid_usage:红页L1HF:3:8:0.18%减阻水,fluid_type:0.18%减阻水
2343,0.18%减阻水@时间窗 W008,开始时间,2024-01-05 18:36:40,E00997,,fluid_usage:红页L1HF:3:8:0.18%减阻水,
2344,0.18%减阻水@时间窗 W008,结束时间,2024-01-05 18:37:10,E00997,,fluid_usage:红页L1HF:3:8:0.18%减阻水,
2345,0.18%减阻水@时间窗 W008,持续时间,30秒,E00997,,fluid_usage:红页L1HF:3:8:0.18%减阻水,
2346,0.18%减阻水@时间窗 W008,泵压特征,"施工泵压变化 起76.68→止76.73，变化0.05，均值76.6775，范围[76.65, 76.73]",E00997,E00998,fluid_usage:红页L1HF:3:8:0.18%减阻水,pressure_feature:红页L1HF:3:8
2347,0.18%减阻水@时间窗 W008,排量特征,"排量变化 起24.01→止24，变化-0.01，均值24.0025，范围[24, 24.01]",E00997,E00999,fluid_usage:红页L1HF:3:8:0.18%减阻水,flow_feature:红页L1HF:3:8
2348,0.18%减阻水@时间窗 W008,砂比特征,砂比变化：0,E00997,E01000,fluid_usage:红页L1HF:3:8:0.18%减阻水,sand_feature:红页L1HF:3:8
2349,时间窗 W008,施工特征,"施工泵压变化 起76.68→止76.73，变化0.05，均值76.6775，范围[76.65, 76.73]",E00996,E00998,time_window:红页L1HF:3:8,pressure_feature:红页L1HF:3:8
2350,时间窗 W008,施工特征,"排量变化 起24.01→止24，变化-0.01，均值24.0025，范围[24, 24.01]",E00996,E00999,time_window:红页L1HF:3:8,flow_feature:红页L1HF:3:8
2351,时间窗 W008,砂比特征,砂比变化：0,E00996,E01000,time_window:红页L1HF:3:8,sand_feature:红页L1HF:3:8
2352,段 3,包含时间窗,时间窗 W009,E00960,E01001,segment:红页L1HF:3,time_window:红页L1HF:3:9
2353,时间窗 W009,采用液型,0.12%减阻水@时间窗 W009,E01001,E01002,time_window:红页L1HF:3:9,fluid_usage:红页L1HF:3:9:0.12%减阻水
2354,0.12%减阻水@时间窗 W009,液型类别,液型 0.12%减阻水,E01002,E00010,fluid_usage:红页L1HF:3:9:0.12%减阻水,fluid_type:0.12%减阻水
2355,0.12%减阻水@时间窗 W009,开始时间,2024-01-05 18:37:20,E01002,,fluid_usage:红页L1HF:3:9:0.12%减阻水,
2356,0.12%减阻水@时间窗 W009,结束时间,2024-01-05 18:40:30,E01002,,fluid_usage:红页L1HF:3:9:0.12%减阻水,
2357,0.12%减阻水@时间窗 W009,持续时间,3分钟10秒,E01002,,fluid_usage:红页L1HF:3:9:0.12%减阻水,
2358,0.12%减阻水@时间窗 W009,泵压特征,"施工泵压变化 起76.75→止32.32，变化-44.43，均值67.8，范围[32.32, 76.75]",E01002,E01003,fluid_usage:红页L1HF:3:9:0.12%减阻水,pressure_feature:红页L1HF:3:9
2359,0.12%减阻水@时间窗 W009,排量特征,"排量变化 起24→止1.04，变化-22.96，均值19.9317，范围[1.04, 24.02]",E01002,E01004,fluid_usage:红页L1HF:3:9:0.12%减阻水,flow_feature:红页L1HF:3:9
2360,0.12%减阻水@时间窗 W009,砂比特征,砂比变化：0,E01002,E01005,fluid_usage:红页L1HF:3:9:0.12%减阻水,sand_feature:红页L1HF:3:9
2361,时间窗 W009,施工特征,"施工泵压变化 起76.75→止32.32，变化-44.43，均值67.8，范围[32.32, 76.75]",E01001,E01003,time_window:红页L1HF:3:9,pressure_feature:红页L1HF:3:9
2362,时间窗 W009,施工特征,"排量变化 起24→止1.04，变化-22.96，均值19.9317，范围[1.04, 24.02]",E01001,E01004,time_window:红页L1HF:3:9,flow_feature:红页L1HF:3:9
2363,时间窗 W009,砂比特征,砂比变化：0,E01001,E01005,time_window:红页L1HF:3:9,sand_feature:红页L1HF:3:9
2364,段 3,包含时间窗,时间窗 W010,E00960,E01006,segment:红页L1HF:3,time_window:红页L1HF:3:10
2365,时间窗 W010,采用液型,0@时间窗 W010,E01006,E01007,time_window:红页L1HF:3:10,fluid_usage:红页L1HF:3:10:0
2366,0@时间窗 W010,液型类别,液型 0,E01007,E00044,fluid_usage:红页L1HF:3:10:0,fluid_type:0
2367,0@时间窗 W010,开始时间,2024-01-05 18:40:50,E01007,,fluid_usage:红页L1HF:3:10:0,
2368,0@时间窗 W010,结束时间,2024-01-05 19:09:50,E01007,,fluid_usage:红页L1HF:3:10:0,
2369,0@时间窗 W010,持续时间,29分钟,E01007,,fluid_usage:红页L1HF:3:10:0,
2370,0@时间窗 W010,泵压特征,"施工泵压变化 起35.84→止0，变化-35.84，均值25.9739，范围[0, 35.84]",E01007,E01008,fluid_usage:红页L1HF:3:10:0,pressure_feature:红页L1HF:3:10
2371,0@时间窗 W010,排量特征,"排量变化 起0→止0，变化0，均值0，范围[0, 0]",E01007,E01009,fluid_usage:红页L1HF:3:10:0,flow_feature:红页L1HF:3:10
2372,0@时间窗 W010,砂比特征,砂比变化：0,E01007,E01010,fluid_usage:红页L1HF:3:10:0,sand_feature:红页L1HF:3:10
2373,时间窗 W010,施工特征,"施工泵压变化 起35.84→止0，变化-35.84，均值25.9739，范围[0, 35.84]",E01006,E01008,time_window:红页L1HF:3:10,pressure_feature:红页L1HF:3:10
2374,时间窗 W010,施工特征,"排量变化 起0→止0，变化0，均值0，范围[0, 0]",E01006,E01009,time_window:红页L1HF:3:10,flow_feature:红页L1HF:3:10
2375,时间窗 W010,砂比特征,砂比变化：0,E01006,E01010,time_window:红页L1HF:3:10,sand_feature:红页L1HF:3:10
2376,井 红页L1HF,包含段,段 30,E00001,E01011,well:红页L1HF,segment:红页L1HF:30
2377,段 30,包含时间窗,时间窗 W001,E01011,E01012,segment:红页L1HF:30,time_window:红页L1HF:30:1
2378,时间窗 W001,采用液型,0@时间窗 W001,E01012,E01013,time_window:红页L1HF:30:1,fluid_usage:红页L1HF:30:1:0
2379,0@时间窗 W001,液型类别,液型 0,E01013,E00044,fluid_usage:红页L1HF:30:1:0,fluid_type:0
2380,0@时间窗 W001,开始时间,2024-01-19 15:08:40,E01013,,fluid_usage:红页L1HF:30:1:0,
2381,0@时间窗 W001,结束时间,2024-01-19 15:08:40,E01013,,fluid_usage:红页L1HF:30:1:0,
2382,0@时间窗 W001,持续时间,0秒,E01013,,fluid_usage:红页L1HF:30:1:0,
2383,0@时间窗 W001,泵压特征,"施工泵压变化 起11.33→止11.33，变化0，均值11.33，范围[11.33, 11.33]",E01013,E01014,fluid_usage:红页L1HF:30:1:0,pressure_feature:红页L1HF:30:1
2384,0@时间窗 W001,排量特征,"排量变化 起0→止0，变化0，均值0，范围[0, 0]",E01013,E01015,fluid_usage:红页L1HF:30:1:0,flow_feature:红页L1HF:30:1
2385,0@时间窗 W001,砂比特征,砂比变化：0,E01013,E01016,fluid_usage:红页L1HF:30:1:0,sand_feature:红页L1HF:30:1
2386,时间窗 W001,施工特征,"施工泵压变化 起11.33→止11.33，变化0，均值11.33，范围[11.33, 11.33]",E01012,E01014,time_window:红页L1HF:30:1,pressure_feature:红页L1HF:30:1
2387,时间窗 W001,施工特征,"排量变化 起0→止0，变化0，均值0，范围[0, 0]",E01012,E01015,time_window:红页L1HF:30:1,flow_feature:红页L1HF:30:1
2388,时间窗 W001,砂比特征,砂比变化：0,E01012,E01016,time_window:红页L1HF:30:1,sand_feature:红页L1HF:30:1
2389,段 30,包含时间窗,时间窗 W002,E01011,E01017,segment:红页L1HF:30,time_window:红页L1HF:30:2
2390,时间窗 W002,采用液型,0.12%减阻水@时间窗 W002,E01017,E01018,time_window:红页L1HF:30:2,fluid_usage:红页L1HF:30:2:0.12%减阻水
2391,0.12%减阻水@时间窗 W002,液型类别,液型 0.12%减阻水,E01018,E00010,fluid_usage:红页L1HF:30:2:0.12%减阻水,fluid_type:0.12%减阻水
2392,0.12%减阻水@时间窗 W002,开始时间,2024-01-19 15:08:50,E01018,,fluid_usage:红页L1HF:30:2:0.12%减阻水,
2393,0.12%减阻水@时间窗 W002,结束时间,2024-01-19 15:11:40,E01018,,fluid_usage:红页L1HF:30:2:0.12%减阻水,
2394,0.12%减阻水@时间窗 W002,持续时间,2分钟50秒,E01018,,fluid_usage:红页L1HF:30:2:0.12%减阻水,
2395,0.12%减阻水@时间窗 W002,泵压特征,"施工泵压变化 起25.39→止34.35，变化8.96，均值30.9589，范围[25.39, 34.35]",E01018,E01019,fluid_usage:红页L1HF:30:2:0.12%减阻水,pressure_feature:红页L1HF:30:2
2396,0.12%减阻水@时间窗 W002,排量特征,"排量变化 起0.36→止2，变化1.64，均值1.7156，范围[0.36, 2]",E01018,E01020,fluid_usage:红页L1HF:30:2:0.12%减阻水,flow_feature:红页L1HF:30:2
2397,0.12%减阻水@时间窗 W002,砂比特征,砂比变化：0,E01018,E01021,fluid_usage:红页L1HF:30:2:0.12%减阻水,sand_feature:红页L1HF:30:2
2398,时间窗 W002,施工特征,"施工泵压变化 起25.39→止34.35，变化8.96，均值30.9589，范围[25.39, 34.35]",E01017,E01019,time_window:红页L1HF:30:2,pressure_feature:红页L1HF:30:2
2399,时间窗 W002,施工特征,"排量变化 起0.36→止2，变化1.64，均值1.7156，范围[0.36, 2]",E01017,E01020,time_window:红页L1HF:30:2,flow_feature:红页L1HF:30:2
2400,时间窗 W002,砂比特征,砂比变化：0,E01017,E01021,time_window:红页L1HF:30:2,sand_feature:红页L1HF:30:2
2401,段 30,包含时间窗,时间窗 W003,E01011,E01022,segment:红页L1HF:30,time_window:红页L1HF:30:3
2402,时间窗 W003,采用液型,15%HCl@时间窗 W003,E01022,E01023,time_window:红页L1HF:30:3,fluid_usage:红页L1HF:30:3:15%HCl
2403,15%HCl@时间窗 W003,液型类别,液型 15%HCl,E01023,E00016,fluid_usage:红页L1HF:30:3:15%HCl,fluid_type:15%HCl
2404,15%HCl@时间窗 W003,开始时间,2024-01-19 15:11:50,E01023,,fluid_usage:红页L1HF:30:3:15%HCl,
2405,15%HCl@时间窗 W003,结束时间,2024-01-19 15:16:40,E01023,,fluid_usage:红页L1HF:30:3:15%HCl,
2406,15%HCl@时间窗 W003,持续时间,4分钟50秒,E01023,,fluid_usage:红页L1HF:30:3:15%HCl,
2407,15%HCl@时间窗 W003,泵压特征,"施工泵压变化 起34.54→止38.45，变化3.91，均值36.808，范围[34.54, 38.45]",E01023,E01024,fluid_usage:红页L1HF:30:3:15%HCl,pressure_feature:红页L1HF:30:3
2408,15%HCl@时间窗 W003,排量特征,"排量变化 起2→止2，变化0，均值2，范围[2, 2]",E01023,E01025,fluid_usage:红页L1HF:30:3:15%HCl,flow_feature:红页L1HF:30:3
2409,15%HCl@时间窗 W003,砂比特征,砂比变化：0,E01023,E01026,fluid_usage:红页L1HF:30:3:15%HCl,sand_feature:红页L1HF:30:3
2410,时间窗 W003,施工特征,"施工泵压变化 起34.54→止38.45，变化3.91，均值36.808，范围[34.54, 38.45]",E01022,E01024,time_window:红页L1HF:30:3,pressure_feature:红页L1HF:30:3
2411,时间窗 W003,施工特征,"排量变化 起2→止2，变化0，均值2，范围[2, 2]",E01022,E01025,time_window:红页L1HF:30:3,flow_feature:红页L1HF:30:3
2412,时间窗 W003,砂比特征,砂比变化：0,E01022,E01026,time_window:红页L1HF:30:3,sand_feature:红页L1HF:30:3
2413,段 30,包含时间窗,时间窗 W004,E01011,E01027,segment:红页L1HF:30,time_window:红页L1HF:30:4
2414,时间窗 W004,采用液型,0.25%减阻水@时间窗 W004,E01027,E01028,time_window:红页L1HF:30:4,fluid_usage:红页L1HF:30:4:0.25%减阻水
2415,0.25%减阻水@时间窗 W004,液型类别,液型 0.25%减阻水,E01028,E00022,fluid_usage:红页L1HF:30:4:0.25%减阻水,fluid_type:0.25%减阻水
2416,0.25%减阻水@时间窗 W004,开始时间,2024-01-19 15:16:50,E01028,,fluid_usage:红页L1HF:30:4:0.25%减阻水,
2417,0.25%减阻水@时间窗 W004,结束时间,2024-01-19 15:38:20,E01028,,fluid_usage:红页L1HF:30:4:0.25%减阻水,
2418,0.25%减阻水@时间窗 W004,持续时间,21分钟30秒,E01028,,fluid_usage:红页L1HF:30:4:0.25%减阻水,
2419,0.25%减阻水@时间窗 W004,泵压特征,"施工泵压变化 起38.5→止65.17，变化26.67，均值62.9493，范围[38.5, 89]",E01028,E01029,fluid_usage:红页L1HF:30:4:0.25%减阻水,pressure_feature:红页L1HF:30:4
2420,0.25%减阻水@时间窗 W004,排量特征,"排量变化 起2→止24.08，变化22.08，均值14.0188，范围[2, 24.08]",E01028,E01030,fluid_usage:红页L1HF:30:4:0.25%减阻水,flow_feature:红页L1HF:30:4
2421,0.25%减阻水@时间窗 W004,砂比特征,砂比变化：0,E01028,E01031,fluid_usage:红页L1HF:30:4:0.25%减阻水,sand_feature:红页L1HF:30:4
2422,时间窗 W004,施工特征,"施工泵压变化 起38.5→止65.17，变化26.67，均值62.9493，范围[38.5, 89]",E01027,E01029,time_window:红页L1HF:30:4,pressure_feature:红页L1HF:30:4
2423,时间窗 W004,施工特征,"排量变化 起2→止24.08，变化22.08，均值14.0188，范围[2, 24.08]",E01027,E01030,time_window:红页L1HF:30:4,flow_feature:红页L1HF:30:4
2424,时间窗 W004,砂比特征,砂比变化：0,E01027,E01031,time_window:红页L1HF:30:4,sand_feature:红页L1HF:30:4
2425,段 30,包含时间窗,时间窗 W005,E01011,E01032,segment:红页L1HF:30,time_window:红页L1HF:30:5
2426,时间窗 W005,采用液型,0.18%减阻水@时间窗 W005,E01032,E01033,time_window:红页L1HF:30:5,fluid_usage:红页L1HF:30:5:0.18%减阻水
2427,0.18%减阻水@时间窗 W005,液型类别,液型 0.18%减阻水,E01033,E00033,fluid_usage:红页L1HF:30:5:0.18%减阻水,fluid_type:0.18%减阻水
2428,0.18%减阻水@时间窗 W005,开始时间,2024-01-19 15:38:30,E01033,,fluid_usage:红页L1HF:30:5:0.18%减阻水,
2429,0.18%减阻水@时间窗 W005,结束时间,2024-01-19 15:44:00,E01033,,fluid_usage:红页L1HF:30:5:0.18%减阻水,
2430,0.18%减阻水@时间窗 W005,持续时间,5分钟30秒,E01033,,fluid_usage:红页L1HF:30:5:0.18%减阻水,
2431,0.18%减阻水@时间窗 W005,泵压特征,"施工泵压变化 起65.19→止66.47，变化1.28，均值65.8653，范围[65.17, 66.47]",E01033,E01034,fluid_usage:红页L1HF:30:5:0.18%减阻水,pressure_feature:红页L1HF:30:5
2432,0.18%减阻水@时间窗 W005,排量特征,"排量变化 起24.08→止24.08，变化0，均值24.08，范围[24.08, 24.08]",E01033,E01035,fluid_usage:红页L1HF:30:5:0.18%减阻水,flow_feature:红页L1HF:30:5
2433,0.18%减阻水@时间窗 W005,砂比特征,"砂比变化 起0.5→止7.1，变化6.6，均值5.8735，范围[0.5, 7.2]",E01033,E01036,fluid_usage:红页L1HF:30:5:0.18%减阻水,sand_feature:红页L1HF:30:5
2434,时间窗 W005,施工特征,"施工泵压变化 起65.19→止66.47，变化1.28，均值65.8653，范围[65.17, 66.47]",E01032,E01034,time_window:红页L1HF:30:5,pressure_feature:红页L1HF:30:5
2435,时间窗 W005,施工特征,"排量变化 起24.08→止24.08，变化0，均值24.08，范围[24.08, 24.08]",E01032,E01035,time_window:红页L1HF:30:5,flow_feature:红页L1HF:30:5
2436,时间窗 W005,砂比特征,"砂比变化 起0.5→止7.1，变化6.6，均值5.8735，范围[0.5, 7.2]",E01032,E01036,time_window:红页L1HF:30:5,sand_feature:红页L1HF:30:5
2437,段 30,包含时间窗,时间窗 W006,E01011,E01037,segment:红页L1HF:30,time_window:红页L1HF:30:6
2438,时间窗 W006,采用液型,0.12%减阻水@时间窗 W006,E01037,E01038,time_window:红页L1HF:30:6,fluid_usage:红页L1HF:30:6:0.12%减阻水
2439,0.12%减阻水@时间窗 W006,液型类别,液型 0.12%减阻水,E01038,E00010,fluid_usage:红页L1HF:30:6:0.12%减阻水,fluid_type:0.12%减阻水
2440,0.12%减阻水@时间窗 W006,开始时间,2024-01-19 15:44:10,E01038,,fluid_usage:红页L1HF:30:6:0.12%减阻水,
2441,0.12%减阻水@时间窗 W006,结束时间,2024-01-19 16:13:40,E01038,,fluid_usage:红页L1HF:30:6:0.12%减阻水,
2442,0.12%减阻水@时间窗 W006,持续时间,29分钟30秒,E01038,,fluid_usage:红页L1HF:30:6:0.12%减阻水,
2443,0.12%减阻水@时间窗 W006,泵压特征,"施工泵压变化 起66.34→止67.24，变化0.9，均值66.5935，范围[62.97, 67.45]",E01038,E01039,fluid_usage:红页L1HF:30:6:0.12%减阻水,pressure_feature:红页L1HF:30:6
2444,0.12%减阻水@时间窗 W006,排量特征,"排量变化 起24.08→止24.08，变化0，均值24.08，范围[24.08, 24.08]",E01038,E01040,fluid_usage:红页L1HF:30:6:0.12%减阻水,flow_feature:红页L1HF:30:6
2445,0.12%减阻水@时间窗 W006,砂比特征,"砂比变化 起8.7→止10，变化1.3，均值9.3201，范围[0.1, 11]",E01038,E01041,fluid_usage:红页L1HF:30:6:0.12%减阻水,sand_feature:红页L1HF:30:6
2446,时间窗 W006,施工特征,"施工泵压变化 起66.34→止67.24，变化0.9，均值66.5935，范围[62.97, 67.45]",E01037,E01039,time_window:红页L1HF:30:6,pressure_feature:红页L1HF:30:6
2447,时间窗 W006,施工特征,"排量变化 起24.08→止24.08，变化0，均值24.08，范围[24.08, 24.08]",E01037,E01040,time_window:红页L1HF:30:6,flow_feature:红页L1HF:30:6
2448,时间窗 W006,砂比特征,"砂比变化 起8.7→止10，变化1.3，均值9.3201，范围[0.1, 11]",E01037,E01041,time_window:红页L1HF:30:6,sand_feature:红页L1HF:30:6
2449,段 30,包含时间窗,时间窗 W007,E01011,E01042,segment:红页L1HF:30,time_window:红页L1HF:30:7
2450,时间窗 W007,采用液型,0.18%减阻水@时间窗 W007,E01042,E01043,time_window:红页L1HF:30:7,fluid_usage:红页L1HF:30:7:0.18%减阻水
2451,0.18%减阻水@时间窗 W007,液型类别,液型 0.18%减阻水,E01043,E00033,fluid_usage:红页L1HF:30:7:0.18%减阻水,fluid_type:0.18%减阻水
2452,0.18%减阻水@时间窗 W007,开始时间,2024-01-19 16:13:50,E01043,,fluid_usage:红页L1HF:30:7:0.18%减阻水,
2453,0.18%减阻水@时间窗 W007,结束时间,2024-01-19 16:17:40,E01043,,fluid_usage:红页L1HF:30:7:0.18%减阻水,
2454,0.18%减阻水@时间窗 W007,持续时间,3分钟50秒,E01043,,fluid_usage:红页L1HF:30:7:0.18%减阻水,
2455,0.18%减阻水@时间窗 W007,泵压特征,"施工泵压变化 起67.28→止67.26，变化-0.02，均值67.3991，范围[67.26, 67.52]",E01043,E01044,fluid_usage:红页L1HF:30:7:0.18%减阻水,pressure_feature:红页L1HF:30:7
2456,0.18%减阻水@时间窗 W007,排量特征,"排量变化 起24.08→止24.08，变化0，均值24.08，范围[24.08, 24.08]",E01043,E01045,fluid_usage:红页L1HF:30:7:0.18%减阻水,flow_feature:红页L1HF:30:7
2457,0.18%减阻水@时间窗 W007,砂比特征,"砂比变化 起10.3→止0.2，变化-10.1，均值10.9435，范围[0.2, 12]",E01043,E01046,fluid_usage:红页L1HF:30:7:0.18%减阻水,sand_feature:红页L1HF:30:7
2458,时间窗 W007,施工特征,"施工泵压变化 起67.28→止67.26，变化-0.02，均值67.3991，范围[67.26, 67.52]",E01042,E01044,time_window:红页L1HF:30:7,pressure_feature:红页L1HF:30:7
2459,时间窗 W007,施工特征,"排量变化 起24.08→止24.08，变化0，均值24.08，范围[24.08, 24.08]",E01042,E01045,time_window:红页L1HF:30:7,flow_feature:红页L1HF:30:7
2460,时间窗 W007,砂比特征,"砂比变化 起10.3→止0.2，变化-10.1，均值10.9435，范围[0.2, 12]",E01042,E01046,time_window:红页L1HF:30:7,sand_feature:红页L1HF:30:7
2461,段 30,包含时间窗,时间窗 W008,E01011,E01047,segment:红页L1HF:30,time_window:红页L1HF:30:8
2462,时间窗 W008,采用液型,0.12%减阻水@时间窗 W008,E01047,E01048,time_window:红页L1HF:30:8,fluid_usage:红页L1HF:30:8:0.12%减阻水
2463,0.12%减阻水@时间窗 W008,液型类别,液型 0.12%减阻水,E01048,E00010,fluid_usage:红页L1HF:30:8:0.12%减阻水,fluid_type:0.12%减阻水
2464,0.12%减阻水@时间窗 W008,开始时间,2024-01-19 16:21:10,E01048,,fluid_usage:红页L1HF:30:8:0.12%减阻水,
2465,0.12%减阻水@时间窗 W008,结束时间,2024-01-19 16:51:00,E01048,,fluid_usage:红页L1HF:30:8:0.12%减阻水,
2466,0.12%减阻水@时间窗 W008,持续时间,29分钟50秒,E01048,,fluid_usage:红页L1HF:30:8:0.12%减阻水,
2467,0.12%减阻水@时间窗 W008,泵压特征,"施工泵压变化 起66.16→止71.93，变化5.77，均值70.4913，范围[66.07, 72.69]",E01048,E01049,fluid_usage:红页L1HF:30:8:0.12%减阻水,pressure_feature:红页L1HF:30:8
2468,0.12%减阻水@时间窗 W008,排量特征,"排量变化 起24.08→止24.09，变化0.01，均值24.0829，范围[24.08, 24.1]",E01048,E01050,fluid_usage:红页L1HF:30:8:0.12%减阻水,flow_feature:红页L1HF:30:8
2469,0.12%减阻水@时间窗 W008,砂比特征,"砂比变化 起1.7→止9.7，变化8，均值10.0986，范围[0.1, 13]",E01048,E01051,fluid_usage:红页L1HF:30:8:0.12%减阻水,sand_feature:红页L1HF:30:8
2470,时间窗 W008,施工特征,"施工泵压变化 起66.16→止71.93，变化5.77，均值70.4913，范围[66.07, 72.69]",E01047,E01049,time_window:红页L1HF:30:8,pressure_feature:红页L1HF:30:8
2471,时间窗 W008,施工特征,"排量变化 起24.08→止24.09，变化0.01，均值24.0829，范围[24.08, 24.1]",E01047,E01050,time_window:红页L1HF:30:8,flow_feature:红页L1HF:30:8
2472,时间窗 W008,砂比特征,"砂比变化 起1.7→止9.7，变化8，均值10.0986，范围[0.1, 13]",E01047,E01051,time_window:红页L1HF:30:8,sand_feature:红页L1HF:30:8
2473,段 30,包含时间窗,时间窗 W009,E01011,E01052,segment:红页L1HF:30,time_window:红页L1HF:30:9
2474,时间窗 W009,采用液型,0.18%减阻水@时间窗 W009,E01052,E01053,time_window:红页L1HF:30:9,fluid_usage:红页L1HF:30:9:0.18%减阻水
2475,0.18%减阻水@时间窗 W009,液型类别,液型 0.18%减阻水,E01053,E00033,fluid_usage:红页L1HF:30:9:0.18%减阻水,fluid_type:0.18%减阻水
2476,0.18%减阻水@时间窗 W009,开始时间,2024-01-19 16:51:10,E01053,,fluid_usage:红页L1HF:30:9:0.18%减阻水,
2477,0.18%减阻水@时间窗 W009,结束时间,2024-01-19 16:55:10,E01053,,fluid_usage:红页L1HF:30:9:0.18%减阻水,
2478,0.18%减阻水@时间窗 W009,持续时间,4分钟,E01053,,fluid_usage:红页L1HF:30:9:0.18%减阻水,
2479,0.18%减阻水@时间窗 W009,泵压特征,"施工泵压变化 起71.95→止71.83，变化-0.12，均值71.9204，范围[71.79, 72]",E01053,E01054,fluid_usage:红页L1HF:30:9:0.18%减阻水,pressure_feature:红页L1HF:30:9
2480,0.18%减阻水@时间窗 W009,排量特征,"排量变化 起24.09→止24.09，变化0，均值24.09，范围[24.09, 24.09]",E01053,E01055,fluid_usage:红页L1HF:30:9:0.18%减阻水,flow_feature:红页L1HF:30:9
2481,0.18%减阻水@时间窗 W009,砂比特征,"砂比变化 起9.4→止0.5，变化-8.9，均值10.8958，范围[0.5, 12]",E01053,E01056,fluid_usage:红页L1HF:30:9:0.18%减阻水,sand_feature:红页L1HF:30:9
2482,时间窗 W009,施工特征,"施工泵压变化 起71.95→止71.83，变化-0.12，均值71.9204，范围[71.79, 72]",E01052,E01054,time_window:红页L1HF:30:9,pressure_feature:红页L1HF:30:9
2483,时间窗 W009,施工特征,"排量变化 起24.09→止24.09，变化0，均值24.09，范围[24.09, 24.09]",E01052,E01055,time_window:红页L1HF:30:9,flow_feature:红页L1HF:30:9
2484,时间窗 W009,砂比特征,"砂比变化 起9.4→止0.5，变化-8.9，均值10.8958，范围[0.5, 12]",E01052,E01056,time_window:红页L1HF:30:9,sand_feature:红页L1HF:30:9
2485,段 30,包含时间窗,时间窗 W010,E01011,E01057,segment:红页L1HF:30,time_window:红页L1HF:30:10
2486,时间窗 W010,采用液型,0.12%减阻水@时间窗 W010,E01057,E01058,time_window:红页L1HF:30:10,fluid_usage:红页L1HF:30:10:0.12%减阻水
2487,0.12%减阻水@时间窗 W010,液型类别,液型 0.12%减阻水,E01058,E00010,fluid_usage:红页L1HF:30:10:0.12%减阻水,fluid_type:0.12%减阻水
2488,0.12%减阻水@时间窗 W010,开始时间,2024-01-19 16:58:50,E01058,,fluid_usage:红页L1HF:30:10:0.12%减阻水,
2489,0.12%减阻水@时间窗 W010,结束时间,2024-01-19 17:15:40,E01058,,fluid_usage:红页L1HF:30:10:0.12%减阻水,
2490,0.12%减阻水@时间窗 W010,持续时间,16分钟50秒,E01058,,fluid_usage:红页L1HF:30:10:0.12%减阻水,
2491,0.12%减阻水@时间窗 W010,泵压特征,"施工泵压变化 起70.13→止86.72，变化16.59，均值71.5764，范围[45.51, 89.37]",E01058,E01059,fluid_usage:红页L1HF:30:10:0.12%减阻水,pressure_feature:红页L1HF:30:10
2492,0.12%减阻水@时间窗 W010,排量特征,"排量变化 起24.09→止21.44，变化-2.65，均值16.9743，范围[0, 24.09]",E01058,E01060,fluid_usage:红页L1HF:30:10:0.12%减阻水,flow_feature:红页L1HF:30:10
2493,0.12%减阻水@时间窗 W010,砂比特征,"砂比变化 起3.5→止0.4，变化-3.1，均值7.76，范围[0.4, 10.1]",E01058,E01061,fluid_usage:红页L1HF:30:10:0.12%减阻水,sand_feature:红页L1HF:30:10
2494,时间窗 W010,施工特征,"施工泵压变化 起70.13→止86.72，变化16.59，均值71.5764，范围[45.51, 89.37]",E01057,E01059,time_window:红页L1HF:30:10,pressure_feature:红页L1HF:30:10
2495,时间窗 W010,施工特征,"排量变化 起24.09→止21.44，变化-2.65，均值16.9743，范围[0, 24.09]",E01057,E01060,time_window:红页L1HF:30:10,flow_feature:红页L1HF:30:10
2496,时间窗 W010,砂比特征,"砂比变化 起3.5→止0.4，变化-3.1，均值7.76，范围[0.4, 10.1]",E01057,E01061,time_window:红页L1HF:30:10,sand_feature:红页L1HF:30:10
2497,段 30,包含时间窗,时间窗 W011,E01011,E01062,segment:红页L1HF:30,time_window:红页L1HF:30:11
2498,时间窗 W011,采用液型,0.25%减阻水@时间窗 W011,E01062,E01063,time_window:红页L1HF:30:11,fluid_usage:红页L1HF:30:11:0.25%减阻水
2499,0.25%减阻水@时间窗 W011,液型类别,液型 0.25%减阻水,E01063,E00022,fluid_usage:红页L1HF:30:11:0.25%减阻水,fluid_type:0.25%减阻水
2500,0.25%减阻水@时间窗 W011,开始时间,2024-01-19 17:16:00,E01063,,fluid_usage:红页L1HF:30:11:0.25%减阻水,
2501,0.25%减阻水@时间窗 W011,结束时间,2024-01-19 17:18:10,E01063,,fluid_usage:红页L1HF:30:11:0.25%减阻水,
2502,0.25%减阻水@时间窗 W011,持续时间,2分钟10秒,E01063,,fluid_usage:红页L1HF:30:11:0.25%减阻水,
2503,0.25%减阻水@时间窗 W011,泵压特征,"施工泵压变化 起87.78→止91.05，变化3.27，均值90.0864，范围[87.78, 91.47]",E01063,E01064,fluid_usage:红页L1HF:30:11:0.25%减阻水,pressure_feature:红页L1HF:30:11
2504,0.25%减阻水@时间窗 W011,排量特征,"排量变化 起21.71→止22.62，变化0.91，均值22.3686，范围[21.71, 22.62]",E01063,E01065,fluid_usage:红页L1HF:30:11:0.25%减阻水,flow_feature:红页L1HF:30:11
2505,0.25%减阻水@时间窗 W011,砂比特征,砂比变化：0,E01063,E01066,fluid_usage:红页L1HF:30:11:0.25%减阻水,sand_feature:红页L1HF:30:11
2506,时间窗 W011,施工特征,"施工泵压变化 起87.78→止91.05，变化3.27，均值90.0864，范围[87.78, 91.47]",E01062,E01064,time_window:红页L1HF:30:11,pressure_feature:红页L1HF:30:11
2507,时间窗 W011,施工特征,"排量变化 起21.71→止22.62，变化0.91，均值22.3686，范围[21.71, 22.62]",E01062,E01065,time_window:红页L1HF:30:11,flow_feature:红页L1HF:30:11
2508,时间窗 W011,砂比特征,砂比变化：0,E01062,E01066,time_window:红页L1HF:30:11,sand_feature:红页L1HF:30:11
2509,段 30,包含时间窗,时间窗 W012,E01011,E01067,segment:红页L1HF:30,time_window:红页L1HF:30:12
2510,时间窗 W012,采用液型,0.12%减阻水@时间窗 W012,E01067,E01068,time_window:红页L1HF:30:12,fluid_usage:红页L1HF:30:12:0.12%减阻水
2511,0.12%减阻水@时间窗 W012,液型类别,液型 0.12%减阻水,E01068,E00010,fluid_usage:红页L1HF:30:12:0.12%减阻水,fluid_type:0.12%减阻水
2512,0.12%减阻水@时间窗 W012,开始时间,2024-01-19 17:18:20,E01068,,fluid_usage:红页L1HF:30:12:0.12%减阻水,
2513,0.12%减阻水@时间窗 W012,结束时间,2024-01-19 17:45:20,E01068,,fluid_usage:红页L1HF:30:12:0.12%减阻水,
2514,0.12%减阻水@时间窗 W012,持续时间,27分钟,E01068,,fluid_usage:红页L1HF:30:12:0.12%减阻水,
2515,0.12%减阻水@时间窗 W012,泵压特征,"施工泵压变化 起90.93→止81.54，变化-9.39，均值83.7365，范围[80.24, 91.3]",E01068,E01069,fluid_usage:红页L1HF:30:12:0.12%减阻水,pressure_feature:红页L1HF:30:12
2516,0.12%减阻水@时间窗 W012,排量特征,"排量变化 起22.62→止24.08，变化1.46，均值23.2535，范围[22.62, 24.08]",E01068,E01070,fluid_usage:红页L1HF:30:12:0.12%减阻水,flow_feature:红页L1HF:30:12
2517,0.12%减阻水@时间窗 W012,砂比特征,"砂比变化 起1.4→止12，变化10.6，均值9.6757，范围[0.1, 14.1]",E01068,E01071,fluid_usage:红页L1HF:30:12:0.12%减阻水,sand_feature:红页L1HF:30:12
2518,时间窗 W012,施工特征,"施工泵压变化 起90.93→止81.54，变化-9.39，均值83.7365，范围[80.24, 91.3]",E01067,E01069,time_window:红页L1HF:30:12,pressure_feature:红页L1HF:30:12
2519,时间窗 W012,施工特征,"排量变化 起22.62→止24.08，变化1.46，均值23.2535，范围[22.62, 24.08]",E01067,E01070,time_window:红页L1HF:30:12,flow_feature:红页L1HF:30:12
2520,时间窗 W012,砂比特征,"砂比变化 起1.4→止12，变化10.6，均值9.6757，范围[0.1, 14.1]",E01067,E01071,time_window:红页L1HF:30:12,sand_feature:红页L1HF:30:12
2521,段 30,包含时间窗,时间窗 W013,E01011,E01072,segment:红页L1HF:30,time_window:红页L1HF:30:13
2522,时间窗 W013,采用液型,0.25%减阻水@时间窗 W013,E01072,E01073,time_window:红页L1HF:30:13,fluid_usage:红页L1HF:30:13:0.25%减阻水
2523,0.25%减阻水@时间窗 W013,液型类别,液型 0.25%减阻水,E01073,E00022,fluid_usage:红页L1HF:30:13:0.25%减阻水,fluid_type:0.25%减阻水
2524,0.25%减阻水@时间窗 W013,开始时间,2024-01-19 17:45:40,E01073,,fluid_usage:红页L1HF:30:13:0.25%减阻水,
2525,0.25%减阻水@时间窗 W013,结束时间,2024-01-19 17:48:00,E01073,,fluid_usage:红页L1HF:30:13:0.25%减阻水,
2526,0.25%减阻水@时间窗 W013,持续时间,2分钟20秒,E01073,,fluid_usage:红页L1HF:30:13:0.25%减阻水,
2527,0.25%减阻水@时间窗 W013,泵压特征,"施工泵压变化 起81.58→止83.79，变化2.21，均值83.8629，范围[81.44, 85.24]",E01073,E01074,fluid_usage:红页L1HF:30:13:0.25%减阻水,pressure_feature:红页L1HF:30:13
2528,0.25%减阻水@时间窗 W013,排量特征,"排量变化 起24.08→止24.08，变化0，均值24.08，范围[24.08, 24.08]",E01073,E01075,fluid_usage:红页L1HF:30:13:0.25%减阻水,flow_feature:红页L1HF:30:13
2529,0.25%减阻水@时间窗 W013,砂比特征,"砂比变化 起13.6→止0.1，变化-13.5，均值11.6222，范围[0.1, 14.1]",E01073,E01076,fluid_usage:红页L1HF:30:13:0.25%减阻水,sand_feature:红页L1HF:30:13
2530,时间窗 W013,施工特征,"施工泵压变化 起81.58→止83.79，变化2.21，均值83.8629，范围[81.44, 85.24]",E01072,E01074,time_window:红页L1HF:30:13,pressure_feature:红页L1HF:30:13
2531,时间窗 W013,施工特征,"排量变化 起24.08→止24.08，变化0，均值24.08，范围[24.08, 24.08]",E01072,E01075,time_window:红页L1HF:30:13,flow_feature:红页L1HF:30:13
2532,时间窗 W013,砂比特征,"砂比变化 起13.6→止0.1，变化-13.5，均值11.6222，范围[0.1, 14.1]",E01072,E01076,time_window:红页L1HF:30:13,sand_feature:红页L1HF:30:13
2533,段 30,包含时间窗,时间窗 W014,E01011,E01077,segment:红页L1HF:30,time_window:红页L1HF:30:14
2534,时间窗 W014,采用液型,0.12%减阻水@时间窗 W014,E01077,E01078,time_window:红页L1HF:30:14,fluid_usage:红页L1HF:30:14:0.12%减阻水
2535,0.12%减阻水@时间窗 W014,液型类别,液型 0.12%减阻水,E01078,E00010,fluid_usage:红页L1HF:30:14:0.12%减阻水,fluid_type:0.12%减阻水
2536,0.12%减阻水@时间窗 W014,开始时间,2024-01-19 17:48:10,E01078,,fluid_usage:红页L1HF:30:14:0.12%减阻水,
2537,0.12%减阻水@时间窗 W014,结束时间,2024-01-19 18:21:40,E01078,,fluid_usage:红页L1HF:30:14:0.12%减阻水,
2538,0.12%减阻水@时间窗 W014,持续时间,33分钟30秒,E01078,,fluid_usage:红页L1HF:30:14:0.12%减阻水,
2539,0.12%减阻水@时间窗 W014,泵压特征,"施工泵压变化 起83.06→止0.74，变化-82.32，均值43.9298，范围[0.74, 83.06]",E01078,E01079,fluid_usage:红页L1HF:30:14:0.12%减阻水,pressure_feature:红页L1HF:30:14
2540,0.12%减阻水@时间窗 W014,排量特征,"排量变化 起24.09→止0，变化-24.09，均值1.1826，范围[0, 24.09]",E01078,E01080,fluid_usage:红页L1HF:30:14:0.12%减阻水,flow_feature:红页L1HF:30:14
2541,0.12%减阻水@时间窗 W014,砂比特征,砂比变化：0,E01078,E01081,fluid_usage:红页L1HF:30:14:0.12%减阻水,sand_feature:红页L1HF:30:14
2542,时间窗 W014,施工特征,"施工泵压变化 起83.06→止0.74，变化-82.32，均值43.9298，范围[0.74, 83.06]",E01077,E01079,time_window:红页L1HF:30:14,pressure_feature:红页L1HF:30:14
2543,时间窗 W014,施工特征,"排量变化 起24.09→止0，变化-24.09，均值1.1826，范围[0, 24.09]",E01077,E01080,time_window:红页L1HF:30:14,flow_feature:红页L1HF:30:14
2544,时间窗 W014,砂比特征,砂比变化：0,E01077,E01081,time_window:红页L1HF:30:14,sand_feature:红页L1HF:30:14
2545,井 红页L1HF,包含段,段 31,E00001,E01082,well:红页L1HF,segment:红页L1HF:31
2546,段 31,包含时间窗,时间窗 W001,E01082,E01083,segment:红页L1HF:31,time_window:红页L1HF:31:1
2547,时间窗 W001,采用液型,0@时间窗 W001,E01083,E01084,time_window:红页L1HF:31:1,fluid_usage:红页L1HF:31:1:0
2548,0@时间窗 W001,液型类别,液型 0,E01084,E00044,fluid_usage:红页L1HF:31:1:0,fluid_type:0
2549,0@时间窗 W001,开始时间,2024-01-20 08:27:10,E01084,,fluid_usage:红页L1HF:31:1:0,
2550,0@时间窗 W001,结束时间,2024-01-20 08:27:10,E01084,,fluid_usage:红页L1HF:31:1:0,
2551,0@时间窗 W001,持续时间,0秒,E01084,,fluid_usage:红页L1HF:31:1:0,
2552,0@时间窗 W001,泵压特征,"施工泵压变化 起13.43→止13.43，变化0，均值13.43，范围[13.43, 13.43]",E01084,E01085,fluid_usage:红页L1HF:31:1:0,pressure_feature:红页L1HF:31:1
2553,0@时间窗 W001,排量特征,"排量变化 起0→止0，变化0，均值0，范围[0, 0]",E01084,E01086,fluid_usage:红页L1HF:31:1:0,flow_feature:红页L1HF:31:1
2554,0@时间窗 W001,砂比特征,砂比变化：0,E01084,E01087,fluid_usage:红页L1HF:31:1:0,sand_feature:红页L1HF:31:1
2555,时间窗 W001,施工特征,"施工泵压变化 起13.43→止13.43，变化0，均值13.43，范围[13.43, 13.43]",E01083,E01085,time_window:红页L1HF:31:1,pressure_feature:红页L1HF:31:1
2556,时间窗 W001,施工特征,"排量变化 起0→止0，变化0，均值0，范围[0, 0]",E01083,E01086,time_window:红页L1HF:31:1,flow_feature:红页L1HF:31:1
2557,时间窗 W001,砂比特征,砂比变化：0,E01083,E01087,time_window:红页L1HF:31:1,sand_feature:红页L1HF:31:1
2558,段 31,包含时间窗,时间窗 W002,E01082,E01088,segment:红页L1HF:31,time_window:红页L1HF:31:2
2559,时间窗 W002,采用液型,0.12%减阻水@时间窗 W002,E01088,E01089,time_window:红页L1HF:31:2,fluid_usage:红页L1HF:31:2:0.12%减阻水
2560,0.12%减阻水@时间窗 W002,液型类别,液型 0.12%减阻水,E01089,E00010,fluid_usage:红页L1HF:31:2:0.12%减阻水,fluid_type:0.12%减阻水
2561,0.12%减阻水@时间窗 W002,开始时间,2024-01-20 08:27:20,E01089,,fluid_usage:红页L1HF:31:2:0.12%减阻水,
2562,0.12%减阻水@时间窗 W002,结束时间,2024-01-20 08:31:30,E01089,,fluid_usage:红页L1HF:31:2:0.12%减阻水,
2563,0.12%减阻水@时间窗 W002,持续时间,4分钟10秒,E01089,,fluid_usage:红页L1HF:31:2:0.12%减阻水,
2564,0.12%减阻水@时间窗 W002,泵压特征,"施工泵压变化 起23.33→止35.03，变化11.7，均值31.1427，范围[23.33, 35.03]",E01089,E01090,fluid_usage:红页L1HF:31:2:0.12%减阻水,pressure_feature:红页L1HF:31:2
2565,0.12%减阻水@时间窗 W002,排量特征,"排量变化 起0.58→止1.99，变化1.41，均值1.8262，范围[0.58, 1.99]",E01089,E01091,fluid_usage:红页L1HF:31:2:0.12%减阻水,flow_feature:红页L1HF:31:2
2566,0.12%减阻水@时间窗 W002,砂比特征,砂比变化：0,E01089,E01092,fluid_usage:红页L1HF:31:2:0.12%减阻水,sand_feature:红页L1HF:31:2
2567,时间窗 W002,施工特征,"施工泵压变化 起23.33→止35.03，变化11.7，均值31.1427，范围[23.33, 35.03]",E01088,E01090,time_window:红页L1HF:31:2,pressure_feature:红页L1HF:31:2
2568,时间窗 W002,施工特征,"排量变化 起0.58→止1.99，变化1.41，均值1.8262，范围[0.58, 1.99]",E01088,E01091,time_window:红页L1HF:31:2,flow_feature:红页L1HF:31:2
2569,时间窗 W002,砂比特征,砂比变化：0,E01088,E01092,time_window:红页L1HF:31:2,sand_feature:红页L1HF:31:2
2570,段 31,包含时间窗,时间窗 W003,E01082,E01093,segment:红页L1HF:31,time_window:红页L1HF:31:3
2571,时间窗 W003,采用液型,15%HCl@时间窗 W003,E01093,E01094,time_window:红页L1HF:31:3,fluid_usage:红页L1HF:31:3:15%HCl
2572,15%HCl@时间窗 W003,液型类别,液型 15%HCl,E01094,E00016,fluid_usage:红页L1HF:31:3:15%HCl,fluid_type:15%HCl
2573,15%HCl@时间窗 W003,开始时间,2024-01-20 08:31:40,E01094,,fluid_usage:红页L1HF:31:3:15%HCl,
2574,15%HCl@时间窗 W003,结束时间,2024-01-20 08:41:40,E01094,,fluid_usage:红页L1HF:31:3:15%HCl,
2575,15%HCl@时间窗 W003,持续时间,10分钟,E01094,,fluid_usage:红页L1HF:31:3:15%HCl,
2576,15%HCl@时间窗 W003,泵压特征,"施工泵压变化 起35.2→止44.66，变化9.46，均值39.2397，范围[35.2, 50.55]",E01094,E01095,fluid_usage:红页L1HF:31:3:15%HCl,pressure_feature:红页L1HF:31:3
2577,15%HCl@时间窗 W003,排量特征,"排量变化 起1.99→止1.99，变化0，均值1.99，范围[1.99, 1.99]",E01094,E01096,fluid_usage:红页L1HF:31:3:15%HCl,flow_feature:红页L1HF:31:3
2578,15%HCl@时间窗 W003,砂比特征,砂比变化：0,E01094,E01097,fluid_usage:红页L1HF:31:3:15%HCl,sand_feature:红页L1HF:31:3
2579,时间窗 W003,施工特征,"施工泵压变化 起35.2→止44.66，变化9.46，均值39.2397，范围[35.2, 50.55]",E01093,E01095,time_window:红页L1HF:31:3,pressure_feature:红页L1HF:31:3
2580,时间窗 W003,施工特征,"排量变化 起1.99→止1.99，变化0，均值1.99，范围[1.99, 1.99]",E01093,E01096,time_window:红页L1HF:31:3,flow_feature:红页L1HF:31:3
2581,时间窗 W003,砂比特征,砂比变化：0,E01093,E01097,time_window:红页L1HF:31:3,sand_feature:红页L1HF:31:3
2582,段 31,包含时间窗,时间窗 W004,E01082,E01098,segment:红页L1HF:31,time_window:红页L1HF:31:4
2583,时间窗 W004,采用液型,0.25%减阻水@时间窗 W004,E01098,E01099,time_window:红页L1HF:31:4,fluid_usage:红页L1HF:31:4:0.25%减阻水
2584,0.25%减阻水@时间窗 W004,液型类别,液型 0.25%减阻水,E01099,E00022,fluid_usage:红页L1HF:31:4:0.25%减阻水,fluid_type:0.25%减阻水
2585,0.25%减阻水@时间窗 W004,开始时间,2024-01-20 08:41:50,E01099,,fluid_usage:红页L1HF:31:4:0.25%减阻水,
2586,0.25%减阻水@时间窗 W004,结束时间,2024-01-20 08:59:50,E01099,,fluid_usage:红页L1HF:31:4:0.25%减阻水,
2587,0.25%减阻水@时间窗 W004,持续时间,18分钟,E01099,,fluid_usage:红页L1HF:31:4:0.25%减阻水,
2588,0.25%减阻水@时间窗 W004,泵压特征,"施工泵压变化 起44.46→止62.63，变化18.17，均值60.5984，范围[43.09, 83.66]",E01099,E01100,fluid_usage:红页L1HF:31:4:0.25%减阻水,pressure_feature:红页L1HF:31:4
2589,0.25%减阻水@时间窗 W004,排量特征,"排量变化 起1.99→止24.06，变化22.07，均值15.3332，范围[1.99, 24.06]",E01099,E01101,fluid_usage:红页L1HF:31:4:0.25%减阻水,flow_feature:红页L1HF:31:4
2590,0.25%减阻水@时间窗 W004,砂比特征,砂比变化：0,E01099,E01102,fluid_usage:红页L1HF:31:4:0.25%减阻水,sand_feature:红页L1HF:31:4
2591,时间窗 W004,施工特征,"施工泵压变化 起44.46→止62.63，变化18.17，均值60.5984，范围[43.09, 83.66]",E01098,E01100,time_window:红页L1HF:31:4,pressure_feature:红页L1HF:31:4
2592,时间窗 W004,施工特征,"排量变化 起1.99→止24.06，变化22.07，均值15.3332，范围[1.99, 24.06]",E01098,E01101,time_window:红页L1HF:31:4,flow_feature:红页L1HF:31:4
2593,时间窗 W004,砂比特征,砂比变化：0,E01098,E01102,time_window:红页L1HF:31:4,sand_feature:红页L1HF:31:4
2594,段 31,包含时间窗,时间窗 W005,E01082,E01103,segment:红页L1HF:31,time_window:红页L1HF:31:5
2595,时间窗 W005,采用液型,0.18%减阻水@时间窗 W005,E01103,E01104,time_window:红页L1HF:31:5,fluid_usage:红页L1HF:31:5:0.18%减阻水
2596,0.18%减阻水@时间窗 W005,液型类别,液型 0.18%减阻水,E01104,E00033,fluid_usage:红页L1HF:31:5:0.18%减阻水,fluid_type:0.18%减阻水
2597,0.18%减阻水@时间窗 W005,开始时间,2024-01-20 09:00:10,E01104,,fluid_usage:红页L1HF:31:5:0.18%减阻水,
2598,0.18%减阻水@时间窗 W005,结束时间,2024-01-20 09:05:10,E01104,,fluid_usage:红页L1HF:31:5:0.18%减阻水,
2599,0.18%减阻水@时间窗 W005,持续时间,5分钟,E01104,,fluid_usage:红页L1HF:31:5:0.18%减阻水,
2600,0.18%减阻水@时间窗 W005,泵压特征,"施工泵压变化 起62.61→止62.79，变化0.18，均值62.6661，范围[62.4, 62.87]",E01104,E01105,fluid_usage:红页L1HF:31:5:0.18%减阻水,pressure_feature:红页L1HF:31:5
2601,0.18%减阻水@时间窗 W005,排量特征,"排量变化 起24.06→止24.06，变化0，均值24.06，范围[24.06, 24.06]",E01104,E01106,fluid_usage:红页L1HF:31:5:0.18%减阻水,flow_feature:红页L1HF:31:5
2602,0.18%减阻水@时间窗 W005,砂比特征,"砂比变化 起1.3→止7.1，变化5.8，均值6.3788，范围[1.3, 7.1]",E01104,E01107,fluid_usage:红页L1HF:31:5:0.18%减阻水,sand_feature:红页L1HF:31:5
2603,时间窗 W005,施工特征,"施工泵压变化 起62.61→止62.79，变化0.18，均值62.6661，范围[62.4, 62.87]",E01103,E01105,time_window:红页L1HF:31:5,pressure_feature:红页L1HF:31:5
2604,时间窗 W005,施工特征,"排量变化 起24.06→止24.06，变化0，均值24.06，范围[24.06, 24.06]",E01103,E01106,time_window:红页L1HF:31:5,flow_feature:红页L1HF:31:5
2605,时间窗 W005,砂比特征,"砂比变化 起1.3→止7.1，变化5.8，均值6.3788，范围[1.3, 7.1]",E01103,E01107,time_window:红页L1HF:31:5,sand_feature:红页L1HF:31:5
2606,段 31,包含时间窗,时间窗 W006,E01082,E01108,segment:红页L1HF:31,time_window:红页L1HF:31:6
2607,时间窗 W006,采用液型,0.12%减阻水@时间窗 W006,E01108,E01109,time_window:红页L1HF:31:6,fluid_usage:红页L1HF:31:6:0.12%减阻水
2608,0.12%减阻水@时间窗 W006,液型类别,液型 0.12%减阻水,E01109,E00010,fluid_usage:红页L1HF:31:6:0.12%减阻水,fluid_type:0.12%减阻水
2609,0.12%减阻水@时间窗 W006,开始时间,2024-01-20 09:05:20,E01109,,fluid_usage:红页L1HF:31:6:0.12%减阻水,
2610,0.12%减阻水@时间窗 W006,结束时间,2024-01-20 09:42:10,E01109,,fluid_usage:红页L1HF:31:6:0.12%减阻水,
2611,0.12%减阻水@时间窗 W006,持续时间,36分钟50秒,E01109,,fluid_usage:红页L1HF:31:6:0.12%减阻水,
2612,0.12%减阻水@时间窗 W006,泵压特征,"施工泵压变化 起62.73→止68.04，变化5.31，均值63.1423，范围[59.23, 71.4]",E01109,E01110,fluid_usage:红页L1HF:31:6:0.12%减阻水,pressure_feature:红页L1HF:31:6
2613,0.12%减阻水@时间窗 W006,排量特征,"排量变化 起24.06→止24.05，变化-0.01，均值24.0547，范围[24.02, 24.06]",E01109,E01111,fluid_usage:红页L1HF:31:6:0.12%减阻水,flow_feature:红页L1HF:31:6
2614,0.12%减阻水@时间窗 W006,砂比特征,"砂比变化 起8.6→止11.2，变化2.6，均值10.5775，范围[0.3, 12.1]",E01109,E01112,fluid_usage:红页L1HF:31:6:0.12%减阻水,sand_feature:红页L1HF:31:6
2615,时间窗 W006,施工特征,"施工泵压变化 起62.73→止68.04，变化5.31，均值63.1423，范围[59.23, 71.4]",E01108,E01110,time_window:红页L1HF:31:6,pressure_feature:红页L1HF:31:6
2616,时间窗 W006,施工特征,"排量变化 起24.06→止24.05，变化-0.01，均值24.0547，范围[24.02, 24.06]",E01108,E01111,time_window:红页L1HF:31:6,flow_feature:红页L1HF:31:6
2617,时间窗 W006,砂比特征,"砂比变化 起8.6→止11.2，变化2.6，均值10.5775，范围[0.3, 12.1]",E01108,E01112,time_window:红页L1HF:31:6,sand_feature:红页L1HF:31:6
2618,段 31,包含时间窗,时间窗 W007,E01082,E01113,segment:红页L1HF:31,time_window:红页L1HF:31:7
2619,时间窗 W007,采用液型,0.18%减阻水@时间窗 W007,E01113,E01114,time_window:红页L1HF:31:7,fluid_usage:红页L1HF:31:7:0.18%减阻水
2620,0.18%减阻水@时间窗 W007,液型类别,液型 0.18%减阻水,E01114,E00033,fluid_usage:红页L1HF:31:7:0.18%减阻水,fluid_type:0.18%减阻水
2621,0.18%减阻水@时间窗 W007,开始时间,2024-01-20 09:42:20,E01114,,fluid_usage:红页L1HF:31:7:0.18%减阻水,
2622,0.18%减阻水@时间窗 W007,结束时间,2024-01-20 09:45:20,E01114,,fluid_usage:红页L1HF:31:7:0.18%减阻水,
2623,0.18%减阻水@时间窗 W007,持续时间,3分钟,E01114,,fluid_usage:红页L1HF:31:7:0.18%减阻水,
2624,0.18%减阻水@时间窗 W007,泵压特征,"施工泵压变化 起67.02→止63.8，变化-3.22，均值64.3229，范围[63.8, 67.02]",E01114,E01115,fluid_usage:红页L1HF:31:7:0.18%减阻水,pressure_feature:红页L1HF:31:7
2625,0.18%减阻水@时间窗 W007,排量特征,"排量变化 起24.05→止24.05，变化0，均值24.05，范围[24.05, 24.05]",E01114,E01116,fluid_usage:红页L1HF:31:7:0.18%减阻水,flow_feature:红页L1HF:31:7
2626,0.18%减阻水@时间窗 W007,砂比特征,"砂比变化 起10.8→止0.3，变化-10.5，均值11.2529，范围[0.3, 12.1]",E01114,E01117,fluid_usage:红页L1HF:31:7:0.18%减阻水,sand_feature:红页L1HF:31:7
2627,时间窗 W007,施工特征,"施工泵压变化 起67.02→止63.8，变化-3.22，均值64.3229，范围[63.8, 67.02]",E01113,E01115,time_window:红页L1HF:31:7,pressure_feature:红页L1HF:31:7
2628,时间窗 W007,施工特征,"排量变化 起24.05→止24.05，变化0，均值24.05，范围[24.05, 24.05]",E01113,E01116,time_window:红页L1HF:31:7,flow_feature:红页L1HF:31:7
2629,时间窗 W007,砂比特征,"砂比变化 起10.8→止0.3，变化-10.5，均值11.2529，范围[0.3, 12.1]",E01113,E01117,time_window:红页L1HF:31:7,sand_feature:红页L1HF:31:7
2630,段 31,包含时间窗,时间窗 W008,E01082,E01118,segment:红页L1HF:31,time_window:红页L1HF:31:8
2631,时间窗 W008,采用液型,0.12%减阻水@时间窗 W008,E01118,E01119,time_window:红页L1HF:31:8,fluid_usage:红页L1HF:31:8:0.12%减阻水
2632,0.12%减阻水@时间窗 W008,液型类别,液型 0.12%减阻水,E01119,E00010,fluid_usage:红页L1HF:31:8:0.12%减阻水,fluid_type:0.12%减阻水
2633,0.12%减阻水@时间窗 W008,开始时间,2024-01-20 09:49:00,E01119,,fluid_usage:红页L1HF:31:8:0.12%减阻水,
2634,0.12%减阻水@时间窗 W008,结束时间,2024-01-20 10:23:00,E01119,,fluid_usage:红页L1HF:31:8:0.12%减阻水,
2635,0.12%减阻水@时间窗 W008,持续时间,34分钟,E01119,,fluid_usage:红页L1HF:31:8:0.12%减阻水,
2636,0.12%减阻水@时间窗 W008,泵压特征,"施工泵压变化 起54.35→止65.53，变化11.18，均值63.8057，范围[54.35, 65.73]",E01119,E01120,fluid_usage:红页L1HF:31:8:0.12%减阻水,pressure_feature:红页L1HF:31:8
2637,0.12%减阻水@时间窗 W008,排量特征,"排量变化 起16.27→止24.05，变化7.78，均值23.2567，范围[16.27, 24.06]",E01119,E01121,fluid_usage:红页L1HF:31:8:0.12%减阻水,flow_feature:红页L1HF:31:8
2638,0.12%减阻水@时间窗 W008,砂比特征,"砂比变化 起5.7→止10.4，变化4.7，均值10.711，范围[0.2, 13.1]",E01119,E01122,fluid_usage:红页L1HF:31:8:0.12%减阻水,sand_feature:红页L1HF:31:8
2639,时间窗 W008,施工特征,"施工泵压变化 起54.35→止65.53，变化11.18，均值63.8057，范围[54.35, 65.73]",E01118,E01120,time_window:红页L1HF:31:8,pressure_feature:红页L1HF:31:8
2640,时间窗 W008,施工特征,"排量变化 起16.27→止24.05，变化7.78，均值23.2567，范围[16.27, 24.06]",E01118,E01121,time_window:红页L1HF:31:8,flow_feature:红页L1HF:31:8
2641,时间窗 W008,砂比特征,"砂比变化 起5.7→止10.4，变化4.7，均值10.711，范围[0.2, 13.1]",E01118,E01122,time_window:红页L1HF:31:8,sand_feature:红页L1HF:31:8
2642,段 31,包含时间窗,时间窗 W009,E01082,E01123,segment:红页L1HF:31,time_window:红页L1HF:31:9
2643,时间窗 W009,采用液型,0.25%减阻水@时间窗 W009,E01123,E01124,time_window:红页L1HF:31:9,fluid_usage:红页L1HF:31:9:0.25%减阻水
2644,0.25%减阻水@时间窗 W009,液型类别,液型 0.25%减阻水,E01124,E00022,fluid_usage:红页L1HF:31:9:0.25%减阻水,fluid_type:0.25%减阻水
2645,0.25%减阻水@时间窗 W009,开始时间,2024-01-20 10:23:10,E01124,,fluid_usage:红页L1HF:31:9:0.25%减阻水,
2646,0.25%减阻水@时间窗 W009,结束时间,2024-01-20 10:30:20,E01124,,fluid_usage:红页L1HF:31:9:0.25%减阻水,
2647,0.25%减阻水@时间窗 W009,持续时间,7分钟10秒,E01124,,fluid_usage:红页L1HF:31:9:0.25%减阻水,
2648,0.25%减阻水@时间窗 W009,泵压特征,"施工泵压变化 起65.54→止62.76，变化-2.78，均值65.3661，范围[62.76, 66.01]",E01124,E01125,fluid_usage:红页L1HF:31:9:0.25%减阻水,pressure_feature:红页L1HF:31:9
2649,0.25%减阻水@时间窗 W009,排量特征,"排量变化 起24.05→止24.05，变化0，均值24.05，范围[24.05, 24.05]",E01124,E01126,fluid_usage:红页L1HF:31:9:0.25%减阻水,flow_feature:红页L1HF:31:9
2650,0.25%减阻水@时间窗 W009,砂比特征,"砂比变化 起11.1→止1.2，变化-9.9，均值11.935，范围[1.2, 14.2]",E01124,E01127,fluid_usage:红页L1HF:31:9:0.25%减阻水,sand_feature:红页L1HF:31:9
2651,时间窗 W009,施工特征,"施工泵压变化 起65.54→止62.76，变化-2.78，均值65.3661，范围[62.76, 66.01]",E01123,E01125,time_window:红页L1HF:31:9,pressure_feature:红页L1HF:31:9
2652,时间窗 W009,施工特征,"排量变化 起24.05→止24.05，变化0，均值24.05，范围[24.05, 24.05]",E01123,E01126,time_window:红页L1HF:31:9,flow_feature:红页L1HF:31:9
2653,时间窗 W009,砂比特征,"砂比变化 起11.1→止1.2，变化-9.9，均值11.935，范围[1.2, 14.2]",E01123,E01127,time_window:红页L1HF:31:9,sand_feature:红页L1HF:31:9
2654,段 31,包含时间窗,时间窗 W010,E01082,E01128,segment:红页L1HF:31,time_window:红页L1HF:31:10
2655,时间窗 W010,采用液型,0.12%减阻水@时间窗 W010,E01128,E01129,time_window:红页L1HF:31:10,fluid_usage:红页L1HF:31:10:0.12%减阻水
2656,0.12%减阻水@时间窗 W010,液型类别,液型 0.12%减阻水,E01129,E00010,fluid_usage:红页L1HF:31:10:0.12%减阻水,fluid_type:0.12%减阻水
2657,0.12%减阻水@时间窗 W010,开始时间,2024-01-20 10:30:30,E01129,,fluid_usage:红页L1HF:31:10:0.12%减阻水,
2658,0.12%减阻水@时间窗 W010,结束时间,2024-01-20 11:01:30,E01129,,fluid_usage:红页L1HF:31:10:0.12%减阻水,
2659,0.12%减阻水@时间窗 W010,持续时间,31分钟,E01129,,fluid_usage:红页L1HF:31:10:0.12%减阻水,
2660,0.12%减阻水@时间窗 W010,泵压特征,"施工泵压变化 起62.72→止0，变化-62.72，均值41.2471，范围[0, 63.02]",E01129,E01130,fluid_usage:红页L1HF:31:10:0.12%减阻水,pressure_feature:红页L1HF:31:10
2661,0.12%减阻水@时间窗 W010,排量特征,"排量变化 起24.05→止0，变化-24.05，均值1.3828，范围[0, 24.05]",E01129,E01131,fluid_usage:红页L1HF:31:10:0.12%减阻水,flow_feature:红页L1HF:31:10
2662,0.12%减阻水@时间窗 W010,砂比特征,砂比变化：0,E01129,E01132,fluid_usage:红页L1HF:31:10:0.12%减阻水,sand_feature:红页L1HF:31:10
2663,时间窗 W010,施工特征,"施工泵压变化 起62.72→止0，变化-62.72，均值41.2471，范围[0, 63.02]",E01128,E01130,time_window:红页L1HF:31:10,pressure_feature:红页L1HF:31:10
2664,时间窗 W010,施工特征,"排量变化 起24.05→止0，变化-24.05，均值1.3828，范围[0, 24.05]",E01128,E01131,time_window:红页L1HF:31:10,flow_feature:红页L1HF:31:10
2665,时间窗 W010,砂比特征,砂比变化：0,E01128,E01132,time_window:红页L1HF:31:10,sand_feature:红页L1HF:31:10
2666,井 红页L1HF,包含段,段 32,E00001,E01133,well:红页L1HF,segment:红页L1HF:32
2667,段 32,包含时间窗,时间窗 W001,E01133,E01134,segment:红页L1HF:32,time_window:红页L1HF:32:1
2668,时间窗 W001,采用液型,0@时间窗 W001,E01134,E01135,time_window:红页L1HF:32:1,fluid_usage:红页L1HF:32:1:0
2669,0@时间窗 W001,液型类别,液型 0,E01135,E00044,fluid_usage:红页L1HF:32:1:0,fluid_type:0
2670,0@时间窗 W001,开始时间,2024-01-20 14:31:20,E01135,,fluid_usage:红页L1HF:32:1:0,
2671,0@时间窗 W001,结束时间,2024-01-20 14:31:20,E01135,,fluid_usage:红页L1HF:32:1:0,
2672,0@时间窗 W001,持续时间,0秒,E01135,,fluid_usage:红页L1HF:32:1:0,
2673,0@时间窗 W001,泵压特征,"施工泵压变化 起26.45→止26.45，变化0，均值26.45，范围[26.45, 26.45]",E01135,E01136,fluid_usage:红页L1HF:32:1:0,pressure_feature:红页L1HF:32:1
2674,0@时间窗 W001,排量特征,"排量变化 起0→止0，变化0，均值0，范围[0, 0]",E01135,E01137,fluid_usage:红页L1HF:32:1:0,flow_feature:红页L1HF:32:1
2675,0@时间窗 W001,砂比特征,砂比变化：0,E01135,E01138,fluid_usage:红页L1HF:32:1:0,sand_feature:红页L1HF:32:1
2676,时间窗 W001,施工特征,"施工泵压变化 起26.45→止26.45，变化0，均值26.45，范围[26.45, 26.45]",E01134,E01136,time_window:红页L1HF:32:1,pressure_feature:红页L1HF:32:1
2677,时间窗 W001,施工特征,"排量变化 起0→止0，变化0，均值0，范围[0, 0]",E01134,E01137,time_window:红页L1HF:32:1,flow_feature:红页L1HF:32:1
2678,时间窗 W001,砂比特征,砂比变化：0,E01134,E01138,time_window:红页L1HF:32:1,sand_feature:红页L1HF:32:1
2679,段 32,包含时间窗,时间窗 W002,E01133,E01139,segment:红页L1HF:32,time_window:红页L1HF:32:2
2680,时间窗 W002,采用液型,0.12%减阻水@时间窗 W002,E01139,E01140,time_window:红页L1HF:32:2,fluid_usage:红页L1HF:32:2:0.12%减阻水
2681,0.12%减阻水@时间窗 W002,液型类别,液型 0.12%减阻水,E01140,E00010,fluid_usage:红页L1HF:32:2:0.12%减阻水,fluid_type:0.12%减阻水
2682,0.12%减阻水@时间窗 W002,开始时间,2024-01-20 14:31:30,E01140,,fluid_usage:红页L1HF:32:2:0.12%减阻水,
2683,0.12%减阻水@时间窗 W002,结束时间,2024-01-20 14:34:20,E01140,,fluid_usage:红页L1HF:32:2:0.12%减阻水,
2684,0.12%减阻水@时间窗 W002,持续时间,2分钟50秒,E01140,,fluid_usage:红页L1HF:32:2:0.12%减阻水,
2685,0.12%减阻水@时间窗 W002,泵压特征,"施工泵压变化 起28.61→止33.77，变化5.16，均值31.6324，范围[28.61, 33.77]",E01140,E01141,fluid_usage:红页L1HF:32:2:0.12%减阻水,pressure_feature:红页L1HF:32:2
2686,0.12%减阻水@时间窗 W002,排量特征,"排量变化 起0.18→止2，变化1.82，均值1.6859，范围[0.18, 2]",E01140,E01142,fluid_usage:红页L1HF:32:2:0.12%减阻水,flow_feature:红页L1HF:32:2
2687,0.12%减阻水@时间窗 W002,砂比特征,砂比变化：0,E01140,E01143,fluid_usage:红页L1HF:32:2:0.12%减阻水,sand_feature:红页L1HF:32:2
2688,时间窗 W002,施工特征,"施工泵压变化 起28.61→止33.77，变化5.16，均值31.6324，范围[28.61, 33.77]",E01139,E01141,time_window:红页L1HF:32:2,pressure_feature:红页L1HF:32:2
2689,时间窗 W002,施工特征,"排量变化 起0.18→止2，变化1.82，均值1.6859，范围[0.18, 2]",E01139,E01142,time_window:红页L1HF:32:2,flow_feature:红页L1HF:32:2
2690,时间窗 W002,砂比特征,砂比变化：0,E01139,E01143,time_window:红页L1HF:32:2,sand_feature:红页L1HF:32:2
2691,段 32,包含时间窗,时间窗 W003,E01133,E01144,segment:红页L1HF:32,time_window:红页L1HF:32:3
2692,时间窗 W003,采用液型,15%HCl@时间窗 W003,E01144,E01145,time_window:红页L1HF:32:3,fluid_usage:红页L1HF:32:3:15%HCl
2693,15%HCl@时间窗 W003,液型类别,液型 15%HCl,E01145,E00016,fluid_usage:红页L1HF:32:3:15%HCl,fluid_type:15%HCl
2694,15%HCl@时间窗 W003,开始时间,2024-01-20 14:34:30,E01145,,fluid_usage:红页L1HF:32:3:15%HCl,
2695,15%HCl@时间窗 W003,结束时间,2024-01-20 14:44:30,E01145,,fluid_usage:红页L1HF:32:3:15%HCl,
2696,15%HCl@时间窗 W003,持续时间,10分钟,E01145,,fluid_usage:红页L1HF:32:3:15%HCl,
2697,15%HCl@时间窗 W003,泵压特征,"施工泵压变化 起33.93→止46.7，变化12.77，均值37.0041，范围[33.93, 50.1]",E01145,E01146,fluid_usage:红页L1HF:32:3:15%HCl,pressure_feature:红页L1HF:32:3
2698,15%HCl@时间窗 W003,排量特征,"排量变化 起2→止2，变化0，均值2，范围[2, 2]",E01145,E01147,fluid_usage:红页L1HF:32:3:15%HCl,flow_feature:红页L1HF:32:3
2699,15%HCl@时间窗 W003,砂比特征,砂比变化：0,E01145,E01148,fluid_usage:红页L1HF:32:3:15%HCl,sand_feature:红页L1HF:32:3
2700,时间窗 W003,施工特征,"施工泵压变化 起33.93→止46.7，变化12.77，均值37.0041，范围[33.93, 50.1]",E01144,E01146,time_window:红页L1HF:32:3,pressure_feature:红页L1HF:32:3
2701,时间窗 W003,施工特征,"排量变化 起2→止2，变化0，均值2，范围[2, 2]",E01144,E01147,time_window:红页L1HF:32:3,flow_feature:红页L1HF:32:3
2702,时间窗 W003,砂比特征,砂比变化：0,E01144,E01148,time_window:红页L1HF:32:3,sand_feature:红页L1HF:32:3
2703,段 32,包含时间窗,时间窗 W004,E01133,E01149,segment:红页L1HF:32,time_window:红页L1HF:32:4
2704,时间窗 W004,采用液型,0.25%减阻水@时间窗 W004,E01149,E01150,time_window:红页L1HF:32:4,fluid_usage:红页L1HF:32:4:0.25%减阻水
2705,0.25%减阻水@时间窗 W004,液型类别,液型 0.25%减阻水,E01150,E00022,fluid_usage:红页L1HF:32:4:0.25%减阻水,fluid_type:0.25%减阻水
2706,0.25%减阻水@时间窗 W004,开始时间,2024-01-20 14:44:40,E01150,,fluid_usage:红页L1HF:32:4:0.25%减阻水,
2707,0.25%减阻水@时间窗 W004,结束时间,2024-01-20 15:03:40,E01150,,fluid_usage:红页L1HF:32:4:0.25%减阻水,
2708,0.25%减阻水@时间窗 W004,持续时间,19分钟,E01150,,fluid_usage:红页L1HF:32:4:0.25%减阻水,
2709,0.25%减阻水@时间窗 W004,泵压特征,"施工泵压变化 起46.04→止63.21，变化17.17，均值60.1776，范围[44.63, 75.87]",E01150,E01151,fluid_usage:红页L1HF:32:4:0.25%减阻水,pressure_feature:红页L1HF:32:4
2710,0.25%减阻水@时间窗 W004,排量特征,"排量变化 起2→止24.05，变化22.05，均值14.5781，范围[2, 24.05]",E01150,E01152,fluid_usage:红页L1HF:32:4:0.25%减阻水,flow_feature:红页L1HF:32:4
2711,0.25%减阻水@时间窗 W004,砂比特征,砂比变化：0,E01150,E01153,fluid_usage:红页L1HF:32:4:0.25%减阻水,sand_feature:红页L1HF:32:4
2712,时间窗 W004,施工特征,"施工泵压变化 起46.04→止63.21，变化17.17，均值60.1776，范围[44.63, 75.87]",E01149,E01151,time_window:红页L1HF:32:4,pressure_feature:红页L1HF:32:4
2713,时间窗 W004,施工特征,"排量变化 起2→止24.05，变化22.05，均值14.5781，范围[2, 24.05]",E01149,E01152,time_window:红页L1HF:32:4,flow_feature:红页L1HF:32:4
2714,时间窗 W004,砂比特征,砂比变化：0,E01149,E01153,time_window:红页L1HF:32:4,sand_feature:红页L1HF:32:4
2715,段 32,包含时间窗,时间窗 W005,E01133,E01154,segment:红页L1HF:32,time_window:红页L1HF:32:5
2716,时间窗 W005,采用液型,0.18%减阻水@时间窗 W005,E01154,E01155,time_window:红页L1HF:32:5,fluid_usage:红页L1HF:32:5:0.18%减阻水
2717,0.18%减阻水@时间窗 W005,液型类别,液型 0.18%减阻水,E01155,E00033,fluid_usage:红页L1HF:32:5:0.18%减阻水,fluid_type:0.18%减阻水
2718,0.18%减阻水@时间窗 W005,开始时间,2024-01-20 15:03:50,E01155,,fluid_usage:红页L1HF:32:5:0.18%减阻水,
2719,0.18%减阻水@时间窗 W005,结束时间,2024-01-20 15:06:40,E01155,,fluid_usage:红页L1HF:32:5:0.18%减阻水,
2720,0.18%减阻水@时间窗 W005,持续时间,2分钟50秒,E01155,,fluid_usage:红页L1HF:32:5:0.18%减阻水,
2721,0.18%减阻水@时间窗 W005,泵压特征,"施工泵压变化 起63.18→止63.28，变化0.1，均值63.1856，范围[63.11, 63.3]",E01155,E01156,fluid_usage:红页L1HF:32:5:0.18%减阻水,pressure_feature:红页L1HF:32:5
2722,0.18%减阻水@时间窗 W005,排量特征,"排量变化 起24.05→止24.05，变化0，均值24.05，范围[24.05, 24.05]",E01155,E01157,fluid_usage:红页L1HF:32:5:0.18%减阻水,flow_feature:红页L1HF:32:5
2723,0.18%减阻水@时间窗 W005,砂比特征,"砂比变化 起3.1→止5.2，变化2.1，均值4.9313，范围[3.1, 5.8]",E01155,E01158,fluid_usage:红页L1HF:32:5:0.18%减阻水,sand_feature:红页L1HF:32:5
2724,时间窗 W005,施工特征,"施工泵压变化 起63.18→止63.28，变化0.1，均值63.1856，范围[63.11, 63.3]",E01154,E01156,time_window:红页L1HF:32:5,pressure_feature:红页L1HF:32:5
2725,时间窗 W005,施工特征,"排量变化 起24.05→止24.05，变化0，均值24.05，范围[24.05, 24.05]",E01154,E01157,time_window:红页L1HF:32:5,flow_feature:红页L1HF:32:5
2726,时间窗 W005,砂比特征,"砂比变化 起3.1→止5.2，变化2.1，均值4.9313，范围[3.1, 5.8]",E01154,E01158,time_window:红页L1HF:32:5,sand_feature:红页L1HF:32:5
2727,段 32,包含时间窗,时间窗 W006,E01133,E01159,segment:红页L1HF:32,time_window:红页L1HF:32:6
2728,时间窗 W006,采用液型,0.12%减阻水@时间窗 W006,E01159,E01160,time_window:红页L1HF:32:6,fluid_usage:红页L1HF:32:6:0.12%减阻水
2729,0.12%减阻水@时间窗 W006,液型类别,液型 0.12%减阻水,E01160,E00010,fluid_usage:红页L1HF:32:6:0.12%减阻水,fluid_type:0.12%减阻水
2730,0.12%减阻水@时间窗 W006,开始时间,2024-01-20 15:06:50,E01160,,fluid_usage:红页L1HF:32:6:0.12%减阻水,
2731,0.12%减阻水@时间窗 W006,结束时间,2024-01-20 15:32:20,E01160,,fluid_usage:红页L1HF:32:6:0.12%减阻水,
2732,0.12%减阻水@时间窗 W006,持续时间,25分钟30秒,E01160,,fluid_usage:红页L1HF:32:6:0.12%减阻水,
2733,0.12%减阻水@时间窗 W006,泵压特征,"施工泵压变化 起63.28→止63.17，变化-0.11，均值62.4027，范围[59.02, 63.33]",E01160,E01161,fluid_usage:红页L1HF:32:6:0.12%减阻水,pressure_feature:红页L1HF:32:6
2734,0.12%减阻水@时间窗 W006,排量特征,"排量变化 起24.05→止24.06，变化0.01，均值24.0541，范围[24.05, 24.07]",E01160,E01162,fluid_usage:红页L1HF:32:6:0.12%减阻水,flow_feature:红页L1HF:32:6
2735,0.12%减阻水@时间窗 W006,砂比特征,"砂比变化 起6.8→止11.1，变化4.3，均值10.2097，范围[0.1, 13.1]",E01160,E01163,fluid_usage:红页L1HF:32:6:0.12%减阻水,sand_feature:红页L1HF:32:6
2736,时间窗 W006,施工特征,"施工泵压变化 起63.28→止63.17，变化-0.11，均值62.4027，范围[59.02, 63.33]",E01159,E01161,time_window:红页L1HF:32:6,pressure_feature:红页L1HF:32:6
2737,时间窗 W006,施工特征,"排量变化 起24.05→止24.06，变化0.01，均值24.0541，范围[24.05, 24.07]",E01159,E01162,time_window:红页L1HF:32:6,flow_feature:红页L1HF:32:6
2738,时间窗 W006,砂比特征,"砂比变化 起6.8→止11.1，变化4.3，均值10.2097，范围[0.1, 13.1]",E01159,E01163,time_window:红页L1HF:32:6,sand_feature:红页L1HF:32:6
2739,段 32,包含时间窗,时间窗 W007,E01133,E01164,segment:红页L1HF:32,time_window:红页L1HF:32:7
2740,时间窗 W007,采用液型,0.18%减阻水@时间窗 W007,E01164,E01165,time_window:红页L1HF:32:7,fluid_usage:红页L1HF:32:7:0.18%减阻水
2741,0.18%减阻水@时间窗 W007,液型类别,液型 0.18%减阻水,E01165,E00033,fluid_usage:红页L1HF:32:7:0.18%减阻水,fluid_type:0.18%减阻水
2742,0.18%减阻水@时间窗 W007,开始时间,2024-01-20 15:32:30,E01165,,fluid_usage:红页L1HF:32:7:0.18%减阻水,
2743,0.18%减阻水@时间窗 W007,结束时间,2024-01-20 15:35:00,E01165,,fluid_usage:红页L1HF:32:7:0.18%减阻水,
2744,0.18%减阻水@时间窗 W007,持续时间,2分钟30秒,E01165,,fluid_usage:红页L1HF:32:7:0.18%减阻水,
2745,0.18%减阻水@时间窗 W007,泵压特征,"施工泵压变化 起63.19→止62.89，变化-0.3，均值63.0194，范围[62.89, 63.19]",E01165,E01166,fluid_usage:红页L1HF:32:7:0.18%减阻水,pressure_feature:红页L1HF:32:7
2746,0.18%减阻水@时间窗 W007,排量特征,"排量变化 起24.06→止24.06，变化0，均值24.06，范围[24.06, 24.06]",E01165,E01167,fluid_usage:红页L1HF:32:7:0.18%减阻水,flow_feature:红页L1HF:32:7
2747,0.18%减阻水@时间窗 W007,砂比特征,"砂比变化 起12→止0.2，变化-11.8，均值11.2688，范围[0.2, 12.1]",E01165,E01168,fluid_usage:红页L1HF:32:7:0.18%减阻水,sand_feature:红页L1HF:32:7
2748,时间窗 W007,施工特征,"施工泵压变化 起63.19→止62.89，变化-0.3，均值63.0194，范围[62.89, 63.19]",E01164,E01166,time_window:红页L1HF:32:7,pressure_feature:红页L1HF:32:7
2749,时间窗 W007,施工特征,"排量变化 起24.06→止24.06，变化0，均值24.06，范围[24.06, 24.06]",E01164,E01167,time_window:红页L1HF:32:7,flow_feature:红页L1HF:32:7
2750,时间窗 W007,砂比特征,"砂比变化 起12→止0.2，变化-11.8，均值11.2688，范围[0.2, 12.1]",E01164,E01168,time_window:红页L1HF:32:7,sand_feature:红页L1HF:32:7
2751,段 32,包含时间窗,时间窗 W008,E01133,E01169,segment:红页L1HF:32,time_window:红页L1HF:32:8
2752,时间窗 W008,采用液型,0.12%减阻水@时间窗 W008,E01169,E01170,time_window:红页L1HF:32:8,fluid_usage:红页L1HF:32:8:0.12%减阻水
2753,0.12%减阻水@时间窗 W008,液型类别,液型 0.12%减阻水,E01170,E00010,fluid_usage:红页L1HF:32:8:0.12%减阻水,fluid_type:0.12%减阻水
2754,0.12%减阻水@时间窗 W008,开始时间,2024-01-20 15:38:40,E01170,,fluid_usage:红页L1HF:32:8:0.12%减阻水,
2755,0.12%减阻水@时间窗 W008,结束时间,2024-01-20 16:11:20,E01170,,fluid_usage:红页L1HF:32:8:0.12%减阻水,
2756,0.12%减阻水@时间窗 W008,持续时间,32分钟40秒,E01170,,fluid_usage:红页L1HF:32:8:0.12%减阻水,
2757,0.12%减阻水@时间窗 W008,泵压特征,"施工泵压变化 起62.94→止67.39，变化4.45，均值68.1675，范围[62.93, 72.82]",E01170,E01171,fluid_usage:红页L1HF:32:8:0.12%减阻水,pressure_feature:红页L1HF:32:8
2758,0.12%减阻水@时间窗 W008,排量特征,"排量变化 起24.06→止24.05，变化-0.01，均值24.0502，范围[24.05, 24.06]",E01170,E01172,fluid_usage:红页L1HF:32:8:0.12%减阻水,flow_feature:红页L1HF:32:8
2759,0.12%减阻水@时间窗 W008,砂比特征,"砂比变化 起1→止10.5，变化9.5，均值9.7613，范围[0.5, 12.1]",E01170,E01173,fluid_usage:红页L1HF:32:8:0.12%减阻水,sand_feature:红页L1HF:32:8
2760,时间窗 W008,施工特征,"施工泵压变化 起62.94→止67.39，变化4.45，均值68.1675，范围[62.93, 72.82]",E01169,E01171,time_window:红页L1HF:32:8,pressure_feature:红页L1HF:32:8
2761,时间窗 W008,施工特征,"排量变化 起24.06→止24.05，变化-0.01，均值24.0502，范围[24.05, 24.06]",E01169,E01172,time_window:红页L1HF:32:8,flow_feature:红页L1HF:32:8
2762,时间窗 W008,砂比特征,"砂比变化 起1→止10.5，变化9.5，均值9.7613，范围[0.5, 12.1]",E01169,E01173,time_window:红页L1HF:32:8,sand_feature:红页L1HF:32:8
2763,段 32,包含时间窗,时间窗 W009,E01133,E01174,segment:红页L1HF:32,time_window:红页L1HF:32:9
2764,时间窗 W009,采用液型,0.18%减阻水@时间窗 W009,E01174,E01175,time_window:红页L1HF:32:9,fluid_usage:红页L1HF:32:9:0.18%减阻水
2765,0.18%减阻水@时间窗 W009,液型类别,液型 0.18%减阻水,E01175,E00033,fluid_usage:红页L1HF:32:9:0.18%减阻水,fluid_type:0.18%减阻水
2766,0.18%减阻水@时间窗 W009,开始时间,2024-01-20 16:11:30,E01175,,fluid_usage:红页L1HF:32:9:0.18%减阻水,
2767,0.18%减阻水@时间窗 W009,结束时间,2024-01-20 16:14:10,E01175,,fluid_usage:红页L1HF:32:9:0.18%减阻水,
2768,0.18%减阻水@时间窗 W009,持续时间,2分钟40秒,E01175,,fluid_usage:红页L1HF:32:9:0.18%减阻水,
2769,0.18%减阻水@时间窗 W009,泵压特征,"施工泵压变化 起67.37→止67.14，变化-0.23，均值67.2829，范围[67.14, 67.4]",E01175,E01176,fluid_usage:红页L1HF:32:9:0.18%减阻水,pressure_feature:红页L1HF:32:9
2770,0.18%减阻水@时间窗 W009,排量特征,"排量变化 起24.05→止24.05，变化0，均值24.05，范围[24.05, 24.05]",E01175,E01177,fluid_usage:红页L1HF:32:9:0.18%减阻水,flow_feature:红页L1HF:32:9
2771,0.18%减阻水@时间窗 W009,砂比特征,"砂比变化 起10.4→止0.7，变化-9.7，均值10.3706，范围[0.7, 11.1]",E01175,E01178,fluid_usage:红页L1HF:32:9:0.18%减阻水,sand_feature:红页L1HF:32:9
2772,时间窗 W009,施工特征,"施工泵压变化 起67.37→止67.14，变化-0.23，均值67.2829，范围[67.14, 67.4]",E01174,E01176,time_window:红页L1HF:32:9,pressure_feature:红页L1HF:32:9
2773,时间窗 W009,施工特征,"排量变化 起24.05→止24.05，变化0，均值24.05，范围[24.05, 24.05]",E01174,E01177,time_window:红页L1HF:32:9,flow_feature:红页L1HF:32:9
2774,时间窗 W009,砂比特征,"砂比变化 起10.4→止0.7，变化-9.7，均值10.3706，范围[0.7, 11.1]",E01174,E01178,time_window:红页L1HF:32:9,sand_feature:红页L1HF:32:9
2775,段 32,包含时间窗,时间窗 W010,E01133,E01179,segment:红页L1HF:32,time_window:红页L1HF:32:10
2776,时间窗 W010,采用液型,0.12%减阻水@时间窗 W010,E01179,E01180,time_window:红页L1HF:32:10,fluid_usage:红页L1HF:32:10:0.12%减阻水
2777,0.12%减阻水@时间窗 W010,液型类别,液型 0.12%减阻水,E01180,E00010,fluid_usage:红页L1HF:32:10:0.12%减阻水,fluid_type:0.12%减阻水
2778,0.12%减阻水@时间窗 W010,开始时间,2024-01-20 16:14:20,E01180,,fluid_usage:红页L1HF:32:10:0.12%减阻水,
2779,0.12%减阻水@时间窗 W010,结束时间,2024-01-20 16:33:20,E01180,,fluid_usage:红页L1HF:32:10:0.12%减阻水,
2780,0.12%减阻水@时间窗 W010,持续时间,19分钟,E01180,,fluid_usage:红页L1HF:32:10:0.12%减阻水,
2781,0.12%减阻水@时间窗 W010,泵压特征,"施工泵压变化 起67.16→止77.39，变化10.23，均值80.5936，范围[65.7, 88.54]",E01180,E01181,fluid_usage:红页L1HF:32:10:0.12%减阻水,pressure_feature:红页L1HF:32:10
2782,0.12%减阻水@时间窗 W010,排量特征,"排量变化 起24.05→止24.06，变化0.01，均值22.5322，范围[20.91, 24.06]",E01180,E01182,fluid_usage:红页L1HF:32:10:0.12%减阻水,flow_feature:红页L1HF:32:10
2783,0.12%减阻水@时间窗 W010,砂比特征,"砂比变化 起0.1→止11.2，变化11.1，均值8.2871，范围[0.1, 12.3]",E01180,E01183,fluid_usage:红页L1HF:32:10:0.12%减阻水,sand_feature:红页L1HF:32:10
2784,时间窗 W010,施工特征,"施工泵压变化 起67.16→止77.39，变化10.23，均值80.5936，范围[65.7, 88.54]",E01179,E01181,time_window:红页L1HF:32:10,pressure_feature:红页L1HF:32:10
2785,时间窗 W010,施工特征,"排量变化 起24.05→止24.06，变化0.01，均值22.5322，范围[20.91, 24.06]",E01179,E01182,time_window:红页L1HF:32:10,flow_feature:红页L1HF:32:10
2786,时间窗 W010,砂比特征,"砂比变化 起0.1→止11.2，变化11.1，均值8.2871，范围[0.1, 12.3]",E01179,E01183,time_window:红页L1HF:32:10,sand_feature:红页L1HF:32:10
2787,段 32,包含时间窗,时间窗 W011,E01133,E01184,segment:红页L1HF:32,time_window:红页L1HF:32:11
2788,时间窗 W011,采用液型,0.25%减阻水@时间窗 W011,E01184,E01185,time_window:红页L1HF:32:11,fluid_usage:红页L1HF:32:11:0.25%减阻水
2789,0.25%减阻水@时间窗 W011,液型类别,液型 0.25%减阻水,E01185,E00022,fluid_usage:红页L1HF:32:11:0.25%减阻水,fluid_type:0.25%减阻水
2790,0.25%减阻水@时间窗 W011,开始时间,2024-01-20 16:33:30,E01185,,fluid_usage:红页L1HF:32:11:0.25%减阻水,
2791,0.25%减阻水@时间窗 W011,结束时间,2024-01-20 16:36:50,E01185,,fluid_usage:红页L1HF:32:11:0.25%减阻水,
2792,0.25%减阻水@时间窗 W011,持续时间,3分钟20秒,E01185,,fluid_usage:红页L1HF:32:11:0.25%减阻水,
2793,0.25%减阻水@时间窗 W011,泵压特征,"施工泵压变化 起77.41→止76.75，变化-0.66，均值77.1114，范围[76.75, 77.53]",E01185,E01186,fluid_usage:红页L1HF:32:11:0.25%减阻水,pressure_feature:红页L1HF:32:11
2794,0.25%减阻水@时间窗 W011,排量特征,"排量变化 起24.06→止24.06，变化0，均值24.06，范围[24.06, 24.06]",E01185,E01187,fluid_usage:红页L1HF:32:11:0.25%减阻水,flow_feature:红页L1HF:32:11
2795,0.25%减阻水@时间窗 W011,砂比特征,"砂比变化 起12.1→止0.7，变化-11.4，均值11.8286，范围[0.7, 13.1]",E01185,E01188,fluid_usage:红页L1HF:32:11:0.25%减阻水,sand_feature:红页L1HF:32:11
2796,时间窗 W011,施工特征,"施工泵压变化 起77.41→止76.75，变化-0.66，均值77.1114，范围[76.75, 77.53]",E01184,E01186,time_window:红页L1HF:32:11,pressure_feature:红页L1HF:32:11
2797,时间窗 W011,施工特征,"排量变化 起24.06→止24.06，变化0，均值24.06，范围[24.06, 24.06]",E01184,E01187,time_window:红页L1HF:32:11,flow_feature:红页L1HF:32:11
2798,时间窗 W011,砂比特征,"砂比变化 起12.1→止0.7，变化-11.4，均值11.8286，范围[0.7, 13.1]",E01184,E01188,time_window:红页L1HF:32:11,sand_feature:红页L1HF:32:11
2799,段 32,包含时间窗,时间窗 W012,E01133,E01189,segment:红页L1HF:32,time_window:红页L1HF:32:12
2800,时间窗 W012,采用液型,0.12%减阻水@时间窗 W012,E01189,E01190,time_window:红页L1HF:32:12,fluid_usage:红页L1HF:32:12:0.12%减阻水
2801,0.12%减阻水@时间窗 W012,液型类别,液型 0.12%减阻水,E01190,E00010,fluid_usage:红页L1HF:32:12:0.12%减阻水,fluid_type:0.12%减阻水
2802,0.12%减阻水@时间窗 W012,开始时间,2024-01-20 16:37:00,E01190,,fluid_usage:红页L1HF:32:12:0.12%减阻水,
2803,0.12%减阻水@时间窗 W012,结束时间,2024-01-20 17:10:40,E01190,,fluid_usage:红页L1HF:32:12:0.12%减阻水,
2804,0.12%减阻水@时间窗 W012,持续时间,33分钟40秒,E01190,,fluid_usage:红页L1HF:32:12:0.12%减阻水,
2805,0.12%减阻水@时间窗 W012,泵压特征,"施工泵压变化 起76.81→止0，变化-76.81，均值38.7172，范围[0, 76.81]",E01190,E01191,fluid_usage:红页L1HF:32:12:0.12%减阻水,pressure_feature:红页L1HF:32:12
2806,0.12%减阻水@时间窗 W012,排量特征,"排量变化 起24.06→止0，变化-24.06，均值1.4884，范围[0, 24.06]",E01190,E01192,fluid_usage:红页L1HF:32:12:0.12%减阻水,flow_feature:红页L1HF:32:12
2807,0.12%减阻水@时间窗 W012,砂比特征,砂比变化：0,E01190,E01193,fluid_usage:红页L1HF:32:12:0.12%减阻水,sand_feature:红页L1HF:32:12
2808,时间窗 W012,施工特征,"施工泵压变化 起76.81→止0，变化-76.81，均值38.7172，范围[0, 76.81]",E01189,E01191,time_window:红页L1HF:32:12,pressure_feature:红页L1HF:32:12
2809,时间窗 W012,施工特征,"排量变化 起24.06→止0，变化-24.06，均值1.4884，范围[0, 24.06]",E01189,E01192,time_window:红页L1HF:32:12,flow_feature:红页L1HF:32:12
2810,时间窗 W012,砂比特征,砂比变化：0,E01189,E01193,time_window:红页L1HF:32:12,sand_feature:红页L1HF:32:12
2811,井 红页L1HF,包含段,段 33,E00001,E01194,well:红页L1HF,segment:红页L1HF:33
2812,段 33,包含时间窗,时间窗 W001,E01194,E01195,segment:红页L1HF:33,time_window:红页L1HF:33:1
2813,时间窗 W001,采用液型,0.12%减阻水@时间窗 W001,E01195,E01196,time_window:红页L1HF:33:1,fluid_usage:红页L1HF:33:1:0.12%减阻水
2814,0.12%减阻水@时间窗 W001,液型类别,液型 0.12%减阻水,E01196,E00010,fluid_usage:红页L1HF:33:1:0.12%减阻水,fluid_type:0.12%减阻水
2815,0.12%减阻水@时间窗 W001,开始时间,2024-01-21 08:00:50,E01196,,fluid_usage:红页L1HF:33:1:0.12%减阻水,
2816,0.12%减阻水@时间窗 W001,结束时间,2024-01-21 08:03:40,E01196,,fluid_usage:红页L1HF:33:1:0.12%减阻水,
2817,0.12%减阻水@时间窗 W001,持续时间,2分钟50秒,E01196,,fluid_usage:红页L1HF:33:1:0.12%减阻水,
2818,0.12%减阻水@时间窗 W001,泵压特征,"施工泵压变化 起19.72→止31.22，变化11.5，均值27.5788，范围[19.72, 31.22]",E01196,E01197,fluid_usage:红页L1HF:33:1:0.12%减阻水,pressure_feature:红页L1HF:33:1
2819,0.12%减阻水@时间窗 W001,排量特征,"排量变化 起0.13→止1.99，变化1.86，均值1.6712，范围[0.13, 1.99]",E01196,E01198,fluid_usage:红页L1HF:33:1:0.12%减阻水,flow_feature:红页L1HF:33:1
2820,0.12%减阻水@时间窗 W001,砂比特征,砂比变化：0,E01196,E01199,fluid_usage:红页L1HF:33:1:0.12%减阻水,sand_feature:红页L1HF:33:1
2821,时间窗 W001,施工特征,"施工泵压变化 起19.72→止31.22，变化11.5，均值27.5788，范围[19.72, 31.22]",E01195,E01197,time_window:红页L1HF:33:1,pressure_feature:红页L1HF:33:1
2822,时间窗 W001,施工特征,"排量变化 起0.13→止1.99，变化1.86，均值1.6712，范围[0.13, 1.99]",E01195,E01198,time_window:红页L1HF:33:1,flow_feature:红页L1HF:33:1
2823,时间窗 W001,砂比特征,砂比变化：0,E01195,E01199,time_window:红页L1HF:33:1,sand_feature:红页L1HF:33:1
2824,段 33,包含时间窗,时间窗 W002,E01194,E01200,segment:红页L1HF:33,time_window:红页L1HF:33:2
2825,时间窗 W002,采用液型,15%HCl@时间窗 W002,E01200,E01201,time_window:红页L1HF:33:2,fluid_usage:红页L1HF:33:2:15%HCl
2826,15%HCl@时间窗 W002,液型类别,液型 15%HCl,E01201,E00016,fluid_usage:红页L1HF:33:2:15%HCl,fluid_type:15%HCl
2827,15%HCl@时间窗 W002,开始时间,2024-01-21 08:03:50,E01201,,fluid_usage:红页L1HF:33:2:15%HCl,
2828,15%HCl@时间窗 W002,结束时间,2024-01-21 08:13:50,E01201,,fluid_usage:红页L1HF:33:2:15%HCl,
2829,15%HCl@时间窗 W002,持续时间,10分钟,E01201,,fluid_usage:红页L1HF:33:2:15%HCl,
2830,15%HCl@时间窗 W002,泵压特征,"施工泵压变化 起31.46→止46.76，变化15.3，均值35.9138，范围[31.46, 47.43]",E01201,E01202,fluid_usage:红页L1HF:33:2:15%HCl,pressure_feature:红页L1HF:33:2
2831,15%HCl@时间窗 W002,排量特征,"排量变化 起1.99→止1.99，变化0，均值1.99，范围[1.99, 1.99]",E01201,E01203,fluid_usage:红页L1HF:33:2:15%HCl,flow_feature:红页L1HF:33:2
2832,15%HCl@时间窗 W002,砂比特征,砂比变化：0,E01201,E01204,fluid_usage:红页L1HF:33:2:15%HCl,sand_feature:红页L1HF:33:2
2833,时间窗 W002,施工特征,"施工泵压变化 起31.46→止46.76，变化15.3，均值35.9138，范围[31.46, 47.43]",E01200,E01202,time_window:红页L1HF:33:2,pressure_feature:红页L1HF:33:2
2834,时间窗 W002,施工特征,"排量变化 起1.99→止1.99，变化0，均值1.99，范围[1.99, 1.99]",E01200,E01203,time_window:红页L1HF:33:2,flow_feature:红页L1HF:33:2
2835,时间窗 W002,砂比特征,砂比变化：0,E01200,E01204,time_window:红页L1HF:33:2,sand_feature:红页L1HF:33:2
2836,段 33,包含时间窗,时间窗 W003,E01194,E01205,segment:红页L1HF:33,time_window:红页L1HF:33:3
2837,时间窗 W003,采用液型,0.25%减阻水@时间窗 W003,E01205,E01206,time_window:红页L1HF:33:3,fluid_usage:红页L1HF:33:3:0.25%减阻水
2838,0.25%减阻水@时间窗 W003,液型类别,液型 0.25%减阻水,E01206,E00022,fluid_usage:红页L1HF:33:3:0.25%减阻水,fluid_type:0.25%减阻水
2839,0.25%减阻水@时间窗 W003,开始时间,2024-01-21 08:14:00,E01206,,fluid_usage:红页L1HF:33:3:0.25%减阻水,
2840,0.25%减阻水@时间窗 W003,结束时间,2024-01-21 08:31:50,E01206,,fluid_usage:红页L1HF:33:3:0.25%减阻水,
2841,0.25%减阻水@时间窗 W003,持续时间,17分钟50秒,E01206,,fluid_usage:红页L1HF:33:3:0.25%减阻水,
2842,0.25%减阻水@时间窗 W003,泵压特征,"施工泵压变化 起46.04→止60.25，变化14.21，均值59.6445，范围[45.2, 79.98]",E01206,E01207,fluid_usage:红页L1HF:33:3:0.25%减阻水,pressure_feature:红页L1HF:33:3
2843,0.25%减阻水@时间窗 W003,排量特征,"排量变化 起1.99→止24.05，变化22.06，均值15.3385，范围[1.99, 24.05]",E01206,E01208,fluid_usage:红页L1HF:33:3:0.25%减阻水,flow_feature:红页L1HF:33:3
2844,0.25%减阻水@时间窗 W003,砂比特征,"砂比变化 起0.1→止0.1，变化0，均值0.1，范围[0.1, 0.1]",E01206,E01209,fluid_usage:红页L1HF:33:3:0.25%减阻水,sand_feature:红页L1HF:33:3
2845,时间窗 W003,施工特征,"施工泵压变化 起46.04→止60.25，变化14.21，均值59.6445，范围[45.2, 79.98]",E01205,E01207,time_window:红页L1HF:33:3,pressure_feature:红页L1HF:33:3
2846,时间窗 W003,施工特征,"排量变化 起1.99→止24.05，变化22.06，均值15.3385，范围[1.99, 24.05]",E01205,E01208,time_window:红页L1HF:33:3,flow_feature:红页L1HF:33:3
2847,时间窗 W003,砂比特征,"砂比变化 起0.1→止0.1，变化0，均值0.1，范围[0.1, 0.1]",E01205,E01209,time_window:红页L1HF:33:3,sand_feature:红页L1HF:33:3
2848,段 33,包含时间窗,时间窗 W004,E01194,E01210,segment:红页L1HF:33,time_window:红页L1HF:33:4
2849,时间窗 W004,采用液型,0.18%减阻水@时间窗 W004,E01210,E01211,time_window:红页L1HF:33:4,fluid_usage:红页L1HF:33:4:0.18%减阻水
2850,0.18%减阻水@时间窗 W004,液型类别,液型 0.18%减阻水,E01211,E00033,fluid_usage:红页L1HF:33:4:0.18%减阻水,fluid_type:0.18%减阻水
2851,0.18%减阻水@时间窗 W004,开始时间,2024-01-21 08:32:10,E01211,,fluid_usage:红页L1HF:33:4:0.18%减阻水,
2852,0.18%减阻水@时间窗 W004,结束时间,2024-01-21 08:34:40,E01211,,fluid_usage:红页L1HF:33:4:0.18%减阻水,
2853,0.18%减阻水@时间窗 W004,持续时间,2分钟30秒,E01211,,fluid_usage:红页L1HF:33:4:0.18%减阻水,
2854,0.18%减阻水@时间窗 W004,泵压特征,"施工泵压变化 起60.28→止58.55，变化-1.73，均值59.455，范围[58.55, 60.28]",E01211,E01212,fluid_usage:红页L1HF:33:4:0.18%减阻水,pressure_feature:红页L1HF:33:4
2855,0.18%减阻水@时间窗 W004,排量特征,"排量变化 起24.05→止24.05，变化0，均值24.05，范围[24.05, 24.05]",E01211,E01213,fluid_usage:红页L1HF:33:4:0.18%减阻水,flow_feature:红页L1HF:33:4
2856,0.18%减阻水@时间窗 W004,砂比特征,"砂比变化 起5.8→止5，变化-0.8，均值5.0375，范围[4.8, 5.8]",E01211,E01214,fluid_usage:红页L1HF:33:4:0.18%减阻水,sand_feature:红页L1HF:33:4
2857,时间窗 W004,施工特征,"施工泵压变化 起60.28→止58.55，变化-1.73，均值59.455，范围[58.55, 60.28]",E01210,E01212,time_window:红页L1HF:33:4,pressure_feature:红页L1HF:33:4
2858,时间窗 W004,施工特征,"排量变化 起24.05→止24.05，变化0，均值24.05，范围[24.05, 24.05]",E01210,E01213,time_window:红页L1HF:33:4,flow_feature:红页L1HF:33:4
2859,时间窗 W004,砂比特征,"砂比变化 起5.8→止5，变化-0.8，均值5.0375，范围[4.8, 5.8]",E01210,E01214,time_window:红页L1HF:33:4,sand_feature:红页L1HF:33:4
2860,段 33,包含时间窗,时间窗 W005,E01194,E01215,segment:红页L1HF:33,time_window:红页L1HF:33:5
2861,时间窗 W005,采用液型,0.12%减阻水@时间窗 W005,E01215,E01216,time_window:红页L1HF:33:5,fluid_usage:红页L1HF:33:5:0.12%减阻水
2862,0.12%减阻水@时间窗 W005,液型类别,液型 0.12%减阻水,E01216,E00010,fluid_usage:红页L1HF:33:5:0.12%减阻水,fluid_type:0.12%减阻水
2863,0.12%减阻水@时间窗 W005,开始时间,2024-01-21 08:34:50,E01216,,fluid_usage:红页L1HF:33:5:0.12%减阻水,
2864,0.12%减阻水@时间窗 W005,结束时间,2024-01-21 09:02:30,E01216,,fluid_usage:红页L1HF:33:5:0.12%减阻水,
2865,0.12%减阻水@时间窗 W005,持续时间,27分钟40秒,E01216,,fluid_usage:红页L1HF:33:5:0.12%减阻水,
2866,0.12%减阻水@时间窗 W005,泵压特征,"施工泵压变化 起58.58→止57.64，变化-0.94，均值58.0234，范围[57.46, 58.6]",E01216,E01217,fluid_usage:红页L1HF:33:5:0.12%减阻水,pressure_feature:红页L1HF:33:5
2867,0.12%减阻水@时间窗 W005,排量特征,"排量变化 起24.05→止24.04，变化-0.01，均值24.0487，范围[24.04, 24.05]",E01216,E01218,fluid_usage:红页L1HF:33:5:0.12%减阻水,flow_feature:红页L1HF:33:5
2868,0.12%减阻水@时间窗 W005,砂比特征,"砂比变化 起6.1→止12.1，变化6，均值9.4333，范围[0.5, 12.1]",E01216,E01219,fluid_usage:红页L1HF:33:5:0.12%减阻水,sand_feature:红页L1HF:33:5
2869,时间窗 W005,施工特征,"施工泵压变化 起58.58→止57.64，变化-0.94，均值58.0234，范围[57.46, 58.6]",E01215,E01217,time_window:红页L1HF:33:5,pressure_feature:红页L1HF:33:5
2870,时间窗 W005,施工特征,"排量变化 起24.05→止24.04，变化-0.01，均值24.0487，范围[24.04, 24.05]",E01215,E01218,time_window:红页L1HF:33:5,flow_feature:红页L1HF:33:5
2871,时间窗 W005,砂比特征,"砂比变化 起6.1→止12.1，变化6，均值9.4333，范围[0.5, 12.1]",E01215,E01219,time_window:红页L1HF:33:5,sand_feature:红页L1HF:33:5
2872,段 33,包含时间窗,时间窗 W006,E01194,E01220,segment:红页L1HF:33,time_window:红页L1HF:33:6
2873,时间窗 W006,采用液型,0.18%减阻水@时间窗 W006,E01220,E01221,time_window:红页L1HF:33:6,fluid_usage:红页L1HF:33:6:0.18%减阻水
2874,0.18%减阻水@时间窗 W006,液型类别,液型 0.18%减阻水,E01221,E00033,fluid_usage:红页L1HF:33:6:0.18%减阻水,fluid_type:0.18%减阻水
2875,0.18%减阻水@时间窗 W006,开始时间,2024-01-21 09:02:40,E01221,,fluid_usage:红页L1HF:33:6:0.18%减阻水,
2876,0.18%减阻水@时间窗 W006,结束时间,2024-01-21 09:05:20,E01221,,fluid_usage:红页L1HF:33:6:0.18%减阻水,
2877,0.18%减阻水@时间窗 W006,持续时间,2分钟40秒,E01221,,fluid_usage:红页L1HF:33:6:0.18%减阻水,
2878,0.18%减阻水@时间窗 W006,泵压特征,"施工泵压变化 起57.62→止57.48，变化-0.14，均值57.5612，范围[57.48, 57.62]",E01221,E01222,fluid_usage:红页L1HF:33:6:0.18%减阻水,pressure_feature:红页L1HF:33:6
2879,0.18%减阻水@时间窗 W006,排量特征,"排量变化 起24.04→止24.04，变化0，均值24.04，范围[24.04, 24.04]",E01221,E01223,fluid_usage:红页L1HF:33:6:0.18%减阻水,flow_feature:红页L1HF:33:6
2880,0.18%减阻水@时间窗 W006,砂比特征,"砂比变化 起11.2→止1，变化-10.2，均值11.3059，范围[1, 12]",E01221,E01224,fluid_usage:红页L1HF:33:6:0.18%减阻水,sand_feature:红页L1HF:33:6
2881,时间窗 W006,施工特征,"施工泵压变化 起57.62→止57.48，变化-0.14，均值57.5612，范围[57.48, 57.62]",E01220,E01222,time_window:红页L1HF:33:6,pressure_feature:红页L1HF:33:6
2882,时间窗 W006,施工特征,"排量变化 起24.04→止24.04，变化0，均值24.04，范围[24.04, 24.04]",E01220,E01223,time_window:红页L1HF:33:6,flow_feature:红页L1HF:33:6
2883,时间窗 W006,砂比特征,"砂比变化 起11.2→止1，变化-10.2，均值11.3059，范围[1, 12]",E01220,E01224,time_window:红页L1HF:33:6,sand_feature:红页L1HF:33:6
2884,段 33,包含时间窗,时间窗 W007,E01194,E01225,segment:红页L1HF:33,time_window:红页L1HF:33:7
2885,时间窗 W007,采用液型,0.12%减阻水@时间窗 W007,E01225,E01226,time_window:红页L1HF:33:7,fluid_usage:红页L1HF:33:7:0.12%减阻水
2886,0.12%减阻水@时间窗 W007,液型类别,液型 0.12%减阻水,E01226,E00010,fluid_usage:红页L1HF:33:7:0.12%减阻水,fluid_type:0.12%减阻水
2887,0.12%减阻水@时间窗 W007,开始时间,2024-01-21 09:09:00,E01226,,fluid_usage:红页L1HF:33:7:0.12%减阻水,
2888,0.12%减阻水@时间窗 W007,结束时间,2024-01-21 09:20:30,E01226,,fluid_usage:红页L1HF:33:7:0.12%减阻水,
2889,0.12%减阻水@时间窗 W007,持续时间,11分钟30秒,E01226,,fluid_usage:红页L1HF:33:7:0.12%减阻水,
2890,0.12%减阻水@时间窗 W007,泵压特征,"施工泵压变化 起57.4→止57.19，变化-0.21，均值57.2997，范围[57.17, 57.57]",E01226,E01227,fluid_usage:红页L1HF:33:7:0.12%减阻水,pressure_feature:红页L1HF:33:7
2891,0.12%减阻水@时间窗 W007,排量特征,"排量变化 起24.04→止24.04，变化0，均值24.04，范围[24.04, 24.04]",E01226,E01228,fluid_usage:红页L1HF:33:7:0.12%减阻水,flow_feature:红页L1HF:33:7
2892,0.12%减阻水@时间窗 W007,砂比特征,"砂比变化 起5.3→止11，变化5.7，均值10.1172，范围[5.3, 12.1]",E01226,E01229,fluid_usage:红页L1HF:33:7:0.12%减阻水,sand_feature:红页L1HF:33:7
2893,时间窗 W007,施工特征,"施工泵压变化 起57.4→止57.19，变化-0.21，均值57.2997，范围[57.17, 57.57]",E01225,E01227,time_window:红页L1HF:33:7,pressure_feature:红页L1HF:33:7
2894,时间窗 W007,施工特征,"排量变化 起24.04→止24.04，变化0，均值24.04，范围[24.04, 24.04]",E01225,E01228,time_window:红页L1HF:33:7,flow_feature:红页L1HF:33:7
2895,时间窗 W007,砂比特征,"砂比变化 起5.3→止11，变化5.7，均值10.1172，范围[5.3, 12.1]",E01225,E01229,time_window:红页L1HF:33:7,sand_feature:红页L1HF:33:7
2896,段 33,包含时间窗,时间窗 W008,E01194,E01230,segment:红页L1HF:33,time_window:红页L1HF:33:8
2897,时间窗 W008,采用液型,0.18%减阻水@时间窗 W008,E01230,E01231,time_window:红页L1HF:33:8,fluid_usage:红页L1HF:33:8:0.18%减阻水
2898,0.18%减阻水@时间窗 W008,液型类别,液型 0.18%减阻水,E01231,E00033,fluid_usage:红页L1HF:33:8:0.18%减阻水,fluid_type:0.18%减阻水
2899,0.18%减阻水@时间窗 W008,开始时间,2024-01-21 09:20:40,E01231,,fluid_usage:红页L1HF:33:8:0.18%减阻水,
2900,0.18%减阻水@时间窗 W008,结束时间,2024-01-21 09:23:10,E01231,,fluid_usage:红页L1HF:33:8:0.18%减阻水,
2901,0.18%减阻水@时间窗 W008,持续时间,2分钟30秒,E01231,,fluid_usage:红页L1HF:33:8:0.18%减阻水,
2902,0.18%减阻水@时间窗 W008,泵压特征,"施工泵压变化 起57.2→止57.17，变化-0.03，均值57.1753，范围[57.1, 57.25]",E01231,E01232,fluid_usage:红页L1HF:33:8:0.18%减阻水,pressure_feature:红页L1HF:33:8
2903,0.18%减阻水@时间窗 W008,排量特征,"排量变化 起24.04→止24.04，变化0，均值24.04，范围[24.04, 24.04]",E01231,E01233,fluid_usage:红页L1HF:33:8:0.18%减阻水,flow_feature:红页L1HF:33:8
2904,0.18%减阻水@时间窗 W008,砂比特征,"砂比变化 起11.6→止12.1，变化0.5，均值12.0667，范围[11.6, 12.1]",E01231,E01234,fluid_usage:红页L1HF:33:8:0.18%减阻水,sand_feature:红页L1HF:33:8
2905,时间窗 W008,施工特征,"施工泵压变化 起57.2→止57.17，变化-0.03，均值57.1753，范围[57.1, 57.25]",E01230,E01232,time_window:红页L1HF:33:8,pressure_feature:红页L1HF:33:8
2906,时间窗 W008,施工特征,"排量变化 起24.04→止24.04，变化0，均值24.04，范围[24.04, 24.04]",E01230,E01233,time_window:红页L1HF:33:8,flow_feature:红页L1HF:33:8
2907,时间窗 W008,砂比特征,"砂比变化 起11.6→止12.1，变化0.5，均值12.0667，范围[11.6, 12.1]",E01230,E01234,time_window:红页L1HF:33:8,sand_feature:红页L1HF:33:8
2908,段 33,包含时间窗,时间窗 W009,E01194,E01235,segment:红页L1HF:33,time_window:红页L1HF:33:9
2909,时间窗 W009,采用液型,0.12%减阻水@时间窗 W009,E01235,E01236,time_window:红页L1HF:33:9,fluid_usage:红页L1HF:33:9:0.12%减阻水
2910,0.12%减阻水@时间窗 W009,液型类别,液型 0.12%减阻水,E01236,E00010,fluid_usage:红页L1HF:33:9:0.12%减阻水,fluid_type:0.12%减阻水
2911,0.12%减阻水@时间窗 W009,开始时间,2024-01-21 09:23:20,E01236,,fluid_usage:红页L1HF:33:9:0.12%减阻水,
2912,0.12%减阻水@时间窗 W009,结束时间,2024-01-21 09:58:40,E01236,,fluid_usage:红页L1HF:33:9:0.12%减阻水,
2913,0.12%减阻水@时间窗 W009,持续时间,35分钟20秒,E01236,,fluid_usage:红页L1HF:33:9:0.12%减阻水,
2914,0.12%减阻水@时间窗 W009,泵压特征,"施工泵压变化 起57.1→止61.15，变化4.05，均值59.1448，范围[57.1, 62.64]",E01236,E01237,fluid_usage:红页L1HF:33:9:0.12%减阻水,pressure_feature:红页L1HF:33:9
2915,0.12%减阻水@时间窗 W009,排量特征,"排量变化 起24.04→止24.05，变化0.01，均值24.0439，范围[24.04, 24.05]",E01236,E01238,fluid_usage:红页L1HF:33:9:0.12%减阻水,flow_feature:红页L1HF:33:9
2916,0.12%减阻水@时间窗 W009,砂比特征,"砂比变化 起0.3→止12.1，变化11.8，均值10.5803，范围[0.3, 13.1]",E01236,E01239,fluid_usage:红页L1HF:33:9:0.12%减阻水,sand_feature:红页L1HF:33:9
2917,时间窗 W009,施工特征,"施工泵压变化 起57.1→止61.15，变化4.05，均值59.1448，范围[57.1, 62.64]",E01235,E01237,time_window:红页L1HF:33:9,pressure_feature:红页L1HF:33:9
2918,时间窗 W009,施工特征,"排量变化 起24.04→止24.05，变化0.01，均值24.0439，范围[24.04, 24.05]",E01235,E01238,time_window:红页L1HF:33:9,flow_feature:红页L1HF:33:9
2919,时间窗 W009,砂比特征,"砂比变化 起0.3→止12.1，变化11.8，均值10.5803，范围[0.3, 13.1]",E01235,E01239,time_window:红页L1HF:33:9,sand_feature:红页L1HF:33:9
2920,段 33,包含时间窗,时间窗 W010,E01194,E01240,segment:红页L1HF:33,time_window:红页L1HF:33:10
2921,时间窗 W010,采用液型,0.25%减阻水@时间窗 W010,E01240,E01241,time_window:红页L1HF:33:10,fluid_usage:红页L1HF:33:10:0.25%减阻水
2922,0.25%减阻水@时间窗 W010,液型类别,液型 0.25%减阻水,E01241,E00022,fluid_usage:红页L1HF:33:10:0.25%减阻水,fluid_type:0.25%减阻水
2923,0.25%减阻水@时间窗 W010,开始时间,2024-01-21 09:58:50,E01241,,fluid_usage:红页L1HF:33:10:0.25%减阻水,
2924,0.25%减阻水@时间窗 W010,结束时间,2024-01-21 10:02:30,E01241,,fluid_usage:红页L1HF:33:10:0.25%减阻水,
2925,0.25%减阻水@时间窗 W010,持续时间,3分钟40秒,E01241,,fluid_usage:红页L1HF:33:10:0.25%减阻水,
2926,0.25%减阻水@时间窗 W010,泵压特征,"施工泵压变化 起61.19→止60.84，变化-0.35，均值61.0652，范围[60.84, 61.28]",E01241,E01242,fluid_usage:红页L1HF:33:10:0.25%减阻水,pressure_feature:红页L1HF:33:10
2927,0.25%减阻水@时间窗 W010,排量特征,"排量变化 起24.05→止24.05，变化0，均值24.05，范围[24.05, 24.05]",E01241,E01243,fluid_usage:红页L1HF:33:10:0.25%减阻水,flow_feature:红页L1HF:33:10
2928,0.25%减阻水@时间窗 W010,砂比特征,"砂比变化 起10.4→止1.1，变化-9.3，均值11.8913，范围[1.1, 13.1]",E01241,E01244,fluid_usage:红页L1HF:33:10:0.25%减阻水,sand_feature:红页L1HF:33:10
2929,时间窗 W010,施工特征,"施工泵压变化 起61.19→止60.84，变化-0.35，均值61.0652，范围[60.84, 61.28]",E01240,E01242,time_window:红页L1HF:33:10,pressure_feature:红页L1HF:33:10
2930,时间窗 W010,施工特征,"排量变化 起24.05→止24.05，变化0，均值24.05，范围[24.05, 24.05]",E01240,E01243,time_window:红页L1HF:33:10,flow_feature:红页L1HF:33:10
2931,时间窗 W010,砂比特征,"砂比变化 起10.4→止1.1，变化-9.3，均值11.8913，范围[1.1, 13.1]",E01240,E01244,time_window:红页L1HF:33:10,sand_feature:红页L1HF:33:10
2932,段 33,包含时间窗,时间窗 W011,E01194,E01245,segment:红页L1HF:33,time_window:红页L1HF:33:11
2933,时间窗 W011,采用液型,0.12%减阻水@时间窗 W011,E01245,E01246,time_window:红页L1HF:33:11,fluid_usage:红页L1HF:33:11:0.12%减阻水
2934,0.12%减阻水@时间窗 W011,液型类别,液型 0.12%减阻水,E01246,E00010,fluid_usage:红页L1HF:33:11:0.12%减阻水,fluid_type:0.12%减阻水
2935,0.12%减阻水@时间窗 W011,开始时间,2024-01-21 10:02:40,E01246,,fluid_usage:红页L1HF:33:11:0.12%减阻水,
2936,0.12%减阻水@时间窗 W011,结束时间,2024-01-21 10:33:50,E01246,,fluid_usage:红页L1HF:33:11:0.12%减阻水,
2937,0.12%减阻水@时间窗 W011,持续时间,31分钟10秒,E01246,,fluid_usage:红页L1HF:33:11:0.12%减阻水,
2938,0.12%减阻水@时间窗 W011,泵压特征,"施工泵压变化 起60.75→止0，变化-60.75，均值38.8971，范围[0, 60.75]",E01246,E01247,fluid_usage:红页L1HF:33:11:0.12%减阻水,pressure_feature:红页L1HF:33:11
2939,0.12%减阻水@时间窗 W011,排量特征,"排量变化 起24.05→止0，变化-24.05，均值1.3282，范围[0, 24.05]",E01246,E01248,fluid_usage:红页L1HF:33:11:0.12%减阻水,flow_feature:红页L1HF:33:11
2940,0.12%减阻水@时间窗 W011,砂比特征,砂比变化：0,E01246,E01249,fluid_usage:红页L1HF:33:11:0.12%减阻水,sand_feature:红页L1HF:33:11
2941,时间窗 W011,施工特征,"施工泵压变化 起60.75→止0，变化-60.75，均值38.8971，范围[0, 60.75]",E01245,E01247,time_window:红页L1HF:33:11,pressure_feature:红页L1HF:33:11
2942,时间窗 W011,施工特征,"排量变化 起24.05→止0，变化-24.05，均值1.3282，范围[0, 24.05]",E01245,E01248,time_window:红页L1HF:33:11,flow_feature:红页L1HF:33:11
2943,时间窗 W011,砂比特征,砂比变化：0,E01245,E01249,time_window:红页L1HF:33:11,sand_feature:红页L1HF:33:11
2944,井 红页L1HF,包含段,段 34,E00001,E01250,well:红页L1HF,segment:红页L1HF:34
2945,段 34,包含时间窗,时间窗 W001,E01250,E01251,segment:红页L1HF:34,time_window:红页L1HF:34:1
2946,时间窗 W001,采用液型,0@时间窗 W001,E01251,E01252,time_window:红页L1HF:34:1,fluid_usage:红页L1HF:34:1:0
2947,0@时间窗 W001,液型类别,液型 0,E01252,E00044,fluid_usage:红页L1HF:34:1:0,fluid_type:0
2948,0@时间窗 W001,开始时间,2024-01-21 14:15:10,E01252,,fluid_usage:红页L1HF:34:1:0,
2949,0@时间窗 W001,结束时间,2024-01-21 14:15:21,E01252,,fluid_usage:红页L1HF:34:1:0,
2950,0@时间窗 W001,持续时间,11秒,E01252,,fluid_usage:红页L1HF:34:1:0,
2951,0@时间窗 W001,泵压特征,"施工泵压变化 起6.81→止25.64，变化18.83，均值19.49，范围[6.81, 26.02]",E01252,E01253,fluid_usage:红页L1HF:34:1:0,pressure_feature:红页L1HF:34:1
2952,0@时间窗 W001,排量特征,"排量变化 起0→止0，变化0，均值0，范围[0, 0]",E01252,E01254,fluid_usage:红页L1HF:34:1:0,flow_feature:红页L1HF:34:1
2953,0@时间窗 W001,砂比特征,砂比变化：0,E01252,E01255,fluid_usage:红页L1HF:34:1:0,sand_feature:红页L1HF:34:1
2954,时间窗 W001,施工特征,"施工泵压变化 起6.81→止25.64，变化18.83，均值19.49，范围[6.81, 26.02]",E01251,E01253,time_window:红页L1HF:34:1,pressure_feature:红页L1HF:34:1
2955,时间窗 W001,施工特征,"排量变化 起0→止0，变化0，均值0，范围[0, 0]",E01251,E01254,time_window:红页L1HF:34:1,flow_feature:红页L1HF:34:1
2956,时间窗 W001,砂比特征,砂比变化：0,E01251,E01255,time_window:红页L1HF:34:1,sand_feature:红页L1HF:34:1
2957,段 34,包含时间窗,时间窗 W002,E01250,E01256,segment:红页L1HF:34,time_window:红页L1HF:34:2
2958,时间窗 W002,采用液型,0.12%减阻水@时间窗 W002,E01256,E01257,time_window:红页L1HF:34:2,fluid_usage:红页L1HF:34:2:0.12%减阻水
2959,0.12%减阻水@时间窗 W002,液型类别,液型 0.12%减阻水,E01257,E00010,fluid_usage:红页L1HF:34:2:0.12%减阻水,fluid_type:0.12%减阻水
2960,0.12%减阻水@时间窗 W002,开始时间,2024-01-21 14:15:30,E01257,,fluid_usage:红页L1HF:34:2:0.12%减阻水,
2961,0.12%减阻水@时间窗 W002,结束时间,2024-01-21 14:18:30,E01257,,fluid_usage:红页L1HF:34:2:0.12%减阻水,
2962,0.12%减阻水@时间窗 W002,持续时间,3分钟,E01257,,fluid_usage:红页L1HF:34:2:0.12%减阻水,
2963,0.12%减阻水@时间窗 W002,泵压特征,"施工泵压变化 起27.67→止30.05，变化2.38，均值29.2576，范围[27.67, 30.05]",E01257,E01258,fluid_usage:红页L1HF:34:2:0.12%减阻水,pressure_feature:红页L1HF:34:2
2964,0.12%减阻水@时间窗 W002,排量特征,"排量变化 起0.33→止1.05，变化0.72，均值0.9924，范围[0.33, 1.05]",E01257,E01259,fluid_usage:红页L1HF:34:2:0.12%减阻水,flow_feature:红页L1HF:34:2
2965,0.12%减阻水@时间窗 W002,砂比特征,砂比变化：0,E01257,E01260,fluid_usage:红页L1HF:34:2:0.12%减阻水,sand_feature:红页L1HF:34:2
2966,时间窗 W002,施工特征,"施工泵压变化 起27.67→止30.05，变化2.38，均值29.2576，范围[27.67, 30.05]",E01256,E01258,time_window:红页L1HF:34:2,pressure_feature:红页L1HF:34:2
2967,时间窗 W002,施工特征,"排量变化 起0.33→止1.05，变化0.72，均值0.9924，范围[0.33, 1.05]",E01256,E01259,time_window:红页L1HF:34:2,flow_feature:红页L1HF:34:2
2968,时间窗 W002,砂比特征,砂比变化：0,E01256,E01260,time_window:红页L1HF:34:2,sand_feature:红页L1HF:34:2
2969,段 34,包含时间窗,时间窗 W003,E01250,E01261,segment:红页L1HF:34,time_window:红页L1HF:34:3
2970,时间窗 W003,采用液型,15%HCl@时间窗 W003,E01261,E01262,time_window:红页L1HF:34:3,fluid_usage:红页L1HF:34:3:15%HCl
2971,15%HCl@时间窗 W003,液型类别,液型 15%HCl,E01262,E00016,fluid_usage:红页L1HF:34:3:15%HCl,fluid_type:15%HCl
2972,15%HCl@时间窗 W003,开始时间,2024-01-21 14:18:50,E01262,,fluid_usage:红页L1HF:34:3:15%HCl,
2973,15%HCl@时间窗 W003,结束时间,2024-01-21 14:35:30,E01262,,fluid_usage:红页L1HF:34:3:15%HCl,
2974,15%HCl@时间窗 W003,持续时间,16分钟40秒,E01262,,fluid_usage:红页L1HF:34:3:15%HCl,
2975,15%HCl@时间窗 W003,泵压特征,"施工泵压变化 起30.25→止44.36，变化14.11，均值33.6237，范围[30.25, 47.17]",E01262,E01263,fluid_usage:红页L1HF:34:3:15%HCl,pressure_feature:红页L1HF:34:3
2976,15%HCl@时间窗 W003,排量特征,"排量变化 起1.05→止1.99，变化0.94，均值1.2091，范围[1.05, 1.99]",E01262,E01264,fluid_usage:红页L1HF:34:3:15%HCl,flow_feature:红页L1HF:34:3
2977,15%HCl@时间窗 W003,砂比特征,砂比变化：0,E01262,E01265,fluid_usage:红页L1HF:34:3:15%HCl,sand_feature:红页L1HF:34:3
2978,时间窗 W003,施工特征,"施工泵压变化 起30.25→止44.36，变化14.11，均值33.6237，范围[30.25, 47.17]",E01261,E01263,time_window:红页L1HF:34:3,pressure_feature:红页L1HF:34:3
2979,时间窗 W003,施工特征,"排量变化 起1.05→止1.99，变化0.94，均值1.2091，范围[1.05, 1.99]",E01261,E01264,time_window:红页L1HF:34:3,flow_feature:红页L1HF:34:3
2980,时间窗 W003,砂比特征,砂比变化：0,E01261,E01265,time_window:红页L1HF:34:3,sand_feature:红页L1HF:34:3
2981,段 34,包含时间窗,时间窗 W004,E01250,E01266,segment:红页L1HF:34,time_window:红页L1HF:34:4
2982,时间窗 W004,采用液型,0.25%减阻水@时间窗 W004,E01266,E01267,time_window:红页L1HF:34:4,fluid_usage:红页L1HF:34:4:0.25%减阻水
2983,0.25%减阻水@时间窗 W004,液型类别,液型 0.25%减阻水,E01267,E00022,fluid_usage:红页L1HF:34:4:0.25%减阻水,fluid_type:0.25%减阻水
2984,0.25%减阻水@时间窗 W004,开始时间,2024-01-21 14:35:40,E01267,,fluid_usage:红页L1HF:34:4:0.25%减阻水,
2985,0.25%减阻水@时间窗 W004,结束时间,2024-01-21 14:53:10,E01267,,fluid_usage:红页L1HF:34:4:0.25%减阻水,
2986,0.25%减阻水@时间窗 W004,持续时间,17分钟30秒,E01267,,fluid_usage:红页L1HF:34:4:0.25%减阻水,
2987,0.25%减阻水@时间窗 W004,泵压特征,"施工泵压变化 起44.37→止58.99，变化14.62，均值60.1693，范围[44.37, 81.46]",E01267,E01268,fluid_usage:红页L1HF:34:4:0.25%减阻水,pressure_feature:红页L1HF:34:4
2988,0.25%减阻水@时间窗 W004,排量特征,"排量变化 起1.99→止24，变化22.01，均值16.0278，范围[1.99, 24.36]",E01267,E01269,fluid_usage:红页L1HF:34:4:0.25%减阻水,flow_feature:红页L1HF:34:4
2989,0.25%减阻水@时间窗 W004,砂比特征,砂比变化：0,E01267,E01270,fluid_usage:红页L1HF:34:4:0.25%减阻水,sand_feature:红页L1HF:34:4
2990,时间窗 W004,施工特征,"施工泵压变化 起44.37→止58.99，变化14.62，均值60.1693，范围[44.37, 81.46]",E01266,E01268,time_window:红页L1HF:34:4,pressure_feature:红页L1HF:34:4
2991,时间窗 W004,施工特征,"排量变化 起1.99→止24，变化22.01，均值16.0278，范围[1.99, 24.36]",E01266,E01269,time_window:红页L1HF:34:4,flow_feature:红页L1HF:34:4
2992,时间窗 W004,砂比特征,砂比变化：0,E01266,E01270,time_window:红页L1HF:34:4,sand_feature:红页L1HF:34:4
2993,段 34,包含时间窗,时间窗 W005,E01250,E01271,segment:红页L1HF:34,time_window:红页L1HF:34:5
2994,时间窗 W005,采用液型,0.18%减阻水@时间窗 W005,E01271,E01272,time_window:红页L1HF:34:5,fluid_usage:红页L1HF:34:5:0.18%减阻水
2995,0.18%减阻水@时间窗 W005,液型类别,液型 0.18%减阻水,E01272,E00033,fluid_usage:红页L1HF:34:5:0.18%减阻水,fluid_type:0.18%减阻水
2996,0.18%减阻水@时间窗 W005,开始时间,2024-01-21 14:53:20,E01272,,fluid_usage:红页L1HF:34:5:0.18%减阻水,
2997,0.18%减阻水@时间窗 W005,结束时间,2024-01-21 14:55:50,E01272,,fluid_usage:红页L1HF:34:5:0.18%减阻水,
2998,0.18%减阻水@时间窗 W005,持续时间,2分钟30秒,E01272,,fluid_usage:红页L1HF:34:5:0.18%减阻水,
2999,0.18%减阻水@时间窗 W005,泵压特征,"施工泵压变化 起58.99→止57.4，变化-1.59，均值58.3644，范围[57.4, 59.03]",E01272,E01273,fluid_usage:红页L1HF:34:5:0.18%减阻水,pressure_feature:红页L1HF:34:5
3000,0.18%减阻水@时间窗 W005,排量特征,"排量变化 起24→止24，变化0，均值24，范围[24, 24]",E01272,E01274,fluid_usage:红页L1HF:34:5:0.18%减阻水,flow_feature:红页L1HF:34:5
3001,0.18%减阻水@时间窗 W005,砂比特征,"砂比变化 起0.4→止5，变化4.6，均值4.7125，范围[0.4, 5.6]",E01272,E01275,fluid_usage:红页L1HF:34:5:0.18%减阻水,sand_feature:红页L1HF:34:5
3002,时间窗 W005,施工特征,"施工泵压变化 起58.99→止57.4，变化-1.59，均值58.3644，范围[57.4, 59.03]",E01271,E01273,time_window:红页L1HF:34:5,pressure_feature:红页L1HF:34:5
3003,时间窗 W005,施工特征,"排量变化 起24→止24，变化0，均值24，范围[24, 24]",E01271,E01274,time_window:红页L1HF:34:5,flow_feature:红页L1HF:34:5
3004,时间窗 W005,砂比特征,"砂比变化 起0.4→止5，变化4.6，均值4.7125，范围[0.4, 5.6]",E01271,E01275,time_window:红页L1HF:34:5,sand_feature:红页L1HF:34:5
3005,段 34,包含时间窗,时间窗 W006,E01250,E01276,segment:红页L1HF:34,time_window:红页L1HF:34:6
3006,时间窗 W006,采用液型,0.12%减阻水@时间窗 W006,E01276,E01277,time_window:红页L1HF:34:6,fluid_usage:红页L1HF:34:6:0.12%减阻水
3007,0.12%减阻水@时间窗 W006,液型类别,液型 0.12%减阻水,E01277,E00010,fluid_usage:红页L1HF:34:6:0.12%减阻水,fluid_type:0.12%减阻水
3008,0.12%减阻水@时间窗 W006,开始时间,2024-01-21 14:56:00,E01277,,fluid_usage:红页L1HF:34:6:0.12%减阻水,
3009,0.12%减阻水@时间窗 W006,结束时间,2024-01-21 15:32:50,E01277,,fluid_usage:红页L1HF:34:6:0.12%减阻水,
3010,0.12%减阻水@时间窗 W006,持续时间,36分钟50秒,E01277,,fluid_usage:红页L1HF:34:6:0.12%减阻水,
3011,0.12%减阻水@时间窗 W006,泵压特征,"施工泵压变化 起57.35→止56.02，变化-1.33，均值53.3414，范围[36.82, 57.35]",E01277,E01278,fluid_usage:红页L1HF:34:6:0.12%减阻水,pressure_feature:红页L1HF:34:6
3012,0.12%减阻水@时间窗 W006,排量特征,"排量变化 起24→止24.01，变化0.01，均值20.641，范围[3.15, 24.09]",E01277,E01279,fluid_usage:红页L1HF:34:6:0.12%减阻水,flow_feature:红页L1HF:34:6
3013,0.12%减阻水@时间窗 W006,砂比特征,"砂比变化 起5.2→止10.6，变化5.4，均值9.9692，范围[0.1, 13]",E01277,E01280,fluid_usage:红页L1HF:34:6:0.12%减阻水,sand_feature:红页L1HF:34:6
3014,时间窗 W006,施工特征,"施工泵压变化 起57.35→止56.02，变化-1.33，均值53.3414，范围[36.82, 57.35]",E01276,E01278,time_window:红页L1HF:34:6,pressure_feature:红页L1HF:34:6
3015,时间窗 W006,施工特征,"排量变化 起24→止24.01，变化0.01，均值20.641，范围[3.15, 24.09]",E01276,E01279,time_window:红页L1HF:34:6,flow_feature:红页L1HF:34:6
3016,时间窗 W006,砂比特征,"砂比变化 起5.2→止10.6，变化5.4，均值9.9692，范围[0.1, 13]",E01276,E01280,time_window:红页L1HF:34:6,sand_feature:红页L1HF:34:6
3017,段 34,包含时间窗,时间窗 W007,E01250,E01281,segment:红页L1HF:34,time_window:红页L1HF:34:7
3018,时间窗 W007,采用液型,0.18%减阻水@时间窗 W007,E01281,E01282,time_window:红页L1HF:34:7,fluid_usage:红页L1HF:34:7:0.18%减阻水
3019,0.18%减阻水@时间窗 W007,液型类别,液型 0.18%减阻水,E01282,E00033,fluid_usage:红页L1HF:34:7:0.18%减阻水,fluid_type:0.18%减阻水
3020,0.18%减阻水@时间窗 W007,开始时间,2024-01-21 15:33:00,E01282,,fluid_usage:红页L1HF:34:7:0.18%减阻水,
3021,0.18%减阻水@时间窗 W007,结束时间,2024-01-21 15:36:20,E01282,,fluid_usage:红页L1HF:34:7:0.18%减阻水,
3022,0.18%减阻水@时间窗 W007,持续时间,3分钟20秒,E01282,,fluid_usage:红页L1HF:34:7:0.18%减阻水,
3023,0.18%减阻水@时间窗 W007,泵压特征,"施工泵压变化 起56.04→止56.13，变化0.09，均值56.0586，范围[55.93, 56.16]",E01282,E01283,fluid_usage:红页L1HF:34:7:0.18%减阻水,pressure_feature:红页L1HF:34:7
3024,0.18%减阻水@时间窗 W007,排量特征,"排量变化 起24.01→止24.01，变化0，均值24.01，范围[24.01, 24.01]",E01282,E01284,fluid_usage:红页L1HF:34:7:0.18%减阻水,flow_feature:红页L1HF:34:7
3025,0.18%减阻水@时间窗 W007,砂比特征,"砂比变化 起10.2→止0.8，变化-9.4，均值10.9471，范围[0.8, 12]",E01282,E01285,fluid_usage:红页L1HF:34:7:0.18%减阻水,sand_feature:红页L1HF:34:7
3026,时间窗 W007,施工特征,"施工泵压变化 起56.04→止56.13，变化0.09，均值56.0586，范围[55.93, 56.16]",E01281,E01283,time_window:红页L1HF:34:7,pressure_feature:红页L1HF:34:7
3027,时间窗 W007,施工特征,"排量变化 起24.01→止24.01，变化0，均值24.01，范围[24.01, 24.01]",E01281,E01284,time_window:红页L1HF:34:7,flow_feature:红页L1HF:34:7
3028,时间窗 W007,砂比特征,"砂比变化 起10.2→止0.8，变化-9.4，均值10.9471，范围[0.8, 12]",E01281,E01285,time_window:红页L1HF:34:7,sand_feature:红页L1HF:34:7
3029,段 34,包含时间窗,时间窗 W008,E01250,E01286,segment:红页L1HF:34,time_window:红页L1HF:34:8
3030,时间窗 W008,采用液型,0.12%减阻水@时间窗 W008,E01286,E01287,time_window:红页L1HF:34:8,fluid_usage:红页L1HF:34:8:0.12%减阻水
3031,0.12%减阻水@时间窗 W008,液型类别,液型 0.12%减阻水,E01287,E00010,fluid_usage:红页L1HF:34:8:0.12%减阻水,fluid_type:0.12%减阻水
3032,0.12%减阻水@时间窗 W008,开始时间,2024-01-21 15:39:30,E01287,,fluid_usage:红页L1HF:34:8:0.12%减阻水,
3033,0.12%减阻水@时间窗 W008,结束时间,2024-01-21 16:03:00,E01287,,fluid_usage:红页L1HF:34:8:0.12%减阻水,
3034,0.12%减阻水@时间窗 W008,持续时间,23分钟30秒,E01287,,fluid_usage:红页L1HF:34:8:0.12%减阻水,
3035,0.12%减阻水@时间窗 W008,泵压特征,"施工泵压变化 起56.64→止59.13，变化2.49，均值58.7158，范围[56.6, 59.85]",E01287,E01288,fluid_usage:红页L1HF:34:8:0.12%减阻水,pressure_feature:红页L1HF:34:8
3036,0.12%减阻水@时间窗 W008,排量特征,"排量变化 起24→止24.01，变化0.01，均值24.0025，范围[24, 24.01]",E01287,E01289,fluid_usage:红页L1HF:34:8:0.12%减阻水,flow_feature:红页L1HF:34:8
3037,0.12%减阻水@时间窗 W008,砂比特征,"砂比变化 起0.3→止10.5，变化10.2，均值10.4331，范围[0.3, 13.1]",E01287,E01290,fluid_usage:红页L1HF:34:8:0.12%减阻水,sand_feature:红页L1HF:34:8
3038,时间窗 W008,施工特征,"施工泵压变化 起56.64→止59.13，变化2.49，均值58.7158，范围[56.6, 59.85]",E01286,E01288,time_window:红页L1HF:34:8,pressure_feature:红页L1HF:34:8
3039,时间窗 W008,施工特征,"排量变化 起24→止24.01，变化0.01，均值24.0025，范围[24, 24.01]",E01286,E01289,time_window:红页L1HF:34:8,flow_feature:红页L1HF:34:8
3040,时间窗 W008,砂比特征,"砂比变化 起0.3→止10.5，变化10.2，均值10.4331，范围[0.3, 13.1]",E01286,E01290,time_window:红页L1HF:34:8,sand_feature:红页L1HF:34:8
3041,段 34,包含时间窗,时间窗 W009,E01250,E01291,segment:红页L1HF:34,time_window:红页L1HF:34:9
3042,时间窗 W009,采用液型,0.18%减阻水@时间窗 W009,E01291,E01292,time_window:红页L1HF:34:9,fluid_usage:红页L1HF:34:9:0.18%减阻水
3043,0.18%减阻水@时间窗 W009,液型类别,液型 0.18%减阻水,E01292,E00033,fluid_usage:红页L1HF:34:9:0.18%减阻水,fluid_type:0.18%减阻水
3044,0.18%减阻水@时间窗 W009,开始时间,2024-01-21 16:03:10,E01292,,fluid_usage:红页L1HF:34:9:0.18%减阻水,
3045,0.18%减阻水@时间窗 W009,结束时间,2024-01-21 16:05:40,E01292,,fluid_usage:红页L1HF:34:9:0.18%减阻水,
3046,0.18%减阻水@时间窗 W009,持续时间,2分钟30秒,E01292,,fluid_usage:红页L1HF:34:9:0.18%减阻水,
3047,0.18%减阻水@时间窗 W009,泵压特征,"施工泵压变化 起59.15→止58.95，变化-0.2，均值59.1313，范围[58.95, 59.23]",E01292,E01293,fluid_usage:红页L1HF:34:9:0.18%减阻水,pressure_feature:红页L1HF:34:9
3048,0.18%减阻水@时间窗 W009,排量特征,"排量变化 起24.01→止24.01，变化0，均值24.01，范围[24.01, 24.01]",E01292,E01294,fluid_usage:红页L1HF:34:9:0.18%减阻水,flow_feature:红页L1HF:34:9
3049,0.18%减阻水@时间窗 W009,砂比特征,"砂比变化 起12.1→止3.9，变化-8.2，均值12.3333，范围[3.9, 13]",E01292,E01295,fluid_usage:红页L1HF:34:9:0.18%减阻水,sand_feature:红页L1HF:34:9
3050,时间窗 W009,施工特征,"施工泵压变化 起59.15→止58.95，变化-0.2，均值59.1313，范围[58.95, 59.23]",E01291,E01293,time_window:红页L1HF:34:9,pressure_feature:红页L1HF:34:9
3051,时间窗 W009,施工特征,"排量变化 起24.01→止24.01，变化0，均值24.01，范围[24.01, 24.01]",E01291,E01294,time_window:红页L1HF:34:9,flow_feature:红页L1HF:34:9
3052,时间窗 W009,砂比特征,"砂比变化 起12.1→止3.9，变化-8.2，均值12.3333，范围[3.9, 13]",E01291,E01295,time_window:红页L1HF:34:9,sand_feature:红页L1HF:34:9
3053,段 34,包含时间窗,时间窗 W010,E01250,E01296,segment:红页L1HF:34,time_window:红页L1HF:34:10
3054,时间窗 W010,采用液型,0.12%减阻水@时间窗 W010,E01296,E01297,time_window:红页L1HF:34:10,fluid_usage:红页L1HF:34:10:0.12%减阻水
3055,0.12%减阻水@时间窗 W010,液型类别,液型 0.12%减阻水,E01297,E00010,fluid_usage:红页L1HF:34:10:0.12%减阻水,fluid_type:0.12%减阻水
3056,0.12%减阻水@时间窗 W010,开始时间,2024-01-21 16:08:00,E01297,,fluid_usage:红页L1HF:34:10:0.12%减阻水,
3057,0.12%减阻水@时间窗 W010,结束时间,2024-01-21 16:29:10,E01297,,fluid_usage:红页L1HF:34:10:0.12%减阻水,
3058,0.12%减阻水@时间窗 W010,持续时间,21分钟10秒,E01297,,fluid_usage:红页L1HF:34:10:0.12%减阻水,
3059,0.12%减阻水@时间窗 W010,泵压特征,"施工泵压变化 起56.83→止61.03，变化4.2，均值59.6062，范围[56.83, 62.7]",E01297,E01298,fluid_usage:红页L1HF:34:10:0.12%减阻水,pressure_feature:红页L1HF:34:10
3060,0.12%减阻水@时间窗 W010,排量特征,"排量变化 起24.01→止24，变化-0.01，均值24.0068，范围[24, 24.01]",E01297,E01299,fluid_usage:红页L1HF:34:10:0.12%减阻水,flow_feature:红页L1HF:34:10
3061,0.12%减阻水@时间窗 W010,砂比特征,"砂比变化 起2.9→止10.8，变化7.9，均值10.7088，范围[0.1, 13]",E01297,E01300,fluid_usage:红页L1HF:34:10:0.12%减阻水,sand_feature:红页L1HF:34:10
3062,时间窗 W010,施工特征,"施工泵压变化 起56.83→止61.03，变化4.2，均值59.6062，范围[56.83, 62.7]",E01296,E01298,time_window:红页L1HF:34:10,pressure_feature:红页L1HF:34:10
3063,时间窗 W010,施工特征,"排量变化 起24.01→止24，变化-0.01，均值24.0068，范围[24, 24.01]",E01296,E01299,time_window:红页L1HF:34:10,flow_feature:红页L1HF:34:10
3064,时间窗 W010,砂比特征,"砂比变化 起2.9→止10.8，变化7.9，均值10.7088，范围[0.1, 13]",E01296,E01300,time_window:红页L1HF:34:10,sand_feature:红页L1HF:34:10
3065,段 34,包含时间窗,时间窗 W011,E01250,E01301,segment:红页L1HF:34,time_window:红页L1HF:34:11
3066,时间窗 W011,采用液型,0.25%减阻水@时间窗 W011,E01301,E01302,time_window:红页L1HF:34:11,fluid_usage:红页L1HF:34:11:0.25%减阻水
3067,0.25%减阻水@时间窗 W011,液型类别,液型 0.25%减阻水,E01302,E00022,fluid_usage:红页L1HF:34:11:0.25%减阻水,fluid_type:0.25%减阻水
3068,0.25%减阻水@时间窗 W011,开始时间,2024-01-21 16:29:20,E01302,,fluid_usage:红页L1HF:34:11:0.25%减阻水,
3069,0.25%减阻水@时间窗 W011,结束时间,2024-01-21 16:32:00,E01302,,fluid_usage:红页L1HF:34:11:0.25%减阻水,
3070,0.25%减阻水@时间窗 W011,持续时间,2分钟40秒,E01302,,fluid_usage:红页L1HF:34:11:0.25%减阻水,
3071,0.25%减阻水@时间窗 W011,泵压特征,"施工泵压变化 起60.96→止60.16，变化-0.8，均值60.4106，范围[60.14, 60.96]",E01302,E01303,fluid_usage:红页L1HF:34:11:0.25%减阻水,pressure_feature:红页L1HF:34:11
3072,0.25%减阻水@时间窗 W011,排量特征,"排量变化 起24→止24，变化0，均值24，范围[24, 24]",E01302,E01304,fluid_usage:红页L1HF:34:11:0.25%减阻水,flow_feature:红页L1HF:34:11
3073,0.25%减阻水@时间窗 W011,砂比特征,"砂比变化 起8→止0.2，变化-7.8，均值6.1412，范围[0.2, 8]",E01302,E01305,fluid_usage:红页L1HF:34:11:0.25%减阻水,sand_feature:红页L1HF:34:11
3074,时间窗 W011,施工特征,"施工泵压变化 起60.96→止60.16，变化-0.8，均值60.4106，范围[60.14, 60.96]",E01301,E01303,time_window:红页L1HF:34:11,pressure_feature:红页L1HF:34:11
3075,时间窗 W011,施工特征,"排量变化 起24→止24，变化0，均值24，范围[24, 24]",E01301,E01304,time_window:红页L1HF:34:11,flow_feature:红页L1HF:34:11
3076,时间窗 W011,砂比特征,"砂比变化 起8→止0.2，变化-7.8，均值6.1412，范围[0.2, 8]",E01301,E01305,time_window:红页L1HF:34:11,sand_feature:红页L1HF:34:11
3077,段 34,包含时间窗,时间窗 W012,E01250,E01306,segment:红页L1HF:34,time_window:红页L1HF:34:12
3078,时间窗 W012,采用液型,0.12%减阻水@时间窗 W012,E01306,E01307,time_window:红页L1HF:34:12,fluid_usage:红页L1HF:34:12:0.12%减阻水
3079,0.12%减阻水@时间窗 W012,液型类别,液型 0.12%减阻水,E01307,E00010,fluid_usage:红页L1HF:34:12:0.12%减阻水,fluid_type:0.12%减阻水
3080,0.12%减阻水@时间窗 W012,开始时间,2024-01-21 16:32:10,E01307,,fluid_usage:红页L1HF:34:12:0.12%减阻水,
3081,0.12%减阻水@时间窗 W012,结束时间,2024-01-21 17:09:50,E01307,,fluid_usage:红页L1HF:34:12:0.12%减阻水,
3082,0.12%减阻水@时间窗 W012,持续时间,37分钟40秒,E01307,,fluid_usage:红页L1HF:34:12:0.12%减阻水,
3083,0.12%减阻水@时间窗 W012,泵压特征,"施工泵压变化 起60.22→止0.33，变化-59.89，均值36.3852，范围[0.33, 64.45]",E01307,E01308,fluid_usage:红页L1HF:34:12:0.12%减阻水,pressure_feature:红页L1HF:34:12
3084,0.12%减阻水@时间窗 W012,排量特征,"排量变化 起24→止0，变化-24，均值1.5024，范围[0, 24.01]",E01307,E01309,fluid_usage:红页L1HF:34:12:0.12%减阻水,flow_feature:红页L1HF:34:12
3085,0.12%减阻水@时间窗 W012,砂比特征,砂比变化：0,E01307,E01310,fluid_usage:红页L1HF:34:12:0.12%减阻水,sand_feature:红页L1HF:34:12
3086,时间窗 W012,施工特征,"施工泵压变化 起60.22→止0.33，变化-59.89，均值36.3852，范围[0.33, 64.45]",E01306,E01308,time_window:红页L1HF:34:12,pressure_feature:红页L1HF:34:12
3087,时间窗 W012,施工特征,"排量变化 起24→止0，变化-24，均值1.5024，范围[0, 24.01]",E01306,E01309,time_window:红页L1HF:34:12,flow_feature:红页L1HF:34:12
3088,时间窗 W012,砂比特征,砂比变化：0,E01306,E01310,time_window:红页L1HF:34:12,sand_feature:红页L1HF:34:12
3089,井 红页L1HF,包含段,段 4,E00001,E01311,well:红页L1HF,segment:红页L1HF:4
3090,段 4,包含时间窗,时间窗 W001,E01311,E01312,segment:红页L1HF:4,time_window:红页L1HF:4:1
3091,时间窗 W001,采用液型,0@时间窗 W001,E01312,E01313,time_window:红页L1HF:4:1,fluid_usage:红页L1HF:4:1:0
3092,0@时间窗 W001,液型类别,液型 0,E01313,E00044,fluid_usage:红页L1HF:4:1:0,fluid_type:0
3093,0@时间窗 W001,开始时间,2024-01-06 08:01:40,E01313,,fluid_usage:红页L1HF:4:1:0,
3094,0@时间窗 W001,结束时间,2024-01-06 08:03:00,E01313,,fluid_usage:红页L1HF:4:1:0,
3095,0@时间窗 W001,持续时间,1分钟20秒,E01313,,fluid_usage:红页L1HF:4:1:0,
3096,0@时间窗 W001,泵压特征,"施工泵压变化 起12.31→止17.43，变化5.12，均值16.7963，范围[12.31, 17.47]",E01313,E01314,fluid_usage:红页L1HF:4:1:0,pressure_feature:红页L1HF:4:1
3097,0@时间窗 W001,排量特征,"排量变化 起0→止0，变化0，均值0，范围[0, 0]",E01313,E01315,fluid_usage:红页L1HF:4:1:0,flow_feature:红页L1HF:4:1
3098,0@时间窗 W001,砂比特征,砂比变化：0,E01313,E01316,fluid_usage:红页L1HF:4:1:0,sand_feature:红页L1HF:4:1
3099,时间窗 W001,施工特征,"施工泵压变化 起12.31→止17.43，变化5.12，均值16.7963，范围[12.31, 17.47]",E01312,E01314,time_window:红页L1HF:4:1,pressure_feature:红页L1HF:4:1
3100,时间窗 W001,施工特征,"排量变化 起0→止0，变化0，均值0，范围[0, 0]",E01312,E01315,time_window:红页L1HF:4:1,flow_feature:红页L1HF:4:1
3101,时间窗 W001,砂比特征,砂比变化：0,E01312,E01316,time_window:红页L1HF:4:1,sand_feature:红页L1HF:4:1
3102,段 4,包含时间窗,时间窗 W002,E01311,E01317,segment:红页L1HF:4,time_window:红页L1HF:4:2
3103,时间窗 W002,采用液型,0.12%减阻水@时间窗 W002,E01317,E01318,time_window:红页L1HF:4:2,fluid_usage:红页L1HF:4:2:0.12%减阻水
3104,0.12%减阻水@时间窗 W002,液型类别,液型 0.12%减阻水,E01318,E00010,fluid_usage:红页L1HF:4:2:0.12%减阻水,fluid_type:0.12%减阻水
3105,0.12%减阻水@时间窗 W002,开始时间,2024-01-06 08:03:10,E01318,,fluid_usage:红页L1HF:4:2:0.12%减阻水,
3106,0.12%减阻水@时间窗 W002,结束时间,2024-01-06 08:06:30,E01318,,fluid_usage:红页L1HF:4:2:0.12%减阻水,
3107,0.12%减阻水@时间窗 W002,持续时间,3分钟20秒,E01318,,fluid_usage:红页L1HF:4:2:0.12%减阻水,
3108,0.12%减阻水@时间窗 W002,泵压特征,"施工泵压变化 起17.7→止39.76，变化22.06，均值31.3733，范围[17.7, 39.76]",E01318,E01319,fluid_usage:红页L1HF:4:2:0.12%减阻水,pressure_feature:红页L1HF:4:2
3109,0.12%减阻水@时间窗 W002,排量特征,"排量变化 起0.17→止1.84，变化1.67，均值1.4495，范围[0.17, 1.84]",E01318,E01320,fluid_usage:红页L1HF:4:2:0.12%减阻水,flow_feature:红页L1HF:4:2
3110,0.12%减阻水@时间窗 W002,砂比特征,砂比变化：0,E01318,E01321,fluid_usage:红页L1HF:4:2:0.12%减阻水,sand_feature:红页L1HF:4:2
3111,时间窗 W002,施工特征,"施工泵压变化 起17.7→止39.76，变化22.06，均值31.3733，范围[17.7, 39.76]",E01317,E01319,time_window:红页L1HF:4:2,pressure_feature:红页L1HF:4:2
3112,时间窗 W002,施工特征,"排量变化 起0.17→止1.84，变化1.67，均值1.4495，范围[0.17, 1.84]",E01317,E01320,time_window:红页L1HF:4:2,flow_feature:红页L1HF:4:2
3113,时间窗 W002,砂比特征,砂比变化：0,E01317,E01321,time_window:红页L1HF:4:2,sand_feature:红页L1HF:4:2
3114,段 4,包含时间窗,时间窗 W003,E01311,E01322,segment:红页L1HF:4,time_window:红页L1HF:4:3
3115,时间窗 W003,采用液型,15%HCl@时间窗 W003,E01322,E01323,time_window:红页L1HF:4:3,fluid_usage:红页L1HF:4:3:15%HCl
3116,15%HCl@时间窗 W003,液型类别,液型 15%HCl,E01323,E00016,fluid_usage:红页L1HF:4:3:15%HCl,fluid_type:15%HCl
3117,15%HCl@时间窗 W003,开始时间,2024-01-06 08:06:40,E01323,,fluid_usage:红页L1HF:4:3:15%HCl,
3118,15%HCl@时间窗 W003,结束时间,2024-01-06 08:12:00,E01323,,fluid_usage:红页L1HF:4:3:15%HCl,
3119,15%HCl@时间窗 W003,持续时间,5分钟20秒,E01323,,fluid_usage:红页L1HF:4:3:15%HCl,
3120,15%HCl@时间窗 W003,泵压特征,"施工泵压变化 起39.89→止39.6，变化-0.29，均值39.9915，范围[39.6, 40.21]",E01323,E01324,fluid_usage:红页L1HF:4:3:15%HCl,pressure_feature:红页L1HF:4:3
3121,15%HCl@时间窗 W003,排量特征,"排量变化 起1.84→止1.84，变化0，均值1.84，范围[1.84, 1.84]",E01323,E01325,fluid_usage:红页L1HF:4:3:15%HCl,flow_feature:红页L1HF:4:3
3122,15%HCl@时间窗 W003,砂比特征,砂比变化：0,E01323,E01326,fluid_usage:红页L1HF:4:3:15%HCl,sand_feature:红页L1HF:4:3
3123,时间窗 W003,施工特征,"施工泵压变化 起39.89→止39.6，变化-0.29，均值39.9915，范围[39.6, 40.21]",E01322,E01324,time_window:红页L1HF:4:3,pressure_feature:红页L1HF:4:3
3124,时间窗 W003,施工特征,"排量变化 起1.84→止1.84，变化0，均值1.84，范围[1.84, 1.84]",E01322,E01325,time_window:红页L1HF:4:3,flow_feature:红页L1HF:4:3
3125,时间窗 W003,砂比特征,砂比变化：0,E01322,E01326,time_window:红页L1HF:4:3,sand_feature:红页L1HF:4:3
3126,段 4,包含时间窗,时间窗 W004,E01311,E01327,segment:红页L1HF:4,time_window:红页L1HF:4:4
3127,时间窗 W004,采用液型,0.25%减阻水@时间窗 W004,E01327,E01328,time_window:红页L1HF:4:4,fluid_usage:红页L1HF:4:4:0.25%减阻水
3128,0.25%减阻水@时间窗 W004,液型类别,液型 0.25%减阻水,E01328,E00022,fluid_usage:红页L1HF:4:4:0.25%减阻水,fluid_type:0.25%减阻水
3129,0.25%减阻水@时间窗 W004,开始时间,2024-01-06 08:12:10,E01328,,fluid_usage:红页L1HF:4:4:0.25%减阻水,
3130,0.25%减阻水@时间窗 W004,结束时间,2024-01-06 08:28:20,E01328,,fluid_usage:红页L1HF:4:4:0.25%减阻水,
3131,0.25%减阻水@时间窗 W004,持续时间,16分钟10秒,E01328,,fluid_usage:红页L1HF:4:4:0.25%减阻水,
3132,0.25%减阻水@时间窗 W004,泵压特征,"施工泵压变化 起39.55→止54.81，变化15.26，均值45.0031，范围[39.55, 54.81]",E01328,E01329,fluid_usage:红页L1HF:4:4:0.25%减阻水,pressure_feature:红页L1HF:4:4
3133,0.25%减阻水@时间窗 W004,排量特征,"排量变化 起1.84→止7.9，变化6.06，均值3.7219，范围[1.84, 7.9]",E01328,E01330,fluid_usage:红页L1HF:4:4:0.25%减阻水,flow_feature:红页L1HF:4:4
3134,0.25%减阻水@时间窗 W004,砂比特征,砂比变化：0,E01328,E01331,fluid_usage:红页L1HF:4:4:0.25%减阻水,sand_feature:红页L1HF:4:4
3135,时间窗 W004,施工特征,"施工泵压变化 起39.55→止54.81，变化15.26，均值45.0031，范围[39.55, 54.81]",E01327,E01329,time_window:红页L1HF:4:4,pressure_feature:红页L1HF:4:4
3136,时间窗 W004,施工特征,"排量变化 起1.84→止7.9，变化6.06，均值3.7219，范围[1.84, 7.9]",E01327,E01330,time_window:红页L1HF:4:4,flow_feature:红页L1HF:4:4
3137,时间窗 W004,砂比特征,砂比变化：0,E01327,E01331,time_window:红页L1HF:4:4,sand_feature:红页L1HF:4:4
3138,段 4,包含时间窗,时间窗 W005,E01311,E01332,segment:红页L1HF:4,time_window:红页L1HF:4:5
3139,时间窗 W005,采用液型,0.12%减阻水@时间窗 W005,E01332,E01333,time_window:红页L1HF:4:5,fluid_usage:红页L1HF:4:5:0.12%减阻水
3140,0.12%减阻水@时间窗 W005,液型类别,液型 0.12%减阻水,E01333,E00010,fluid_usage:红页L1HF:4:5:0.12%减阻水,fluid_type:0.12%减阻水
3141,0.12%减阻水@时间窗 W005,开始时间,2024-01-06 08:28:30,E01333,,fluid_usage:红页L1HF:4:5:0.12%减阻水,
3142,0.12%减阻水@时间窗 W005,结束时间,2024-01-06 10:35:50,E01333,,fluid_usage:红页L1HF:4:5:0.12%减阻水,
3143,0.12%减阻水@时间窗 W005,持续时间,2小时7分钟20秒,E01333,,fluid_usage:红页L1HF:4:5:0.12%减阻水,
3144,0.12%减阻水@时间窗 W005,泵压特征,"施工泵压变化 起56.7→止77.81，变化21.11，均值72.7427，范围[48.83, 91.55]",E01333,E01334,fluid_usage:红页L1HF:4:5:0.12%减阻水,pressure_feature:红页L1HF:4:5
3145,0.12%减阻水@时间窗 W005,排量特征,"排量变化 起8.32→止24.04，变化15.72，均值22.5749，范围[8.32, 24.09]",E01333,E01335,fluid_usage:红页L1HF:4:5:0.12%减阻水,flow_feature:红页L1HF:4:5
3146,0.12%减阻水@时间窗 W005,砂比特征,"砂比变化 起0.1→止11.1，变化11，均值9.6441，范围[0.1, 14.4]",E01333,E01336,fluid_usage:红页L1HF:4:5:0.12%减阻水,sand_feature:红页L1HF:4:5
3147,时间窗 W005,施工特征,"施工泵压变化 起56.7→止77.81，变化21.11，均值72.7427，范围[48.83, 91.55]",E01332,E01334,time_window:红页L1HF:4:5,pressure_feature:红页L1HF:4:5
3148,时间窗 W005,施工特征,"排量变化 起8.32→止24.04，变化15.72，均值22.5749，范围[8.32, 24.09]",E01332,E01335,time_window:红页L1HF:4:5,flow_feature:红页L1HF:4:5
3149,时间窗 W005,砂比特征,"砂比变化 起0.1→止11.1，变化11，均值9.6441，范围[0.1, 14.4]",E01332,E01336,time_window:红页L1HF:4:5,sand_feature:红页L1HF:4:5
3150,段 4,包含时间窗,时间窗 W006,E01311,E01337,segment:红页L1HF:4,time_window:红页L1HF:4:6
3151,时间窗 W006,采用液型,0.25%减阻水@时间窗 W006,E01337,E01338,time_window:红页L1HF:4:6,fluid_usage:红页L1HF:4:6:0.25%减阻水
3152,0.25%减阻水@时间窗 W006,液型类别,液型 0.25%减阻水,E01338,E00022,fluid_usage:红页L1HF:4:6:0.25%减阻水,fluid_type:0.25%减阻水
3153,0.25%减阻水@时间窗 W006,开始时间,2024-01-06 10:36:10,E01338,,fluid_usage:红页L1HF:4:6:0.25%减阻水,
3154,0.25%减阻水@时间窗 W006,结束时间,2024-01-06 10:38:40,E01338,,fluid_usage:红页L1HF:4:6:0.25%减阻水,
3155,0.25%减阻水@时间窗 W006,持续时间,2分钟30秒,E01338,,fluid_usage:红页L1HF:4:6:0.25%减阻水,
3156,0.25%减阻水@时间窗 W006,泵压特征,"施工泵压变化 起77.9→止77.47，变化-0.43，均值77.755，范围[77.47, 77.9]",E01338,E01339,fluid_usage:红页L1HF:4:6:0.25%减阻水,pressure_feature:红页L1HF:4:6
3157,0.25%减阻水@时间窗 W006,排量特征,"排量变化 起24.03→止24.04，变化0.01，均值24.0394，范围[24.03, 24.04]",E01338,E01340,fluid_usage:红页L1HF:4:6:0.25%减阻水,flow_feature:红页L1HF:4:6
3158,0.25%减阻水@时间窗 W006,砂比特征,"砂比变化 起12→止0.7，变化-11.3，均值10.5875，范围[0.7, 12]",E01338,E01341,fluid_usage:红页L1HF:4:6:0.25%减阻水,sand_feature:红页L1HF:4:6
3159,时间窗 W006,施工特征,"施工泵压变化 起77.9→止77.47，变化-0.43，均值77.755，范围[77.47, 77.9]",E01337,E01339,time_window:红页L1HF:4:6,pressure_feature:红页L1HF:4:6
3160,时间窗 W006,施工特征,"排量变化 起24.03→止24.04，变化0.01，均值24.0394，范围[24.03, 24.04]",E01337,E01340,time_window:红页L1HF:4:6,flow_feature:红页L1HF:4:6
3161,时间窗 W006,砂比特征,"砂比变化 起12→止0.7，变化-11.3，均值10.5875，范围[0.7, 12]",E01337,E01341,time_window:红页L1HF:4:6,sand_feature:红页L1HF:4:6
3162,段 4,包含时间窗,时间窗 W007,E01311,E01342,segment:红页L1HF:4,time_window:红页L1HF:4:7
3163,时间窗 W007,采用液型,0.12%减阻水@时间窗 W007,E01342,E01343,time_window:红页L1HF:4:7,fluid_usage:红页L1HF:4:7:0.12%减阻水
3164,0.12%减阻水@时间窗 W007,液型类别,液型 0.12%减阻水,E01343,E00010,fluid_usage:红页L1HF:4:7:0.12%减阻水,fluid_type:0.12%减阻水
3165,0.12%减阻水@时间窗 W007,开始时间,2024-01-06 10:39:00,E01343,,fluid_usage:红页L1HF:4:7:0.12%减阻水,
3166,0.12%减阻水@时间窗 W007,结束时间,2024-01-06 11:11:50,E01343,,fluid_usage:红页L1HF:4:7:0.12%减阻水,
3167,0.12%减阻水@时间窗 W007,持续时间,32分钟50秒,E01343,,fluid_usage:红页L1HF:4:7:0.12%减阻水,
3168,0.12%减阻水@时间窗 W007,泵压特征,"施工泵压变化 起77.26→止0.67，变化-76.59，均值36.5387，范围[0.67, 77.26]",E01343,E01344,fluid_usage:红页L1HF:4:7:0.12%减阻水,pressure_feature:红页L1HF:4:7
3169,0.12%减阻水@时间窗 W007,排量特征,"排量变化 起24.04→止0，变化-24.04，均值1.9947，范围[0, 24.05]",E01343,E01345,fluid_usage:红页L1HF:4:7:0.12%减阻水,flow_feature:红页L1HF:4:7
3170,0.12%减阻水@时间窗 W007,砂比特征,砂比变化：0,E01343,E01346,fluid_usage:红页L1HF:4:7:0.12%减阻水,sand_feature:红页L1HF:4:7
3171,时间窗 W007,施工特征,"施工泵压变化 起77.26→止0.67，变化-76.59，均值36.5387，范围[0.67, 77.26]",E01342,E01344,time_window:红页L1HF:4:7,pressure_feature:红页L1HF:4:7
3172,时间窗 W007,施工特征,"排量变化 起24.04→止0，变化-24.04，均值1.9947，范围[0, 24.05]",E01342,E01345,time_window:红页L1HF:4:7,flow_feature:红页L1HF:4:7
3173,时间窗 W007,砂比特征,砂比变化：0,E01342,E01346,time_window:红页L1HF:4:7,sand_feature:红页L1HF:4:7
3174,井 红页L1HF,包含段,段 5,E00001,E01347,well:红页L1HF,segment:红页L1HF:5
3175,段 5,包含时间窗,时间窗 W001,E01347,E01348,segment:红页L1HF:5,time_window:红页L1HF:5:1
3176,时间窗 W001,采用液型,0@时间窗 W001,E01348,E01349,time_window:红页L1HF:5:1,fluid_usage:红页L1HF:5:1:0
3177,0@时间窗 W001,液型类别,液型 0,E01349,E00044,fluid_usage:红页L1HF:5:1:0,fluid_type:0
3178,0@时间窗 W001,开始时间,2024-01-06 15:57:50,E01349,,fluid_usage:红页L1HF:5:1:0,
3179,0@时间窗 W001,结束时间,2024-01-06 15:57:50,E01349,,fluid_usage:红页L1HF:5:1:0,
3180,0@时间窗 W001,持续时间,0秒,E01349,,fluid_usage:红页L1HF:5:1:0,
3181,0@时间窗 W001,泵压特征,"施工泵压变化 起14.72→止14.72，变化0，均值14.72，范围[14.72, 14.72]",E01349,E01350,fluid_usage:红页L1HF:5:1:0,pressure_feature:红页L1HF:5:1
3182,0@时间窗 W001,排量特征,"排量变化 起0→止0，变化0，均值0，范围[0, 0]",E01349,E01351,fluid_usage:红页L1HF:5:1:0,flow_feature:红页L1HF:5:1
3183,0@时间窗 W001,砂比特征,砂比变化：0,E01349,E01352,fluid_usage:红页L1HF:5:1:0,sand_feature:红页L1HF:5:1
3184,时间窗 W001,施工特征,"施工泵压变化 起14.72→止14.72，变化0，均值14.72，范围[14.72, 14.72]",E01348,E01350,time_window:红页L1HF:5:1,pressure_feature:红页L1HF:5:1
3185,时间窗 W001,施工特征,"排量变化 起0→止0，变化0，均值0，范围[0, 0]",E01348,E01351,time_window:红页L1HF:5:1,flow_feature:红页L1HF:5:1
3186,时间窗 W001,砂比特征,砂比变化：0,E01348,E01352,time_window:红页L1HF:5:1,sand_feature:红页L1HF:5:1
3187,段 5,包含时间窗,时间窗 W002,E01347,E01353,segment:红页L1HF:5,time_window:红页L1HF:5:2
3188,时间窗 W002,采用液型,0.12%减阻水@时间窗 W002,E01353,E01354,time_window:红页L1HF:5:2,fluid_usage:红页L1HF:5:2:0.12%减阻水
3189,0.12%减阻水@时间窗 W002,液型类别,液型 0.12%减阻水,E01354,E00010,fluid_usage:红页L1HF:5:2:0.12%减阻水,fluid_type:0.12%减阻水
3190,0.12%减阻水@时间窗 W002,开始时间,2024-01-06 15:58:00,E01354,,fluid_usage:红页L1HF:5:2:0.12%减阻水,
3191,0.12%减阻水@时间窗 W002,结束时间,2024-01-06 16:03:40,E01354,,fluid_usage:红页L1HF:5:2:0.12%减阻水,
3192,0.12%减阻水@时间窗 W002,持续时间,5分钟40秒,E01354,,fluid_usage:红页L1HF:5:2:0.12%减阻水,
3193,0.12%减阻水@时间窗 W002,泵压特征,"施工泵压变化 起21.58→止32.8，变化11.22，均值28.8524，范围[21.58, 32.8]",E01354,E01355,fluid_usage:红页L1HF:5:2:0.12%减阻水,pressure_feature:红页L1HF:5:2
3194,0.12%减阻水@时间窗 W002,排量特征,"排量变化 起0.24→止1.99，变化1.75，均值1.6635，范围[0.24, 2]",E01354,E01356,fluid_usage:红页L1HF:5:2:0.12%减阻水,flow_feature:红页L1HF:5:2
3195,0.12%减阻水@时间窗 W002,砂比特征,砂比变化：0,E01354,E01357,fluid_usage:红页L1HF:5:2:0.12%减阻水,sand_feature:红页L1HF:5:2
3196,时间窗 W002,施工特征,"施工泵压变化 起21.58→止32.8，变化11.22，均值28.8524，范围[21.58, 32.8]",E01353,E01355,time_window:红页L1HF:5:2,pressure_feature:红页L1HF:5:2
3197,时间窗 W002,施工特征,"排量变化 起0.24→止1.99，变化1.75，均值1.6635，范围[0.24, 2]",E01353,E01356,time_window:红页L1HF:5:2,flow_feature:红页L1HF:5:2
3198,时间窗 W002,砂比特征,砂比变化：0,E01353,E01357,time_window:红页L1HF:5:2,sand_feature:红页L1HF:5:2
3199,段 5,包含时间窗,时间窗 W003,E01347,E01358,segment:红页L1HF:5,time_window:红页L1HF:5:3
3200,时间窗 W003,采用液型,15%HCl@时间窗 W003,E01358,E01359,time_window:红页L1HF:5:3,fluid_usage:红页L1HF:5:3:15%HCl
3201,15%HCl@时间窗 W003,液型类别,液型 15%HCl,E01359,E00016,fluid_usage:红页L1HF:5:3:15%HCl,fluid_type:15%HCl
3202,15%HCl@时间窗 W003,开始时间,2024-01-06 16:04:00,E01359,,fluid_usage:红页L1HF:5:3:15%HCl,
3203,15%HCl@时间窗 W003,结束时间,2024-01-06 16:09:00,E01359,,fluid_usage:红页L1HF:5:3:15%HCl,
3204,15%HCl@时间窗 W003,持续时间,5分钟,E01359,,fluid_usage:红页L1HF:5:3:15%HCl,
3205,15%HCl@时间窗 W003,泵压特征,"施工泵压变化 起32.96→止34.3，变化1.34，均值33.7783，范围[32.96, 34.3]",E01359,E01360,fluid_usage:红页L1HF:5:3:15%HCl,pressure_feature:红页L1HF:5:3
3206,15%HCl@时间窗 W003,排量特征,"排量变化 起1.99→止1.99，变化0，均值1.99，范围[1.99, 1.99]",E01359,E01361,fluid_usage:红页L1HF:5:3:15%HCl,flow_feature:红页L1HF:5:3
3207,15%HCl@时间窗 W003,砂比特征,砂比变化：0,E01359,E01362,fluid_usage:红页L1HF:5:3:15%HCl,sand_feature:红页L1HF:5:3
3208,时间窗 W003,施工特征,"施工泵压变化 起32.96→止34.3，变化1.34，均值33.7783，范围[32.96, 34.3]",E01358,E01360,time_window:红页L1HF:5:3,pressure_feature:红页L1HF:5:3
3209,时间窗 W003,施工特征,"排量变化 起1.99→止1.99，变化0，均值1.99，范围[1.99, 1.99]",E01358,E01361,time_window:红页L1HF:5:3,flow_feature:红页L1HF:5:3
3210,时间窗 W003,砂比特征,砂比变化：0,E01358,E01362,time_window:红页L1HF:5:3,sand_feature:红页L1HF:5:3
3211,段 5,包含时间窗,时间窗 W004,E01347,E01363,segment:红页L1HF:5,time_window:红页L1HF:5:4
3212,时间窗 W004,采用液型,0.25%减阻水@时间窗 W004,E01363,E01364,time_window:红页L1HF:5:4,fluid_usage:红页L1HF:5:4:0.25%减阻水
3213,0.25%减阻水@时间窗 W004,液型类别,液型 0.25%减阻水,E01364,E00022,fluid_usage:红页L1HF:5:4:0.25%减阻水,fluid_type:0.25%减阻水
3214,0.25%减阻水@时间窗 W004,开始时间,2024-01-06 16:09:10,E01364,,fluid_usage:红页L1HF:5:4:0.25%减阻水,
3215,0.25%减阻水@时间窗 W004,结束时间,2024-01-06 16:33:10,E01364,,fluid_usage:红页L1HF:5:4:0.25%减阻水,
3216,0.25%减阻水@时间窗 W004,持续时间,24分钟,E01364,,fluid_usage:红页L1HF:5:4:0.25%减阻水,
3217,0.25%减阻水@时间窗 W004,泵压特征,"施工泵压变化 起34.3→止73.19，变化38.89，均值62.9006，范围[34.3, 91.88]",E01364,E01365,fluid_usage:红页L1HF:5:4:0.25%减阻水,pressure_feature:红页L1HF:5:4
3218,0.25%减阻水@时间窗 W004,排量特征,"排量变化 起1.99→止24.01，变化22.02，均值11.0022，范围[1.99, 24.3]",E01364,E01366,fluid_usage:红页L1HF:5:4:0.25%减阻水,flow_feature:红页L1HF:5:4
3219,0.25%减阻水@时间窗 W004,砂比特征,"砂比变化 起0.3→止5.1，变化4.8，均值4.275，范围[0.3, 5.1]",E01364,E01367,fluid_usage:红页L1HF:5:4:0.25%减阻水,sand_feature:红页L1HF:5:4
3220,时间窗 W004,施工特征,"施工泵压变化 起34.3→止73.19，变化38.89，均值62.9006，范围[34.3, 91.88]",E01363,E01365,time_window:红页L1HF:5:4,pressure_feature:红页L1HF:5:4
3221,时间窗 W004,施工特征,"排量变化 起1.99→止24.01，变化22.02，均值11.0022，范围[1.99, 24.3]",E01363,E01366,time_window:红页L1HF:5:4,flow_feature:红页L1HF:5:4
3222,时间窗 W004,砂比特征,"砂比变化 起0.3→止5.1，变化4.8，均值4.275，范围[0.3, 5.1]",E01363,E01367,time_window:红页L1HF:5:4,sand_feature:红页L1HF:5:4
3223,段 5,包含时间窗,时间窗 W005,E01347,E01368,segment:红页L1HF:5,time_window:红页L1HF:5:5
3224,时间窗 W005,采用液型,0.12%减阻水@时间窗 W005,E01368,E01369,time_window:红页L1HF:5:5,fluid_usage:红页L1HF:5:5:0.12%减阻水
3225,0.12%减阻水@时间窗 W005,液型类别,液型 0.12%减阻水,E01369,E00010,fluid_usage:红页L1HF:5:5:0.12%减阻水,fluid_type:0.12%减阻水
3226,0.12%减阻水@时间窗 W005,开始时间,2024-01-06 16:33:30,E01369,,fluid_usage:红页L1HF:5:5:0.12%减阻水,
3227,0.12%减阻水@时间窗 W005,结束时间,2024-01-06 18:35:00,E01369,,fluid_usage:红页L1HF:5:5:0.12%减阻水,
3228,0.12%减阻水@时间窗 W005,持续时间,2小时1分钟30秒,E01369,,fluid_usage:红页L1HF:5:5:0.12%减阻水,
3229,0.12%减阻水@时间窗 W005,泵压特征,"施工泵压变化 起73.62→止76.4，变化2.78，均值74.3859，范围[49.89, 80.54]",E01369,E01370,fluid_usage:红页L1HF:5:5:0.12%减阻水,pressure_feature:红页L1HF:5:5
3230,0.12%减阻水@时间窗 W005,排量特征,"排量变化 起24.01→止24，变化-0.01，均值22.9695，范围[12.82, 24.02]",E01369,E01371,fluid_usage:红页L1HF:5:5:0.12%减阻水,flow_feature:红页L1HF:5:5
3231,0.12%减阻水@时间窗 W005,砂比特征,"砂比变化 起5.1→止14，变化8.9，均值9.7494，范围[0.2, 14.9]",E01369,E01372,fluid_usage:红页L1HF:5:5:0.12%减阻水,sand_feature:红页L1HF:5:5
3232,时间窗 W005,施工特征,"施工泵压变化 起73.62→止76.4，变化2.78，均值74.3859，范围[49.89, 80.54]",E01368,E01370,time_window:红页L1HF:5:5,pressure_feature:红页L1HF:5:5
3233,时间窗 W005,施工特征,"排量变化 起24.01→止24，变化-0.01，均值22.9695，范围[12.82, 24.02]",E01368,E01371,time_window:红页L1HF:5:5,flow_feature:红页L1HF:5:5
3234,时间窗 W005,砂比特征,"砂比变化 起5.1→止14，变化8.9，均值9.7494，范围[0.2, 14.9]",E01368,E01372,time_window:红页L1HF:5:5,sand_feature:红页L1HF:5:5
3235,段 5,包含时间窗,时间窗 W006,E01347,E01373,segment:红页L1HF:5,time_window:红页L1HF:5:6
3236,时间窗 W006,采用液型,0.25%减阻水@时间窗 W006,E01373,E01374,time_window:红页L1HF:5:6,fluid_usage:红页L1HF:5:6:0.25%减阻水
3237,0.25%减阻水@时间窗 W006,液型类别,液型 0.25%减阻水,E01374,E00022,fluid_usage:红页L1HF:5:6:0.25%减阻水,fluid_type:0.25%减阻水
3238,0.25%减阻水@时间窗 W006,开始时间,2024-01-06 18:35:10,E01374,,fluid_usage:红页L1HF:5:6:0.25%减阻水,
3239,0.25%减阻水@时间窗 W006,结束时间,2024-01-06 18:38:00,E01374,,fluid_usage:红页L1HF:5:6:0.25%减阻水,
3240,0.25%减阻水@时间窗 W006,持续时间,2分钟50秒,E01374,,fluid_usage:红页L1HF:5:6:0.25%减阻水,
3241,0.25%减阻水@时间窗 W006,泵压特征,"施工泵压变化 起76.33→止76.49，变化0.16，均值76.6476，范围[76.33, 76.92]",E01374,E01375,fluid_usage:红页L1HF:5:6:0.25%减阻水,pressure_feature:红页L1HF:5:6
3242,0.25%减阻水@时间窗 W006,排量特征,"排量变化 起24→止24，变化0，均值23.9988，范围[23.99, 24]",E01374,E01376,fluid_usage:红页L1HF:5:6:0.25%减阻水,flow_feature:红页L1HF:5:6
3243,0.25%减阻水@时间窗 W006,砂比特征,"砂比变化 起14→止1.2，变化-12.8，均值12.5778，范围[1.2, 14]",E01374,E01377,fluid_usage:红页L1HF:5:6:0.25%减阻水,sand_feature:红页L1HF:5:6
3244,时间窗 W006,施工特征,"施工泵压变化 起76.33→止76.49，变化0.16，均值76.6476，范围[76.33, 76.92]",E01373,E01375,time_window:红页L1HF:5:6,pressure_feature:红页L1HF:5:6
3245,时间窗 W006,施工特征,"排量变化 起24→止24，变化0，均值23.9988，范围[23.99, 24]",E01373,E01376,time_window:红页L1HF:5:6,flow_feature:红页L1HF:5:6
3246,时间窗 W006,砂比特征,"砂比变化 起14→止1.2，变化-12.8，均值12.5778，范围[1.2, 14]",E01373,E01377,time_window:红页L1HF:5:6,sand_feature:红页L1HF:5:6
3247,段 5,包含时间窗,时间窗 W007,E01347,E01378,segment:红页L1HF:5,time_window:红页L1HF:5:7
3248,时间窗 W007,采用液型,0.12%减阻水@时间窗 W007,E01378,E01379,time_window:红页L1HF:5:7,fluid_usage:红页L1HF:5:7:0.12%减阻水
3249,0.12%减阻水@时间窗 W007,液型类别,液型 0.12%减阻水,E01379,E00010,fluid_usage:红页L1HF:5:7:0.12%减阻水,fluid_type:0.12%减阻水
3250,0.12%减阻水@时间窗 W007,开始时间,2024-01-06 18:38:20,E01379,,fluid_usage:红页L1HF:5:7:0.12%减阻水,
3251,0.12%减阻水@时间窗 W007,结束时间,2024-01-06 18:41:30,E01379,,fluid_usage:红页L1HF:5:7:0.12%减阻水,
3252,0.12%减阻水@时间窗 W007,持续时间,3分钟10秒,E01379,,fluid_usage:红页L1HF:5:7:0.12%减阻水,
3253,0.12%减阻水@时间窗 W007,泵压特征,"施工泵压变化 起76.1→止37.36，变化-38.74，均值64.597，范围[37.36, 76.1]",E01379,E01380,fluid_usage:红页L1HF:5:7:0.12%减阻水,pressure_feature:红页L1HF:5:7
3254,0.12%减阻水@时间窗 W007,排量特征,"排量变化 起24→止1.01，变化-22.99，均值18.433，范围[1.01, 24]",E01379,E01381,fluid_usage:红页L1HF:5:7:0.12%减阻水,flow_feature:红页L1HF:5:7
3255,0.12%减阻水@时间窗 W007,砂比特征,砂比变化：0,E01379,E01382,fluid_usage:红页L1HF:5:7:0.12%减阻水,sand_feature:红页L1HF:5:7
3256,时间窗 W007,施工特征,"施工泵压变化 起76.1→止37.36，变化-38.74，均值64.597，范围[37.36, 76.1]",E01378,E01380,time_window:红页L1HF:5:7,pressure_feature:红页L1HF:5:7
3257,时间窗 W007,施工特征,"排量变化 起24→止1.01，变化-22.99，均值18.433，范围[1.01, 24]",E01378,E01381,time_window:红页L1HF:5:7,flow_feature:红页L1HF:5:7
3258,时间窗 W007,砂比特征,砂比变化：0,E01378,E01382,time_window:红页L1HF:5:7,sand_feature:红页L1HF:5:7
3259,段 5,包含时间窗,时间窗 W008,E01347,E01383,segment:红页L1HF:5,time_window:红页L1HF:5:8
3260,时间窗 W008,采用液型,0@时间窗 W008,E01383,E01384,time_window:红页L1HF:5:8,fluid_usage:红页L1HF:5:8:0
3261,0@时间窗 W008,液型类别,液型 0,E01384,E00044,fluid_usage:红页L1HF:5:8:0,fluid_type:0
3262,0@时间窗 W008,开始时间,2024-01-06 18:41:40,E01384,,fluid_usage:红页L1HF:5:8:0,
3263,0@时间窗 W008,结束时间,2024-01-06 19:11:20,E01384,,fluid_usage:红页L1HF:5:8:0,
3264,0@时间窗 W008,持续时间,29分钟40秒,E01384,,fluid_usage:红页L1HF:5:8:0,
3265,0@时间窗 W008,泵压特征,"施工泵压变化 起39.35→止0.17，变化-39.18，均值35.5371，范围[0.17, 39.35]",E01384,E01385,fluid_usage:红页L1HF:5:8:0,pressure_feature:红页L1HF:5:8
3266,0@时间窗 W008,排量特征,"排量变化 起0→止0，变化0，均值0，范围[0, 0]",E01384,E01386,fluid_usage:红页L1HF:5:8:0,flow_feature:红页L1HF:5:8
3267,0@时间窗 W008,砂比特征,砂比变化：0,E01384,E01387,fluid_usage:红页L1HF:5:8:0,sand_feature:红页L1HF:5:8
3268,时间窗 W008,施工特征,"施工泵压变化 起39.35→止0.17，变化-39.18，均值35.5371，范围[0.17, 39.35]",E01383,E01385,time_window:红页L1HF:5:8,pressure_feature:红页L1HF:5:8
3269,时间窗 W008,施工特征,"排量变化 起0→止0，变化0，均值0，范围[0, 0]",E01383,E01386,time_window:红页L1HF:5:8,flow_feature:红页L1HF:5:8
3270,时间窗 W008,砂比特征,砂比变化：0,E01383,E01387,time_window:红页L1HF:5:8,sand_feature:红页L1HF:5:8
3271,井 红页L1HF,包含段,段 6,E00001,E01388,well:红页L1HF,segment:红页L1HF:6
3272,段 6,包含时间窗,时间窗 W001,E01388,E01389,segment:红页L1HF:6,time_window:红页L1HF:6:1
3273,时间窗 W001,采用液型,0@时间窗 W001,E01389,E01390,time_window:红页L1HF:6:1,fluid_usage:红页L1HF:6:1:0
3274,0@时间窗 W001,液型类别,液型 0,E01390,E00044,fluid_usage:红页L1HF:6:1:0,fluid_type:0
3275,0@时间窗 W001,开始时间,2024-01-07 07:53:30,E01390,,fluid_usage:红页L1HF:6:1:0,
3276,0@时间窗 W001,结束时间,2024-01-07 07:55:10,E01390,,fluid_usage:红页L1HF:6:1:0,
3277,0@时间窗 W001,持续时间,1分钟40秒,E01390,,fluid_usage:红页L1HF:6:1:0,
3278,0@时间窗 W001,泵压特征,"施工泵压变化 起8.92→止20.44，变化11.52，均值19.184，范围[8.92, 20.44]",E01390,E01391,fluid_usage:红页L1HF:6:1:0,pressure_feature:红页L1HF:6:1
3279,0@时间窗 W001,排量特征,"排量变化 起0→止0，变化0，均值0，范围[0, 0]",E01390,E01392,fluid_usage:红页L1HF:6:1:0,flow_feature:红页L1HF:6:1
3280,0@时间窗 W001,砂比特征,砂比变化：0,E01390,E01393,fluid_usage:红页L1HF:6:1:0,sand_feature:红页L1HF:6:1
3281,时间窗 W001,施工特征,"施工泵压变化 起8.92→止20.44，变化11.52，均值19.184，范围[8.92, 20.44]",E01389,E01391,time_window:红页L1HF:6:1,pressure_feature:红页L1HF:6:1
3282,时间窗 W001,施工特征,"排量变化 起0→止0，变化0，均值0，范围[0, 0]",E01389,E01392,time_window:红页L1HF:6:1,flow_feature:红页L1HF:6:1
3283,时间窗 W001,砂比特征,砂比变化：0,E01389,E01393,time_window:红页L1HF:6:1,sand_feature:红页L1HF:6:1
3284,段 6,包含时间窗,时间窗 W002,E01388,E01394,segment:红页L1HF:6,time_window:红页L1HF:6:2
3285,时间窗 W002,采用液型,0.12%减阻水@时间窗 W002,E01394,E01395,time_window:红页L1HF:6:2,fluid_usage:红页L1HF:6:2:0.12%减阻水
3286,0.12%减阻水@时间窗 W002,液型类别,液型 0.12%减阻水,E01395,E00010,fluid_usage:红页L1HF:6:2:0.12%减阻水,fluid_type:0.12%减阻水
3287,0.12%减阻水@时间窗 W002,开始时间,2024-01-07 07:55:20,E01395,,fluid_usage:红页L1HF:6:2:0.12%减阻水,
3288,0.12%减阻水@时间窗 W002,结束时间,2024-01-07 08:00:50,E01395,,fluid_usage:红页L1HF:6:2:0.12%减阻水,
3289,0.12%减阻水@时间窗 W002,持续时间,5分钟30秒,E01395,,fluid_usage:红页L1HF:6:2:0.12%减阻水,
3290,0.12%减阻水@时间窗 W002,泵压特征,"施工泵压变化 起20.77→止30.33，变化9.56，均值27.1071，范围[20.77, 30.33]",E01395,E01396,fluid_usage:红页L1HF:6:2:0.12%减阻水,pressure_feature:红页L1HF:6:2
3291,0.12%减阻水@时间窗 W002,排量特征,"排量变化 起0.45→止2，变化1.55，均值1.76，范围[0.45, 2]",E01395,E01397,fluid_usage:红页L1HF:6:2:0.12%减阻水,flow_feature:红页L1HF:6:2
3292,0.12%减阻水@时间窗 W002,砂比特征,砂比变化：0,E01395,E01398,fluid_usage:红页L1HF:6:2:0.12%减阻水,sand_feature:红页L1HF:6:2
3293,时间窗 W002,施工特征,"施工泵压变化 起20.77→止30.33，变化9.56，均值27.1071，范围[20.77, 30.33]",E01394,E01396,time_window:红页L1HF:6:2,pressure_feature:红页L1HF:6:2
3294,时间窗 W002,施工特征,"排量变化 起0.45→止2，变化1.55，均值1.76，范围[0.45, 2]",E01394,E01397,time_window:红页L1HF:6:2,flow_feature:红页L1HF:6:2
3295,时间窗 W002,砂比特征,砂比变化：0,E01394,E01398,time_window:红页L1HF:6:2,sand_feature:红页L1HF:6:2
3296,段 6,包含时间窗,时间窗 W003,E01388,E01399,segment:红页L1HF:6,time_window:红页L1HF:6:3
3297,时间窗 W003,采用液型,15%HCl@时间窗 W003,E01399,E01400,time_window:红页L1HF:6:3,fluid_usage:红页L1HF:6:3:15%HCl
3298,15%HCl@时间窗 W003,液型类别,液型 15%HCl,E01400,E00016,fluid_usage:红页L1HF:6:3:15%HCl,fluid_type:15%HCl
3299,15%HCl@时间窗 W003,开始时间,2024-01-07 08:01:00,E01400,,fluid_usage:红页L1HF:6:3:15%HCl,
3300,15%HCl@时间窗 W003,结束时间,2024-01-07 08:06:00,E01400,,fluid_usage:红页L1HF:6:3:15%HCl,
3301,15%HCl@时间窗 W003,持续时间,5分钟,E01400,,fluid_usage:红页L1HF:6:3:15%HCl,
3302,15%HCl@时间窗 W003,泵压特征,"施工泵压变化 起30.39→止32.08，变化1.69，均值31.4226，范围[30.39, 32.08]",E01400,E01401,fluid_usage:红页L1HF:6:3:15%HCl,pressure_feature:红页L1HF:6:3
3303,15%HCl@时间窗 W003,排量特征,"排量变化 起2→止2，变化0，均值2，范围[2, 2]",E01400,E01402,fluid_usage:红页L1HF:6:3:15%HCl,flow_feature:红页L1HF:6:3
3304,15%HCl@时间窗 W003,砂比特征,砂比变化：0,E01400,E01403,fluid_usage:红页L1HF:6:3:15%HCl,sand_feature:红页L1HF:6:3
3305,时间窗 W003,施工特征,"施工泵压变化 起30.39→止32.08，变化1.69，均值31.4226，范围[30.39, 32.08]",E01399,E01401,time_window:红页L1HF:6:3,pressure_feature:红页L1HF:6:3
3306,时间窗 W003,施工特征,"排量变化 起2→止2，变化0，均值2，范围[2, 2]",E01399,E01402,time_window:红页L1HF:6:3,flow_feature:红页L1HF:6:3
3307,时间窗 W003,砂比特征,砂比变化：0,E01399,E01403,time_window:红页L1HF:6:3,sand_feature:红页L1HF:6:3
3308,段 6,包含时间窗,时间窗 W004,E01388,E01404,segment:红页L1HF:6,time_window:红页L1HF:6:4
3309,时间窗 W004,采用液型,0.25%减阻水@时间窗 W004,E01404,E01405,time_window:红页L1HF:6:4,fluid_usage:红页L1HF:6:4:0.25%减阻水
3310,0.25%减阻水@时间窗 W004,液型类别,液型 0.25%减阻水,E01405,E00022,fluid_usage:红页L1HF:6:4:0.25%减阻水,fluid_type:0.25%减阻水
3311,0.25%减阻水@时间窗 W004,开始时间,2024-01-07 08:06:10,E01405,,fluid_usage:红页L1HF:6:4:0.25%减阻水,
3312,0.25%减阻水@时间窗 W004,结束时间,2024-01-07 08:31:40,E01405,,fluid_usage:红页L1HF:6:4:0.25%减阻水,
3313,0.25%减阻水@时间窗 W004,持续时间,25分钟30秒,E01405,,fluid_usage:红页L1HF:6:4:0.25%减阻水,
3314,0.25%减阻水@时间窗 W004,泵压特征,"施工泵压变化 起32.13→止70.49，变化38.36，均值60.8864，范围[32.13, 92.25]",E01405,E01406,fluid_usage:红页L1HF:6:4:0.25%减阻水,pressure_feature:红页L1HF:6:4
3315,0.25%减阻水@时间窗 W004,排量特征,"排量变化 起2→止24，变化22，均值10.3816，范围[2, 24.1]",E01405,E01407,fluid_usage:红页L1HF:6:4:0.25%减阻水,flow_feature:红页L1HF:6:4
3316,0.25%减阻水@时间窗 W004,砂比特征,"砂比变化 起0.9→止5.1，变化4.2，均值4.5333，范围[0.9, 5.2]",E01405,E01408,fluid_usage:红页L1HF:6:4:0.25%减阻水,sand_feature:红页L1HF:6:4
3317,时间窗 W004,施工特征,"施工泵压变化 起32.13→止70.49，变化38.36，均值60.8864，范围[32.13, 92.25]",E01404,E01406,time_window:红页L1HF:6:4,pressure_feature:红页L1HF:6:4
3318,时间窗 W004,施工特征,"排量变化 起2→止24，变化22，均值10.3816，范围[2, 24.1]",E01404,E01407,time_window:红页L1HF:6:4,flow_feature:红页L1HF:6:4
3319,时间窗 W004,砂比特征,"砂比变化 起0.9→止5.1，变化4.2，均值4.5333，范围[0.9, 5.2]",E01404,E01408,time_window:红页L1HF:6:4,sand_feature:红页L1HF:6:4
3320,段 6,包含时间窗,时间窗 W005,E01388,E01409,segment:红页L1HF:6,time_window:红页L1HF:6:5
3321,时间窗 W005,采用液型,0.12%减阻水@时间窗 W005,E01409,E01410,time_window:红页L1HF:6:5,fluid_usage:红页L1HF:6:5:0.12%减阻水
3322,0.12%减阻水@时间窗 W005,液型类别,液型 0.12%减阻水,E01410,E00010,fluid_usage:红页L1HF:6:5:0.12%减阻水,fluid_type:0.12%减阻水
3323,0.12%减阻水@时间窗 W005,开始时间,2024-01-07 08:31:50,E01410,,fluid_usage:红页L1HF:6:5:0.12%减阻水,
3324,0.12%减阻水@时间窗 W005,结束时间,2024-01-07 10:49:00,E01410,,fluid_usage:红页L1HF:6:5:0.12%减阻水,
3325,0.12%减阻水@时间窗 W005,持续时间,2小时17分钟10秒,E01410,,fluid_usage:红页L1HF:6:5:0.12%减阻水,
3326,0.12%减阻水@时间窗 W005,泵压特征,"施工泵压变化 起70.86→止77.01，变化6.15，均值66.2609，范围[40.63, 77.42]",E01410,E01411,fluid_usage:红页L1HF:6:5:0.12%减阻水,pressure_feature:红页L1HF:6:5
3327,0.12%减阻水@时间窗 W005,排量特征,"排量变化 起24→止24.06，变化0.06，均值20.1507，范围[6.28, 24.08]",E01410,E01412,fluid_usage:红页L1HF:6:5:0.12%减阻水,flow_feature:红页L1HF:6:5
3328,0.12%减阻水@时间窗 W005,砂比特征,"砂比变化 起5.1→止12，变化6.9，均值10.2434，范围[0.1, 15.1]",E01410,E01413,fluid_usage:红页L1HF:6:5:0.12%减阻水,sand_feature:红页L1HF:6:5
3329,时间窗 W005,施工特征,"施工泵压变化 起70.86→止77.01，变化6.15，均值66.2609，范围[40.63, 77.42]",E01409,E01411,time_window:红页L1HF:6:5,pressure_feature:红页L1HF:6:5
3330,时间窗 W005,施工特征,"排量变化 起24→止24.06，变化0.06，均值20.1507，范围[6.28, 24.08]",E01409,E01412,time_window:红页L1HF:6:5,flow_feature:红页L1HF:6:5
3331,时间窗 W005,砂比特征,"砂比变化 起5.1→止12，变化6.9，均值10.2434，范围[0.1, 15.1]",E01409,E01413,time_window:红页L1HF:6:5,sand_feature:红页L1HF:6:5
3332,段 6,包含时间窗,时间窗 W006,E01388,E01414,segment:红页L1HF:6,time_window:红页L1HF:6:6
3333,时间窗 W006,采用液型,0.25%减阻水@时间窗 W006,E01414,E01415,time_window:红页L1HF:6:6,fluid_usage:红页L1HF:6:6:0.25%减阻水
3334,0.25%减阻水@时间窗 W006,液型类别,液型 0.25%减阻水,E01415,E00022,fluid_usage:红页L1HF:6:6:0.25%减阻水,fluid_type:0.25%减阻水
3335,0.25%减阻水@时间窗 W006,开始时间,2024-01-07 10:49:10,E01415,,fluid_usage:红页L1HF:6:6:0.25%减阻水,
3336,0.25%减阻水@时间窗 W006,结束时间,2024-01-07 10:54:30,E01415,,fluid_usage:红页L1HF:6:6:0.25%减阻水,
3337,0.25%减阻水@时间窗 W006,持续时间,5分钟20秒,E01415,,fluid_usage:红页L1HF:6:6:0.25%减阻水,
3338,0.25%减阻水@时间窗 W006,泵压特征,"施工泵压变化 起77.03→止75.61，变化-1.42，均值76.1355，范围[75.48, 77.03]",E01415,E01416,fluid_usage:红页L1HF:6:6:0.25%减阻水,pressure_feature:红页L1HF:6:6
3339,0.25%减阻水@时间窗 W006,排量特征,"排量变化 起24.06→止24.06，变化0，均值24.0645，范围[24.06, 24.07]",E01415,E01417,fluid_usage:红页L1HF:6:6:0.25%减阻水,flow_feature:红页L1HF:6:6
3340,0.25%减阻水@时间窗 W006,砂比特征,"砂比变化 起12.4→止1.8，变化-10.6，均值13.45，范围[1.8, 14.3]",E01415,E01418,fluid_usage:红页L1HF:6:6:0.25%减阻水,sand_feature:红页L1HF:6:6
3341,时间窗 W006,施工特征,"施工泵压变化 起77.03→止75.61，变化-1.42，均值76.1355，范围[75.48, 77.03]",E01414,E01416,time_window:红页L1HF:6:6,pressure_feature:红页L1HF:6:6
3342,时间窗 W006,施工特征,"排量变化 起24.06→止24.06，变化0，均值24.0645，范围[24.06, 24.07]",E01414,E01417,time_window:红页L1HF:6:6,flow_feature:红页L1HF:6:6
3343,时间窗 W006,砂比特征,"砂比变化 起12.4→止1.8，变化-10.6，均值13.45，范围[1.8, 14.3]",E01414,E01418,time_window:红页L1HF:6:6,sand_feature:红页L1HF:6:6
3344,段 6,包含时间窗,时间窗 W007,E01388,E01419,segment:红页L1HF:6,time_window:红页L1HF:6:7
3345,时间窗 W007,采用液型,0.12%减阻水@时间窗 W007,E01419,E01420,time_window:红页L1HF:6:7,fluid_usage:红页L1HF:6:7:0.12%减阻水
3346,0.12%减阻水@时间窗 W007,液型类别,液型 0.12%减阻水,E01420,E00010,fluid_usage:红页L1HF:6:7:0.12%减阻水,fluid_type:0.12%减阻水
3347,0.12%减阻水@时间窗 W007,开始时间,2024-01-07 10:54:40,E01420,,fluid_usage:红页L1HF:6:7:0.12%减阻水,
3348,0.12%减阻水@时间窗 W007,结束时间,2024-01-07 10:58:20,E01420,,fluid_usage:红页L1HF:6:7:0.12%减阻水,
3349,0.12%减阻水@时间窗 W007,持续时间,3分钟40秒,E01420,,fluid_usage:红页L1HF:6:7:0.12%减阻水,
3350,0.12%减阻水@时间窗 W007,泵压特征,"施工泵压变化 起75.61→止38.38，变化-37.23，均值67.3375，范围[38.38, 75.61]",E01420,E01421,fluid_usage:红页L1HF:6:7:0.12%减阻水,pressure_feature:红页L1HF:6:7
3351,0.12%减阻水@时间窗 W007,排量特征,"排量变化 起24.06→止0.25，变化-23.81，均值20.3783，范围[0.25, 24.07]",E01420,E01422,fluid_usage:红页L1HF:6:7:0.12%减阻水,flow_feature:红页L1HF:6:7
3352,0.12%减阻水@时间窗 W007,砂比特征,砂比变化：0,E01420,E01423,fluid_usage:红页L1HF:6:7:0.12%减阻水,sand_feature:红页L1HF:6:7
3353,时间窗 W007,施工特征,"施工泵压变化 起75.61→止38.38，变化-37.23，均值67.3375，范围[38.38, 75.61]",E01419,E01421,time_window:红页L1HF:6:7,pressure_feature:红页L1HF:6:7
3354,时间窗 W007,施工特征,"排量变化 起24.06→止0.25，变化-23.81，均值20.3783，范围[0.25, 24.07]",E01419,E01422,time_window:红页L1HF:6:7,flow_feature:红页L1HF:6:7
3355,时间窗 W007,砂比特征,砂比变化：0,E01419,E01423,time_window:红页L1HF:6:7,sand_feature:红页L1HF:6:7
3356,段 6,包含时间窗,时间窗 W008,E01388,E01424,segment:红页L1HF:6,time_window:红页L1HF:6:8
3357,时间窗 W008,采用液型,0@时间窗 W008,E01424,E01425,time_window:红页L1HF:6:8,fluid_usage:红页L1HF:6:8:0
3358,0@时间窗 W008,液型类别,液型 0,E01425,E00044,fluid_usage:红页L1HF:6:8:0,fluid_type:0
3359,0@时间窗 W008,开始时间,2024-01-07 10:58:30,E01425,,fluid_usage:红页L1HF:6:8:0,
3360,0@时间窗 W008,结束时间,2024-01-07 11:28:00,E01425,,fluid_usage:红页L1HF:6:8:0,
3361,0@时间窗 W008,持续时间,29分钟30秒,E01425,,fluid_usage:红页L1HF:6:8:0,
3362,0@时间窗 W008,泵压特征,"施工泵压变化 起40.27→止0，变化-40.27，均值36.5458，范围[0, 40.27]",E01425,E01426,fluid_usage:红页L1HF:6:8:0,pressure_feature:红页L1HF:6:8
3363,0@时间窗 W008,排量特征,"排量变化 起0→止0，变化0，均值0，范围[0, 0]",E01425,E01427,fluid_usage:红页L1HF:6:8:0,flow_feature:红页L1HF:6:8
3364,0@时间窗 W008,砂比特征,砂比变化：0,E01425,E01428,fluid_usage:红页L1HF:6:8:0,sand_feature:红页L1HF:6:8
3365,时间窗 W008,施工特征,"施工泵压变化 起40.27→止0，变化-40.27，均值36.5458，范围[0, 40.27]",E01424,E01426,time_window:红页L1HF:6:8,pressure_feature:红页L1HF:6:8
3366,时间窗 W008,施工特征,"排量变化 起0→止0，变化0，均值0，范围[0, 0]",E01424,E01427,time_window:红页L1HF:6:8,flow_feature:红页L1HF:6:8
3367,时间窗 W008,砂比特征,砂比变化：0,E01424,E01428,time_window:红页L1HF:6:8,sand_feature:红页L1HF:6:8
3368,井 红页L1HF,包含段,段 7,E00001,E01429,well:红页L1HF,segment:红页L1HF:7
3369,段 7,包含时间窗,时间窗 W001,E01429,E01430,segment:红页L1HF:7,time_window:红页L1HF:7:1
3370,时间窗 W001,采用液型,0@时间窗 W001,E01430,E01431,time_window:红页L1HF:7:1,fluid_usage:红页L1HF:7:1:0
3371,0@时间窗 W001,液型类别,液型 0,E01431,E00044,fluid_usage:红页L1HF:7:1:0,fluid_type:0
3372,0@时间窗 W001,开始时间,2024-01-07 15:37:20,E01431,,fluid_usage:红页L1HF:7:1:0,
3373,0@时间窗 W001,结束时间,2024-01-07 15:39:30,E01431,,fluid_usage:红页L1HF:7:1:0,
3374,0@时间窗 W001,持续时间,2分钟10秒,E01431,,fluid_usage:红页L1HF:7:1:0,
3375,0@时间窗 W001,泵压特征,"施工泵压变化 起21.37→止25.92，变化4.55，均值25.6364，范围[21.37, 26]",E01431,E01432,fluid_usage:红页L1HF:7:1:0,pressure_feature:红页L1HF:7:1
3376,0@时间窗 W001,排量特征,"排量变化 起0→止0，变化0，均值0，范围[0, 0]",E01431,E01433,fluid_usage:红页L1HF:7:1:0,flow_feature:红页L1HF:7:1
3377,0@时间窗 W001,砂比特征,砂比变化：0,E01431,E01434,fluid_usage:红页L1HF:7:1:0,sand_feature:红页L1HF:7:1
3378,时间窗 W001,施工特征,"施工泵压变化 起21.37→止25.92，变化4.55，均值25.6364，范围[21.37, 26]",E01430,E01432,time_window:红页L1HF:7:1,pressure_feature:红页L1HF:7:1
3379,时间窗 W001,施工特征,"排量变化 起0→止0，变化0，均值0，范围[0, 0]",E01430,E01433,time_window:红页L1HF:7:1,flow_feature:红页L1HF:7:1
3380,时间窗 W001,砂比特征,砂比变化：0,E01430,E01434,time_window:红页L1HF:7:1,sand_feature:红页L1HF:7:1
3381,段 7,包含时间窗,时间窗 W002,E01429,E01435,segment:红页L1HF:7,time_window:红页L1HF:7:2
3382,时间窗 W002,采用液型,0.12%减阻水@时间窗 W002,E01435,E01436,time_window:红页L1HF:7:2,fluid_usage:红页L1HF:7:2:0.12%减阻水
3383,0.12%减阻水@时间窗 W002,液型类别,液型 0.12%减阻水,E01436,E00010,fluid_usage:红页L1HF:7:2:0.12%减阻水,fluid_type:0.12%减阻水
3384,0.12%减阻水@时间窗 W002,开始时间,2024-01-07 15:39:40,E01436,,fluid_usage:红页L1HF:7:2:0.12%减阻水,
3385,0.12%减阻水@时间窗 W002,结束时间,2024-01-07 15:45:30,E01436,,fluid_usage:红页L1HF:7:2:0.12%减阻水,
3386,0.12%减阻水@时间窗 W002,持续时间,5分钟50秒,E01436,,fluid_usage:红页L1HF:7:2:0.12%减阻水,
3387,0.12%减阻水@时间窗 W002,泵压特征,"施工泵压变化 起26.59→止32.23，变化5.64，均值29.9866，范围[26.26, 32.23]",E01436,E01437,fluid_usage:红页L1HF:7:2:0.12%减阻水,pressure_feature:红页L1HF:7:2
3388,0.12%减阻水@时间窗 W002,排量特征,"排量变化 起0.36→止2.01，变化1.65，均值1.6603，范围[0.36, 2.11]",E01436,E01438,fluid_usage:红页L1HF:7:2:0.12%减阻水,flow_feature:红页L1HF:7:2
3389,0.12%减阻水@时间窗 W002,砂比特征,砂比变化：0,E01436,E01439,fluid_usage:红页L1HF:7:2:0.12%减阻水,sand_feature:红页L1HF:7:2
3390,时间窗 W002,施工特征,"施工泵压变化 起26.59→止32.23，变化5.64，均值29.9866，范围[26.26, 32.23]",E01435,E01437,time_window:红页L1HF:7:2,pressure_feature:红页L1HF:7:2
3391,时间窗 W002,施工特征,"排量变化 起0.36→止2.01，变化1.65，均值1.6603，范围[0.36, 2.11]",E01435,E01438,time_window:红页L1HF:7:2,flow_feature:红页L1HF:7:2
3392,时间窗 W002,砂比特征,砂比变化：0,E01435,E01439,time_window:红页L1HF:7:2,sand_feature:红页L1HF:7:2
3393,段 7,包含时间窗,时间窗 W003,E01429,E01440,segment:红页L1HF:7,time_window:红页L1HF:7:3
3394,时间窗 W003,采用液型,15%HCl@时间窗 W003,E01440,E01441,time_window:红页L1HF:7:3,fluid_usage:红页L1HF:7:3:15%HCl
3395,15%HCl@时间窗 W003,液型类别,液型 15%HCl,E01441,E00016,fluid_usage:红页L1HF:7:3:15%HCl,fluid_type:15%HCl
3396,15%HCl@时间窗 W003,开始时间,2024-01-07 15:45:40,E01441,,fluid_usage:红页L1HF:7:3:15%HCl,
3397,15%HCl@时间窗 W003,结束时间,2024-01-07 15:50:40,E01441,,fluid_usage:红页L1HF:7:3:15%HCl,
3398,15%HCl@时间窗 W003,持续时间,5分钟,E01441,,fluid_usage:红页L1HF:7:3:15%HCl,
3399,15%HCl@时间窗 W003,泵压特征,"施工泵压变化 起32.24→止33.38，变化1.14，均值32.9643，范围[32.24, 33.38]",E01441,E01442,fluid_usage:红页L1HF:7:3:15%HCl,pressure_feature:红页L1HF:7:3
3400,15%HCl@时间窗 W003,排量特征,"排量变化 起2→止2，变化0，均值2.0027，范围[2, 2.03]",E01441,E01443,fluid_usage:红页L1HF:7:3:15%HCl,flow_feature:红页L1HF:7:3
3401,15%HCl@时间窗 W003,砂比特征,砂比变化：0,E01441,E01444,fluid_usage:红页L1HF:7:3:15%HCl,sand_feature:红页L1HF:7:3
3402,时间窗 W003,施工特征,"施工泵压变化 起32.24→止33.38，变化1.14，均值32.9643，范围[32.24, 33.38]",E01440,E01442,time_window:红页L1HF:7:3,pressure_feature:红页L1HF:7:3
3403,时间窗 W003,施工特征,"排量变化 起2→止2，变化0，均值2.0027，范围[2, 2.03]",E01440,E01443,time_window:红页L1HF:7:3,flow_feature:红页L1HF:7:3
3404,时间窗 W003,砂比特征,砂比变化：0,E01440,E01444,time_window:红页L1HF:7:3,sand_feature:红页L1HF:7:3
3405,段 7,包含时间窗,时间窗 W004,E01429,E01445,segment:红页L1HF:7,time_window:红页L1HF:7:4
3406,时间窗 W004,采用液型,0.25%减阻水@时间窗 W004,E01445,E01446,time_window:红页L1HF:7:4,fluid_usage:红页L1HF:7:4:0.25%减阻水
3407,0.25%减阻水@时间窗 W004,液型类别,液型 0.25%减阻水,E01446,E00022,fluid_usage:红页L1HF:7:4:0.25%减阻水,fluid_type:0.25%减阻水
3408,0.25%减阻水@时间窗 W004,开始时间,2024-01-07 15:50:41,E01446,,fluid_usage:红页L1HF:7:4:0.25%减阻水,
3409,0.25%减阻水@时间窗 W004,结束时间,2024-01-07 16:19:30,E01446,,fluid_usage:红页L1HF:7:4:0.25%减阻水,
3410,0.25%减阻水@时间窗 W004,持续时间,28分钟49秒,E01446,,fluid_usage:红页L1HF:7:4:0.25%减阻水,
3411,0.25%减阻水@时间窗 W004,泵压特征,"施工泵压变化 起33.38→止69.18，变化35.8，均值62.2808，范围[33.38, 91.71]",E01446,E01447,fluid_usage:红页L1HF:7:4:0.25%减阻水,pressure_feature:红页L1HF:7:4
3412,0.25%减阻水@时间窗 W004,排量特征,"排量变化 起2→止24.12，变化22.12，均值12.2694，范围[2, 24.12]",E01446,E01448,fluid_usage:红页L1HF:7:4:0.25%减阻水,flow_feature:红页L1HF:7:4
3413,0.25%减阻水@时间窗 W004,砂比特征,"砂比变化 起0.9→止4，变化3.1，均值3.2125，范围[0.3, 5.2]",E01446,E01449,fluid_usage:红页L1HF:7:4:0.25%减阻水,sand_feature:红页L1HF:7:4
3414,时间窗 W004,施工特征,"施工泵压变化 起33.38→止69.18，变化35.8，均值62.2808，范围[33.38, 91.71]",E01445,E01447,time_window:红页L1HF:7:4,pressure_feature:红页L1HF:7:4
3415,时间窗 W004,施工特征,"排量变化 起2→止24.12，变化22.12，均值12.2694，范围[2, 24.12]",E01445,E01448,time_window:红页L1HF:7:4,flow_feature:红页L1HF:7:4
3416,时间窗 W004,砂比特征,"砂比变化 起0.9→止4，变化3.1，均值3.2125，范围[0.3, 5.2]",E01445,E01449,time_window:红页L1HF:7:4,sand_feature:红页L1HF:7:4
3417,段 7,包含时间窗,时间窗 W005,E01429,E01450,segment:红页L1HF:7,time_window:红页L1HF:7:5
3418,时间窗 W005,采用液型,0.12%减阻水@时间窗 W005,E01450,E01451,time_window:红页L1HF:7:5,fluid_usage:红页L1HF:7:5:0.12%减阻水
3419,0.12%减阻水@时间窗 W005,液型类别,液型 0.12%减阻水,E01451,E00010,fluid_usage:红页L1HF:7:5:0.12%减阻水,fluid_type:0.12%减阻水
3420,0.12%减阻水@时间窗 W005,开始时间,2024-01-07 16:19:40,E01451,,fluid_usage:红页L1HF:7:5:0.12%减阻水,
3421,0.12%减阻水@时间窗 W005,结束时间,2024-01-07 18:15:00,E01451,,fluid_usage:红页L1HF:7:5:0.12%减阻水,
3422,0.12%减阻水@时间窗 W005,持续时间,1小时55分钟20秒,E01451,,fluid_usage:红页L1HF:7:5:0.12%减阻水,
3423,0.12%减阻水@时间窗 W005,泵压特征,"施工泵压变化 起69.12→止78.11，变化8.99，均值73.0506，范围[47.62, 80.63]",E01451,E01452,fluid_usage:红页L1HF:7:5:0.12%减阻水,pressure_feature:红页L1HF:7:5
3424,0.12%减阻水@时间窗 W005,排量特征,"排量变化 起24.12→止24.03，变化-0.09，均值22.7768，范围[12.06, 24.13]",E01451,E01453,fluid_usage:红页L1HF:7:5:0.12%减阻水,flow_feature:红页L1HF:7:5
3425,0.12%减阻水@时间窗 W005,砂比特征,"砂比变化 起5.1→止12，变化6.9，均值9.8432，范围[0.1, 15]",E01451,E01454,fluid_usage:红页L1HF:7:5:0.12%减阻水,sand_feature:红页L1HF:7:5
3426,时间窗 W005,施工特征,"施工泵压变化 起69.12→止78.11，变化8.99，均值73.0506，范围[47.62, 80.63]",E01450,E01452,time_window:红页L1HF:7:5,pressure_feature:红页L1HF:7:5
3427,时间窗 W005,施工特征,"排量变化 起24.12→止24.03，变化-0.09，均值22.7768，范围[12.06, 24.13]",E01450,E01453,time_window:红页L1HF:7:5,flow_feature:红页L1HF:7:5
3428,时间窗 W005,砂比特征,"砂比变化 起5.1→止12，变化6.9，均值9.8432，范围[0.1, 15]",E01450,E01454,time_window:红页L1HF:7:5,sand_feature:红页L1HF:7:5
3429,段 7,包含时间窗,时间窗 W006,E01429,E01455,segment:红页L1HF:7,time_window:红页L1HF:7:6
3430,时间窗 W006,采用液型,0.25%减阻水@时间窗 W006,E01455,E01456,time_window:红页L1HF:7:6,fluid_usage:红页L1HF:7:6:0.25%减阻水
3431,0.25%减阻水@时间窗 W006,液型类别,液型 0.25%减阻水,E01456,E00022,fluid_usage:红页L1HF:7:6:0.25%减阻水,fluid_type:0.25%减阻水
3432,0.25%减阻水@时间窗 W006,开始时间,2024-01-07 18:15:20,E01456,,fluid_usage:红页L1HF:7:6:0.25%减阻水,
3433,0.25%减阻水@时间窗 W006,结束时间,2024-01-07 18:19:30,E01456,,fluid_usage:红页L1HF:7:6:0.25%减阻水,
3434,0.25%减阻水@时间窗 W006,持续时间,4分钟10秒,E01456,,fluid_usage:红页L1HF:7:6:0.25%减阻水,
3435,0.25%减阻水@时间窗 W006,泵压特征,"施工泵压变化 起77.82→止77.13，变化-0.69，均值77.3556，范围[77.13, 77.82]",E01456,E01457,fluid_usage:红页L1HF:7:6:0.25%减阻水,pressure_feature:红页L1HF:7:6
3436,0.25%减阻水@时间窗 W006,排量特征,"排量变化 起24.03→止24.03，变化0，均值24.03，范围[24.03, 24.03]",E01456,E01458,fluid_usage:红页L1HF:7:6:0.25%减阻水,flow_feature:红页L1HF:7:6
3437,0.25%减阻水@时间窗 W006,砂比特征,"砂比变化 起12→止0.4，变化-11.6，均值12.8263，范围[0.4, 14.2]",E01456,E01459,fluid_usage:红页L1HF:7:6:0.25%减阻水,sand_feature:红页L1HF:7:6
3438,时间窗 W006,施工特征,"施工泵压变化 起77.82→止77.13，变化-0.69，均值77.3556，范围[77.13, 77.82]",E01455,E01457,time_window:红页L1HF:7:6,pressure_feature:红页L1HF:7:6
3439,时间窗 W006,施工特征,"排量变化 起24.03→止24.03，变化0，均值24.03，范围[24.03, 24.03]",E01455,E01458,time_window:红页L1HF:7:6,flow_feature:红页L1HF:7:6
3440,时间窗 W006,砂比特征,"砂比变化 起12→止0.4，变化-11.6，均值12.8263，范围[0.4, 14.2]",E01455,E01459,time_window:红页L1HF:7:6,sand_feature:红页L1HF:7:6
3441,段 7,包含时间窗,时间窗 W007,E01429,E01460,segment:红页L1HF:7,time_window:红页L1HF:7:7
3442,时间窗 W007,采用液型,0.12%减阻水@时间窗 W007,E01460,E01461,time_window:红页L1HF:7:7,fluid_usage:红页L1HF:7:7:0.12%减阻水
3443,0.12%减阻水@时间窗 W007,液型类别,液型 0.12%减阻水,E01461,E00010,fluid_usage:红页L1HF:7:7:0.12%减阻水,fluid_type:0.12%减阻水
3444,0.12%减阻水@时间窗 W007,开始时间,2024-01-07 18:19:40,E01461,,fluid_usage:红页L1HF:7:7:0.12%减阻水,
3445,0.12%减阻水@时间窗 W007,结束时间,2024-01-07 18:22:30,E01461,,fluid_usage:红页L1HF:7:7:0.12%减阻水,
3446,0.12%减阻水@时间窗 W007,持续时间,2分钟50秒,E01461,,fluid_usage:红页L1HF:7:7:0.12%减阻水,
3447,0.12%减阻水@时间窗 W007,泵压特征,"施工泵压变化 起77.08→止40.38，变化-36.7，均值67.3775，范围[40.21, 77.08]",E01461,E01462,fluid_usage:红页L1HF:7:7:0.12%减阻水,pressure_feature:红页L1HF:7:7
3448,0.12%减阻水@时间窗 W007,排量特征,"排量变化 起24.03→止2.21，变化-21.82，均值19.7969，范围[2.21, 24.03]",E01461,E01463,fluid_usage:红页L1HF:7:7:0.12%减阻水,flow_feature:红页L1HF:7:7
3449,0.12%减阻水@时间窗 W007,砂比特征,砂比变化：0,E01461,E01464,fluid_usage:红页L1HF:7:7:0.12%减阻水,sand_feature:红页L1HF:7:7
3450,时间窗 W007,施工特征,"施工泵压变化 起77.08→止40.38，变化-36.7，均值67.3775，范围[40.21, 77.08]",E01460,E01462,time_window:红页L1HF:7:7,pressure_feature:红页L1HF:7:7
3451,时间窗 W007,施工特征,"排量变化 起24.03→止2.21，变化-21.82，均值19.7969，范围[2.21, 24.03]",E01460,E01463,time_window:红页L1HF:7:7,flow_feature:红页L1HF:7:7
3452,时间窗 W007,砂比特征,砂比变化：0,E01460,E01464,time_window:红页L1HF:7:7,sand_feature:红页L1HF:7:7
3453,段 7,包含时间窗,时间窗 W008,E01429,E01465,segment:红页L1HF:7,time_window:红页L1HF:7:8
3454,时间窗 W008,采用液型,0@时间窗 W008,E01465,E01466,time_window:红页L1HF:7:8,fluid_usage:红页L1HF:7:8:0
3455,0@时间窗 W008,液型类别,液型 0,E01466,E00044,fluid_usage:红页L1HF:7:8:0,fluid_type:0
3456,0@时间窗 W008,开始时间,2024-01-07 18:23:00,E01466,,fluid_usage:红页L1HF:7:8:0,
3457,0@时间窗 W008,结束时间,2024-01-07 18:52:30,E01466,,fluid_usage:红页L1HF:7:8:0,
3458,0@时间窗 W008,持续时间,29分钟30秒,E01466,,fluid_usage:红页L1HF:7:8:0,
3459,0@时间窗 W008,泵压特征,"施工泵压变化 起38.63→止0.26，变化-38.37，均值36.8523，范围[0.26, 39.42]",E01466,E01467,fluid_usage:红页L1HF:7:8:0,pressure_feature:红页L1HF:7:8
3460,0@时间窗 W008,排量特征,"排量变化 起0→止0，变化0，均值0，范围[0, 0]",E01466,E01468,fluid_usage:红页L1HF:7:8:0,flow_feature:红页L1HF:7:8
3461,0@时间窗 W008,砂比特征,砂比变化：0,E01466,E01469,fluid_usage:红页L1HF:7:8:0,sand_feature:红页L1HF:7:8
3462,时间窗 W008,施工特征,"施工泵压变化 起38.63→止0.26，变化-38.37，均值36.8523，范围[0.26, 39.42]",E01465,E01467,time_window:红页L1HF:7:8,pressure_feature:红页L1HF:7:8
3463,时间窗 W008,施工特征,"排量变化 起0→止0，变化0，均值0，范围[0, 0]",E01465,E01468,time_window:红页L1HF:7:8,flow_feature:红页L1HF:7:8
3464,时间窗 W008,砂比特征,砂比变化：0,E01465,E01469,time_window:红页L1HF:7:8,sand_feature:红页L1HF:7:8
3465,井 红页L1HF,包含段,段 8,E00001,E01470,well:红页L1HF,segment:红页L1HF:8
3466,段 8,包含时间窗,时间窗 W001,E01470,E01471,segment:红页L1HF:8,time_window:红页L1HF:8:1
3467,时间窗 W001,采用液型,0.12%减阻水@时间窗 W001,E01471,E01472,time_window:红页L1HF:8:1,fluid_usage:红页L1HF:8:1:0.12%减阻水
3468,0.12%减阻水@时间窗 W001,液型类别,液型 0.12%减阻水,E01472,E00010,fluid_usage:红页L1HF:8:1:0.12%减阻水,fluid_type:0.12%减阻水
3469,0.12%减阻水@时间窗 W001,开始时间,2024-01-08 08:09:50,E01472,,fluid_usage:红页L1HF:8:1:0.12%减阻水,
3470,0.12%减阻水@时间窗 W001,结束时间,2024-01-08 08:15:20,E01472,,fluid_usage:红页L1HF:8:1:0.12%减阻水,
3471,0.12%减阻水@时间窗 W001,持续时间,5分钟30秒,E01472,,fluid_usage:红页L1HF:8:1:0.12%减阻水,
3472,0.12%减阻水@时间窗 W001,泵压特征,"施工泵压变化 起19.15→止30.57，变化11.42，均值27.8844，范围[19.15, 30.57]",E01472,E01473,fluid_usage:红页L1HF:8:1:0.12%减阻水,pressure_feature:红页L1HF:8:1
3473,0.12%减阻水@时间窗 W001,排量特征,"排量变化 起0.01→止1.99，变化1.98，均值1.7735，范围[0.01, 1.99]",E01472,E01474,fluid_usage:红页L1HF:8:1:0.12%减阻水,flow_feature:红页L1HF:8:1
3474,0.12%减阻水@时间窗 W001,砂比特征,砂比变化：0,E01472,E01475,fluid_usage:红页L1HF:8:1:0.12%减阻水,sand_feature:红页L1HF:8:1
3475,时间窗 W001,施工特征,"施工泵压变化 起19.15→止30.57，变化11.42，均值27.8844，范围[19.15, 30.57]",E01471,E01473,time_window:红页L1HF:8:1,pressure_feature:红页L1HF:8:1
3476,时间窗 W001,施工特征,"排量变化 起0.01→止1.99，变化1.98，均值1.7735，范围[0.01, 1.99]",E01471,E01474,time_window:红页L1HF:8:1,flow_feature:红页L1HF:8:1
3477,时间窗 W001,砂比特征,砂比变化：0,E01471,E01475,time_window:红页L1HF:8:1,sand_feature:红页L1HF:8:1
3478,段 8,包含时间窗,时间窗 W002,E01470,E01476,segment:红页L1HF:8,time_window:红页L1HF:8:2
3479,时间窗 W002,采用液型,15%HCl@时间窗 W002,E01476,E01477,time_window:红页L1HF:8:2,fluid_usage:红页L1HF:8:2:15%HCl
3480,15%HCl@时间窗 W002,液型类别,液型 15%HCl,E01477,E00016,fluid_usage:红页L1HF:8:2:15%HCl,fluid_type:15%HCl
3481,15%HCl@时间窗 W002,开始时间,2024-01-08 08:15:30,E01477,,fluid_usage:红页L1HF:8:2:15%HCl,
3482,15%HCl@时间窗 W002,结束时间,2024-01-08 08:20:30,E01477,,fluid_usage:红页L1HF:8:2:15%HCl,
3483,15%HCl@时间窗 W002,持续时间,5分钟,E01477,,fluid_usage:红页L1HF:8:2:15%HCl,
3484,15%HCl@时间窗 W002,泵压特征,"施工泵压变化 起30.66→止32.33，变化1.67，均值31.6093，范围[30.66, 32.33]",E01477,E01478,fluid_usage:红页L1HF:8:2:15%HCl,pressure_feature:红页L1HF:8:2
3485,15%HCl@时间窗 W002,排量特征,"排量变化 起1.99→止1.99，变化0，均值1.99，范围[1.99, 1.99]",E01477,E01479,fluid_usage:红页L1HF:8:2:15%HCl,flow_feature:红页L1HF:8:2
3486,15%HCl@时间窗 W002,砂比特征,砂比变化：0,E01477,E01480,fluid_usage:红页L1HF:8:2:15%HCl,sand_feature:红页L1HF:8:2
3487,时间窗 W002,施工特征,"施工泵压变化 起30.66→止32.33，变化1.67，均值31.6093，范围[30.66, 32.33]",E01476,E01478,time_window:红页L1HF:8:2,pressure_feature:红页L1HF:8:2
3488,时间窗 W002,施工特征,"排量变化 起1.99→止1.99，变化0，均值1.99，范围[1.99, 1.99]",E01476,E01479,time_window:红页L1HF:8:2,flow_feature:红页L1HF:8:2
3489,时间窗 W002,砂比特征,砂比变化：0,E01476,E01480,time_window:红页L1HF:8:2,sand_feature:红页L1HF:8:2
3490,段 8,包含时间窗,时间窗 W003,E01470,E01481,segment:红页L1HF:8,time_window:红页L1HF:8:3
3491,时间窗 W003,采用液型,0.25%减阻水@时间窗 W003,E01481,E01482,time_window:红页L1HF:8:3,fluid_usage:红页L1HF:8:3:0.25%减阻水
3492,0.25%减阻水@时间窗 W003,液型类别,液型 0.25%减阻水,E01482,E00022,fluid_usage:红页L1HF:8:3:0.25%减阻水,fluid_type:0.25%减阻水
3493,0.25%减阻水@时间窗 W003,开始时间,2024-01-08 08:20:40,E01482,,fluid_usage:红页L1HF:8:3:0.25%减阻水,
3494,0.25%减阻水@时间窗 W003,结束时间,2024-01-08 08:45:10,E01482,,fluid_usage:红页L1HF:8:3:0.25%减阻水,
3495,0.25%减阻水@时间窗 W003,持续时间,24分钟30秒,E01482,,fluid_usage:红页L1HF:8:3:0.25%减阻水,
3496,0.25%减阻水@时间窗 W003,泵压特征,"施工泵压变化 起32.34→止74.75，变化42.41，均值63.9948，范围[32.34, 92.19]",E01482,E01483,fluid_usage:红页L1HF:8:3:0.25%减阻水,pressure_feature:红页L1HF:8:3
3497,0.25%减阻水@时间窗 W003,排量特征,"排量变化 起1.99→止24.01，变化22.02，均值11.5109，范围[1.99, 24.01]",E01482,E01484,fluid_usage:红页L1HF:8:3:0.25%减阻水,flow_feature:红页L1HF:8:3
3498,0.25%减阻水@时间窗 W003,砂比特征,"砂比变化 起0.3→止5，变化4.7，均值4.5467，范围[0.3, 5]",E01482,E01485,fluid_usage:红页L1HF:8:3:0.25%减阻水,sand_feature:红页L1HF:8:3
3499,时间窗 W003,施工特征,"施工泵压变化 起32.34→止74.75，变化42.41，均值63.9948，范围[32.34, 92.19]",E01481,E01483,time_window:红页L1HF:8:3,pressure_feature:红页L1HF:8:3
3500,时间窗 W003,施工特征,"排量变化 起1.99→止24.01，变化22.02，均值11.5109，范围[1.99, 24.01]",E01481,E01484,time_window:红页L1HF:8:3,flow_feature:红页L1HF:8:3
3501,时间窗 W003,砂比特征,"砂比变化 起0.3→止5，变化4.7，均值4.5467，范围[0.3, 5]",E01481,E01485,time_window:红页L1HF:8:3,sand_feature:红页L1HF:8:3
3502,段 8,包含时间窗,时间窗 W004,E01470,E01486,segment:红页L1HF:8,time_window:红页L1HF:8:4
3503,时间窗 W004,采用液型,0.12%减阻水@时间窗 W004,E01486,E01487,time_window:红页L1HF:8:4,fluid_usage:红页L1HF:8:4:0.12%减阻水
3504,0.12%减阻水@时间窗 W004,液型类别,液型 0.12%减阻水,E01487,E00010,fluid_usage:红页L1HF:8:4:0.12%减阻水,fluid_type:0.12%减阻水
3505,0.12%减阻水@时间窗 W004,开始时间,2024-01-08 08:45:20,E01487,,fluid_usage:红页L1HF:8:4:0.12%减阻水,
3506,0.12%减阻水@时间窗 W004,结束时间,2024-01-08 10:49:50,E01487,,fluid_usage:红页L1HF:8:4:0.12%减阻水,
3507,0.12%减阻水@时间窗 W004,持续时间,2小时4分钟30秒,E01487,,fluid_usage:红页L1HF:8:4:0.12%减阻水,
3508,0.12%减阻水@时间窗 W004,泵压特征,"施工泵压变化 起75.12→止78.66，变化3.54，均值75.6226，范围[48.9, 86.7]",E01487,E01488,fluid_usage:红页L1HF:8:4:0.12%减阻水,pressure_feature:红页L1HF:8:4
3509,0.12%减阻水@时间窗 W004,排量特征,"排量变化 起24.01→止24.01，变化0，均值22.7069，范围[11.89, 24.02]",E01487,E01489,fluid_usage:红页L1HF:8:4:0.12%减阻水,flow_feature:红页L1HF:8:4
3510,0.12%减阻水@时间窗 W004,砂比特征,"砂比变化 起5→止14.1，变化9.1，均值9.6037，范围[0.1, 14.7]",E01487,E01490,fluid_usage:红页L1HF:8:4:0.12%减阻水,sand_feature:红页L1HF:8:4
3511,时间窗 W004,施工特征,"施工泵压变化 起75.12→止78.66，变化3.54，均值75.6226，范围[48.9, 86.7]",E01486,E01488,time_window:红页L1HF:8:4,pressure_feature:红页L1HF:8:4
3512,时间窗 W004,施工特征,"排量变化 起24.01→止24.01，变化0，均值22.7069，范围[11.89, 24.02]",E01486,E01489,time_window:红页L1HF:8:4,flow_feature:红页L1HF:8:4
3513,时间窗 W004,砂比特征,"砂比变化 起5→止14.1，变化9.1，均值9.6037，范围[0.1, 14.7]",E01486,E01490,time_window:红页L1HF:8:4,sand_feature:红页L1HF:8:4
3514,段 8,包含时间窗,时间窗 W005,E01470,E01491,segment:红页L1HF:8,time_window:红页L1HF:8:5
3515,时间窗 W005,采用液型,0.25%减阻水@时间窗 W005,E01491,E01492,time_window:红页L1HF:8:5,fluid_usage:红页L1HF:8:5:0.25%减阻水
3516,0.25%减阻水@时间窗 W005,液型类别,液型 0.25%减阻水,E01492,E00022,fluid_usage:红页L1HF:8:5:0.25%减阻水,fluid_type:0.25%减阻水
3517,0.25%减阻水@时间窗 W005,开始时间,2024-01-08 10:50:00,E01492,,fluid_usage:红页L1HF:8:5:0.25%减阻水,
3518,0.25%减阻水@时间窗 W005,结束时间,2024-01-08 10:52:30,E01492,,fluid_usage:红页L1HF:8:5:0.25%减阻水,
3519,0.25%减阻水@时间窗 W005,持续时间,2分钟30秒,E01492,,fluid_usage:红页L1HF:8:5:0.25%减阻水,
3520,0.25%减阻水@时间窗 W005,泵压特征,"施工泵压变化 起78.67→止78.49，变化-0.18，均值78.5919，范围[78.41, 78.84]",E01492,E01493,fluid_usage:红页L1HF:8:5:0.25%减阻水,pressure_feature:红页L1HF:8:5
3521,0.25%减阻水@时间窗 W005,排量特征,"排量变化 起24.01→止24.01，变化0，均值24.01，范围[24.01, 24.01]",E01492,E01494,fluid_usage:红页L1HF:8:5:0.25%减阻水,flow_feature:红页L1HF:8:5
3522,0.25%减阻水@时间窗 W005,砂比特征,"砂比变化 起14.1→止1.2，变化-12.9，均值12.79，范围[1.2, 14.1]",E01492,E01495,fluid_usage:红页L1HF:8:5:0.25%减阻水,sand_feature:红页L1HF:8:5
3523,时间窗 W005,施工特征,"施工泵压变化 起78.67→止78.49，变化-0.18，均值78.5919，范围[78.41, 78.84]",E01491,E01493,time_window:红页L1HF:8:5,pressure_feature:红页L1HF:8:5
3524,时间窗 W005,施工特征,"排量变化 起24.01→止24.01，变化0，均值24.01，范围[24.01, 24.01]",E01491,E01494,time_window:红页L1HF:8:5,flow_feature:红页L1HF:8:5
3525,时间窗 W005,砂比特征,"砂比变化 起14.1→止1.2，变化-12.9，均值12.79，范围[1.2, 14.1]",E01491,E01495,time_window:红页L1HF:8:5,sand_feature:红页L1HF:8:5
3526,段 8,包含时间窗,时间窗 W006,E01470,E01496,segment:红页L1HF:8,time_window:红页L1HF:8:6
3527,时间窗 W006,采用液型,0.12%减阻水@时间窗 W006,E01496,E01497,time_window:红页L1HF:8:6,fluid_usage:红页L1HF:8:6:0.12%减阻水
3528,0.12%减阻水@时间窗 W006,液型类别,液型 0.12%减阻水,E01497,E00010,fluid_usage:红页L1HF:8:6:0.12%减阻水,fluid_type:0.12%减阻水
3529,0.12%减阻水@时间窗 W006,开始时间,2024-01-08 10:52:40,E01497,,fluid_usage:红页L1HF:8:6:0.12%减阻水,
3530,0.12%减阻水@时间窗 W006,结束时间,2024-01-08 10:55:00,E01497,,fluid_usage:红页L1HF:8:6:0.12%减阻水,
3531,0.12%减阻水@时间窗 W006,持续时间,2分钟20秒,E01497,,fluid_usage:红页L1HF:8:6:0.12%减阻水,
3532,0.12%减阻水@时间窗 W006,泵压特征,"施工泵压变化 起78.41→止52.77，变化-25.64，均值72.4506，范围[52.77, 78.41]",E01497,E01498,fluid_usage:红页L1HF:8:6:0.12%减阻水,pressure_feature:红页L1HF:8:6
3533,0.12%减阻水@时间窗 W006,排量特征,"排量变化 起24.01→止10.24，变化-13.77，均值21.5876，范围[10.24, 24.01]",E01497,E01499,fluid_usage:红页L1HF:8:6:0.12%减阻水,flow_feature:红页L1HF:8:6
3534,0.12%减阻水@时间窗 W006,砂比特征,砂比变化：0,E01497,E01500,fluid_usage:红页L1HF:8:6:0.12%减阻水,sand_feature:红页L1HF:8:6
3535,时间窗 W006,施工特征,"施工泵压变化 起78.41→止52.77，变化-25.64，均值72.4506，范围[52.77, 78.41]",E01496,E01498,time_window:红页L1HF:8:6,pressure_feature:红页L1HF:8:6
3536,时间窗 W006,施工特征,"排量变化 起24.01→止10.24，变化-13.77，均值21.5876，范围[10.24, 24.01]",E01496,E01499,time_window:红页L1HF:8:6,flow_feature:红页L1HF:8:6
3537,时间窗 W006,砂比特征,砂比变化：0,E01496,E01500,time_window:红页L1HF:8:6,sand_feature:红页L1HF:8:6
3538,段 8,包含时间窗,时间窗 W007,E01470,E01501,segment:红页L1HF:8,time_window:红页L1HF:8:7
3539,时间窗 W007,采用液型,0@时间窗 W007,E01501,E01502,time_window:红页L1HF:8:7,fluid_usage:红页L1HF:8:7:0
3540,0@时间窗 W007,液型类别,液型 0,E01502,E00044,fluid_usage:红页L1HF:8:7:0,fluid_type:0
3541,0@时间窗 W007,开始时间,2024-01-08 10:55:30,E01502,,fluid_usage:红页L1HF:8:7:0,
3542,0@时间窗 W007,结束时间,2024-01-08 11:26:50,E01502,,fluid_usage:红页L1HF:8:7:0,
3543,0@时间窗 W007,持续时间,31分钟20秒,E01502,,fluid_usage:红页L1HF:8:7:0,
3544,0@时间窗 W007,泵压特征,"施工泵压变化 起39.75→止0.37，变化-39.38，均值38.1867，范围[0.37, 41.42]",E01502,E01503,fluid_usage:红页L1HF:8:7:0,pressure_feature:红页L1HF:8:7
3545,0@时间窗 W007,排量特征,"排量变化 起0→止0，变化0，均值0，范围[0, 0]",E01502,E01504,fluid_usage:红页L1HF:8:7:0,flow_feature:红页L1HF:8:7
3546,0@时间窗 W007,砂比特征,砂比变化：0,E01502,E01505,fluid_usage:红页L1HF:8:7:0,sand_feature:红页L1HF:8:7
3547,时间窗 W007,施工特征,"施工泵压变化 起39.75→止0.37，变化-39.38，均值38.1867，范围[0.37, 41.42]",E01501,E01503,time_window:红页L1HF:8:7,pressure_feature:红页L1HF:8:7
3548,时间窗 W007,施工特征,"排量变化 起0→止0，变化0，均值0，范围[0, 0]",E01501,E01504,time_window:红页L1HF:8:7,flow_feature:红页L1HF:8:7
3549,时间窗 W007,砂比特征,砂比变化：0,E01501,E01505,time_window:红页L1HF:8:7,sand_feature:红页L1HF:8:7
3550,井 红页L1HF,包含段,段 9,E00001,E01506,well:红页L1HF,segment:红页L1HF:9
3551,段 9,包含时间窗,时间窗 W001,E01506,E01507,segment:红页L1HF:9,time_window:红页L1HF:9:1
3552,时间窗 W001,采用液型,0@时间窗 W001,E01507,E01508,time_window:红页L1HF:9:1,fluid_usage:红页L1HF:9:1:0
3553,0@时间窗 W001,液型类别,液型 0,E01508,E00044,fluid_usage:红页L1HF:9:1:0,fluid_type:0
3554,0@时间窗 W001,开始时间,2024-01-08 15:11:50,E01508,,fluid_usage:红页L1HF:9:1:0,
3555,0@时间窗 W001,结束时间,2024-01-08 15:11:50,E01508,,fluid_usage:红页L1HF:9:1:0,
3556,0@时间窗 W001,持续时间,0秒,E01508,,fluid_usage:红页L1HF:9:1:0,
3557,0@时间窗 W001,泵压特征,"施工泵压变化 起22.05→止22.05，变化0，均值22.05，范围[22.05, 22.05]",E01508,E01509,fluid_usage:红页L1HF:9:1:0,pressure_feature:红页L1HF:9:1
3558,0@时间窗 W001,排量特征,"排量变化 起0→止0，变化0，均值0，范围[0, 0]",E01508,E01510,fluid_usage:红页L1HF:9:1:0,flow_feature:红页L1HF:9:1
3559,0@时间窗 W001,砂比特征,砂比变化：0,E01508,E01511,fluid_usage:红页L1HF:9:1:0,sand_feature:红页L1HF:9:1
3560,时间窗 W001,施工特征,"施工泵压变化 起22.05→止22.05，变化0，均值22.05，范围[22.05, 22.05]",E01507,E01509,time_window:红页L1HF:9:1,pressure_feature:红页L1HF:9:1
3561,时间窗 W001,施工特征,"排量变化 起0→止0，变化0，均值0，范围[0, 0]",E01507,E01510,time_window:红页L1HF:9:1,flow_feature:红页L1HF:9:1
3562,时间窗 W001,砂比特征,砂比变化：0,E01507,E01511,time_window:红页L1HF:9:1,sand_feature:红页L1HF:9:1
3563,段 9,包含时间窗,时间窗 W002,E01506,E01512,segment:红页L1HF:9,time_window:红页L1HF:9:2
3564,时间窗 W002,采用液型,0.12%减阻水@时间窗 W002,E01512,E01513,time_window:红页L1HF:9:2,fluid_usage:红页L1HF:9:2:0.12%减阻水
3565,0.12%减阻水@时间窗 W002,液型类别,液型 0.12%减阻水,E01513,E00010,fluid_usage:红页L1HF:9:2:0.12%减阻水,fluid_type:0.12%减阻水
3566,0.12%减阻水@时间窗 W002,开始时间,2024-01-08 15:12:00,E01513,,fluid_usage:红页L1HF:9:2:0.12%减阻水,
3567,0.12%减阻水@时间窗 W002,结束时间,2024-01-08 15:17:10,E01513,,fluid_usage:红页L1HF:9:2:0.12%减阻水,
3568,0.12%减阻水@时间窗 W002,持续时间,5分钟10秒,E01513,,fluid_usage:红页L1HF:9:2:0.12%减阻水,
3569,0.12%减阻水@时间窗 W002,泵压特征,"施工泵压变化 起29.23→止34.11，变化4.88，均值32.8821，范围[29.23, 34.11]",E01513,E01514,fluid_usage:红页L1HF:9:2:0.12%减阻水,pressure_feature:红页L1HF:9:2
3570,0.12%减阻水@时间窗 W002,排量特征,"排量变化 起0.37→止2，变化1.63，均值1.8664，范围[0.37, 2]",E01513,E01515,fluid_usage:红页L1HF:9:2:0.12%减阻水,flow_feature:红页L1HF:9:2
3571,0.12%减阻水@时间窗 W002,砂比特征,砂比变化：0,E01513,E01516,fluid_usage:红页L1HF:9:2:0.12%减阻水,sand_feature:红页L1HF:9:2
3572,时间窗 W002,施工特征,"施工泵压变化 起29.23→止34.11，变化4.88，均值32.8821，范围[29.23, 34.11]",E01512,E01514,time_window:红页L1HF:9:2,pressure_feature:红页L1HF:9:2
3573,时间窗 W002,施工特征,"排量变化 起0.37→止2，变化1.63，均值1.8664，范围[0.37, 2]",E01512,E01515,time_window:红页L1HF:9:2,flow_feature:红页L1HF:9:2
3574,时间窗 W002,砂比特征,砂比变化：0,E01512,E01516,time_window:红页L1HF:9:2,sand_feature:红页L1HF:9:2
3575,段 9,包含时间窗,时间窗 W003,E01506,E01517,segment:红页L1HF:9,time_window:红页L1HF:9:3
3576,时间窗 W003,采用液型,15%HCl@时间窗 W003,E01517,E01518,time_window:红页L1HF:9:3,fluid_usage:红页L1HF:9:3:15%HCl
3577,15%HCl@时间窗 W003,液型类别,液型 15%HCl,E01518,E00016,fluid_usage:红页L1HF:9:3:15%HCl,fluid_type:15%HCl
3578,15%HCl@时间窗 W003,开始时间,2024-01-08 15:17:20,E01518,,fluid_usage:红页L1HF:9:3:15%HCl,
3579,15%HCl@时间窗 W003,结束时间,2024-01-08 15:22:20,E01518,,fluid_usage:红页L1HF:9:3:15%HCl,
3580,15%HCl@时间窗 W003,持续时间,5分钟,E01518,,fluid_usage:红页L1HF:9:3:15%HCl,
3581,15%HCl@时间窗 W003,泵压特征,"施工泵压变化 起34.11→止34.92，变化0.81，均值34.5839，范围[34.11, 34.92]",E01518,E01519,fluid_usage:红页L1HF:9:3:15%HCl,pressure_feature:红页L1HF:9:3
3582,15%HCl@时间窗 W003,排量特征,"排量变化 起2→止2，变化0，均值2，范围[2, 2]",E01518,E01520,fluid_usage:红页L1HF:9:3:15%HCl,flow_feature:红页L1HF:9:3
3583,15%HCl@时间窗 W003,砂比特征,砂比变化：0,E01518,E01521,fluid_usage:红页L1HF:9:3:15%HCl,sand_feature:红页L1HF:9:3
3584,时间窗 W003,施工特征,"施工泵压变化 起34.11→止34.92，变化0.81，均值34.5839，范围[34.11, 34.92]",E01517,E01519,time_window:红页L1HF:9:3,pressure_feature:红页L1HF:9:3
3585,时间窗 W003,施工特征,"排量变化 起2→止2，变化0，均值2，范围[2, 2]",E01517,E01520,time_window:红页L1HF:9:3,flow_feature:红页L1HF:9:3
3586,时间窗 W003,砂比特征,砂比变化：0,E01517,E01521,time_window:红页L1HF:9:3,sand_feature:红页L1HF:9:3
3587,段 9,包含时间窗,时间窗 W004,E01506,E01522,segment:红页L1HF:9,time_window:红页L1HF:9:4
3588,时间窗 W004,采用液型,0.25%减阻水@时间窗 W004,E01522,E01523,time_window:红页L1HF:9:4,fluid_usage:红页L1HF:9:4:0.25%减阻水
3589,0.25%减阻水@时间窗 W004,液型类别,液型 0.25%减阻水,E01523,E00022,fluid_usage:红页L1HF:9:4:0.25%减阻水,fluid_type:0.25%减阻水
3590,0.25%减阻水@时间窗 W004,开始时间,2024-01-08 15:22:30,E01523,,fluid_usage:红页L1HF:9:4:0.25%减阻水,
3591,0.25%减阻水@时间窗 W004,结束时间,2024-01-08 15:46:40,E01523,,fluid_usage:红页L1HF:9:4:0.25%减阻水,
3592,0.25%减阻水@时间窗 W004,持续时间,24分钟10秒,E01523,,fluid_usage:红页L1HF:9:4:0.25%减阻水,
3593,0.25%减阻水@时间窗 W004,泵压特征,"施工泵压变化 起34.94→止79.26，变化44.32，均值64.5629，范围[34.94, 91.85]",E01523,E01524,fluid_usage:红页L1HF:9:4:0.25%减阻水,pressure_feature:红页L1HF:9:4
3594,0.25%减阻水@时间窗 W004,排量特征,"排量变化 起2→止24.08，变化22.08，均值11.0497，范围[2, 24.08]",E01523,E01525,fluid_usage:红页L1HF:9:4:0.25%减阻水,flow_feature:红页L1HF:9:4
3595,0.25%减阻水@时间窗 W004,砂比特征,"砂比变化 起0.2→止5，变化4.8，均值4.21，范围[0.2, 5]",E01523,E01526,fluid_usage:红页L1HF:9:4:0.25%减阻水,sand_feature:红页L1HF:9:4
3596,时间窗 W004,施工特征,"施工泵压变化 起34.94→止79.26，变化44.32，均值64.5629，范围[34.94, 91.85]",E01522,E01524,time_window:红页L1HF:9:4,pressure_feature:红页L1HF:9:4
3597,时间窗 W004,施工特征,"排量变化 起2→止24.08，变化22.08，均值11.0497，范围[2, 24.08]",E01522,E01525,time_window:红页L1HF:9:4,flow_feature:红页L1HF:9:4
3598,时间窗 W004,砂比特征,"砂比变化 起0.2→止5，变化4.8，均值4.21，范围[0.2, 5]",E01522,E01526,time_window:红页L1HF:9:4,sand_feature:红页L1HF:9:4
3599,段 9,包含时间窗,时间窗 W005,E01506,E01527,segment:红页L1HF:9,time_window:红页L1HF:9:5
3600,时间窗 W005,采用液型,0.12%减阻水@时间窗 W005,E01527,E01528,time_window:红页L1HF:9:5,fluid_usage:红页L1HF:9:5:0.12%减阻水
3601,0.12%减阻水@时间窗 W005,液型类别,液型 0.12%减阻水,E01528,E00010,fluid_usage:红页L1HF:9:5:0.12%减阻水,fluid_type:0.12%减阻水
3602,0.12%减阻水@时间窗 W005,开始时间,2024-01-08 15:46:50,E01528,,fluid_usage:红页L1HF:9:5:0.12%减阻水,
3603,0.12%减阻水@时间窗 W005,结束时间,2024-01-08 17:40:00,E01528,,fluid_usage:红页L1HF:9:5:0.12%减阻水,
3604,0.12%减阻水@时间窗 W005,持续时间,1小时53分钟10秒,E01528,,fluid_usage:红页L1HF:9:5:0.12%减阻水,
3605,0.12%减阻水@时间窗 W005,泵压特征,"施工泵压变化 起79.8→止80.35，变化0.55，均值80.8152，范围[69.32, 84.47]",E01528,E01529,fluid_usage:红页L1HF:9:5:0.12%减阻水,pressure_feature:红页L1HF:9:5
3606,0.12%减阻水@时间窗 W005,排量特征,"排量变化 起24.08→止24.08，变化0，均值24.0829，范围[23.93, 24.1]",E01528,E01530,fluid_usage:红页L1HF:9:5:0.12%减阻水,flow_feature:红页L1HF:9:5
3607,0.12%减阻水@时间窗 W005,砂比特征,"砂比变化 起5→止14，变化9，均值10.6685，范围[0.1, 15.2]",E01528,E01531,fluid_usage:红页L1HF:9:5:0.12%减阻水,sand_feature:红页L1HF:9:5
3608,时间窗 W005,施工特征,"施工泵压变化 起79.8→止80.35，变化0.55，均值80.8152，范围[69.32, 84.47]",E01527,E01529,time_window:红页L1HF:9:5,pressure_feature:红页L1HF:9:5
3609,时间窗 W005,施工特征,"排量变化 起24.08→止24.08，变化0，均值24.0829，范围[23.93, 24.1]",E01527,E01530,time_window:红页L1HF:9:5,flow_feature:红页L1HF:9:5
3610,时间窗 W005,砂比特征,"砂比变化 起5→止14，变化9，均值10.6685，范围[0.1, 15.2]",E01527,E01531,time_window:红页L1HF:9:5,sand_feature:红页L1HF:9:5
3611,段 9,包含时间窗,时间窗 W006,E01506,E01532,segment:红页L1HF:9,time_window:红页L1HF:9:6
3612,时间窗 W006,采用液型,0.25%减阻水@时间窗 W006,E01532,E01533,time_window:红页L1HF:9:6,fluid_usage:红页L1HF:9:6:0.25%减阻水
3613,0.25%减阻水@时间窗 W006,液型类别,液型 0.25%减阻水,E01533,E00022,fluid_usage:红页L1HF:9:6:0.25%减阻水,fluid_type:0.25%减阻水
3614,0.25%减阻水@时间窗 W006,开始时间,2024-01-08 17:40:10,E01533,,fluid_usage:红页L1HF:9:6:0.25%减阻水,
3615,0.25%减阻水@时间窗 W006,结束时间,2024-01-08 17:42:10,E01533,,fluid_usage:红页L1HF:9:6:0.25%减阻水,
3616,0.25%减阻水@时间窗 W006,持续时间,2分钟,E01533,,fluid_usage:红页L1HF:9:6:0.25%减阻水,
3617,0.25%减阻水@时间窗 W006,泵压特征,"施工泵压变化 起80.46→止80.65，变化0.19，均值80.5185，范围[80.29, 80.72]",E01533,E01534,fluid_usage:红页L1HF:9:6:0.25%减阻水,pressure_feature:红页L1HF:9:6
3618,0.25%减阻水@时间窗 W006,排量特征,"排量变化 起24.08→止24.08，变化0，均值24.08，范围[24.08, 24.08]",E01533,E01535,fluid_usage:红页L1HF:9:6:0.25%减阻水,flow_feature:红页L1HF:9:6
3619,0.25%减阻水@时间窗 W006,砂比特征,"砂比变化 起14→止1.2，变化-12.8，均值12.1714，范围[1.2, 14]",E01533,E01536,fluid_usage:红页L1HF:9:6:0.25%减阻水,sand_feature:红页L1HF:9:6
3620,时间窗 W006,施工特征,"施工泵压变化 起80.46→止80.65，变化0.19，均值80.5185，范围[80.29, 80.72]",E01532,E01534,time_window:红页L1HF:9:6,pressure_feature:红页L1HF:9:6
3621,时间窗 W006,施工特征,"排量变化 起24.08→止24.08，变化0，均值24.08，范围[24.08, 24.08]",E01532,E01535,time_window:红页L1HF:9:6,flow_feature:红页L1HF:9:6
3622,时间窗 W006,砂比特征,"砂比变化 起14→止1.2，变化-12.8，均值12.1714，范围[1.2, 14]",E01532,E01536,time_window:红页L1HF:9:6,sand_feature:红页L1HF:9:6
3623,段 9,包含时间窗,时间窗 W007,E01506,E01537,segment:红页L1HF:9,time_window:红页L1HF:9:7
3624,时间窗 W007,采用液型,0.12%减阻水@时间窗 W007,E01537,E01538,time_window:红页L1HF:9:7,fluid_usage:红页L1HF:9:7:0.12%减阻水
3625,0.12%减阻水@时间窗 W007,液型类别,液型 0.12%减阻水,E01538,E00010,fluid_usage:红页L1HF:9:7:0.12%减阻水,fluid_type:0.12%减阻水
3626,0.12%减阻水@时间窗 W007,开始时间,2024-01-08 17:42:20,E01538,,fluid_usage:红页L1HF:9:7:0.12%减阻水,
3627,0.12%减阻水@时间窗 W007,结束时间,2024-01-08 17:45:00,E01538,,fluid_usage:红页L1HF:9:7:0.12%减阻水,
3628,0.12%减阻水@时间窗 W007,持续时间,2分钟40秒,E01538,,fluid_usage:红页L1HF:9:7:0.12%减阻水,
3629,0.12%减阻水@时间窗 W007,泵压特征,"施工泵压变化 起80.55→止41.84，变化-38.71，均值70.602，范围[41.84, 80.55]",E01538,E01539,fluid_usage:红页L1HF:9:7:0.12%减阻水,pressure_feature:红页L1HF:9:7
3630,0.12%减阻水@时间窗 W007,排量特征,"排量变化 起24.08→止0.51，变化-23.57，均值19.3333，范围[0.51, 24.08]",E01538,E01540,fluid_usage:红页L1HF:9:7:0.12%减阻水,flow_feature:红页L1HF:9:7
3631,0.12%减阻水@时间窗 W007,砂比特征,砂比变化：0,E01538,E01541,fluid_usage:红页L1HF:9:7:0.12%减阻水,sand_feature:红页L1HF:9:7
3632,时间窗 W007,施工特征,"施工泵压变化 起80.55→止41.84，变化-38.71，均值70.602，范围[41.84, 80.55]",E01537,E01539,time_window:红页L1HF:9:7,pressure_feature:红页L1HF:9:7
3633,时间窗 W007,施工特征,"排量变化 起24.08→止0.51，变化-23.57，均值19.3333，范围[0.51, 24.08]",E01537,E01540,time_window:红页L1HF:9:7,flow_feature:红页L1HF:9:7
3634,时间窗 W007,砂比特征,砂比变化：0,E01537,E01541,time_window:红页L1HF:9:7,sand_feature:红页L1HF:9:7
3635,段 9,包含时间窗,时间窗 W008,E01506,E01542,segment:红页L1HF:9,time_window:红页L1HF:9:8
3636,时间窗 W008,采用液型,0@时间窗 W008,E01542,E01543,time_window:红页L1HF:9:8,fluid_usage:红页L1HF:9:8:0
3637,0@时间窗 W008,液型类别,液型 0,E01543,E00044,fluid_usage:红页L1HF:9:8:0,fluid_type:0
3638,0@时间窗 W008,开始时间,2024-01-08 17:45:10,E01543,,fluid_usage:红页L1HF:9:8:0,
3639,0@时间窗 W008,结束时间,2024-01-08 18:18:10,E01543,,fluid_usage:红页L1HF:9:8:0,
3640,0@时间窗 W008,持续时间,33分钟,E01543,,fluid_usage:红页L1HF:9:8:0,
3641,0@时间窗 W008,泵压特征,"施工泵压变化 起42.69→止0.44，变化-42.25，均值38.6208，范围[0.44, 42.69]",E01543,E01544,fluid_usage:红页L1HF:9:8:0,pressure_feature:红页L1HF:9:8
3642,0@时间窗 W008,排量特征,"排量变化 起0→止0，变化0，均值0，范围[0, 0]",E01543,E01545,fluid_usage:红页L1HF:9:8:0,flow_feature:红页L1HF:9:8
3643,0@时间窗 W008,砂比特征,砂比变化：0,E01543,E01546,fluid_usage:红页L1HF:9:8:0,sand_feature:红页L1HF:9:8
3644,时间窗 W008,施工特征,"施工泵压变化 起42.69→止0.44，变化-42.25，均值38.6208，范围[0.44, 42.69]",E01542,E01544,time_window:红页L1HF:9:8,pressure_feature:红页L1HF:9:8
3645,时间窗 W008,施工特征,"排量变化 起0→止0，变化0，均值0，范围[0, 0]",E01542,E01545,time_window:红页L1HF:9:8,flow_feature:红页L1HF:9:8
3646,时间窗 W008,砂比特征,砂比变化：0,E01542,E01546,time_window:红页L1HF:9:8,sand_feature:红页L1HF:9:8
