segment_id,time,current_pressure,current_flow,current_sand_ratio,future_pressure_mean,future_pressure_max,future_abnormal,future_sand_plug,action_flow,action_sand_ratio,predicted_pressure_mean,predicted_pressure_max,predicted_abnormal_probability,predicted_sand_plug_probability
FDBH15,2023-05-05 06:49:20,55.37,2.0,1.6,55.471666666666664,55.48,0,0,2.0,1.5999999999999999,55.33254446964607,55.6953358259511,0.0007694876701024824,9.629684150154913e-05
FDBH15,2023-05-05 06:50:00,55.48,2.0,1.6,55.48333333333333,55.51,0,0,2.0,1.5999999999999999,55.60654730311508,55.86502878388644,0.0005977129768083108,9.754625844193496e-05
FDBH15,2023-05-05 06:50:40,55.48,2.0,1.6,55.43666666666667,55.48,0,0,2.0,1.5999999999999999,55.51352785718774,55.58777046823508,0.0004440450734196876,9.022655148453317e-05
FDBH15,2023-05-05 06:51:20,55.44,2.0,1.6,55.33833333333334,55.42,0,0,2.0,1.5999999999999999,55.4493950898896,55.46220677290038,0.00022098944000917557,9.022655148453317e-05
FDBH15,2023-05-05 06:52:00,55.31,2.0,1.6,55.201666666666675,55.29,0,0,2.0,1.5999999999999999,55.31092422167826,55.31742309156628,0.00022098944000917557,9.022655148453317e-05
FDBH15,2023-05-05 06:52:40,55.18,2.0,1.6,55.05833333333334,55.13,0,0,2.0,1.5999999999999999,55.17405712299429,55.1856609264097,0.0002133312129642813,9.022655148453317e-05
FDBH15,2023-05-05 06:53:20,55.03,2.0,1.6,54.945,55.03,0,0,2.0,1.5999999999999999,55.0066041805836,55.031308773542904,0.0002133312129642813,9.022655148453317e-05
FDBH15,2023-05-05 06:54:00,54.93,2.0,1.6,54.75333333333333,54.91,0,0,2.0,1.5999999999999999,54.89402795366709,54.926315904483154,0.00022880785342164185,9.022655148453317e-05
FDBH15,2023-05-05 06:54:40,54.74,2.0,1.6,54.60666666666666,54.67,0,0,2.0,1.5999999999999999,54.68224537174124,54.7306805542648,0.0003169364008932652,9.022655148453317e-05
FDBH15,2023-05-05 06:55:10,54.62,2.0,1.6,54.538333333333334,54.57,0,0,2.0,1.5999999999999999,54.5400311147921,54.6104613982397,0.00037303824860735396,9.022655148453317e-05
FDBH15,2023-05-05 06:55:50,54.54,2.0,1.6,54.27666666666667,54.5,0,0,2.0,1.5999999999999999,54.4600311147921,54.5304613982397,0.00037303824860735396,9.022655148453317e-05
FDBH15,2023-05-05 06:56:30,54.15,2.0,1.6,54.078333333333326,54.13,0,0,2.0,1.5999999999999999,54.0700311147921,54.13892952511889,0.00037303824860735396,9.022655148453317e-05
FDBH15,2023-05-05 06:57:10,54.04,2.0,1.6,54.05833333333334,54.09,0,0,2.0,1.5999999999999999,53.9600311147921,54.03036785234338,0.0004079061152201036,9.022655148453317e-05
FDBH15,2023-05-05 06:57:50,54.09,2.0,1.6,54.026666666666664,54.05,0,0,2.0,1.5999999999999999,54.010031114792106,54.080367852343386,0.0004079061152201036,9.022655148453317e-05
FDBH15,2023-05-05 06:58:30,54.0,2.0,1.6,53.98833333333334,54.01,0,0,2.0,1.5999999999999999,53.9200311147921,53.98892952511889,0.00037303824860735396,9.022655148453317e-05
FDBH15,2023-05-05 06:59:10,53.99,2.0,1.6,53.94166666666666,53.98,0,0,2.0,1.5999999999999999,53.910031114792105,53.980461398239704,0.00037303824860735396,9.022655148453317e-05
FDBH15,2023-05-05 06:59:50,53.96,2.0,1.6,53.90666666666666,53.93,0,0,2.0,1.5999999999999999,53.92106133755535,53.95399912113901,0.0003169364008932652,9.022655148453317e-05
FDBH15,2023-05-05 07:00:30,53.91,2.0,1.6,53.93,53.95,0,0,2.0,1.5999999999999999,53.87601635528379,53.906658312017555,0.00022880785342164185,9.022655148453317e-05
FDBH15,2023-05-05 07:01:10,53.92,2.0,1.6,53.02833333333334,54.59,0,0,1.6500000000000001,1.5999999999999999,53.414153286535615,53.9247507248743,0.00022427209222045428,9.022655148453317e-05
FDBH15,2023-05-05 07:01:50,50.52,1.2,1.6,56.913333333333334,63.39,0,0,2.033333333333333,1.5999999999999999,53.31453341327837,55.99169801212312,0.004156673273582214,8.967960045141132e-05
FDBH15,2023-05-05 07:02:30,55.54,2.0,1.6,63.155,63.8,0,0,2.9166666666666665,1.5999999999999999,58.19177669185256,60.85609305652828,0.00286075600858493,0.00015233987326741252
FDBH15,2023-05-05 07:03:10,63.69,3.0,1.6,64.10166666666667,64.59,0,0,3.0,1.5999999999999999,63.79193172165716,64.07951430878052,0.0031566938323117316,0.00013519654401757274
FDBH15,2023-05-05 07:03:40,64.02,3.0,1.6,64.47,64.59,0,0,3.0,1.5999999999999999,64.11142433126842,64.41144474007186,0.0035408534461645476,0.0001467227866012645
FDBH15,2023-05-05 07:04:30,64.56,3.0,1.6,64.56,64.67,0,0,3.0,1.5999999999999999,64.52371251454034,64.91196620230787,0.0038956563490016747,0.00015082129012670192
FDBH15,2023-05-05 07:05:10,64.56,3.0,1.6,64.31,64.55,0,0,3.0,1.5999999999999999,64.5044594186503,64.91196620230787,0.0038956563490016747,0.00015082129012670192
FDBH15,2023-05-05 07:05:50,64.28,3.0,1.6,63.79833333333334,64.17,0,0,3.0,1.5999999999999999,64.21790617199763,64.61536575801301,0.0038956563490016747,0.00015082129012670192
FDBH15,2023-05-05 07:06:30,63.74,3.0,1.6,62.335,63.59,0,0,3.0,1.5999999999999999,63.78992283543049,64.10436788303896,0.0033281621989787354,0.00015082129012670192
FDBH15,2023-05-05 07:07:10,62.58,3.0,1.6,59.805,61.08,0,0,3.0,1.5999999999999999,62.625308487211974,62.88722023686307,0.0014839858802146927,0.00011087530785454012
FDBH15,2023-05-05 07:07:50,59.55,3.0,1.6,58.47833333333333,59.2,0,0,3.0,1.5999999999999999,59.38849892398944,59.49792931642415,0.0010541577099608247,0.00012242187378212448
FDBH15,2023-05-05 07:08:30,58.31,3.0,1.6,57.52166666666667,58.01,0,0,3.0,1.5999999999999999,58.028741587664406,58.20770074946763,0.0011370175966664673,0.00012242187378212448
FDBH15,2023-05-05 07:09:10,57.47,3.0,1.6,56.52333333333333,57.22,0,0,3.0,1.5999999999999999,57.16824815878883,57.36770074946762,0.0010905432561261557,0.00012242187378212448
FDBH15,2023-05-05 07:09:50,56.5,3.0,1.6,55.48000000000001,56.02,0,0,3.0,1.5999999999999999,56.21847841800611,56.444152209789245,0.0011549599078929803,0.00012242187378212448
FDBH15,2023-05-05 07:10:40,55.36,3.0,1.6,54.64833333333333,55.17,0,0,3.0,1.5999999999999999,55.04886574975849,55.24680134393724,0.0016487741159480315,0.00012242187378212448
FDBH15,2023-05-05 07:11:20,54.54,3.0,1.6,53.870000000000005,54.31,0,0,3.0,1.5999999999999999,54.263740856184576,54.484152209789244,0.0016455765835973876,0.00012242187378212448
FDBH15,2023-05-05 07:11:50,53.92,3.0,1.6,54.504999999999995,56.27,0,0,3.4166666666666665,1.5999999999999999,55.22885207298342,55.57400346908895,0.005081806432159488,0.00012242187378212448
FDBH15,2023-05-05 07:12:30,55.06,3.5,1.6,56.25666666666667,57.11,0,0,4.416666666666667,1.5999999999999999,58.04902329672932,60.10062501803109,0.004666810682570485,0.00015597814047381073
FDBH15,2023-05-05 07:13:10,55.97,4.5,1.6,57.06166666666667,57.98,0,0,5.666666666666667,1.5999999999999999,59.66566148242237,62.225394468393894,0.024187718220458992,0.0001513401645047224
FDBH15,2023-05-05 07:14:00,56.74,6.0,1.6,57.623333333333335,58.92,0,0,6.916666666666667,1.5999999999999999,59.429329417103084,61.8981092237536,0.004421897050973628,0.0001513401645047224
FDBH15,2023-05-05 07:14:40,57.23,7.5,1.6,60.16833333333333,64.35,0,0,8.25,1.5999999999999999,58.8277090714966,60.56351774335111,0.004301971258675492,0.00012587884658405308
FDBH15,2023-05-05 07:15:20,59.48,8.0,1.6,63.88499999999999,64.89,0,0,9.666666666666666,1.5999999999999999,64.12770986766365,66.11314826286016,0.02649149846432668,0.00012587884658405308
FDBH15,2023-05-05 07:16:00,64.24,10.0,1.6,65.13666666666667,65.57,0,0,10.0,1.5999999999999999,64.18890720174129,64.55885144035872,0.100472084506449,0.00013648592198505663
FDBH15,2023-05-05 07:16:40,65.25,10.0,1.6,65.72500000000001,66.05,0,0,10.0,1.5999999999999999,65.41958320053949,65.57186511172807,0.09450813042378337,0.00014029851260298346
FDBH15,2023-05-05 07:17:20,65.81,10.0,1.6,66.14,66.45,0,0,10.0,1.5999999999999999,65.74256248707597,66.09984931533278,0.09450813042378337,0.00014029851260298346
FDBH15,2023-05-05 07:18:00,66.45,10.0,1.6,64.52833333333334,66.41,0,0,10.083333333333334,1.5999999999999999,66.54638456770431,67.29916172760011,0.027692270460403477,0.00014029851260298346
FDBH15,2023-05-05 07:18:40,63.84,10.0,1.6,64.07833333333333,65.42,0,0,10.583333333333334,1.5999999999999999,65.50799461728545,66.76203493342983,0.028414049026668334,0.00014029851260298346
FDBH15,2023-05-05 07:19:20,63.63,10.5,1.6,65.56833333333331,66.03,0,0,11.0,1.5999999999999999,64.39355021546497,64.98703851418821,0.0040392227317022035,0.00013648592198505663
FDBH15,2023-05-05 07:20:00,66.03,11.0,1.6,65.755,66.03,0,0,11.0,1.5999999999999999,66.10416405442437,66.26136610397461,0.0017956122400884153,0.0001242852969123521
FDBH15,2023-05-05 07:20:30,65.77,11.0,1.6,65.70166666666667,65.77,0,0,11.0,1.5999999999999999,65.79080762645603,66.00438352132677,0.0016357313987342497,0.00012835625260153844
FDBH15,2023-05-05 07:21:10,65.7,11.0,1.6,67.78,69.75,0,0,11.5,1.5999999999999999,66.06837461674581,66.73276971949679,0.002862478129107057,0.0001513401645047224
FDBH15,2023-05-05 07:21:50,69.49,12.0,1.6,71.86166666666666,75.0,0,0,12.0,1.5999999999999999,69.53975938354736,69.72237929683087,0.0016688128682791476,0.0001242852969123521
FDBH15,2023-05-05 07:22:30,72.5,12.0,1.6,74.965,75.38,0,0,12.0,1.5999999999999999,72.5882782050423,72.81708587355396,0.003581905920876024,0.0001242852969123521
FDBH15,2023-05-05 07:23:10,74.86,12.0,1.6,74.93333333333332,75.38,0,0,12.0,1.5999999999999999,75.06107583973586,75.20826955471588,0.004337788406356777,0.00014107462902074886
FDBH15,2023-05-05 07:23:50,74.66,12.0,1.6,76.97000000000001,79.29,0,0,12.25,1.5999999999999999,75.03441090329079,75.61012527169484,0.007613381352103019,0.00019581019964678745
FDBH15,2023-05-05 07:24:30,78.38,12.5,1.6,81.08,83.36,0,0,12.5,2.3833333333333333,78.50942690043638,78.67233290342084,0.014623033504353077,0.00019581019964678745
FDBH15,2023-05-05 07:25:10,82.4,12.5,1.6,78.23333333333333,83.36,0,0,12.5,4.05,82.41245259483382,82.69093129363714,0.01373307163402653,0.0006408960188489474
FDBH15,2023-05-05 07:25:50,77.26,12.5,4.2,73.41,73.62,0,0,12.5,4.016666666666667,77.28817992007822,77.59806599152823,0.014637840918957762,0.01817792558711219
FDBH15,2023-05-05 07:26:30,73.47,12.5,4.1,73.95333333333333,74.39,0,0,12.5,3.9499999999999997,73.53463241017032,73.79257847730781,0.008457009160275248,0.008414679124506969
FDBH15,2023-05-05 07:27:10,74.09,12.5,4.0,74.24666666666667,74.72,0,0,12.5,4.0,74.08520892797384,74.33508799174223,0.019158988333958835,0.0034543685720776316
FDBH15,2023-05-05 07:27:50,74.72,12.5,4.0,70.65666666666667,74.7,0,0,12.5,4.116666666666666,74.75407401048204,74.99360847205445,0.022371631665967062,0.0015607354433994892
FDBH15,2023-05-05 07:28:20,69.9,12.5,4.1,69.20666666666666,71.1,0,0,12.583333333333334,4.633333333333333,69.89101605506742,70.44480973993969,0.01949501816157905,0.0007347214781476163
FDBH15,2023-05-05 07:29:00,68.89,12.5,4.2,72.0,75.49,0,0,12.916666666666666,5.933333333333334,70.21045882931467,71.828351444727,0.06931695017609485,0.0010734408440345265
FDBH15,2023-05-05 07:29:50,71.46,13.0,6.1,75.865,76.89,0,0,13.0,6.1000000000000005,71.47593039523596,71.83480267069567,0.03051111082599183,0.0029839061311503685
FDBH15,2023-05-05 07:30:30,76.38,13.0,6.1,76.99833333333333,77.25,0,0,13.0,6.1000000000000005,76.37982050044877,76.77939102855687,0.03998528564743263,0.005633008376654609
FDBH15,2023-05-05 07:31:10,77.11,13.0,6.1,77.64,78.05,0,0,13.0,6.066666666666666,77.1645827367619,77.40777876270955,0.013009426330019544,0.004431470131108005
FDBH15,2023-05-05 07:31:50,77.82,13.0,6.1,78.41000000000001,78.86,0,0,13.0,6.05,77.89542705724664,78.14504971571574,0.014628579340962105,0.0047900581766111075
FDBH15,2023-05-05 07:32:30,78.56,13.0,6.0,74.83666666666666,78.86,0,0,13.0,7.033333333333334,78.64217005373084,78.88356286232064,0.05413731099451492,0.009355646800550222
FDBH15,2023-05-05 07:33:10,71.35,13.0,7.8,72.06,74.03,0,0,13.166666666666666,8.033333333333333,72.11711906767685,72.36387159091575,0.15132205596622755,0.024884502436736223
FDBH15,2023-05-05 07:33:50,71.76,13.0,8.1,77.56000000000002,81.2,0,0,13.5,7.95,72.89868526030463,73.08805589023413,0.09182290101010765,0.014014840709841514
FDBH15,2023-05-05 07:34:40,79.53,13.5,8.0,81.89833333333333,83.02,0,0,13.5,8.033333333333333,79.57459300291546,79.84933728540027,0.08374967561703224,0.017832045372969823
FDBH15,2023-05-05 07:35:20,82.38,13.5,8.1,83.45666666666666,84.51,0,0,13.5,8.066666666666668,82.38570256500508,82.66175668238724,0.04555220415364402,0.07869791485487884
FDBH15,2023-05-05 07:36:00,83.52,13.5,8.0,84.91833333333334,85.75,0,0,13.5,8.049999999999999,83.60180391944719,83.81632391737647,0.1203350131369459,0.23127356545030447
FDBH15,2023-05-05 07:36:40,85.05,13.5,8.0,81.88000000000001,85.85,0,0,13.5,8.666666666666666,85.14621030060142,85.30333217249776,0.10714317584959496,0.23094956094655886
FDBH15,2023-05-05 07:37:10,85.85,13.5,8.0,75.80500000000002,83.81,0,0,13.5,9.616666666666665,85.86218741632634,86.10494195102518,0.0911569858032365,0.2692596653897772
FDBH15,2023-05-05 07:37:50,73.53,13.5,9.9,73.73666666666666,74.04,0,0,13.583333333333334,9.866666666666667,73.96253564278612,74.30890575374319,0.029769222223176902,0.02140467875336881
FDBH15,2023-05-05 07:38:30,73.58,13.5,9.9,74.01833333333335,74.06,0,0,13.716666666666669,9.916666666666666,74.49540079977571,74.45299294108388,0.10067878209729944,0.022044695366268744
FDBH15,2023-05-05 07:39:10,74.05,13.7,10.0,74.07166666666667,74.17,0,0,13.700000000000001,9.1,74.0696522664368,74.28260825091245,0.049571296795577646,0.025535003301667792
FDBH15,2023-05-05 07:39:50,74.03,13.7,10.0,74.26,74.42,0,0,13.700000000000001,5.375,73.95804484065033,74.15231625688351,0.07557572016897392,0.021899132065446584
FDBH15,2023-05-05 07:40:30,74.26,13.7,4.449999999999999,74.65166666666667,75.06,0,0,13.700000000000001,4.1875,74.01523662809042,74.41976321360443,0.034374121322781934,0.006988064995342841
FDBH15,2023-05-05 07:41:10,74.62,13.7,4.1499999999999995,75.28833333333334,75.65,0,0,13.700000000000001,3.8874999999999997,74.56571424608893,74.83714273735437,0.09771775808865665,0.0074900338856705865
FDBH15,2023-05-05 07:42:00,75.38,13.7,3.8499999999999996,75.68333333333334,75.77,0,0,13.700000000000001,3.5875,75.30367522109745,75.65044013289409,0.24938350050329466,0.02081549596596547
FDBH15,2023-05-05 07:42:40,75.73,13.7,3.55,75.72666666666667,76.15,0,0,13.833333333333334,3.9458333333333333,75.92097773992565,76.24498376214177,0.3877066342057742,0.003233474202461028
FDBH15,2023-05-05 07:43:20,76.15,13.9,4.2,74.89833333333333,75.81,0,0,13.9,4.216666666666666,76.08139255769176,76.36811976898807,0.2826103205999666,0.027123156911143954
FDBH15,2023-05-05 07:44:00,74.68,13.9,4.2,74.13666666666666,74.37,0,0,13.9,4.166666666666667,74.61714937501628,74.87534420257298,0.06907230910972852,0.006956640517246647
FDBH15,2023-05-05 07:44:40,74.07,13.9,4.1,73.88,74.07,0,0,13.9,4.083333333333333,74.06799636777897,74.26877098846487,0.025315444570323194,0.001124794312158606
FDBH15,2023-05-05 07:45:10,73.89,13.9,4.1,73.81166666666667,73.89,0,0,13.9,4.033333333333334,73.8425320963504,74.01412905251937,0.008315968403768777,0.0007835237443550838
FDBH15,2023-05-05 07:45:50,73.77,13.9,4.0,74.07166666666667,74.34,0,0,13.9,4.316666666666666,73.7360936589963,73.87690401053415,0.020313837071221842,0.006334660124104588
FDBH15,2023-05-05 07:46:30,74.13,13.9,4.1,74.51833333333333,74.72,0,0,13.9,5.633333333333333,74.10038189388166,74.337509005629,0.021818271786818264,0.0066195279374105485
FDBH15,2023-05-05 07:47:10,74.61,13.9,5.8,74.73166666666667,74.82,0,0,13.9,6.116666666666666,74.57819830909324,74.72553562672687,0.028586000517680357,0.00897783277710921
FDBH15,2023-05-05 07:47:50,74.75,13.9,6.2,74.78999999999999,74.83,0,0,13.9,6.05,74.70016138262406,74.84395720327382,0.02012882678589798,0.012677906784209332
FDBH15,2023-05-05 07:48:30,74.83,13.9,6.0,74.74499999999999,74.81,0,0,13.9,6.033333333333334,74.8488179604869,74.95151620123457,0.004361141387099221,0.0003481384507414267
FDBH15,2023-05-05 07:49:10,74.72,13.9,6.0,74.71833333333333,74.76,0,0,13.9,5.983333333333333,74.76855569423631,74.83741579263534,0.006727473064342156,0.00031379046917436894
FDBH15,2023-05-05 07:49:50,74.69,13.9,6.0,74.8,74.87,0,0,13.9,6.066666666666666,74.7310656913435,74.8106788472831,0.00488627342055065,0.0003443372772975081
FDBH15,2023-05-05 07:50:30,74.82,13.9,6.2,74.80333333333333,74.87,0,0,13.9,6.178070175438596,74.84492195794172,74.93508859279238,0.011009549052428028,0.00026727400706224024
FDBH15,2023-05-05 07:51:10,74.81,13.9,6.2,74.84499999999998,74.97,0,0,13.9,6.046491228070177,74.82944034881,74.88230078641679,0.013061391710025603,0.0002215168662879944
FDBH15,2023-05-05 07:51:50,74.81,13.9,6.0245614035087725,75.00666666666667,75.19,1,0,13.9,5.871052631578947,74.79387459587694,74.83462564522448,0.005902353013872134,0.00019923889615919066
FDBH15,2023-05-05 07:52:20,74.97,13.9,5.849122807017544,75.32000000000001,75.54,1,0,13.9,5.695614035087719,74.95107054909076,74.99529944633532,0.00856467555783984,0.00019923889615919066
FDBH15,2023-05-05 07:52:50,75.34,13.9,5.717543859649123,77.145,82.27,1,0,13.9,5.564035087719298,75.35997401244194,75.40117776277019,0.008243702782916999,0.00019923889615919066
FDBH15,2023-05-05 07:53:30,76.31,13.9,5.542105263157895,80.67166666666667,89.18,1,0,13.200000000000001,5.38859649122807,76.31935431355458,76.43554353766147,0.0574767094320962,0.00033363383710982347
FDBH15,2023-05-05 07:54:10,73.14,13.0,5.366666666666667,82.65499999999999,84.46,1,0,10.833333333333334,5.213157894736843,67.78298175893745,73.16113409456601,0.10726309233615242,0.4207969035472271
FDBH15,2023-05-05 07:54:50,82.55,10.0,5.1912280701754385,85.92333333333333,88.22,1,0,10.0,5.037719298245615,82.06528909726393,82.77049660910482,0.21619313705326001,0.571654410705067
FDBH15,2023-05-05 07:55:30,86.42,10.0,5.015789473684211,85.52,88.22,1,0,9.666666666666666,4.862280701754385,85.50756674892949,86.53138051833982,0.8047574692729172,0.6176321205940648
FDBH15,2023-05-05 07:56:10,84.05,9.5,4.840350877192982,83.69333333333334,84.72,0,0,9.5,4.686842105263158,83.37544728736971,84.12996950764986,0.8015798332670856,0.07501412258271895
FDBH15,2023-05-05 07:56:50,83.65,9.5,4.6649122807017545,80.79333333333334,82.79,0,0,9.583333333333334,4.51140350877193,83.35622010433018,84.09002779875769,0.7854525274475864,0.04533656040759169
FDBH15,2023-05-05 07:57:30,79.62,9.5,4.489473684210527,80.50833333333334,83.36,0,0,9.916666666666666,4.335964912280702,79.88560966877264,80.66787049067152,0.8363818579711026,0.020742190463156354
FDBH15,2023-05-05 07:58:10,82.29,10.0,4.314035087719299,75.32,80.28,0,0,10.333333333333334,4.1605263157894745,82.5973267713298,83.11039092336424,0.7681429127598914,0.003925408155482057
FDBH15,2023-05-05 07:58:50,75.57,10.5,4.13859649122807,69.08833333333332,72.13,0,0,10.916666666666666,3.985087719298246,76.83630658395387,78.09142159212568,0.5681186443658175,0.0036374892667142304
FDBH15,2023-05-05 07:59:30,66.97,11.0,3.963157894736842,69.66166666666668,70.4,0,0,11.916666666666666,3.809649122807018,69.79206142447725,71.77774443539761,0.03616290923513917,0.00031711028828889135
FDBH15,2023-05-05 08:00:10,70.03,12.5,3.7877192982456145,70.54833333333333,70.75,0,0,12.5,5.6573099415204675,69.73798092015551,70.22039401917691,0.14017561336257928,0.00048521078729258873
FDBH15,2023-05-05 08:00:50,70.64,12.5,6.2,71.75,74.28,0,0,12.666666666666666,7.016666666666666,70.75719375522226,71.632005429799,0.3650461982229485,0.0007341860322282564
FDBH15,2023-05-05 08:01:20,70.9,12.5,7.1,74.175,76.47,0,0,12.916666666666666,6.983333333333333,72.46686727174324,73.84116967217554,0.056772993194803736,0.0010483131947583524
FDBH15,2023-05-05 08:02:00,74.93,13.0,7.0,75.72833333333334,78.72,0,0,12.75,7.1499999999999995,74.13165527111748,75.09493678238853,0.14993005173894045,0.0013495170406183027
FDBH15,2023-05-05 08:02:40,76.59,12.5,7.3,73.45166666666667,74.42,0,0,12.5,7.3,76.61666578886873,76.90282158626226,0.10404466751331651,0.0015288006110017363
FDBH15,2023-05-05 08:03:20,73.34,12.5,7.3,74.42333333333333,75.44,0,0,12.5,7.3,73.38874533806622,73.60539184018758,0.18564013372507238,0.006053688380111311
FDBH15,2023-05-05 08:04:00,74.55,12.5,7.3,76.19833333333334,77.48,0,0,12.5,7.3,74.6224311761009,74.84230750787073,0.08391182104682246,0.012238339346312006
FDBH15,2023-05-05 08:04:40,76.42,12.5,7.3,77.39666666666666,78.36,0,0,12.5,6.9944444444444445,76.48811671952842,76.73729557101754,0.02409786459783944,0.0066558827299208105
FDBH15,2023-05-05 08:05:20,78.34,12.5,6.933333333333334,71.445,78.36,0,0,12.5,6.683333333333334,78.35371692350303,78.72319919260487,0.08270475604579045,0.991312998700107
FDBH15,2023-05-05 08:06:00,67.72,12.5,6.2,68.41833333333332,69.05,0,0,12.600000000000001,7.083333333333333,67.64292956654526,68.27892014117089,0.35008825496983514,0.8350650359334763
FDBH15,2023-05-05 08:06:40,68.9,12.7,7.1,69.04166666666667,69.14,0,0,12.700000000000001,7.066666666666667,68.89635503029568,69.11068210457128,0.2783285759022741,0.7110395821524529
FDBH15,2023-05-05 08:07:20,69.07,12.7,7.1,69.08833333333332,69.14,0,0,12.700000000000001,7.05,68.99643219596283,69.24568737726429,0.06557275006068097,0.0019044843739638162
FDBH15,2023-05-05 08:08:00,69.08,12.7,7.0,68.46500000000002,69.08,0,0,12.533333333333333,7.116666666666667,68.98986086595805,69.21959006706496,0.2215840732910103,0.003382140021073747
FDBH15,2023-05-05 08:08:40,66.9,12.2,7.3,68.58,68.73,0,0,12.616666666666667,7.316666666666667,68.37983195329953,69.79565659417436,0.3493207090367117,0.0032466136182314025
FDBH15,2023-05-05 08:09:10,68.73,12.7,7.1,68.90833333333333,69.43,0,0,12.766666666666666,7.75,68.8489028658438,68.97371911843271,0.043251378618186086,0.003548309388678712
FDBH15,2023-05-05 08:09:50,68.72,12.7,8.1,69.605,69.77,0,0,12.9,8.0,68.90060303917684,69.82709116590523,0.026120487787728037,0.003184075713388061
FDBH15,2023-05-05 08:10:30,69.68,12.9,8.0,69.75500000000001,69.8,0,0,12.9,8.016666666666667,69.67221572768567,69.89770159098786,0.020581121595691466,0.0016739728473648071
FDBH15,2023-05-05 08:11:10,69.8,12.9,8.0,69.7,69.75,0,0,12.9,8.016666666666667,69.8144863762704,69.96382173866797,0.007987956460933799,0.0002107099455700193
FDBH15,2023-05-05 08:11:50,69.68,12.9,8.0,69.75999999999999,70.41,0,0,12.933333333333332,7.966666666666666,69.71483704572202,69.87604349827924,0.004360473671127551,0.0003228744736615562
FDBH15,2023-05-05 08:12:30,69.57,12.9,7.9,70.24,70.41,0,0,13.066666666666665,8.35,69.7520695449013,70.15706667331906,0.01026592568193369,0.0002877855557289936
FDBH15,2023-05-05 08:13:10,70.33,13.1,8.0,70.42666666666666,70.47,0,0,13.1,9.183333333333332,70.38823501140632,70.53387556418629,0.024324565592044625,0.007619604468010239
FDBH15,2023-05-05 08:14:00,70.47,13.1,9.2,70.47666666666666,70.51,0,0,13.1,9.200000000000001,70.50872290173902,70.63264007158756,0.013633318622874318,0.0007915783218617373
FDBH15,2023-05-05 08:14:40,70.5,13.1,9.2,70.49499999999999,70.52,0,0,13.1,9.200000000000001,70.51997250663474,70.63733938718856,0.010453039272451328,0.0008813706205458143
FDBH15,2023-05-05 08:15:20,70.52,13.1,9.2,70.48833333333333,70.52,0,0,13.1,9.200000000000001,70.53461833455108,70.61702643704304,0.00939247535061751,0.0008942898562878058
FDBH15,2023-05-05 08:16:00,70.52,13.1,9.2,70.51666666666667,70.64,0,0,13.1,9.145081967213114,70.52490297484098,70.61998467387204,0.009482995664058969,0.0010146427854305052
FDBH15,2023-05-05 08:16:40,70.49,13.1,9.2,70.79166666666667,70.99,0,0,13.1,8.815573770491802,70.48981694169058,70.58951632490786,0.013492684966594084,0.0008627132553294551
FDBH15,2023-05-05 08:17:20,70.88,13.1,8.760655737704917,71.21166666666666,71.52,0,0,13.1,8.376229508196722,70.88304290697769,70.97043589108715,0.021492268589034302,0.0006551700972776984
FDBH15,2023-05-05 08:17:50,71.16,13.1,8.431147540983606,71.59333333333333,71.92,0,0,13.1,8.046721311475409,71.1822608695193,71.23486354955783,0.032520553901576564,0.00017862996963259324
FDBH15,2023-05-05 08:18:30,71.66,13.1,7.991803278688524,72.11999999999999,72.46,0,0,13.1,7.607377049180328,71.7126136673945,71.77630102699348,0.09937920217328175,0.00019364743715951906
FDBH15,2023-05-05 08:19:10,72.2,13.1,7.552459016393442,72.47500000000001,72.66,0,0,13.1,7.168032786885246,72.2740159743067,72.38947397339061,0.11542611603363241,0.00018935249034875764
FDBH15,2023-05-05 08:19:50,72.66,13.1,7.11311475409836,70.73166666666667,72.53,0,0,13.1,6.728688524590162,72.70977263247738,72.88725038391769,0.3609550524085395,0.0008454469321578026
FDBH15,2023-05-05 08:20:30,72.15,13.1,6.673770491803278,55.08833333333333,72.02,0,0,6.033333333333334,6.2893442622950815,66.60052966741583,72.24673686760582,0.7987830175186195,0.0009507441076868997
FDBH15,2023-05-05 08:21:10,46.35,1.0,6.2344262295081965,46.85166666666667,48.03,0,0,0.0,5.849999999999999,45.647438952697556,46.03124592503434,0.2522021889161984,0.36366480830829
FDBH15,2023-05-05 08:21:50,46.17,0.0,5.795081967213115,47.375,49.52,0,0,0.75,5.410655737704917,46.76124776208087,49.255625745926025,0.6208208814735962,0.0017574218290670447
FDBH15,2023-05-05 08:22:30,47.73,0.5,5.355737704918033,49.54333333333333,50.77,0,0,2.0,4.971311475409835,51.20707584758016,54.00837124111568,0.6279372295968811,0.0017712887344001704
FDBH15,2023-05-05 08:23:10,50.24,2.0,4.91639344262295,53.65333333333333,58.78,0,0,3.6666666666666665,4.531967213114753,53.827450113243536,56.66364872039482,0.9776278191157206,0.001504843992101353
FDBH15,2023-05-05 08:25:20,55.0,3.0,4.477049180327868,65.34166666666667,72.1,0,0,9.666666666666666,4.092622950819671,60.81372038426906,62.750377455022154,0.9939716010461753,0.0014892803604062478
FDBH15,2023-05-05 08:26:10,69.91,12.0,4.037704918032786,71.64666666666666,72.1,0,0,12.899999999999999,3.653278688524589,72.89812117284248,76.23675474531944,0.9905307849108952,0.0021241649606123674
FDBH15,2023-05-05 08:26:50,71.55,13.1,3.5983606557377046,71.64999999999999,71.78,0,0,13.1,3.213934426229508,72.15146411686379,72.04478285796627,0.9518695061307947,0.004171061845825132
FDBH15,2023-05-05 08:27:20,71.59,13.1,3.2688524590163928,71.77166666666666,72.02,0,0,13.1,2.8844262295081964,72.1604309272759,72.0546977460259,0.8839359966836301,0.006392254418525371
FDBH15,2023-05-05 08:28:00,71.69,13.1,2.829508196721311,72.71499999999999,73.38,0,0,13.1,6.204918032786885,72.02879548500351,72.14225610021377,0.8002119419894296,0.005219306683768442
FDBH15,2023-05-05 08:28:40,73.26,13.1,9.3,72.94,73.38,0,0,13.1,9.916666666666666,73.4365318311684,73.60022698081386,0.89802407302431,0.007515811883596269
FDBH15,2023-05-05 08:29:20,73.02,13.1,9.9,72.72666666666667,73.1,0,0,13.366666666666667,9.783333333333333,74.07386606024191,74.3377314915882,0.911833512598926,0.00676616811612435
FDBH15,2023-05-05 08:30:00,73.1,13.5,9.8,72.755,73.2,0,0,13.600000000000001,9.866666666666667,73.95338999657112,73.97408700572277,0.8272639506605823,0.007919423810326655
FDBH15,2023-05-05 08:30:40,73.2,13.7,9.7,73.17666666666666,74.03,0,0,13.799999999999999,9.533333333333333,73.88878101258443,74.06545958476994,0.43529174205937193,0.011946463869024228
FDBH15,2023-05-05 08:31:30,73.62,13.9,9.8,74.31666666666666,74.88,0,0,13.9,9.25,73.68969249011852,73.83412705156691,0.05999914864543777,0.008043020456164547
FDBH15,2023-05-05 08:32:10,74.34,13.9,9.4,75.24833333333333,75.79,0,0,13.9,9.883333333333335,74.38979706467613,74.51901606319998,0.13298738782156733,0.05330587473034319
FDBH15,2023-05-05 08:32:50,75.4,13.9,9.9,75.82333333333334,75.93,0,0,13.9,9.800000000000002,75.54313711155483,75.6988788602021,0.07118319940355892,0.03635557283205778
FDBH15,2023-05-05 08:33:30,75.91,13.9,9.8,75.90333333333332,75.95,0,0,13.9,9.816666666666666,76.07391889161472,76.16733005004492,0.09891076823877823,0.02556894627483302
FDBH15,2023-05-05 08:34:10,75.84,13.9,9.8,75.82333333333334,75.91,0,0,13.9,10.266666666666667,75.99055778546861,76.04542690657911,0.11365736221350134,0.024730960884941415
FDBH15,2023-05-05 08:34:50,75.8,13.9,9.8,75.71833333333333,75.78,0,0,13.9,11.016666666666666,75.9503775405148,76.01517141237312,0.07246671634227032,0.019671336612965155
FDBH15,2023-05-05 08:35:20,75.74,13.9,11.0,75.68666666666665,75.76,0,0,13.9,11.0,75.85953507795939,75.96532017059256,0.08530006902543172,0.01828894653361625
FDBH15,2023-05-05 08:36:10,75.64,13.9,11.0,75.68666666666665,75.74,0,0,13.9,11.0,75.7351172019709,75.88131579877438,0.09793067342359907,0.019499775187830762
FDBH15,2023-05-05 08:36:50,75.74,13.9,11.0,75.68499999999999,75.71,0,0,13.9,11.016666666666666,75.8037825249133,75.9230802900396,0.044365199922488344,0.0004805644348502839
FDBH15,2023-05-05 08:37:30,75.69,13.9,11.0,75.71,75.76,0,0,13.9,11.450000000000001,75.70720155148261,75.76138559877069,0.03174291988404825,0.00022735957955965396
FDBH15,2023-05-05 08:38:10,75.76,13.9,11.9,75.72166666666668,75.74,0,0,13.9,11.9,75.75238911720949,75.79927795376061,0.01288737787872208,0.00020669368672982652
FDBH15,2023-05-05 08:38:50,75.74,13.9,11.9,75.74666666666667,75.76,0,0,13.9,11.883333333333335,75.73508712786803,75.78062952743014,0.021205685971674968,0.00020669368672982652
FDBH15,2023-05-05 08:39:30,75.76,13.9,11.9,75.68833333333333,75.76,0,0,13.9,11.883333333333333,75.76448133393102,75.80463503040632,0.024411801698383077,0.00020669368672982652
FDBH15,2023-05-05 08:40:10,75.69,13.9,11.9,75.6,75.62,0,0,13.9,10.1,75.69563310453451,75.7293655559897,0.07088328713234604,0.00020276201580972136
FDBH15,2023-05-05 08:40:50,75.57,13.9,11.8,75.58999999999999,75.63,0,0,13.9,4.072222222222223,75.55980789732726,75.59015497638389,0.3463111701054116,0.00021114364572176637
FDBH15,2023-05-05 08:41:30,75.58,13.9,2.5266666666666664,75.71666666666667,75.86,0,0,13.9,4.673333333333333,75.37518332880187,75.58833665705778,0.7401189866629596,0.0002495113761702706
FDBH15,2023-05-05 08:42:10,75.69,13.9,4.9799999999999995,76.09500000000001,76.39,0,0,13.9,7.126666666666665,75.33884033969203,75.68316371888095,0.5811488746832031,0.00021749313772454173
FDBH15,2023-05-05 08:42:50,76.22,13.9,7.433333333333333,76.45833333333334,76.61,0,0,13.9,9.71111111111111,75.82201010781154,76.22175834984787,0.1562074661876116,0.0002524965153736085
FDBH15,2023-05-05 08:43:30,76.51,13.9,9.886666666666667,76.50666666666667,76.64,0,0,13.9,11.683333333333332,76.2675647369211,76.56809273612991,0.014495165973210844,0.00028738434639333433
FDBH15,2023-05-05 08:44:00,76.64,13.9,12.0,76.07833333333333,76.57,0,0,14.0,11.850000000000001,76.80466524403829,76.99956055063579,0.011045025361226512,0.00032857464765706366
FDBH15,2023-05-05 08:44:40,75.89,13.9,11.9,75.65833333333333,76.18,0,0,14.299999999999999,11.766666666666667,77.11296500239104,76.72750163420389,0.01327750401295635,0.00042849491259586175
FDBH15,2023-05-05 08:45:20,75.37,14.2,11.8,76.19500000000001,76.42,0,0,14.5,11.6,76.43933523351757,76.24002520129866,0.007534200328650215,0.0014020363408027991
FDBH15,2023-05-05 08:46:00,76.25,14.5,11.9,76.99,77.7,0,0,14.5,11.583333333333334,76.2848262216191,76.39168223134746,0.004772043406435899,0.0017807481947844544
FDBH15,2023-05-05 08:46:50,77.08,14.5,11.7,78.085,78.41,0,0,14.5,11.916666666666666,77.08969562796747,77.20772458405685,0.012898235396526247,0.0015238208340040155
FDBH15,2023-05-05 08:47:30,78.35,14.5,12.0,78.28499999999998,78.41,0,0,14.5,11.866666666666667,78.38947397216269,78.54613178712475,0.03248563584242068,0.0006946636754036851
FDBH15,2023-05-05 08:48:10,78.22,14.5,11.8,78.195,78.32,0,0,14.5,12.016666666666667,78.2573433658814,78.41606714383539,0.043900079102257704,0.0003672467252720473
FDBH15,2023-05-05 08:48:50,78.16,14.5,12.2,78.55666666666667,78.92,0,0,14.5,11.983333333333333,78.22917238794587,78.36906930157649,0.025680478022695952,0.00035409372575470756
FDBH15,2023-05-05 08:49:30,78.56,14.5,11.9,79.02999999999999,79.28,0,0,14.5,12.483333333333334,78.62099523820429,78.74805828966689,0.021616143330089616,0.0003672467252720473
FDBH15,2023-05-05 08:50:10,79.08,14.5,12.9,79.23666666666666,79.37,0,0,14.5,12.933333333333335,79.14414353840517,79.2864052637247,0.021001989341707713,0.0003920342946223056
FDBH15,2023-05-05 08:50:50,79.33,14.5,13.0,78.92166666666667,79.24,0,0,14.5,12.916666666666666,79.46670060297548,79.55586488787239,0.14664305729090965,0.00027060883464074143
FDBH15,2023-05-05 08:51:30,78.8,14.5,12.9,78.66166666666668,78.76,0,0,14.5,12.966666666666667,78.9008591641974,78.99860442920003,0.22531936634467079,0.0002055603768599965
FDBH15,2023-05-05 08:52:00,78.7,14.5,13.0,78.51833333333333,78.75,0,0,14.5,12.950000000000001,78.72789298632445,78.85760460304199,0.2298305735796942,0.00021386602368198137
FDBH15,2023-05-05 08:52:40,78.44,14.5,12.9,78.65166666666666,78.91,0,0,14.5,13.35,78.47144866763234,78.56185518673476,0.1754608576727562,0.00020635205720505258
FDBH15,2023-05-05 08:53:20,78.7,14.5,13.4,78.85,78.91,0,0,14.5,13.949999999999998,78.70958350844897,78.80519334769279,0.1267961922270012,0.000195346617714993
FDBH15,2023-05-05 08:54:00,78.88,14.5,13.9,78.71166666666666,78.83,0,0,14.5,13.983333333333334,78.86151777991049,78.90140695129742,0.11469280760332334,0.00016442429493160676
FDBH15,2023-05-05 08:54:40,78.72,14.5,14.0,78.61166666666666,78.69,0,0,14.5,13.983333333333334,78.6821430115306,78.74379774898212,0.1976447442728266,0.0001704117920038569
FDBH15,2023-05-05 08:55:20,78.61,14.5,14.0,78.45666666666666,78.58,0,0,14.5,13.983333333333334,78.5721430115306,78.63379774898212,0.1976447442728266,0.0001704117920038569
FDBH15,2023-05-05 08:56:00,78.41,14.5,13.9,78.31833333333333,78.38,0,0,14.5,7.77017543859649,78.3861332526519,78.43141018662266,0.503111899541104,0.0001704117920038569
FDBH15,2023-05-05 08:56:40,78.22,14.5,1.3,78.33666666666667,78.41,0,0,14.5,2.2578947368421054,78.20394659966496,78.25303445132337,0.522280984365148,0.0001934201130169361
FDBH15,2023-05-05 08:57:20,78.31,14.5,2.3947368421052633,78.63,79.11,0,0,14.5,3.352631578947369,78.11081760298508,78.32348415667994,0.8959940874595739,0.0002319057237928019
FDBH15,2023-05-05 08:58:00,78.67,14.5,3.4894736842105267,79.20499999999998,79.41,0,0,14.5,4.447368421052632,78.3210236672512,78.63001996138163,0.9166327728447592,0.0002138390228410082
FDBH15,2023-05-05 08:58:40,79.27,14.5,4.58421052631579,79.33999999999999,79.44,0,0,14.5,5.542105263157896,78.75460519792469,79.2336527422166,0.8836568597084903,0.0002138390228410082
FDBH15,2023-05-05 08:59:20,79.35,14.5,5.678947368421053,78.69333333333334,79.34,0,0,14.5,9.763157894736842,78.73672296752687,79.34558806262606,0.2272739396746058,0.0002814487209486361
FDBH15,2023-05-05 09:00:00,78.62,14.5,11.9,77.45666666666666,78.34,0,0,14.5,13.950000000000001,78.12413631240798,78.64747302911798,0.0046039200834955265,0.000241845552495441
FDBH15,2023-05-05 09:00:30,77.57,14.5,13.9,76.635,77.15,0,0,14.5,13.916666666666666,77.48490415964343,77.72702479952277,0.004532181854134758,0.00020635205720505258
FDBH15,2023-05-05 09:01:10,76.45,14.5,13.9,76.47666666666666,77.08,0,0,14.833333333333334,13.850000000000001,76.83738627207377,77.20368099467593,0.01049569006241988,0.0003038081499132102
FDBH15,2023-05-05 09:01:50,76.58,15.0,14.0,76.55999999999999,76.81,0,0,15.0,13.966666666666669,76.56471214512983,76.64158444725172,0.004400867640839989,0.001943780178800907
FDBH15,2023-05-05 09:02:30,76.58,15.0,14.0,77.92666666666666,79.0,0,0,15.133333333333335,13.966666666666667,76.5687995603523,77.00480157837461,0.007009922127429246,0.0018210574629501741
FDBH15,2023-05-05 09:03:10,78.41,15.2,14.2,79.08166666666666,79.29,0,0,15.200000000000001,13.966666666666667,78.29150913608767,78.44703769880705,0.006315790505305856,0.0018210574629501741
FDBH18,2023-07-20 23:17:26,44.89,0.65,0.1,45.373333333333335,45.76,0,0,0.7866666666666666,0.09999999999999999,45.434409574752735,45.71701308051398,0.0003355127543364803,0.00010047745842244364
FDBH18,2023-07-20 23:17:30,45.43,0.8,0.1,46.041666666666664,46.51,0,0,0.9266666666666667,0.09999999999999999,46.06100127489966,46.36576734294014,0.00036228146843021296,0.00010047745842244364
FDBH18,2023-07-20 23:17:34,46.13,0.96,0.1,46.836666666666666,47.4,0,0,1.03,0.09999999999999999,46.74138713895608,46.91116891858957,0.0002191446615635611,9.900030856199344e-05
FDBH18,2023-07-20 23:17:38,46.93,1.03,0.1,47.79833333333334,48.48,0,0,1.1816666666666666,0.09999999999999999,47.67808205498023,48.140386846034815,0.00039980044514056884,9.900030856199344e-05
FDBH18,2023-07-20 23:17:42,47.92,1.21,0.1,48.93833333333333,49.71,0,0,1.3616666666666666,0.09999999999999999,48.670809767624675,49.1604835850404,0.0004362019651923666,9.900030856199344e-05
FDBH18,2023-07-20 23:17:46,49.08,1.4,0.1,50.26666666666667,51.36,0,0,1.4783333333333335,0.09999999999999999,49.75431515159426,50.235663549175776,0.000244973672159401,9.900030856199344e-05
FDBH18,2023-07-20 23:17:50,50.37,1.49,0.1,51.58166666666667,52.34,0,0,1.4983333333333333,0.09999999999999999,50.88547599499993,51.18142735024482,0.000244973672159401,9.900030856199344e-05
FDBH18,2023-07-20 23:17:54,51.7,1.5,0.1,52.818333333333335,53.6,0,0,1.5,0.09999999999999999,52.12698978457625,52.41818069295897,0.000244973672159401,9.900030856199344e-05
FDBH18,2023-07-20 23:17:58,52.98,1.5,0.1,54.03,54.74,0,0,1.5,0.09999999999999999,53.3172424022365,53.62881516583689,0.000244973672159401,9.900030856199344e-05
FDBH18,2023-07-20 23:18:02,54.18,1.5,0.1,55.12166666666666,55.76,0,0,1.5,0.09999999999999999,54.5470271941782,54.866164986539616,0.0002464805564257222,9.900030856199344e-05
FDBH18,2023-07-20 23:18:06,55.26,1.5,0.1,56.115,56.7,0,0,1.5,0.09999999999999999,55.63595393670165,55.9143778132553,0.0002464805564257222,9.900030856199344e-05
FDBH18,2023-07-20 23:18:10,56.24,1.5,0.1,57.021666666666675,57.56,0,0,1.5,0.09999999999999999,56.613860133839665,56.928162234037075,0.0002464805564257222,9.900030856199344e-05
FDBH18,2023-07-20 23:18:13,56.92,1.5,0.1,57.645,58.14,0,0,1.5,0.09999999999999999,57.24086130736649,57.53085450572138,0.0002464805564257222,9.900030856199344e-05
FDBH18,2023-07-20 23:18:17,57.75,1.5,0.1,58.413333333333334,58.86,0,0,1.5,0.09999999999999999,58.129339877933724,58.39337986264441,0.00022315472600260342,9.771135534011584e-05
FDBH18,2023-07-20 23:18:21,58.52,1.5,0.1,59.09666666666667,59.48,0,0,1.5,0.09999999999999999,58.92435708233726,59.0395364566121,0.00019339449950002774,9.574836902470004e-05
FDBH18,2023-07-20 23:18:25,59.18,1.5,0.1,59.68333333333333,60.02,0,0,1.5,0.09999999999999999,59.543187415208884,59.671969556241464,0.00019339449950002774,9.574836902470004e-05
FDBH18,2023-07-20 23:18:29,59.76,1.5,0.1,60.195,60.48,0,0,1.5,0.09999999999999999,60.12318741520888,60.26939660414142,0.0002009915638499094,9.574836902470004e-05
FDBH18,2023-07-20 23:18:33,60.26,1.5,0.1,60.64333333333334,60.9,0,0,1.5,0.09999999999999999,60.615125921823946,60.76939660414142,0.0002009915638499094,9.574836902470004e-05
FDBH18,2023-07-20 23:18:37,60.7,1.5,0.1,61.031666666666666,61.25,0,0,1.5,0.09999999999999999,61.04788088891501,61.209396604141425,0.0002009915638499094,9.574836902470004e-05
FDBH18,2023-07-20 23:18:41,61.09,1.5,0.1,61.37333333333333,61.58,0,0,1.5,0.09999999999999999,61.405930698943244,61.59705081557003,0.0002009915638499094,9.574836902470004e-05
FDBH18,2023-07-20 23:18:45,61.41,1.5,0.1,61.69833333333333,61.89,0,0,1.5,0.09999999999999999,61.68810533358187,61.907817963028464,0.00010509107202871933,9.574836902470004e-05
FDBH18,2023-07-20 23:18:49,61.74,1.5,0.1,62.0,62.19,0,0,1.5,0.09999999999999999,61.94154084218709,62.18608716657078,0.00010509107202871933,9.574836902470004e-05
FDBH18,2023-07-20 23:18:53,62.04,1.5,0.1,62.28666666666666,62.45,0,0,1.5,0.09999999999999999,62.24021586907183,62.451684010926705,0.00010509107202871933,9.574836902470004e-05
FDBH18,2023-07-20 23:18:57,62.31,1.5,0.1,62.54666666666666,62.7,0,0,1.5,0.09999999999999999,62.477847429161926,62.68355357882167,7.889920568833987e-05,9.574836902470004e-05
FDBH18,2023-07-20 23:19:00,62.51,1.5,0.1,62.72666666666667,62.87,0,0,1.5,0.09999999999999999,62.64487187328441,62.84014481224912,7.889920568833987e-05,9.574836902470004e-05
FDBH18,2023-07-20 23:19:04,62.76,1.5,0.1,62.93666666666667,63.06,0,0,1.5,0.09999999999999999,62.89487187328441,63.07179741273565,7.790583004486393e-05,9.717700251931675e-05
FDBH18,2023-07-20 23:19:08,62.97,1.5,0.1,63.12833333333333,63.25,0,0,1.5,0.09999999999999999,63.10529316907264,63.252220545508166,7.538903432092943e-05,9.717700251931675e-05
FDBH18,2023-07-20 23:19:12,63.14,1.5,0.1,63.315000000000005,63.43,0,0,1.5,0.09999999999999999,63.27529316907264,63.42222054550817,7.538903432092943e-05,9.27746866799435e-05
FDBH18,2023-07-20 23:19:16,63.34,1.5,0.1,63.48666666666666,63.58,0,0,1.5,0.09999999999999999,63.47340275212008,63.61879446699347,7.09040528218056e-05,9.27746866799435e-05
FDBH18,2023-07-20 23:19:20,63.51,1.5,0.1,63.645,63.75,0,0,1.5,0.09999999999999999,63.62024031752443,63.77951623991264,6.981711289203003e-05,9.27746866799435e-05
FDBH18,2023-07-20 23:19:24,63.66,1.5,0.1,63.788333333333334,63.87,0,0,1.5,0.09999999999999999,63.76603743123421,63.89798575084107,6.981711289203003e-05,9.27746866799435e-05
FDBH18,2023-07-20 23:19:28,63.81,1.5,0.1,63.90666666666666,63.97,0,0,1.5,0.09999999999999999,63.917214540859774,64.04213513944677,6.981711289203003e-05,9.27746866799435e-05
FDBH18,2023-07-20 23:19:32,63.93,1.5,0.1,64.02,64.09,0,0,1.5,0.09999999999999999,64.03808447624029,64.12653244999197,6.981711289203003e-05,9.27746866799435e-05
FDBH18,2023-07-20 23:19:36,64.04,1.5,0.1,64.13,64.2,0,0,1.5,0.09999999999999999,64.11838741496511,64.20890568280562,6.38472912688911e-05,9.27746866799435e-05
FDBH18,2023-07-20 23:19:40,64.15,1.5,0.1,64.235,64.3,0,0,1.5,0.09999999999999999,64.23668181675929,64.31288084087916,6.38472912688911e-05,9.27746866799435e-05
FDBH18,2023-07-20 23:19:44,64.24,1.5,0.1,64.33999999999999,64.41,0,0,1.5,0.09999999999999999,64.31002556280313,64.3825917910808,6.38472912688911e-05,9.27746866799435e-05
FDBH18,2023-07-20 23:19:48,64.35,1.5,0.1,64.44000000000001,64.5,0,0,1.5,0.09999999999999999,64.42045182843492,64.47950908160963,5.992739168983666e-05,9.27746866799435e-05
FDBH18,2023-07-20 23:19:51,64.43,1.5,0.1,64.51666666666667,64.58,0,0,1.5,0.09999999999999999,64.50045182843493,64.55950908160965,5.992739168983666e-05,9.27746866799435e-05
FDBH18,2023-07-20 23:19:55,64.54,1.5,0.1,64.61166666666666,64.66,0,0,1.5,0.09999999999999999,64.61088284711727,64.66238900233517,5.992739168983666e-05,9.27746866799435e-05
FDBH18,2023-07-20 23:19:59,64.62,1.5,0.1,64.7,64.76,0,0,1.5,0.09999999999999999,64.69080541703325,64.74238900233517,5.992739168983666e-05,9.27746866799435e-05
FDBH18,2023-07-20 23:20:03,64.71,1.5,0.1,64.79166666666667,64.85,0,0,1.5,0.09999999999999999,64.77171341032256,64.83238900233516,5.992739168983666e-05,9.27746866799435e-05
FDBH18,2023-07-20 23:20:07,64.81,1.5,0.1,64.89333333333333,64.95,0,0,1.5,0.09999999999999999,64.87569408564421,64.91491673983768,5.5945658560735215e-05,9.27746866799435e-05
FDBH18,2023-07-20 23:20:11,64.91,1.5,0.1,64.98333333333333,65.04,0,0,1.5,0.09999999999999999,64.97569408564421,65.01491673983767,5.5945658560735215e-05,9.27746866799435e-05
FDBH18,2023-07-20 23:20:15,64.99,1.5,0.1,65.065,65.12,0,0,1.5,0.09999999999999999,65.0556940856442,65.09491673983767,5.5945658560735215e-05,9.27746866799435e-05
FDBH18,2023-07-20 23:20:19,65.08,1.5,0.1,65.14333333333333,65.18,0,0,1.5,0.09999999999999999,65.14569408564421,65.18491673983767,5.5945658560735215e-05,9.27746866799435e-05
FDBH18,2023-07-20 23:20:23,65.15,1.5,0.1,65.20166666666667,65.25,0,0,1.5,0.09999999999999999,65.21569408564422,65.25491673983768,5.5945658560735215e-05,9.27746866799435e-05
FDBH18,2023-07-20 23:20:27,65.21,1.5,0.1,65.25833333333333,65.28,0,0,1.5,0.09999999999999999,65.26182102642565,65.31491673983767,6.0810597784014416e-05,9.27746866799435e-05
FDBH18,2023-07-20 23:20:31,65.27,1.5,0.1,65.305,65.34,0,0,1.5,0.09999999999999999,65.32964016674626,65.38402664447445,5.005648628690375e-05,9.27746866799435e-05
FDBH18,2023-07-20 23:20:35,65.31,1.5,0.1,65.34833333333334,65.37,0,0,1.5,0.09999999999999999,65.36014168320912,65.40223942603471,5.005648628690375e-05,9.27746866799435e-05
FDBH18,2023-07-20 23:20:38,65.34,1.5,0.1,65.38166666666667,65.42,0,0,1.5,0.09999999999999999,65.3885175539156,65.43223942603471,4.8226295509580173e-05,9.27746866799435e-05
FDBH18,2023-07-20 23:20:42,65.39,1.5,0.1,65.435,65.47,0,0,1.5,0.09999999999999999,65.42108107632426,65.44217142603472,4.8226295509580173e-05,9.27746866799435e-05
FDBH18,2023-07-20 23:20:46,65.44,1.5,0.1,65.49666666666667,65.54,0,0,1.5,0.09999999999999999,65.47049621666069,65.49217142603472,4.8226295509580173e-05,9.27746866799435e-05
FDBH18,2023-07-20 23:20:50,65.5,1.5,0.1,65.555,65.59,0,0,1.5,0.09999999999999999,65.5304962166607,65.54637315038825,4.8226295509580173e-05,9.27746866799435e-05
FDBH18,2023-07-20 23:20:54,65.57,1.5,0.1,65.60000000000001,65.62,0,0,1.5,0.09999999999999999,65.60049621666069,65.61637315038824,4.8226295509580173e-05,9.27746866799435e-05
FDBH18,2023-07-20 23:20:58,65.61,1.5,0.1,65.63333333333333,65.65,0,0,1.5,0.09999999999999999,65.6404962166607,65.65637315038825,4.8226295509580173e-05,9.27746866799435e-05
FDBH18,2023-07-20 23:21:02,65.63,1.5,0.1,65.64999999999999,65.66,0,0,1.5,0.09999999999999999,65.66049621666069,65.68217142603471,4.8226295509580173e-05,9.27746866799435e-05
FDBH18,2023-07-20 23:21:06,65.65,1.5,0.1,65.67,65.69,0,0,1.5,0.09999999999999999,65.67934796429009,65.69637315038825,4.8226295509580173e-05,9.27746866799435e-05
FDBH18,2023-07-20 23:21:10,65.67,1.5,0.1,65.695,65.72,0,0,1.5,0.09999999999999999,65.69580399369096,65.71223690835625,4.8226295509580173e-05,9.27746866799435e-05
FDBH18,2023-07-20 23:21:14,65.69,1.5,0.1,65.72666666666667,65.75,0,0,1.5,0.09999999999999999,65.70839701201606,65.73223690835624,4.8226295509580173e-05,9.27746866799435e-05
FDBH18,2023-07-20 23:21:18,65.73,1.5,0.1,65.76333333333334,65.79,0,0,1.5,0.09999999999999999,65.7466597239062,65.7603431553972,4.8226295509580173e-05,9.27746866799435e-05
FDBH18,2023-07-20 23:21:22,65.76,1.5,0.1,65.80333333333333,65.82,0,0,1.5,0.09999999999999999,65.7766597239062,65.7903431553972,5.237203501518673e-05,9.27746866799435e-05
FDBH18,2023-07-20 23:21:25,65.8,1.5,0.1,65.82499999999999,65.84,0,0,1.5,0.09999999999999999,65.8166597239062,65.83034315539719,5.237203501518673e-05,9.27746866799435e-05
FDBH18,2023-07-20 23:21:29,65.83,1.5,0.1,65.85000000000001,65.88,0,0,1.5,0.09999999999999999,65.8466597239062,65.86034315539719,4.8226295509580173e-05,9.27746866799435e-05
FDBH18,2023-07-20 23:21:33,65.85,1.5,0.1,65.88166666666666,65.9,0,0,1.5,0.09999999999999999,65.8666597239062,65.88034315539718,4.8226295509580173e-05,9.27746866799435e-05
FDBH18,2023-07-20 23:21:37,65.88,1.5,0.1,65.92166666666667,65.95,0,0,1.5,0.09999999999999999,65.89454787411738,65.91034315539719,4.8226295509580173e-05,9.27746866799435e-05
FDBH18,2023-07-20 23:21:41,65.93,1.5,0.1,65.95833333333333,65.98,0,0,1.5,0.09999999999999999,65.94454787411739,65.9603431553972,4.8226295509580173e-05,9.27746866799435e-05
FDBH18,2023-07-20 23:21:45,65.96,1.5,0.1,65.99499999999999,66.01,0,0,1.5,0.09999999999999999,65.97454787411738,65.99034315539718,4.8226295509580173e-05,9.27746866799435e-05
FDBH18,2023-07-20 23:21:49,66.0,1.5,0.1,66.02,66.03,0,0,1.5,0.09999999999999999,66.01454787411738,66.03034315539719,4.8226295509580173e-05,9.27746866799435e-05
FDBH18,2023-07-20 23:21:53,66.03,1.5,0.1,66.04333333333334,66.06,0,0,1.5,0.09999999999999999,66.04454787411738,66.06034315539719,4.8226295509580173e-05,9.27746866799435e-05
FDBH18,2023-07-20 23:21:57,66.05,1.5,0.1,66.06333333333333,66.08,0,0,1.5,0.09999999999999999,66.06454787411738,66.08034315539719,4.8226295509580173e-05,9.27746866799435e-05
FDBH18,2023-07-20 23:22:01,66.06,1.5,0.1,66.08666666666666,66.1,0,0,1.5,0.09999999999999999,66.07381425642198,66.09034315539719,4.8226295509580173e-05,9.27746866799435e-05
FDBH18,2023-07-20 23:22:05,66.1,1.5,0.1,66.10833333333333,66.12,0,0,1.5,0.09999999999999999,66.11381425642197,66.13034315539718,4.8226295509580173e-05,9.27746866799435e-05
FDBH18,2023-07-20 23:22:09,66.11,1.5,0.1,66.13333333333333,66.15,0,0,1.5,0.09999999999999999,66.12381425642198,66.1399047656095,5.237203501518673e-05,9.27746866799435e-05
FDBH18,2023-07-20 23:22:13,66.14,1.5,0.1,66.15833333333333,66.18,0,0,1.5,0.09999999999999999,66.15381425642198,66.1662912344095,5.237203501518673e-05,9.27746866799435e-05
FDBH18,2023-07-20 23:22:16,66.15,1.5,0.1,66.17833333333333,66.2,0,0,1.5,0.09999999999999999,66.16381425642199,66.1762912344095,5.237203501518673e-05,9.27746866799435e-05
FDBH18,2023-07-20 23:22:20,66.18,1.5,0.1,66.20333333333333,66.22,0,0,1.5,0.09999999999999999,66.19381425642199,66.2062912344095,5.237203501518673e-05,9.27746866799435e-05
FDBH18,2023-07-20 23:22:24,66.21,1.5,0.1,66.23833333333333,66.26,0,0,1.5,0.09999999999999999,66.22381425642197,66.23629123440949,5.237203501518673e-05,9.27746866799435e-05
FDBH18,2023-07-20 23:22:28,66.24,1.5,0.1,66.27166666666666,66.29,0,0,1.5,0.09999999999999999,66.25381425642198,66.2699047656095,5.237203501518673e-05,9.27746866799435e-05
FDBH18,2023-07-20 23:22:32,66.28,1.5,0.1,66.29833333333333,66.31,0,0,1.5,0.09999999999999999,66.29381425642198,66.31034315539719,5.237203501518673e-05,9.27746866799435e-05
FDBH18,2023-07-20 23:22:36,66.3,1.5,0.1,66.33166666666666,66.37,0,0,1.5,0.09999999999999999,66.31381425642198,66.33034315539719,4.8226295509580173e-05,9.27746866799435e-05
FDBH18,2023-07-20 23:22:40,66.33,1.5,0.1,66.37333333333333,66.39,0,0,1.5,0.09999999999999999,66.34381425642198,66.36034315539719,4.8226295509580173e-05,9.27746866799435e-05
FDBH18,2023-07-20 23:22:44,66.38,1.5,0.1,66.39666666666666,66.4,0,0,1.5,0.09999999999999999,66.39381425642198,66.41034315539719,4.8226295509580173e-05,9.27746866799435e-05
FDBH18,2023-07-20 23:22:48,66.4,1.5,0.1,66.415,66.44,0,0,1.5,0.09999999999999999,66.41454787411739,66.4303431553972,4.8226295509580173e-05,9.27746866799435e-05
FDBH18,2023-07-20 23:22:52,66.42,1.5,0.1,66.44833333333334,66.47,0,0,1.5,0.09999999999999999,66.43381425642198,66.45034315539719,4.8226295509580173e-05,9.27746866799435e-05
FDBH18,2023-07-20 23:22:56,66.45,1.5,0.1,66.47166666666668,66.48,0,0,1.5,0.09999999999999999,66.46381425642198,66.4803431553972,4.8226295509580173e-05,9.27746866799435e-05
FDBH18,2023-07-20 23:23:00,66.46,1.5,0.1,66.495,66.51,0,0,1.5,0.09999999999999999,66.47381425642197,66.49034315539718,4.8226295509580173e-05,9.27746866799435e-05
FDBH18,2023-07-20 23:23:03,66.5,1.5,0.1,66.515,66.54,0,0,1.5,0.09999999999999999,66.51381425642198,66.53034315539719,4.8226295509580173e-05,9.27746866799435e-05
FDBH18,2023-07-20 23:23:07,66.52,1.5,0.1,66.545,66.57,0,0,1.5,0.09999999999999999,66.53381425642198,66.55034315539719,5.237203501518673e-05,9.27746866799435e-05
FDBH18,2023-07-20 23:23:11,66.55,1.5,0.1,66.57833333333333,66.6,0,0,1.5,0.09999999999999999,66.56381425642198,66.5762912344095,5.237203501518673e-05,9.27746866799435e-05
FDBH18,2023-07-20 23:23:15,66.58,1.5,0.1,66.61666666666666,66.63,0,0,1.5,0.09999999999999999,66.59381425642198,66.61034315539719,5.237203501518673e-05,9.27746866799435e-05
FDBH18,2023-07-20 23:23:19,66.63,1.5,0.1,66.64333333333332,66.66,0,0,1.5,0.09999999999999999,66.64381425642198,66.66034315539719,4.8226295509580173e-05,9.27746866799435e-05
FDBH18,2023-07-20 23:23:23,66.65,1.5,0.1,66.65999999999998,66.67,0,0,1.5,0.09999999999999999,66.66381425642199,66.6803431553972,4.8226295509580173e-05,9.27746866799435e-05
FDBH18,2023-07-20 23:23:27,66.66,1.5,0.1,66.675,66.71,0,0,1.5,0.09999999999999999,66.67381425642198,66.69034315539719,4.8226295509580173e-05,9.27746866799435e-05
FDBH18,2023-07-20 23:23:31,66.69,1.5,0.1,66.72333333333333,66.75,0,0,1.5,0.09999999999999999,66.70381425642198,66.72034315539719,4.8226295509580173e-05,9.27746866799435e-05
FDBH18,2023-07-20 23:23:35,66.73,1.5,0.1,66.76666666666665,66.78,0,0,1.5,0.09999999999999999,66.74381425642198,66.7603431553972,4.8226295509580173e-05,9.27746866799435e-05
FDBH18,2023-07-20 23:23:39,66.78,1.5,0.1,66.765,66.78,0,0,1.5,0.09999999999999999,66.79381425642198,66.81034315539719,4.8226295509580173e-05,9.27746866799435e-05
FDBH18,2023-07-20 23:23:43,66.76,1.5,0.1,66.76333333333334,66.77,0,0,1.5,0.09999999999999999,66.77381425642199,66.7903431553972,4.8226295509580173e-05,9.27746866799435e-05
FDBH18,2023-07-20 23:23:47,66.76,1.5,0.1,66.78,66.8,0,0,1.5,0.09999999999999999,66.77381425642199,66.7899047656095,5.237203501518673e-05,9.27746866799435e-05
FDBH18,2023-07-20 23:23:51,66.78,1.5,0.1,66.80333333333333,66.83,0,0,1.5,0.09999999999999999,66.79067753442095,66.8040287544095,5.237203501518673e-05,9.27746866799435e-05
FDBH18,2023-07-20 23:23:54,66.79,1.5,0.1,66.845,66.89,0,0,1.5,0.09999999999999999,66.80067753442096,66.8140287544095,5.237203501518673e-05,9.27746866799435e-05
FDBH18,2023-07-20 23:23:58,66.86,1.5,0.1,66.91333333333333,66.95,0,0,1.5,0.09999999999999999,66.87067753442095,66.8840287544095,5.237203501518673e-05,9.27746866799435e-05
FDBH18,2023-07-20 23:24:02,66.92,1.5,0.1,66.97999999999999,67.02,0,0,1.5,0.09999999999999999,66.93067753442095,66.9440287544095,5.237203501518673e-05,9.27746866799435e-05
FDBH18,2023-07-20 23:24:06,66.99,1.5,0.1,67.04666666666667,67.09,0,0,1.5,0.09999999999999999,67.00381425642198,67.02034315539719,4.8226295509580173e-05,9.27746866799435e-05
FDBH18,2023-07-20 23:24:10,67.06,1.5,0.1,67.11166666666666,67.15,0,0,1.5,0.09999999999999999,67.08315645856476,67.10223690835625,4.8226295509580173e-05,9.27746866799435e-05
FDBH18,2023-07-20 23:24:14,67.11,1.5,0.1,67.17,67.2,0,0,1.5,0.09999999999999999,67.13843354119805,67.16217142603472,4.8226295509580173e-05,9.27746866799435e-05
FDBH18,2023-07-20 23:24:18,67.18,1.5,0.1,67.20333333333333,67.23,0,0,1.5,0.09999999999999999,67.20843354119806,67.23217142603472,4.8226295509580173e-05,9.27746866799435e-05
FDBH18,2023-07-20 23:24:22,67.2,1.5,0.1,67.24499999999999,67.26,0,0,1.5,0.09999999999999999,67.22843354119806,67.25217142603472,4.8226295509580173e-05,9.27746866799435e-05
FDBH18,2023-07-20 23:24:26,67.25,1.5,0.1,67.275,67.3,0,0,1.5,0.09999999999999999,67.27843354119805,67.30217142603472,4.8226295509580173e-05,9.27746866799435e-05
FDBH18,2023-07-20 23:24:30,67.28,1.5,0.1,67.30833333333332,67.33,0,0,1.5,0.09999999999999999,67.3078486815345,67.33217142603472,4.8226295509580173e-05,9.27746866799435e-05
FDBH18,2023-07-20 23:24:34,67.32,1.5,0.1,67.33666666666666,67.35,0,0,1.5,0.09999999999999999,67.34670042916386,67.36403690835624,4.8226295509580173e-05,9.27746866799435e-05
FDBH18,2023-07-20 23:24:38,67.33,1.5,0.1,67.36,67.37,0,0,1.5,0.09999999999999999,67.34678707140675,67.37223690835624,4.8226295509580173e-05,9.27746866799435e-05
FDBH18,2023-07-20 23:24:41,67.36,1.5,0.1,67.37666666666667,67.4,0,0,1.5,0.09999999999999999,67.37555154453185,67.40223690835624,4.8226295509580173e-05,9.27746866799435e-05
FDBH18,2023-07-20 23:24:45,67.38,1.5,0.1,67.39833333333333,67.41,0,0,1.5,0.09999999999999999,67.39381425642198,67.41034315539719,4.8226295509580173e-05,9.27746866799435e-05
FDBH18,2023-07-20 23:24:49,67.4,1.5,0.1,67.41666666666667,67.43,0,0,1.5,0.09999999999999999,67.41381425642199,67.4303431553972,4.8226295509580173e-05,9.27746866799435e-05
FDBH18,2023-07-20 23:24:53,67.41,1.5,0.1,67.435,67.45,0,0,1.5,0.09999999999999999,67.42381425642198,67.4399047656095,5.237203501518673e-05,9.27746866799435e-05
FDBH18,2023-07-20 23:24:57,67.45,1.5,0.1,67.44333333333333,67.45,0,0,1.5,0.09999999999999999,67.46381425642198,67.4762912344095,5.237203501518673e-05,9.27746866799435e-05
FDBH18,2023-07-20 23:25:01,67.45,1.5,0.1,67.44833333333332,67.45,0,0,1.5,0.09999999999999999,67.46067753442095,67.4740287544095,5.237203501518673e-05,9.27746866799435e-05
FDBH18,2023-07-20 23:25:05,67.45,1.5,0.1,67.42333333333333,67.45,0,0,1.5,0.09999999999999999,67.46023679141427,67.4729367544095,5.237203501518673e-05,9.27746866799435e-05
FDBH18,2023-07-20 23:25:09,67.42,1.5,0.1,67.355,67.4,0,0,1.5,0.09999999999999999,67.42611305907784,67.43372564429482,5.237203501518673e-05,9.27746866799435e-05
FDBH18,2023-07-20 23:25:13,67.36,1.5,0.1,67.24166666666666,67.32,0,0,1.5,0.09999999999999999,67.36094231893678,67.36905336411169,5.237203501518673e-05,9.27746866799435e-05
FDBH18,2023-07-20 23:25:17,67.22,1.5,0.1,67.13333333333333,67.19,0,0,1.5,0.09999999999999999,67.2120826393338,67.22053756175752,5.055682504897432e-05,9.27746866799435e-05
FDBH18,2023-07-20 23:25:21,67.12,1.5,0.1,67.065,67.08,0,0,1.5,0.09999999999999999,67.1038961356461,67.11736382102696,4.655476980739675e-05,9.27746866799435e-05
FDBH18,2023-07-20 23:25:25,67.05,1.5,0.1,67.08666666666666,67.11,0,0,1.5,0.09999999999999999,67.02392780652765,67.04134629229176,5.323765063871537e-05,9.27746866799435e-05
FDBH18,2023-07-20 23:25:28,67.08,1.5,0.1,67.12500000000001,67.17,0,0,1.5,0.09999999999999999,67.05235206887113,67.07045239572736,5.323765063871537e-05,9.27746866799435e-05
FDBH18,2023-07-20 23:25:32,67.12,1.5,0.1,67.205,67.27,0,0,1.5,0.09999999999999999,67.09235206887114,67.11045239572736,5.323765063871537e-05,9.27746866799435e-05
FDBH18,2023-07-20 23:25:36,67.22,1.5,0.1,67.29333333333334,67.34,0,0,1.5,0.09999999999999999,67.2029250954123,67.21609921822345,4.655476980739675e-05,9.27746866799435e-05
FDBH18,2023-07-20 23:25:40,67.3,1.5,0.1,67.37166666666668,67.42,0,0,1.5,0.09999999999999999,67.29433459465875,67.30053756175752,4.8226295509580173e-05,9.27746866799435e-05
FDBH18,2023-07-20 23:25:44,67.38,1.5,0.1,67.43666666666667,67.47,0,0,1.5,0.09999999999999999,67.39401218877998,67.41034315539719,4.8226295509580173e-05,9.27746866799435e-05
FDBH18,2023-07-20 23:25:48,67.45,1.5,0.1,67.47833333333334,67.49,0,0,1.5,0.09999999999999999,67.4778486815345,67.50217142603472,4.8226295509580173e-05,9.27746866799435e-05
FDBH18,2023-07-20 23:25:52,67.48,1.5,0.1,67.505,67.52,0,0,1.5,0.09999999999999999,67.52749414808292,67.57223942603471,4.8226295509580173e-05,9.27746866799435e-05
FDBH18,2023-07-20 23:25:56,67.51,1.5,0.1,67.515,67.52,0,0,1.5,0.09999999999999999,67.55749414808292,67.60223942603471,4.8226295509580173e-05,9.27746866799435e-05
FDBH18,2023-07-20 23:26:00,67.52,1.5,0.1,67.52166666666666,67.53,0,0,1.5,0.09999999999999999,67.54843354119805,67.57217142603471,4.8226295509580173e-05,9.27746866799435e-05
FDBH18,2023-07-20 23:26:04,67.52,1.5,0.1,67.51166666666667,67.53,0,0,1.5,0.09999999999999999,67.54670042916386,67.56637315038824,4.8226295509580173e-05,9.27746866799435e-05
FDBH18,2023-07-20 23:26:08,67.51,1.5,0.1,67.495,67.5,0,0,1.5,0.09999999999999999,67.52381425642199,67.5403431553972,4.8226295509580173e-05,9.27746866799435e-05
FDBH18,2023-07-20 23:26:12,67.49,1.5,0.1,67.49833333333333,67.51,0,0,1.5,0.09999999999999999,67.5003030280744,67.5140287544095,5.237203501518673e-05,9.27746866799435e-05
FDBH18,2023-07-20 23:26:16,67.49,1.5,0.1,67.52333333333334,67.54,0,0,1.5,0.09999999999999999,67.49094231893677,67.49918834499147,5.237203501518673e-05,9.27746866799435e-05
FDBH18,2023-07-20 23:26:19,67.51,1.5,0.1,67.545,67.56,0,0,1.5,0.09999999999999999,67.51013745393979,67.51371843547795,5.237203501518673e-05,9.27746866799435e-05
FDBH18,2023-07-20 23:26:23,67.55,1.5,0.1,67.56333333333333,67.57,0,0,1.5,0.09999999999999999,67.55013745393978,67.55272710452844,5.237203501518673e-05,9.27746866799435e-05
FDBH18,2023-07-20 23:26:27,67.57,1.5,0.1,67.58333333333333,67.6,0,0,1.5,0.09999999999999999,67.57094231893677,67.57931192921323,5.237203501518673e-05,9.27746866799435e-05
FDBH18,2023-07-20 23:26:31,67.58,1.5,0.1,67.60000000000001,67.6,0,0,1.5,0.09999999999999999,67.5839115204359,67.59554890907485,5.237203501518673e-05,9.27746866799435e-05
FDBH18,2023-07-20 23:26:35,67.6,1.5,0.1,67.605,67.62,0,0,1.5,0.09999999999999999,67.61023679141427,67.6229367544095,5.237203501518673e-05,9.27746866799435e-05
FDBH18,2023-07-20 23:26:39,67.62,1.5,0.1,67.61333333333333,67.62,0,0,1.5,0.09999999999999999,67.63067753442095,67.6440287544095,5.237203501518673e-05,9.27746866799435e-05
FDBH18,2023-07-20 23:26:43,67.61,1.5,0.1,67.62833333333333,67.65,0,0,1.5,0.09999999999999999,67.62023679141427,67.6329367544095,5.237203501518673e-05,9.27746866799435e-05
FDBH18,2023-07-20 23:26:47,67.63,1.5,0.1,67.65166666666669,67.67,0,0,1.5,0.09999999999999999,67.63821960532862,67.6529367544095,5.237203501518673e-05,9.27746866799435e-05
FDBH18,2023-07-20 23:26:51,67.65,1.5,0.1,67.67500000000001,67.69,0,0,1.5,0.09999999999999999,67.65611305907784,67.66554890907486,5.237203501518673e-05,9.27746866799435e-05
FDBH18,2023-07-20 23:26:55,67.68,1.5,0.1,67.61833333333333,67.68,0,0,1.5,0.09999999999999999,67.68741748269814,67.69372564429483,5.237203501518673e-05,9.27746866799435e-05
FDBH18,2023-07-20 23:26:59,67.61,1.5,0.1,67.55333333333334,67.58,0,0,1.5,0.09999999999999999,67.6139115204359,67.62554890907485,5.237203501518673e-05,9.27746866799435e-05
FDBH18,2023-07-20 23:27:03,67.54,1.5,0.1,67.52999999999999,67.55,0,0,1.5,0.09999999999999999,67.54013745393979,67.54442796305567,5.237203501518673e-05,9.27746866799435e-05
FDBH18,2023-07-20 23:27:06,67.53,1.5,0.1,67.52333333333333,67.53,0,0,1.5,0.09999999999999999,67.52671344152503,67.53122554648826,5.237203501518673e-05,9.27746866799435e-05
FDBH18,2023-07-20 23:27:10,67.51,1.5,0.1,67.55166666666666,67.58,0,0,1.5,0.09999999999999999,67.49851068797567,67.50933313060972,5.055682504897432e-05,9.27746866799435e-05
FDBH18,2023-07-20 23:27:14,67.57,1.5,0.1,67.6,67.64,0,0,1.5,0.09999999999999999,67.55739399389843,67.56879529096895,5.055682504897432e-05,9.27746866799435e-05
FDBH18,2023-07-20 23:27:18,67.6,1.5,0.1,67.65333333333334,67.68,0,0,1.5,0.09999999999999999,67.58739399389843,67.599012101344,5.055682504897432e-05,9.27746866799435e-05
FDBH18,2023-07-20 23:27:22,67.65,1.5,0.1,67.69333333333333,67.72,0,0,1.5,0.09999999999999999,67.64671344152504,67.65122554648826,5.237203501518673e-05,9.27746866799435e-05
FDBH18,2023-07-20 23:27:26,67.7,1.5,0.1,67.72000000000001,67.73,0,0,1.5,0.09999999999999999,67.70748371935827,67.7191797392688,5.237203501518673e-05,9.27746866799435e-05
FDBH18,2023-07-20 23:27:30,67.72,1.5,0.1,67.73833333333333,67.75,0,0,1.5,0.09999999999999999,67.73381425642198,67.75034315539719,4.8226295509580173e-05,9.27746866799435e-05
FDBH18,2023-07-20 23:27:34,67.73,1.5,0.1,67.73666666666668,67.75,0,0,1.5,0.09999999999999999,67.74555154453185,67.77223690835625,4.8226295509580173e-05,9.27746866799435e-05
FDBH18,2023-07-20 23:27:38,67.74,1.5,0.1,67.72166666666666,67.73,0,0,1.5,0.09999999999999999,67.75555154453184,67.78223690835624,4.8226295509580173e-05,9.27746866799435e-05
FDBH18,2023-07-20 23:27:42,67.71,1.5,0.1,67.71999999999998,67.73,0,0,1.5,0.09999999999999999,67.72381425642197,67.74034315539718,4.8226295509580173e-05,9.27746866799435e-05
FDBH18,2023-07-20 23:27:46,67.73,1.5,0.1,67.71,67.72,0,0,1.5,0.09999999999999999,67.73828584198877,67.7540287544095,5.237203501518673e-05,9.27746866799435e-05
FDBH18,2023-07-20 23:27:50,67.71,1.5,0.1,67.70333333333333,67.71,0,0,1.5,0.09999999999999999,67.71094231893677,67.7196533641117,5.237203501518673e-05,9.27746866799435e-05
FDBH18,2023-07-20 23:27:54,67.7,1.5,0.1,67.7,67.71,0,0,1.5,0.09999999999999999,67.69922834833979,67.70182284250679,5.237203501518673e-05,9.27746866799435e-05
FDBH18,2023-07-20 23:27:57,67.69,1.5,0.1,67.70666666666666,67.71,0,0,1.5,0.09999999999999999,67.68665364743387,67.69003128879328,5.237203501518673e-05,9.27746866799435e-05
FDBH18,2023-07-20 23:28:01,67.71,1.5,0.1,67.71,67.72,0,0,1.5,0.09999999999999999,67.70677092038274,67.70901306593936,5.237203501518673e-05,9.27746866799435e-05
FDBH18,2023-07-20 23:28:05,67.72,1.5,0.1,67.71333333333332,67.72,0,0,1.5,0.09999999999999999,67.71910171569567,67.719681203415,5.237203501518673e-05,9.27746866799435e-05
FDBH18,2023-07-20 23:28:09,67.71,1.5,0.1,67.72000000000001,67.73,0,0,1.5,0.09999999999999999,67.71015617319317,67.71514545358593,5.237203501518673e-05,9.27746866799435e-05
FDBH18,2023-07-20 23:28:13,67.72,1.5,0.1,67.72500000000001,67.73,0,0,1.5,0.09999999999999999,67.72013745393978,67.72266249209672,5.237203501518673e-05,9.27746866799435e-05
FDBH18,2023-07-20 23:28:17,67.73,1.5,0.1,67.73666666666666,67.75,0,0,1.5,0.09999999999999999,67.73094231893678,67.73388682601221,5.237203501518673e-05,9.27746866799435e-05
FDBH18,2023-07-20 23:28:21,67.73,1.5,0.1,67.75333333333333,67.76,0,0,1.5,0.09999999999999999,67.73094231893678,67.73788784262779,5.237203501518673e-05,9.27746866799435e-05
FDBH18,2023-07-20 23:28:25,67.76,1.5,0.1,67.76166666666666,67.78,0,0,1.5,0.09999999999999999,67.76094231893678,67.76985736666701,5.237203501518673e-05,9.27746866799435e-05
FDBH18,2023-07-20 23:28:29,67.76,1.5,0.1,67.78,67.79,0,0,1.5,0.09999999999999999,67.76290391147421,67.76985736666701,5.237203501518673e-05,9.27746866799435e-05
FDBH18,2023-07-20 23:28:33,67.78,1.5,0.1,67.79,67.8,0,0,1.5,0.09999999999999999,67.78391152043591,67.79373123616608,5.237203501518673e-05,9.27746866799435e-05
FDBH18,2023-07-20 23:28:37,67.8,1.5,0.1,67.74833333333333,67.8,0,0,1.5,0.09999999999999999,67.80611305907783,67.81407267106452,5.237203501518673e-05,9.27746866799435e-05
FDBH18,2023-07-20 23:28:41,67.73,1.5,0.1,67.63499999999999,67.71,0,0,1.5,0.09999999999999999,67.73391152043591,67.74407267106453,5.237203501518673e-05,9.27746866799435e-05
FDBH18,2023-07-20 23:28:44,67.65,1.5,0.1,67.58,67.61,0,0,1.5,0.09999999999999999,67.65013745393979,67.65519035850656,5.237203501518673e-05,9.27746866799435e-05
FDBH18,2023-07-20 23:28:48,67.56,1.5,0.1,67.56666666666666,67.58,0,0,1.5,0.09999999999999999,67.54851068797566,67.55963182325205,4.655476980739675e-05,9.27746866799435e-05
FDBH18,2023-07-20 23:28:52,67.57,1.5,0.1,67.58333333333333,67.6,0,0,1.5,0.09999999999999999,67.55399119862436,67.56827402256235,4.655476980739675e-05,9.27746866799435e-05
FDBH18,2023-07-20 23:28:56,67.6,1.5,0.1,67.61333333333333,67.63,0,0,1.5,0.09999999999999999,67.58292509541229,67.59736382102695,4.655476980739675e-05,9.27746866799435e-05
FDBH18,2023-07-20 23:29:00,67.61,1.5,0.1,67.64833333333333,67.67,0,0,1.5,0.09999999999999999,67.59389613564609,67.60736382102695,4.655476980739675e-05,9.27746866799435e-05
FDBH18,2023-07-20 23:29:04,67.66,1.5,0.1,67.675,67.69,0,0,1.5,0.09999999999999999,67.64692079466799,67.6582081618562,4.655476980739675e-05,9.27746866799435e-05
FDBH18,2023-07-20 23:29:08,67.68,1.5,0.1,67.705,67.73,0,0,1.5,0.09999999999999999,67.67671344152504,67.68166393627595,4.8226295509580173e-05,9.27746866799435e-05
FDBH18,2023-07-20 23:29:12,67.71,1.5,0.1,67.72333333333334,67.73,0,0,1.5,0.09999999999999999,67.71828584198876,67.7340287544095,5.237203501518673e-05,9.27746866799435e-05
FDBH18,2023-07-20 23:29:16,67.73,1.5,0.1,67.72333333333334,67.73,0,0,1.5,0.09999999999999999,67.74381425642198,67.7603431553972,5.237203501518673e-05,9.27746866799435e-05
FDBH18,2023-07-20 23:29:20,67.71,1.5,0.1,67.735,67.75,0,0,1.5,0.09999999999999999,67.72381425642197,67.74034315539718,5.237203501518673e-05,9.27746866799435e-05
FDBH18,2023-07-20 23:29:24,67.75,1.5,0.1,67.73666666666666,67.74,0,0,1.5,0.09999999999999999,67.76381425642198,67.7762912344095,5.237203501518673e-05,9.27746866799435e-05
FDBH18,2023-07-20 23:29:28,67.74,1.5,0.1,67.745,67.76,0,0,1.5,0.09999999999999999,67.75023679141427,67.7629367544095,5.237203501518673e-05,9.27746866799435e-05
FDBH18,2023-07-20 23:29:31,67.76,1.5,0.1,67.7,67.75,0,0,1.5,0.09999999999999999,67.76741748269814,67.77372564429483,5.237203501518673e-05,9.27746866799435e-05
FDBH18,2023-07-20 23:29:35,67.69,1.5,0.1,67.60666666666667,67.66,0,0,1.5,0.09999999999999999,67.6929039114742,67.70204120096699,5.237203501518673e-05,9.27746866799435e-05
FDBH18,2023-07-20 23:29:39,67.59,1.5,0.1,67.565,67.58,0,0,1.5,0.09999999999999999,67.58671344152503,67.59122554648826,5.237203501518673e-05,9.27746866799435e-05
FDBH18,2023-07-20 23:29:43,67.57,1.5,0.1,67.54666666666667,67.55,0,0,1.5,0.09999999999999999,67.55739399389843,67.56879529096895,4.655476980739675e-05,9.27746866799435e-05
FDBH18,2023-07-20 23:29:47,67.54,1.5,0.1,67.55333333333333,67.58,0,0,1.5,0.09999999999999999,67.52399119862437,67.53827402256236,4.655476980739675e-05,9.27746866799435e-05
FDBH18,2023-07-20 23:29:51,67.55,1.5,0.1,67.54166666666667,67.58,0,0,1.5,0.09999999999999999,67.53389613564609,67.54736382102695,4.655476980739675e-05,9.27746866799435e-05
FDBH18,2023-07-20 23:29:55,67.54,1.5,0.1,67.50833333333333,67.52,0,0,1.5,0.09999999999999999,67.5238961356461,67.53815648771777,4.655476980739675e-05,9.27746866799435e-05
FDBH18,2023-07-20 23:29:59,67.52,1.5,0.1,67.44333333333333,67.52,0,0,1.5,0.09999999999999999,67.50399119862436,67.51827402256235,4.655476980739675e-05,9.27746866799435e-05
FDBH18,2023-07-20 23:30:03,67.43,1.5,0.1,67.345,67.4,0,0,1.5,0.09999999999999999,67.416920794668,67.4282081618562,4.655476980739675e-05,9.27746866799435e-05
FDBH18,2023-07-20 23:30:07,67.33,1.5,0.1,67.25,67.32,0,0,1.5,0.09999999999999999,67.316920794668,67.3282081618562,4.655476980739675e-05,9.27746866799435e-05
FDBH18,2023-07-20 23:30:11,67.25,1.5,0.1,67.02833333333334,67.23,0,0,1.5,0.09999999999999999,67.2329250954123,67.24609921822345,4.655476980739675e-05,9.27746866799435e-05
FDBH18,2023-07-20 23:30:15,67.0,1.5,0.1,66.69333333333333,66.9,0,0,1.5,0.09999999999999999,66.97235206887113,66.99045239572736,5.323765063871537e-05,9.27746866799435e-05
FDBH18,2023-07-20 23:30:19,66.66,1.5,0.1,66.36999999999999,66.57,0,0,1.5,0.09999999999999999,66.58848458397378,66.64571808339319,5.678469037344659e-05,9.27746866799435e-05
FDBH18,2023-07-20 23:30:22,66.4,1.5,0.1,66.17333333333333,66.33,0,0,1.5,0.09999999999999999,66.32448025009883,66.38328052027009,6.0499035732917626e-05,9.27746866799435e-05
FDBH18,2023-07-20 23:30:26,66.14,1.5,0.1,65.92666666666666,66.09,0,0,1.5,0.09999999999999999,66.04934080506561,66.12048010028012,6.615581093760811e-05,9.27746866799435e-05
FDBH18,2023-07-20 23:30:30,65.89,1.5,0.1,65.71333333333332,65.83,0,0,1.5,0.09999999999999999,65.79934080506561,65.86020701555307,6.718575412643781e-05,0.00011238235429642242
FDBH18,2023-07-20 23:30:34,65.69,1.5,0.1,65.54833333333333,65.64,0,0,1.5,0.09999999999999999,65.59509242560213,65.66020701555307,6.718575412643781e-05,0.00011238235429642242
FDBH18,2023-07-20 23:30:38,65.53,1.5,0.1,65.39666666666668,65.49,0,0,1.5,0.09999999999999999,65.43509242560214,65.50020701555307,6.718575412643781e-05,0.00011238235429642242
FDBH18,2023-07-20 23:30:42,65.38,1.5,0.1,65.26666666666667,65.34,0,0,1.5,0.09999999999999999,65.28509242560213,65.35020701555307,6.718575412643781e-05,0.00011238235429642242
FDBH18,2023-07-20 23:30:46,65.25,1.5,0.1,65.16333333333334,65.24,0,0,1.5,0.09999999999999999,65.15509242560213,65.22446875539515,6.615581093760811e-05,9.27746866799435e-05
FDBH18,2023-07-20 23:30:50,65.15,1.5,0.1,65.07666666666667,65.12,0,0,1.5,0.09999999999999999,65.06821185158614,65.13048010028012,6.615581093760811e-05,9.27746866799435e-05
FDBH18,2023-07-20 23:30:54,65.07,1.5,0.1,65.05,65.06,0,0,1.5,0.09999999999999999,64.992121619289,65.05328052027008,6.0499035732917626e-05,9.27746866799435e-05
FDBH18,2023-07-20 23:30:58,65.04,1.5,0.1,65.07666666666667,65.11,0,0,1.5,0.09999999999999999,64.96212161928901,65.02481239339092,6.0499035732917626e-05,9.27746866799435e-05
FDBH18,2023-07-20 23:31:02,65.08,1.5,0.1,65.12166666666667,65.15,0,0,1.5,0.09999999999999999,65.04355447552771,65.06605077284281,5.678469037344659e-05,9.27746866799435e-05
FDBH18,2023-07-20 23:31:06,65.13,1.5,0.1,65.185,65.23,0,0,1.5,0.09999999999999999,65.10424181752475,65.12134629229176,5.525801213112271e-05,9.27746866799435e-05
FDBH18,2023-07-20 23:31:09,65.19,1.5,0.1,65.23333333333333,65.27,0,0,1.5,0.09999999999999999,65.17578588429973,65.18736382102695,4.655476980739675e-05,9.27746866799435e-05
FDBH18,2023-07-20 23:31:13,65.24,1.5,0.1,65.29,65.32,0,0,1.5,0.09999999999999999,65.24105125844045,65.24300821955534,4.8226295509580173e-05,9.27746866799435e-05
FDBH18,2023-07-20 23:31:17,65.29,1.5,0.1,65.34166666666667,65.38,0,0,1.5,0.09999999999999999,65.30665972390621,65.3203431553972,4.8226295509580173e-05,9.27746866799435e-05
FDBH18,2023-07-20 23:31:21,65.36,1.5,0.1,65.39666666666668,65.42,0,0,1.5,0.09999999999999999,65.38850488513923,65.40403690835625,4.8226295509580173e-05,9.27746866799435e-05
FDBH18,2023-07-20 23:31:25,65.4,1.5,0.1,65.44333333333334,65.48,0,0,1.5,0.09999999999999999,65.43108107632426,65.45217142603472,4.8226295509580173e-05,9.27746866799435e-05
FDBH18,2023-07-20 23:31:29,65.45,1.5,0.1,65.48333333333333,65.51,0,0,1.5,0.09999999999999999,65.48108107632426,65.50217142603472,4.8226295509580173e-05,9.27746866799435e-05
FDBH18,2023-07-20 23:31:33,65.49,1.5,0.1,65.53166666666667,65.56,0,0,1.5,0.09999999999999999,65.52108107632425,65.54217142603471,4.8226295509580173e-05,9.27746866799435e-05
FDBH18,2023-07-20 23:31:37,65.53,1.5,0.1,65.57833333333333,65.61,0,0,1.5,0.09999999999999999,65.5604962166607,65.57637315038825,4.8226295509580173e-05,9.27746866799435e-05
FDBH18,2023-07-20 23:31:41,65.59,1.5,0.1,65.61999999999999,65.64,0,0,1.5,0.09999999999999999,65.61934796429009,65.63637315038825,4.8226295509580173e-05,9.27746866799435e-05
FDBH18,2023-07-20 23:31:45,65.62,1.5,0.1,65.655,65.68,0,0,1.5,0.09999999999999999,65.64934796429009,65.66637315038825,4.8226295509580173e-05,9.27746866799435e-05
FDBH18,2023-07-20 23:31:49,65.65,1.5,0.1,65.68333333333332,65.71,0,0,1.5,0.09999999999999999,65.67934796429009,65.69403690835625,4.8226295509580173e-05,9.27746866799435e-05
FDBH18,2023-07-20 23:31:53,65.71,1.5,0.1,65.68333333333334,65.7,0,0,1.5,0.09999999999999999,65.73580399369095,65.75223690835624,4.8226295509580173e-05,9.27746866799435e-05
FDBH18,2023-07-20 23:31:57,65.67,1.5,0.1,65.695,65.71,0,0,1.5,0.09999999999999999,65.68963253889096,65.71223690835625,4.8226295509580173e-05,9.27746866799435e-05
FDBH18,2023-07-20 23:32:00,65.69,1.5,0.1,65.70333333333333,65.71,0,0,1.5,0.09999999999999999,65.7073933416016,65.72034315539719,4.8226295509580173e-05,9.27746866799435e-05
FDBH18,2023-07-20 23:32:04,65.7,1.5,0.1,65.71666666666668,65.74,0,0,1.5,0.09999999999999999,65.7166597239062,65.7303431553972,5.237203501518673e-05,9.27746866799435e-05
FDBH18,2023-07-20 23:32:08,65.72,1.5,0.1,65.72166666666666,65.74,0,0,1.5,0.09999999999999999,65.73352300190517,65.7440287544095,5.237203501518673e-05,9.27746866799435e-05
FDBH18,2023-07-20 23:32:12,65.73,1.5,0.1,65.71833333333335,65.73,0,0,1.5,0.09999999999999999,65.73837320152872,65.7440358182811,5.237203501518673e-05,9.27746866799435e-05
FDBH18,2023-07-20 23:32:16,65.72,1.5,0.1,65.72833333333334,65.74,0,0,1.5,0.09999999999999999,65.72486723926649,65.73407267106452,5.237203501518673e-05,9.27746866799435e-05
FDBH18,2023-07-20 23:32:20,65.74,1.5,0.1,65.71833333333333,65.73,0,0,1.5,0.09999999999999999,65.74385963030478,65.74990068537667,5.237203501518673e-05,9.27746866799435e-05
FDBH18,2023-07-20 23:32:24,65.71,1.5,0.1,65.72833333333334,65.75,0,0,1.5,0.09999999999999999,65.71189803776736,65.719857366667,5.237203501518673e-05,9.27746866799435e-05
FDBH18,2023-07-20 23:32:28,65.74,1.5,0.1,65.74333333333334,65.75,0,0,1.5,0.09999999999999999,65.74189803776736,65.74552561695415,5.237203501518673e-05,9.27746866799435e-05
FDBH18,2023-07-20 23:32:32,65.75,1.5,0.1,65.745,65.75,0,0,1.5,0.09999999999999999,65.75189803776736,65.75552561695416,5.237203501518673e-05,9.27746866799435e-05
FDBH18,2023-07-20 23:32:36,65.74,1.5,0.1,65.745,65.75,0,0,1.5,0.09999999999999999,65.74189803776736,65.74788784262778,5.237203501518673e-05,9.27746866799435e-05
FDBH18,2023-07-20 23:32:40,65.75,1.5,0.1,65.74333333333334,65.75,0,0,1.5,0.09999999999999999,65.75189803776736,65.75552561695416,5.237203501518673e-05,9.27746866799435e-05
FDBH18,2023-07-20 23:32:44,65.75,1.5,0.1,65.73166666666668,65.75,0,0,1.5,0.09999999999999999,65.75189803776736,65.75788784262778,5.237203501518673e-05,9.27746866799435e-05
FDBH18,2023-07-20 23:32:47,65.74,1.5,0.1,65.73,65.74,0,0,1.5,0.09999999999999999,65.74189803776736,65.74735984262779,5.237203501518673e-05,9.27746866799435e-05
FDBH18,2023-07-20 23:32:51,65.73,1.5,0.1,65.74166666666666,65.76,0,0,1.5,0.09999999999999999,65.73108673020138,65.7334248875476,5.237203501518673e-05,9.27746866799435e-05
FDBH18,2023-07-20 23:32:55,65.73,1.5,0.1,65.75833333333333,65.77,0,0,1.5,0.09999999999999999,65.73018406717037,65.73266249209672,5.237203501518673e-05,9.27746866799435e-05
FDBH18,2023-07-20 23:32:59,65.77,1.5,0.1,65.78000000000002,65.8,0,0,1.5,0.09999999999999999,65.77018406717036,65.77266249209671,5.237203501518673e-05,9.27746866799435e-05
FDBH18,2023-07-20 23:33:03,65.78,1.5,0.1,65.795,65.82,0,0,1.5,0.09999999999999999,65.78189803776736,65.78694307136632,5.237203501518673e-05,9.27746866799435e-05
FDBH18,2023-07-20 23:33:07,65.8,1.5,0.1,65.81666666666666,65.83,0,0,1.5,0.09999999999999999,65.80385963030479,65.81216478518877,5.237203501518673e-05,9.27746866799435e-05
FDBH18,2023-07-20 23:33:11,65.82,1.5,0.1,65.82999999999998,65.84,0,0,1.5,0.09999999999999999,65.8270687779084,65.83554890907484,5.237203501518673e-05,9.27746866799435e-05
FDBH18,2023-07-20 23:33:15,65.82,1.5,0.1,65.82166666666667,65.84,0,0,1.5,0.09999999999999999,65.83023679141426,65.8429367544095,5.237203501518673e-05,9.27746866799435e-05
FDBH18,2023-07-20 23:33:19,65.82,1.5,0.1,65.82166666666667,65.84,0,0,1.5,0.09999999999999999,65.83023679141426,65.8429367544095,5.237203501518673e-05,9.27746866799435e-05
FDBH18,2023-07-20 23:33:23,65.82,1.5,0.1,65.84500000000001,65.87,0,0,1.5,0.09999999999999999,65.82611305907783,65.83372564429482,5.237203501518673e-05,9.27746866799435e-05
FDBH18,2023-07-20 23:33:27,65.84,1.5,0.1,65.87166666666667,65.89,0,0,1.5,0.09999999999999999,65.84391152043591,65.85407267106453,5.237203501518673e-05,9.27746866799435e-05
FDBH18,2023-07-20 23:33:31,65.88,1.5,0.1,65.90166666666666,65.93,0,0,1.5,0.09999999999999999,65.8839115204359,65.89407267106452,5.237203501518673e-05,9.27746866799435e-05
FDBH18,2023-07-20 23:33:35,65.91,1.5,0.1,65.91166666666666,65.93,0,0,1.5,0.09999999999999999,65.91611305907783,65.92372564429482,5.237203501518673e-05,9.27746866799435e-05
FDBH18,2023-07-20 23:33:38,65.91,1.5,0.1,65.90666666666665,65.93,0,0,1.5,0.09999999999999999,65.91611305907783,65.9240358182811,5.237203501518673e-05,9.27746866799435e-05
FDBH18,2023-07-20 23:33:42,65.9,1.5,0.1,65.90666666666665,65.91,0,0,1.5,0.09999999999999999,65.91023679141428,65.9229367544095,5.237203501518673e-05,9.27746866799435e-05
FDBH18,2023-07-20 23:33:46,65.91,1.5,0.1,65.90333333333332,65.91,0,0,1.5,0.09999999999999999,65.92023679141427,65.9329367544095,5.237203501518673e-05,9.27746866799435e-05
FDBH18,2023-07-20 23:33:50,65.9,1.5,0.1,65.91166666666666,65.92,0,0,1.5,0.09999999999999999,65.90611305907784,65.9140358182811,5.237203501518673e-05,9.27746866799435e-05
FDBH18,2023-07-20 23:33:54,65.91,1.5,0.1,65.915,65.92,0,0,1.5,0.09999999999999999,65.9129039114742,65.92250622008723,5.237203501518673e-05,9.27746866799435e-05
FDBH18,2023-07-20 23:33:58,65.92,1.5,0.1,65.91666666666667,65.92,0,0,1.5,0.09999999999999999,65.92094231893678,65.92810257863,5.237203501518673e-05,9.27746866799435e-05
FDBH18,2023-07-20 23:34:02,65.91,1.5,0.1,65.92500000000001,65.93,0,0,1.5,0.09999999999999999,65.91013745393978,65.91342488754759,5.237203501518673e-05,9.27746866799435e-05
FDBH18,2023-07-20 23:34:06,65.93,1.5,0.1,65.92333333333335,65.93,0,0,1.5,0.09999999999999999,65.93094231893679,65.93388682601221,5.237203501518673e-05,9.27746866799435e-05
FDBH18,2023-07-20 23:34:10,65.92,1.5,0.1,65.92833333333334,65.94,0,0,1.5,0.09999999999999999,65.92094231893678,65.92388682601221,5.237203501518673e-05,9.27746866799435e-05
FDBH18,2023-07-20 23:34:14,65.93,1.5,0.1,65.91833333333334,65.93,0,0,1.5,0.09999999999999999,65.93094231893679,65.93788784262779,5.237203501518673e-05,9.27746866799435e-05
FDBH18,2023-07-20 23:34:18,65.92,1.5,0.1,65.89666666666666,65.91,0,0,1.5,0.09999999999999999,65.92094231893678,65.9273598426278,5.237203501518673e-05,9.27746866799435e-05
FDBH18,2023-07-20 23:34:22,65.88,1.5,0.1,65.885,65.89,0,0,1.5,0.09999999999999999,65.87922834833978,65.88322960129777,5.237203501518673e-05,9.27746866799435e-05
FDBH18,2023-07-20 23:34:25,65.89,1.5,0.1,65.88,65.89,0,0,1.5,0.09999999999999999,65.89015617319318,65.89153933670303,5.237203501518673e-05,9.27746866799435e-05
FDBH18,2023-07-20 23:34:29,65.87,1.5,0.1,65.88,65.89,0,0,1.5,0.09999999999999999,65.86677092038275,65.86983267284577,5.237203501518673e-05,9.27746866799435e-05
FDBH18,2023-07-20 23:34:33,65.88,1.5,0.1,65.86833333333334,65.88,0,0,1.5,0.09999999999999999,65.87638773054672,65.87962823178543,5.237203501518673e-05,9.27746866799435e-05
FDBH18,2023-07-20 23:34:37,65.87,1.5,0.1,65.86166666666666,65.87,0,0,1.5,0.09999999999999999,65.86546252705318,65.86981734489011,5.237203501518673e-05,9.27746866799435e-05
FDBH18,2023-07-20 23:34:41,65.86,1.5,0.1,65.86666666666666,65.88,0,0,1.5,0.09999999999999999,65.85546252705318,65.8598173448901,5.237203501518673e-05,9.27746866799435e-05
FDBH18,2023-07-20 23:34:45,65.87,1.5,0.1,65.88499999999999,65.9,0,0,1.5,0.09999999999999999,65.86677092038275,65.86969286398185,5.237203501518673e-05,9.27746866799435e-05
FDBH18,2023-07-20 23:34:49,65.88,1.5,0.1,65.89166666666667,65.9,0,0,1.5,0.09999999999999999,65.87902790052166,65.88328732029792,5.237203501518673e-05,9.27746866799435e-05
FDBH18,2023-07-20 23:34:53,65.89,1.5,0.1,65.89499999999998,65.91,0,0,1.5,0.09999999999999999,65.89013745393979,65.89266249209672,5.237203501518673e-05,9.27746866799435e-05
FDBH18,2023-07-20 23:34:57,65.9,1.5,0.1,65.90666666666665,65.91,0,0,1.5,0.09999999999999999,65.90094231893679,65.90388682601221,5.237203501518673e-05,9.27746866799435e-05
FDBH18,2023-07-20 23:35:01,65.9,1.5,0.1,65.92666666666666,65.95,0,0,1.5,0.09999999999999999,65.90094231893679,65.90634885222963,5.237203501518673e-05,9.27746866799435e-05
FDBH18,2023-07-20 23:35:05,65.94,1.5,0.1,65.94166666666666,65.95,0,0,1.5,0.09999999999999999,65.9429039114742,65.94990068537668,5.237203501518673e-05,9.27746866799435e-05
FDBH18,2023-07-20 23:35:09,65.95,1.5,0.1,65.94999999999999,65.96,0,0,1.5,0.09999999999999999,65.95611305907784,65.96407267106453,5.237203501518673e-05,9.27746866799435e-05
FDBH18,2023-07-20 23:35:12,65.95,1.5,0.1,65.96,65.97,0,0,1.5,0.09999999999999999,65.95611305907784,65.96407267106453,5.237203501518673e-05,9.27746866799435e-05
FDBH18,2023-07-20 23:35:16,65.96,1.5,0.1,65.96166666666666,65.97,0,0,1.5,0.09999999999999999,65.96611305907783,65.97407267106452,5.237203501518673e-05,9.27746866799435e-05
FDBH18,2023-07-20 23:35:20,65.96,1.5,0.1,65.92999999999999,65.96,0,0,1.5,0.09999999999999999,65.96611305907783,65.97411735818817,5.237203501518673e-05,9.27746866799435e-05
FDBH18,2023-07-20 23:35:24,65.93,1.5,0.1,65.88833333333334,65.91,0,0,1.5,0.09999999999999999,65.93391152043591,65.94407267106453,5.237203501518673e-05,9.27746866799435e-05
FDBH18,2023-07-20 23:35:28,65.88,1.5,0.1,65.855,65.88,0,0,1.5,0.09999999999999999,65.88013745393978,65.88407500182294,5.237203501518673e-05,9.27746866799435e-05
FDBH18,2023-07-20 23:35:32,65.86,1.5,0.1,65.82666666666667,65.84,0,0,1.5,0.09999999999999999,65.85546252705318,65.86112905633401,5.237203501518673e-05,9.27746866799435e-05
FDBH18,2023-07-20 23:35:36,65.82,1.5,0.1,65.82166666666666,65.83,0,0,1.5,0.09999999999999999,65.80739399389843,65.81871340870167,5.055682504897432e-05,9.27746866799435e-05
FDBH18,2023-07-20 23:35:40,65.82,1.5,0.1,65.84333333333335,65.87,0,0,1.5,0.09999999999999999,65.80692079466799,65.81820816185619,5.055682504897432e-05,9.27746866799435e-05
FDBH18,2023-07-20 23:35:44,65.85,1.5,0.1,65.87,65.88,0,0,1.5,0.09999999999999999,65.83692079466799,65.84820816185619,5.055682504897432e-05,9.27746866799435e-05
FDBH18,2023-07-20 23:35:48,65.87,1.5,0.1,65.88333333333333,65.89,0,0,1.5,0.09999999999999999,65.85851068797567,65.86985932287622,5.055682504897432e-05,9.27746866799435e-05
FDBH18,2023-07-20 23:35:52,65.89,1.5,0.1,65.89166666666667,65.9,0,0,1.5,0.09999999999999999,65.88665364743387,65.89225965578139,5.237203501518673e-05,9.27746866799435e-05
FDBH18,2023-07-20 23:35:56,65.9,1.5,0.1,65.895,65.9,0,0,1.5,0.09999999999999999,65.90094231893679,65.9096533641117,5.237203501518673e-05,9.27746866799435e-05
FDBH18,2023-07-20 23:36:00,65.89,1.5,0.1,65.89999999999999,65.91,0,0,1.5,0.09999999999999999,65.8939115204359,65.90554890907485,5.237203501518673e-05,9.27746866799435e-05
FDBH18,2023-07-20 23:36:03,65.9,1.5,0.1,65.895,65.91,0,0,1.5,0.09999999999999999,65.90611305907784,65.91372564429483,5.237203501518673e-05,9.27746866799435e-05
FDBH18,2023-07-20 23:36:07,65.89,1.5,0.1,65.88166666666666,65.89,0,0,1.5,0.09999999999999999,65.89611305907783,65.90554890907485,5.237203501518673e-05,9.27746866799435e-05
FDBH18,2023-07-20 23:36:11,65.88,1.5,0.1,65.875,65.88,0,0,1.5,0.09999999999999999,65.88094231893677,65.88704782940114,5.237203501518673e-05,9.27746866799435e-05
FDBH18,2023-07-20 23:36:15,65.88,1.5,0.1,65.85833333333333,65.88,0,0,1.5,0.09999999999999999,65.88013745393978,65.88266249209671,5.237203501518673e-05,9.27746866799435e-05
FDBH18,2023-07-20 23:36:19,65.86,1.5,0.1,65.82833333333333,65.83,0,0,1.5,0.09999999999999999,65.86015617319318,65.86514545358594,5.237203501518673e-05,9.27746866799435e-05
FDBH18,2023-07-20 23:36:23,65.83,1.5,0.1,65.81,65.83,0,0,1.5,0.09999999999999999,65.82677092038274,65.8298173448901,5.237203501518673e-05,9.27746866799435e-05
FDBH18,2023-07-20 23:36:27,65.8,1.5,0.1,65.77333333333333,65.8,0,0,1.5,0.09999999999999999,65.79439207351646,65.80159411107377,5.237203501518673e-05,9.27746866799435e-05
FDBH18,2023-07-20 23:36:31,65.77,1.5,0.1,65.73500000000001,65.75,0,0,1.5,0.09999999999999999,65.75856816683337,65.76933313060971,5.055682504897432e-05,9.27746866799435e-05
FDBH18,2023-07-20 23:36:35,65.73,1.5,0.1,65.72500000000001,65.73,0,0,1.5,0.09999999999999999,65.71739399389844,65.72849659832663,5.055682504897432e-05,9.27746866799435e-05
FDBH18,2023-07-20 23:36:39,65.72,1.5,0.1,65.73,65.74,0,0,1.5,0.09999999999999999,65.706920794668,65.7182081618562,5.055682504897432e-05,9.27746866799435e-05
FDBH18,2023-07-20 23:36:43,65.73,1.5,0.1,65.73833333333333,65.74,0,0,1.5,0.09999999999999999,65.716920794668,65.7282081618562,5.055682504897432e-05,9.27746866799435e-05
FDBH18,2023-07-20 23:36:47,65.74,1.5,0.1,65.74166666666666,65.75,0,0,1.5,0.09999999999999999,65.72739399389843,65.73849659832662,5.055682504897432e-05,9.27746866799435e-05
FDBH18,2023-07-20 23:36:50,65.75,1.5,0.1,65.74166666666666,65.75,0,0,1.5,0.09999999999999999,65.74214011819151,65.75009917196984,5.055682504897432e-05,9.27746866799435e-05
FDBH18,2023-07-20 23:36:54,65.74,1.5,0.1,65.755,65.77,0,0,1.5,0.09999999999999999,65.73638773054672,65.74202483181504,5.237203501518673e-05,9.27746866799435e-05
FDBH18,2023-07-20 23:36:58,65.76,1.5,0.1,65.76333333333332,65.77,0,0,1.5,0.09999999999999999,65.76018406717037,65.76182284250679,5.237203501518673e-05,9.27746866799435e-05
FDBH18,2023-07-20 23:37:02,65.76,1.5,0.1,65.77166666666666,65.78,0,0,1.5,0.09999999999999999,65.76189803776737,65.76788784262779,5.237203501518673e-05,9.27746866799435e-05
FDBH18,2023-07-20 23:37:06,65.77,1.5,0.1,65.77333333333333,65.78,0,0,1.5,0.09999999999999999,65.77189803776736,65.77920170820515,5.237203501518673e-05,9.27746866799435e-05
FDBH18,2023-07-20 23:37:10,65.78,1.5,0.1,65.77833333333332,65.78,0,0,1.5,0.09999999999999999,65.78189803776736,65.78920170820516,5.237203501518673e-05,9.27746866799435e-05
FDBH18,2023-07-20 23:37:14,65.78,1.5,0.1,65.79166666666667,65.81,0,0,1.5,0.09999999999999999,65.78189803776736,65.79095543460554,5.237203501518673e-05,9.27746866799435e-05
FDBH18,2023-07-20 23:37:18,65.79,1.5,0.1,65.79833333333335,65.81,0,0,1.5,0.09999999999999999,65.79094231893679,65.79920170820516,5.237203501518673e-05,9.27746866799435e-05
FDBH18,2023-07-20 23:37:22,65.8,1.5,0.1,65.80666666666667,65.81,0,0,1.5,0.09999999999999999,65.8029039114742,65.809857366667,5.237203501518673e-05,9.27746866799435e-05
FDBH18,2023-07-20 23:37:26,65.81,1.5,0.1,65.81666666666666,65.83,0,0,1.5,0.09999999999999999,65.81094231893678,65.81920170820516,5.237203501518673e-05,9.27746866799435e-05
FDBH18,2023-07-20 23:37:30,65.81,1.5,0.1,65.82833333333333,65.84,0,0,1.5,0.09999999999999999,65.81290391147421,65.81985736666701,5.237203501518673e-05,9.27746866799435e-05
FDBH18,2023-07-20 23:37:34,65.83,1.5,0.1,65.84166666666668,65.85,0,0,1.5,0.09999999999999999,65.8329039114742,65.83990068537668,5.237203501518673e-05,9.27746866799435e-05
FDBH18,2023-07-20 23:37:38,65.84,1.5,0.1,65.86,65.88,0,0,1.51,0.09999999999999999,65.85843774751801,65.8535421230614,5.237203501518673e-05,9.27746866799435e-05
FDBH18,2023-07-20 23:37:41,65.85,1.5,0.1,65.90666666666667,65.98,0,0,1.5833333333333333,0.09999999999999999,65.9503857145632,66.03058610165887,7.036241832402366e-05,9.27746866799435e-05
FDBH18,2023-07-20 23:37:45,65.91,1.6,0.1,66.08833333333334,66.29,0,0,1.78,0.09999999999999999,65.99780173645308,66.37479758507077,0.000330160761366663,0.00010047745842244364
FDBH18,2023-07-20 23:37:49,66.11,1.8,0.1,66.46666666666667,66.76,0,0,2.025,0.09999999999999999,66.33058842762543,66.51937861970485,0.0009079834663763803,0.00010047745842244364
FDBH18,2023-07-20 23:37:53,66.52,2.07,0.1,66.96000000000001,67.3,0,0,2.111666666666667,0.09999999999999999,66.63773705338399,66.75737127117063,0.00021708884813165797,0.00010047745842244364
FDBH18,2023-07-20 23:37:57,67.02,2.08,0.1,67.53166666666665,67.91,0,0,2.17,0.09999999999999999,67.31921103821355,67.43747643719297,0.00031815803099350184,0.00010047745842244364
FDBH18,2023-07-20 23:38:01,67.62,2.21,0.1,68.17166666666667,68.6,0,0,2.3316666666666666,0.09999999999999999,68.0430005570315,68.33672367589823,0.0005882774130546447,0.00010047745842244364
FDBH18,2023-07-20 23:38:05,68.25,2.36,0.1,68.84833333333331,69.27,0,0,2.595,0.09999999999999999,68.69239130229418,68.98385702098756,0.0010800717017695402,0.00011900801411059671
FDBH18,2023-07-20 23:38:09,68.94,2.42,0.1,69.53666666666668,69.98,0,0,3.3216666666666668,0.09999999999999999,70.4844086492087,72.28645589914903,0.0012680178069898818,0.00011497887248971701
FDBH18,2023-07-20 23:38:13,69.62,3.5,0.1,70.32333333333334,70.86,0,0,3.5,0.09999999999999999,69.82621336585943,69.98932986420013,0.0003154923379942779,0.00010663172404576096
FDBH18,2023-07-20 23:38:17,70.44,3.5,0.1,71.135,71.58,0,0,3.5,0.09999999999999999,70.55665593979033,70.65949344632057,0.0004198092986083675,0.00010663172404576096
FDBH18,2023-07-20 23:38:21,71.25,3.5,0.1,71.82166666666666,72.2,0,0,3.5,0.09999999999999999,71.3672711439455,71.47183923489196,0.0005454533364722545,0.00012073799052561817
FDBH18,2023-07-20 23:38:25,71.91,3.5,0.1,72.39666666666666,72.75,0,0,3.5,0.09999999999999999,72.0272711439455,72.13183923489196,0.0005779308921316662,0.00012073799052561817
FDBH18,2023-07-20 23:38:28,72.33,3.5,0.1,72.835,73.25,0,0,3.5,0.09999999999999999,72.4472711439455,72.55183923489196,0.0006337357334051112,0.0001206148542271909
FDBH18,2023-07-20 23:38:32,72.9,3.5,0.1,73.52833333333334,73.99,0,0,3.5,0.09999999999999999,73.11127179161436,73.28090850531309,0.0005581985290517274,0.0001206148542271909
FDBH18,2023-07-20 23:38:36,73.63,3.5,0.1,74.3,74.82,0,0,3.5,0.09999999999999999,73.85491802787432,74.02725526676596,0.0004161242321712007,0.00013036381252816618
FDBH18,2023-07-20 23:38:40,74.38,3.5,0.1,75.11833333333334,75.58,0,0,3.5,0.09999999999999999,74.64312272929655,74.7234606200372,0.00033838690888558743,0.00014098689854838992
FDBH18,2023-07-20 23:38:44,75.25,3.5,0.1,75.73333333333332,75.96,0,0,3.5,0.09999999999999999,75.51392209986246,75.5934606200372,0.00033838690888558743,0.00014098689854838992
FDBH18,2023-07-20 23:38:48,75.82,3.5,0.1,75.97166666666668,76.0,0,0,3.5,0.09999999999999999,76.10225368079556,76.17887211732906,0.00033838690888558743,0.00016760678483385824
FDBH18,2023-07-20 23:38:52,76.0,3.5,0.1,75.86166666666666,76.0,0,0,3.5,0.09999999999999999,76.28539580959979,76.35887211732907,0.00033838690888558743,0.00016760678483385824
FDBH18,2023-07-20 23:38:56,75.85,3.5,0.1,75.45166666666667,75.77,0,0,3.5,0.09999999999999999,76.09243114906064,76.20652632875766,0.0003275573407928406,0.00013132133239198836
FDBH18,2023-07-20 23:39:00,75.39,3.5,0.1,74.88833333333334,75.25,0,0,3.5,0.09999999999999999,75.52327230803652,75.68940889615091,0.00016042576504102693,0.00013132133239198836
FDBH18,2023-07-20 23:39:04,74.81,3.5,0.1,74.365,74.67,0,0,3.5,0.09999999999999999,74.83354749180675,75.02120271384162,0.00016773195709286488,0.00013132133239198836
FDBH18,2023-07-20 23:39:08,74.3,3.5,0.1,73.99166666666666,74.19,0,0,3.5,0.09999999999999999,74.2746869291412,74.33714185125926,0.00013857428587914824,0.00012724299173505274
FDBH18,2023-07-20 23:39:12,73.94,3.5,0.1,73.76166666666667,73.88,0,0,3.5,0.09999999999999999,73.83059866872851,73.92524708625798,0.0001807910457057379,0.00016144777909546124
FDBH18,2023-07-20 23:39:15,73.77,3.5,0.1,73.67166666666667,73.73,0,0,3.5,0.09999999999999999,73.65046588876245,73.74706188930126,0.00022378156686988775,0.00012566864735663488
FDBH18,2023-07-20 23:39:19,73.65,3.5,0.1,73.69333333333333,73.78,0,0,3.5,0.09999999999999999,73.48359569835523,73.62609705043864,0.00022378156686988775,0.00012566864735663488
FDBH18,2023-07-20 23:39:23,73.7,3.5,0.1,73.89833333333333,74.1,0,0,3.5,0.09999999999999999,73.56517408236246,73.67785056806615,0.00022378156686988775,0.00012566864735663488
FDBH18,2023-07-20 23:39:27,73.92,3.5,0.1,74.22333333333333,74.43,0,0,3.5,0.09999999999999999,73.80747311895584,73.89800028123497,0.00015165902396058293,0.00016144777909546124
FDBH18,2023-07-20 23:39:31,74.27,3.5,0.1,74.53833333333334,74.72,0,0,3.5,0.09999999999999999,74.19167922270135,74.28194522883692,0.00014933431707254678,0.0001280145673599291
FDBH18,2023-07-20 23:39:35,74.58,3.5,0.1,74.79666666666667,74.92,0,0,3.5,0.09999999999999999,74.5921049169076,74.65406760638783,0.0001256843194519819,0.00011167949597103567
FDBH18,2023-07-20 23:39:39,74.83,3.5,0.1,74.98333333333333,75.08,0,0,3.5,0.09999999999999999,74.88257894619173,74.95807326427722,0.00015706653287823243,0.0001280145673599291
FDBH18,2023-07-20 23:39:43,75.0,3.5,0.1,75.14999999999999,75.27,0,0,3.5,0.09999999999999999,75.05719217814224,75.15606317558779,0.00014858689405784252,0.0001280145673599291
FDBH18,2023-07-20 23:39:47,75.16,3.5,0.1,75.34,75.46,0,0,3.5,0.09999999999999999,75.21991224086842,75.33452772131463,0.0001604442172990133,0.00012724299173505274
FDBH18,2023-07-20 23:39:51,75.37,3.5,0.1,75.51833333333333,75.62,0,0,3.5,0.09999999999999999,75.43101783076817,75.55118077339365,0.00016877749044988866,0.00012724299173505274
FDBH18,2023-07-20 23:39:55,75.55,3.5,0.1,75.66,75.73,0,0,3.5,0.09999999999999999,75.61101783076816,75.7127162276668,0.00015873760285335656,0.00012724299173505274
FDBH18,2023-07-20 23:39:59,75.68,3.5,0.1,75.75666666666667,75.8,0,0,3.5,0.09999999999999999,75.75011107296726,75.84168455322475,0.00015630440885915558,0.00012724299173505274
FDBH18,2023-07-20 23:40:03,75.77,3.5,0.1,75.81333333333333,75.84,0,0,3.5,0.09999999999999999,75.84010796589929,75.9177194717706,0.0001589632673902656,0.00012724299173505274
FDBH18,2023-07-20 23:40:06,75.81,3.5,0.1,75.83333333333333,75.84,0,0,3.4966666666666675,0.09999999999999999,75.87988638233793,75.95136211574138,0.00014537197234494804,0.00011100636495210822
FDBH18,2023-07-20 23:40:10,75.83,3.5,0.1,75.83166666666666,75.84,0,0,3.4933333333333336,0.09999999999999999,75.9037544683616,75.96590136133175,0.00014818966087823895,0.00011100636495210822
FDBH18,2023-07-20 23:40:14,75.83,3.5,0.1,75.79333333333334,75.83,0,0,3.4949999999999997,0.09999999999999999,75.8992590553819,75.94218569757872,0.0003024272924472022,0.00011100636495210822
FDBH18,2023-07-20 23:40:18,75.78,3.49,0.1,75.735,75.78,0,0,3.4949999999999997,0.09999999999999999,75.82560289272564,75.88644748539993,0.00025510072550309447,0.00011100636495210822
FDBH18,2023-07-20 23:40:22,75.72,3.49,0.1,75.665,75.71,0,0,3.5016666666666665,0.09999999999999999,75.75326826430852,75.78724585284084,0.0002637278880900856,0.00011100636495210822
FDBH18,2023-07-20 23:40:26,75.66,3.5,0.1,75.57833333333333,75.65,0,0,3.5,0.09999999999999999,75.66894869392515,75.6891000584636,0.00025810466531559216,0.00011100636495210822
FDBH18,2023-07-20 23:40:30,75.56,3.5,0.1,75.46333333333332,75.55,0,0,3.4933333333333336,0.09999999999999999,75.53883713029953,75.56516987899856,0.0002507022625902181,0.00011100636495210822
FDBH18,2023-07-20 23:40:34,75.45,3.49,0.1,75.33166666666666,75.41,0,0,3.49,0.09999999999999999,75.41158606187724,75.4531784702104,0.0002507022625902181,0.00011100636495210822
FDBH18,2023-07-20 23:40:38,75.31,3.49,0.1,75.24833333333333,75.29,0,0,3.4883333333333333,0.09999999999999999,75.26848371726923,75.29617103532235,0.00022880492250307107,0.00011100636495210822
FDBH18,2023-07-20 23:40:42,75.24,3.49,0.1,75.2,75.22,0,0,3.49,0.09999999999999999,75.19543520738304,75.22512545241283,0.00024318459098187555,0.00011100636495210822
FDBH18,2023-07-20 23:40:46,75.2,3.49,0.1,75.16166666666668,75.18,0,0,3.486666666666667,0.09999999999999999,75.15320776339459,75.182797875463,0.00024318459098187555,0.00011100636495210822
FDBH18,2023-07-20 23:40:50,75.15,3.48,0.1,75.14833333333333,75.16,0,0,3.486666666666667,0.09999999999999999,75.10481839582448,75.13300379235012,0.00025229697048001135,0.00011100636495210822
FDBH18,2023-07-20 23:40:53,75.15,3.48,0.1,75.13000000000001,75.15,0,0,3.49,0.09999999999999999,75.10520813589204,75.13810749660121,0.00025229697048001135,0.00011100636495210822
FDBH18,2023-07-20 23:40:57,75.13,3.48,0.1,75.11,75.11,0,0,3.4949999999999997,0.09999999999999999,75.09600773166866,75.13466585936557,0.00024307415747183968,0.00011100636495210822
FDBH18,2023-07-20 23:41:01,75.11,3.5,0.1,75.10833333333333,75.11,0,0,3.49,0.09999999999999999,75.07143868674125,75.098853744756,0.00023221161410543826,0.00011100636495210822
FDBH18,2023-07-20 23:41:05,75.1,3.5,0.1,75.10833333333333,75.11,0,0,3.486666666666667,0.09999999999999999,75.07383514233085,75.09091101425031,0.0002664413060349463,0.00011100636495210822
FDBH18,2023-07-20 23:41:09,75.11,3.5,0.1,75.09666666666668,75.11,0,0,3.4850000000000008,0.09999999999999999,75.09077136779929,75.11132664835696,0.0002934726861966972,0.00011100636495210822
FDBH18,2023-07-20 23:41:13,75.1,3.49,0.1,75.10333333333334,75.12,0,0,3.4800000000000004,0.09999999999999999,75.08657339854304,75.10624360818971,0.00026584428694784043,0.000123044729763412
FDBH18,2023-07-20 23:41:17,75.12,3.47,0.1,75.125,75.14,0,0,3.483333333333333,0.09999999999999999,75.11977734040772,75.13858473153171,0.0003243893545811431,0.0001330307587913767
FDBH18,2023-07-20 23:41:21,75.12,3.49,0.1,75.15499999999999,75.2,0,0,3.4933333333333327,0.09999999999999999,75.112522999328,75.12826640278809,0.0003314562164974034,0.0001330307587913767
FDBH18,2023-07-20 23:41:25,75.15,3.48,0.1,75.23833333333333,75.31,0,0,3.5250000000000004,0.09999999999999999,75.15636968545289,75.1915046104899,0.0003314562164974034,0.0001330307587913767
FDBH18,2023-07-20 23:41:29,75.25,3.52,0.1,75.35000000000001,75.42,0,0,3.5316666666666663,0.09999999999999999,75.2612166444404,75.27189112836885,0.0002732493891211926,0.00012923528967048454
FDBH18,2023-07-20 23:41:33,75.37,3.53,0.1,75.46,75.53,0,0,3.535,0.09999999999999999,75.38157954984568,75.41199164990405,0.00025162352785174243,0.00011659132778286553
FDBH18,2023-07-20 23:41:37,75.48,3.54,0.1,75.57000000000001,75.63,0,0,3.535,0.09999999999999999,75.49770302421929,75.56191081187164,0.0002420891137532436,0.00011659132778286553
FDBH18,2023-07-20 23:41:41,75.59,3.53,0.1,75.64666666666666,75.69,0,0,3.5399999999999996,0.09999999999999999,75.64545963763676,75.68943737649685,0.0002512745612480959,0.00011659132778286553
FDBH18,2023-07-20 23:41:44,75.63,3.54,0.1,75.69,75.72,0,0,3.5383333333333336,0.09999999999999999,75.6887047667228,75.7415077233117,0.00030524507114551607,0.00011659132778286553
FDBH18,2023-07-20 23:41:48,75.7,3.54,0.1,75.72666666666667,75.74,0,0,3.5399999999999996,0.09999999999999999,75.75782681329056,75.80725043343232,0.00028083049866889235,0.00011659132778286553
FDBH18,2023-07-20 23:41:52,75.73,3.54,0.1,75.74666666666667,75.75,0,0,3.541666666666666,0.09999999999999999,75.78849995493827,75.83332927983233,0.00028083049866889235,0.00011659132778286553
FDBH18,2023-07-20 23:41:56,75.75,3.54,0.1,75.75166666666667,75.76,0,0,3.535,0.09999999999999999,75.79902102786492,75.86321677478466,0.0002487166115866291,0.00011100636495210822
FDBH18,2023-07-20 23:42:00,75.75,3.54,0.1,75.75666666666666,75.76,0,0,3.5366666666666666,0.09999999999999999,75.7798008154896,75.82751404629194,0.0002486625685314783,0.00011100636495210822
FDBH18,2023-07-20 23:42:04,75.76,3.54,0.1,75.76166666666667,75.77,0,0,3.5399999999999996,0.09999999999999999,75.79079292613982,75.8403731912272,0.0002507022625902181,0.00011100636495210822
FDBH18,2023-07-20 23:42:08,75.77,3.54,0.1,75.76166666666667,75.77,0,0,3.5399999999999996,0.09999999999999999,75.79342620505835,75.82805722542653,0.0002507022625902181,0.00011100636495210822
FDBH18,2023-07-20 23:42:12,75.76,3.54,0.1,75.77166666666668,75.79,0,0,3.536666666666667,0.09999999999999999,75.77626767460875,75.81005730443886,0.00027224896699590175,0.000123044729763412
FDBH18,2023-07-20 23:42:16,75.77,3.54,0.1,75.79166666666667,75.8,0,0,3.5366666666666666,0.09999999999999999,75.78209781366293,75.78530823524851,0.00027224896699590175,0.0001330307587913767
FDBH18,2023-07-20 23:42:20,75.8,3.54,0.1,75.79833333333333,75.8,0,0,3.5366666666666666,0.09999999999999999,75.80922804130388,75.81500189807697,0.00027224896699590175,0.0001330307587913767
FDBH18,2023-07-20 23:42:24,75.8,3.53,0.1,75.795,75.8,0,0,3.5399999999999996,0.09999999999999999,75.80900096981287,75.8150251935946,0.00027224896699590175,0.0001330307587913767
FDBH18,2023-07-20 23:42:28,75.8,3.54,0.1,75.79666666666667,75.81,0,0,3.5433333333333334,0.09999999999999999,75.81256513307812,75.81558317546856,0.00027224896699590175,0.0001330307587913767
FDBH18,2023-07-20 23:42:31,75.8,3.54,0.1,75.80666666666667,75.82,0,0,3.543333333333333,0.09999999999999999,75.81256513307812,75.81558317546856,0.00027224896699590175,0.0001330307587913767
FDBH18,2023-07-20 23:42:35,75.81,3.54,0.1,75.825,75.84,0,0,3.545,0.09999999999999999,75.81914834494887,75.82558317546857,0.00027224896699590175,0.0001330307587913767
FDBH18,2023-07-20 23:42:39,75.82,3.55,0.1,75.83666666666669,75.84,0,0,3.541666666666666,0.09999999999999999,75.83478331613644,75.8355901252078,0.00026919032987495406,0.0001330307587913767
FDBH18,2023-07-20 23:42:43,75.83,3.54,0.1,75.855,75.87,0,0,3.5416666666666665,0.09999999999999999,75.84478331613644,75.84506851230425,0.0002602195309388164,0.0001330307587913767
FDBH18,2023-07-20 23:42:47,75.86,3.54,0.1,75.88,75.89,0,0,3.545,0.09999999999999999,75.87233806158712,75.87506851230425,0.00027224896699590175,0.0001330307587913767
FDBH18,2023-07-20 23:42:51,75.88,3.55,0.1,75.90333333333334,75.92,0,0,3.5383333333333336,0.09999999999999999,75.89313716036366,75.90957502957716,0.0002713983604337438,0.0001330307587913767
FDBH18,2023-07-20 23:42:55,75.91,3.54,0.1,75.92666666666666,75.94,0,0,3.5366666666666666,0.09999999999999999,75.92880509341967,75.96005730443885,0.00027224896699590175,0.000123044729763412
FDBH18,2023-07-20 23:42:59,75.94,3.54,0.1,75.95333333333333,75.98,0,0,3.5416666666666674,0.09999999999999999,75.9581278233652,75.99114930443885,0.00028793635893229266,0.00011100636495210822
FDBH18,2023-07-20 23:43:03,75.96,3.55,0.1,76.0,76.04,0,0,3.5399999999999996,0.09999999999999999,75.97701064732632,76.01114930443885,0.00025961524840285334,0.00011100636495210822
FDBH18,2023-07-20 23:43:07,76.0,3.54,0.1,76.10166666666666,76.21,0,0,3.543333333333333,0.09999999999999999,76.02284241122393,76.05400530443885,0.00028793635893229266,0.00011100636495210822
FDBH18,2023-07-20 23:43:11,76.11,3.54,0.1,76.29833333333333,76.44,0,0,3.541666666666666,0.09999999999999999,76.13298978635991,76.16805722542654,0.0002507022625902181,0.00011100636495210822
FDBH18,2023-07-20 23:43:15,76.33,3.54,0.1,76.52499999999999,76.66,0,0,3.5399999999999996,0.09999999999999999,76.36051991464691,76.41617146687366,0.00025205266156739625,0.00011100636495210822
FDBH18,2023-07-20 23:43:19,76.55,3.54,0.1,76.725,76.83,0,0,3.536666666666667,0.09999999999999999,76.59987423084934,76.66321677478466,0.0002496387053724491,0.00011100636495210822
FDBH18,2023-07-20 23:43:22,76.7,3.54,0.1,76.84166666666667,76.92,0,0,3.5366666666666666,0.09999999999999999,76.76897001181946,76.81269294956638,0.000311514588793295,0.00011100636495210822
FDBH18,2023-07-20 23:43:26,76.86,3.54,0.1,76.955,77.01,0,0,3.5450000000000004,0.09999999999999999,76.92515225866406,77.00062908626037,0.000329438348854644,0.00011100636495210822
FDBH18,2023-07-20 23:43:30,76.97,3.56,0.1,77.02666666666666,77.07,0,0,3.543333333333333,0.09999999999999999,77.04418237663553,77.11698644228962,0.00036566689975247506,0.00011100636495210822
FDBH18,2023-07-20 23:43:34,77.03,3.54,0.1,77.07499999999999,77.1,0,0,3.5416666666666665,0.09999999999999999,77.10224341723686,77.17366391804835,0.00035792679199095974,0.00012724299173505274
FDBH18,2023-07-20 23:43:38,77.08,3.54,0.1,77.09666666666668,77.1,0,0,3.543333333333333,0.09999999999999999,77.13813094801763,77.21236072003637,0.0003255761925458798,0.00011100636495210822
FDBH18,2023-07-20 23:43:42,77.1,3.54,0.1,77.10833333333333,77.12,0,0,3.543333333333333,0.09999999999999999,77.1619990340413,77.22689996562674,0.00033188555016933573,0.00011100636495210822
FDBH18,2023-07-20 23:43:46,77.11,3.55,0.1,77.12,77.12,0,0,3.5399999999999996,0.09999999999999999,77.15040774638288,77.2002892915338,0.0003125533117867422,0.00011100636495210822
FDBH18,2023-07-20 23:43:50,77.12,3.54,0.1,77.12,77.12,0,0,3.543333333333333,0.09999999999999999,77.14190110044602,77.18573846927788,0.00025205266156739625,0.00011100636495210822
FDBH18,2023-07-20 23:43:54,77.12,3.55,0.1,77.11500000000001,77.12,0,0,3.5416666666666665,0.09999999999999999,77.137121602972,77.16958171159942,0.00025126513988093645,0.00011100636495210822
FDBH18,2023-07-20 23:43:58,77.12,3.54,0.1,77.10666666666667,77.11,0,0,3.543333333333333,0.09999999999999999,77.12994542786275,77.15071630684308,0.00027224896699590175,0.00011100636495210822
FDBH18,2023-07-20 23:44:02,77.1,3.55,0.1,77.10333333333334,77.11,0,0,3.5416666666666665,0.09999999999999999,77.10463398355972,77.11887316679773,0.0002713983604337438,0.0001330307587913767
FDBH18,2023-07-20 23:44:06,77.1,3.54,0.1,77.10333333333334,77.11,0,0,3.546666666666667,0.09999999999999999,77.10006221133278,77.11046679985442,0.00027224896699590175,0.0001330307587913767
FDBH18,2023-07-20 23:44:09,77.1,3.55,0.1,77.11166666666666,77.12,0,0,3.548333333333334,0.09999999999999999,77.09814310085164,77.10152268082625,0.00027224896699590175,0.0001330307587913767
FDBH18,2023-07-20 23:44:13,77.11,3.55,0.1,77.13,77.14,0,0,3.545,0.09999999999999999,77.10817395905882,77.1107207422252,0.00027224896699590175,0.0001330307587913767
FDBH18,2023-07-20 23:44:17,77.14,3.54,0.1,77.13499999999999,77.14,0,0,3.545,0.09999999999999999,77.13794688756781,77.14115653017514,0.00027224896699590175,0.0001330307587913767
FDBH18,2023-07-20 23:44:21,77.14,3.55,0.1,77.125,77.13,0,0,3.546666666666667,0.09999999999999999,77.14043665795978,77.14075049976222,0.00027224896699590175,0.0001330307587913767
FDBH18,2023-07-20 23:44:25,77.12,3.55,0.1,77.12333333333333,77.13,0,0,3.543333333333333,0.09999999999999999,77.12043665795979,77.13091176722816,0.00027224896699590175,0.0001330307587913767
FDBH18,2023-07-20 23:44:29,77.12,3.54,0.1,77.11500000000001,77.12,0,0,3.543333333333333,0.09999999999999999,77.12043665795979,77.13130615060749,0.00027224896699590175,0.0001330307587913767
FDBH18,2023-07-20 23:44:33,77.11,3.54,0.1,77.10666666666667,77.11,0,0,3.5399999999999996,0.09999999999999999,77.11043665795978,77.11468100786654,0.00027224896699590175,0.0001330307587913767
FDBH18,2023-07-20 23:44:37,77.11,3.54,0.1,77.09166666666667,77.1,0,0,3.5450000000000004,0.09999999999999999,77.10937435016064,77.11195846877618,0.0003060555646128032,0.0001330307587913767
FDBH18,2023-07-20 23:44:41,77.09,3.55,0.1,77.075,77.09,0,0,3.5483333333333333,0.09999999999999999,77.08565020015925,77.0927017106017,0.0003142673120280123,0.0001330307587913767
FDBH18,2023-07-20 23:44:45,77.07,3.55,0.1,77.92,79.48,0,0,3.533333333333333,0.09999999999999999,77.06290204996613,77.07446184661052,0.00027688575598638855,0.0001330307587913767
FDBH18,2023-07-20 23:44:49,77.96,3.51,0.1,80.63166666666666,82.5,0,0,3.5366666666666666,0.09999999999999999,77.97684380468448,78.01161797751539,0.00026514843053583603,0.00011100636495210822
FDBH18,2023-07-20 23:44:53,81.05,3.54,0.1,83.61666666666666,85.32,0,0,3.5416666666666665,0.09999999999999999,81.13517272308674,81.30003690014665,0.0003860524448929565,0.00013132133239198836
FDBH18,2023-07-20 23:44:56,83.29,3.54,0.1,85.47666666666667,86.64,0,0,3.545,0.09999999999999999,83.46383303333933,83.627789799481,0.0003972450066452293,0.00013132133239198836
FDBH18,2023-07-20 23:45:00,85.82,3.54,0.1,87.03666666666668,87.62,0,0,3.5483333333333333,0.09999999999999999,86.05108900064681,86.21479465016382,0.000489061856986185,0.00019767632584398676
FDBH18,2023-07-20 23:45:04,87.25,3.55,0.1,87.71333333333332,87.83,0,0,3.545,0.09999999999999999,87.46814880433536,87.67612758540783,0.000985444813479843,0.00019767632584398676
FDBH18,2023-07-20 23:45:08,87.8,3.54,0.1,87.69833333333334,87.83,0,0,3.545,0.09999999999999999,87.85636074846052,88.19031295499799,0.0026864060703618996,0.00031292504715369965
FDBH18,2023-07-20 23:45:12,87.69,3.54,0.1,87.30333333333334,87.59,0,0,3.543333333333333,0.09999999999999999,87.74658781995151,88.08286295790991,0.0026864060703618996,0.00031292504715369965
FDBH18,2023-07-20 23:45:16,87.25,3.54,0.1,86.86,87.13,0,0,3.5366666666666666,0.09999999999999999,87.44609448790595,87.68162415623787,0.0008957556848250434,0.00031292504715369965
FDBH18,2023-07-20 23:45:20,86.8,3.53,0.1,86.49333333333334,86.7,0,0,3.5416666666666665,0.09999999999999999,86.95706276863018,87.21356950213193,0.0004757854333512951,0.00022686714808790325
FDBH18,2023-07-20 23:45:24,86.45,3.55,0.1,86.19333333333333,86.37,0,0,3.5433333333333334,0.09999999999999999,86.52928841954808,86.72828222938752,0.0004357041293688795,0.0001507150035384616
FDBH18,2023-07-20 23:45:28,86.16,3.55,0.1,85.93666666666667,86.09,0,0,3.541666666666666,0.09999999999999999,86.0848780687363,86.20999855392795,0.0003385310918138579,0.0001507150035384616
FDBH18,2023-07-20 23:45:32,85.9,3.54,0.1,85.68166666666667,85.84,0,0,3.5399999999999996,0.09999999999999999,85.71643662087361,85.8658377520494,0.0003404314660831301,0.0001507150035384616
FDBH18,2023-07-20 23:45:36,85.65,3.54,0.1,85.41833333333334,85.58,0,0,3.543333333333333,0.09999999999999999,85.43362867448234,85.57157298382296,0.0004453887784859546,0.0001507150035384616
FDBH18,2023-07-20 23:45:40,85.39,3.54,0.1,85.18666666666665,85.32,0,0,3.546666666666667,0.09999999999999999,85.19424619064597,85.32307359354459,0.0004453887784859546,0.0001507150035384616
FDBH18,2023-07-20 23:45:44,85.16,3.55,0.1,84.98833333333333,85.1,0,0,3.546666666666667,0.09999999999999999,84.97326559217107,85.12360992032593,0.0003327409121970444,0.0001507150035384616
FDBH18,2023-07-20 23:45:47,85.0,3.55,0.1,84.87166666666667,84.96,0,0,3.548333333333334,0.09999999999999999,84.83690300073796,84.94433738023297,0.00032346763600887927,0.0001507150035384616
FDBH18,2023-07-20 23:45:51,84.86,3.55,0.1,84.735,84.82,0,0,3.5483333333333325,0.09999999999999999,84.67915283975945,84.79984947334468,0.00033249775564110005,0.0001507150035384616
FDBH18,2023-07-20 23:45:55,84.72,3.54,0.1,84.62833333333334,84.69,0,0,3.545,0.09999999999999999,84.568424164649,84.65984947334468,0.00034275345048354126,0.0001507150035384616
FDBH18,2023-07-20 23:45:59,84.62,3.54,0.1,84.52999999999999,84.59,0,0,3.541666666666666,0.09999999999999999,84.479415666169,84.57388382899256,0.00030584881332988917,0.0001507150035384616
FDBH18,2023-07-20 23:46:03,84.52,3.54,0.1,84.415,84.49,0,0,3.546666666666667,0.09999999999999999,84.39612878687751,84.47388382899256,0.00031887534010500263,0.0001507150035384616
FDBH18,2023-07-20 23:46:07,84.4,3.55,0.1,84.3,84.37,0,0,3.546666666666667,0.09999999999999999,84.29495007739862,84.35668424898253,0.00026736330760487675,0.0001314836642399453
FDBH18,2023-07-20 23:46:11,84.29,3.55,0.1,84.20166666666667,84.26,0,0,3.543333333333333,0.09999999999999999,84.18495007739863,84.24821612210336,0.00027352948161051737,0.00012840309599600246
FDBH18,2023-07-20 23:46:15,84.19,3.55,0.1,84.11333333333333,84.17,0,0,3.545,0.09999999999999999,84.08942943023496,84.15346673867936,0.00025536396265705866,0.00012840309599600246
FDBH18,2023-07-20 23:46:19,84.1,3.54,0.1,83.99833333333333,84.08,0,0,3.5466666666666664,0.09999999999999999,84.0048740221602,84.06587059172861,0.00026624084200646255,0.00012840309599600246
FDBH18,2023-07-20 23:46:25,83.95,3.54,0.1,83.85166666666667,83.95,0,0,3.548333333333334,0.09999999999999999,83.85502139729618,83.91587059172862,0.0002785281227671327,0.00012840309599600246
FDBH18,2023-07-20 23:46:29,83.81,3.55,0.1,83.72333333333334,83.81,0,0,3.543333333333333,0.09999999999999999,83.69698401881723,83.78223853676269,0.00026714939871177437,0.00012840309599600246
FDBH18,2023-07-20 23:46:33,83.72,3.54,0.1,83.63333333333334,83.67,0,0,3.543333333333333,0.09999999999999999,83.60131235540099,83.68983468371343,0.0002785281227671327,0.00012840309599600246
FDBH18,2023-07-20 23:46:36,83.64,3.55,0.1,83.565,83.63,0,0,3.541666666666666,0.09999999999999999,83.521164980265,83.60983468371343,0.0002452291477989497,0.00012840309599600246
FDBH18,2023-07-20 23:46:40,83.55,3.54,0.1,83.46833333333332,83.53,0,0,3.5433333333333334,0.09999999999999999,83.431164980265,83.51983468371343,0.00026624084200646255,0.00012840309599600246
FDBH18,2023-07-20 23:46:44,83.46,3.54,0.1,83.35000000000001,83.44,0,0,3.5500000000000003,0.09999999999999999,83.340937908774,83.42993711467236,0.00029193826552716427,0.00012840309599600246
FDBH18,2023-07-20 23:46:48,83.34,3.55,0.1,83.22333333333334,83.29,0,0,3.5500000000000003,0.09999999999999999,83.221164980265,83.30993711467237,0.00025536396265705866,0.00012840309599600246
FDBH18,2023-07-20 23:46:52,83.19,3.55,0.1,83.09166666666667,83.19,0,0,3.546666666666667,0.09999999999999999,83.0894958516349,83.16218601213104,0.00026714939871177437,0.00012840309599600246
FDBH18,2023-07-20 23:46:56,83.04,3.55,0.1,82.97833333333332,83.04,0,0,3.546666666666667,0.09999999999999999,82.9394958516349,83.01218601213105,0.00026714939871177437,0.00012840309599600246
FDBH18,2023-07-20 23:47:00,82.97,3.55,0.1,82.87833333333334,82.95,0,0,3.541666666666666,0.09999999999999999,82.89626607127647,82.94218601213105,0.000256618326158072,0.00012840309599600246
FDBH18,2023-07-20 23:47:04,82.87,3.54,0.1,82.785,82.85,0,0,3.5450000000000004,0.09999999999999999,82.79204785419184,82.84218601213105,0.0002785281227671327,0.00012840309599600246
FDBH18,2023-07-20 23:47:08,82.77,3.55,0.1,82.72166666666666,82.75,0,0,3.5500000000000003,0.09999999999999999,82.69838081937328,82.74218601213104,0.00025536396265705866,0.00012840309599600246
FDBH18,2023-07-20 23:47:12,82.71,3.55,0.1,82.70166666666667,82.71,0,0,3.5466666666666664,0.09999999999999999,82.6471258796909,82.68218601213104,0.00024183766169112876,0.00012840309599600246
FDBH18,2023-07-20 23:47:16,82.7,3.54,0.1,82.72166666666668,82.76,0,0,3.543333333333333,0.09999999999999999,82.65156122072324,82.68238546026228,0.00023538881144879816,0.00012840309599600246
FDBH18,2023-07-20 23:47:20,82.72,3.55,0.1,82.81500000000001,82.93,0,0,3.541666666666666,0.09999999999999999,82.67536675264844,82.70774201952413,0.00022893829867946564,0.00012840309599600246
FDBH18,2023-07-20 23:47:24,82.82,3.54,0.1,83.05666666666667,83.29,0,0,3.5416666666666665,0.09999999999999999,82.78780700308677,82.81196652034764,0.0002247302090836872,0.00012840309599600246
FDBH18,2023-07-20 23:47:27,83.0,3.54,0.1,83.395,83.78,0,0,3.541666666666666,0.09999999999999999,82.98306470582112,83.00272907724073,0.0002247302090836872,0.00012840309599600246
FDBH18,2023-07-20 23:47:31,83.44,3.54,0.1,84.08166666666666,84.61,0,0,3.5399999999999996,0.09999999999999999,83.46182192338905,83.52483155833893,0.00023325717134870674,0.00012840309599600246
FDBH18,2023-07-20 23:47:35,84.16,3.54,0.1,84.97166666666666,85.58,0,0,3.5416666666666665,0.09999999999999999,84.22247107146711,84.30237753699438,0.0003731501211896686,0.0001507150035384616
FDBH18,2023-07-20 23:47:39,85.08,3.54,0.1,85.91000000000001,86.45,0,0,3.543333333333333,0.09999999999999999,85.1585693137758,85.28916059804351,0.0003799940771486654,0.0001507150035384616
FDBH18,2023-07-20 23:47:43,86.04,3.54,0.1,86.74333333333334,87.23,0,0,3.5500000000000003,0.09999999999999999,86.16565505217434,86.33474388598401,0.00038371366918810997,0.0001507150035384616
FDBH18,2023-07-20 23:47:47,86.85,3.55,0.1,87.51333333333334,87.96,0,0,3.551666666666667,0.09999999999999999,87.04743092403321,87.19821627898841,0.0006711235980363033,0.0001507150035384616
FDBH18,2023-07-20 23:47:51,87.62,3.55,0.1,88.11333333333334,88.36,0,0,3.5516666666666663,0.09999999999999999,87.86510911139128,87.96563215888243,0.0007363721681932459,0.00019119878254571858
FDBH18,2023-07-20 23:47:55,88.18,3.55,0.1,88.45666666666666,88.61,0,0,3.551666666666667,0.09999999999999999,88.4577573377391,88.52563215888243,0.0007363721681932459,0.00019119878254571858
FDBH18,2023-07-20 23:47:59,88.5,3.55,0.1,88.68166666666666,88.82,0,0,3.548333333333334,0.09999999999999999,88.69136713672464,88.85204022495114,0.0007403366739072751,0.00019119878254571858
FDBH18,2023-07-20 23:48:03,88.7,3.55,0.1,88.86333333333333,88.92,0,0,3.5500000000000003,0.09999999999999999,88.94717586890984,89.05204022495114,0.0006949285728175534,0.00019119878254571858
FDBH18,2023-07-20 23:48:07,88.9,3.55,0.1,88.92,88.94,0,0,3.5483333333333333,0.09999999999999999,89.06761843240552,89.24046158383818,0.0006912070594593294,0.0001507150035384616
FDBH18,2023-07-20 23:48:11,88.93,3.55,0.1,88.77499999999999,88.93,0,0,3.545,0.09999999999999999,89.04612795914669,89.20818927007795,0.0005797500483957395,0.0001507150035384616
FDBH18,2023-07-20 23:48:14,88.84,3.55,0.1,88.52499999999999,88.69,0,0,3.545,0.09999999999999999,88.89233701625162,89.05837666904836,0.0005517433222676508,0.0001507150035384616
FDBH18,2023-07-20 23:48:18,88.52,3.54,0.1,88.11333333333333,88.44,0,0,3.5500000000000003,0.09999999999999999,88.56626228998681,88.67463673543686,0.0005343910492316077,0.0001507150035384616
FDBH18,2023-07-20 23:48:22,88.08,3.55,0.1,87.62833333333333,87.94,0,0,3.5483333333333333,0.09999999999999999,88.07126955917673,88.16184967823557,0.0004016195826635403,0.00012840309599600246
FDBH18,2023-07-20 23:48:26,87.56,3.55,0.1,87.15333333333332,87.44,0,0,3.541666666666666,0.09999999999999999,87.45380921214502,87.55734894082386,0.0003953668085870804,0.0001507150035384616
FDBH18,2023-07-20 23:48:30,87.08,3.54,0.1,86.77666666666669,86.99,0,0,3.546666666666667,0.09999999999999999,86.86715839565736,87.02569486843757,0.0004677518178548162,0.0001507150035384616
FDBH18,2023-07-20 23:48:34,86.73,3.55,0.1,86.495,86.65,0,0,3.5500000000000003,0.09999999999999999,86.49744699767855,86.65794092885703,0.00047319385297827125,0.0001507150035384616
FDBH18,2023-07-20 23:48:38,86.46,3.55,0.1,86.27499999999999,86.4,0,0,3.5483333333333333,0.09999999999999999,86.1807241824073,86.36208264996661,0.00047319385297827125,0.0001507150035384616
FDBH18,2023-07-20 23:48:42,86.25,3.54,0.1,86.08999999999999,86.21,0,0,3.546666666666667,0.09999999999999999,85.9866787877201,86.15208264996662,0.0004890631775989626,0.0001507150035384616
FDBH18,2023-07-20 23:48:46,86.07,3.55,0.1,85.92666666666668,86.01,0,0,3.545,0.09999999999999999,85.85362867448232,85.98565821168212,0.0004483974442681674,0.0001507150035384616
FDBH18,2023-07-20 23:48:50,85.9,3.54,0.1,85.80333333333333,85.88,0,0,3.5500000000000003,0.09999999999999999,85.70424619064597,85.84019512982968,0.0004218013538737614,0.0001507150035384616
FDBH18,2023-07-20 23:48:54,85.79,3.55,0.1,85.68666666666667,85.76,0,0,3.5500000000000003,0.09999999999999999,85.59371451908815,85.73569486843758,0.0003148870636314463,0.0001507150035384616
FDBH18,2023-07-20 23:48:58,85.68,3.55,0.1,85.55666666666667,85.64,0,0,3.5449999999999995,0.09999999999999999,85.51207501216977,85.63524131719717,0.0003100610899843878,0.0001507150035384616
FDBH18,2023-07-20 23:49:01,85.57,3.55,0.1,85.44666666666667,85.54,0,0,3.5433333333333334,0.09999999999999999,85.4190303974644,85.52524131719716,0.00028895557251128765,0.0001507150035384616
FDBH18,2023-07-20 23:49:05,85.43,3.55,0.1,85.22833333333334,85.39,0,0,3.546666666666667,0.09999999999999999,85.31376071983209,85.38804173718714,0.0002710456896279555,0.0001314836642399453
FDBH18,2023-07-20 23:49:09,85.19,3.55,0.1,84.965,85.13,0,0,3.5500000000000003,0.09999999999999999,85.08542509636,85.14856428712831,0.0002710456896279555,0.00012840309599600246
FDBH18,2023-07-20 23:49:13,84.94,3.55,0.1,84.71000000000001,84.87,0,0,3.5483333333333333,0.09999999999999999,84.83557247149598,84.89856428712831,0.0002835546560105226,0.0001314836642399453
FDBH18,2023-07-20 23:49:17,84.67,3.55,0.1,84.48833333333333,84.62,0,0,3.543333333333333,0.09999999999999999,84.53446871813571,84.62576386713835,0.0003100610899843878,0.0001507150035384616
FDBH18,2023-07-20 23:49:21,84.46,3.54,0.1,84.32000000000001,84.41,0,0,3.545,0.09999999999999999,84.30339610545596,84.41576386713834,0.0002871176222640117,0.0001507150035384616
FDBH18,2023-07-20 23:49:25,84.3,3.54,0.1,84.21,84.27,0,0,3.548333333333334,0.09999999999999999,84.13792937137998,84.24621741837875,0.0002871176222640117,0.0001507150035384616
FDBH18,2023-07-20 23:49:29,84.2,3.55,0.1,84.12833333333334,84.18,0,0,3.5449999999999995,0.09999999999999999,84.04766534444389,84.14621741837875,0.0002907903625472231,0.0001507150035384616
FDBH18,2023-07-20 23:49:33,84.12,3.54,0.1,84.06333333333333,84.1,0,0,3.5416666666666665,0.09999999999999999,83.95851166845351,84.07576386713835,0.00027538808759634,0.0001507150035384616
FDBH18,2023-07-20 23:49:37,84.06,3.54,0.1,84.005,84.04,0,0,3.545,0.09999999999999999,83.94950997275149,84.0200026143528,0.0003229033452052743,0.0001507150035384616
FDBH18,2023-07-20 23:49:41,84.0,3.54,0.1,83.92999999999999,83.98,0,0,3.5500000000000003,0.09999999999999999,83.89519802486899,83.96009616024912,0.0003110294651653971,0.00012840309599600246
FDBH18,2023-07-20 23:49:45,83.93,3.55,0.1,83.81166666666667,83.89,0,0,3.5483333333333333,0.09999999999999999,83.84275883509729,83.90626201102435,0.00025536396265705866,0.00012840309599600246
FDBH18,2023-07-20 23:49:49,83.8,3.55,0.1,83.67500000000001,83.76,0,0,3.546666666666667,0.09999999999999999,83.70617008785632,83.78357360261896,0.00025996845476767254,0.00012840309599600246
FDBH18,2023-07-20 23:49:52,83.7,3.55,0.1,83.57666666666667,83.66,0,0,3.5483333333333333,0.09999999999999999,83.60617008785633,83.68464614116667,0.00025996845476767254,0.00012840309599600246
FDBH18,2023-07-20 23:49:56,83.56,3.54,0.1,83.45333333333333,83.53,0,0,3.5500000000000003,0.09999999999999999,83.46594301636533,83.53913531484251,0.00027104140300139335,0.00012840309599600246
FDBH18,2023-07-20 23:50:00,83.43,3.55,0.1,83.35666666666667,83.41,0,0,3.546666666666667,0.09999999999999999,83.32464176026333,83.4014345333059,0.00026714939871177437,0.00012840309599600246
FDBH18,2023-07-20 23:50:04,83.34,3.54,0.1,83.29166666666667,83.33,0,0,3.548333333333334,0.09999999999999999,83.22108528391,83.30500720599498,0.0002785281227671327,0.00012840309599600246
FDBH18,2023-07-20 23:50:08,83.29,3.55,0.1,83.22500000000001,83.27,0,0,3.5466666666666664,0.09999999999999999,83.18970370208142,83.25725610345366,0.00025536396265705866,0.00012840309599600246
FDBH18,2023-07-20 23:50:12,83.22,3.54,0.1,83.14166666666667,83.2,0,0,3.548333333333334,0.09999999999999999,83.1191214050079,83.19218601213105,0.00026624084200646255,0.00012840309599600246
FDBH18,2023-07-20 23:50:16,83.13,3.55,0.1,83.05166666666666,83.11,0,0,3.5483333333333333,0.09999999999999999,83.05040067702903,83.11238546026227,0.00022577206194334589,0.00012840309599600246
FDBH18,2023-07-20 23:50:20,83.03,3.55,0.1,82.98333333333333,83.01,0,0,3.5466666666666664,0.09999999999999999,82.97624311967475,83.01606388683115,0.00024619831983293394,0.00012840309599600246
FDBH18,2023-07-20 23:50:24,82.98,3.55,0.1,82.94500000000001,82.96,0,0,3.545,0.09999999999999999,82.9269852830022,82.96967848080301,0.00023533693405583569,0.00012840309599600246
FDBH18,2023-07-20 23:50:28,82.94,3.55,0.1,82.91333333333334,82.93,0,0,3.5416666666666665,0.09999999999999999,82.8916152986642,82.92281211084673,0.0002477233075401874,0.00012840309599600246
FDBH18,2023-07-20 23:50:32,82.91,3.55,0.1,82.875,82.9,0,0,3.5433333333333334,0.09999999999999999,82.87036035898183,82.89281211084673,0.00023941569438368197,0.00012840309599600246
FDBH18,2023-07-20 23:50:36,82.87,3.55,0.1,82.80666666666666,82.87,0,0,3.545,0.09999999999999999,82.83036035898184,82.85436933307281,0.0002464849245083349,0.00012840309599600246
FDBH18,2023-07-20 23:50:39,82.82,3.55,0.1,82.73333333333333,82.79,0,0,3.545,0.09999999999999999,82.77999676831045,82.80621798574423,0.00023941569438368197,0.00012840309599600246
FDBH18,2023-07-20 23:50:43,82.72,3.55,0.1,82.63833333333334,82.7,0,0,3.541666666666666,0.09999999999999999,82.68309911291846,82.70703661167025,0.0002070394813504644,0.00012840309599600246
FDBH18,2023-07-20 23:50:47,82.63,3.54,0.1,82.54,82.6,0,0,3.5416666666666665,0.09999999999999999,82.58999676831046,82.61621798574423,0.00023941569438368197,0.00012840309599600246
FDBH18,2023-07-20 23:50:51,82.52,3.55,0.1,82.45166666666667,82.5,0,0,3.543333333333333,0.09999999999999999,82.47999676831046,82.5043693330728,0.00023941569438368197,0.00012840309599600246
FDBH18,2023-07-20 23:50:55,82.44,3.54,0.1,82.38,82.42,0,0,3.545,0.09999999999999999,82.39603761553231,82.42347543650838,0.0002590843136291118,0.00012840309599600246
FDBH18,2023-07-20 23:50:59,82.37,3.55,0.1,82.33,82.36,0,0,3.545,0.09999999999999999,82.32551412778443,82.35926926791696,0.0002484997310835762,0.00012840309599600246
FDBH18,2023-07-20 23:51:03,82.33,3.55,0.1,82.29166666666667,82.31,0,0,3.5450000000000004,0.09999999999999999,82.28551412778442,82.31926926791695,0.00025996845476767254,0.00012840309599600246
FDBH18,2023-07-20 23:51:07,82.29,3.55,0.1,82.26166666666667,82.28,0,0,3.5483333333333333,0.09999999999999999,82.24551412778443,82.28034180646466,0.00025996845476767254,0.00012840309599600246
FDBH18,2023-07-20 23:51:11,82.25,3.55,0.1,82.23166666666668,82.25,0,0,3.543333333333333,0.09999999999999999,82.21014414344644,82.23840534518578,0.00025046527795097984,0.00012840309599600246
FDBH18,2023-07-20 23:51:15,82.23,3.54,0.1,82.20833333333333,82.22,0,0,3.5399999999999996,0.09999999999999999,82.1902259346576,82.22114789442163,0.00025046527795097984,0.00012840309599600246
FDBH18,2023-07-20 23:51:19,82.21,3.54,0.1,82.18,82.19,0,0,3.5433333333333334,0.09999999999999999,82.17788879429793,82.20196652034764,0.0002247302090836872,0.00012840309599600246
FDBH18,2023-07-20 23:51:23,82.18,3.55,0.1,82.16333333333334,82.17,0,0,3.548333333333334,0.09999999999999999,82.15470296229795,82.17715923621105,0.0002247302090836872,0.00012840309599600246
FDBH18,2023-07-20 23:51:27,82.17,3.55,0.1,82.145,82.16,0,0,3.546666666666667,0.09999999999999999,82.15017145371259,82.16795190290188,0.0002247302090836872,0.00012840309599600246
FDBH18,2023-07-20 23:51:30,82.15,3.54,0.1,82.13833333333334,82.14,0,0,3.545,0.09999999999999999,82.13194438222159,82.14795190290188,0.0002278051723166863,0.00012840309599600246
FDBH18,2023-07-20 23:51:34,82.14,3.54,0.1,82.125,82.14,0,0,3.541666666666666,0.09999999999999999,82.122792028079,82.14113253477827,0.0002278051723166863,0.00012840309599600246
FDBH18,2023-07-20 23:51:38,82.13,3.54,0.1,82.03666666666666,82.12,0,0,3.5450000000000004,0.09999999999999999,82.11241758145201,82.132073877078,0.0002278051723166863,0.00012840309599600246
FDBH18,2023-07-20 23:51:42,82.04,3.55,0.1,81.84666666666666,81.97,0,0,3.5483333333333333,0.09999999999999999,82.02279202807901,82.04113253477827,0.0002278051723166863,0.00012840309599600246
FDBH18,2023-07-20 23:51:46,81.83,3.55,0.1,81.555,81.78,0,0,3.546666666666667,0.09999999999999999,81.80485033743392,81.82715923621105,0.0002247302090836872,0.00012840309599600246
FDBH18,2023-07-20 23:51:50,81.51,3.54,0.1,81.13,81.42,0,0,3.5483333333333333,0.09999999999999999,81.46887160226653,81.50034180646466,0.00027104140300139335,0.00012840309599600246
FDBH18,2023-07-20 23:51:54,81.07,3.55,0.1,80.59666666666666,80.96,0,0,3.5483333333333333,0.09999999999999999,81.0048502665497,81.03663634593875,0.0002782038827321354,0.000157034227756234
FDBH18,2023-07-20 23:51:58,80.54,3.54,0.1,79.845,80.37,0,0,3.5533333333333332,0.09999999999999999,80.44543021343868,80.51235230884458,0.0003221035843751848,0.00018000202435219584
FDBH18,2023-07-20 23:52:02,79.76,3.55,0.1,78.86666666666666,79.51,0,0,3.5549999999999997,0.09999999999999999,79.62820280377737,79.70117433154134,0.00041665465795776745,0.00018000202435219584
FDBH18,2023-07-20 23:52:06,78.74,3.56,0.1,77.82833333333333,78.48,0,0,3.5500000000000003,0.09999999999999999,78.54178064319649,78.63821761712137,0.0003949033836222544,0.00012566864735663488
FDBH18,2023-07-20 23:52:10,77.69,3.55,0.1,76.79666666666667,77.44,0,0,3.5500000000000003,0.09999999999999999,77.42422006290808,77.58944184420841,0.0004286125254736887,0.00012566864735663488
FDBH18,2023-07-20 23:52:14,76.66,3.55,0.1,75.77499999999999,76.41,0,0,3.5483333333333333,0.09999999999999999,76.35386851333813,76.53544897023619,0.0004286125254736887,0.00012566864735663488
FDBH18,2023-07-20 23:52:17,75.9,3.55,0.1,75.03833333333334,75.64,0,0,3.546666666666667,0.09999999999999999,75.55429589139452,75.763121820623,0.00042084526847657153,0.00012566864735663488
FDBH18,2023-07-20 23:52:21,74.92,3.54,0.1,74.11333333333333,74.68,0,0,3.5500000000000003,0.09999999999999999,74.52479304939553,74.80282503507817,0.0004194142219940728,0.00012940367891741057
FDBH18,2023-07-20 23:52:25,73.99,3.55,0.1,73.28,73.78,0,0,3.5500000000000003,0.09999999999999999,73.60233798435524,73.88529983114194,0.00040228218674505476,0.0001365430087181336
FDBH18,2023-07-20 23:52:29,73.18,3.55,0.1,72.57,72.98,0,0,3.5449999999999995,0.09999999999999999,72.80721920260838,73.07170738205383,0.0004305712782831419,0.0001365430087181336
FDBH18,2023-07-20 23:52:33,72.48,3.54,0.1,72.02666666666666,72.33,0,0,3.543333333333333,0.09999999999999999,72.08694081304684,72.37846259348679,0.0003972018419708607,0.00012940367891741057
FDBH18,2023-07-20 23:52:37,71.96,3.54,0.1,71.60333333333332,71.85,0,0,3.548333333333334,0.09999999999999999,71.58567294475442,71.85925127225164,0.00046429122393658594,0.00012940367891741057
FDBH18,2023-07-20 23:52:41,71.55,3.55,0.1,71.29166666666667,71.46,0,0,3.546666666666667,0.09999999999999999,71.23686029573278,71.46133281842526,0.0004032874694121505,0.00013018835480400797
FDBH18,2023-07-20 23:52:45,71.25,3.55,0.1,71.08666666666666,71.2,0,0,3.545,0.09999999999999999,70.98697591714772,71.17599236910873,0.0003641070181551245,0.00013018835480400797
FDBH18,2023-07-20 23:52:49,71.06,3.55,0.1,70.93833333333333,71.02,0,0,3.5416666666666665,0.09999999999999999,70.8581228595021,70.9813030192471,0.0003783445834783808,0.00011550011466022552
FDBH18,2023-07-20 23:52:53,70.92,3.54,0.1,70.81666666666666,70.89,0,0,3.545,0.09999999999999999,70.75145818253097,70.85087316850405,0.0004195680981221901,0.0001189329604831103
FDBH18,2023-07-20 23:52:57,70.8,3.55,0.1,70.715,70.77,0,0,3.543333333333333,0.09999999999999999,70.67295432572094,70.76055574145764,0.00037784536599532023,0.0001189329604831103
FDBH18,2023-07-20 23:53:01,70.7,3.55,0.1,70.64666666666668,70.68,0,0,3.5399999999999996,0.09999999999999999,70.58495101576317,70.66561093104673,0.000268404940164298,0.00014166279706456284
FDBH18,2023-07-20 23:53:05,70.64,3.54,0.1,70.58666666666667,70.62,0,0,3.543333333333333,0.09999999999999999,70.5572270280295,70.60669769712776,0.0003056068653854999,0.00011694708518518442
FDBH18,2023-07-20 23:53:08,70.6,3.55,0.1,70.54666666666667,70.58,0,0,3.543333333333333,0.09999999999999999,70.52024260183713,70.56949811711772,0.00025911683571612146,0.00010938325225740543
FDBH18,2023-07-20 23:53:12,70.54,3.55,0.1,70.49666666666666,70.53,0,0,3.5416666666666665,0.09999999999999999,70.46466401091622,70.51888312017918,0.00017312002241678834,0.00010938325225740543
FDBH18,2023-07-20 23:53:16,70.49,3.55,0.1,70.42166666666667,70.47,0,0,3.5433333333333334,0.09999999999999999,70.45576044571241,70.48470662465934,0.000175429066181688,0.00010938325225740543
FDBH18,2023-07-20 23:53:20,70.42,3.55,0.1,70.31833333333333,70.39,0,0,3.546666666666667,0.09999999999999999,70.38880895559862,70.41177211578803,0.00017380426095549677,0.00010938325225740543
FDBH18,2023-07-20 23:53:24,70.31,3.54,0.1,70.20499999999998,70.28,0,0,3.5483333333333333,0.09999999999999999,70.27858188410761,70.30177211578803,0.00016634318916143134,0.00010938325225740543
FDBH18,2023-07-20 23:53:28,70.19,3.55,0.1,70.09333333333333,70.16,0,0,3.545,0.09999999999999999,70.15880895559862,70.18177211578802,0.00016847127199258612,0.00010938325225740543
FDBH18,2023-07-20 23:53:32,70.09,3.54,0.1,69.96166666666666,70.05,0,0,3.5449999999999995,0.09999999999999999,70.0556807493574,70.08370857706689,0.00018231268605414076,0.00010938325225740543
FDBH18,2023-07-20 23:53:36,69.94,3.54,0.1,69.85166666666667,69.91,0,0,3.543333333333333,0.09999999999999999,69.90551808078085,69.92886119191014,0.0001749025179060527,0.00010938325225740543
FDBH18,2023-07-20 23:53:40,69.84,3.54,0.1,69.75833333333334,69.82,0,0,3.545,0.09999999999999999,69.78289708284146,69.82248747826371,0.0001790833658813783,0.00010938325225740543
FDBH18,2023-07-20 23:53:44,69.74,3.54,0.1,69.66000000000001,69.72,0,0,3.545,0.09999999999999999,69.6644369394252,69.71888312017917,0.0001790833658813783,0.00010938325225740543
FDBH18,2023-07-20 23:53:48,69.65,3.54,0.1,69.56166666666667,69.62,0,0,3.546666666666667,0.09999999999999999,69.57443693942521,69.62888312017918,0.0001790833658813783,0.00010938325225740543
FDBH18,2023-07-20 23:53:52,69.55,3.55,0.1,69.46166666666666,69.53,0,0,3.546666666666667,0.09999999999999999,69.47466401091621,69.52888312017917,0.00017176656569475965,0.00010938325225740543
FDBH18,2023-07-20 23:53:55,69.45,3.55,0.1,69.39833333333333,69.45,0,0,3.543333333333333,0.09999999999999999,69.39312415433245,69.43248747826371,0.00017176656569475965,0.00010938325225740543
FDBH18,2023-07-20 23:53:59,69.39,3.54,0.1,69.31666666666668,69.37,0,0,3.545,0.09999999999999999,69.35214292157403,69.3744151973931,0.00018734899586644882,0.00010938325225740543
FDBH18,2023-07-20 23:54:03,69.31,3.55,0.1,69.24833333333332,69.29,0,0,3.543333333333333,0.09999999999999999,69.27210228892321,69.29865527502302,0.00016775650575679788,0.00010938325225740543
FDBH18,2023-07-20 23:54:07,69.24,3.55,0.1,69.19166666666666,69.22,0,0,3.5399999999999996,0.09999999999999999,69.20551808078085,69.22886119191014,0.00017431757594100477,0.00010938325225740543
FDBH18,2023-07-20 23:54:11,69.19,3.54,0.1,69.13833333333334,69.17,0,0,3.5450000000000004,0.09999999999999999,69.1555333742214,69.18116652164272,0.00017426921374501809,0.00010938325225740543
FDBH18,2023-07-20 23:54:15,69.13,3.55,0.1,69.085,69.12,0,0,3.545,0.09999999999999999,69.09665838008728,69.12177211578802,0.00017208485222862074,0.00010938325225740543
FDBH18,2023-07-20 23:54:19,69.08,3.55,0.1,69.01833333333333,69.06,0,0,3.545,0.09999999999999999,69.05076197757973,69.07177211578802,0.00016103837210699117,0.00010938325225740543
FDBH18,2023-07-20 23:54:23,69.01,3.55,0.1,68.94666666666666,68.99,0,0,3.548333333333334,0.09999999999999999,68.98090935271573,69.00266601235244,0.00016847127199258612,0.00010938325225740543
FDBH18,2023-07-20 23:54:27,68.94,3.55,0.1,68.88333333333333,68.92,0,0,3.546666666666667,0.09999999999999999,68.91090935271572,68.93266601235243,0.00016847127199258612,0.00010938325225740543
FDBH18,2023-07-20 23:54:31,68.87,3.55,0.1,68.82333333333332,68.86,0,0,3.545,0.09999999999999999,68.84090935271573,68.86266601235243,0.00016847127199258612,0.00010938325225740543
FDBH18,2023-07-20 23:54:35,68.82,3.54,0.1,68.755,68.8,0,0,3.546666666666667,0.09999999999999999,68.7906822812247,68.81266601235242,0.00017564772606640537,0.00010938325225740543
FDBH18,2023-07-20 23:54:39,68.75,3.54,0.1,68.7,68.73,0,0,3.5933333333333333,0.09999999999999999,68.7560273868554,68.7835060655224,0.00017564772606640537,0.00010938325225740543
FDBH18,2023-07-20 23:54:42,68.7,3.58,0.1,68.72,68.79,0,0,3.69,0.09999999999999999,68.74464682391938,68.83105179087025,0.0002313957132405775,0.00010784650906531868
FDBH18,2023-07-20 23:54:46,68.72,3.7,0.1,68.88333333333334,69.05,0,0,3.873333333333333,0.09999999999999999,68.94202225302094,69.14311465577924,0.0004923364633534847,0.00010329587918400692
FDBH18,2023-07-20 23:54:50,68.9,3.91,0.1,69.14999999999999,69.31,0,0,3.9800000000000004,0.09999999999999999,69.00500342196408,69.09882385681291,0.00024259158782584918,0.00012760192106373762
FDBH18,2023-07-20 23:54:54,69.19,3.99,0.1,69.42166666666667,69.6,0,0,4.031666666666667,0.09999999999999999,69.27170057048527,69.40809271134272,0.00027323065268363935,0.00012760192106373762
FDBH18,2023-07-20 23:54:58,69.45,4.03,0.1,69.74166666666666,69.99,0,0,4.206666666666666,0.09999999999999999,69.74202942232611,69.84513188842408,0.0005565990832108736,0.00010822272733144492
FDBH18,2023-07-20 23:55:02,69.77,4.25,0.1,70.15333333333334,70.42,0,0,4.405,0.09999999999999999,70.11855738953507,70.32478037128482,0.0004946874772290687,0.00010822272733144492
FDBH18,2023-07-20 23:55:06,70.21,4.39,0.1,70.55333333333333,70.81,0,0,4.623333333333334,0.09999999999999999,70.56611036469141,70.88319274673977,0.0008488820275919707,0.00010822272733144492
FDBH18,2023-07-20 23:55:10,70.6,4.66,0.1,70.99333333333334,71.3,0,0,4.828333333333333,0.09999999999999999,70.95238188042612,71.28579641184281,0.0007544596270077431,0.00010822272733144492
FDBH18,2023-07-20 23:55:14,71.04,4.86,0.1,71.47,71.77,0,0,5.011666666666667,0.09999999999999999,71.41152230742092,71.7415398605937,0.00094404401066677,0.00010663172404576096
FDBH18,2023-07-20 23:55:18,71.54,5.02,0.1,71.95666666666666,72.27,0,0,5.21,0.09999999999999999,71.91765450624062,72.27406646433771,0.00094404401066677,0.00010663172404576096
FDBH18,2023-07-20 23:55:22,72.01,5.25,0.1,72.45166666666667,72.73,0,0,5.346666666666667,0.09999999999999999,72.40273473747368,72.76731532917404,0.0006673167613968954,0.00010663172404576096
FDBH18,2023-07-20 23:55:26,72.51,5.37,0.1,72.85666666666667,73.05,0,0,5.455000000000001,0.09999999999999999,72.88687303390365,73.2550169567409,0.0007317463571739887,0.00010663172404576096
FDBH18,2023-07-20 23:55:30,72.92,5.48,0.1,73.13333333333333,73.28,0,0,5.488333333333333,0.09999999999999999,73.16473555279984,73.2629142462571,0.0006976444022953246,0.00010663172404576096
FDBH18,2023-07-20 23:55:33,73.09,5.49,0.1,73.29666666666667,73.42,0,0,5.503333333333333,0.09999999999999999,73.33982650833823,73.45242988251883,0.0005510649878442773,0.00010663172404576096
FDBH18,2023-07-20 23:55:37,73.33,5.5,0.1,73.505,73.65,0,0,5.623333333333332,0.09999999999999999,73.75132192238709,74.16324454640107,0.0009218761062904382,0.00010663172404576096
FDBH18,2023-07-20 23:55:41,73.54,5.63,0.1,73.75833333333334,73.93,0,0,5.81,0.09999999999999999,73.96041582711585,74.29972012880035,0.0009981226498551596,0.00010663172404576096
FDBH18,2023-07-20 23:55:45,73.79,5.85,0.1,74.00833333333333,74.15,0,0,5.953333333333333,0.09999999999999999,74.16589529351275,74.49102997653085,0.0005815602993081896,0.00012220014881820468
FDBH18,2023-07-20 23:55:49,74.05,5.96,0.1,74.25833333333334,74.45,0,0,6.1433333333333335,0.09999999999999999,74.43750999774211,74.75102997653084,0.0007988767013357249,0.00012402341265179345
FDBH18,2023-07-20 23:55:53,74.27,6.18,0.1,74.52333333333334,74.67,0,0,6.260000000000001,0.09999999999999999,74.56548239688634,74.75879285569977,0.00044036447575619773,0.00012402341265179345
FDBH18,2023-07-20 23:55:57,74.57,6.28,0.1,74.72833333333334,74.81,0,0,6.286666666666666,0.09999999999999999,74.73056054830026,74.81237000987902,0.00041417567355451254,0.00011755046162751095
FDBH18,2023-07-20 23:56:01,74.76,6.28,0.1,74.815,74.82,0,0,6.291666666666667,0.09999999999999999,74.93266612503942,75.0272394813141,0.00041417567355451254,0.00011755046162751095
FDBH18,2023-07-20 23:56:05,74.82,6.29,0.1,74.82000000000001,74.85,0,0,6.293333333333333,0.09999999999999999,74.98218975344818,75.05356725788204,0.00041417567355451254,0.00011755046162751095
FDBH18,2023-07-20 23:56:09,74.81,6.29,0.1,74.88000000000001,74.92,0,0,6.295000000000001,0.09999999999999999,74.97123969553321,75.02094725015164,0.0003799309382545388,0.00011592921290384041
FDBH18,2023-07-20 23:56:13,74.89,6.3,0.1,74.97166666666668,75.09,0,0,6.3450000000000015,0.09999999999999999,75.03453990622702,75.13618883108805,0.0004400245833821295,0.00012231290030715111
FDBH18,2023-07-20 23:56:17,74.98,6.35,0.1,75.24333333333334,75.5,0,0,6.441666666666667,0.09999999999999999,75.27667519921141,75.3921443828751,0.0004222211116712849,0.00012231290030715111
FDBH18,2023-07-20 23:56:20,75.2,6.44,0.1,75.55666666666667,75.84,0,0,6.491666666666666,0.09999999999999999,75.35524280024066,75.41026875427735,0.0003709226337517891,0.00012231290030715111
FDBH18,2023-07-20 23:56:24,75.59,6.49,0.1,76.05333333333333,76.41,0,0,6.571666666666666,0.09999999999999999,75.83869378106613,75.90642369768719,0.0003709226337517891,0.00012231290030715111
FDBH18,2023-07-20 23:56:28,76.1,6.58,0.1,76.59500000000001,76.9,0,0,6.656666666666666,0.09999999999999999,76.33316996975286,76.39834008260875,0.00042389927945756114,0.00012231290030715111
FDBH18,2023-07-20 23:56:32,76.67,6.67,0.1,77.06166666666667,77.3,0,0,6.683333333333333,0.09999999999999999,76.81675142460107,76.92569758544597,0.00040524653152668535,0.00011592921290384041
FDBH18,2023-07-20 23:56:36,77.13,6.68,0.1,77.42,77.62,0,0,6.69,0.09999999999999999,77.27239012787177,77.40411784174957,0.00050712343890787,0.00011422492802287035
FDBH18,2023-07-20 23:56:40,77.47,6.69,0.1,77.75,77.96,0,0,6.741666666666667,0.09999999999999999,77.71982527753615,77.95693830292736,0.0004666661129665334,0.00012051477962460384
FDBH18,2023-07-20 23:56:44,77.79,6.73,0.1,78.1,78.33,0,0,6.873333333333332,0.09999999999999999,78.16243667461416,78.61341373018614,0.0007807296704917698,0.00012051477962460384
FDBH18,2023-07-20 23:56:48,78.14,6.89,0.1,78.47666666666666,78.7,0,0,6.971666666666667,0.09999999999999999,78.44639140086898,78.79493890538325,0.0004666661129665334,0.00012051477962460384
FDBH18,2023-07-20 23:56:52,78.53,6.98,0.1,78.92833333333333,79.33,0,0,7.126666666666666,0.09999999999999999,78.89401591854818,79.34163815317207,0.0008453121496446268,0.00012051477962460384
FDBH18,2023-07-20 23:56:56,78.97,7.15,0.1,79.645,80.17,0,0,7.38,0.09999999999999999,79.34514933715037,79.68318149830066,0.0013553559012193734,0.00012051477962460384
FDBH18,2023-07-20 23:57:00,79.75,7.43,0.1,80.42166666666667,80.85,0,0,7.581666666666667,0.09999999999999999,80.159874635542,80.56148209371766,0.0008453121496446268,0.00012051477962460384
FDBH18,2023-07-20 23:57:04,80.52,7.61,0.1,81.02666666666667,81.32,0,0,7.794999999999999,0.09999999999999999,80.92515229347553,81.31780363960974,0.0008401473233138191,0.00012051477962460384
FDBH18,2023-07-20 23:57:08,81.11,7.85,0.1,81.41833333333334,81.57,0,0,7.875,0.09999999999999999,81.400172763809,81.58801204536006,0.0005462512706520539,0.00011422492802287035
FDBH18,2023-07-20 23:57:11,81.4,7.88,0.1,81.57333333333332,81.66,0,0,7.89,0.09999999999999999,81.6802477860366,81.79079496366671,0.0008881779485884355,0.00011422492802287035
FDBH18,2023-07-20 23:57:15,81.58,7.88,0.1,81.70833333333333,81.76,0,0,7.9700000000000015,0.09999999999999999,81.97598368750006,82.37268618973485,0.000778163542343035,0.00012051477962460384
FDBH18,2023-07-20 23:57:19,81.73,7.98,0.1,81.75,81.78,0,0,8.23,0.09999999999999999,82.14152197502013,82.58008788624875,0.001813532598674105,0.00012051477962460384
FDBH18,2023-07-20 23:57:23,81.76,8.32,0.1,81.64333333333333,81.75,0,0,8.381666666666666,0.09999999999999999,82.06278693465326,82.28387128370339,0.0006330477156339254,0.00012051477962460384
FDBH18,2023-07-20 23:57:27,81.62,8.4,0.1,81.435,81.58,0,0,8.393333333333333,0.09999999999999999,81.77894752590927,81.86914940765591,0.0007402384223360042,0.00011422492802287035
FDBH18,2023-07-20 23:57:31,81.4,8.39,0.1,81.27666666666667,81.34,0,0,8.39,0.09999999999999999,81.52330525379213,81.58028652935805,0.0007401984968000875,0.00014124462082536419
FDBH18,2023-07-20 23:57:35,81.23,8.39,0.1,81.45666666666666,81.69,0,0,8.396666666666667,0.09999999999999999,81.33036933696792,81.35797513535903,0.0005748427187390387,0.0002063798121922943
FDBH18,2023-07-20 23:57:39,81.49,8.39,0.1,81.89,82.23,0,0,8.458333333333334,0.09999999999999999,81.56498495816201,81.62934913891793,0.0005986739228721065,0.00014899494798956557
FDBH18,2023-07-20 23:57:43,81.95,8.45,0.1,82.51833333333333,83.0,0,0,8.645,0.09999999999999999,82.15934676593477,82.35155320540828,0.001069866940084588,0.000162287609049017
FDBH18,2023-07-20 23:57:47,82.6,8.68,0.1,83.33666666666666,83.9,0,0,8.821666666666667,0.09999999999999999,82.8030491655934,82.90190540936452,0.0010823575529682508,0.00014293985317393351
FDBH18,2023-07-20 23:57:51,83.44,8.85,0.1,84.14999999999999,84.56,0,0,8.959999999999999,0.09999999999999999,83.67103812479851,83.97763559272765,0.000776653772882014,0.00014293985317393351
FDBH18,2023-07-20 23:57:55,84.25,8.86,0.1,84.76833333333333,85.12,0,0,9.290000000000001,0.09999999999999999,84.71183766117446,85.23186341402727,0.0020004812144079273,0.00014293985317393351
FDBH18,2023-07-20 23:57:58,84.7,9.23,0.1,85.17999999999999,85.5,0,0,9.433333333333334,0.09999999999999999,85.02976335078246,85.40737716584508,0.0017318037233094881,0.0001490221032955502
FDBH18,2023-07-20 23:58:02,85.27,9.47,0.1,85.66333333333334,85.89,0,0,9.488333333333335,0.09999999999999999,85.55722097257842,85.69739790302548,0.0011087735773680433,0.00014124462082536419
FDBH18,2023-07-20 23:58:06,85.76,9.49,0.1,85.97999999999998,86.13,0,0,9.498333333333333,0.09999999999999999,86.0528326711503,86.17404562981041,0.001995166630470918,0.00014124462082536419
FDBH18,2023-07-20 23:58:10,86.02,9.49,0.1,86.26499999999999,86.52,0,0,9.576666666666666,0.09999999999999999,86.36166785051091,86.80588076149971,0.002318814967275019,0.0001490221032955502
FDBH18,2023-07-20 23:58:14,86.28,9.58,0.1,86.70166666666667,86.98,0,0,9.731666666666667,0.09999999999999999,86.597544386461,86.98850334886613,0.002248622252975647,0.0001490221032955502
FDBH18,2023-07-20 23:58:18,86.77,9.76,0.1,87.05333333333334,87.17,0,0,9.793333333333331,0.09999999999999999,87.01959211442089,87.26372573200689,0.0010234595099289539,0.00014124462082536419
FDBH18,2023-07-20 23:58:22,87.12,9.8,0.1,87.18166666666667,87.23,0,0,9.799999999999999,0.09999999999999999,87.34345353536854,87.45608914464378,0.0017510066305371109,0.00014124462082536419
FDBH18,2023-07-20 23:58:26,87.19,9.8,0.1,87.28166666666668,87.37,0,0,9.799999999999999,0.09999999999999999,87.33196168435873,87.4388857510374,0.0013230136815348672,0.00012438260533809018
FDBH18,2023-07-20 23:58:30,87.3,9.79,0.1,87.43,87.52,0,0,9.805,0.09999999999999999,87.44070864855956,87.5696838948083,0.0013239537968651575,0.00012438260533809018
FDBH18,2023-07-20 23:58:34,87.45,9.8,0.1,87.57833333333332,87.67,0,0,9.803333333333333,0.09999999999999999,87.58655396194791,87.66377259256592,0.0008965005855313103,0.00012438260533809018
FDBH18,2023-07-20 23:58:38,87.6,9.79,0.1,87.72499999999998,87.82,0,0,9.808333333333335,0.09999999999999999,87.7356750365925,87.8296813138204,0.0008432079139173928,0.00012438260533809018
FDBH18,2023-07-20 23:58:42,87.74,9.81,0.1,87.87333333333333,87.97,0,0,9.801666666666668,0.09999999999999999,87.84337074601842,87.90770981751645,0.0009904235363833332,0.00012438260533809018
FDBH18,2023-07-20 23:58:45,87.85,9.78,0.1,87.985,88.08,0,0,9.83,0.09999999999999999,87.9535213364997,88.0208223790904,0.000939563568403623,0.00012911053683828936
FDBH18,2023-07-20 23:58:49,88.0,9.84,0.1,88.13166666666666,88.22,0,0,9.883333333333335,0.09999999999999999,88.09796911811863,88.1572013600021,0.0008233254611870456,0.00016360799841286247
FDBH18,2023-07-20 23:58:53,88.15,9.89,0.1,88.28000000000002,88.37,0,0,9.936666666666666,0.09999999999999999,88.24321723749637,88.30114516974798,0.0008650383757654844,0.00012608556226124582
FDBH18,2023-07-20 23:58:57,88.3,9.94,0.1,88.42833333333334,88.52,0,0,9.99,0.09999999999999999,88.40606540412477,88.46397305540764,0.0009658801205790214,0.00013123172100456998
FDBH18,2023-07-20 23:59:01,88.45,10.0,0.1,88.57499999999999,88.67,0,0,10.043333333333335,0.09999999999999999,88.55345824169666,88.6178399667294,0.0009658801205790214,0.00012438260533809018
FDBH18,2023-07-20 23:59:05,88.59,10.05,0.1,88.72333333333331,88.82,0,0,10.098333333333334,0.09999999999999999,88.70666177013898,88.7578399667294,0.0009658801205790214,0.00013123172100456998
FDBH18,2023-07-20 23:59:09,88.74,10.11,0.1,88.87166666666667,88.96,0,0,8.478333333333333,0.09999999999999999,87.55309290044445,88.88389602132673,0.0014750191285426851,0.00014867972788027667
FDBH18,2023-07-20 23:59:13,88.89,10.16,0.1,89.01833333333333,89.11,0,0,10.206666666666667,0.09999999999999999,88.54487632201183,88.81184849488702,0.05359253231857384,0.00015538066986495522
FDBH18,2023-07-20 23:59:17,89.04,10.21,0.1,89.16666666666667,89.26,0,0,8.568333333333333,0.09999999999999999,87.50154688767931,88.95673245747446,0.059642248051265306,0.00018593479523051513
FDBH18,2023-07-20 23:59:21,89.19,10.27,0.1,89.315,89.41,0,0,10.313333333333334,0.09999999999999999,88.50770313400555,89.1124106807186,0.2290697480606705,0.00015555042645876152
FDBH18,2023-07-20 23:59:25,89.33,10.32,0.1,89.46166666666666,89.55,0,0,10.366666666666665,0.09999999999999999,88.91200479566551,89.2524106807186,0.2290697480606705,0.00015538066986495522
FDBH18,2023-07-20 23:59:29,89.48,10.37,0.1,89.61,89.7,0,0,10.42,0.09999999999999999,89.22853452819078,89.53245361686591,0.21561428895005053,0.00015538066986495522
FDBH18,2023-07-20 23:59:33,89.63,10.43,0.1,89.75833333333333,89.85,0,0,10.475,0.09999999999999999,89.21961422089414,89.7198998770169,0.175908974204077,0.00015555042645876152
FDBH18,2023-07-20 23:59:36,89.74,10.47,0.1,89.86833333333334,89.96,0,0,10.516666666666667,0.09999999999999999,89.33209671144958,89.80262679104656,0.175908974204077,0.00015538066986495522
FDBH18,2023-07-20 23:59:40,89.89,10.52,0.1,90.01499999999999,90.11,0,0,10.569999999999999,0.09999999999999999,89.56047297068076,89.95262679104657,0.1581294076305113,0.00015538066986495522
FDBH18,2023-07-20 23:59:44,90.03,10.58,0.1,75.29,90.26,0,0,10.623333333333333,0.09999999999999999,89.93777157344098,90.09206460521499,0.037527406831781615,0.00015555042645876152
FDBH18,2023-07-20 23:59:48,90.18,10.63,0.1,90.31166666666667,90.4,0,0,10.676666666666668,0.09999999999999999,89.9263825583485,90.15328094072358,0.20474364799208167,0.0001723414500112432
FDBH18,2023-07-20 23:59:52,90.33,10.68,0.1,90.46,90.55,0,0,10.730000000000002,0.09999999999999999,90.06054064314026,90.31341685464105,0.004954859206696516,0.00015176760733440602
FDBH18,2023-07-20 23:59:56,90.48,10.74,0.1,90.62666666666665,90.74,0,0,10.790000000000001,0.09999999999999999,90.24249615689705,90.4510130746997,0.004954859206696516,0.00015176760733440602
FDBH18,2023-07-21 00:00:01,90.66,10.8,0.1,90.79166666666667,90.88,0,0,10.851666666666665,0.09999999999999999,90.48275542779679,90.79612634872278,0.004752916679947324,0.00015176760733440602
FDBH18,2023-07-21 00:00:05,90.81,10.86,0.1,90.94,91.03,0,0,10.906666666666666,0.09999999999999999,90.85153873469856,91.29006250452721,0.004776445785001831,0.00013442213381047334
FDBH18,2023-07-21 00:00:09,90.96,10.91,0.1,91.08833333333332,91.18,0,0,10.959999999999999,0.09999999999999999,90.86372546714585,91.50147787407859,0.00507074911702127,0.00020252954375000616
FDBH18,2023-07-21 00:00:13,91.11,10.97,0.1,91.235,91.33,0,0,11.013333333333334,0.09999999999999999,90.98849348460695,91.6514778740786,0.00507074911702127,0.00027935799781655355
FDBH18,2023-07-21 00:00:17,91.25,11.02,0.1,91.38499999999999,91.48,0,0,11.066666666666665,0.09999999999999999,91.12849348460695,91.74956789549282,0.005222376650353732,0.00027935799781655355
FDBH18,2023-07-21 00:00:21,91.4,11.07,0.1,91.53166666666668,91.62,0,0,11.12,0.09999999999999999,91.5036264974193,91.55762146363867,0.000673211882991625,0.00013123172100456998
FDBH18,2023-07-21 00:00:24,91.51,11.11,0.1,91.64166666666665,91.73,0,0,11.160000000000002,0.09999999999999999,91.62227665569709,91.66762146363867,0.000673211882991625,0.00013123172100456998
FDBH18,2023-07-21 00:00:28,91.66,11.17,0.1,91.79,91.88,0,0,11.213333333333333,0.09999999999999999,91.75693784879422,91.81762146363866,0.000673211882991625,0.00012438260533809018
FDBH18,2023-07-21 00:00:32,91.81,11.22,0.1,91.93833333333333,92.03,0,0,11.268333333333333,0.09999999999999999,91.90693784879423,91.96762146363866,0.000673211882991625,0.00013123172100456998
FDBH18,2023-07-21 00:00:36,91.96,11.28,0.1,92.085,92.18,0,0,11.323333333333332,0.09999999999999999,92.05693784879422,92.11762146363866,0.000673211882991625,0.00012438260533809018
FDBH18,2023-07-21 00:00:40,92.1,11.33,0.1,92.23333333333333,92.33,0,0,11.376666666666667,0.09999999999999999,92.19693784879422,92.25762146363866,0.000673211882991625,0.00013123172100456998
FDBH18,2023-07-21 00:00:44,92.25,11.38,0.1,92.38166666666666,92.47,0,0,11.430000000000001,0.09999999999999999,92.3536264974193,92.40762146363866,0.000673211882991625,0.00013123172100456998
FDBH18,2023-07-21 00:00:48,92.4,11.44,0.1,92.52833333333335,92.62,0,0,11.483333333333334,0.09999999999999999,92.49693784879423,92.55762146363867,0.000673211882991625,0.00012438260533809018
FDBH18,2023-07-21 00:00:52,92.55,11.49,0.1,92.67666666666668,92.77,0,0,11.536666666666667,0.09999999999999999,92.64752439817345,92.70496426472455,0.000673211882991625,0.00013123172100456998
FDBH18,2023-07-21 00:00:56,92.7,11.54,0.1,92.82499999999999,92.92,0,0,11.590000000000002,0.09999999999999999,92.81286320507631,92.85496426472456,0.000673211882991625,0.00013123172100456998
FDBH18,2023-07-21 00:01:00,92.84,11.6,0.1,92.97166666666665,93.06,0,0,11.64333333333333,0.09999999999999999,92.93752439817345,92.98927215648858,0.000673211882991625,0.00012438260533809018
FDBH18,2023-07-21 00:01:04,92.99,11.65,0.1,93.12,93.21,0,0,11.698333333333332,0.09999999999999999,93.08752439817344,93.14496426472455,0.0007152154864666328,0.00013123172100456998
FDBH18,2023-07-21 00:01:08,93.14,11.71,0.1,93.26833333333333,93.36,0,0,11.753333333333336,0.09999999999999999,93.23752439817345,93.29496426472456,0.0007152154864666328,0.00012438260533809018
FDBH18,2023-07-21 00:01:12,93.29,11.76,0.1,93.415,93.51,0,0,11.806666666666667,0.09999999999999999,93.38752439817345,93.44496426472456,0.0007152154864666328,0.00013123172100456998
FDBH18,2023-07-21 00:01:15,93.4,11.8,0.1,93.52666666666669,93.62,0,0,11.846666666666666,0.09999999999999999,93.49752439817345,93.55496426472456,0.0007152154864666328,0.00013123172100456998
FDBH18,2023-07-21 00:01:19,93.55,11.85,0.1,93.67500000000001,93.77,0,0,11.9,0.09999999999999999,93.65421304679853,93.70496426472455,0.0013691057864226317,0.00013123172100456998
FDBH18,2023-07-21 00:01:23,93.69,11.91,0.1,93.82166666666666,93.91,0,0,11.953333333333333,0.09999999999999999,93.78752439817345,93.84496426472455,0.0014757132109717711,0.00012438260533809018
FDBH18,2023-07-21 00:01:27,93.84,11.96,0.1,93.96999999999998,94.06,0,0,12.006666666666666,0.09999999999999999,93.93752439817345,93.99496426472456,0.0014757132109717711,0.00013123172100456998
FDBH18,2023-07-21 00:01:31,93.99,12.01,0.1,94.11833333333334,94.21,0,0,12.061666666666667,0.09999999999999999,94.10333005044696,94.14496426472455,0.0014757132109717711,0.00013123172100456998
FDBH18,2023-07-21 00:01:35,94.14,12.07,0.1,94.26499999999999,94.36,0,0,12.116666666666667,0.09999999999999999,94.23235372955956,94.29496426472456,0.0014757132109717711,0.00013123172100456998
FDBH18,2023-07-21 00:01:39,94.28,12.12,0.1,94.41333333333334,94.51,0,0,12.17,0.09999999999999999,94.37904237818464,94.43496426472456,0.0014757132109717711,0.00013123172100456998
FDBH18,2023-07-21 00:01:43,94.43,12.18,0.1,94.56166666666667,94.65,0,0,12.223333333333334,0.09999999999999999,94.52235372955957,94.58496426472456,0.0018581617208301116,0.00012438260533809018
FDBH18,2023-07-21 00:01:47,94.58,12.23,0.1,94.70833333333333,94.8,0,0,12.276666666666666,0.09999999999999999,94.66575127371287,94.73496426472455,0.0018581617208301116,0.00013123172100456998
FDBH18,2023-07-21 00:01:51,94.73,12.28,0.1,94.85666666666667,94.95,0,0,12.329999999999998,0.09999999999999999,94.82243992233795,94.88496426472456,0.0018581617208301116,0.00013123172100456998
FDBH18,2023-07-21 00:01:55,94.88,12.34,0.1,95.005,95.1,0,0,12.383333333333333,0.09999999999999999,94.96755519556918,95.03560460720618,0.0018581617208301116,0.00012438260533809018
FDBH18,2023-07-21 00:01:59,95.02,12.39,0.1,95.15166666666666,95.24,0,0,12.436666666666667,0.09999999999999999,95.10755519556918,95.17560460720618,0.0018581617208301116,0.00013123172100456998
FDBH18,2023-07-21 00:02:02,95.13,12.43,0.1,95.26333333333332,95.36,0,0,12.478333333333333,0.09999999999999999,95.22424384419425,95.28560460720618,0.0018581617208301116,0.00013123172100456998
FDBH18,2023-07-21 00:02:06,95.28,12.49,0.1,95.41166666666668,95.5,0,0,12.533333333333331,0.09999999999999999,95.36755519556918,95.4299124989702,0.0018581617208301116,0.00012438260533809018
FDBH18,2023-07-21 00:02:10,95.43,12.54,0.1,95.55833333333334,95.65,0,0,12.586666666666668,0.09999999999999999,95.51755519556919,95.5856046072062,0.0018581617208301116,0.00013123172100456998
FDBH18,2023-07-21 00:02:14,95.58,12.59,0.1,95.70666666666666,95.8,0,0,12.64,0.09999999999999999,95.67337935218369,95.73560460720618,0.0018581617208301116,0.00013123172100456998
FDBH18,2023-07-21 00:02:18,95.73,12.65,0.1,95.83999999999999,95.9,0,0,12.693333333333333,0.09999999999999999,95.81669070355862,95.88560460720619,0.0018581617208301116,0.00012438260533809018
FDBH18,2023-07-21 00:02:22,95.86,12.7,0.1,95.88166666666666,95.95,0,0,12.746666666666668,0.09999999999999999,95.95939743857814,96.01560460720619,0.0018581617208301116,0.00013123172100456998
FDBH18,2023-07-21 00:02:26,95.95,12.75,0.1,95.68166666666666,95.92,0,0,12.799999999999999,0.09999999999999999,96.05608608720321,96.10014385279655,0.0017108990674380464,0.00012815705485390432
FDBH18,2023-07-21 00:02:30,95.6,12.81,0.1,95.53166666666668,95.62,0,0,12.853333333333333,0.09999999999999999,95.68307500792623,95.73811291883754,0.0009254679091556191,0.00012146838961536278
FDBH18,2023-07-21 00:02:34,95.53,12.86,0.1,95.46999999999998,95.54,0,0,12.908333333333331,0.09999999999999999,95.57709526274093,95.65199555169174,0.0008298136274940512,0.00012815705485390432
FDBH18,2023-07-21 00:02:38,95.51,12.92,0.1,95.40166666666666,95.43,0,0,12.963333333333333,0.09999999999999999,95.5323085165392,95.58905039601784,0.0008649466848283021,0.00014136303178834326
FDBH18,2023-07-21 00:02:42,95.37,12.97,0.1,95.41333333333334,95.44,0,0,13.016666666666667,0.09999999999999999,95.3548001613002,95.43022144242353,0.0008699211580517939,0.0001446942162945372
FDBH18,2023-07-21 00:02:46,95.44,13.02,0.1,95.35166666666667,95.44,0,0,13.069999999999999,0.09999999999999999,95.43836823475931,95.49965856431353,0.0009213334843276098,0.0001446942162945372
FDBH18,2023-07-21 00:02:50,95.34,13.08,0.1,95.17833333333333,95.32,0,0,13.123333333333333,0.09999999999999999,95.33836823475932,95.39965856431354,0.0008839120916395859,0.0001371425758143847
FDBH18,2023-07-21 00:02:53,95.24,13.12,0.1,95.02499999999999,95.15,0,0,13.163333333333334,0.09999999999999999,95.23957525894257,95.29998862597296,0.0009213334843276098,0.0001371425758143847
FDBH18,2023-07-21 00:02:57,94.99,13.17,0.1,94.81499999999998,94.98,0,0,13.216666666666667,0.09999999999999999,94.98957525894257,95.04998862597296,0.0009213334843276098,0.0001446942162945372
FDBH18,2023-07-21 00:03:01,94.78,13.22,0.1,94.57666666666667,94.71,0,0,13.271666666666667,0.09999999999999999,94.78006220721903,94.82849942093311,0.0009112961851370776,0.0001446942162945372
FDBH18,2023-07-21 00:03:05,94.54,13.28,0.1,94.57166666666667,94.62,0,0,13.326666666666666,0.09999999999999999,94.5384667732394,94.5832128554227,0.001739906877471279,0.0001446942162945372
FDBH18,2023-07-21 00:03:09,94.6,13.33,0.1,94.57666666666667,94.62,0,0,13.38,0.09999999999999999,94.5984667732394,94.64146537543618,0.0020654891413806205,0.00014816557317704038
FDBH18,2023-07-21 00:03:13,94.53,13.39,0.1,94.55166666666666,94.6,0,0,13.433333333333332,0.09999999999999999,94.5284667732394,94.57146537543619,0.0020654891413806205,0.0001404327868437453
FDBH18,2023-07-21 00:03:17,94.51,13.44,0.1,94.59500000000001,94.66,0,0,13.486666666666666,0.09999999999999999,94.5084667732394,94.5532128554227,0.001901826724799606,0.0001446942162945372
FDBH18,2023-07-21 00:03:21,94.61,13.49,0.1,94.67000000000002,94.72,0,0,13.550000000000002,0.09999999999999999,94.60356637717865,94.65849942093311,0.000976095023072984,0.0001446942162945372
FDBH18,2023-07-21 00:03:25,94.72,13.56,0.1,94.63666666666666,94.68,0,0,13.633333333333335,0.09999999999999999,94.69770743358677,94.78110331563794,0.001006788147910862,0.0001446942162945372
FDBH18,2023-07-21 00:03:29,94.58,13.66,0.1,94.59833333333334,94.67,0,0,13.686666666666666,0.09999999999999999,94.60407349900403,94.63537491157298,0.0007861875107040696,0.00014136303178834326
FDBH18,2023-07-21 00:03:33,94.59,13.69,0.1,94.49,94.55,0,0,13.723333333333334,0.09999999999999999,94.62045368898806,94.67757329627158,0.0007923812514620933,0.00014136303178834326
FDBH18,2023-07-21 00:03:37,94.48,13.73,0.1,94.49166666666666,94.53,0,0,13.776666666666666,0.09999999999999999,94.50207068830633,94.55417306674316,0.0007861875107040696,0.00014914703345769392
FDBH18,2023-07-21 00:03:40,94.53,13.78,0.1,94.47000000000001,94.52,0,0,13.788333333333332,0.09999999999999999,94.53315852982637,94.57161323111107,0.0007861875107040696,0.00014136303178834326
FDBH18,2023-07-21 00:03:44,94.48,13.79,0.1,94.38,94.43,0,0,13.791666666666664,0.09999999999999999,94.47912507076919,94.51842382046506,0.0007861875107040696,0.00014311710204835068
FDBH18,2023-07-21 00:03:48,94.35,13.79,0.1,94.42166666666667,94.52,0,0,13.841666666666667,0.09999999999999999,94.33646264136735,94.41022994627978,0.0007861875107040696,0.00015099767510339568
FDBH18,2023-07-21 00:03:52,94.46,13.87,0.1,94.49333333333334,94.55,0,0,13.910000000000002,0.09999999999999999,94.43854302513182,94.51142080599548,0.0007861875107040696,0.00014311710204835068
FDBH18,2023-07-21 00:03:56,94.55,13.93,0.1,94.50666666666666,94.53,0,0,13.924999999999999,0.09999999999999999,94.53904319461047,94.57591608658527,0.0007861875107040696,0.00014311710204835068
FDBH18,2023-07-21 00:04:00,94.53,13.92,0.1,94.49499999999999,94.53,0,0,13.921666666666667,0.09999999999999999,94.53189326442448,94.56725779550544,0.0007861875107040696,0.00014311710204835068
FDBH18,2023-07-21 00:04:04,94.49,13.92,0.1,94.42833333333334,94.48,0,0,13.926666666666668,0.09999999999999999,94.50926877841133,94.54442670586937,0.0007923812514620933,0.00015067571723524395
FDBH18,2023-07-21 00:04:08,94.46,13.93,0.1,94.29,94.36,0,0,13.968333333333334,0.09999999999999999,94.48617613412144,94.53878642139776,0.0007923812514620933,0.00015067571723524395
FDBH18,2023-07-21 00:04:12,94.32,13.99,0.1,94.17,94.24,0,0,13.991666666666667,0.09999999999999999,94.33808418216951,94.3544737495098,0.0007861875107040696,0.00015067571723524395
FDBH18,2023-07-21 00:04:16,94.11,13.99,0.1,94.19999999999999,94.24,0,0,13.991666666666667,0.09999999999999999,94.10224639570184,94.13366998296262,0.0007861875107040696,0.00014311710204835068
FDBH18,2023-07-21 00:04:20,94.2,13.99,0.1,94.29166666666667,94.36,0,0,13.995,0.09999999999999999,94.17273234790609,94.21350874981799,0.0007759340084082125,0.00012471125026643895
FDBH18,2023-07-21 00:04:24,94.33,13.99,0.1,94.29333333333334,94.36,0,0,13.995,0.09999999999999999,94.30273234790609,94.34262907893981,0.0007518262878769017,0.00012471125026643895
FDBH18,2023-07-21 00:04:27,94.24,14.0,0.1,94.27499999999999,94.34,0,0,13.993333333333334,0.09999999999999999,94.21273234790608,94.2508370313379,0.0007098660952976246,0.00012471125026643895
FDBH18,2023-07-21 00:04:31,94.25,13.99,0.1,94.27833333333332,94.34,0,0,13.995,0.09999999999999999,94.22967915388216,94.26687037865754,0.0007965152262405474,0.00012471125026643895
FDBH18,2023-07-21 00:04:35,94.26,14.0,0.1,94.21,94.28,0,0,13.993333333333334,0.09999999999999999,94.24912779036865,94.28054248332361,0.0007965152262405474,0.00012737790740788066
FDBH18,2023-07-21 00:04:39,94.2,13.99,0.1,94.12333333333333,94.16,0,0,13.996666666666668,0.09999999999999999,94.19696642581329,94.22867974668003,0.0007919601776950131,0.0001726282622674882
FDBH18,2023-07-21 00:04:43,94.09,14.0,0.1,94.06,94.15,0,0,13.996666666666668,0.09999999999999999,94.08429137193792,94.11012316402528,0.0007114751327850255,0.00011992374489218089
FDBH18,2023-07-21 00:04:47,94.04,14.0,0.1,93.87666666666667,94.01,0,0,13.995,0.09999999999999999,94.02121491096675,94.05558145719941,0.0007114751327850255,0.00011741312235603907
FDBH18,2023-07-21 00:04:51,93.81,13.99,0.1,93.75333333333333,93.82,0,0,13.993333333333334,0.09999999999999999,93.76938879660138,93.81835562759784,0.0007114751327850255,0.00011741312235603907
FDBH18,2023-07-21 00:04:55,93.72,13.99,0.1,93.74333333333334,93.79,0,0,13.991666666666667,0.09999999999999999,93.66904670646022,93.72691428375967,0.0008780775139492837,0.00011741312235603907
FDBH18,2023-07-21 00:04:59,93.76,13.99,0.1,93.66333333333331,93.72,0,0,13.995,0.09999999999999999,93.70591226881433,93.76277726775098,0.0008782709518417428,0.00011741312235603907
FDBH18,2023-07-21 00:05:04,93.66,14.0,0.1,93.53500000000001,93.59,0,0,13.995,0.09999999999999999,93.60591226881432,93.66277726775097,0.0008424115483820613,0.00011741312235603907
FDBH18,2023-07-21 00:05:08,93.55,14.0,0.1,93.49166666666666,93.54,0,0,13.993333333333332,0.09999999999999999,93.49284761142569,93.55277726775097,0.0008089970033720727,0.00011741312235603907
FDBH18,2023-07-21 00:05:12,93.5,13.99,0.1,93.47833333333335,93.54,0,0,13.99,0.09999999999999999,93.44591226881433,93.50277726775097,0.0008424115483820613,0.00011741312235603907
FDBH18,2023-07-21 00:05:16,93.48,13.99,0.1,93.44833333333334,93.5,0,0,13.993333333333334,0.09999999999999999,93.42904670646023,93.48691428375967,0.0009154537394841306,0.00011741312235603907
FDBH18,2023-07-21 00:05:19,93.42,14.0,0.1,93.45666666666665,93.5,0,0,13.995,0.09999999999999999,93.37412598751922,93.42548085272088,0.0007194521452388065,0.00011741312235603907
FDBH18,2023-07-21 00:05:23,93.46,14.0,0.1,93.36000000000001,93.46,0,0,13.996666666666668,0.09999999999999999,93.41938879660137,93.46835562759783,0.0007114751327850255,0.00011741312235603907
FDBH18,2023-07-21 00:05:27,93.34,14.0,0.1,93.24,93.34,0,0,13.995,0.09999999999999999,93.3040966867697,93.34835562759784,0.0007073279640943829,0.00011741312235603907
FDBH18,2023-07-21 00:05:31,93.26,14.0,0.1,93.11333333333334,93.22,0,0,13.993333333333334,0.09999999999999999,93.2240966867697,93.26835562759784,0.0007073279640943829,0.00011741312235603907
FDBH18,2023-07-21 00:05:35,93.05,13.99,0.1,93.16833333333334,93.29,0,0,13.996666666666668,0.09999999999999999,93.00605938050238,93.05747595671966,0.0007787320854194689,0.00011741312235603907
FDBH18,2023-07-21 00:05:39,93.17,13.99,0.1,93.28166666666668,93.32,0,0,13.995,0.09999999999999999,93.12276947785382,93.17558591804145,0.0007787320854194689,0.00011741312235603907
FDBH18,2023-07-21 00:05:43,93.31,13.99,0.1,93.18833333333333,93.32,0,0,13.995,0.09999999999999999,93.26788491179998,93.31835562759784,0.0007073279640943829,0.00011741312235603907
FDBH18,2023-07-21 00:05:47,93.13,13.99,0.1,93.07333333333334,93.15,0,0,13.998333333333335,0.09999999999999999,93.09756745067635,93.13954778163445,0.0007073279640943829,0.00011741312235603907
FDBH18,2023-07-21 00:05:51,93.04,14.0,0.1,92.97333333333334,93.07,0,0,13.996666666666668,0.09999999999999999,93.00764914063566,93.04954778163446,0.0007073279640943829,0.00011741312235603907
FDBH18,2023-07-21 00:05:55,92.92,14.0,0.1,92.90666666666668,92.96,0,0,13.995,0.09999999999999999,92.89525916335765,92.9317424298383,0.0007073279640943829,0.00011741312235603907
FDBH18,2023-07-21 00:05:59,92.9,13.99,0.1,92.90000000000002,92.97,0,0,13.993333333333332,0.09999999999999999,92.86629263097025,92.90954778163446,0.0007073279640943829,0.00011741312235603907
FDBH18,2023-07-21 00:06:03,92.9,13.99,0.1,92.92333333333333,92.97,0,0,13.995,0.09999999999999999,92.8592414214654,92.90835562759784,0.0007073279640943829,0.00011741312235603907
FDBH18,2023-07-21 00:06:06,92.93,14.0,0.1,92.95166666666667,93.06,0,0,13.991666666666667,0.09999999999999999,92.88307441946876,92.93747595671967,0.000695820249289916,0.00011741312235603907
FDBH18,2023-07-21 00:06:10,92.96,13.99,0.1,93.04666666666667,93.08,0,0,13.993333333333334,0.09999999999999999,92.91613907685738,92.96747595671965,0.0007873956777678499,0.00011741312235603907
FDBH18,2023-07-21 00:06:14,93.07,13.99,0.1,93.02666666666666,93.08,0,0,13.993333333333332,0.09999999999999999,93.05257142063215,93.08313979974865,0.000744060630209222,0.00011741312235603907
FDBH18,2023-07-21 00:06:18,93.05,13.99,0.1,92.95166666666667,93.05,0,0,13.993333333333332,0.09999999999999999,93.04912194335111,93.07648026189088,0.0007398053327776742,0.00011992374489218089
FDBH18,2023-07-21 00:06:22,92.94,14.0,0.1,92.89666666666666,92.96,0,0,13.993333333333334,0.09999999999999999,92.94974767866493,92.97750887821817,0.0007032825936534392,0.00011992374489218089
FDBH18,2023-07-21 00:06:26,92.88,13.99,0.1,92.93666666666667,92.97,0,0,13.996666666666668,0.09999999999999999,92.88346416650339,92.90886940917746,0.0006619793280063702,0.00011992374489218089
FDBH18,2023-07-21 00:06:30,92.97,14.0,0.1,92.94833333333332,92.97,0,0,13.993333333333334,0.09999999999999999,92.9692693184871,92.99648026189088,0.0007032825936534392,0.00011992374489218089
FDBH18,2023-07-21 00:06:34,92.97,13.99,0.1,93.0,93.1,0,0,14.005,0.09999999999999999,92.96759319410098,92.99786492307383,0.0007073279640943829,0.00011992374489218089
FDBH18,2023-07-21 00:06:38,92.99,14.0,0.1,93.13666666666666,93.31,0,0,14.084999999999999,0.09999999999999999,92.9828505913388,93.0569195373729,0.0009332202739592103,0.00012652736492589034
FDBH18,2023-07-21 00:06:42,93.1,14.09,0.1,93.37833333333333,93.51,0,0,14.178333333333335,0.09999999999999999,93.10034208272,93.17178800026507,0.0011451402896876213,0.00013439193691307475
FDBH18,2023-07-21 00:06:46,93.44,14.19,0.1,93.55166666666666,93.63,0,0,14.231666666666667,0.09999999999999999,93.48862153658942,93.5381249591449,0.0011663285790041637,0.00017640518887424966
FDBH18,2023-07-21 00:06:50,93.57,14.24,0.1,93.68166666666667,93.75,0,0,14.284999999999998,0.09999999999999999,93.64997482788905,93.69981296242572,0.0011292197281262545,0.00017640518887424966
FDBH18,2023-07-21 00:06:54,93.66,14.29,0.1,93.77499999999999,93.85,0,0,14.296666666666667,0.09999999999999999,93.73536510966522,93.79625181165403,0.0021033973550876853,0.00017640518887424966
FDBH18,2023-07-21 00:06:57,93.76,14.29,0.1,93.84333333333332,93.93,0,0,14.333333333333334,0.09999999999999999,93.85168579456185,93.91000649787112,0.0021033973550876853,0.00017640518887424966
FDBH18,2023-07-21 00:07:01,93.85,14.35,0.1,93.93666666666667,94.0,0,0,14.385,0.09999999999999999,93.94168579456183,93.99977514404476,0.0023392255363851758,0.0001460002344635918
FDBH18,2023-07-21 00:07:05,94.0,14.39,0.1,93.98333333333333,94.05,0,0,14.391666666666667,0.09999999999999999,94.07358953057272,94.13904084758357,0.0022734913886902895,0.0001460002344635918
FDBH18,2023-07-21 00:07:09,94.01,14.39,0.1,94.03333333333335,94.06,0,0,14.395000000000001,0.09999999999999999,94.08624709168753,94.14625181165404,0.001932577860885443,0.0001425796018580109
FDBH18,2023-07-21 00:07:13,94.04,14.39,0.1,94.09833333333334,94.24,0,0,14.448333333333332,0.09999999999999999,94.12668726346378,94.21250565201768,0.0009527226371808372,0.00015043058255707637
FDBH18,2023-07-21 00:07:17,94.12,14.47,0.1,94.27333333333333,94.38,0,0,14.496666666666668,0.09999999999999999,94.18655188143453,94.24548940239406,0.0011705066203161407,0.0001425796018580109
FDBH18,2023-07-21 00:07:21,94.31,14.5,0.1,94.46166666666666,94.57,0,0,14.548333333333334,0.09999999999999999,94.39581356010635,94.42151394741425,0.0011705066203161407,0.00015043058255707637
FDBH18,2023-07-21 00:07:25,94.52,14.57,0.1,94.60666666666667,94.67,0,0,14.591666666666667,0.09999999999999999,94.58522569407933,94.64544363013287,0.0009527226371808372,0.0001425796018580109
FDBH18,2023-07-21 00:07:29,94.67,14.59,0.1,94.61666666666666,94.64,0,0,14.595,0.09999999999999999,94.73249238885664,94.78939652781132,0.0010745094558878752,0.0001425796018580109
FDBH18,2023-07-21 00:07:33,94.63,14.6,0.1,94.57,94.61,0,0,14.591666666666669,0.09999999999999999,94.68326363099389,94.76196308610683,0.0011641980071632689,0.0001425796018580109
FDBH18,2023-07-21 00:07:37,94.58,14.59,0.1,94.56,94.66,0,0,14.593333333333332,0.09999999999999999,94.64594302041233,94.70228340611932,0.0010745094558878752,0.0001425796018580109
FDBH18,2023-07-21 00:07:41,94.54,14.6,0.1,94.63,94.69,0,0,14.593333333333334,0.09999999999999999,94.58177631552778,94.64524659091401,0.0011204209711795172,0.0001425796018580109
FDBH18,2023-07-21 00:07:44,94.61,14.59,0.1,94.68499999999999,94.79,0,0,14.595,0.09999999999999999,94.66131681343285,94.71909916066551,0.0012324886012890987,0.0001425796018580109
FDBH18,2023-07-21 00:07:48,94.64,14.6,0.1,94.835,94.96,0,0,14.591666666666669,0.09999999999999999,94.66182302762262,94.70810758283204,0.0010912012479309988,0.00014027502020210334
FDBH18,2023-07-21 00:07:52,94.82,14.59,0.1,95.045,95.15,0,0,14.594999999999999,0.09999999999999999,94.83422802053961,94.87640380615905,0.0010946184366843216,0.00014027502020210334
FDBH18,2023-07-21 00:07:56,95.11,14.6,0.1,95.10333333333334,95.15,0,0,14.593333333333334,0.09999999999999999,95.14119327041448,95.18451282715706,0.0008703882542147363,0.00013206621758737015
FDBH18,2023-07-21 00:08:00,95.12,14.59,0.1,95.08166666666666,95.11,0,0,14.590000000000002,0.09999999999999999,95.17824558482036,95.23076042613685,0.0008538221892334432,0.00013206621758737015
FDBH18,2023-07-21 00:08:04,95.04,14.59,0.1,95.10833333333333,95.19,0,0,14.590000000000002,0.09999999999999999,95.10389627631412,95.15076042613686,0.0008770555567175337,0.00013206621758737015
FDBH18,2023-07-21 00:08:08,95.08,14.59,0.1,95.17,95.19,0,0,14.591666666666667,0.09999999999999999,95.14374890117813,95.19076042613685,0.0008874538442026739,0.00013206621758737015
FDBH18,2023-07-21 00:08:12,95.19,14.59,0.1,95.14666666666666,95.17,0,0,14.593333333333334,0.09999999999999999,95.24824558482035,95.30076042613685,0.0010479034958285165,0.00013206621758737015
FDBH18,2023-07-21 00:08:16,95.12,14.59,0.1,95.19666666666667,95.26,0,0,14.591666666666669,0.09999999999999999,95.1510458952785,95.19451282715707,0.0008703882542147363,0.00013206621758737015
FDBH18,2023-07-21 00:08:20,95.24,14.59,0.1,95.28333333333335,95.33,0,0,14.591666666666667,0.09999999999999999,95.26144955673308,95.29782173895623,0.0008111728311906099,0.00013206621758737015
FDBH18,2023-07-21 00:08:24,95.33,14.59,0.1,95.32333333333332,95.36,0,0,14.593333333333334,0.09999999999999999,95.3509183738859,95.38782173895623,0.0008111728311906099,0.00013206621758737015
FDBH18,2023-07-21 00:08:28,95.34,14.6,0.1,95.40500000000002,95.47,0,0,14.591666666666669,0.09999999999999999,95.36306913475771,95.40212955690943,0.0008086397889183391,0.00013206621758737015
FDBH18,2023-07-21 00:08:31,95.38,14.6,0.1,95.49666666666667,95.56,0,0,14.591666666666667,0.09999999999999999,95.40453931000972,95.44212955690942,0.0008086397889183391,0.00013206621758737015
FDBH18,2023-07-21 00:08:35,95.5,14.59,0.1,95.56666666666666,95.62,0,0,14.593333333333334,0.09999999999999999,95.53119327041448,95.57451282715706,0.0008111728311906099,0.00013206621758737015
FDBH18,2023-07-21 00:08:39,95.58,14.59,0.1,95.48166666666667,95.57,0,0,14.593333333333334,0.09999999999999999,95.61119327041447,95.65451282715706,0.0008703882542147363,0.00013206621758737015
FDBH18,2023-07-21 00:08:43,95.46,14.59,0.1,95.36333333333334,95.42,0,0,14.593333333333334,0.09999999999999999,95.50199985041448,95.55080882715706,0.0008703882542147363,0.00013206621758737015
FDBH18,2023-07-21 00:08:47,95.34,14.59,0.1,95.28166666666668,95.38,0,0,14.593333333333334,0.09999999999999999,95.36453931000973,95.40792371969468,0.0008703882542147363,0.00013206621758737015
FDBH18,2023-07-21 00:08:51,95.23,14.59,0.1,95.33,95.4,0,0,14.593333333333334,0.09999999999999999,95.24235952455928,95.2730501977847,0.0008703882542147363,0.00013206621758737015
FDBH18,2023-07-21 00:08:55,95.34,14.59,0.1,95.38666666666666,95.41,0,0,14.595,0.09999999999999999,95.33389026505849,95.36860430218321,0.0008753939955211963,0.00013185364309217015
FDBH18,2023-07-21 00:08:59,95.37,14.6,0.1,95.39666666666666,95.44,0,0,14.594999999999999,0.09999999999999999,95.3617240694535,95.39354987935705,0.0008753939955211963,0.00013185364309217015
FDBH18,2023-07-21 00:09:03,95.41,14.59,0.1,95.40499999999999,95.44,0,0,14.593333333333334,0.09999999999999999,95.3997240694535,95.43354987935705,0.0008753939955211963,0.00013185364309217015
FDBH18,2023-07-21 00:09:07,95.41,14.59,0.1,95.44,95.48,0,0,14.591666666666667,0.09999999999999999,95.40211632151482,95.43761122841354,0.0008753939955211963,0.00013185364309217015
FDBH18,2023-07-21 00:09:11,95.48,14.59,0.1,95.385,95.41,0,0,14.593333333333334,0.09999999999999999,95.49087612362922,95.52190491053962,0.0008703882542147363,0.00013206621758737015
FDBH18,2023-07-21 00:09:15,95.38,14.6,0.1,95.30666666666667,95.36,0,0,14.593333333333332,0.19999999999999998,95.39445745662938,95.43447733093065,0.001062850826744663,0.00013206621758737015
FDBH18,2023-07-21 00:09:19,95.26,14.6,0.1,95.34833333333331,95.43,0,0,14.593333333333334,0.8333333333333334,95.27028400659506,95.29952579974146,0.0007419485137785825,0.00022918921750695112
FDBH18,2023-07-21 00:09:22,95.33,14.6,0.7,95.41666666666667,95.46,0,0,14.593333333333332,1.383333333333333,95.32256894983738,95.35371143034618,0.0008777379414402342,0.00022182867881525572
FDBH18,2023-07-21 00:09:26,95.45,14.59,1.6,95.45833333333333,95.5,0,0,14.593333333333334,1.5999999999999999,95.44302267304161,95.4772659997793,0.0007010859450958753,0.00023858137928791192
FDBH18,2023-07-21 00:09:30,95.45,14.59,1.6,95.485,95.54,0,0,14.593333333333334,1.7166666666666668,95.44731173994832,95.47845157033981,0.0006812671806037012,0.00023858137928791192
FDBH18,2023-07-21 00:09:34,95.45,14.59,1.7,95.50666666666666,95.54,0,0,14.593333333333334,2.1,95.44778923922625,95.4860564036186,0.0007121284264494744,0.00023404925463120383
FDBH18,2023-07-21 00:09:38,95.49,14.59,2.2,95.46499999999999,95.53,0,0,14.593333333333334,2.5500000000000003,95.49665263707611,95.53370708854048,0.0008131280929112228,0.00024352653344390598
FDBH18,2023-07-21 00:09:42,95.43,14.6,2.6,95.52333333333335,95.64,0,0,14.593333333333334,2.9166666666666665,95.43966231889465,95.47861600184993,0.0026427765925662143,0.00022873658537916647
FDBH18,2023-07-21 00:09:46,95.51,14.6,3.0,95.63166666666666,95.71,0,0,14.590000000000002,3.216666666666667,95.51874986146673,95.55657400024992,0.0007704303820306469,0.0002167178559523914
FDBH18,2023-07-21 00:09:50,95.66,14.59,3.3,95.67333333333335,95.73,0,0,14.590000000000002,3.4500000000000006,95.66860248633074,95.70754732955774,0.0010084577549293785,0.0002070206193293321
FDBH18,2023-07-21 00:09:54,95.67,14.59,3.5,95.66000000000001,95.73,0,0,14.595,3.6166666666666667,95.67917026550968,95.71754732955775,0.001054928107180356,0.0002070206193293321
FDBH18,2023-07-21 00:09:58,95.71,14.6,3.6,95.61333333333333,95.64,0,0,14.594999999999999,3.7500000000000004,95.72203583690525,95.76318209396977,0.0010409118704045074,0.00020579696494744896
FDBH18,2023-07-21 00:10:02,95.64,14.59,3.8,95.57166666666666,95.64,0,0,14.595,3.8333333333333326,95.65261767923094,95.6864975559587,0.00102368185083597,0.00020579696494744896
FDBH18,2023-07-21 00:10:06,95.59,14.6,3.8,95.50999999999999,95.56,0,0,14.594999999999999,3.9,95.60343155965955,95.6409531137359,0.001030954209610939,0.00020579696494744896
FDBH18,2023-07-21 00:10:09,95.54,14.6,3.9,95.33166666666666,95.56,0,0,14.593333333333334,3.9,95.55111971583733,95.58912344560791,0.0010737056685513364,0.00020579696494744896
FDBH18,2023-07-21 00:10:13,95.26,14.59,3.9,95.0,95.18,0,0,14.593333333333334,3.9499999999999997,95.24537445473722,95.28096278765403,0.001172718558286336,0.0001726935334411703
FDBH18,2023-07-21 00:10:17,95.0,14.59,4.0,94.72333333333334,94.92,0,0,14.591666666666667,4.0,94.95924324321079,95.00924018078297,0.003516351306509969,0.0001726935334411703
FDBH18,2023-07-21 00:10:21,94.69,14.59,4.0,94.61666666666667,94.65,0,0,14.594999999999999,4.0,94.61874316510362,94.69717193462272,0.03177986447599445,0.00033953487522609153
FDBH18,2023-07-21 00:10:25,94.64,14.59,4.0,94.58833333333332,94.65,0,0,14.596666666666666,4.0,94.56654980755994,94.65143458374925,0.04273043148371579,0.00039552204518375424
FDBH18,2023-07-21 00:10:29,94.53,14.6,4.0,94.62,94.69,0,0,14.595,4.0,94.45477835978997,94.54143458374925,0.031146891247761398,0.0004138540346640017
FDBH18,2023-07-21 00:10:33,94.63,14.59,4.0,94.74833333333333,94.8,0,0,14.593333333333332,4.0,94.55641023469553,94.64143458374924,0.03729610077037512,0.0004138540346640017
FDBH18,2023-07-21 00:10:37,94.78,14.59,4.0,94.77499999999999,94.8,0,0,14.596666666666666,4.0,94.70931094428258,94.78623026811718,0.02386902488885324,0.00035527284638949696
FDBH18,2023-07-21 00:10:41,94.74,14.6,4.0,94.765,94.81,0,0,14.596666666666666,4.0,94.69849360379081,94.74826867620486,0.00480661675989277,0.0001726935334411703
FDBH18,2023-07-21 00:10:45,94.77,14.6,4.0,94.68666666666667,94.73,0,0,14.598333333333331,4.0,94.76237454699306,94.7913980623805,0.0016419800423247497,0.00021149518506613128
FDBH18,2023-07-21 00:10:49,94.69,14.6,4.0,94.52,94.64,0,0,14.594999999999999,4.0,94.70231172033361,94.73846108377457,0.0005210717660762799,0.00015628768626637068
FDBH18,2023-07-21 00:10:53,94.52,14.59,4.0,94.29,94.4,0,0,14.595,4.0,94.52592679711894,94.55413141288477,0.0005210717660762799,0.00015628768626637068
FDBH18,2023-07-21 00:10:57,94.27,14.6,4.0,94.185,94.25,0,0,14.593333333333334,4.0,94.25136824846098,94.28762642437248,0.0005210717660762799,0.000144096809171066
FDBH18,2023-07-21 00:11:00,94.17,14.59,4.0,94.08666666666666,94.2,0,0,14.595,4.0,94.12936214545469,94.17867410346702,0.0010459221585891643,0.000144096809171066
FDBH18,2023-07-21 00:11:04,94.04,14.6,4.0,93.90666666666668,94.0,0,0,14.591666666666667,4.0,93.96650937535804,94.0399660755892,0.0011454573201183748,0.000144096809171066
FDBH18,2023-07-21 00:11:08,93.86,14.59,4.0,93.74833333333333,93.86,0,0,14.596666666666666,4.0,93.78692977940099,93.86055894637079,0.002136084881079777,0.000144096809171066
FDBH18,2023-07-21 00:11:12,93.73,14.6,4.0,93.63333333333333,93.71,0,0,14.594999999999999,4.0,93.65636200022205,93.72912892413183,0.0020733776358702743,0.00028567077765677526
FDBH18,2023-07-21 00:11:16,93.63,14.59,4.0,93.61166666666668,93.65,0,0,14.595,4.0,93.55315583525758,93.62912892413182,0.0021615229035251027,0.00028567077765677526
FDBH18,2023-07-21 00:11:20,93.6,14.6,4.0,93.61500000000001,93.64,0,0,14.593333333333334,4.0,93.52650937535803,93.60201014068336,0.0021463028321510006,0.00028567077765677526
FDBH18,2023-07-21 00:11:24,93.61,14.59,4.0,93.62833333333333,93.65,0,0,14.595,4.0,93.53692977940099,93.60708485903766,0.0011391724871158688,0.000144096809171066
FDBH18,2023-07-21 00:11:28,93.65,14.6,4.0,93.565,93.65,0,0,14.593333333333334,4.0,93.60447212714648,93.65690943460238,0.0010560620582139824,0.000144096809171066
FDBH18,2023-07-21 00:11:32,93.58,14.6,4.0,93.45666666666665,93.52,0,0,14.593333333333334,4.0,93.54034073121967,93.58973652824227,0.000605520973704798,0.000144096809171066
FDBH18,2023-07-21 00:11:36,93.45,14.59,4.0,93.34166666666665,93.42,0,0,14.593333333333334,4.0,93.42185079499794,93.46024501236533,0.0005210717660762799,0.000144096809171066
FDBH18,2023-07-21 00:11:40,93.31,14.6,4.0,93.31666666666666,93.36,0,0,14.593333333333334,4.0,93.28170341986196,93.32406333680046,0.0005121294130453265,0.000144096809171066
FDBH18,2023-07-21 00:11:44,93.36,14.59,4.0,93.33666666666666,93.37,0,0,14.591666666666669,4.0,93.32329570069169,93.36874655551891,0.0005121294130453265,0.000144096809171066
FDBH18,2023-07-21 00:11:47,93.31,14.6,4.0,93.33,93.37,0,0,14.591666666666667,4.0,93.27019335608368,93.32074810119228,0.0005709817111037374,0.000144096809171066
FDBH18,2023-07-21 00:11:51,93.31,14.6,4.0,93.25666666666667,93.33,0,0,14.594999999999999,4.0,93.27019335608368,93.31786688464074,0.0005748790353187603,0.000144096809171066
FDBH18,2023-07-21 00:11:55,93.22,14.59,4.0,93.25833333333334,93.29,0,0,14.596666666666666,4.0,93.18386347987062,93.22874655551891,0.0005993570640462698,0.000144096809171066
FDBH18,2023-07-21 00:11:59,93.29,14.59,4.0,93.28499999999998,93.33,0,0,14.594999999999999,4.0,93.26185079499794,93.30118212024891,0.0005121294130453265,0.000144096809171066
FDBH18,2023-07-21 00:12:03,93.28,14.59,4.0,93.30166666666668,93.33,0,0,14.593333333333334,4.0,93.26336824846098,93.29474520782094,0.0005121294130453265,0.000144096809171066
FDBH18,2023-07-21 00:12:07,93.3,14.6,4.0,93.23,93.29,0,0,14.593333333333334,4.0,93.2884880915174,93.32422707468913,0.0005165539314185457,0.00015628768626637068
FDBH18,2023-07-21 00:12:11,93.26,14.59,4.0,93.15833333333335,93.21,0,0,14.593333333333334,4.0,93.25080670222856,93.28134585813758,0.0005034138656272404,0.00015628768626637068
FDBH18,2023-07-21 00:12:15,93.15,14.59,4.0,93.13666666666667,93.21,0,0,14.595,4.0,93.13526099042765,93.16864916352765,0.0005165539314185457,0.000144096809171066
FDBH18,2023-07-21 00:12:19,93.14,14.6,4.0,93.015,93.11,0,0,14.593333333333332,4.0,93.12375893680634,93.16011611262218,0.0005503813511030293,0.000144096809171066
FDBH18,2023-07-21 00:12:23,92.99,14.59,4.0,92.89,92.97,0,0,14.593333333333334,4.0,92.97122087332498,93.00474520782093,0.0005272468178329151,0.000144096809171066
FDBH18,2023-07-21 00:12:27,92.88,14.59,4.0,92.815,92.84,0,0,14.593333333333334,4.0,92.84019335608367,92.88786688464073,0.0005691918123038861,0.000144096809171066
FDBH18,2023-07-21 00:12:31,92.83,14.59,4.0,92.78499999999998,92.84,0,0,14.594999999999999,4.0,92.78544396612857,92.83667984340791,0.0006579280798945088,0.000144096809171066
FDBH18,2023-07-21 00:12:35,92.8,14.6,4.0,92.7,92.76,0,0,14.595,4.0,92.75559134126456,92.80867410346701,0.0006854490189066756,0.000144096809171066
FDBH18,2023-07-21 00:12:38,92.71,14.6,4.0,92.60833333333333,92.74,0,0,14.593333333333334,4.0,92.66559134126456,92.72155532001855,0.0007095924619427576,0.000144096809171066
FDBH18,2023-07-21 00:12:42,92.55,14.59,4.0,92.54166666666667,92.58,0,0,14.596666666666666,4.0,92.5061591204435,92.55867410346701,0.0007398022672860187,0.000144096809171066
FDBH18,2023-07-21 00:12:46,92.54,14.6,4.0,92.54666666666667,92.62,0,0,14.593333333333334,4.0,92.49559134126457,92.54767114994745,0.0009134540274222815,0.000144096809171066
FDBH18,2023-07-21 00:12:50,92.51,14.59,4.0,92.57499999999999,92.62,0,0,14.593333333333334,4.0,92.46559134126457,92.51667984340791,0.0006811028187152722,0.000144096809171066
FDBH18,2023-07-21 00:12:54,92.56,14.6,4.0,92.545,92.6,0,0,14.594999999999999,4.0,92.52034073121968,92.56786688464074,0.0005651775744873974,0.000144096809171066
FDBH18,2023-07-21 00:12:58,92.53,14.59,4.0,92.545,92.61,0,0,14.596666666666666,4.0,92.50235186605519,92.53874655551891,0.00048635213590185206,0.000144096809171066
FDBH18,2023-07-21 00:13:02,92.55,14.6,4.0,92.52833333333335,92.55,0,0,14.6,4.0,92.52908605583882,92.56474520782093,0.00048635213590185206,0.000144096809171066
FDBH18,2023-07-21 00:13:06,92.54,14.6,4.0,92.41000000000001,92.53,0,0,14.596666666666666,4.0,92.52484058638471,92.55864916352765,0.00048635213590185206,0.000144096809171066
FDBH18,2023-07-21 00:13:10,92.38,14.59,4.0,92.26166666666667,92.3,0,0,14.591666666666669,4.0,92.36848809151739,92.40134585813757,0.0004905540619847795,0.00015628768626637068
FDBH18,2023-07-21 00:13:14,92.26,14.59,4.0,92.2,92.23,0,0,14.593333333333332,4.0,92.24122087332499,92.27474520782094,0.00048635213590185206,0.000144096809171066
FDBH18,2023-07-21 00:13:18,92.2,14.59,4.0,92.16333333333331,92.22,0,0,14.595,4.0,92.16386347987063,92.20874655551891,0.00048635213590185206,0.000144096809171066
FDBH18,2023-07-21 00:13:22,92.16,14.6,4.0,92.07166666666666,92.14,0,0,14.593333333333334,4.0,92.11744716650391,92.16956105995946,0.0005459450738757514,0.000144096809171066
FDBH18,2023-07-21 00:13:25,92.12,14.6,4.0,91.95666666666666,92.03,0,0,14.595,4.0,92.07744716650392,92.12667984340791,0.0006310594933509773,0.000144096809171066
FDBH18,2023-07-21 00:13:29,91.91,14.6,4.0,91.82833333333333,91.93,0,0,14.596666666666666,4.05,91.86521620697168,91.9147899333959,0.0009881182117726052,0.000144096809171066
FDBH18,2023-07-21 00:13:33,91.8,14.6,4.0,91.71166666666666,91.77,0,0,14.593333333333334,4.266666666666667,91.75202409207115,91.80653438535853,0.0012318078878709245,0.000144096809171066
FDBH18,2023-07-21 00:13:37,91.72,14.59,4.2,91.63666666666667,91.68,0,0,14.594999999999999,4.683333333333334,91.66913173037845,91.72309561386886,0.005345285702849387,0.0001726935334411703
FDBH18,2023-07-21 00:13:41,91.6,14.6,4.7,91.58833333333332,91.63,0,0,14.594999999999999,5.1499999999999995,91.54516632702422,91.60158387468064,0.006507973452722251,0.0001726935334411703
FDBH18,2023-07-21 00:13:45,91.61,14.6,5.2,91.50666666666666,91.6,0,0,14.595,5.483333333333333,91.54317912352882,91.60962573782216,0.006031479842963661,0.0001726935334411703
FDBH18,2023-07-21 00:13:49,91.5,14.6,5.5,91.42666666666666,91.5,0,0,14.596666666666666,5.666666666666667,91.44500436061328,91.50188721329263,0.0043572996698948265,0.0001726935334411703
FDBH18,2023-07-21 00:13:53,91.43,14.6,5.7,91.28333333333332,91.4,0,0,14.594999999999999,5.766666666666667,91.38222508214898,91.4337740017247,0.0019971255809721512,0.0001726935334411703
FDBH18,2023-07-21 00:13:57,91.28,14.59,5.8,91.15666666666665,91.21,0,0,14.594999999999999,5.866666666666666,91.23334429626706,91.28765817179581,0.0013090615536179065,0.0001726935334411703
FDBH18,2023-07-21 00:14:01,91.13,14.6,5.9,91.09999999999998,91.13,0,0,14.596666666666664,5.916666666666667,91.08357205542394,91.13350991025696,0.0018740328255167354,0.0001726935334411703
FDBH18,2023-07-21 00:14:05,91.08,14.59,5.9,91.17,91.28,0,0,14.594999999999999,5.966666666666666,91.03384317433172,91.08350991025696,0.004167408626897382,0.0001726935334411703
FDBH18,2023-07-21 00:14:09,91.19,14.59,6.0,91.27166666666666,91.31,0,0,14.598333333333331,6.0,91.14561055164965,91.19350991025696,0.002596807366340259,0.0001726935334411703
FDBH18,2023-07-21 00:14:12,91.31,14.6,6.0,91.32666666666667,91.44,0,0,14.595,6.0,91.26704597284606,91.31739408032807,0.0015659642754832386,0.0001726935334411703
FDBH18,2023-07-21 00:14:16,91.35,14.59,6.0,91.47500000000001,91.62,0,0,14.591666666666667,6.0,91.32071625523066,91.36033713323621,0.0012900397240113992,0.0001726935334411703
FDBH18,2023-07-21 00:14:20,91.44,14.6,6.0,91.625,91.69,0,0,14.593333333333332,6.0,91.43702398735756,91.47585593200512,0.0012813002685173073,0.00020579696494744896
FDBH18,2023-07-21 00:14:24,91.66,14.6,6.0,91.69333333333334,91.72,0,0,14.593333333333334,6.0,91.6805693487236,91.72549693860887,0.0012675295716817363,0.00020579696494744896
FDBH18,2023-07-21 00:14:28,91.71,14.59,6.0,91.635,91.69,0,0,14.594999999999999,6.0,91.74279108214981,91.80121409334352,0.004251122323740709,0.00020579696494744896
FDBH18,2023-07-21 00:14:32,91.57,14.59,6.0,91.59333333333332,91.64,0,0,14.591666666666669,6.0,91.6016851459798,91.66121409334352,0.0033436689566566646,0.00020579696494744896
FDBH18,2023-07-21 00:14:36,91.51,14.59,6.0,91.56833333333334,91.61,0,0,14.591666666666667,6.0,91.5305693487236,91.60121409334353,0.0017652820179798537,0.00021149518506613128
FDBH18,2023-07-21 00:14:40,91.59,14.59,6.0,91.56833333333333,91.64,0,0,14.591666666666669,6.0,91.60932270070911,91.65373163236535,0.0007822728279194041,0.00015628768626637068
FDBH18,2023-07-21 00:14:44,91.56,14.59,6.0,91.61333333333334,91.64,0,0,14.590000000000002,6.0,91.56775560544749,91.60636732417885,0.0006841843198595862,0.00015628768626637068
FDBH18,2023-07-21 00:14:48,91.62,14.59,6.0,91.57166666666666,91.63,0,0,14.594999999999999,6.0,91.61414654515508,91.64357329930976,0.0006841843198595862,0.00015628768626637068
FDBH18,2023-07-21 00:14:52,91.59,14.6,6.0,91.49166666666667,91.55,0,0,14.596666666666666,6.0,91.57605656523339,91.61006035345073,0.0006900942723176507,0.000144096809171066
FDBH18,2023-07-21 00:14:56,91.49,14.6,6.0,91.33333333333333,91.47,0,0,14.6,6.0,91.47412534039368,91.50838507205991,0.0006841843198595862,0.000144096809171066
FDBH18,2023-07-21 00:15:00,91.32,14.6,6.0,90.995,91.22,0,0,14.596666666666666,6.0,91.30304369081533,91.33697080460288,0.0007459220811053215,0.000144096809171066
FDBH18,2023-07-21 00:15:03,91.06,14.6,6.0,90.69833333333334,90.97,0,0,14.596666666666666,6.0,91.02790499262355,91.06848246405119,0.000711559429753938,0.000144096809171066
FDBH18,2023-07-21 00:15:07,90.69,14.6,6.0,90.24166666666666,90.52,0,0,14.598333333333331,6.0,90.63317551164926,90.69187733815103,0.0024517603605288237,0.000144096809171066
FDBH18,2023-07-21 00:15:11,90.18,14.6,6.0,89.835,90.01,0,0,14.593333333333334,6.0,90.10862933586796,90.19158054902316,0.0032713768727404948,0.0003327790526817454
FDBH18,2023-07-21 00:15:15,89.79,14.59,6.0,89.59333333333335,89.68,0,0,14.594999999999999,6.0,89.67480787268363,89.79203008912697,0.003862624696383192,0.0003327790526817454
FDBH18,2023-07-21 00:15:19,89.57,14.59,6.0,89.46500000000002,89.54,0,0,14.6,6.0,89.45257011986172,89.58019799968149,0.004452274892494244,0.0003327790526817454
FDBH18,2023-07-21 00:15:23,89.43,14.6,6.0,89.38,89.46,0,0,14.595,6.0,89.31238794510683,89.43506533499394,0.004147783166986781,0.0003327790526817454
FDBH18,2023-07-21 00:15:27,89.36,14.59,6.0,89.21166666666666,89.33,0,0,14.595,6.0,89.24295572428576,89.3701979996815,0.006692931733884859,0.0003327790526817454
FDBH18,2023-07-21 00:15:31,89.19,14.6,6.0,89.005,89.12,0,0,14.594999999999999,6.0,89.07466049754764,89.19203008912696,0.004321178882076388,0.0003327790526817454
FDBH18,2023-07-21 00:15:35,89.0,14.59,6.0,88.77166666666666,88.95,0,0,14.596666666666666,6.0,88.90443342730268,89.00203008912696,0.0043060486614058,0.0003327790526817454
FDBH18,2023-07-21 00:15:39,88.75,14.6,6.0,88.45666666666666,88.66,0,0,14.595,6.0,88.66870462874512,88.75869933247161,0.004670834609339575,0.0003327790526817454
FDBH18,2023-07-21 00:15:43,88.43,14.6,6.0,88.15499999999999,88.36,0,0,14.595,6.0,88.35147053053188,88.43724717556613,0.006320269128748077,0.0003327790526817454
FDBH18,2023-07-21 00:15:47,88.14,14.6,6.0,87.82666666666665,88.0,0,0,14.594999999999999,6.0,88.04303614428837,88.14724717556612,0.005299088662132822,0.0003327790526817454
FDBH18,2023-07-21 00:15:50,87.87,14.59,6.0,87.60333333333334,87.76,0,0,14.596666666666666,6.0,87.77345654833131,87.8705779322215,0.006430553563181365,0.0003327790526817454
FDBH18,2023-07-21 00:15:54,87.62,14.6,6.0,87.29166666666667,87.5,0,0,14.594999999999999,6.0,87.49983425864582,87.6205779322215,0.006974055870500444,0.0003327790526817454
FDBH18,2023-07-21 00:15:58,87.23,14.59,6.0,87.06166666666667,87.17,0,0,14.596666666666666,6.0,87.08789211943741,87.2305779322215,0.008336251790064093,0.0003327790526817454
FDBH18,2023-07-21 00:16:02,87.06,14.6,6.0,86.75999999999999,86.95,0,0,14.593333333333334,6.0,86.91505178781766,87.07874859561265,0.009682319910139302,0.0003327790526817454
FDBH18,2023-07-21 00:16:06,86.68,14.59,6.0,86.55,86.62,0,0,14.593333333333334,6.0,86.53505178781766,86.69586737906111,0.0046875196989499684,0.0003327790526817454
FDBH18,2023-07-21 00:16:10,86.52,14.59,6.0,86.455,86.52,0,0,14.593333333333334,6.0,86.39811868544469,86.52057793222149,0.0030028550961771934,0.0003327790526817454
FDBH18,2023-07-21 00:16:14,86.4,14.59,6.0,86.32833333333333,86.43,0,0,14.591666666666669,6.0,86.2781186854447,86.4005779322215,0.002571834589535802,0.0003327790526817454
FDBH18,2023-07-21 00:16:18,86.28,14.59,6.0,86.2,86.29,0,0,14.593333333333334,6.0,86.15863637441868,86.28057793222149,0.002571834589535802,0.0003327790526817454
FDBH18,2023-07-21 00:16:22,86.13,14.59,6.0,86.10666666666668,86.18,0,0,14.594999999999999,6.0,86.02784152499477,86.13724717556612,0.002236454811093573,0.0003327790526817454
FDBH18,2023-07-21 00:16:26,86.1,14.59,6.0,85.935,86.05,0,0,14.593333333333334,6.0,86.01661021217849,86.0988510029831,0.0025981310521569034,0.0003327790526817454
FDBH18,2023-07-21 00:16:30,85.94,14.59,6.0,85.67,85.86,0,0,14.593333333333334,6.0,85.86572986136736,85.93741267575861,0.0022971669400010126,0.00028567077765677526
FDBH18,2023-07-21 00:16:34,85.64,14.59,6.0,85.46166666666666,85.58,0,0,14.593333333333334,6.0,85.56572986136736,85.63884269799757,0.002381959787302168,0.000144096809171066
FDBH18,2023-07-21 00:16:38,85.4,14.59,6.0,85.44166666666666,85.51,0,0,14.593333333333334,6.0,85.32558248623137,85.39741267575862,0.0020312237654446755,0.00028567077765677526
FDBH18,2023-07-21 00:16:41,85.45,14.59,6.0,85.45,85.51,0,0,14.594999999999999,6.0,85.37195591722396,85.4488510029831,0.0025455415663657244,0.00028567077765677526
FDBH18,2023-07-21 00:16:45,85.5,14.6,6.0,85.32333333333334,85.43,0,0,14.593333333333334,6.0,85.43952244101804,85.51581334005913,0.002088227077501162,0.00028567077765677526
FDBH18,2023-07-21 00:16:49,85.3,14.59,6.0,85.24833333333333,85.3,0,0,14.596666666666666,6.0,85.23994284506098,85.31293212350757,0.0021446181117936902,0.00028567077765677526
FDBH18,2023-07-21 00:16:53,85.24,14.6,6.0,85.16666666666667,85.26,0,0,14.594999999999999,6.0,85.17952244101804,85.2394670988206,0.0021362979192978246,0.000144096809171066
FDBH18,2023-07-21 00:16:57,85.14,14.59,6.0,84.98166666666665,85.12,0,0,14.595,6.0,85.0924814516076,85.14193692043378,0.001965407770756014,0.000144096809171066
FDBH18,2023-07-21 00:17:01,84.89,14.6,6.0,84.83500000000001,84.89,0,0,14.596666666666666,6.0,84.84775892177497,84.8969578550938,0.0015458443898236024,0.000144096809171066
FDBH18,2023-07-21 00:17:05,84.79,14.6,6.0,84.74666666666667,84.8,0,0,14.593333333333334,6.0,84.74663970765688,84.79519318622917,0.0016680748864297788,0.000144096809171066
FDBH18,2023-07-21 00:17:09,84.75,14.59,6.0,84.66499999999999,84.71,0,0,14.594999999999999,6.0,84.68952244101804,84.74599301148746,0.001965407770756014,0.000144096809171066
FDBH18,2023-07-21 00:17:13,84.64,14.6,6.0,84.68333333333334,84.75,0,0,14.613333333333332,6.0,84.57959245956434,84.63599301148746,0.0014108652669619546,0.000144096809171066
FDBH18,2023-07-21 00:17:17,84.66,14.61,6.0,84.72833333333334,84.78,0,0,14.68,6.0,84.60201404190043,84.67053910737268,0.0018166397435850662,0.000144096809171066
FDBH18,2023-07-21 00:17:21,84.78,14.68,6.0,84.73833333333334,84.81,0,0,14.755,6.0,84.74664470477467,84.81850202912945,0.0022078320153593556,0.00012718833661882735
FDBH18,2023-07-21 00:17:25,84.73,14.78,6.0,84.85666666666667,84.94,0,0,14.786666666666667,6.0,84.71360590710567,84.74184294865336,0.0018351230355544586,0.0002092804670192267
FDBH18,2023-07-21 00:17:28,84.81,14.79,6.0,84.93166666666667,84.97,0,0,14.79,6.0,84.80639276833958,84.8349243272965,0.0014377567558808689,0.0002092804670192267
FDBH18,2023-07-21 00:17:32,84.97,14.79,6.0,84.99666666666667,85.05,0,0,14.841666666666667,6.0,84.99563321626184,85.05793641282806,0.001389690289441131,0.00024001002687377922
FDBH18,2023-07-21 00:17:36,85.05,14.87,6.0,85.07333333333334,85.13,0,0,14.89,6.0,85.09100362220278,85.13619662599352,0.001389690289441131,0.00017403478559476618
FDBH18,2023-07-21 00:17:40,85.05,14.89,6.0,85.16333333333334,85.22,0,0,14.953333333333331,6.016666666666667,85.0953298549928,85.15691823885476,0.0018631406448438163,0.00017403478559476618
FDBH18,2023-07-21 00:17:44,85.16,14.97,6.0,85.25333333333334,85.31,0,0,14.991666666666665,6.183333333333334,85.19509765929105,85.24696713334087,0.001859141389282589,0.00017403478559476618
FDBH18,2023-07-21 00:17:48,85.31,15.0,6.2,85.26333333333334,85.29,0,0,14.995,6.616666666666666,85.33948372028337,85.40193718674371,0.0042820918476327375,0.0006610383324385285
FDBH18,2023-07-21 00:17:52,85.26,15.0,6.7,85.27999999999999,85.32,0,0,14.991666666666667,7.083333333333332,85.28845363159814,85.35589706702477,0.008241980357650168,0.0006610383324385285
FDBH18,2023-07-21 00:17:56,85.31,14.99,7.2,85.27,85.32,0,0,14.995,7.366666666666667,85.34968677930313,85.39618422612746,0.00485087373816672,0.0006916482211141363
FDBH18,2023-07-21 00:18:00,85.28,14.99,7.4,85.22666666666667,85.27,0,0,14.998333333333333,7.600000000000001,85.33048141447804,85.36751449042879,0.0061600396122117075,0.0007004225346995683
FDBH18,2023-07-21 00:18:04,85.23,15.0,7.6,85.19666666666667,85.23,0,0,14.993333333333332,7.766666666666666,85.25820603880142,85.30286276133577,0.00733920419390863,0.0007004225346995683
FDBH18,2023-07-21 00:18:08,85.22,14.99,7.8,85.16,85.22,0,0,14.993333333333332,7.866666666666666,85.24481725968333,85.25970653062019,0.006286719733031694,0.000544495533787704
FDBH18,2023-07-21 00:18:12,85.17,15.0,7.9,85.15333333333332,85.2,0,0,14.995,7.933333333333334,85.17470612515434,85.19822090081212,0.01122867787197806,0.0006912120439609047
FDBH18,2023-07-21 00:18:15,85.2,15.0,7.9,85.14166666666667,85.15,0,0,14.993333333333334,7.983333333333333,85.19913661227365,85.22274627898913,0.004099908535695094,0.0002317933014498217
FDBH18,2023-07-21 00:18:19,85.15,14.99,8.0,85.16166666666668,85.18,0,0,14.995,8.0,85.15218452379467,85.17204079599665,0.0030537220758643313,0.0002317933014498217
FDBH18,2023-07-21 00:18:23,85.16,15.0,8.0,85.10000000000001,85.18,0,0,14.993333333333334,8.0,85.16218452379466,85.1802679831567,0.0029275905235617216,0.0002317933014498217
FDBH18,2023-07-21 00:18:27,85.07,14.99,8.0,85.09666666666668,85.13,0,0,14.996666666666668,8.0,85.0727523029736,85.09184346279314,0.003108806829795459,0.0002317933014498217
FDBH18,2023-07-21 00:18:31,85.1,14.99,8.0,85.13333333333334,85.18,0,0,14.993333333333332,8.0,85.10218452379466,85.12274627898913,0.003108806829795459,0.0002317933014498217
FDBH18,2023-07-21 00:18:35,85.16,14.99,8.0,85.12166666666667,85.18,0,0,14.995,8.0,85.16539703777809,85.18414500228957,0.002428086652192738,0.0002317933014498217
FDBH18,2023-07-21 00:18:39,85.07,15.0,8.0,85.06500000000001,85.11,0,0,14.993333333333334,8.0,85.07667444472503,85.09658752464797,0.0016706103718776197,0.0002665184485448732
FDBH18,2023-07-21 00:18:43,85.06,14.99,8.0,85.03833333333333,85.07,0,0,14.995,8.0,85.06592418531365,85.08658752464798,0.0017397708296678293,0.00025140161099019735
FDBH18,2023-07-21 00:18:47,85.05,15.0,8.0,85.05333333333333,85.1,0,0,14.996666666666668,8.0,85.05526037669843,85.07571124038945,0.0015549784742738273,0.00016657256167017904
FDBH18,2023-07-21 00:18:51,85.05,15.0,8.0,85.0,85.1,0,0,14.996666666666668,8.0,85.05286619591189,85.07440254291578,0.001443629695477,0.00016657256167017904
FDBH18,2023-07-21 00:18:55,84.96,14.99,8.0,84.94,84.97,0,0,14.995,8.0,84.96286619591189,84.98571124038945,0.001443629695477,0.00018066458861634962
FDBH18,2023-07-21 00:18:59,84.97,15.0,8.0,84.96833333333333,85.04,0,0,14.996666666666668,8.0,84.9692629935831,84.99153488255178,0.0014312757246882734,0.00016657256167017904
FDBH18,2023-07-21 00:19:03,84.97,15.0,8.0,85.01,85.04,0,0,14.995,8.0,84.9672629935831,84.99153488255178,0.0014312757246882734,0.00016657256167017904
FDBH18,2023-07-21 00:19:06,85.01,15.0,8.0,85.05,85.11,0,0,14.99,8.0,85.00965368192847,85.03402457080146,0.0015380748342348224,0.00016657256167017904
FDBH18,2023-07-21 00:19:10,85.1,14.99,8.0,85.08333333333333,85.12,0,0,14.991666666666665,8.0,85.10286619591189,85.12571124038945,0.001443629695477,0.00018066458861634962
FDBH18,2023-07-21 00:19:14,85.03,15.0,8.0,85.07333333333334,85.12,0,0,14.991666666666665,8.0,85.04461737341747,85.05902685304498,0.0015899885712624714,0.00018066458861634962
FDBH18,2023-07-21 00:19:18,85.1,15.0,8.0,85.07666666666667,85.13,0,0,14.991666666666667,8.0,85.12747167459496,85.14051859790558,0.0015312315510021951,0.00018066458861634962
FDBH18,2023-07-21 00:19:22,85.12,14.99,8.0,85.11166666666666,85.13,0,0,14.995,8.0,85.14937192631362,85.17078113781058,0.0016167401454663202,0.00018066458861634962
FDBH18,2023-07-21 00:19:26,85.12,14.99,8.0,85.08166666666666,85.12,0,0,14.995,8.0,85.15408651417235,85.17484826879539,0.0015416730989981228,0.00018066458861634962
FDBH18,2023-07-21 00:19:30,85.04,15.0,8.0,85.09166666666667,85.17,0,0,14.993333333333332,8.0,85.06579378110479,85.09161572140755,0.0015513492030179287,0.00018066458861634962
FDBH18,2023-07-21 00:19:34,85.17,14.99,8.0,85.07166666666667,85.1,0,0,14.991666666666667,8.0,85.19138068169029,85.20530485424224,0.001443629695477,0.00018066458861634962
FDBH18,2023-07-21 00:19:38,85.06,14.99,8.0,85.03333333333335,85.1,0,0,14.995,8.0,85.07467871941401,85.08937732384624,0.0011878800320048425,0.00017201554180839573
FDBH18,2023-07-21 00:19:42,85.04,14.99,8.0,85.04,85.07,0,0,14.995,8.0,85.05102411743094,85.06902685304499,0.001443629695477,0.00018066458861634962
FDBH18,2023-07-21 00:19:46,85.04,14.99,8.0,85.08333333333333,85.12,0,0,14.993333333333334,8.0,85.04648030478768,85.06673265360858,0.001443629695477,0.00018066458861634962
FDBH18,2023-07-21 00:19:50,85.08,14.99,8.0,85.11666666666667,85.14,0,0,14.995,8.0,85.08313960290431,85.10571124038945,0.0011878800320048425,0.00018066458861634962
FDBH18,2023-07-21 00:19:53,85.14,14.99,8.0,85.11333333333333,85.14,0,0,14.995,8.0,85.1537925814522,85.16902685304498,0.0012795278289821162,0.00018066458861634962
FDBH18,2023-07-21 00:19:57,85.11,14.99,8.0,85.11333333333333,85.14,0,0,14.995,8.0,85.124678719414,85.14067841971058,0.0011878800320048425,0.00018066458861634962
FDBH18,2023-07-21 00:20:01,85.1,15.0,8.0,85.11666666666667,85.15,0,0,14.995,8.0,85.1141734782737,85.13237041971058,0.001443629695477,0.00018066458861634962
FDBH18,2023-07-21 00:20:05,85.1,14.99,8.0,85.03833333333334,85.11,0,0,14.993333333333332,8.0,85.1232959228306,85.13421285424224,0.0011878800320048425,0.00018066458861634962
FDBH18,2023-07-21 00:20:09,84.99,14.99,8.0,85.025,85.06,0,0,14.993333333333332,8.0,85.01120570904465,85.02415956699716,0.0015549784742738273,0.00018066458861634962
FDBH18,2023-07-21 00:20:13,85.0,15.0,8.0,84.98,85.06,0,0,14.996666666666668,8.0,85.00887448557421,85.02673265360858,0.0015549784742738273,0.00018066458861634962
FDBH18,2023-07-21 00:20:17,84.98,15.0,8.0,84.92833333333333,84.96,0,0,14.991666666666667,8.0,84.9828661959119,85.00440254291578,0.0015513492030179287,0.00016657256167017904
FDBH18,2023-07-21 00:20:21,84.91,14.99,8.0,84.935,84.96,0,0,14.991666666666667,8.0,84.90965717436964,84.93153488255177,0.0015416730989981228,0.00016657256167017904
FDBH18,2023-07-21 00:20:25,84.96,14.99,8.0,84.97500000000001,85.04,0,0,14.995,8.0,84.95670227410673,84.98153488255177,0.0015871330566828263,0.00016657256167017904
FDBH18,2023-07-21 00:20:29,85.04,15.0,8.0,84.985,85.0,0,0,14.991666666666667,8.0,85.04165717436965,85.06153488255178,0.0015312315510021951,0.00016657256167017904
FDBH18,2023-07-21 00:20:33,84.97,14.99,8.0,85.02333333333334,85.07,0,0,14.99,8.0,84.97312951229335,84.99492738699745,0.0015416730989981228,0.00016657256167017904
FDBH18,2023-07-21 00:20:37,85.07,14.99,8.0,85.03666666666668,85.05,0,0,14.995,8.0,85.08341829821747,85.09902685304498,0.0014263730975839068,0.00018066458861634962
FDBH18,2023-07-21 00:20:41,85.01,14.99,8.0,84.99666666666666,85.05,0,0,14.996666666666668,8.0,85.02813149503919,85.04415956699717,0.0016008301440674918,0.00018066458861634962
FDBH18,2023-07-21 00:20:44,84.98,15.0,8.0,84.99666666666666,85.04,0,0,14.993333333333334,8.0,85.00518486247684,85.01530485424225,0.0015549784742738273,0.00018066458861634962
FDBH18,2023-07-21 00:20:48,85.02,14.99,8.0,85.05,85.1,0,0,14.996666666666668,8.0,85.04335846086923,85.05530485424224,0.001443629695477,0.00018066458861634962
FDBH18,2023-07-21 00:20:52,85.03,15.0,8.0,85.12666666666668,85.18,0,0,14.991666666666667,8.0,85.0498806816903,85.06530485424224,0.0015513492030179287,0.00018066458861634962
FDBH18,2023-07-21 00:20:56,85.15,14.99,8.0,85.19333333333333,85.23,0,0,14.991666666666667,8.0,85.1727906816903,85.18530485424225,0.001443629695477,0.00018066458861634962
FDBH18,2023-07-21 00:21:00,85.2,14.99,8.0,85.28666666666666,85.33,0,0,14.993333333333334,8.0,85.23169233338581,85.25484826879539,0.0014312757246882734,0.00018066458861634962
FDBH18,2023-07-21 00:21:04,85.32,14.99,8.0,85.30833333333332,85.33,0,0,14.993333333333332,8.0,85.35775879069566,85.38048303320741,0.0015416730989981228,0.00018066458861634962
FDBH18,2023-07-21 00:21:08,85.3,14.99,8.0,85.27166666666666,85.33,0,0,14.993333333333334,8.0,85.34758046363928,85.37038290885388,0.0015871330566828263,0.00018066458861634962
FDBH18,2023-07-21 00:21:12,85.24,14.99,8.0,85.27,85.29,0,0,14.996666666666668,8.0,85.28814824281821,85.31038290885388,0.0015871330566828263,0.00018066458861634962
FDBH18,2023-07-21 00:21:16,85.29,15.0,8.0,85.28500000000001,85.32,0,0,14.996666666666668,8.0,85.33277990890004,85.35458463320742,0.0014312757246882734,0.00018066458861634962
FDBH18,2023-07-21 00:21:20,85.29,15.0,8.0,85.31,85.33,0,0,14.995,8.0,85.32169233338581,85.34484826879539,0.0014312757246882734,0.00018066458861634962
FDBH18,2023-07-21 00:21:24,85.29,14.99,8.0,85.31500000000001,85.34,0,0,14.995,8.0,85.31579378110479,85.34161572140755,0.0014508357843543423,0.00018066458861634962
FDBH18,2023-07-21 00:21:28,85.33,14.99,8.0,85.30166666666666,85.34,0,0,14.995,8.0,85.3503859228306,85.36421285424224,0.0011878800320048425,0.00018066458861634962
FDBH18,2023-07-21 00:21:31,85.3,14.99,8.0,85.31833333333334,85.36,0,0,14.991666666666667,8.0,85.314678719414,85.33370446100633,0.0011878800320048425,0.00017201554180839573
FDBH18,2023-07-21 00:21:35,85.34,14.99,8.0,85.37,85.45,0,0,14.991666666666667,8.0,85.35707290020055,85.37665804647027,0.0012795278289821162,0.00017201554180839573
FDBH18,2023-07-21 00:21:39,85.38,14.99,8.0,85.41666666666667,85.45,0,0,14.993333333333332,8.0,85.4034927505908,85.41421285424224,0.0012795278289821162,0.00017201554180839573
FDBH18,2023-07-21 00:21:43,85.39,15.0,8.0,85.43666666666667,85.47,0,0,14.996666666666668,8.0,85.41818796189132,85.43556739414723,0.0017718760773026323,0.00018066458861634962
FDBH18,2023-07-21 00:21:47,85.47,15.0,8.0,85.45,85.48,0,0,14.996666666666668,8.0,85.50408651417234,85.52344538953554,0.0015549784742738273,0.00018066458861634962
FDBH18,2023-07-21 00:21:51,85.45,14.99,8.0,85.47666666666667,85.5,0,0,14.996666666666664,8.0,85.48226011256476,85.50344538953554,0.0014312757246882734,0.00018066458861634962
FDBH18,2023-07-21 00:21:55,85.5,15.0,8.0,85.44166666666666,85.47,0,0,14.993333333333332,8.0,85.5316923333858,85.55484826879538,0.0015380748342348224,0.00018066458861634962
FDBH18,2023-07-21 00:21:59,85.45,15.0,8.0,85.40833333333335,85.45,0,0,14.996666666666668,8.0,85.48169233338581,85.50484826879539,0.0014312757246882734,0.00018066458861634962
FDBH18,2023-07-21 00:22:03,85.43,15.0,8.0,85.38166666666666,85.43,0,0,14.995,8.100000000000001,85.45052838404158,85.4781972284341,0.001960781728614335,0.00018066458861634962
FDBH18,2023-07-21 00:22:07,85.36,14.99,8.1,85.39999999999999,85.45,0,0,14.998333333333335,8.299999999999999,85.36852946806692,85.38520464762365,0.0034978391968168146,0.0002665184485448732
FDBH18,2023-07-21 00:22:11,85.45,15.0,8.3,85.41833333333334,85.44,0,0,14.993333333333332,8.5,85.4519798517476,85.47291299231419,0.0026022643464216322,0.0002665184485448732
FDBH18,2023-07-21 00:22:15,85.42,14.99,8.5,85.40500000000002,85.44,0,0,14.993333333333332,8.666666666666666,85.41836574287181,85.44177916742946,0.0030120810442540668,0.00025140161099019735
FDBH18,2023-07-21 00:22:19,85.37,15.0,8.7,85.44333333333333,85.52,0,0,14.993333333333334,8.783333333333333,85.36785151639042,85.39177916742946,0.0036591409587381912,0.00025140161099019735
FDBH18,2023-07-21 00:22:22,85.47,14.99,8.8,85.52999999999999,85.62,0,0,14.995,8.85,85.47146562526618,85.49291299231419,0.0034756389010077143,0.00025140161099019735
FDBH18,2023-07-21 00:22:26,85.58,15.0,8.9,85.615,85.64,0,0,14.993333333333332,8.9,85.58938655790911,85.60964021428926,0.0027893270152470396,0.0002665184485448732
FDBH18,2023-07-21 00:22:30,85.64,14.99,8.9,85.65166666666666,85.68,0,0,14.993333333333332,8.9,85.66749138399464,85.68977085720175,0.0034440449830599375,0.0002665184485448732
FDBH18,2023-07-21 00:22:34,85.64,15.0,8.9,85.67333333333333,85.71,0,0,14.993333333333334,8.933333333333334,85.67592306344368,85.69454000351513,0.0038461090784037387,0.0002665184485448732
FDBH18,2023-07-21 00:22:38,85.67,14.99,8.9,85.72833333333334,85.79,0,0,14.996666666666668,9.0,85.7141879958758,85.72864160351513,0.004049091242171057,0.0002665184485448732
FDBH18,2023-07-21 00:22:42,85.7,14.99,9.0,85.76,85.79,0,0,14.996666666666668,9.0,85.74441575503269,85.7644398791616,0.0031361424461500767,0.0002665184485448732
FDBH18,2023-07-21 00:22:46,85.79,14.99,9.0,85.74166666666667,85.78,0,0,14.995,9.0,85.83577580753708,85.8544398791616,0.0032295750578287285,0.0002665184485448732
FDBH18,2023-07-21 00:22:50,85.73,14.99,9.0,85.74833333333333,85.78,0,0,14.993333333333332,9.0,85.7669039983791,85.78454000351513,0.0024494514297862665,0.0002665184485448732
FDBH18,2023-07-21 00:22:54,85.76,14.99,9.0,85.77666666666669,85.81,0,0,14.993333333333332,9.0,85.78749138399465,85.8089052391031,0.002638175401959802,0.0002665184485448732
FDBH18,2023-07-21 00:22:58,85.8,14.99,9.0,85.78333333333335,85.81,0,0,14.995,9.0,85.82277679613591,85.84687823777158,0.002770962668292407,0.0002665184485448732
FDBH18,2023-07-21 00:23:02,85.79,14.99,9.0,85.78166666666665,85.84,0,0,14.993333333333332,9.0,85.81159283171363,85.83326470657158,0.002770962668292407,0.0002665184485448732
FDBH18,2023-07-21 00:23:06,85.77,14.99,9.0,85.81666666666666,85.84,0,0,14.99,9.0,85.78659376132569,85.80061703072225,0.002770962668292407,0.0002665184485448732
FDBH18,2023-07-21 00:23:09,85.79,14.99,9.0,85.85833333333333,85.92,0,0,14.995,9.0,85.80467498836002,85.8196727038098,0.0016009106998075811,0.00017201554180839573
FDBH18,2023-07-21 00:23:13,85.88,15.0,9.0,85.875,85.92,0,0,14.995,9.0,85.89617498836002,85.90967270380979,0.0019454123486441197,0.00018066458861634962
FDBH18,2023-07-21 00:23:17,85.85,14.99,9.0,85.835,85.85,0,0,14.993333333333334,9.0,85.87280733986137,85.89707557097509,0.0018061559864883691,0.00018066458861634962
FDBH18,2023-07-21 00:23:21,85.85,14.99,9.0,85.84500000000001,85.88,0,0,14.995,9.0,85.87162337543906,85.89326470657157,0.0018061559864883691,0.00018066458861634962
FDBH18,2023-07-21 00:23:25,85.84,15.0,9.0,85.86999999999999,85.91,0,0,14.993333333333332,9.0,85.85862027602458,85.8707647038098,0.0019408735882997879,0.00018066458861634962
FDBH18,2023-07-21 00:23:29,85.83,15.0,9.0,85.94333333333333,85.97,0,0,14.993333333333332,9.0,85.84721027602458,85.86076470380979,0.0019408735882997879,0.00018066458861634962
FDBH18,2023-07-21 00:23:33,85.96,14.99,9.0,85.95333333333333,85.96,0,0,14.993333333333332,9.0,85.98124513846139,86.00687823777157,0.0018061559864883691,0.00018066458861634962
FDBH18,2023-07-21 00:23:37,85.94,15.0,9.0,85.90833333333332,85.96,0,0,14.991666666666667,9.0,85.96162337543906,85.98326470657157,0.0019408735882997879,0.00018066458861634962
FDBH18,2023-07-21 00:23:41,85.9,14.99,9.0,85.84833333333334,85.87,0,0,14.995,9.0,85.92015391236417,85.9307647038098,0.0019454123486441197,0.00018066458861634962
FDBH18,2023-07-21 00:23:45,85.84,15.0,9.0,85.85333333333334,85.87,0,0,14.993333333333332,9.0,85.85495710024604,85.8707647038098,0.0019322416199292955,0.00018066458861634962
FDBH18,2023-07-21 00:23:49,85.85,14.99,9.0,85.86333333333334,85.88,0,0,14.99,9.0,85.85924989682944,85.87723026927813,0.0019454123486441197,0.00018066458861634962
FDBH18,2023-07-21 00:23:53,85.85,14.99,9.0,85.88166666666666,85.93,0,0,14.991666666666667,9.0,85.8515567233434,85.87219250317611,0.0019454123486441197,0.00018066458861634962
FDBH18,2023-07-21 00:23:56,85.91,15.0,9.0,85.88833333333332,85.93,0,0,14.995,9.0,85.91059861348549,85.93219250317611,0.0019454123486441197,0.00018066458861634962
FDBH18,2023-07-21 00:24:00,85.88,15.0,9.0,85.88,85.92,0,0,14.995,9.0,85.87794261446763,85.89986239248333,0.0019454123486441197,0.00016657256167017904
FDBH18,2023-07-21 00:24:04,85.84,14.99,9.0,85.94500000000001,86.04,0,0,14.993333333333332,9.0,85.84258330611436,85.86219250317612,0.001486277705889311,0.00018066458861634962
FDBH18,2023-07-21 00:24:08,86.04,15.0,9.0,85.935,85.96,0,0,14.993333333333334,9.0,86.04962483563033,86.06892226927815,0.0018061559864883691,0.00018066458861634962
FDBH18,2023-07-21 00:24:12,85.92,14.99,9.0,85.87833333333333,85.94,0,0,14.998333333333333,9.0,85.93954703563833,85.9507647038098,0.0018332905402915528,0.00018066458861634962
FDBH18,2023-07-21 00:24:16,85.87,15.0,9.0,85.84333333333332,85.92,0,0,14.995,9.0,85.88721027602459,85.9007647038098,0.0018061559864883691,0.00018066458861634962
FDBH18,2023-07-21 00:24:20,85.86,14.99,9.0,85.83,85.88,0,0,14.995,9.0,85.87000307260799,85.88723026927813,0.0018061559864883691,0.00018066458861634962
FDBH18,2023-07-21 00:24:24,85.88,14.99,9.0,85.80499999999999,85.83,0,0,14.991666666666667,9.0,85.88230989912195,85.90219250317611,0.0018061559864883691,0.00018066458861634962
FDBH18,2023-07-21 00:24:28,85.77,14.99,9.0,85.82166666666666,85.84,0,0,14.993333333333332,9.0,85.76794261446763,85.79005972568683,0.0019454123486441197,0.00016657256167017904
FDBH18,2023-07-21 00:24:32,85.84,14.99,9.0,85.84666666666665,85.89,0,0,14.995,9.0,85.83473010048421,85.85898435730516,0.0019287726288881879,0.00016657256167017904
FDBH18,2023-07-21 00:24:36,85.81,15.0,9.0,85.83666666666666,85.89,0,0,14.995,9.0,85.8047301004842,85.82808154110916,0.0019287726288881879,0.00016657256167017904
FDBH18,2023-07-21 00:24:40,85.82,14.99,9.0,85.77500000000002,85.81,0,0,14.991666666666667,9.0,85.81794261446763,85.84117108995699,0.0019454123486441197,0.00018066458861634962
FDBH18,2023-07-21 00:24:44,85.73,14.99,9.0,85.78166666666665,85.82,0,0,14.991666666666667,9.0,85.73183013033582,85.75219250317612,0.0016009106998075811,0.00017201554180839573
FDBH18,2023-07-21 00:24:47,85.76,15.0,9.0,85.76333333333334,85.82,0,0,14.991666666666667,9.0,85.75951151962467,85.78219250317612,0.0019322416199292955,0.00018066458861634962
FDBH18,2023-07-21 00:24:51,85.73,14.99,9.0,85.71999999999998,85.76,0,0,14.991666666666667,9.0,85.73183013033582,85.75219250317612,0.0016009106998075811,0.00018066458861634962
FDBH18,2023-07-21 00:24:55,85.73,14.99,9.0,85.64999999999999,85.76,0,0,14.995,9.0,85.72794261446764,85.74986239248334,0.0017845736324342432,0.00016657256167017904
FDBH18,2023-07-21 00:24:59,85.63,15.0,9.0,85.60500000000002,85.65,0,0,14.993333333333332,9.0,85.6247301004842,85.64630872826922,0.0019157143372995763,0.00016657256167017904
FDBH18,2023-07-21 00:25:03,85.62,15.0,9.0,85.52166666666666,85.6,0,0,14.993333333333334,9.0,85.61013290226369,85.63559185285948,0.0017907052328431374,0.00016657256167017904
FDBH18,2023-07-21 00:25:07,85.52,14.99,9.0,85.46,85.5,0,0,14.991666666666667,9.0,85.50244372169813,85.53202876528745,0.0019287726288881879,0.00016657256167017904
FDBH18,2023-07-21 00:25:11,85.45,14.99,9.0,85.40833333333332,85.43,0,0,14.995,9.0,85.42996634109329,85.45959320055745,0.0017907052328431374,0.00016657256167017904
FDBH18,2023-07-21 00:25:15,85.39,15.0,9.0,85.40833333333335,85.46,0,0,14.998333333333333,9.0,85.36215610631697,85.39871352967927,0.0019765784932724404,0.00016657256167017904
FDBH18,2023-07-21 00:25:19,85.43,15.0,9.0,85.36833333333334,85.4,0,0,14.995,9.0,85.40215610631698,85.43871352967928,0.001744083937010147,0.00016657256167017904
FDBH18,2023-07-21 00:25:23,85.39,15.0,9.0,85.40666666666665,85.45,0,0,14.995,9.0,85.36525845092497,85.39959320055745,0.0017907052328431374,0.00016657256167017904
FDBH18,2023-07-21 00:25:27,85.41,15.0,9.0,85.375,85.41,0,0,14.991666666666667,9.0,85.40057474806275,85.42422341349129,0.0019242726151307993,0.00016657256167017904
FDBH18,2023-07-21 00:25:31,85.34,14.99,9.0,85.34833333333334,85.41,0,0,14.996666666666668,9.0,85.33248571119155,85.35559185285948,0.0017907052328431374,0.00016657256167017904
FDBH18,2023-07-21 00:25:34,85.35,15.0,9.0,85.335,85.38,0,0,14.993333333333332,9.0,85.34548327626274,85.3687675469301,0.0019408735882997879,0.00016657256167017904
FDBH18,2023-07-21 00:25:38,85.3,14.99,9.0,85.38166666666667,85.42,0,0,14.995,9.0,85.29581175006257,85.31929847536267,0.0019454123486441197,0.00016657256167017904
FDBH18,2023-07-21 00:25:42,85.42,15.0,9.0,85.37,85.42,0,0,14.995,9.0,85.4205986134855,85.44219250317612,0.0019454123486441197,0.00018066458861634962
FDBH18,2023-07-21 00:25:46,85.36,15.0,9.0,85.33,85.39,0,0,14.993333333333334,9.0,85.36155672334341,85.38219250317611,0.0019454123486441197,0.00018066458861634962
FDBH18,2023-07-21 00:25:50,85.32,14.99,9.0,85.30666666666666,85.33,0,0,14.996666666666668,9.0,85.32586794249556,85.34448670261251,0.0016009106998075811,0.00017201554180839573
FDBH18,2023-07-21 00:25:54,85.32,14.99,9.0,85.26833333333333,85.31,0,0,14.996666666666668,9.0,85.31808891352034,85.34117108995699,0.0018061559864883691,0.00018066458861634962
FDBH18,2023-07-21 00:25:58,85.26,14.99,9.0,85.225,85.27,0,0,14.995,9.0,85.25869579024618,85.281171089957,0.0018061559864883691,0.00018066458861634962
FDBH18,2023-07-21 00:26:02,85.2,15.0,9.0,85.16333333333334,85.2,0,0,14.995,9.0,85.19656492584112,85.21929847536268,0.0018061559864883691,0.00016657256167017904
FDBH18,2023-07-21 00:26:06,85.16,15.0,9.0,85.11000000000001,85.14,0,0,14.996666666666668,9.0,85.15509258791738,85.17559185285947,0.0017907052328431374,0.00016657256167017904
FDBH18,2023-07-21 00:26:10,85.09,14.99,9.0,85.08166666666666,85.1,0,0,14.996666666666668,9.066666666666668,85.06710300570822,85.10202876528746,0.00211377529543372,0.00016657256167017904
FDBH18,2023-07-21 00:26:14,85.06,14.99,9.1,85.07000000000001,85.1,0,0,14.991666666666667,9.249999999999998,85.03962753606476,85.06901230501249,0.004932682469540559,0.00023522567597637707
FDBH18,2023-07-21 00:26:18,85.08,14.99,9.3,85.05833333333334,85.09,0,0,14.991666666666665,9.450000000000001,85.05828838931278,85.09051076185891,0.004876077013760396,0.0002317933014498217
FDBH18,2023-07-21 00:26:22,85.04,15.0,9.5,85.09166666666668,85.11,0,0,14.993333333333332,9.633333333333335,85.01828838931279,85.05144786974249,0.004149463709896114,0.0002317933014498217
FDBH18,2023-07-21 00:26:25,85.07,15.0,9.6,85.10333333333334,85.11,0,0,14.993333333333332,9.75,85.05522439409978,85.0850109573145,0.004597763560805267,0.0002317933014498217
FDBH18,2023-07-21 00:26:29,85.1,14.99,9.8,85.11333333333333,85.14,0,0,14.996666666666668,9.833333333333334,85.089967891373,85.11818665138513,0.004234618204551641,0.0002317933014498217
FDBH18,2023-07-21 00:26:33,85.09,15.0,9.8,85.11,85.14,0,0,14.993333333333332,9.9,85.088668793218,85.11204737421554,0.007723059961417742,0.00025140161099019735
FDBH18,2023-07-21 00:26:37,85.09,15.0,9.9,85.10666666666667,85.13,0,0,14.993333333333332,9.933333333333334,85.09532654620749,85.11686690905506,0.009468035602944765,0.00025376031985182006
FDBH18,2023-07-21 00:26:41,85.13,14.99,9.9,85.04833333333333,85.13,0,0,14.995,10.0,85.14077510321263,85.16016320570144,0.009828211119534854,0.00025376031985182006
FDBH18,2023-07-21 00:26:45,85.06,14.99,10.0,85.005,85.03,0,0,14.995,10.0,85.06636481238512,85.0876825961906,0.009520553124681527,0.00025376031985182006
FDBH18,2023-07-21 00:26:49,84.97,15.0,10.0,85.01,85.02,0,0,14.991666666666667,10.0,84.96838232589347,84.99204737421553,0.01043097964479527,0.0002665184485448732
FDBH18,2023-07-21 00:26:53,85.01,14.99,10.0,85.01666666666667,85.05,0,0,14.993333333333332,10.0,85.00401504123917,85.02871757981772,0.011843975893041384,0.0002317933014498217
FDBH18,2023-07-21 00:26:57,85.0,14.99,10.0,85.02166666666666,85.05,0,0,14.991666666666667,10.0,84.99080252725574,85.01730331236068,0.009268341419501787,0.0002317933014498217
FDBH18,2023-07-21 00:27:01,85.03,14.99,10.0,85.07,85.12,0,0,14.995,10.0,85.02080252725574,85.04820612855669,0.010263974719300831,0.0002317933014498217
FDBH18,2023-07-21 00:27:05,85.08,14.99,10.0,85.08166666666666,85.12,0,0,14.993333333333332,10.0,85.07401504123916,85.1009135493308,0.009268341419501787,0.00025140161099019735
FDBH18,2023-07-21 00:27:09,85.09,14.99,10.0,85.08,85.1,0,0,14.996666666666668,10.0,85.09276516123236,85.114339029525,0.009268341419501787,0.0002665184485448732
FDBH18,2023-07-21 00:27:12,85.1,15.0,10.0,85.10000000000001,85.13,0,0,14.995,10.0,85.1140645604647,85.12967270380979,0.0033861789618096186,0.00017201554180839573
FDBH18,2023-07-21 00:27:16,85.11,15.0,10.0,85.11166666666666,85.14,0,0,14.993333333333334,10.0,85.12797241873889,85.15217270657158,0.0034549488382294327,0.00018066458861634962
FDBH18,2023-07-21 00:27:20,85.14,14.99,10.0,85.13666666666667,85.18,0,0,14.993333333333332,10.0,85.1579724187389,85.18326470657158,0.0034549488382294327,0.00018066458861634962
FDBH18,2023-07-21 00:27:24,85.15,14.99,10.0,85.10666666666667,85.13,0,0,14.995,10.0,85.16721924296036,85.19326470657158,0.004218928329183572,0.00018066458861634962
FDBH18,2023-07-21 00:27:28,85.12,15.0,10.0,85.05833333333334,85.1,0,0,14.993333333333334,10.0,85.1379724187389,85.16326470657158,0.0034549488382294327,0.00018066458861634962
FDBH18,2023-07-21 00:27:32,85.02,14.99,10.0,85.02,85.04,0,0,14.995,10.0,85.02531682824325,85.04783026927814,0.004135014734047368,0.00017201554180839573
FDBH18,2023-07-21 00:27:36,85.04,14.99,10.0,85.03000000000002,85.09,0,0,14.998333333333335,10.0,85.04152964934279,85.06219250317612,0.003191285586429692,0.00017201554180839573
FDBH18,2023-07-21 00:27:40,85.04,15.0,10.0,85.03333333333332,85.09,0,0,14.996666666666668,10.0,85.03504483354601,85.061171089957,0.0034549488382294327,0.00016657256167017904
FDBH18,2023-07-21 00:27:44,85.01,14.99,10.0,85.03166666666667,85.06,0,0,14.993333333333332,10.0,85.00291396914093,85.02929847536268,0.0034549488382294327,0.00016657256167017904
FDBH18,2023-07-21 00:27:48,85.02,14.99,10.0,85.05666666666666,85.1,0,0,14.995,10.0,85.01291396914093,85.03878702410165,0.0034549488382294327,0.00016657256167017904
FDBH18,2023-07-21 00:27:52,85.06,15.0,10.0,85.06166666666667,85.1,0,0,14.991666666666667,10.0,85.055044833546,85.07986239248334,0.0037121892851338964,0.00016657256167017904
FDBH18,2023-07-21 00:27:56,85.02,14.99,10.0,85.02499999999999,85.1,0,0,14.995,10.0,85.02138335029008,85.04219250317611,0.004135014734047368,0.00017201554180839573
FDBH18,2023-07-21 00:27:59,85.03,15.0,10.0,84.98666666666666,85.04,0,0,14.991666666666667,10.0,85.03610418126958,85.05810025217879,0.004107081075791266,0.00017201554180839573
FDBH18,2023-07-21 00:28:03,84.93,14.99,10.0,84.98333333333333,85.01,0,0,14.991666666666667,10.0,84.93282386252123,84.95448670261253,0.004208476377672707,0.00017201554180839573
FDBH18,2023-07-21 00:28:07,84.98,14.99,10.0,84.97833333333332,85.02,0,0,14.993333333333332,10.0,84.97817917363565,85.00219250317612,0.004286773220153751,0.00018066458861634962
FDBH18,2023-07-21 00:28:11,85.0,14.99,10.0,84.96,85.02,0,0,14.991666666666667,10.0,84.99429165776746,85.021171089957,0.004293874333039817,0.00018066458861634962
FDBH18,2023-07-21 00:28:15,84.94,14.99,10.0,84.895,84.98,0,0,14.991666666666667,10.0,84.93429165776746,84.95986239248333,0.003899227827780106,0.00016657256167017904
FDBH18,2023-07-21 00:28:19,84.86,14.99,10.0,84.86833333333334,84.91,0,0,14.993333333333332,10.0,84.85107914378403,84.87808154110915,0.003899227827780106,0.00016657256167017904
FDBH18,2023-07-21 00:28:23,84.91,14.99,10.0,84.82666666666667,84.87,0,0,14.993333333333334,10.0,84.90068845543867,84.92559185285947,0.0038659412456394644,0.00016657256167017904
FDBH18,2023-07-21 00:28:27,84.82,14.99,10.0,84.81,84.84,0,0,14.993333333333332,10.0,84.81068845543867,84.83559185285947,0.0038659412456394644,0.00016657256167017904
FDBH18,2023-07-21 00:28:31,84.84,15.0,10.0,84.73333333333333,84.82,0,0,14.991666666666667,10.0,84.83144163121722,84.85559185285948,0.0034014549538027637,0.00016657256167017904
FDBH18,2023-07-21 00:28:35,84.68,14.99,10.0,84.695,84.71,0,0,14.995,10.0,84.66648194556352,84.6942234134913,0.003165678781940551,0.00016657256167017904
FDBH18,2023-07-21 00:28:39,84.71,14.99,10.0,84.665,84.71,0,0,14.991666666666667,10.0,84.69159534788282,84.72109165740387,0.003165678781940551,0.00016657256167017904
FDBH18,2023-07-21 00:28:43,84.61,14.99,10.0,84.64833333333333,84.68,0,0,14.995,10.0,84.59159534788283,84.62202416447451,0.002818917813622801,0.00016657256167017904
FDBH18,2023-07-21 00:28:47,84.67,15.0,10.0,84.61333333333333,84.67,0,0,14.995,10.0,84.65648194556351,84.68515592056194,0.003425441895080289,0.00016657256167017904
FDBH18,2023-07-21 00:28:50,84.67,15.0,10.0,84.565,84.65,0,0,14.995,10.0,84.65648194556351,84.68515592056194,0.003425441895080289,0.00016657256167017904
FDBH18,2023-07-21 00:28:54,84.51,14.99,10.0,84.52499999999999,84.57,0,0,14.995,10.0,84.49648194556352,84.52515592056194,0.0030503141583504054,0.00016657256167017904
FDBH18,2023-07-21 00:28:58,84.57,14.99,10.0,84.45833333333331,84.49,0,0,14.996666666666668,10.0,84.55587506883766,84.58515592056193,0.0030503141583504054,0.00016657256167017904
FDBH18,2023-07-21 00:29:02,84.46,15.0,10.0,84.39999999999999,84.46,0,0,14.991666666666667,10.0,84.4464819455635,84.47515592056193,0.003277526354331747,0.00016657256167017904
FDBH18,2023-07-21 00:29:06,84.4,14.99,10.0,84.33999999999999,84.38,0,0,14.991666666666665,10.0,84.3808421721043,84.41202416447452,0.0035302889860356454,0.00016657256167017904
FDBH18,2023-07-21 00:29:10,84.32,15.0,10.0,84.29666666666667,84.32,0,0,14.996666666666668,10.0,84.29365690133112,84.33052570762808,0.00289064891540586,0.00016657256167017904
FDBH18,2023-07-21 00:29:14,84.3,15.0,10.0,84.29833333333333,84.36,0,0,14.993333333333332,10.0,84.26980138094459,84.30964603674991,0.004223027955643013,0.00016657256167017904
FDBH18,2023-07-21 00:29:18,84.28,14.99,10.0,84.28999999999999,84.36,0,0,14.991666666666667,10.0,84.25290372555259,84.29052570762809,0.0035302889860356454,0.00016657256167017904
FDBH18,2023-07-21 00:29:22,84.33,14.99,10.0,84.20833333333333,84.25,0,0,14.995,10.0,84.30879276499796,84.34296127235808,0.0035930459842193818,0.00016657256167017904
FDBH18,2023-07-21 00:29:26,84.21,14.99,10.0,84.105,84.2,0,0,14.996666666666668,10.0,84.18818588827212,84.22296127235808,0.0035302889860356454,0.00016657256167017904
FDBH18,2023-07-21 00:29:30,84.1,14.99,10.0,83.995,84.04,0,0,14.995,10.0,84.07879276499796,84.11296127235808,0.0035302889860356454,0.00016657256167017904
FDBH18,2023-07-21 00:29:34,83.97,14.99,10.0,83.86833333333333,83.95,0,0,14.996666666666664,10.0,83.94775791477362,83.98052570762809,0.00289064891540586,0.00016657256167017904
FDBH18,2023-07-21 00:29:37,83.88,15.0,10.0,83.78499999999998,83.86,0,0,14.991666666666667,10.0,83.84306327523946,83.88863446379989,0.0033017236771621765,0.00016657256167017904
FDBH18,2023-07-21 00:29:41,83.77,14.99,10.0,83.72,83.78,0,0,14.995,10.0,83.72756070950581,83.7790010986707,0.0038444237667464615,0.00016657256167017904
FDBH18,2023-07-21 00:29:45,83.69,15.0,10.0,83.705,83.74,0,0,14.993333333333332,10.0,83.64512177038382,83.69398016401068,0.004544709150852271,0.00016657256167017904
FDBH18,2023-07-21 00:29:49,83.73,15.0,10.0,83.73333333333333,83.79,0,0,14.995,10.0,83.68357457210804,83.73398016401069,0.004187141050341429,0.00016657256167017904
FDBH18,2023-07-21 00:29:53,83.71,14.99,10.0,83.77000000000001,83.8,0,0,14.998333333333335,10.0,83.66695383277997,83.7190010986707,0.0033779777922799794,0.00016657256167017904
FDBH18,2023-07-21 00:29:57,83.76,14.99,10.0,83.81666666666666,83.85,0,0,14.996666666666668,10.0,83.72170322273509,83.77146196837569,0.003932440439652496,0.00016657256167017904
FDBH18,2023-07-21 00:30:01,83.82,15.0,10.0,83.84166666666665,83.89,0,0,14.991666666666667,10.0,83.80395034973354,83.83652435993011,0.0031060049993522376,0.00016657256167017904
FDBH18,2023-07-21 00:30:05,83.84,14.99,10.0,83.885,83.92,0,0,14.991666666666667,10.0,83.83615737300283,83.86561654288667,0.0035302889860356454,0.00018066458861634962
FDBH18,2023-07-21 00:30:09,83.86,14.99,10.0,83.90833333333333,83.95,0,0,14.995,10.0,83.87562651375771,83.90983774617374,0.0035302889860356454,0.00018066458861634962
FDBH18,2023-07-21 00:30:13,83.95,15.0,10.0,83.94,83.98,0,0,14.991666666666667,10.0,83.97609083006378,83.99983774617374,0.003506426105338451,0.00018066458861634962
FDBH18,2023-07-21 00:30:17,83.95,14.99,10.0,83.94,83.98,0,0,14.996666666666668,10.0,83.98142144069692,84.00547251058576,0.0035302889860356454,0.00018066458861634962
FDBH18,2023-07-21 00:30:21,83.95,15.0,10.0,83.925,83.96,0,0,14.991666666666667,10.0,83.97609083006378,83.99983774617374,0.003506426105338451,0.00018066458861634962
FDBH18,2023-07-21 00:30:25,83.96,14.99,10.0,83.86833333333334,83.93,0,0,14.996666666666668,8.216666666666667,83.98713678330623,84.02382460427009,0.020190766954208218,0.00018066458861634962
FDBH18,2023-07-21 00:30:28,83.87,15.0,9.8,83.78333333333333,83.86,0,0,14.998333333333333,4.616666666666666,83.8844151377705,83.91366726106881,0.10337070679361596,0.000270882085681012
FDBH18,2023-07-21 00:30:32,83.78,15.0,3.7,83.69333333333333,83.76,0,0,14.991666666666667,1.0666666666666667,83.78881158251139,83.82212094381366,0.16173035039338776,0.0003617487282748189
FDBH18,2023-07-21 00:30:36,83.68,14.99,0.5,83.61,83.69,0,0,14.993333333333334,0.11731016731016732,83.59785786228088,83.69316761765732,0.014255979648511188,0.00021187844193891714
FDBH18,2023-07-21 00:30:40,83.61,14.99,0.10077220077220078,83.52666666666667,83.57,0,0,14.995,0.10212355212355213,83.43392335981615,83.59484169276267,0.0022407923056990695,0.00025761878881303094
FDBH18,2023-07-21 00:30:44,83.54,15.0,0.10231660231660232,83.47,83.49,0,0,14.995,0.10366795366795367,83.28725475393472,83.47265779660755,0.002048945323927659,0.00024167086106789863
FDBH18,2023-07-21 00:30:48,83.49,15.0,0.10386100386100387,83.48666666666666,83.55,0,0,14.991666666666667,0.10521235521235521,83.24697321861889,83.43334786428747,0.0014779625360055635,0.0002534300100220185
FDBH18,2023-07-21 00:30:52,83.47,14.99,0.10540540540540541,83.495,83.55,0,0,14.993333333333332,0.10675675675675676,83.45410990784553,83.45220867903345,0.00158233716491047,0.0002534300100220185
FDBH18,2023-07-21 00:30:56,83.51,15.0,0.10694980694980695,83.49000000000001,83.55,0,0,14.995,0.10830115830115832,83.48930580477855,83.51917432500707,0.000980261847583056,0.00017178617369624852
FDBH18,2023-07-21 00:31:00,83.55,14.99,0.1084942084942085,83.51666666666667,83.54,0,0,14.995,0.10984555984555984,83.53112891943805,83.57522439711595,0.0014234250211357582,0.00019000446430035258
FDBH18,2023-07-21 00:31:04,83.5,14.99,0.11003861003861004,83.52833333333334,83.54,0,0,14.993333333333332,0.11138996138996139,83.49516685223654,83.53087506103867,0.001563394716254283,0.00019000446430035258
FDBH18,2023-07-21 00:31:08,83.54,14.99,0.1115830115830116,83.52666666666666,83.58,0,0,14.993333333333334,0.11293436293436293,83.54565277060355,83.56802561743875,0.0008924262590601222,0.0001762967024423791
FDBH18,2023-07-21 00:31:12,83.56,14.99,0.11312741312741313,83.495,83.52,0,0,14.995,0.11447876447876448,83.57700101515034,83.59509610254138,0.0008873232091281646,0.00019541425853438052
FDBH18,2023-07-21 00:31:15,83.48,15.0,0.1142857142857143,83.5,83.51,0,0,14.996666666666668,0.11563706563706562,83.49885631322377,83.51509610254138,0.0008873232091281646,0.00019541425853438052
FDBH18,2023-07-21 00:31:19,83.51,15.0,0.11583011583011583,83.49666666666667,83.51,0,0,14.995,0.1171814671814672,83.52428030597905,83.5443989552548,0.0008873232091281646,0.00019541425853438052
FDBH18,2023-07-21 00:31:23,83.51,15.0,0.11737451737451737,83.48,83.51,0,0,15.003333333333332,0.11872586872586872,83.52034062020569,83.55026898490402,0.0008299416951862412,0.00020320962193784046
FDBH18,2023-07-21 00:31:27,83.49,14.99,0.11891891891891893,83.55000000000001,83.65,0,0,15.073333333333332,0.12027027027027028,83.503319854211,83.56777755024467,0.000981426971396746,0.00020320962193784046
FDBH18,2023-07-21 00:31:31,83.55,15.09,0.12046332046332046,83.765,83.87,0,0,15.125,0.12181467181467182,83.55996298368204,83.59462913316867,0.0010926753370131446,0.00047896597587091753
FDBH18,2023-07-21 00:31:35,83.84,15.13,0.12200772200772202,83.95333333333333,84.11,0,0,15.136666666666668,0.12335907335907337,83.88073697880901,83.92047871274248,0.0009844835370622742,0.0004186424195938665
FDBH18,2023-07-21 00:31:39,83.96,15.14,0.12355212355212356,84.15833333333335,84.22,0,0,15.255000000000003,0.1249034749034749,84.09551530828408,84.25812794916618,0.00116414372911181,0.00025873155225431894
FDBH18,2023-07-21 00:31:43,84.22,15.23,0.1250965250965251,84.25166666666668,84.36,0,0,15.435,0.12644787644787644,84.37797443697505,84.57269687943096,0.0018981715001613944,0.0002660697045385235
FDBH18,2023-07-21 00:31:47,84.24,15.44,0.12664092664092663,84.415,84.53,0,0,15.49,0.127992277992278,84.3335060400566,84.41025852745176,0.0011722749050684103,0.0002660697045385235
FDBH18,2023-07-21 00:31:51,84.45,15.5,0.12818532818532818,84.57,84.65,0,0,15.49,0.12953667953667952,84.51025925902368,84.59021927680347,0.00131179254251088,0.00025428428916914026
FDBH18,2023-07-21 00:31:55,84.57,15.49,0.12972972972972974,84.64166666666667,84.7,0,0,15.491666666666667,0.13108108108108107,84.65089047663061,84.71722584904502,0.0013238120428491233,0.00025428428916914026
FDBH18,2023-07-21 00:31:59,84.7,15.49,0.1312741312741313,84.65333333333332,84.72,0,0,15.51,0.13262548262548265,84.77498334149098,84.86815323200811,0.0013423411118746531,0.00025428428916914026
FDBH18,2023-07-21 00:32:03,84.62,15.5,0.13281853281853281,84.75333333333334,84.8,0,0,15.57,0.13416988416988418,84.71679130293643,84.83874200638463,0.0011722749050684103,0.0002660697045385235
FDBH18,2023-07-21 00:32:06,84.75,15.58,0.133976833976834,84.83,84.89,0,0,15.598333333333334,0.13532818532818533,84.83605527006851,84.92376394677989,0.0010497838283248147,0.00025218503367500136
FDBH18,2023-07-21 00:32:10,84.87,15.59,0.13552123552123552,84.92333333333333,85.03,0,0,15.655000000000001,0.13687258687258688,84.96960292790902,85.077838285196,0.0009800979001502548,0.0002660697045385235
FDBH18,2023-07-21 00:32:14,84.87,15.67,0.13706563706563707,85.02166666666666,85.06,0,0,15.688333333333333,0.1384169884169884,84.95960390149168,85.02501054640827,0.0009800979001502548,0.00025218503367500136
FDBH18,2023-07-21 00:32:18,85.06,15.69,0.13861003861003862,85.02,85.03,0,0,15.691666666666665,0.13996138996138996,85.14144364269679,85.19285609521981,0.0010456898614242078,0.00025218503367500136
FDBH18,2023-07-21 00:32:22,85.02,15.69,0.14015444015444017,85.00666666666667,85.03,0,0,15.691666666666665,0.14150579150579154,85.09478354795492,85.12948085672802,0.001004962697126942,0.00025218503367500136
FDBH18,2023-07-21 00:32:26,85.0,15.69,0.1416988416988417,84.90666666666668,85.03,0,0,15.691666666666665,0.14305019305019306,85.06567953315492,85.10948085672803,0.0009810449267817702,0.00025218503367500136
FDBH18,2023-07-21 00:32:30,84.85,15.7,0.14324324324324325,84.84499999999998,84.88,0,0,15.691666666666668,0.1445945945945946,84.90655362989447,84.95286867285391,0.00097798194560885,0.00025218503367500136
FDBH18,2023-07-21 00:32:34,84.86,15.69,0.14478764478764478,84.84166666666668,84.87,0,0,15.696666666666667,0.14613899613899614,84.90336816923994,84.95082339096425,0.0009810449267817702,0.00031023706184808947
FDBH18,2023-07-21 00:32:38,84.87,15.7,0.14633204633204633,84.88166666666667,84.94,0,0,15.75,0.1476833976833977,84.88227463768861,84.9468700651473,0.0011146294385686248,0.00026878819101815545
FDBH18,2023-07-21 00:32:42,84.86,15.78,0.14787644787644788,84.94833333333334,84.98,0,0,15.85666666666667,0.14922779922779925,84.8666781841734,84.92880455415667,0.0011146294385686248,0.0002683556071624675
FDBH18,2023-07-21 00:32:46,84.96,15.89,0.14942084942084943,84.955,84.98,0,0,15.893333333333333,0.15077220077220077,84.9734658167293,85.00119252568408,0.0010187627603093954,0.0002950168473964046
FDBH18,2023-07-21 00:32:50,84.98,15.9,0.15096525096525099,84.96000000000001,84.98,0,0,15.893333333333333,0.15231660231660232,84.99678807918154,85.03412031800865,0.0010155821376641974,0.0003404936001894725
FDBH18,2023-07-21 00:32:53,84.97,15.89,0.15212355212355214,85.01666666666667,85.11,0,0,15.93,0.15347490347490347,85.01124269523494,85.0689653513303,0.0010107067230733253,0.0003190355488197669
FDBH18,2023-07-21 00:32:57,85.02,15.95,0.15366795366795366,85.07666666666667,85.11,0,0,15.981666666666667,0.155019305019305,85.07081637294041,85.13818692422133,0.0010194342836551376,0.0003190355488197669
FDBH18,2023-07-21 00:33:01,85.05,15.99,0.1552123552123552,85.09666666666666,85.15,0,0,15.991666666666667,0.15656370656370658,85.10331997416763,85.13805370474367,0.0009693372587842066,0.00025218503367500136
FDBH18,2023-07-21 00:33:05,85.15,15.99,0.15675675675675677,85.12,85.18,0,0,15.993333333333332,0.15810810810810813,85.21036650134478,85.24057271307855,0.0009693372587842066,0.00025218503367500136
FDBH18,2023-07-21 00:33:09,85.12,15.99,0.15830115830115832,85.13833333333334,85.18,0,0,15.993333333333334,0.15965250965250966,85.18102337960597,85.21818739879964,0.0009693372587842066,0.00025218503367500136
FDBH18,2023-07-21 00:33:13,85.1,15.99,0.15984555984555984,85.12833333333334,85.17,0,0,15.993333333333332,0.1611969111969112,85.14954374160816,85.18805370474367,0.0009693372587842066,0.0002452297240628515
FDBH18,2023-07-21 00:33:17,85.17,15.99,0.1613899613899614,85.11,85.14,0,0,15.993333333333334,0.16274131274131276,85.2164985415905,85.2630133832017,0.0009736043934889032,0.00023870521355814247
FDBH18,2023-07-21 00:33:21,85.12,15.99,0.16293436293436292,85.10000000000001,85.14,0,0,15.993333333333332,0.16428571428571428,85.1662990212645,85.19827580925728,0.0008907205809140728,0.00023870521355814247
FDBH18,2023-07-21 00:33:25,85.04,15.99,0.16447876447876447,85.09833333333334,85.15,0,0,15.99,0.16583011583011584,85.0585180352187,85.08238735192757,0.0010383236915506408,0.00023870521355814247
FDBH18,2023-07-21 00:33:29,85.13,15.99,0.16602316602316602,85.10666666666667,85.17,0,0,15.995,0.16737451737451736,85.14559792479965,85.16917631016739,0.0008574751311566908,0.0001762967024423791
FDBH18,2023-07-21 00:33:33,85.12,16.0,0.16756756756756758,85.14166666666667,85.17,0,0,15.996666666666668,0.16891891891891894,85.12582292225348,85.15449497235134,0.0008624066711410891,0.00019541425853438052
FDBH18,2023-07-21 00:33:37,85.11,16.0,0.16911196911196913,85.14333333333333,85.18,0,0,16.003333333333334,0.17046332046332047,85.12165823902629,85.14752474350179,0.0008624066711410891,0.00019541425853438052
FDBH18,2023-07-21 00:33:40,85.18,15.99,0.17027027027027028,85.17999999999999,85.26,0,0,16.038333333333334,0.17162162162162165,85.19936164560835,85.2245924986058,0.0008884846416502585,0.00020617391852886352
FDBH18,2023-07-21 00:33:44,85.18,16.05,0.1718146718146718,85.24,85.26,0,0,16.088333333333335,0.17316602316602314,85.19994815805889,85.24368146092733,0.0010981334384524036,0.0003622148347370014
FDBH18,2023-07-21 00:33:48,85.21,16.09,0.17335907335907336,85.31833333333333,85.41,0,0,16.146666666666665,0.17471042471042472,85.26330711118122,85.31940204436788,0.0009747541566010561,0.000251847906539674
FDBH18,2023-07-21 00:33:52,85.34,16.16,0.1749034749034749,85.45166666666667,85.5,0,0,16.188333333333333,0.17625482625482625,85.39034587930344,85.44751470006885,0.0010307535142905014,0.00031023706184808947
FDBH18,2023-07-21 00:33:56,85.49,16.19,0.17644787644787646,85.51833333333333,85.58,0,0,16.198333333333334,0.17779922779922783,85.52938515759692,85.59527514205021,0.0010307535142905014,0.00025218503367500136
FDBH18,2023-07-21 00:34:00,85.5,16.19,0.17799227799227801,85.61500000000001,85.68,0,0,16.25833333333333,0.17934362934362935,85.51994225696407,85.634724437308,0.0010307535142905014,0.0002660697045385235
FDBH18,2023-07-21 00:34:04,85.63,16.28,0.17953667953667954,85.72666666666667,85.79,0,0,16.3,0.18088803088803088,85.64916173235436,85.75344153612026,0.0010558818938110747,0.00025218503367500136
FDBH18,2023-07-21 00:34:08,85.74,16.29,0.1810810810810811,85.82166666666667,85.88,0,0,16.361666666666668,0.18243243243243246,85.795148311595,85.93964451339977,0.0009340738591959114,0.0002660697045385235
FDBH18,2023-07-21 00:34:12,85.82,16.39,0.18262548262548262,85.91333333333334,85.98,0,0,16.393333333333334,0.18397683397683395,85.83444091493553,85.95227700914468,0.0008248375826122637,0.00025218503367500136
FDBH18,2023-07-21 00:34:16,85.92,16.39,0.18416988416988417,86.00333333333333,86.05,0,0,16.393333333333334,0.18552123552123553,85.93935030389274,86.05227700914469,0.0008248375826122637,0.00025218503367500136
FDBH18,2023-07-21 00:34:20,86.02,16.39,0.18571428571428572,86.04333333333334,86.05,0,0,16.39,0.18706563706563706,86.03877704563804,86.14167676815218,0.0007469315436407103,0.00025218503367500136
FDBH18,2023-07-21 00:34:24,86.05,16.39,0.18725868725868727,86.03500000000001,86.05,0,0,16.395,0.18861003861003864,86.06469663290491,86.18227700914468,0.0007553934842255904,0.00025218503367500136
FDBH18,2023-07-21 00:34:28,86.04,16.4,0.18880308880308883,85.99166666666667,86.03,0,0,16.396666666666665,0.19015444015444016,86.06676639926128,86.16167676815219,0.000928111670151104,0.00025218503367500136
FDBH18,2023-07-21 00:34:31,86.0,16.39,0.18996138996138995,85.96,85.98,0,0,16.401666666666667,0.19131274131274134,86.01561005540057,86.11314029916133,0.0009334168521110344,0.0002452297240628515
FDBH18,2023-07-21 00:34:35,85.95,16.4,0.1915057915057915,85.995,86.04,0,0,16.416666666666668,0.19285714285714284,85.96137771080855,86.0481506195731,0.000966408740594617,0.00023870521355814247
FDBH18,2023-07-21 00:34:39,86.01,16.42,0.19305019305019305,86.11166666666666,86.21,0,0,16.42,0.19440154440154442,86.02574792476031,86.06462466594628,0.0009454877942350283,0.00023870521355814247
FDBH18,2023-07-21 00:34:43,86.12,16.42,0.1945945945945946,86.17999999999999,86.21,0,0,16.42,0.19594594594594594,86.13101926061718,86.1698600872829,0.00124276257744951,0.00032678435892422893
FDBH18,2023-07-21 00:34:47,86.18,16.42,0.19613899613899616,86.14166666666667,86.17,0,0,16.433333333333334,0.19749034749034752,86.1946724802741,86.23886319445471,0.0010973690569221536,0.00032678435892422893
FDBH18,2023-07-21 00:34:51,86.11,16.42,0.19768339768339768,86.15666666666668,86.18,0,0,16.485,0.19903474903474905,86.13014715634296,86.19530411161936,0.0009740755723664993,0.0003447748637431123
FDBH18,2023-07-21 00:34:55,86.18,16.49,0.19922779922779923,86.14333333333333,86.17,0,0,16.49833333333333,0.31660231660231664,86.13630531870061,86.24987230987843,0.002193805252597354,0.00023870521355814247
FDBH18,2023-07-21 00:34:59,86.15,16.5,0.3,86.10000000000001,86.13,0,0,16.5,0.7166666666666667,86.10312386348885,86.21952749728949,0.0017886512159617912,0.0008165424831095633
FDBH18,2023-07-21 00:35:03,86.09,16.5,0.7,86.11833333333334,86.16,0,0,16.5,1.2333333333333332,86.03716981037576,86.15876945002404,0.002320923413101903,0.0003064081532241303
FDBH18,2023-07-21 00:35:07,86.13,16.5,1.3,86.13166666666666,86.16,0,0,16.5,1.7166666666666668,86.0870818313028,86.20638989479873,0.0020987212118500982,0.0003295462658957857
FDBH18,2023-07-21 00:35:11,86.14,16.5,1.8,86.07833333333332,86.13,0,0,16.49833333333333,2.0500000000000003,86.08891329866188,86.25540880917951,0.002426677420334745,0.00038343986341314226
FDBH18,2023-07-21 00:35:15,86.08,16.5,2.1,86.04,86.06,0,0,16.494999999999997,2.3000000000000003,86.02813107825995,86.18193633828974,0.005914806100979059,0.00034898812746537956
FDBH18,2023-07-21 00:35:18,86.05,16.49,2.3,85.98666666666666,86.06,0,0,16.49833333333333,2.4166666666666665,85.98486505856498,86.13011961100023,0.004857055856087158,0.00021206598458014378
FDBH18,2023-07-21 00:35:22,85.97,16.5,2.4,85.85666666666667,85.95,0,0,16.49833333333333,2.5833333333333335,85.90326482496825,86.03658498493496,0.0017668623897111753,0.00019311165641228592
FDBH18,2023-07-21 00:35:26,85.81,16.5,2.6,85.73666666666666,85.8,0,0,16.5,2.683333333333333,85.73768995196309,85.8733898136928,0.0052107349007462205,0.00018014807811990904
FDBH18,2023-07-21 00:35:30,85.72,16.5,2.7,85.705,85.76,0,0,16.5,2.766666666666667,85.6323462280058,85.77714339590484,0.0011037504345530519,0.00018014807811990904
FDBH18,2023-07-21 00:35:34,85.71,16.5,2.8,85.72666666666667,85.76,0,0,16.49833333333333,2.8333333333333335,85.61662369970469,85.76318949076212,0.0014641618035996689,0.00018014807811990904
FDBH18,2023-07-21 00:35:38,85.75,16.5,2.8,85.67999999999999,85.72,0,0,16.49833333333333,2.9,85.65677107484068,85.80318949076212,0.0019965428687495567,0.00018014807811990904
FDBH18,2023-07-21 00:35:42,85.66,16.5,2.9,85.70833333333333,85.73,0,0,16.5,2.9,85.56699883399756,85.71318949076212,0.0017948126832059682,0.00021133698324072325
FDBH18,2023-07-21 00:35:46,85.73,16.5,2.9,85.70333333333333,85.72,0,0,16.49833333333333,2.9,85.64226139721191,85.78714339590485,0.001548002006669522,0.0001845300399318191
FDBH18,2023-07-21 00:35:50,85.7,16.5,2.9,85.73333333333333,85.77,0,0,16.49833333333333,2.9166666666666665,85.62789959183226,85.7622639223178,0.0016297511721685347,0.0001845300399318191
FDBH18,2023-07-21 00:35:54,85.73,16.5,2.9,85.72333333333334,85.77,0,0,16.496666666666666,2.983333333333333,85.66470813311723,85.79146478624965,0.0013667512065527324,0.00020014096416484247
FDBH18,2023-07-21 00:35:58,85.7,16.5,3.0,85.705,85.73,0,0,16.5,3.0,85.63965871234845,85.77022089378825,0.0007391629287994269,0.00021649938858373026
FDBH18,2023-07-21 00:36:02,85.71,16.5,3.0,85.66666666666667,85.7,0,0,16.49833333333333,3.0,85.64895859437682,85.7874529452792,0.0006655259222484184,0.00021649938858373026
FDBH18,2023-07-21 00:36:06,85.7,16.5,3.0,85.63166666666666,85.64,0,0,16.49833333333333,3.0,85.64009695827802,85.77692072911235,0.0006655259222484184,0.00021649938858373026
FDBH18,2023-07-21 00:36:09,85.64,16.5,3.0,85.63499999999999,85.65,0,0,16.49833333333333,3.0,85.58100944387802,85.7088868524925,0.0006655259222484184,0.00021649938858373026
FDBH18,2023-07-21 00:36:13,85.63,16.5,3.0,85.63666666666667,85.65,0,0,16.5,3.0,85.56484599599584,85.69415267482462,0.0006655259222484184,0.0001845300399318191
FDBH18,2023-07-21 00:36:17,85.65,16.5,3.0,85.59833333333334,85.62,0,0,16.49833333333333,3.0,85.58499337113183,85.71415267482463,0.0006931064629533639,0.0001845300399318191
FDBH18,2023-07-21 00:36:21,85.6,16.5,3.0,85.57499999999999,85.6,0,0,16.49833333333333,3.0,85.53223051169424,85.66923886923358,0.0008424216001217136,0.0001845300399318191
FDBH18,2023-07-21 00:36:25,85.57,16.5,3.0,85.545,85.6,0,0,16.5,3.0,85.49974816528875,85.63243203087315,0.0005001891344126932,0.00015397358283969012
FDBH18,2023-07-21 00:36:29,85.53,16.5,3.0,85.52,85.58,0,0,16.49833333333333,3.0,85.45974816528876,85.59243203087316,0.0005001891344126932,0.00015397358283969012
FDBH18,2023-07-21 00:36:33,85.51,16.5,3.0,85.60166666666667,85.65,0,0,16.49833333333333,3.0,85.43974816528876,85.57243203087316,0.0005001891344126932,0.00015397358283969012
FDBH18,2023-07-21 00:36:37,85.6,16.5,3.0,85.61333333333334,85.65,0,0,16.5,3.0,85.53230617073264,85.66384629833018,0.0005001891344126932,0.00015397358283969012
FDBH18,2023-07-21 00:36:41,85.61,16.5,3.0,85.555,85.6,0,0,16.5,3.0,85.54592027960841,85.67674032614363,0.0005001891344126932,0.00016699991509743758
FDBH18,2023-07-21 00:36:45,85.55,16.5,3.0,85.47166666666665,85.52,0,0,16.5,3.0,85.48729375446852,85.61674032614363,0.0005001891344126932,0.00016699991509743758
FDBH18,2023-07-21 00:36:49,85.45,16.5,3.0,85.42833333333333,85.45,0,0,16.49833333333333,3.0,85.38606765474441,85.51674032614363,0.0005001891344126932,0.00016699991509743758
FDBH18,2023-07-21 00:36:53,85.42,16.5,3.0,85.45,85.48,0,0,16.49833333333333,3.0,85.35245354586864,85.48409653615057,0.0004959047183897208,0.00015397358283969012
FDBH18,2023-07-21 00:36:56,85.46,16.5,3.0,85.41666666666667,85.48,0,0,16.496666666666666,3.0,85.38960079015277,85.52353218027265,0.0004959047183897208,0.00015397358283969012
FDBH18,2023-07-21 00:37:00,85.39,16.49,3.0,85.34499999999998,85.39,0,0,16.49833333333333,3.0,85.31321168981367,85.45013967582697,0.00047094815130742243,0.00015397358283969012
FDBH18,2023-07-21 00:37:04,85.33,16.5,3.0,85.31166666666667,85.33,0,0,16.49833333333333,3.0,85.2473144113667,85.38745471414403,0.0004959047183897208,0.00015397358283969012
FDBH18,2023-07-21 00:37:08,85.29,16.5,3.0,85.26333333333334,85.33,0,0,16.49833333333333,3.016666666666667,85.20731441136671,85.34651760626046,0.0005226531684413556,0.00015397358283969012
FDBH18,2023-07-21 00:37:12,85.25,16.5,3.0,85.245,85.28,0,0,16.5,3.133333333333333,85.16664480641074,85.30745471414403,0.0005527349088382502,0.00015397358283969012
FDBH18,2023-07-21 00:37:16,85.28,16.5,3.2,85.22333333333334,85.26,0,0,16.5,3.3333333333333335,85.2066523785383,85.34489206899828,0.002351206698586765,0.00016701028706754922
FDBH18,2023-07-21 00:37:20,85.22,16.5,3.4,85.205,85.24,0,0,16.496666666666666,3.516666666666667,85.14665237853829,85.28489206899827,0.0029770603525954313,0.00016701028706754922
FDBH18,2023-07-21 00:37:24,85.21,16.5,3.5,85.28166666666668,85.35,0,0,16.49833333333333,3.65,85.13665237853829,85.27489206899827,0.002483487599791502,0.00016701028706754922
FDBH18,2023-07-21 00:37:28,85.3,16.5,3.7,85.33333333333333,85.35,0,0,16.5,3.733333333333334,85.23521368100316,85.36626050836645,0.0025733490676197904,0.00016701028706754922
FDBH18,2023-07-21 00:37:32,85.33,16.5,3.7,85.34166666666668,85.37,0,0,16.49833333333333,3.8166666666666664,85.27487978408031,85.39659519718303,0.0021938284033012614,0.00019902452025019976
FDBH18,2023-07-21 00:37:36,85.36,16.49,3.8,85.355,85.39,0,0,16.5,3.883333333333333,85.30431078191211,85.40705049987544,0.0020750818861174558,0.00019902452025019976
FDBH18,2023-07-21 00:37:40,85.37,16.5,3.9,85.32833333333333,85.35,0,0,16.496666666666666,3.9,85.31567755137627,85.41901338919463,0.001991017655953439,0.00019902452025019976
FDBH18,2023-07-21 00:37:43,85.34,16.49,3.9,85.32333333333332,85.34,0,0,16.494999999999997,3.9333333333333336,85.28005340895241,85.38777330656104,0.002151363791573206,0.00019902452025019976
FDBH18,2023-07-21 00:37:47,85.32,16.49,3.9,85.36166666666666,85.41,0,0,16.49833333333333,4.0,85.27246425784394,85.36955070041671,0.002264375027950859,0.00019902452025019976
FDBH18,2023-07-21 00:37:51,85.37,16.5,4.0,85.43833333333333,85.49,0,0,16.496666666666666,4.0,85.32752062108887,85.41841170070768,0.0018732349700496843,0.00019902452025019976
FDBH18,2023-07-21 00:37:55,85.46,16.49,4.0,85.47499999999998,85.51,0,0,16.49333333333333,4.0,85.41278821842178,85.5048687507363,0.0018732349700496843,0.00019902452025019976
FDBH18,2023-07-21 00:37:59,85.49,16.5,4.0,85.45166666666665,85.46,0,0,16.49333333333333,4.0,85.44752062108886,85.5410877607527,0.0017243884948402511,0.00019902452025019976
FDBH18,2023-07-21 00:38:03,85.46,16.5,4.0,85.44166666666666,85.48,0,0,16.49,4.0,85.22806628155948,85.50726836529702,0.0018003616646528693,0.00019902452025019976
FDBH18,2023-07-21 00:38:07,85.42,16.49,4.0,85.42666666666668,85.48,0,0,16.496666666666666,4.0,85.37269201700083,85.46860903391118,0.0018684636948278167,0.00019902452025019976
FDBH18,2023-07-21 00:38:11,85.42,16.5,4.0,85.34833333333334,85.42,0,0,16.49833333333333,4.0,85.37752062108886,85.46860903391118,0.0016361939811561092,0.00019902452025019976
FDBH18,2023-07-21 00:38:15,85.32,16.5,4.0,85.33833333333332,85.35,0,0,16.49833333333333,4.0,85.2654018844143,85.36623735769463,0.0016280687463139318,0.00019902452025019976
FDBH18,2023-07-21 00:38:19,85.32,16.5,4.0,85.37166666666666,85.41,0,0,16.49833333333333,4.0,85.25730894822371,85.38313467407535,0.0006993748041570758,0.0001511442654131982
FDBH18,2023-07-21 00:38:23,85.38,16.5,4.0,85.38666666666666,85.41,0,0,16.5,4.0,85.31460356764384,85.4400451252275,0.0006993748041570758,0.00013935453362678694
FDBH18,2023-07-21 00:38:27,85.39,16.5,4.0,85.40666666666668,85.44,0,0,16.494999999999997,4.0,85.3256852172222,85.45363182477155,0.0006379635022866944,0.00013935453362678694
FDBH18,2023-07-21 00:38:31,85.44,16.49,4.0,85.41166666666665,85.44,0,0,16.49333333333333,4.0,85.37656623594457,85.50313467407535,0.0006993748041570758,0.0001511442654131982
FDBH18,2023-07-21 00:38:34,85.38,16.49,4.0,85.40333333333332,85.41,0,0,16.491666666666664,4.0,85.14660181438207,85.44645028673088,0.0006993748041570758,0.0001511442654131982
FDBH18,2023-07-21 00:38:38,85.41,16.49,4.0,85.37500000000001,85.4,0,0,16.495,4.0,85.34692112601509,85.45167949958217,0.0007334588446186486,0.0001511442654131982
FDBH18,2023-07-21 00:38:42,85.37,16.5,4.0,85.33666666666666,85.36,0,0,16.5,4.0,85.31935647240944,85.41392442382384,0.0006557492719698879,0.00014880547348886057
FDBH18,2023-07-21 00:38:46,85.31,16.5,4.0,85.37,85.39,0,0,16.496666666666666,4.0,85.25456314305032,85.37645028673089,0.0005753994156487469,0.00014880547348886057
FDBH18,2023-07-21 00:38:50,85.37,16.5,4.0,85.335,85.37,0,0,16.495,4.0,85.31402745045683,85.43549012859022,0.0005753994156487469,0.00014880547348886057
FDBH18,2023-07-21 00:38:54,85.31,16.5,4.0,85.27166666666666,85.31,0,0,16.49833333333333,4.0,85.250090979098,85.37415608729448,0.0005753994156487469,0.00014880547348886057
FDBH18,2023-07-21 00:38:58,85.24,16.5,4.0,85.25833333333334,85.27,0,0,16.496666666666666,4.0,85.1756852172222,85.30075060822,0.0006993748041570758,0.00013935453362678694
FDBH18,2023-07-21 00:39:02,85.27,16.5,4.0,85.22500000000001,85.25,0,0,16.496666666666666,4.0,85.20460356764384,85.329847792024,0.0006993748041570758,0.00013935453362678694
FDBH18,2023-07-21 00:39:06,85.23,16.49,4.0,85.20166666666667,85.23,0,0,16.49833333333333,4.0,85.15821446730475,85.28755543697783,0.000658497127762532,0.00013935453362678694
FDBH18,2023-07-21 00:39:10,85.18,16.5,4.0,85.21,85.24,0,0,16.49833333333333,4.0,85.1140655041625,85.23755543697783,0.0006933854285717172,0.00013935453362678694
FDBH18,2023-07-21 00:39:14,85.21,16.49,4.0,85.21833333333335,85.24,0,0,16.49833333333333,4.0,85.13806709216875,85.26755543697782,0.000658497127762532,0.00013935453362678694
FDBH18,2023-07-21 00:39:18,85.24,16.5,4.0,85.25,85.3,0,0,16.496666666666666,4.0,85.17421287929848,85.29755543697782,0.0006933854285717172,0.00013935453362678694
FDBH18,2023-07-21 00:39:21,85.23,16.5,4.0,85.27833333333332,85.3,0,0,16.496666666666666,4.0,85.16730894822372,85.29126205948104,0.0006993748041570758,0.00013935453362678694
FDBH18,2023-07-21 00:39:25,85.29,16.49,4.0,85.29166666666667,85.33,0,0,16.496666666666666,4.0,85.22947721665659,85.35778432802663,0.0005753994156487469,0.00014880547348886057
FDBH18,2023-07-21 00:39:29,85.29,16.5,4.0,85.34333333333335,85.39,0,0,16.496666666666666,4.0,85.23357215428513,85.33167949958218,0.0005753994156487469,0.00014880547348886057
FDBH18,2023-07-21 00:39:33,85.39,16.5,4.0,85.315,85.37,0,0,16.5,4.0,85.34445230370994,85.43479816950767,0.0006993748041570758,0.0001511442654131982
FDBH18,2023-07-21 00:39:37,85.3,16.5,4.0,85.32166666666667,85.36,0,0,16.496666666666666,4.0,85.24401039467725,85.346634306852,0.0006414871499266248,0.0001511442654131982
FDBH18,2023-07-21 00:39:41,85.31,16.5,4.0,85.36833333333334,85.38,0,0,16.496666666666666,4.0,85.26459967884594,85.35479816950767,0.0006414871499266248,0.0001511442654131982
FDBH18,2023-07-21 00:39:45,85.37,16.5,4.0,85.39333333333333,85.43,0,0,16.49833333333333,4.0,85.32445230370995,85.41479816950768,0.0006414871499266248,0.0001511442654131982
FDBH18,2023-07-21 00:39:49,85.37,16.5,4.0,85.45833333333333,85.54,0,0,16.49833333333333,4.0,85.32459967884594,85.41479816950768,0.0006414871499266248,0.0001511442654131982
FDBH18,2023-07-21 00:39:53,85.46,16.5,4.0,85.54833333333333,85.59,0,0,16.49833333333333,4.0,85.41459967884593,85.50479816950767,0.0006414871499266248,0.0001511442654131982
FDBH18,2023-07-21 00:39:57,85.57,16.5,4.0,85.59166666666665,85.61,0,0,16.494999999999997,4.0,85.51275660913333,85.61931036689703,0.0006359932028879915,0.0001511442654131982
FDBH18,2023-07-21 00:40:01,85.58,16.49,4.0,85.63166666666666,85.67,0,0,16.49833333333333,4.0,85.51637831592083,85.63246640446754,0.0006039908972710511,0.0001511442654131982
FDBH18,2023-07-21 00:40:05,85.65,16.5,4.0,85.65333333333332,85.72,0,0,16.49833333333333,4.016666666666667,85.59043511357592,85.71236628011401,0.0006894255962794912,0.0001511442654131982
FDBH18,2023-07-21 00:40:09,85.66,16.5,4.0,85.74333333333334,85.81,0,0,16.5,4.116666666666666,85.60020735441903,85.722366280114,0.0007290990612115601,0.0001511442654131982
FDBH18,2023-07-21 00:40:12,85.73,16.5,4.1,85.795,85.81,0,0,16.496666666666666,4.25,85.67320175183526,85.79236628011401,0.0017309180723610882,0.00019902452025019976
FDBH18,2023-07-21 00:40:16,85.81,16.49,4.3,85.80333333333334,85.83,0,0,16.494999999999997,4.433333333333334,85.7476579934323,85.87236628011401,0.0016621089489650383,0.00019902452025019976
FDBH18,2023-07-21 00:40:20,85.81,16.5,4.5,85.82333333333334,85.85,0,0,16.496666666666666,4.583333333333333,85.75305437669927,85.87236628011401,0.002202690927756059,0.00019902452025019976
FDBH18,2023-07-21 00:40:24,85.84,16.5,4.6,85.835,85.85,0,0,16.5,4.683333333333333,85.78306162550764,85.89656800446754,0.002401122761405849,0.00019902452025019976
FDBH18,2023-07-21 00:40:28,85.82,16.5,4.7,85.79166666666667,85.83,0,0,16.5,4.766666666666667,85.76639715171783,85.87246640446753,0.002401122761405849,0.00019902452025019976
FDBH18,2023-07-21 00:40:32,85.78,16.5,4.8,85.79666666666667,85.85,0,0,16.5,4.849999999999999,85.72488192136436,85.8268316400555,0.0019499062927891705,0.00019902452025019976
FDBH18,2023-07-21 00:40:36,85.82,16.5,4.9,85.895,85.97,0,0,16.496666666666666,4.8999999999999995,85.77602718618266,85.87254515938781,0.0018978810777735124,0.00019902452025019976
FDBH18,2023-07-21 00:40:40,85.94,16.49,4.9,85.92333333333335,85.97,0,0,16.494999999999997,4.8999999999999995,85.88633752293569,85.98880487621294,0.002162427616218898,0.00019902452025019976
FDBH18,2023-07-21 00:40:44,85.92,16.49,4.9,85.89999999999999,85.93,0,0,16.493333333333332,4.8999999999999995,85.87653825944743,85.96873429498432,0.002162427616218898,0.00019902452025019976
FDBH18,2023-07-21 00:40:48,85.91,16.5,4.9,85.88666666666666,85.91,0,0,16.491666666666664,4.916666666666667,85.68794031973715,85.9590457591527,0.0030027119458857585,0.00019902452025019976
FDBH18,2023-07-21 00:40:52,85.84,16.49,4.9,85.88666666666667,85.91,0,0,16.495,4.966666666666667,85.79174901185293,85.88841170070768,0.002947528547559405,0.00019902452025019976
FDBH18,2023-07-21 00:40:56,85.87,16.5,5.0,85.83166666666666,85.87,0,0,16.496666666666666,5.0,85.82680537509785,85.91841170070768,0.0019398305841781744,0.00019902452025019976
FDBH18,2023-07-21 00:40:59,85.84,16.49,5.0,85.79666666666667,85.82,0,0,16.496666666666666,5.0,85.7879870806219,85.88848228193632,0.0017852880902514408,0.00019902452025019976
FDBH18,2023-07-21 00:41:03,85.77,16.5,5.0,85.76,85.82,0,0,16.49333333333333,5.0,85.71563841682776,85.83689217488543,0.001552753706629089,0.00019902452025019976
FDBH18,2023-07-21 00:41:07,85.72,16.49,5.0,85.70833333333333,85.75,0,0,16.496666666666666,5.0,85.65139468883429,85.78616595776698,0.0015711444946221594,0.00016701028706754922
FDBH18,2023-07-21 00:41:11,85.69,16.5,5.0,85.68666666666667,85.71,0,0,16.49833333333333,5.0,85.62102029405925,85.7536762695173,0.0015499649595965487,0.00016701028706754922
FDBH18,2023-07-21 00:41:15,85.71,16.5,5.0,85.70833333333333,85.75,0,0,16.49833333333333,5.0,85.64102029405925,85.7723078301491,0.0016141389756975924,0.00016701028706754922
FDBH18,2023-07-21 00:41:19,85.75,16.5,5.0,85.66000000000001,85.73,0,0,16.49833333333333,5.0,85.68102029405925,85.8136762695173,0.0016141389756975924,0.00016701028706754922
FDBH18,2023-07-21 00:41:23,85.64,16.49,5.0,85.575,85.63,0,0,16.49833333333333,5.0,85.56973734659836,85.7036762695173,0.001744128082070635,0.00017163474457451212
FDBH18,2023-07-21 00:41:27,85.55,16.5,5.0,85.54166666666667,85.57,0,0,16.496666666666666,5.0,85.48149763330747,85.60755543697782,0.001523957602951365,0.00013935453362678694
FDBH18,2023-07-21 00:41:31,85.57,16.49,5.0,85.55,85.61,0,0,16.5,5.0,85.49253953566003,85.62755543697781,0.0013767049530522837,0.00013935453362678694
FDBH18,2023-07-21 00:41:35,85.55,16.5,5.0,85.53166666666668,85.61,0,0,16.494999999999997,5.0,85.47853794765376,85.61043665352938,0.001523957602951365,0.00013935453362678694
FDBH18,2023-07-21 00:41:39,85.53,16.5,5.0,85.43333333333334,85.47,0,0,16.493333333333332,5.0,85.46135025817149,85.59043665352938,0.0013884449907761174,0.00013935453362678694
FDBH18,2023-07-21 00:41:43,85.44,16.49,5.0,85.40333333333332,85.42,0,0,16.494999999999997,5.0,85.3618243813451,85.49618699760964,0.0015981634283431692,0.00013935453362678694
FDBH18,2023-07-21 00:41:47,85.4,16.49,5.0,85.43333333333332,85.47,0,0,16.495,5.0,85.31545615573704,85.45487047529488,0.001523957602951365,0.00013935453362678694
FDBH18,2023-07-21 00:41:50,85.47,16.49,5.0,85.39999999999999,85.46,0,0,16.496666666666666,5.0,85.39239216052404,85.52618699760964,0.0015981634283431692,0.00013935453362678694
FDBH18,2023-07-21 00:41:54,85.39,16.5,5.0,85.33333333333333,85.36,0,0,16.493333333333332,5.0,85.32335025817149,85.45043665352938,0.0015136358577735065,0.00013935453362678694
FDBH18,2023-07-21 00:41:58,85.33,16.49,5.0,85.33833333333332,85.35,0,0,16.496666666666666,5.0,85.25239694591484,85.38755543697782,0.001523957602951365,0.00013935453362678694
FDBH18,2023-07-21 00:42:02,85.31,16.49,5.0,85.34166666666665,85.37,0,0,16.496666666666666,5.0,85.23239216052404,85.36755543697782,0.001523957602951365,0.00013935453362678694
FDBH18,2023-07-21 00:42:06,85.33,16.49,5.0,85.33999999999999,85.37,0,0,16.496666666666666,5.0,85.25749922131374,85.38755543697782,0.001523957602951365,0.00013935453362678694
FDBH18,2023-07-21 00:42:10,85.34,16.5,5.0,85.40333333333332,85.49,0,0,16.494999999999997,5.0,85.27914698449592,85.40363182477155,0.0015371103204103698,0.00013935453362678694
FDBH18,2023-07-21 00:42:14,85.43,16.5,5.0,85.44333333333333,85.49,0,0,16.494999999999997,5.0,85.36816260738973,85.49703730384603,0.0015371103204103698,0.0001511442654131982
FDBH18,2023-07-21 00:42:18,85.43,16.5,5.0,85.40666666666668,85.43,0,0,16.495,5.0,85.37383913815175,85.49645028673089,0.0015371103204103698,0.0001511442654131982
FDBH18,2023-07-21 00:42:22,85.38,16.5,5.0,85.36833333333334,85.41,0,0,16.49833333333333,5.0,85.33048071344044,85.42501642382383,0.0015371103204103698,0.0001511442654131982
FDBH18,2023-07-21 00:42:26,85.4,16.5,5.0,85.33999999999999,85.42,0,0,16.49833333333333,5.0,85.35388443285493,85.44479816950768,0.0015371103204103698,0.0001511442654131982
FDBH18,2023-07-21 00:42:30,85.32,16.5,5.0,85.45,85.48,0,0,16.496666666666666,5.0,85.2623516671538,85.36277149958217,0.0015371103204103698,0.0001511442654131982
FDBH18,2023-07-21 00:42:34,85.48,16.5,5.0,85.46833333333332,85.51,0,0,16.49833333333333,5.0,85.4223516671538,85.52638503078218,0.0015371103204103698,0.0001511442654131982
FDBH18,2023-07-21 00:42:37,85.43,16.5,5.0,85.505,85.56,0,0,16.496666666666666,5.0,85.37650156000825,85.47708217806874,0.0015371103204103698,0.0001511442654131982
FDBH18,2023-07-21 00:42:41,85.49,16.5,5.0,85.55000000000001,85.57,0,0,16.495,5.0,85.43650156000824,85.53727951127225,0.0015371103204103698,0.0001511442654131982
FDBH18,2023-07-21 00:42:45,85.57,16.5,5.0,85.53500000000001,85.55,0,0,16.494999999999997,5.0,85.52373705771893,85.6210877607527,0.001523957602951365,0.0001511442654131982
FDBH18,2023-07-21 00:42:49,85.55,16.49,5.0,85.50333333333333,85.53,0,0,16.495,5.0,85.48714936155652,85.5968316400555,0.001523957602951365,0.0001511442654131982
FDBH18,2023-07-21 00:42:53,85.48,16.5,5.0,85.52666666666666,85.55,0,0,16.496666666666666,5.0,85.42314777355026,85.5268316400555,0.0017365357568539033,0.0001511442654131982
FDBH18,2023-07-21 00:42:57,85.52,16.5,5.0,85.53333333333335,85.55,0,0,16.493333333333332,5.0,85.46314777355025,85.56931036689703,0.0016376611185007386,0.0001511442654131982
FDBH18,2023-07-21 00:43:01,85.53,16.5,5.0,85.54666666666667,85.61,0,0,16.496666666666666,5.0,85.47714122641842,85.57352193411383,0.0012648208504723733,0.00014880547348886057
FDBH18,2023-07-21 00:43:05,85.53,16.5,5.0,85.64166666666667,85.7,0,0,16.49833333333333,5.0,85.4719221801318,85.57167949958217,0.0012648208504723733,0.00014880547348886057
FDBH18,2023-07-21 00:43:09,85.68,16.5,5.0,85.69333333333333,85.72,0,0,16.494999999999997,5.0,85.62700680114855,85.7252578634203,0.0015371103204103698,0.0001511442654131982
FDBH18,2023-07-21 00:43:13,85.7,16.5,5.0,85.68,85.72,0,0,16.495,5.0,85.65388443285492,85.74860903391118,0.001523957602951365,0.0001511442654131982
FDBH18,2023-07-21 00:43:17,85.69,16.49,5.0,85.60000000000001,85.65,0,0,16.496666666666666,5.0,85.6272967366925,85.7368316400555,0.001523957602951365,0.0001511442654131982
FDBH18,2023-07-21 00:43:21,85.56,16.5,5.0,85.625,85.66,0,0,16.494999999999997,5.066666666666667,85.50306738952936,85.60931036689703,0.0014175303697420314,0.0001511442654131982
FDBH18,2023-07-21 00:43:24,85.62,16.5,5.0,85.63,85.66,0,0,16.494999999999997,5.2,85.57350929856206,85.67108776075271,0.001499040267122941,0.0001511442654131982
FDBH18,2023-07-21 00:43:28,85.6,16.5,5.2,85.61166666666668,85.64,0,0,16.493333333333332,5.366666666666666,85.55273530068902,85.65115834198134,0.0020769540244016107,0.00019902452025019976
FDBH18,2023-07-21 00:43:32,85.59,16.49,5.4,85.58833333333332,85.64,0,0,16.496666666666666,5.550000000000001,85.52963027517838,85.6380312662269,0.0025707834578697526,0.00019902452025019976
FDBH18,2023-07-21 00:43:36,85.57,16.5,5.6,85.55333333333334,85.6,0,0,16.496666666666666,5.699999999999999,85.50870091434531,85.63261304198141,0.00226329889939304,0.00018113933884241891
FDBH18,2023-07-21 00:43:40,85.53,16.5,5.7,85.50166666666667,85.55,0,0,16.494999999999997,5.783333333333334,85.46722455847978,85.60000001710432,0.002209301035987669,0.00016701028706754922
FDBH18,2023-07-21 00:43:44,85.49,16.5,5.8,85.53500000000001,85.58,0,0,16.496666666666666,5.833333333333333,85.42614290890143,85.55660734929174,0.002203554286967388,0.00016701028706754922
FDBH18,2023-07-21 00:43:48,85.58,16.49,5.8,85.55,85.58,0,0,16.496666666666666,5.8999999999999995,85.51387231025728,85.64711880055278,0.0020983537931224,0.00016701028706754922
FDBH18,2023-07-21 00:43:52,85.58,16.49,5.9,85.50500000000001,85.54,0,0,16.496666666666666,5.8999999999999995,85.5145756660429,85.64524046998439,0.0020315823186332605,0.00016701028706754922
FDBH18,2023-07-21 00:43:56,85.54,16.5,5.9,85.47500000000001,85.51,0,0,16.496666666666666,5.916666666666667,85.47907604863819,85.60711880055278,0.002717709331869297,0.00016701028706754922
FDBH18,2023-07-21 00:44:00,85.46,16.5,5.9,85.49666666666667,85.55,0,0,16.495,5.966666666666666,85.3988482894813,85.52130434450774,0.002320050912824409,0.00016701028706754922
FDBH18,2023-07-21 00:44:04,85.5,16.5,6.0,85.565,85.6,0,0,16.5,6.0,85.4389286735022,85.56130434450775,0.0018529404288762138,0.00016701028706754922
FDBH18,2023-07-21 00:44:08,85.58,16.5,6.0,85.58999999999999,85.64,0,0,16.49833333333333,6.0,85.52723397015723,85.64603852217562,0.0015753212141641094,0.00019902452025019976
FDBH18,2023-07-21 00:44:12,85.62,16.5,6.0,85.68,85.78,0,0,16.496666666666666,6.0,85.56483401355929,85.66235973502691,0.0015753212141641094,0.00019902452025019976
FDBH18,2023-07-21 00:44:15,85.67,16.5,6.0,85.75166666666667,85.81,0,0,16.496666666666666,6.0,85.62155305984592,85.71821819046858,0.001418502562780471,0.00019902452025019976
FDBH18,2023-07-21 00:44:19,85.75,16.5,6.0,85.81333333333333,85.85,0,0,16.496666666666666,6.0,85.69636346606515,85.79656754858777,0.0014063633164948862,0.00019902452025019976
FDBH18,2023-07-21 00:44:23,85.82,16.49,6.0,85.82333333333334,85.86,0,0,16.494999999999997,6.0,85.75763977921673,85.88210218864626,0.001464600439551737,0.00019902452025019976
FDBH18,2023-07-21 00:44:27,85.78,16.49,6.0,85.87,85.89,0,0,16.494999999999997,6.0,85.71763977921674,85.84210218864627,0.001464600439551737,0.00019902452025019976
FDBH18,2023-07-21 00:44:31,85.88,16.5,6.0,85.855,85.89,0,0,16.496666666666666,6.0,85.8230361624837,85.94210218864626,0.00152651937360187,0.000204535259538852
FDBH18,2023-07-21 00:44:35,85.81,16.5,6.0,85.825,85.87,0,0,16.49833333333333,6.0,85.75018914020347,85.87210218864627,0.0012209678043404151,0.0001511442654131982
FDBH18,2023-07-21 00:44:39,85.83,16.49,6.0,85.78166666666668,85.81,0,0,16.5,6.0,85.76691685547374,85.8822023129998,0.0010713525142511174,0.0001511442654131982
FDBH18,2023-07-21 00:44:43,85.78,16.5,6.0,85.80499999999999,85.84,0,0,16.494999999999997,6.0,85.73388443285492,85.83082366928498,0.0011859833916736697,0.0001511442654131982
FDBH18,2023-07-21 00:44:47,85.82,16.49,6.0,85.75,85.83,0,0,16.495,6.0,85.75788034327273,85.88618619526314,0.0009842597882251663,0.00014880547348886057
FDBH18,2023-07-21 00:44:51,85.69,16.49,6.0,85.82833333333333,85.96,0,0,16.494999999999997,6.0,85.62002751106003,85.75287058260761,0.001196222672669094,0.0001511442654131982
FDBH18,2023-07-21 00:44:55,85.84,16.49,6.0,85.955,85.98,0,0,16.49833333333333,6.0,85.77044791510299,85.90156188513396,0.0011360624345213449,0.00013935453362678694
FDBH18,2023-07-21 00:44:59,85.97,16.5,6.0,85.94833333333334,85.98,0,0,16.49833333333333,6.0,85.91331352603808,86.03638352846666,0.0011859833916736697,0.0001511442654131982
FDBH18,2023-07-21 00:45:02,85.94,16.49,6.0,85.94500000000001,85.97,0,0,16.49833333333333,6.0,85.88702235842884,85.98856319675961,0.0011263375250932322,0.0001511442654131982
FDBH18,2023-07-21 00:45:06,85.92,16.5,6.0,86.00833333333333,86.07,0,0,16.496666666666666,6.0,85.86329514868625,85.96656754858778,0.0011859833916736697,0.0001511442654131982
FDBH18,2023-07-21 00:45:10,86.0,16.5,6.0,86.06500000000001,86.09,0,0,16.49333333333333,6.0,85.94173454184013,86.05468103984133,0.001274502608472244,0.0001511442654131982
FDBH18,2023-07-21 00:45:14,86.07,16.49,6.0,86.06333333333333,86.09,0,0,16.494999999999997,6.0,86.00658748707167,86.12220231299979,0.0011859833916736697,0.0001511442654131982
FDBH18,2023-07-21 00:45:18,86.06,16.5,6.0,86.08333333333333,86.17,0,0,16.49333333333333,6.0,85.99995827836179,86.1245809154878,0.001274502608472244,0.0001511442654131982
FDBH18,2023-07-21 00:45:22,86.07,16.49,6.0,86.17666666666666,86.24,0,0,16.494999999999997,6.0,86.00650161786078,86.11656754858777,0.0011859833916736697,0.0001511442654131982
FDBH18,2023-07-21 00:45:26,86.21,16.5,6.0,86.26166666666666,86.3,0,0,16.491666666666664,6.0,85.97390448121189,86.25700427382928,0.0012126957127314097,0.0001511442654131982
FDBH18,2023-07-21 00:45:30,86.3,16.49,6.0,86.28500000000001,86.3,0,0,16.496666666666666,6.0,86.23335046742186,86.3563039129998,0.0012437527920888323,0.0001511442654131982
FDBH18,2023-07-21 00:45:34,86.26,16.5,6.0,86.34833333333334,86.41,0,0,16.496666666666666,6.0,86.20398791649053,86.31630391299981,0.0011859833916736697,0.0001511442654131982
FDBH18,2023-07-21 00:45:38,86.38,16.5,6.0,86.375,86.41,0,0,16.49833333333333,6.0,86.32413529162652,86.44210218864626,0.0011859833916736697,0.0001511442654131982
FDBH18,2023-07-21 00:45:42,86.35,16.5,6.0,86.39833333333331,86.41,0,0,16.49833333333333,6.0,86.29413529162652,86.41210218864626,0.0011859833916736697,0.0001511442654131982
FDBH18,2023-07-21 00:45:46,86.41,16.5,6.0,86.39833333333333,86.42,0,0,16.496666666666666,6.0,86.34995827836178,86.47210218864626,0.0011859833916736697,0.0001511442654131982
FDBH18,2023-07-21 00:45:50,86.39,16.49,6.0,86.42999999999999,86.49,0,0,16.496666666666666,6.0,86.32395986636806,86.44630391299981,0.0011859833916736697,0.0001511442654131982
FDBH18,2023-07-21 00:45:53,86.42,16.5,6.0,86.46333333333335,86.49,0,0,16.494999999999997,6.0,86.36321518416945,86.46904627542929,0.0011859833916736697,0.0001511442654131982
FDBH18,2023-07-21 00:45:57,86.47,16.49,6.0,86.46499999999999,86.48,0,0,16.496666666666666,6.0,86.40691849971483,86.51656754858777,0.0011859833916736697,0.0001511442654131982
FDBH18,2023-07-21 00:46:01,86.46,16.5,6.0,86.45166666666667,86.48,0,0,16.496666666666666,6.0,86.40276953657258,86.50656754858777,0.0011859833916736697,0.0001511442654131982
FDBH18,2023-07-21 00:46:05,86.48,16.5,6.0,86.44666666666666,86.47,0,0,16.495,6.0,86.43335882074126,86.52453407803995,0.001196222672669094,0.0001511442654131982
FDBH18,2023-07-21 00:46:09,86.47,16.5,6.0,86.42666666666668,86.46,0,0,16.5,6.0,86.42236042155888,86.51366033235611,0.001013299748123393,0.0001511442654131982
FDBH18,2023-07-21 00:46:13,86.42,16.5,6.0,86.415,86.43,0,0,16.49833333333333,6.0,86.36662856417088,86.46344659669676,0.0009842597882251663,0.00014880547348886057
FDBH18,2023-07-21 00:46:17,86.43,16.5,6.0,86.44166666666666,86.46,0,0,16.49833333333333,6.0,86.37350051828881,86.4975202365589,0.0009842597882251663,0.00014880547348886057
FDBH18,2023-07-21 00:46:21,86.46,16.5,6.0,86.45333333333333,86.49,0,0,16.496666666666666,6.0,86.40297249165766,86.52845349589556,0.0009842597882251663,0.00014880547348886057
FDBH18,2023-07-21 00:46:25,86.45,16.5,6.0,86.47833333333334,86.51,0,0,16.496666666666666,6.0,86.38934085712484,86.51926240687902,0.0009842597882251663,0.00014880547348886057
FDBH18,2023-07-21 00:46:29,86.47,16.49,6.0,86.59833333333334,86.7,0,0,16.49833333333333,6.083333333333335,86.4074247087398,86.54024108846731,0.0011819475473944185,0.00014880547348886057
FDBH18,2023-07-21 00:46:33,86.64,16.5,6.1,86.74,86.8,0,0,16.496666666666666,6.25,86.59094706371137,86.68460465926859,0.001888607020674522,0.00019902452025019976
FDBH18,2023-07-21 00:46:37,86.77,16.5,6.3,86.79833333333333,86.81,0,0,16.49333333333333,6.45,86.71590836725548,86.81904627542929,0.0017645120113862218,0.00021648936681599245
FDBH18,2023-07-21 00:46:40,86.79,16.49,6.4,86.83833333333335,86.89,0,0,16.493333333333332,6.600000000000001,86.73065736538479,86.85210218864627,0.002707250983711972,0.00021648936681599245
FDBH18,2023-07-21 00:46:44,86.86,16.49,6.6,86.92166666666667,86.99,0,0,16.49833333333333,6.75,86.7965714735759,86.93374218864626,0.0029021337963757985,0.00021648936681599245
FDBH18,2023-07-21 00:46:48,86.95,16.5,6.8,87.015,87.07,0,0,16.49833333333333,6.833333333333333,86.89140007766393,87.04972905615837,0.003369830387224725,0.0002714984478328891
FDBH18,2023-07-21 00:46:52,87.04,16.5,6.8,87.065,87.09,0,0,16.496666666666666,6.8999999999999995,86.98154745279992,87.13972905615837,0.0037657413207377874,0.0002894141365744026
FDBH18,2023-07-21 00:46:56,87.05,16.5,6.9,87.115,87.14,0,0,16.49333333333333,6.8999999999999995,86.99210343344954,87.15614390847652,0.004976561102846452,0.0002894141365744026
FDBH18,2023-07-21 00:47:00,87.13,16.49,6.9,87.14333333333332,87.16,0,0,16.49333333333333,6.933333333333334,87.07065736538478,87.20759769264626,0.003643911749748151,0.0002894141365744026
FDBH18,2023-07-21 00:47:04,87.15,16.5,6.9,87.10166666666665,87.16,0,0,16.495,7.0,87.09154745279992,87.21210218864627,0.0031129914909188076,0.0002894141365744026
FDBH18,2023-07-21 00:47:08,87.08,16.49,7.0,87.06666666666666,87.08,0,0,16.5,7.0,87.01694660786876,87.14210218864626,0.002934289565254139,0.0002894141365744026
FDBH18,2023-07-21 00:47:12,87.07,16.5,7.0,87.11666666666667,87.17,0,0,16.5,7.0,87.01340410029916,87.12220231299979,0.002906586444650664,0.0002894141365744026
FDBH18,2023-07-21 00:47:16,87.12,16.5,7.0,87.15833333333335,87.17,0,0,16.494999999999997,7.0,87.0515576732715,87.17082366928499,0.0024714942263691234,0.0002894141365744026
FDBH18,2023-07-21 00:47:20,87.14,16.49,7.0,87.22999999999998,87.32,0,0,16.491666666666664,7.0,87.06480535801957,87.18420216955856,0.0020842117682573743,0.0002894141365744026
FDBH18,2023-07-21 00:47:24,87.22,16.5,7.0,87.40333333333335,87.5,0,0,16.495,7.0,87.14615798288358,87.26460465926858,0.0022448582852024205,0.0002894141365744026
FDBH18,2023-07-21 00:47:27,87.39,16.5,7.0,87.50999999999999,87.56,0,0,16.496666666666666,7.0,87.31096838910281,87.43656754858777,0.002225663022376004,0.0002894141365744026
FDBH18,2023-07-21 00:47:31,87.52,16.5,7.0,87.565,87.6,0,0,16.496666666666666,7.0,87.42093552471273,87.58210218864626,0.002225663022376004,0.0002894141365744026
FDBH18,2023-07-21 00:47:35,87.54,16.5,7.0,87.62666666666667,87.67,0,0,16.496666666666666,7.0,87.4380885024325,87.63972905615837,0.00212945927205978,0.00017471906517237124
FDBH18,2023-07-21 00:47:39,87.67,16.5,7.0,87.65500000000002,87.69,0,0,16.496666666666666,7.0,87.56592136261321,87.76972905615837,0.0024421005716823286,0.00017471906517237124
FDBH18,2023-07-21 00:47:43,87.65,16.5,7.0,87.68666666666667,87.72,0,0,16.5,7.0,87.54606873774921,87.74972905615837,0.002240840580801845,0.00017471906517237124
FDBH18,2023-07-21 00:47:47,87.7,16.5,7.0,87.77999999999999,87.87,0,0,16.49833333333333,7.0,87.5982358775685,87.79972905615837,0.002165368523080235,0.00017471906517237124
FDBH18,2023-07-21 00:47:51,87.82,16.5,7.0,87.93166666666667,88.03,0,0,16.494999999999997,7.0,87.73121654283385,87.89622091548779,0.0016606839086368483,0.00017471906517237124
FDBH18,2023-07-21 00:47:55,87.96,16.5,7.0,88.07333333333332,88.17,0,0,16.493333333333332,7.0,87.87521327790029,88.02458091548779,0.0016318846061441695,0.00017471906517237124
FDBH18,2023-07-21 00:47:59,88.05,16.49,7.0,88.2,88.26,0,0,16.494999999999997,7.0,87.95924242387078,88.12374218864626,0.002216696645279282,0.00017471906517237124
FDBH18,2023-07-21 00:48:03,88.21,16.49,7.0,88.34500000000001,88.47,0,0,16.495,6.866666666666667,88.11323589084918,88.32180558398669,0.004913765785234747,0.00017471906517237124
FDBH18,2023-07-21 00:48:07,88.39,16.5,7.0,88.50666666666666,88.59,0,0,16.49333333333333,4.55,88.29911292965784,88.51737569919304,0.011749420558794868,0.00017471906517237124
FDBH18,2023-07-21 00:48:11,88.52,16.49,3.9,88.63833333333332,88.74,0,0,16.49333333333333,1.3999999999999997,88.42792318857562,88.67156788210751,0.13914142813866892,0.00036036937083073567
FDBH18,2023-07-21 00:48:15,88.66,16.5,1.0,88.81666666666665,88.94,0,0,16.49333333333333,0.18417366946778713,88.54142755396447,88.81825402295031,0.016718721027814566,0.00019457338149872863
FDBH18,2023-07-21 00:48:18,88.82,16.5,0.1,89.0,89.21,0,0,16.494999999999997,0.10294117647058824,88.73120859362733,88.95556388905376,0.00473077550230532,0.00016060306280207077
FDBH18,2023-07-21 00:48:22,89.02,16.5,0.10336134453781513,89.29,89.46,0,0,16.49333333333333,0.10630252100840336,88.91774283113797,89.16128873493113,0.0017950523543252277,0.00022486348727933483
FDBH18,2023-07-21 00:48:26,89.34,16.49,0.10672268907563026,89.51833333333332,89.63,0,0,16.491666666666664,0.1096638655462185,89.23803837118064,89.49475659312039,0.0015523293400265712,0.00022889581859719855
FDBH18,2023-07-21 00:48:30,89.56,16.49,0.11008403361344539,89.735,89.92,0,0,16.49333333333333,0.11302521008403364,89.46570521320227,89.76443496143725,0.001338020711720368,0.00024379840379154215
FDBH18,2023-07-21 00:48:34,89.76,16.49,0.11344537815126052,90.00333333333333,90.17,0,0,16.493333333333332,0.11638655462184876,89.67915468106953,89.9596417247319,0.0023459054284767624,0.0001921666580817901
FDBH18,2023-07-21 00:48:38,90.03,16.49,0.11680672268907563,90.255,90.37,0,0,16.49333333333333,0.11974789915966388,89.96641775344132,90.25267810975022,0.002220633346350742,0.00019709340893336145
FDBH18,2023-07-21 00:48:42,90.31,16.49,0.12016806722689077,90.47500000000001,90.65,0,0,16.49,0.123109243697479,90.28967390654881,90.52978198345642,0.001996789211227226,0.00019709340893336145
FDBH18,2023-07-21 00:48:46,90.49,16.49,0.12352941176470589,90.75666666666667,90.95,0,0,16.491666666666664,0.1264705882352941,90.4620183994935,90.70045598428213,0.0011362010685201194,0.00020376351882798636
FDBH18,2023-07-21 00:48:50,90.79,16.49,0.12689075630252103,91.01833333333333,91.15,0,0,16.491666666666664,0.12983193277310925,90.76105125493567,90.99811964522306,0.0011362010685201194,0.00020376351882798636
FDBH18,2023-07-21 00:48:54,91.06,16.49,0.13025210084033614,91.20166666666667,91.31,0,0,16.493333333333332,0.13319327731092437,91.03045384427628,91.26811964522305,0.0011362010685201194,0.00020376351882798636
FDBH18,2023-07-21 00:48:58,91.21,16.49,0.13361344537815129,91.38499999999999,91.53,0,0,16.494999999999997,0.13655462184873948,91.18175140355994,91.41811964522304,0.0011362010685201194,0.00020376351882798636
FDBH18,2023-07-21 00:49:02,91.4,16.49,0.1369747899159664,91.54666666666667,91.58,0,0,16.496666666666666,0.13991596638655462,91.37231918273889,91.60811964522306,0.0011362010685201194,0.00020376351882798636
FDBH18,2023-07-21 00:49:05,91.56,16.5,0.13949579831932774,91.62666666666667,91.72,0,0,16.49333333333333,0.142436974789916,91.52724476439347,91.75622985837501,0.0012166135351586354,0.00020376351882798636
FDBH18,2023-07-21 00:49:09,91.64,16.49,0.14285714285714288,91.76499999999999,91.86,0,0,16.493333333333332,0.1457983193277311,91.60724476439347,91.82256661457826,0.0011228914880397315,0.00020376351882798636
FDBH18,2023-07-21 00:49:13,91.78,16.49,0.146218487394958,91.91166666666665,92.02,0,0,16.49833333333333,0.14915966386554624,91.74155981931118,91.96256661457826,0.0011911850298757171,0.00020376351882798636
FDBH18,2023-07-21 00:49:17,91.94,16.5,0.14957983193277313,92.12333333333333,92.3,0,0,16.494999999999997,0.15252100840336136,91.899444576579,92.09296160637462,0.0011562327623586583,0.00017776435554776678
FDBH18,2023-07-21 00:49:21,92.15,16.49,0.15294117647058825,92.395,92.56,0,0,16.49333333333333,0.15588235294117647,92.10943374740188,92.2966042503454,0.0009241768676931116,0.00017776435554776678
FDBH18,2023-07-21 00:49:25,92.42,16.49,0.15630252100840336,92.64333333333333,92.74,0,0,16.496666666666666,0.1592436974789916,92.38265559552988,92.56793821740823,0.0010700004294367524,0.00017776435554776678
FDBH18,2023-07-21 00:49:29,92.69,16.5,0.1596638655462185,92.80499999999999,92.88,0,0,16.49333333333333,0.16260504201680678,92.64868459513302,92.84819353821726,0.0012527341461775908,0.00020376351882798636
FDBH18,2023-07-21 00:49:33,92.82,16.49,0.16302521008403364,92.94,93.0,0,0,16.495,0.1659663865546219,92.78291632897658,92.99827596488777,0.0011362010685201194,0.00020376351882798636
FDBH18,2023-07-21 00:49:37,92.97,16.49,0.16638655462184876,92.995,93.02,0,0,16.494999999999997,0.169327731092437,92.93234854979765,93.14827596488777,0.0012070569916637372,0.00020376351882798636
FDBH18,2023-07-21 00:49:41,93.0,16.49,0.16974789915966387,93.08999999999999,93.15,0,0,16.494999999999997,0.17268907563025213,92.96234854979765,93.17827596488777,0.0012070569916637372,0.00020376351882798636
FDBH18,2023-07-21 00:49:45,93.15,16.5,0.17310924369747901,93.185,93.21,0,0,16.49,0.17605042016806727,93.10756741909415,93.29867095668415,0.0012300297057062273,0.00020376351882798636
FDBH18,2023-07-21 00:49:49,93.19,16.49,0.17647058823529416,93.24833333333333,93.33,0,0,16.491666666666664,0.17941176470588238,93.15079025706727,93.3323136006549,0.0009934626772251233,0.00017776435554776678
FDBH18,2023-07-21 00:49:53,93.25,16.49,0.17983193277310927,93.38499999999999,93.45,0,0,16.493333333333332,0.1827731092436975,93.20704870212145,93.36699039300834,0.000488487109910661,0.0001762967024423791
FDBH18,2023-07-21 00:49:56,93.39,16.5,0.1823529411764706,93.47833333333334,93.55,0,0,16.494999999999997,0.18529411764705883,93.33350520927638,93.48831372424738,0.00046950633613831956,0.0001762967024423791
FDBH18,2023-07-21 00:50:00,93.5,16.5,0.18571428571428572,93.63166666666667,93.78,0,0,16.491666666666664,0.18865546218487395,93.44549731598093,93.59627172264737,0.0005970955050674302,0.0001762967024423791
FDBH18,2023-07-21 00:50:04,93.67,16.49,0.18907563025210086,93.92833333333333,94.23,0,0,16.49,0.1920168067226891,93.61841459823358,93.76831372424738,0.00045871825949584934,0.0001762967024423791
FDBH18,2023-07-21 00:50:08,93.94,16.49,0.192436974789916,94.46,94.88,0,0,16.49,0.1953781512605042,93.90195809107865,94.07127420936338,0.0004913518131355358,0.0001762967024423791
FDBH18,2023-07-21 00:50:12,94.52,16.49,0.19579831932773112,95.16833333333334,95.59,0,0,16.49,0.19873949579831932,94.48665864147884,94.66867095668414,0.0012501775716488124,0.00020376351882798636
FDBH18,2023-07-21 00:50:16,95.3,16.49,0.19915966386554623,95.87833333333333,96.24,0,0,16.42833333333333,0.20210084033613449,95.12385639522654,95.51572014351908,0.0012869786624045809,0.00020376351882798636
FDBH18,2023-07-21 00:50:20,96.04,16.44,0.20252100840336137,96.335,96.47,0,0,16.205000000000002,0.2054621848739496,96.09786933440414,96.3098480994396,0.00409554280421432,0.0003332835239782137
FDBH18,2023-07-21 00:50:24,96.38,16.17,0.20588235294117652,96.46,96.5,0,0,15.953333333333335,0.20882352941176477,96.45657034487122,96.76199231971479,0.006169440603984698,0.00031064749648193287
FDBH18,2023-07-21 00:50:28,96.48,15.91,0.20924369747899163,96.455,96.48,0,0,15.818333333333333,0.21218487394957988,96.49744553245527,96.80922253873862,0.00688591356039277,0.00029556638202667807
FDBH18,2023-07-21 00:50:32,96.45,15.81,0.21260504201680674,96.49333333333334,96.57,0,0,15.796666666666667,0.215546218487395,96.43990633565514,96.60433621624524,0.010778610935504033,0.00024727109602443154
FDBH18,2023-07-21 00:50:36,96.49,15.79,0.21596638655462186,96.52500000000002,96.57,0,0,15.799999999999999,0.2189075630252101,96.48301934179015,96.62606634059799,0.009089092532482947,0.00024727109602443154
FDBH18,2023-07-21 00:50:40,96.54,15.8,0.219327731092437,96.55,96.61,0,0,15.798333333333332,0.22226890756302528,96.44770956871406,96.58557905871938,0.0076497274372971154,0.00024727109602443154
FDBH18,2023-07-21 00:50:43,96.52,15.79,0.22184873949579836,96.54333333333334,96.61,0,0,15.799999999999999,0.22478991596638662,96.4898160356724,96.55062114088798,0.004584835749398149,0.00024727109602443154
FDBH18,2023-07-21 00:50:47,96.53,15.8,0.22521008403361348,96.49,96.51,0,0,15.799999999999999,0.22815126050420173,96.56557950207679,96.55510982180924,0.0018617172748393435,0.0002452297240628515
FDBH18,2023-07-21 00:50:51,96.51,15.8,0.2285714285714286,96.48333333333333,96.53,0,0,15.799999999999999,0.23151260504201684,96.53346936612851,96.56117863672267,0.001151542471119986,0.00030259804878653547
FDBH18,2023-07-21 00:50:55,96.47,15.8,0.23193277310924373,96.575,96.69,0,0,15.796666666666667,0.23487394957983196,96.47835110367693,96.5064453793508,0.0011614847494916744,0.00030259804878653547
FDBH18,2023-07-21 00:50:59,96.62,15.8,0.23529411764705885,96.69333333333333,96.79,0,0,15.795,0.2382352941176471,96.63064245269108,96.66296773827617,0.000474681111925704,0.0001762967024423791
FDBH18,2023-07-21 00:51:03,96.71,15.8,0.238655462184874,96.86,97.04,0,0,15.796666666666667,0.24159663865546221,96.72476585539596,96.77061662418382,0.00043051672555579175,0.0001762967024423791
FDBH18,2023-07-21 00:51:07,96.86,15.79,0.2420168067226891,97.17500000000001,97.39,0,0,15.793333333333331,0.24495798319327733,96.88074856637975,96.92517934621581,0.00040121521611147546,0.0001762967024423791
FDBH18,2023-07-21 00:51:11,97.25,15.8,0.24537815126050425,97.43333333333334,97.5,0,0,15.714999999999998,0.24831932773109247,97.29893293308783,97.35390882143922,0.0008525883449806023,0.0001762967024423791
FDBH18,2023-07-21 00:51:15,97.47,15.7,0.24873949579831936,97.46166666666666,97.52,0,0,15.525,0.25168067226890756,97.54467176353333,97.62592684344675,0.0022820069599480044,0.0002947503966216744
FDBH18,2023-07-21 00:51:19,97.43,15.51,0.2521008403361345,97.39333333333333,97.45,0,0,15.316666666666665,0.2550420168067227,97.46235431917732,97.56762724615326,0.0035855807480813942,0.00031064749648193287
FDBH18,2023-07-21 00:51:23,97.39,15.27,0.2554621848739496,97.33166666666666,97.38,0,0,15.211666666666668,0.25840336134453784,97.36596380871988,97.48207194375325,0.0030811520810714553,0.0004170395551083585
FDBH18,2023-07-21 00:51:27,97.34,15.2,0.25882352941176473,97.27666666666666,97.32,0,0,15.200000000000001,0.26176470588235295,97.27361622218653,97.34689189444981,0.002566400869382942,0.0003336817583509709
FDBH18,2023-07-21 00:51:31,97.25,15.2,0.2621848739495799,97.40333333333332,97.77,0,0,15.196666666666665,0.26512605042016807,97.22489492339439,97.27066928782729,0.0015383699928503134,0.00033092725041309365
FDBH18,2023-07-21 00:51:34,97.29,15.2,0.26470588235294124,97.88166666666666,98.44,0,0,15.195,0.2676470588235294,97.25205610540526,97.32197882016355,0.0017579005196319863,0.00033092725041309365
FDBH18,2023-07-21 00:51:38,98.0,15.2,0.26806722689075635,98.86666666666667,99.52,0,0,15.156666666666666,0.2710084033613445,97.9702008787972,98.0271394307819,0.001523676571862529,0.0004044000903580936
FDBH18,2023-07-21 00:51:42,99.01,15.16,0.27142857142857146,99.72166666666665,99.99,0,0,14.959999999999999,0.27436974789915963,99.00362055163625,99.0260861433129,0.004465054959143591,0.00043409212974774333
FDBH18,2023-07-21 00:51:46,99.88,14.93,0.2747899159663866,99.77333333333333,99.99,0,0,14.361666666666665,0.27773109243697475,99.87434654042059,100.098581427785,0.005529324707370012,0.0003368276743524242
FDBH18,2023-07-21 00:51:50,99.76,14.19,0.2781512605042017,99.05166666666666,99.62,0,0,13.826666666666668,0.28109243697478997,99.71362562262783,99.91677671093683,0.010715426115081663,0.00036657591070695506
FDBH18,2023-07-21 00:51:54,98.93,13.77,0.2815126050420168,98.05166666666666,98.68,0,0,13.705,0.2844537815126051,98.84805594747976,99.0581398605177,0.014975911525102647,0.00034878056693737354
FDBH18,2023-07-21 00:51:58,97.94,13.7,0.284873949579832,97.05833333333334,97.66,0,0,13.691666666666665,0.2878151260504202,97.45054081771686,98.02764073254143,0.013588909339155904,0.0002917926680106756
FDBH18,2023-07-21 00:52:02,96.96,13.69,0.2882352941176471,96.19833333333332,96.7,0,0,13.69,0.29117647058823537,96.91167498536657,97.13004860955888,0.013572346061909983,0.0003635535891576822
FDBH18,2023-07-21 00:52:06,96.06,13.69,0.29159663865546226,95.63333333333333,95.91,0,0,13.69,0.2945378151260505,95.88484732916831,96.10328465567066,0.035699340630515566,0.00036312422513612853
FDBH18,2023-07-21 00:52:10,95.56,13.69,0.2949579831932774,95.3,95.47,0,0,13.69,0.2978991596638656,95.34853248991104,95.45820247209511,0.04193003365724819,0.000675577361351909
FDBH18,2023-07-21 00:52:14,95.29,13.69,0.2983193277310925,95.045,95.21,0,0,13.69,0.3012605042016807,95.0267743407071,95.18838691896318,0.030682835121440745,0.0003597475923351748
FDBH18,2023-07-21 00:52:18,95.01,13.69,0.3016806722689076,94.85833333333333,94.97,0,0,13.693333333333333,0.3046218487394958,94.88073647315422,94.97268506517051,0.03153052252595669,0.0003263232261780607
FDBH18,2023-07-21 00:52:21,94.89,13.69,0.30420168067226894,94.74833333333333,94.85,0,0,13.696666666666667,0.30714285714285716,94.73552729008894,94.8422419812682,0.02923836277432037,0.0003263232261780607
FDBH18,2023-07-21 00:52:25,94.73,13.69,0.30756302521008405,94.69166666666666,94.7,0,0,13.700000000000001,0.3105042016806723,94.58491518134439,94.71551309878942,0.013507046337971685,0.00019802076721684152
FDBH18,2023-07-21 00:52:29,94.69,13.7,0.31092436974789917,94.68,94.7,0,0,13.666666666666664,0.31386554621848745,94.54005944384747,94.68431875682214,0.007542300620334213,0.00019802076721684152
FDBH18,2023-07-21 00:52:33,94.66,13.7,0.31428571428571433,94.55833333333334,94.67,0,0,13.466666666666667,0.31722689075630256,94.40428089757559,94.63157416285387,0.0042355772980355606,0.0002081257057351217
FDBH18,2023-07-21 00:52:37,94.57,13.4,0.31764705882352945,94.16166666666668,94.45,0,0,13.199999999999998,0.3205882352941178,94.12170730909565,94.49222824362715,0.003880437047046659,0.0002793998224325216
FDBH18,2023-07-21 00:52:41,94.13,13.2,0.3210084033613446,93.59500000000001,93.98,0,0,13.000000000000002,0.3239495798319329,93.7011429579557,94.06081843175124,0.002698237565724286,0.0003327225968512363
FDBH18,2023-07-21 00:52:45,93.51,13.0,0.32436974789915973,93.05166666666668,93.37,0,0,12.9,0.327310924369748,93.32548122545026,93.49124217989808,0.0045940624872446096,0.00026635995120715116
FDBH18,2023-07-21 00:52:49,92.98,12.9,0.32773109243697485,92.73666666666666,92.87,0,0,12.9,0.3306722689075631,92.86578385553969,92.94725829194844,0.0064525582714791115,0.0003272396025755093
FDBH18,2023-07-21 00:52:53,92.71,12.9,0.33109243697478996,92.65833333333335,92.7,0,0,12.9,0.33403361344537824,92.59578385553968,92.6605681232408,0.021256176284526373,0.0003547390110952072
FDBH18,2023-07-21 00:52:57,92.64,12.9,0.3344537815126051,92.67833333333333,92.71,0,0,12.9,0.33739495798319336,92.51202408259586,92.58503157445723,0.022392532282737635,0.0003547390110952072
FDBH18,2023-07-21 00:53:01,92.69,12.9,0.3378151260504202,92.27333333333333,92.67,0,0,12.9,0.34075630252100847,92.56464739690479,92.64746630356439,0.01839430107295808,0.0003547390110952072
FDBH18,2023-07-21 00:53:06,92.2,12.9,0.34117647058823536,91.42,91.97,0,0,12.9,0.3441176470588236,92.15594995606166,92.18659079815897,0.016818036825857,0.0003128461012902948
FDBH18,2023-07-21 00:53:09,91.57,12.9,0.3436974789915967,90.69166666666666,91.34,0,0,12.9,0.346638655462185,91.51596288513971,91.56186892479597,0.014590660022093442,0.00029553203965458635
FDBH18,2023-07-21 00:53:13,90.54,12.9,0.3470588235294118,89.80166666666666,90.31,0,0,12.9,0.3500000000000001,90.46000252234076,90.5351670852454,0.013512787235756362,0.00027876559728084923
FDBH18,2023-07-21 00:53:17,89.69,12.9,0.350420168067227,89.105,89.49,0,0,12.9,0.3533613445378152,89.54614339498674,89.65043937520825,0.007805747494781886,0.0001898415180328362
FDBH18,2023-07-21 00:53:21,89.04,12.9,0.3537815126050421,88.53666666666668,88.89,0,0,12.9,0.3567226890756303,88.88610177266263,89.0064920866126,0.009311401546711015,0.0001898415180328362
FDBH18,2023-07-21 00:53:25,88.46,12.9,0.3571428571428572,88.02666666666666,88.34,0,0,12.9,0.36008403361344543,88.28317975819965,88.43340716899104,0.009311401546711015,0.0001898415180328362
FDBH18,2023-07-21 00:53:29,87.94,12.9,0.3605042016806723,87.675,87.84,0,0,12.898333333333333,0.36344537815126055,87.76828904450954,87.91320885783703,0.009311401546711015,0.0001898415180328362
FDBH18,2023-07-21 00:53:33,87.63,12.9,0.36386554621848743,87.53666666666665,87.57,0,0,12.898333333333333,0.36680672268907566,87.44450060811143,87.60320885783703,0.009311401546711015,0.0001898415180328362
FDBH18,2023-07-21 00:53:37,87.52,12.9,0.36722689075630255,87.55166666666666,87.6,0,0,12.9,0.3701680672268908,87.34608288259189,87.48327458845732,0.011565808056166414,0.0001898415180328362
FDBH18,2023-07-21 00:53:41,87.55,12.9,0.37058823529411766,87.60166666666667,87.62,0,0,12.9,0.3735294117647059,87.38612450491601,87.50722187705298,0.01556440142934632,0.0001898415180328362
FDBH18,2023-07-21 00:53:45,87.61,12.9,0.3739495798319328,87.61666666666667,87.63,0,0,12.9,0.37689075630252106,87.49787767984168,87.58975865029232,0.01663438003386989,0.0001898415180328362
FDBH18,2023-07-21 00:53:49,87.63,12.9,0.377310924369748,87.62,87.64,0,0,12.9,0.38025210084033617,87.54358590916178,87.62584541112938,0.0055410300246221565,0.0001898415180328362
FDBH18,2023-07-21 00:53:53,87.61,12.9,0.3806722689075631,87.65166666666666,87.68,0,0,12.9,0.3836134453781513,87.55056799142703,87.61662423472939,0.002432233045791883,0.00016604243139336017
FDBH18,2023-07-21 00:53:57,87.66,12.9,0.38403361344537823,87.575,87.68,0,0,12.9,0.3869747899159664,87.64111545508827,87.67399090145709,0.0007368265084667038,0.00016604243139336017
FDBH18,2023-07-21 00:54:00,87.65,12.9,0.38655462184873957,87.32166666666666,87.57,0,0,12.9,0.38949579831932774,87.65309914945173,87.67879186993284,0.0006815620782531214,0.00015040757672069502
FDBH18,2023-07-21 00:54:04,87.27,12.9,0.3899159663865547,86.86,87.16,0,0,12.9,0.39285714285714285,87.24555502458675,87.28946256070927,0.0006762339822885741,0.00015040757672069502
FDBH18,2023-07-21 00:54:08,86.8,12.9,0.3932773109243698,86.37,86.66,0,0,12.9,0.39621848739495796,86.75516214370658,86.8041901995266,0.0013580737538730272,0.00016604243139336017
FDBH18,2023-07-21 00:54:12,86.33,12.9,0.3966386554621849,85.91499999999998,86.18,0,0,12.9,0.5324929971988795,86.24243781432364,86.32778284473554,0.017560212391750592,0.00017521471551493594
FDBH18,2023-07-21 00:54:16,85.85,12.9,0.4,85.54666666666667,85.78,0,0,12.9,1.7166666666666668,85.71293500071862,85.79066942756108,0.013482817446559051,0.000592380588315383
FDBH18,2023-07-21 00:54:20,85.46,12.9,2.0,85.32166666666667,85.42,0,0,12.9,3.3499999999999996,85.33378519013921,85.45315629698133,0.06207489140617235,0.0005005794463907279
FDBH18,2023-07-21 00:54:24,85.31,12.9,3.6,85.21,85.26,0,0,12.9,4.5,85.177383272938,85.40070399025198,0.08390162784611124,0.00043346654677080173
FDBH18,2023-07-21 00:54:28,85.2,12.9,4.7,85.09833333333334,85.19,0,0,12.9,5.283333333333333,85.06416515783782,85.36051078790403,0.03885783063549928,0.0005154399405899055
FDBH18,2023-07-21 00:54:32,85.06,12.9,5.4,84.98,85.04,0,0,12.9,5.983333333333333,84.93476553813329,85.1050917262409,0.04446839104255475,0.0005366308306857022
FDBH18,2023-07-21 00:54:36,84.97,12.9,6.1,84.88000000000001,84.94,0,0,12.9,6.3999999999999995,84.8602093339848,84.97023904337318,0.02963018689811835,0.00032838892691484933
FDBH18,2023-07-21 00:54:40,84.87,12.9,6.4,84.79833333333333,84.84,0,0,12.923333333333332,6.633333333333334,84.79320243355205,84.88798923918552,0.016806469645205768,0.0003038945851001743
FDBH18,2023-07-21 00:54:44,84.77,12.91,6.7,84.81,84.85,0,0,12.983333333333334,6.766666666666666,84.70227216292203,84.80046429657553,0.015130927770056583,0.00028886164872650693
FDBH18,2023-07-21 00:54:47,84.79,12.99,6.8,84.84500000000001,84.87,0,0,12.996666666666668,6.849999999999999,84.723710610411,84.78128579073693,0.005075684051941696,0.0055076356241372665
FDBH18,2023-07-21 00:54:51,84.87,13.0,6.9,84.82166666666667,84.85,0,0,13.0,6.8999999999999995,84.83198921138845,84.87424996813424,0.002504508001168204,0.0007487677966456707
FDBH18,2023-07-21 00:54:55,84.83,13.0,6.9,84.74333333333334,84.8,0,0,13.0,6.8999999999999995,84.79236738410937,84.83478424187848,0.003422531843759069,0.0007440689100938346
FDBH18,2023-07-21 00:54:59,84.72,13.0,6.9,84.64,84.71,0,0,13.0,6.8999999999999995,84.68197856331592,84.7259189589097,0.0038694599254466373,0.0013165703063029667
FDBH18,2023-07-21 00:55:03,84.62,13.0,6.9,84.575,84.6,0,0,13.0,6.8999999999999995,84.58845497570334,84.62587306998907,0.004508080232947703,0.0013165703063029667
FDBH18,2023-07-21 00:55:07,84.59,13.0,6.9,84.50333333333334,84.56,0,0,13.0,6.8999999999999995,84.55845497570334,84.59414842729261,0.004030451302040756,0.0006743990148377432
FDBH18,2023-07-21 00:55:11,84.47,13.0,6.9,84.47333333333333,84.49,0,0,13.0,6.8999999999999995,84.43144669818422,84.47139314643377,0.0031609161753981033,0.0006743990148377432
FDBH18,2023-07-21 00:55:15,84.46,13.0,6.9,84.52,84.56,0,0,13.0,6.966666666666666,84.41311263829184,84.45961703541673,0.001922407702539112,0.00020335131801317683
FDBH18,2023-07-21 00:55:19,84.54,13.0,7.0,84.58666666666666,84.62,0,0,13.0,7.0,84.4889625800506,84.53422602512448,0.0011216728416462657,0.00019362969964061702
FDBH18,2023-07-21 00:55:23,84.6,13.0,7.0,84.62,84.66,0,0,12.998333333333335,7.0,84.56552479342996,84.60060018659878,0.000791747872891229,0.00019362969964061702
FDBH18,2023-07-21 00:55:27,84.61,13.0,7.0,84.68666666666665,84.72,0,0,13.0,7.0,84.59408772734831,84.61959841526262,0.001622105933126401,0.00019362969964061702
FDBH18,2023-07-21 00:55:31,84.72,13.0,7.0,84.72333333333334,84.74,0,0,13.0,7.0,84.72239550967014,84.74376210504875,0.001388384308545268,0.0002056796624712322
FDBH18,2023-07-21 00:55:35,84.73,13.0,7.0,84.72500000000001,84.75,0,0,12.998333333333333,7.0,84.7465835123047,84.76417115413477,0.001388384308545268,0.0002056796624712322
FDBH18,2023-07-21 00:55:38,84.71,13.0,7.0,84.74833333333333,84.79,0,0,12.998333333333335,7.0,84.73336647426055,84.7523207927726,0.001445878003745531,0.0002056796624712322
FDBH18,2023-07-21 00:55:42,84.76,13.0,7.0,84.81333333333333,84.84,0,0,12.998333333333335,7.0,84.78826607867491,84.8064223927726,0.001535426738782973,0.0002056796624712322
FDBH18,2023-07-21 00:55:46,84.83,12.99,7.0,84.87499999999999,84.94,0,0,13.0,7.0,84.85172147220291,84.8723207927726,0.0025851552503614486,0.00021227203490294423
FDBH18,2023-07-21 00:55:50,84.87,13.0,7.0,84.97500000000001,85.03,0,0,13.0,7.0,84.89220897373957,84.9123207927726,0.0011429937547069678,0.00014378823105485632
FDBH18,2023-07-21 00:55:54,85.0,13.0,7.0,85.06666666666666,85.13,0,0,13.0,7.0,85.03075888541494,85.0464223927726,0.0010611149928718448,0.00014378823105485632
FDBH18,2023-07-21 00:55:58,85.09,13.0,7.0,85.18166666666666,85.27,0,0,12.998333333333333,7.0,85.12075888541494,85.14222066841907,0.0010611149928718448,0.00014378823105485632
FDBH18,2023-07-21 00:56:02,85.19,13.0,7.0,85.33,85.44,0,0,12.998333333333335,7.0,85.22324955558796,85.25292816134842,0.0010611149928718448,0.00014378823105485632
FDBH18,2023-07-21 00:56:06,85.34,13.0,7.0,85.52833333333332,85.65,0,0,13.0,7.0,85.38246884693488,85.41730959545998,0.0015239285587932616,0.00014378823105485632
FDBH18,2023-07-21 00:56:10,85.57,13.0,7.0,85.73833333333333,85.86,0,0,13.0,7.0,85.61818628556603,85.65100576921996,0.00178191629050755,0.00014378823105485632
FDBH18,2023-07-21 00:56:14,85.79,13.0,7.0,85.91000000000001,86.01,0,0,13.0,7.0,85.84638937548841,85.89158938063764,0.001856345445771216,0.00014378823105485632
FDBH18,2023-07-21 00:56:18,85.92,13.0,7.0,86.055,86.14,0,0,12.998333333333333,7.0,85.97624200035241,86.03262877192915,0.00177990677621859,0.00023832905651805747
FDBH18,2023-07-21 00:56:22,86.06,13.0,7.0,86.19333333333333,86.28,0,0,12.998333333333335,7.0,86.13772523527611,86.17938293983039,0.0020131119392172566,0.00023159896918701988
FDBH18,2023-07-21 00:56:25,86.17,13.0,7.0,86.31333333333333,86.44,0,0,12.998333333333333,7.0,86.24757786014013,86.28938293983039,0.002236804000576259,0.0002492427463324093
FDBH18,2023-07-21 00:56:29,86.31,13.0,7.0,86.48333333333333,86.59,0,0,12.998333333333335,7.0,86.38772523527611,86.42938293983039,0.0021984339525206883,0.0002492427463324093
FDBH18,2023-07-21 00:56:33,86.49,13.0,7.0,86.66666666666667,86.79,0,0,12.998333333333335,7.0,86.56757786014012,86.60938293983038,0.00226989309936192,0.00023159896918701988
FDBH18,2023-07-21 00:56:37,86.7,12.99,7.0,86.91333333333334,87.09,0,0,13.0,7.0,86.75487492488368,86.81262877192916,0.0021913776210821362,0.00023372955988556208
FDBH18,2023-07-21 00:56:41,86.96,13.0,7.0,87.18333333333334,87.33,0,0,13.0,7.0,87.03757786014012,87.07938293983038,0.00456534910669485,0.00023159896918701988
FDBH18,2023-07-21 00:56:45,87.22,13.0,7.0,87.425,87.57,0,0,13.0,7.0,87.29735745657764,87.33938293983039,0.004189841511647244,0.0002492427463324093
FDBH18,2023-07-21 00:56:49,87.47,13.0,7.0,87.67666666666666,87.84,0,0,13.0,7.0,87.54763828775619,87.61043224751232,0.004366633568071628,0.0002492427463324093
FDBH18,2023-07-21 00:56:53,87.72,13.0,7.0,87.925,88.1,0,0,13.0,7.0,87.79603136600775,87.87550991073938,0.004366633568071628,0.0002492427463324093
FDBH18,2023-07-21 00:56:57,87.96,13.0,7.0,88.18833333333333,88.35,0,0,13.0,7.0,88.03551367703376,88.12898401695612,0.004496698813811059,0.0002492427463324093
FDBH18,2023-07-21 00:57:01,88.21,13.0,7.0,88.44333333333334,88.59,0,0,13.0,7.0,88.28551367703376,88.37898401695612,0.004377826758918267,0.0002492427463324093
FDBH18,2023-07-21 00:57:05,88.49,13.0,7.0,88.68,88.85,0,0,13.0,7.0,88.56044251558177,88.65898401695613,0.004377826758918267,0.0002492427463324093
FDBH18,2023-07-21 00:57:09,88.69,13.0,7.0,88.92333333333333,89.07,0,0,13.0,7.016666666666667,88.75996725667828,88.85898401695613,0.003611323758504716,0.0002492427463324093
FDBH18,2023-07-21 00:57:12,88.9,13.0,7.0,89.08,89.19,0,0,13.0,7.066666666666667,88.96030820822419,89.06898401695614,0.003611323758504716,0.00023942297603615144
FDBH18,2023-07-21 00:57:16,89.12,13.0,7.1,89.25666666666666,89.39,0,0,13.0,7.1000000000000005,89.16751281065224,89.29595293825454,0.021943975779094006,0.0005805450185882445
FDBH18,2023-07-21 00:57:20,89.26,13.0,7.1,89.46,89.59,0,0,13.0,7.083333333333333,89.31721187282271,89.43565264032046,0.029051394409913125,0.0003569620404078406
FDBH18,2023-07-21 00:57:24,89.49,13.0,7.1,89.68333333333334,89.83,0,0,13.0,7.016666666666667,89.54349609309308,89.65217853410368,0.026621999728527367,0.0003676403120411908
FDBH18,2023-07-21 00:57:28,89.72,13.0,7.0,89.93833333333333,90.1,0,0,13.0,7.0,89.76517564775952,89.86559191080093,0.016932048168588384,0.0003676403120411908
FDBH18,2023-07-21 00:57:32,89.98,13.0,7.0,90.19666666666666,90.36,0,0,13.0,7.0,90.02517564775953,90.12559191080094,0.011212907687695929,0.0005313817489604713
FDBH18,2023-07-21 00:57:36,90.22,13.0,7.0,90.46333333333335,90.65,0,0,13.0,7.0,90.2583955489748,90.35656721078934,0.009364955953741174,0.00036476752455875266
FDBH18,2023-07-21 00:57:40,90.5,13.0,7.0,90.78166666666665,90.97,0,0,12.998333333333333,6.5,90.54567693754511,90.65134457608231,0.037075365795492594,0.00036476752455875266
FDBH18,2023-07-21 00:57:44,90.84,13.0,7.0,91.09999999999998,91.31,0,0,12.998333333333335,3.566666666666667,90.88610288774267,91.00012931105717,0.08854401920301459,0.0003541726647149643
FDBH18,2023-07-21 00:57:48,91.14,13.0,2.9,91.44500000000001,91.7,0,0,13.0,0.8833333333333333,91.19163642160893,91.34654435128122,0.08895333614916416,0.0003761157144618525
FDBH18,2023-07-21 00:57:52,91.47,13.0,0.5,91.88666666666667,92.14,0,0,12.998333333333333,0.11666666666666665,91.53875600193223,91.65439190782503,0.007186554302084081,0.00018079460638277967
FDBH18,2023-07-21 00:57:56,91.96,13.0,0.1,92.34166666666665,92.64,0,0,12.996666666666668,0.09999999999999999,92.03395401913374,92.17958869817656,0.001856869739089654,0.00018079460638277967
FDBH18,2023-07-21 00:58:00,92.39,12.99,0.1,92.85166666666667,93.2,0,0,13.0,0.09999999999999999,92.47446841287255,92.62793609769004,0.001898907678557361,0.00018748878774249963
FDBH18,2023-07-21 00:58:03,92.77,13.0,0.1,93.29166666666667,93.68,0,0,12.998333333333333,0.09999999999999999,92.88298621019413,93.02387595310962,0.00192922354707549,0.00018577963219213372
FDBH18,2023-07-21 00:58:07,93.38,13.0,0.1,93.92666666666666,94.36,0,0,12.996666666666668,0.09999999999999999,93.53157383532475,93.67234366755342,0.0027122228139071984,0.0002016705537806949
FDBH18,2023-07-21 00:58:11,93.98,13.0,0.1,94.65500000000002,95.18,0,0,12.996666666666664,0.09999999999999999,94.11888706228734,94.29078606855612,0.005340817718534956,0.0002016705537806949
FDBH18,2023-07-21 00:58:15,94.73,13.0,0.1,95.56166666666667,96.24,0,0,12.98666666666667,0.09999999999999999,94.88265334332024,95.0579647903641,0.006402407884086068,0.00017598855167491048
FDBH18,2023-07-21 00:58:19,95.67,12.99,0.1,96.69166666666666,97.42,0,0,12.889999999999999,0.09999999999999999,95.86576912940177,96.059864813208,0.010308426498620231,0.00018402813446186976
FDBH18,2023-07-21 00:58:23,96.86,12.87,0.1,97.84666666666665,98.55,0,0,12.691666666666665,0.09999999999999999,97.27205621398691,97.30494675385594,0.0027423994602579363,0.0002041970390690497
FDBH18,2023-07-21 00:58:27,97.98,12.66,0.1,98.85000000000001,99.42,0,0,12.503333333333332,0.09999999999999999,98.36823470387237,98.42468801437036,0.003031544767947582,0.0002060435126457922
FDBH18,2023-07-21 00:58:31,98.95,12.46,0.1,99.71,100.17,0,0,12.348333333333334,0.09999999999999999,99.35204053145556,99.34191823339418,0.0030856699776070397,0.00023041709543702052
FDBH18,2023-07-21 00:58:35,99.83,12.33,0.1,100.32833333333332,100.5,0,0,12.153333333333334,0.09999999999999999,100.07819626862259,100.08121981770245,0.002451195058364166,0.00023041709543702052
FDBH18,2023-07-21 00:58:39,100.45,12.13,0.1,100.45666666666666,100.5,0,0,11.966666666666667,0.09999999999999999,100.65483678973057,100.62869928162429,0.003242967859249276,0.0002612749040250402
FDBH18,2023-07-21 00:58:43,100.43,11.93,0.1,100.40833333333332,100.44,0,0,11.905,0.09999999999999999,100.6375499857362,100.61144925652395,0.002856856490810714,0.0002612749040250402
FDBH18,2023-07-21 00:58:47,100.4,11.9,0.1,100.44666666666666,100.55,0,0,11.9,0.09999999999999999,100.50481784186435,100.58309110101513,0.0029148889916857444,0.00022045174744850127
FDBH18,2023-07-21 00:58:50,100.41,11.9,0.1,100.61833333333334,100.85,0,0,11.9,0.09999999999999999,100.38243901889605,100.58293640746663,0.002671036448189239,0.00013968253427776393
FDBH18,2023-07-21 00:58:54,100.63,11.9,0.1,100.97833333333334,101.21,0,0,11.875,0.09999999999999999,100.5154467920501,100.74903966381275,0.002440541195692485,0.00013968253427776393
FDBH18,2023-07-21 00:58:58,101.02,11.88,0.1,101.415,101.75,0,0,11.780000000000001,0.09999999999999999,100.9295589651939,101.06352211051801,0.0009312778379796546,0.00014724653315881887
FDBH18,2023-07-21 00:59:02,101.47,11.77,0.1,101.88666666666667,102.09,0,0,11.545,0.09999999999999999,101.45959505870032,101.50605663664844,0.0010798261102001518,0.00014724653315881887
FDBH18,2023-07-21 00:59:06,101.96,11.59,0.1,102.13,102.2,0,0,11.026666666666666,0.09999999999999999,102.02431453434345,102.14916655962242,0.0010528771709546188,0.00014724653315881887
FDBH18,2023-07-21 00:59:10,102.2,10.97,0.1,101.93666666666667,102.17,0,0,10.541666666666668,0.09999999999999999,102.14808657682751,102.33262646113337,0.0013871580335556076,0.000166967873462107
FDBH18,2023-07-21 00:59:14,101.92,10.48,0.1,101.41833333333334,101.78,0,0,10.188333333333334,0.09999999999999999,101.83885992901388,101.9951987200884,0.0025132849920760647,0.000166967873462107
FDBH18,2023-07-21 00:59:18,101.33,10.13,0.1,100.85666666666667,101.19,0,0,10.108333333333333,0.09999999999999999,100.85263941559433,101.29097160303795,0.0016842641220031766,0.00013968253427776393
FDBH18,2023-07-21 00:59:22,100.79,10.1,0.1,100.45,100.66,0,0,10.101666666666668,0.09999999999999999,100.4478540289938,100.7879088611329,0.0016417627601607707,0.00013968253427776393
FDBH18,2023-07-21 00:59:26,100.4,10.1,0.1,100.32000000000001,100.35,0,0,10.101666666666667,0.09999999999999999,100.13212394733779,100.30465482552611,0.001606252002918018,0.0001538228757517052
FDBH18,2023-07-21 00:59:30,100.3,10.11,0.1,100.41333333333334,100.56,0,0,10.1,0.09999999999999999,99.97318821535123,100.20564996783679,0.0019387058196743269,0.0001538228757517052
FDBH18,2023-07-21 00:59:34,100.42,10.1,0.1,100.68833333333333,100.94,0,0,10.1,0.09999999999999999,100.14518790891984,100.29007786273358,0.0020965886586067997,0.0001538228757517052
FDBH18,2023-07-21 00:59:38,100.72,10.1,0.1,101.09666666666668,101.37,0,0,10.1,0.09999999999999999,100.51166960751361,100.67308908010861,0.0011340390844160333,0.0001538228757517052
FDBH18,2023-07-21 00:59:41,101.06,10.1,0.1,101.41333333333334,101.65,0,0,10.081666666666667,0.09999999999999999,100.96813529891025,101.03636102378097,0.0006701010467476529,0.00013565394068284063
FDBH18,2023-07-21 00:59:45,101.46,10.1,0.1,101.75,101.88,0,0,9.941666666666668,0.09999999999999999,101.3575396473617,101.47807596566268,0.0006436510165609455,0.00014901836203163262
FDBH18,2023-07-21 00:59:49,101.8,9.93,0.1,101.90333333333332,101.95,0,0,9.768333333333333,0.09999999999999999,101.8335449616149,101.95744639234371,0.0007499852521174914,0.00014901836203163262
FDBH18,2023-07-21 00:59:53,101.95,9.74,0.1,101.83,101.92,0,0,9.646666666666667,0.09999999999999999,102.00798564659799,102.15473834857634,0.0008286832438214034,0.00014724653315881887
FDBH18,2023-07-21 00:59:57,101.84,9.64,0.1,101.55666666666667,101.75,0,0,9.453333333333333,0.09999999999999999,101.88961312905288,102.04473834857635,0.0010528771709546188,0.00014724653315881887
FDBH18,2023-07-21 01:00:01,101.53,9.44,0.1,101.09833333333334,101.42,0,0,9.215,0.09999999999999999,101.43274978706397,101.58804544497961,0.0010528771709546188,0.00014724653315881887
FDBH18,2023-07-21 01:00:05,101.03,9.16,0.1,100.49,100.89,0,0,9.101666666666668,0.09999999999999999,100.95489409788335,101.06706169777569,0.0011250120794645418,0.000166967873462107
FDBH18,2023-07-21 01:00:09,100.42,9.09,0.1,99.94833333333332,100.27,0,0,9.090000000000002,0.09999999999999999,100.30311433448867,100.38251447495173,0.0008248763568412999,0.0001538228757517052
FDBH18,2023-07-21 01:00:13,99.87,9.09,0.1,99.52333333333333,99.76,0,0,9.090000000000002,0.09999999999999999,99.67507974475366,99.77719487967397,0.0008338320398126885,0.0001538228757517052
FDBH18,2023-07-21 01:00:17,99.45,9.09,0.1,99.23,99.37,0,0,9.090000000000002,0.09999999999999999,99.27321263327326,99.32020871413724,0.0011872524454057366,0.0001538228757517052
FDBH18,2023-07-21 01:00:21,99.19,9.09,0.1,99.08666666666669,99.15,0,0,9.090000000000002,0.09999999999999999,98.92215642026339,99.02969914425019,0.0012866570236799873,0.0001538228757517052
FDBH18,2023-07-21 01:00:25,99.09,9.09,0.1,98.93166666666667,99.05,0,0,9.090000000000002,0.09999999999999999,98.82133903252476,98.95535410977952,0.0009720530425199312,0.00013565394068284063
FDBH18,2023-07-21 01:00:28,98.99,9.09,0.1,98.70166666666667,98.92,0,0,9.090000000000002,0.09999999999999999,98.79618952725663,98.89965731357582,0.0009720530425199312,0.00013565394068284063
FDBH18,2023-07-21 01:00:32,98.64,9.09,0.1,98.35333333333334,98.58,0,0,9.091666666666667,0.09999999999999999,98.52410551963776,98.56561073961926,0.0008527357192091048,0.00011879238027598585
FDBH18,2023-07-21 01:00:36,98.31,9.09,0.1,98.07000000000001,98.23,0,0,9.098333333333334,0.09999999999999999,98.11743109787807,98.27930857970911,0.0005310822016921773,0.00013206238366996007
FDBH18,2023-07-21 01:00:40,98.03,9.1,0.1,97.88833333333332,97.97,0,0,9.1,0.09999999999999999,97.84154832526319,97.9772856579515,0.0005223102609177421,0.00013206238366996007
FDBH18,2023-07-21 01:00:44,97.86,9.1,0.1,97.79666666666667,97.85,0,0,9.1,0.09999999999999999,97.67809066944207,97.8072856579515,0.0005423127345095376,0.00013206238366996007
FDBH18,2023-07-21 01:00:48,97.79,9.1,0.1,97.71333333333332,97.76,0,0,9.1,0.09999999999999999,97.61325371556343,97.7372856579515,0.0005726353785472209,0.00013206238366996007
FDBH18,2023-07-21 01:00:52,97.7,9.1,0.1,97.55000000000001,97.68,0,0,9.1,0.09999999999999999,97.55091274450025,97.64860843292516,0.0005726353785472209,0.00013206238366996007
FDBH18,2023-07-21 01:00:56,97.53,9.1,0.1,97.20833333333333,97.47,0,0,9.1,0.09999999999999999,97.38091274450025,97.48815488168476,0.0005638613704509023,0.00013206238366996007
FDBH18,2023-07-21 01:01:00,97.17,9.1,0.1,96.78166666666668,97.03,0,0,9.1,0.09999999999999999,97.04012916681388,97.12815488168476,0.0005340030864243651,0.00013206238366996007
FDBH18,2023-07-21 01:01:04,96.73,9.1,0.1,96.33499999999998,96.61,0,0,9.1,0.09999999999999999,96.58785833721572,96.68134160753743,0.0005143069452763034,0.00013206238366996007
FDBH18,2023-07-21 01:01:08,96.28,9.1,0.1,95.92333333333333,96.16,0,0,9.1,0.09999999999999999,96.11599520918764,96.22983654341903,0.0003468355533368174,0.00013206238366996007
FDBH18,2023-07-21 01:01:12,95.88,9.1,0.1,95.60166666666667,95.77,0,0,9.1,0.09999999999999999,95.70566905663233,95.84795352418679,0.0003452298000414046,0.00013206238366996007
FDBH18,2023-07-21 01:01:16,95.57,9.1,0.1,95.37166666666667,95.49,0,0,9.1,0.09999999999999999,95.37116666225059,95.52570449381004,0.0004661774654657462,0.00013206238366996007
FDBH18,2023-07-21 01:01:19,95.37,9.1,0.1,95.26666666666667,95.35,0,0,9.1,0.09999999999999999,95.1711666622506,95.32570449381005,0.0004916576433018585,0.00013206238366996007
FDBH18,2023-07-21 01:01:23,95.26,9.1,0.1,95.19,95.22,0,0,9.1,0.09999999999999999,95.0611666622506,95.21570449381005,0.0004916576433018585,0.00013206238366996007
FDBH18,2023-07-21 01:01:27,95.19,9.1,0.1,95.145,95.18,0,0,9.1,0.09999999999999999,95.01414614444843,95.14570449381004,0.0004661774654657462,0.00013206238366996007
FDBH18,2023-07-21 01:01:31,95.11,9.1,0.1,95.17333333333333,95.24,0,0,9.1,0.09999999999999999,94.93414614444843,95.06731071027447,0.0003468355533368174,0.00013206238366996007
FDBH18,2023-07-21 01:01:35,95.19,9.1,0.1,95.25666666666666,95.31,0,0,9.1,0.09999999999999999,95.04984979139739,95.15615537247244,0.00034152010294031447,0.00013206238366996007
FDBH18,2023-07-21 01:01:39,95.26,9.1,0.1,95.34833333333331,95.44,0,0,9.1,0.09999999999999999,95.17543584164942,95.23657933480231,0.00019459893557059293,0.0001125115064732979
FDBH18,2023-07-21 01:01:43,95.34,9.1,0.1,95.52666666666666,95.64,0,0,9.1,0.09999999999999999,95.31210165064525,95.33564007568036,0.00014081631389398853,0.0001125115064732979
FDBH18,2023-07-21 01:01:47,95.58,9.1,0.1,95.72666666666667,95.85,0,0,9.1,0.09999999999999999,95.59651953757255,95.62555955359208,0.0001400104992240302,0.0001125115064732979
FDBH18,2023-07-21 01:01:51,95.76,9.1,0.1,95.925,96.04,0,0,9.1,0.09999999999999999,95.80584441128687,95.85240964504055,0.00016184879030137588,0.0001125115064732979
FDBH18,2023-07-21 01:01:55,95.94,9.1,0.1,96.11999999999999,96.23,0,0,9.1,0.09999999999999999,96.02281939050395,96.07115295845392,0.0001731820467884197,0.0001125115064732979
FDBH18,2023-07-21 01:01:59,96.16,9.1,0.1,96.305,96.43,0,0,9.1,0.09999999999999999,96.24656094544977,96.29661371286356,0.00027795531971545586,0.00011521085738939225
FDBH18,2023-07-21 01:02:03,96.31,9.1,0.1,96.46166666666666,96.52,0,0,9.1,0.09999999999999999,96.41474556641043,96.45367285545441,0.0003039384919061454,0.00013206238366996007
FDBH18,2023-07-21 01:02:06,96.46,9.1,0.1,96.55,96.63,0,0,9.1,0.09999999999999999,96.56387252396195,96.6036728554544,0.0003039384919061454,0.00013206238366996007
FDBH18,2023-07-21 01:02:10,96.55,9.1,0.1,96.69666666666666,96.79,0,0,9.1,0.09999999999999999,96.65535737476903,96.70178732551425,0.0003039384919061454,0.00013206238366996007
FDBH18,2023-07-21 01:02:14,96.72,9.1,0.1,96.83833333333332,96.94,0,0,9.1,0.09999999999999999,96.82387252396195,96.86367285545441,0.0003039384919061454,0.00013206238366996007
FDBH18,2023-07-21 01:02:18,96.84,9.1,0.1,97.00500000000001,97.09,0,0,9.1,0.09999999999999999,96.94474556641043,96.98367285545442,0.0003039384919061454,0.00011521085738939225
FDBH18,2023-07-21 01:02:22,97.04,9.1,0.1,97.175,97.27,0,0,9.1,0.09999999999999999,97.12365709167419,97.17731549942518,0.00027795531971545586,0.00011521085738939225
FDBH18,2023-07-21 01:02:26,97.22,9.1,0.1,97.33999999999999,97.47,0,0,9.1,0.09999999999999999,97.30365709167418,97.35731549942517,0.00027795531971545586,0.00011521085738939225
FDBH18,2023-07-21 01:02:30,97.34,9.1,0.1,97.545,97.69,0,0,9.1,0.09999999999999999,97.42365709167419,97.47731549942517,0.00027795531971545586,0.00011521085738939225
FDBH18,2023-07-21 01:02:34,97.57,9.1,0.1,97.77999999999999,97.91,0,0,9.1,0.09999999999999999,97.65365709167418,97.70731549942516,0.00027795531971545586,0.00011521085738939225
FDBH18,2023-07-21 01:02:38,97.82,9.1,0.1,97.98333333333333,98.1,0,0,9.1,0.09999999999999999,97.92474556641042,97.9636728554544,0.0003039384919061454,0.00013206238366996007
FDBH18,2023-07-21 01:02:42,98.0,9.1,0.1,98.19333333333333,98.33,0,0,9.1,0.09999999999999999,98.10510791945558,98.15112643280614,0.0003039384919061454,0.00013206238366996007
FDBH18,2023-07-21 01:02:46,98.22,9.1,0.1,98.42833333333333,98.57,0,0,9.1,0.09999999999999999,98.32510791945558,98.37697704420044,0.0003074395128025454,0.00013206238366996007
FDBH18,2023-07-21 01:02:50,98.47,9.1,0.1,98.64499999999998,98.78,0,0,9.1,0.09999999999999999,98.57393080983002,98.62697704420044,0.0003074395128025454,0.00013206238366996007
FDBH18,2023-07-21 01:02:53,98.6,9.1,0.1,98.79833333333333,98.92,0,0,9.1,0.09999999999999999,98.70813369612023,98.75697704420044,0.0003074395128025454,0.00013206238366996007
FDBH18,2023-07-21 01:02:57,98.81,9.1,0.1,98.99333333333334,99.09,0,0,9.1,0.09999999999999999,98.94538327292614,98.96697704420045,0.0003074395128025454,0.00013206238366996007
FDBH18,2023-07-21 01:03:01,99.04,9.1,0.1,99.14333333333333,99.23,0,0,9.1,0.09999999999999999,99.17538327292614,99.19697704420045,0.0003074395128025454,0.00013206238366996007
FDBH18,2023-07-21 01:03:05,99.15,9.1,0.1,99.25666666666666,99.31,0,0,9.1,0.09999999999999999,99.28118038663592,99.30697704420045,0.0003074395128025454,0.00013206238366996007
FDBH18,2023-07-21 01:03:09,99.27,9.1,0.1,99.33666666666666,99.38,0,0,9.1,0.09999999999999999,99.3751900809344,99.4270718188256,0.0003074395128025454,0.00013206238366996007
FDBH18,2023-07-21 01:03:13,99.34,9.1,0.1,99.435,99.52,0,0,9.1,0.09999999999999999,99.44370523012734,99.48310673737146,0.0003039384919061454,0.00013206238366996007
FDBH18,2023-07-21 01:03:17,99.44,9.1,0.1,99.54,99.6,0,0,9.1,0.09999999999999999,99.52348979783956,99.57674938134222,0.00027795531971545586,0.00011521085738939225
FDBH18,2023-07-21 01:03:21,99.55,9.1,0.1,99.62666666666667,99.67,0,0,9.1,0.09999999999999999,99.63348979783956,99.6812886269326,0.00025438986336333416,0.0001125115064732979
FDBH18,2023-07-21 01:03:25,99.63,9.1,0.1,99.735,99.84,0,0,9.1,0.09999999999999999,99.71369051773192,99.74829299503632,0.0001731820467884197,0.0001125115064732979
FDBH18,2023-07-21 01:03:29,99.74,9.1,0.1,99.85000000000001,99.89,0,0,9.1,0.09999999999999999,99.80462661329646,99.8448110328792,0.00016167659391917925,0.0001125115064732979
FDBH18,2023-07-21 01:03:33,99.86,9.1,0.1,99.92666666666666,99.99,0,0,9.1,0.09999999999999999,99.92462661329647,99.95852145751921,0.00016167659391917925,0.0001125115064732979
FDBH18,2023-07-21 01:03:37,99.93,9.1,0.1,100.02666666666666,100.09,0,0,9.1,0.09999999999999999,99.99462661329648,100.02852145751922,0.00016167659391917925,0.0001125115064732979
FDBH18,2023-07-21 01:03:41,100.03,9.1,0.1,100.09666666666668,100.12,0,0,9.1,0.09999999999999999,100.09462661329647,100.13481103287921,0.00016167659391917925,0.0001125115064732979
FDBH18,2023-07-21 01:03:44,100.1,9.1,0.1,100.14999999999999,100.2,0,0,9.1,0.09999999999999999,100.16462661329646,100.2048110328792,0.00016167659391917925,0.0001125115064732979
FDBH18,2023-07-21 01:03:48,100.17,9.1,0.1,100.26,100.31,0,0,9.1,0.09999999999999999,100.23462661329647,100.26852145751921,0.00016167659391917925,0.0001125115064732979
FDBH18,2023-07-21 01:03:52,100.3,9.1,0.1,100.35000000000001,100.42,0,0,9.1,0.09999999999999999,100.36462661329647,100.39852145751921,0.00016167659391917925,0.0001125115064732979
FDBH18,2023-07-21 01:03:56,100.36,9.1,0.1,100.42500000000001,100.46,0,0,9.1,0.09999999999999999,100.42462661329647,100.45852145751921,0.00017573409945698256,0.0001125115064732979
FDBH18,2023-07-21 01:04:00,100.43,9.1,0.1,100.48666666666666,100.53,0,0,9.1,0.09999999999999999,100.4880173607687,100.52852145751922,0.00017573409945698256,0.0001125115064732979
FDBH18,2023-07-21 01:04:04,100.5,9.1,0.1,100.54833333333333,100.58,0,0,9.1,0.09999999999999999,100.55801736076869,100.59852145751921,0.00017573409945698256,0.0001125115064732979
FDBH18,2023-07-21 01:04:08,100.56,9.1,0.1,100.59500000000001,100.62,0,0,9.1,0.09999999999999999,100.61801736076869,100.65852145751921,0.00016184879030137588,0.0001125115064732979
FDBH18,2023-07-21 01:04:12,100.61,9.1,0.1,100.59999999999998,100.62,0,0,9.1,0.09999999999999999,100.66509637682682,100.69542582343841,0.00016184879030137588,0.0001125115064732979
FDBH18,2023-07-21 01:04:16,100.6,9.1,0.1,100.60166666666667,100.62,0,0,9.1,0.09999999999999999,100.63841815061183,100.6794496794384,0.0001400104992240302,0.0001125115064732979
FDBH18,2023-07-21 01:04:20,100.59,9.1,0.1,100.63499999999999,100.66,0,0,9.1,0.09999999999999999,100.61933203350628,100.65315367943842,0.0001400104992240302,0.0001125115064732979
FDBH18,2023-07-21 01:04:24,100.66,9.1,0.1,100.65833333333335,100.68,0,0,9.1,0.09999999999999999,100.68353884772729,100.70699692175994,0.0001400104992240302,0.0001125115064732979
FDBH18,2023-07-21 01:04:28,100.65,9.1,0.1,100.7,100.74,0,0,9.1,0.09999999999999999,100.66784173894202,100.68982318439228,0.0001400104992240302,0.0001125115064732979
FDBH18,2023-07-21 01:04:31,100.68,9.1,0.1,100.70666666666666,100.74,0,0,9.1,0.09999999999999999,100.69784173894202,100.71982318439228,0.00014192641484865167,0.0001125115064732979
FDBH18,2023-07-21 01:04:35,100.69,9.1,0.1,100.71,100.72,0,0,9.1,0.09999999999999999,100.7036188535078,100.72601231998877,0.00014192641484865167,0.0001125115064732979
FDBH18,2023-07-21 01:04:39,100.72,9.1,0.1,100.73833333333333,100.77,0,0,9.1,0.09999999999999999,100.73107925052868,100.75374983998877,0.00014192641484865167,0.0001125115064732979
FDBH18,2023-07-21 01:04:43,100.75,9.1,0.1,100.79,100.83,0,0,9.1,0.09999999999999999,100.76361885350781,100.78601231998877,0.00014192641484865167,0.0001125115064732979
FDBH18,2023-07-21 01:04:47,100.81,9.1,0.1,100.87666666666667,100.98,0,0,9.1,0.09999999999999999,100.82784173894201,100.84962585118878,0.00014192641484865167,0.0001125115064732979
FDBH18,2023-07-21 01:04:51,100.88,9.1,0.1,100.99499999999999,101.05,0,0,9.1,0.09999999999999999,100.897841738942,100.91982318439227,0.0001400104992240302,0.0001125115064732979
FDBH18,2023-07-21 01:04:55,101.02,9.1,0.1,101.07666666666665,101.14,0,0,9.1,0.09999999999999999,101.041628108291,101.06699692175994,0.0001400104992240302,0.0001125115064732979
FDBH18,2023-07-21 01:04:59,101.07,9.1,0.1,101.15666666666668,101.2,0,0,9.1,0.09999999999999999,101.09933203350627,101.13315367943841,0.0001400104992240302,0.0001125115064732979
FDBH18,2023-07-21 01:05:03,101.17,9.1,0.1,101.20833333333333,101.22,0,0,9.1,0.09999999999999999,101.21988703560856,101.24944967943841,0.0001552345363324885,0.0001125115064732979
FDBH18,2023-07-21 01:05:07,101.21,9.1,0.1,101.24333333333334,101.28,0,0,9.1,0.09999999999999999,101.26681284306243,101.3085214575192,0.0001552345363324885,0.0001125115064732979
FDBH18,2023-07-21 01:05:11,101.23,9.1,0.1,101.31333333333333,101.36,0,0,9.1,0.09999999999999999,101.29544595054006,101.3381634467217,0.0001552345363324885,0.0001125115064732979
FDBH18,2023-07-21 01:05:15,101.33,9.1,0.1,101.35333333333334,101.36,0,0,9.1,0.09999999999999999,101.38852014308618,101.41909166864089,0.0001552345363324885,0.0001125115064732979
FDBH18,2023-07-21 01:05:19,101.35,9.1,0.1,101.34166666666665,101.36,0,0,9.1,0.09999999999999999,101.38962632213949,101.42279566864089,0.00013428858805759398,0.0001125115064732979
FDBH18,2023-07-21 01:05:22,101.34,9.1,0.1,101.33166666666666,101.34,0,0,9.1,0.09999999999999999,101.3796263221395,101.40356394927318,0.00013428858805759398,0.0001125115064732979
FDBH18,2023-07-21 01:05:26,101.33,9.1,0.1,101.29833333333333,101.34,0,0,9.1,0.09999999999999999,101.3619223969242,101.3774071915947,0.00013428858805759398,0.0001125115064732979
FDBH18,2023-07-21 01:05:30,101.3,9.1,0.1,101.24333333333333,101.28,0,0,9.1,0.09999999999999999,101.32700791548193,101.34023345422703,0.00013428858805759398,0.0001125115064732979
FDBH18,2023-07-21 01:05:34,101.22,9.1,0.1,101.23,101.25,0,0,9.1,0.09999999999999999,101.2351906927414,101.24505108075336,0.00013612621522136764,0.0001125115064732979
FDBH18,2023-07-21 01:05:38,101.22,9.1,0.1,101.28000000000002,101.34,0,0,9.1,0.09999999999999999,101.22023231885059,101.22601948129038,0.00013690967739304986,0.0001125115064732979
FDBH18,2023-07-21 01:05:42,101.29,9.1,0.1,101.37833333333333,101.46,0,0,9.1,0.09999999999999999,101.28737909543332,101.29421117076362,0.00013690967739304986,0.0001125115064732979
FDBH18,2023-07-21 01:05:46,101.38,9.1,0.1,101.49333333333334,101.57,0,0,9.1,0.09999999999999999,101.37899593774675,101.38592299113611,0.00013690967739304986,0.0001125115064732979
FDBH18,2023-07-21 01:05:50,101.5,9.1,0.1,101.67,101.83,0,0,9.1,0.09999999999999999,101.51987762947792,101.52886194515686,0.00013428858805759398,0.0001125115064732979
FDBH18,2023-07-21 01:05:54,101.69,9.1,0.1,101.95666666666666,102.17,0,0,9.1,0.09999999999999999,101.72328576832659,101.74554170927317,0.00013428858805759398,0.0001125115064732979
FDBH18,2023-07-21 01:05:58,101.99,9.1,0.1,102.29,102.48,0,0,9.1,0.09999999999999999,102.09611424795268,102.14384279052776,0.0001732087481825815,0.0001125115064732979
FDBH18,2023-07-21 01:06:02,102.34,9.1,0.1,102.61500000000001,102.83,0,0,9.1,0.09999999999999999,102.47002564350397,102.53207071435078,0.00026659742013279166,0.00011521085738939225
FDBH18,2023-07-21 01:06:06,102.65,9.1,0.1,103.0,103.26,0,0,9.1,0.09999999999999999,102.804072514067,102.86239315183415,0.0002948771760131426,0.00013206238366996007
FDBH18,2023-07-21 01:06:09,102.96,9.1,0.1,103.295,103.51,0,0,9.083333333333334,0.09999999999999999,103.06827998951319,103.14750134185361,0.00035014559226637077,0.00013206238366996007
FDBH18,2023-07-21 01:06:13,103.35,9.1,0.1,103.53166666666668,103.57,0,0,8.951666666666666,0.09999999999999999,103.4230745091342,103.54932792003585,0.0003865226382110767,0.00013206238366996007
FDBH18,2023-07-21 01:06:17,103.56,8.92,0.1,103.55666666666666,103.57,0,0,8.825000000000001,0.09999999999999999,103.6328102475845,103.7711532665199,0.0007466310025998063,0.00012168469246129743
FDBH18,2023-07-21 01:06:21,103.57,8.81,0.1,103.5,103.54,0,0,8.801666666666668,0.09999999999999999,103.64016133638607,103.788511536548,0.0007993651164523151,0.00012318359329957764
FDBH18,2023-07-21 01:06:25,103.48,8.8,0.1,103.46833333333335,103.48,0,0,8.799999999999999,0.09999999999999999,103.48956891251015,103.62322361714925,0.0007098894463431099,0.00012318359329957764
FDBH18,2023-07-21 01:06:29,103.47,8.8,0.1,103.50833333333334,103.59,0,0,8.799999999999999,0.09999999999999999,103.49856533572817,103.57425968895352,0.0007197783071409617,0.00012318359329957764
FDBH18,2023-07-21 01:06:33,103.51,8.8,0.1,103.69833333333332,103.88,0,0,8.799999999999999,0.09999999999999999,103.52909016374824,103.57891817990713,0.0006776974587230294,0.00012318359329957764
FDBH18,2023-07-21 01:06:37,103.73,8.8,0.1,104.01833333333333,104.22,0,0,8.799999999999999,0.09999999999999999,103.74755257562266,103.78980777606088,0.00035702806593299394,0.00012029746638662889
FDBH18,2023-07-21 01:06:41,104.08,8.8,0.1,104.31666666666666,104.46,0,0,8.788333333333334,0.09999999999999999,104.1155878054363,104.12967313053896,0.00034990212645730976,0.00012029746638662889
FDBH18,2023-07-21 01:06:45,104.35,8.8,0.1,104.53166666666668,104.61,0,0,8.676666666666668,0.09999999999999999,104.36589244784076,104.44426212839106,0.0006252019063072592,0.00014634912060096833
FDBH18,2023-07-21 01:06:49,104.57,8.65,0.1,104.56666666666666,104.61,0,0,8.528333333333334,0.09999999999999999,104.61735961154017,104.69066842752395,0.0007193529926814035,0.00014901836203163262
FDBH18,2023-07-21 01:06:53,104.58,8.51,0.1,104.39666666666669,104.54,0,0,8.406666666666666,0.09999999999999999,104.62962700054435,104.72726902003792,0.0007549291279688498,0.00014724653315881887
FDBH18,2023-07-21 01:06:56,104.44,8.45,0.1,104.08166666666665,104.37,0,0,8.168333333333335,0.09999999999999999,104.47820755844371,104.54171371763792,0.0010367524567680415,0.00014724653315881887
FDBH18,2023-07-21 01:07:00,104.05,8.1,0.1,103.32333333333334,103.87,0,0,7.864999999999999,0.09999999999999999,104.04072327596903,104.07947133927932,0.0010798261102001518,0.00014724653315881887
FDBH18,2023-07-21 01:07:04,103.23,7.83,0.1,102.38833333333332,103.01,0,0,7.801666666666666,0.09999999999999999,103.1932865977429,103.24180680073171,0.000928052665603017,0.0001585565735648845
FDBH18,2023-07-21 01:07:08,102.27,7.8,0.1,101.48833333333333,102.05,0,0,7.8,0.09999999999999999,102.05465003032472,102.16785100860473,0.0008338320398126885,0.0001538228757517052
FDBH18,2023-07-21 01:07:12,101.37,7.8,0.1,100.72166666666665,101.19,0,0,7.8,0.09999999999999999,101.01935470033717,101.18607033963004,0.0020119189983191744,0.0001538228757517052
FDBH18,2023-07-21 01:07:16,100.63,7.8,0.1,100.20666666666666,100.48,0,0,7.8,0.09999999999999999,100.26652756588518,100.44377965977368,0.0013238676945240794,0.0001538228757517052
FDBH18,2023-07-21 01:07:20,100.14,7.8,0.1,99.91000000000001,100.1,0,0,7.8,0.09999999999999999,99.7443490249294,99.98588993648417,0.001356344584412749,0.0001538228757517052
FDBH18,2023-07-21 01:07:24,99.87,7.8,0.1,99.76833333333333,99.83,0,0,7.8,0.09999999999999999,99.46183855883409,99.74154490201349,0.0010247185928928756,0.00013565394068284063
FDBH18,2023-07-21 01:07:28,99.77,7.8,0.1,99.77,99.81,0,0,7.8,0.09999999999999999,99.46297935454915,99.65154010042333,0.0009480541833261193,0.00013565394068284063
FDBH18,2023-07-21 01:07:32,99.78,7.8,0.1,99.82666666666667,99.88,0,0,7.8,0.09999999999999999,99.4952606104233,99.65958453560795,0.000757770952017503,0.0001877336297372578
FDBH18,2023-07-21 01:07:36,99.82,7.8,0.1,99.895,99.96,0,0,7.8,0.09999999999999999,99.62471752933772,99.7750558378761,0.0006028655039016212,0.00013206238366996007
FDBH18,2023-07-21 01:07:40,99.9,7.8,0.1,99.97833333333334,100.01,0,0,7.8,0.09999999999999999,99.73006856055494,99.8648734913523,0.00044854701591048564,0.00013206238366996007
FDBH18,2023-07-21 01:07:44,99.99,7.8,0.1,100.03666666666668,100.1,0,0,7.8,0.09999999999999999,99.93886119052948,99.97639047498443,0.00025167739981473287,0.0001125115064732979
FDBH18,2023-07-21 01:07:47,99.98,7.8,0.1,83.58166666666668,100.18,0,0,7.8,0.09999999999999999,99.96994895468845,99.98487895861194,0.00018212249117510092,0.0001125115064732979
FDBH18,2023-07-21 01:07:51,100.09,7.8,0.1,67.11166666666666,100.18,0,0,7.8,0.09999999999999999,100.1103879819156,100.14462840919833,0.00018108034667543624,0.0001125115064732979
FDBH18,2023-07-21 01:07:55,100.14,7.8,0.1,67.195,100.39,0,0,7.8,0.09999999999999999,99.89323358353315,99.98925187503625,0.0023306199618979375,0.00014288608036490958
FDBH18,2023-07-21 01:07:59,100.27,7.8,0.1,100.40999999999998,100.49,0,0,7.8,0.09999999999999999,99.98695011251623,100.11855008847462,0.0023306199618979375,0.00014288608036490958
FDBH18,2023-07-21 01:08:03,100.4,7.8,0.1,100.49833333333333,100.57,0,0,7.8,0.09999999999999999,100.11695011251624,100.24855008847463,0.0023306199618979375,0.00014288608036490958
FDBH18,2023-07-21 01:08:07,100.48,7.8,0.1,100.59833333333334,100.71,0,0,7.8,0.09999999999999999,100.20437931306147,100.32855008847463,0.0024717679579764566,0.00014288608036490958
FDBH18,2023-07-21 01:08:11,100.58,7.8,0.1,100.74166666666667,100.83,0,0,7.8,0.09999999999999999,100.83268092009156,100.8332271623158,0.0021142993024568183,0.0001354151396841348
FDBH18,2023-07-21 01:08:15,100.74,7.8,0.1,100.85833333333335,100.96,0,0,7.8,0.09999999999999999,101.32344152634548,101.07241914763011,0.0024063106331462495,0.0002802984842514322
FDBH18,2023-07-21 01:08:19,100.84,7.8,0.1,100.99166666666667,101.08,0,0,7.8,0.09999999999999999,101.15577153674326,101.13791034091851,0.0024063106331462495,0.0002802984842514322
FDBH18,2023-07-21 01:08:23,100.99,7.8,0.1,101.10666666666668,101.2,0,0,7.8,0.09999999999999999,101.31905662608004,101.28361969122801,0.0024063106331462495,0.0002802984842514322
FDBH18,2023-07-21 01:08:27,101.1,7.8,0.1,101.21999999999998,101.32,0,0,7.8,0.09999999999999999,101.69623459908128,101.42816939179312,0.0024063106331462495,0.0002802984842514322
FDBH18,2023-07-21 01:08:31,101.21,7.8,0.1,101.30999999999999,101.35,0,0,7.8,0.09999999999999999,101.29065358163619,101.3412886269326,0.0002239800590824196,0.0001125115064732979
FDBH18,2023-07-21 01:08:34,101.32,7.8,0.1,101.325,101.35,0,0,7.8,0.09999999999999999,101.4107035752083,101.46093061613507,0.00021482723999735793,0.0001125115064732979
FDBH18,2023-07-21 01:08:38,101.33,7.8,0.1,101.355,101.38,0,0,7.8,0.09999999999999999,101.41696202026247,101.4579349842388,0.00021482723999735793,0.0001125115064732979
FDBH18,2023-07-21 01:08:42,101.38,7.8,0.1,101.37833333333333,101.4,0,0,7.8,0.09999999999999999,101.44830001097631,101.49445302208169,0.00020055561878474585,0.0001125115064732979
FDBH18,2023-07-21 01:08:46,101.39,7.8,0.1,101.40333333333335,101.43,0,0,7.8,0.09999999999999999,101.45169075844852,101.49816344672169,0.00020076921561292126,0.0001125115064732979
FDBH18,2023-07-21 01:08:50,101.41,7.8,0.1,101.45333333333333,101.48,0,0,7.8,0.09999999999999999,101.44950665865854,101.47306091903309,0.0001736802956566494,0.0001125115064732979
FDBH18,2023-07-21 01:08:54,101.48,7.8,0.1,101.50999999999999,101.56,0,0,7.8,0.09999999999999999,101.51950665865854,101.53726264338663,0.0001736802956566494,0.0001125115064732979
FDBH18,2023-07-21 01:08:58,101.53,7.8,0.1,101.51666666666667,101.53,0,0,7.8,0.09999999999999999,101.56371347287956,101.57690416135463,0.0001736802956566494,0.0001125115064732979
FDBH18,2023-07-21 01:09:02,101.51,7.8,0.1,101.54,101.58,0,0,7.8,0.09999999999999999,101.53727205971217,101.54973042398697,0.0001736802956566494,0.0001125115064732979
FDBH18,2023-07-21 01:09:06,101.58,7.8,0.1,101.53666666666668,101.57,0,0,7.8,0.09999999999999999,101.60727205971216,101.61973042398697,0.0001736802956566494,0.0001125115064732979
FDBH18,2023-07-21 01:09:10,101.54,7.8,0.1,101.52333333333333,101.55,0,0,7.8,0.09999999999999999,101.56688825200098,101.57973042398697,0.0001736802956566494,0.0001125115064732979
FDBH18,2023-07-21 01:09:14,101.53,7.8,0.1,101.50833333333333,101.54,0,0,7.8,0.09999999999999999,101.55688825200097,101.56973042398697,0.0001736802956566494,0.0001125115064732979
FDBH18,2023-07-21 01:09:18,101.52,7.8,0.1,101.51166666666666,101.54,0,0,7.8,0.09999999999999999,101.53751781824195,101.54454805051327,0.00017605687052230982,0.0001125115064732979
FDBH18,2023-07-21 01:09:22,101.53,7.8,0.1,101.53666666666668,101.57,0,0,7.8,0.09999999999999999,101.53966900548181,101.54985273955705,0.00017605687052230982,0.000129688434586214
FDBH18,2023-07-21 01:09:25,101.56,7.8,0.1,101.54666666666667,101.58,0,0,7.8,0.09999999999999999,101.56584583663728,101.57042073380008,0.0001770701092849629,0.000129688434586214
FDBH18,2023-07-21 01:09:29,101.58,7.8,0.1,101.53833333333334,101.57,0,0,7.8,0.09999999999999999,101.58730415743727,101.59067129517997,0.0001770701092849629,0.000129688434586214
FDBH18,2023-07-21 01:09:33,101.57,7.8,0.1,101.545,101.57,0,0,7.8,0.09999999999999999,101.57584583663727,101.58042073380007,0.0001770701092849629,0.000129688434586214
FDBH18,2023-07-21 01:09:37,101.55,7.8,0.1,101.53833333333334,101.57,0,0,7.8,0.09999999999999999,101.55966900548181,101.56223058692804,0.00017605687052230982,0.000129688434586214
FDBH18,2023-07-21 01:09:41,101.56,7.8,0.1,101.50166666666667,101.54,0,0,7.8,0.09999999999999999,101.56966900548181,101.57818670479162,0.00017605687052230982,0.000129688434586214
FDBH18,2023-07-21 01:09:45,101.51,7.8,0.1,101.47166666666665,101.5,0,0,7.8,0.09999999999999999,101.51730415743728,101.52148547670573,0.00017605687052230982,0.000129688434586214
FDBH18,2023-07-21 01:09:49,101.48,7.8,0.1,101.445,101.49,0,0,7.8,0.09999999999999999,101.48019573441066,101.48685049234605,0.0001770701092849629,0.0001247130797884578
FDBH18,2023-07-21 01:09:53,101.44,7.8,0.1,101.46499999999999,101.5,0,0,7.8,0.09999999999999999,101.43942518393314,101.44467352125982,0.0001770701092849629,0.0001125115064732979
FDBH18,2023-07-21 01:09:57,101.5,7.8,0.1,101.44333333333333,101.49,0,0,7.8,0.09999999999999999,101.49728503213568,101.50218839106054,0.0001770701092849629,0.0001125115064732979
FDBH18,2023-07-21 01:10:01,101.45,7.8,0.1,101.41666666666667,101.45,0,0,7.8,0.09999999999999999,101.44728503213568,101.45218839106055,0.0001770701092849629,0.0001125115064732979
FDBH18,2023-07-21 01:10:05,101.44,7.8,0.1,101.37166666666667,101.44,0,0,7.8,0.09999999999999999,101.43651801259779,101.44156866915249,0.0001770701092849629,0.0001125115064732979
FDBH18,2023-07-21 01:10:09,101.38,7.8,0.1,101.30166666666668,101.35,0,0,7.8,0.09999999999999999,101.37651801259778,101.38156866915249,0.0001770701092849629,0.0001125115064732979
FDBH18,2023-07-21 01:10:12,101.29,7.8,0.1,101.27833333333335,101.3,0,0,7.8,0.09999999999999999,101.28692962912798,101.29121216163209,0.0001770701092849629,0.0001125115064732979
FDBH18,2023-07-21 01:10:16,101.25,7.8,0.1,101.265,101.3,0,0,7.8,0.09999999999999999,101.24645642989753,101.2465931852891,0.00017467985919572657,0.0001125115064732979
FDBH18,2023-07-21 01:10:20,101.24,7.8,0.1,101.20833333333333,101.27,0,0,7.8,0.09999999999999999,101.2289421800452,101.2365931852891,0.00017467985919572657,0.0001125115064732979
FDBH18,2023-07-21 01:10:24,101.18,7.8,0.1,101.13666666666666,101.17,0,0,7.8,0.09999999999999999,101.15132195373432,101.17527271391894,0.00017467985919572657,0.0001125115064732979
FDBH18,2023-07-21 01:10:28,101.1,7.8,0.1,101.07666666666667,101.13,0,0,7.8,0.09999999999999999,101.07030284937186,101.09204775414294,0.00017467985919572657,0.0001125115064732979
FDBH18,2023-07-21 01:10:32,101.05,7.8,0.1,101.00166666666667,101.05,0,0,7.8,0.09999999999999999,101.01416504324186,101.04204775414294,0.00017467985919572657,0.0001125115064732979
FDBH18,2023-07-21 01:10:36,100.97,7.8,0.1,100.935,100.99,0,0,7.8,0.09999999999999999,100.92827009896523,100.95732878858253,0.00017467985919572657,0.0001125115064732979
FDBH18,2023-07-21 01:10:40,100.89,7.8,0.1,100.89,100.92,0,0,7.8,0.09999999999999999,100.84653112575961,100.87644911770435,0.0001954837559628321,0.0001125115064732979
FDBH18,2023-07-21 01:10:44,100.86,7.8,0.1,100.86500000000001,100.9,0,0,7.8,0.09999999999999999,100.81289123510072,100.84455907902614,0.0001954837559628321,0.0001125115064732979
FDBH18,2023-07-21 01:10:48,100.83,7.8,0.1,100.80666666666667,100.86,0,0,7.8,0.09999999999999999,100.78289123510072,100.81455907902614,0.0001954837559628321,0.0001125115064732979
FDBH18,2023-07-21 01:10:52,100.76,7.8,0.1,100.73833333333333,100.8,0,0,7.8,0.09999999999999999,100.71490432443889,100.74644911770436,0.0001954837559628321,0.0001125115064732979
FDBH18,2023-07-21 01:10:56,100.7,7.8,0.1,100.665,100.71,0,0,7.8,0.09999999999999999,100.65516775435724,100.68644911770436,0.0001954837559628321,0.0001125115064732979
FDBH18,2023-07-21 01:10:59,100.65,7.8,0.1,100.59333333333332,100.66,0,0,7.8,0.09999999999999999,100.60516775435724,100.63644911770436,0.0001954837559628321,0.0001125115064732979
FDBH18,2023-07-21 01:11:03,100.57,7.8,0.1,100.49499999999999,100.55,0,0,7.8,0.09999999999999999,100.52694528728098,100.55644911770435,0.0002118685548077622,0.0001125115064732979
FDBH18,2023-07-21 01:11:07,100.46,7.8,0.1,100.44333333333333,100.49,0,0,7.8,0.09999999999999999,100.41436569286867,100.44455907902613,0.0002118685548077622,0.0001125115064732979
FDBH18,2023-07-21 01:11:11,100.43,7.8,0.1,100.35166666666665,100.41,0,0,7.8,0.09999999999999999,100.37910318649787,100.41445401370557,0.0002118685548077622,0.0001125115064732979
FDBH18,2023-07-21 01:11:15,100.32,7.8,0.1,83.68666666666667,100.3,0,0,7.8,0.09999999999999999,100.2653711052107,100.30445401370555,0.0002449122394712164,0.0001125115064732979
FDBH18,2023-07-21 01:11:19,100.21,7.8,0.1,100.10833333333333,100.17,0,0,7.8,0.09999999999999999,99.92645809591525,100.05925187503624,0.0023306199618979375,0.00014288608036490958
FDBH18,2023-07-21 01:11:23,100.08,7.8,0.1,99.99833333333333,100.06,0,0,7.8,0.13333333333333333,99.83323358353314,99.92925187503624,0.0017889278135356723,0.00014288608036490958
FDBH18,2023-07-21 01:11:27,99.98,7.8,0.1,99.835,99.93,0,0,7.8,0.5666666666666668,99.75915997441241,99.87380516434156,0.0021054437940984647,0.00014288608036490958
FDBH18,2023-07-21 01:11:32,99.76,7.8,0.8,99.68666666666667,99.76,0,0,7.8,1.1166666666666667,99.67086026886656,99.64520394909624,0.033411570775153984,0.0004546626445808257
FDBH18,2023-07-21 01:11:36,99.63,7.8,1.2,99.59833333333331,99.65,0,0,7.8,1.4000000000000001,99.68168507143906,99.80214400733696,0.011034654833128443,0.0006415204124965257
FDBH18,2023-07-21 01:11:40,99.57,7.8,1.4,99.50999999999999,99.6,0,0,7.8,1.5666666666666664,99.93280639097624,99.81375774304982,0.011707758003601262,0.0009451403463118897
FDBH18,2023-07-21 01:11:44,99.48,7.8,1.6,99.37833333333334,99.47,0,0,7.8,1.6500000000000001,99.95574944944697,99.73324727526379,0.011846082765057189,0.0009451403463118897
FDBH18,2023-07-21 01:11:48,99.34,7.8,1.7,99.28499999999998,99.35,0,0,7.8,1.6833333333333333,99.76970963185533,99.61603971154514,0.010762929704306817,0.0010379936817841845
FDBH18,2023-07-21 01:11:51,99.27,7.8,1.7,99.205,99.27,0,0,7.8,1.7,99.16783396892747,99.2519174422611,0.0011987662148787621,0.00014222908664170963
FDBH18,2023-07-21 01:11:55,99.17,7.8,1.7,99.09166666666665,99.15,0,0,7.8,1.7666666666666668,99.07265136171493,99.15191744226111,0.0019215553215891704,0.00016423052568023599
FDBH18,2023-07-21 01:11:59,99.06,7.8,1.8,99.00166666666667,99.03,0,0,7.8,1.8333333333333333,98.96831779883674,99.03588976151826,0.001821926260526833,0.00017266533723719725
FDBH18,2023-07-21 01:12:03,98.97,7.8,1.8,98.95,99.0,0,0,7.8,1.9000000000000001,98.87831779883673,98.94588976151826,0.002080682219657568,0.00017266533723719725
FDBH18,2023-07-21 01:12:07,98.93,7.8,1.9,98.89333333333333,98.95,0,0,7.8,1.9166666666666667,98.85128191091401,98.90815123698874,0.0014147602795048545,0.00017266533723719725
FDBH18,2023-07-21 01:12:11,98.89,7.8,1.9,98.79,98.85,0,0,7.8,1.9833333333333334,98.82625725989368,98.86949943971594,0.0007880017563057988,0.00017266533723719725
FDBH18,2023-07-21 01:12:15,98.76,7.8,2.0,98.69333333333333,98.73,0,0,7.8,2.0,98.70320759211806,98.74569038340655,0.00043928465784694203,0.00017266533723719725
FDBH18,2023-07-21 01:12:19,98.69,7.8,2.0,98.59666666666665,98.66,0,0,7.8,2.0,98.63320759211805,98.67569038340655,0.00043928465784694203,0.00017266533723719725
FDBH18,2023-07-21 01:12:23,98.58,7.8,2.0,98.48166666666667,98.53,0,0,7.8,2.0,98.52320759211806,98.56569038340655,0.00043928465784694203,0.00017266533723719725
FDBH18,2023-07-21 01:12:27,98.45,7.8,2.0,98.42,98.45,0,0,7.8,2.0,98.39320759211806,98.43197877413107,0.0005523570127817966,0.00017266533723719725
FDBH18,2023-07-21 01:12:31,98.42,7.8,2.0,98.35666666666667,98.4,0,0,7.8,2.0,98.35648501905057,98.39949943971594,0.0006468213664900461,0.00017266533723719725
FDBH18,2023-07-21 01:12:35,98.33,7.8,2.0,98.27,98.33,0,0,7.8,2.0,98.26680236419377,98.30949943971594,0.000686436122428692,0.00017266533723719725
FDBH18,2023-07-21 01:12:38,98.31,7.8,2.0,98.195,98.24,0,0,7.8,2.0,98.24680236419377,98.28949943971594,0.000686436122428692,0.00017266533723719725
FDBH18,2023-07-21 01:12:42,98.2,7.8,2.0,98.10833333333333,98.16,0,0,7.8,2.0,98.14412055215243,98.17758836208992,0.00027256552013251367,0.0001570744511914035
FDBH18,2023-07-21 01:12:46,98.12,7.8,2.0,98.00166666666667,98.06,0,0,7.8,2.0,98.06418094602678,98.0999729218799,0.00027256552013251367,0.0001570744511914035
FDBH18,2023-07-21 01:12:50,98.0,7.8,2.0,97.91666666666667,97.96,0,0,7.8,2.0,97.94418094602678,97.97997292187989,0.00027256552013251367,0.0001570744511914035
FDBH18,2023-07-21 01:12:54,97.93,7.8,2.0,97.82833333333333,97.88,0,0,7.8,2.0,97.87418094602678,97.9099729218799,0.00027256552013251367,0.0001570744511914035
FDBH18,2023-07-21 01:12:58,97.84,7.8,2.0,97.77499999999999,97.81,0,0,7.8,2.0,97.77745837295929,97.81673187211969,0.0003263012205642244,0.0001570744511914035
FDBH18,2023-07-21 01:13:02,97.81,7.8,2.0,97.705,97.75,0,0,7.8,2.0,97.75418094602678,97.78749358746477,0.0003263012205642244,0.0001570744511914035
FDBH18,2023-07-21 01:13:06,97.71,7.8,2.0,97.62166666666667,97.67,0,0,7.8,2.0,97.65418094602677,97.68997292187989,0.00027256552013251367,0.0001570744511914035
FDBH18,2023-07-21 01:13:10,97.63,7.8,2.0,97.52333333333333,97.58,0,0,7.8,2.0,97.57418094602677,97.61453822409129,0.00027256552013251367,0.0001570744511914035
FDBH18,2023-07-21 01:13:14,97.53,7.8,2.0,97.42833333333334,97.46,0,0,7.8,2.0,97.47418094602678,97.51260176281242,0.00025092955919591754,0.0001570744511914035
FDBH18,2023-07-21 01:13:18,97.42,7.8,2.0,97.37833333333333,97.4,0,0,7.8,2.0,97.36418094602678,97.40260176281242,0.00027256552013251367,0.0001570744511914035
FDBH18,2023-07-21 01:13:22,97.38,7.8,2.0,97.34166666666665,97.38,0,0,7.8,2.0,97.32418094602677,97.36453822409129,0.00027256552013251367,0.0001570744511914035
FDBH18,2023-07-21 01:13:26,97.35,7.8,2.0,97.27,97.31,0,0,7.8,2.0,97.29418094602677,97.33260176281242,0.00025092955919591754,0.0001570744511914035
FDBH18,2023-07-21 01:13:29,97.29,7.8,2.0,97.20833333333333,97.27,0,0,7.8,2.0,97.23418094602678,97.27260176281243,0.00025092955919591754,0.0001570744511914035
FDBH18,2023-07-21 01:13:33,97.2,7.8,2.0,97.13666666666666,97.18,0,0,7.8,2.0,97.14791302731393,97.18260176281242,0.0002170741909533246,0.0001570744511914035
FDBH18,2023-07-21 01:13:37,97.16,7.8,2.0,97.07166666666666,97.13,0,0,7.8,2.0,97.10791302731393,97.14260176281242,0.0002170741909533246,0.0001570744511914035
FDBH18,2023-07-21 01:13:41,97.08,7.8,2.0,96.99833333333333,97.06,0,0,7.8,2.0,97.03159979602822,97.06260176281242,0.0002170741909533246,0.0001570744511914035
FDBH18,2023-07-21 01:13:45,96.99,7.8,2.0,96.92833333333334,96.97,0,0,7.8,2.0,96.94184925134165,96.97390989086352,0.0002170741909533246,0.0001570744511914035
FDBH18,2023-07-21 01:13:49,96.94,7.8,2.0,96.91166666666668,96.94,0,0,7.8,2.0,96.88816248262738,96.92390989086353,0.0002170741909533246,0.0001570744511914035
FDBH18,2023-07-21 01:13:53,96.94,7.8,2.0,96.88833333333334,96.9,0,0,7.8,2.0,96.88816248262738,96.92390989086353,0.0002170741909533246,0.0001570744511914035
FDBH18,2023-07-21 01:13:57,96.9,7.8,2.0,96.86500000000001,96.89,0,0,7.8,2.0,96.85543807833636,96.88408535914634,0.0002170741909533246,0.0001570744511914035
FDBH18,2023-07-21 01:14:01,96.89,7.8,2.0,96.83666666666666,96.86,0,0,7.8,2.0,96.84854042294435,96.87800698300519,0.00020858491966295315,0.0001570744511914035
FDBH18,2023-07-21 01:14:05,96.86,7.8,2.0,96.805,96.83,0,0,7.8,2.0,96.83057317335098,96.85195719537914,0.00020858491966295315,0.0001570744511914035
FDBH18,2023-07-21 01:14:09,96.82,7.8,2.0,96.75666666666666,96.8,0,0,7.8,2.0,96.79901074597218,96.81492835669054,0.00020858491966295315,0.0001570744511914035
FDBH18,2023-07-21 01:14:13,96.77,7.8,2.0,96.74666666666667,96.78,0,0,7.8,2.0,96.75340153292565,96.76492835669055,0.00020858491966295315,0.0001570744511914035
FDBH18,2023-07-21 01:14:16,96.75,7.8,2.0,96.74833333333333,96.78,0,0,7.8,2.0,96.73340153292565,96.74492835669055,0.00020858491966295315,0.0001570744511914035
FDBH18,2023-07-21 01:14:20,96.73,7.8,2.0,96.73666666666668,96.76,0,0,7.8,2.0,96.71340153292566,96.72492835669055,0.00020858491966295315,0.0001570744511914035
FDBH18,2023-07-21 01:14:24,96.73,7.8,2.0,96.69166666666666,96.74,0,0,7.8,2.0,96.71540153292567,96.72766473819429,0.00020858491966295315,0.0001570744511914035
FDBH18,2023-07-21 01:14:28,96.68,7.8,2.0,96.66833333333334,96.7,0,0,7.8,2.0,96.66540153292567,96.6776647381943,0.00021143901507377494,0.0001570744511914035
FDBH18,2023-07-21 01:14:32,96.67,7.8,2.0,96.62166666666667,96.68,0,0,7.8,2.0,96.65587316844014,96.66755855008925,0.00021143901507377494,0.0001570744511914035
FDBH18,2023-07-21 01:14:36,96.61,7.8,2.0,96.58166666666666,96.62,0,0,7.8,2.0,96.59587316844014,96.60755855008925,0.00021143901507377494,0.0001570744511914035
FDBH18,2023-07-21 01:14:40,96.58,7.8,2.0,96.59166666666665,96.62,0,0,7.8,2.0,96.56540153292566,96.57492835669055,0.00020858491966295315,0.0001570744511914035
FDBH18,2023-07-21 01:14:44,96.6,7.8,2.0,96.57000000000001,96.6,0,0,7.8,2.0,96.58340153292565,96.59492835669055,0.00020858491966295315,0.0001570744511914035
FDBH18,2023-07-21 01:14:48,96.54,7.8,2.0,96.54,96.6,0,0,7.8,2.0,96.52340153292566,96.53492835669056,0.00020858491966295315,0.0001570744511914035
FDBH18,2023-07-21 01:14:52,96.52,7.8,2.0,96.54166666666667,96.58,0,0,7.8,2.0,96.50540153292566,96.51766473819428,0.00020858491966295315,0.0001570744511914035
FDBH18,2023-07-21 01:14:56,96.56,7.8,2.0,96.565,96.58,0,0,7.8,2.0,96.54587316844014,96.55816759709815,0.00021143901507377494,0.0001570744511914035
FDBH18,2023-07-21 01:15:00,96.57,7.8,2.0,96.56833333333334,96.59,0,0,7.8,2.0,96.55843907543384,96.57171125133789,0.00021143901507377494,0.0001570744511914035
FDBH18,2023-07-21 01:15:04,96.58,7.8,2.0,96.57333333333332,96.59,0,0,7.8,2.0,96.57089051975946,96.58469628519008,0.00021143901507377494,0.0001570292467435957
FDBH18,2023-07-21 01:15:07,96.55,7.8,2.0,96.57666666666667,96.59,0,0,7.8,2.0,96.54393270869762,96.56175847047567,0.00021143901507377494,0.0001570292467435957
FDBH18,2023-07-21 01:15:11,96.57,7.8,2.0,96.58833333333332,96.63,0,0,7.8,2.0,96.56617067067008,96.57978555374473,0.00021143901507377494,0.0001570292467435957
FDBH18,2023-07-21 01:15:15,96.56,7.8,2.0,96.59666666666665,96.63,0,0,7.8,2.0,96.5584700634096,96.57755152473628,0.000210229150322587,0.00016389838237729524
FDBH18,2023-07-21 01:15:19,96.58,7.8,2.0,96.62333333333333,96.66,0,0,7.8,2.0,96.58310140079257,96.60040438071181,0.000210229150322587,0.0001570292467435957
FDBH18,2023-07-21 01:15:23,96.62,7.8,2.0,96.63166666666666,96.66,0,0,7.8,2.0,96.62417055422478,96.64166809524785,0.000210229150322587,0.0001570292467435957
FDBH18,2023-07-21 01:15:27,96.6,7.8,2.0,96.64666666666666,96.67,0,0,7.8,2.0,96.60417055422477,96.62166809524784,0.000210229150322587,0.0001570292467435957
FDBH18,2023-07-21 01:15:31,96.63,7.8,2.0,96.665,96.68,0,0,7.8,2.0,96.63667209286668,96.65519348435218,0.000210229150322587,0.0001570292467435957
FDBH18,2023-07-21 01:15:35,96.65,7.8,2.0,96.65499999999999,96.68,0,0,7.8,2.0,96.65808209286669,96.67056372751632,0.000210229150322587,0.0001570744511914035
FDBH18,2023-07-21 01:15:39,96.62,7.8,2.0,96.64999999999999,96.68,0,0,7.8,2.0,96.62808209286669,96.64056372751632,0.000210229150322587,0.0001570744511914035
FDBH18,2023-07-21 01:15:43,96.62,7.8,2.0,96.69500000000001,96.74,0,0,7.8,2.0,96.62417055422478,96.64189776881207,0.000210229150322587,0.0001570292467435957
FDBH18,2023-07-21 01:15:47,96.68,7.8,2.0,96.71666666666668,96.74,0,0,7.8,2.0,96.68417055422478,96.7051934843522,0.000210229150322587,0.0001570292467435957
FDBH18,2023-07-21 01:15:51,96.68,7.8,2.0,96.72833333333334,96.77,0,0,7.8,2.0,96.68567055422477,96.70189776881207,0.000210229150322587,0.0001570744511914035
FDBH18,2023-07-21 01:15:54,96.69,7.8,2.0,96.75,96.78,0,0,7.8,2.0,96.69667209286668,96.71056372751632,0.000210229150322587,0.0001570744511914035
FDBH18,2023-07-21 01:15:58,96.74,7.8,2.0,96.79333333333334,96.82,0,0,7.8,2.0,96.7509498057092,96.76962769817676,0.000210229150322587,0.0001570744511914035
FDBH18,2023-07-21 01:16:02,96.8,7.8,2.0,96.81166666666667,96.82,0,0,7.8,2.0,96.8109498057092,96.83071969817676,0.000210229150322587,0.0001570744511914035
FDBH18,2023-07-21 01:16:06,96.8,7.8,2.0,96.81833333333333,96.85,0,0,7.8,2.0,96.81348940868833,96.83639623070827,0.00020739138280255004,0.0001570744511914035
FDBH18,2023-07-21 01:16:10,96.81,7.8,2.0,96.85666666666667,96.88,0,0,7.8,2.0,96.82348940868833,96.84639623070828,0.00020739138280255004,0.0001570744511914035
FDBH18,2023-07-21 01:16:14,96.85,7.8,2.0,96.88333333333334,96.92,0,0,7.8,2.0,96.86348940868832,96.88639623070827,0.000210229150322587,0.0001570744511914035
FDBH18,2023-07-21 01:16:18,96.88,7.8,2.0,96.90000000000002,96.94,0,0,7.8,2.0,96.89348940868832,96.91639623070827,0.00020739138280255004,0.0001570744511914035
FDBH18,2023-07-21 01:16:22,96.88,7.8,2.0,96.94833333333332,97.01,0,0,7.8,2.0,96.89348940868832,96.91639623070827,0.000210229150322587,0.0001570744511914035
FDBH18,2023-07-21 01:16:26,96.93,7.8,2.0,97.02,97.09,0,0,7.8,2.0,96.94348940868834,96.96619889750477,0.000210229150322587,0.0001570744511914035
FDBH18,2023-07-21 01:16:30,97.0,7.8,2.0,97.06,97.09,0,0,7.8,2.0,97.01348940868833,97.03639623070828,0.00020739138280255004,0.0001570744511914035
FDBH18,2023-07-21 01:16:34,97.03,7.8,2.0,97.09833333333331,97.17,0,0,7.8,2.0,97.04699667922553,97.07489691453479,0.00020739138280255004,0.0001570744511914035
FDBH18,2023-07-21 01:16:38,97.09,7.8,2.0,97.18166666666667,97.25,0,0,7.8,2.0,97.10866620600726,97.13489691453479,0.00020739138280255004,0.0001570744511914035
FDBH18,2023-07-21 01:16:41,97.19,7.8,2.0,97.22666666666667,97.25,0,0,7.8,2.0,97.21157874154159,97.23899851453479,0.00020739138280255004,0.0001570744511914035
FDBH18,2023-07-21 01:16:45,97.25,7.8,2.0,97.29333333333334,97.33,0,0,7.8,2.0,97.2739851154943,97.30479679018126,0.00020739138280255004,0.0001570744511914035
FDBH18,2023-07-21 01:16:49,97.33,7.8,2.0,97.39,97.45,0,0,7.8,2.0,97.3539851154943,97.38479679018126,0.00020739138280255004,0.0001570744511914035
FDBH18,2023-07-21 01:16:53,97.43,7.8,2.0,97.48833333333333,97.53,0,0,7.8,2.0,97.4539851154943,97.48479679018126,0.00020739138280255004,0.0001570744511914035
FDBH18,2023-07-21 01:16:57,97.51,7.8,2.0,97.54,97.58,0,0,7.8,2.0,97.5339851154943,97.57643679018125,0.00020739138280255004,0.0001570744511914035
FDBH18,2023-07-21 01:17:01,97.55,7.8,2.0,97.60666666666667,97.66,0,0,7.8,2.0,97.57373566018084,97.6189187007055,0.0002397369611079622,0.0001570744511914035
FDBH18,2023-07-21 01:17:05,97.62,7.8,2.0,97.72499999999998,97.81,0,0,7.8,2.0,97.64373566018085,97.68891870070551,0.0002397369611079622,0.0001570744511914035
FDBH18,2023-07-21 01:17:09,97.75,7.8,2.0,97.81666666666666,97.86,0,0,7.8,2.0,97.77373566018085,97.81935833828335,0.0002397369611079622,0.0001570744511914035
FDBH18,2023-07-21 01:17:13,97.82,7.8,2.0,97.91833333333334,98.01,0,0,7.8,2.0,97.84373566018084,97.89123114562335,0.000282746616976293,0.0001570744511914035
FDBH18,2023-07-21 01:17:17,97.95,7.8,2.0,98.07166666666667,98.18,0,0,7.8,2.0,97.98159494427331,98.02123114562336,0.000282746616976293,0.0001570744511914035
FDBH18,2023-07-21 01:17:21,98.1,7.8,2.0,98.235,98.33,0,0,7.8,2.0,98.13829118569026,98.17123114562335,0.0003444956618861401,0.0001570744511914035
FDBH18,2023-07-21 01:17:25,98.27,7.8,2.0,98.40999999999998,98.55,0,0,7.8,2.0,98.30938067282155,98.34393440098336,0.00037454099443556496,0.0001570744511914035
FDBH18,2023-07-21 01:17:29,98.43,7.8,2.0,98.64333333333332,98.79,0,0,7.8,2.0,98.47468251523284,98.52451801240102,0.00037454099443556496,0.0001570744511914035
FDBH18,2023-07-21 01:17:32,98.65,7.8,2.0,98.82666666666667,98.97,0,0,7.8,2.0,98.69468251523284,98.74451801240102,0.0005548264637421279,0.0001570744511914035
FDBH18,2023-07-21 01:17:36,98.88,7.8,2.0,99.09499999999998,99.28,0,0,7.8,2.0,98.95193209203872,98.97997876681065,0.0006010610278760064,0.00030198923728005196
FDBH18,2023-07-21 01:17:40,99.13,7.8,2.0,99.40666666666668,99.59,0,0,7.8,2.0,99.22209240974698,99.24581428578313,0.0006572281594543961,0.0003461507863593233
FDBH18,2023-07-21 01:17:44,99.47,7.8,2.0,99.73166666666667,99.91,0,0,7.8,1.9166666666666667,99.53438025882681,99.5959567616517,0.0009946745095862038,0.0003461507863593233
FDBH18,2023-07-21 01:17:48,99.81,7.8,2.0,100.04166666666667,100.22,0,0,7.8,1.1666666666666667,99.88332562668649,99.9630909814967,0.0025032350812153026,0.0003528528765007094
FDBH18,2023-07-21 01:17:52,100.09,7.8,1.0,100.33999999999999,100.49,0,0,7.8,0.3166666666666667,100.15602200079051,100.2461440480415,0.009480382604816236,0.00021946707922444622
FDBH18,2023-07-21 01:17:56,100.41,7.8,0.2,100.63333333333333,100.81,0,0,7.8,0.09999999999999999,100.47966915365254,100.5872715284502,0.0023153277607960328,0.00019625921049276702
FDBH18,2023-07-21 01:18:00,100.71,7.8,0.1,100.92666666666668,101.08,0,0,7.8,0.09999999999999999,100.78060437316368,100.91873818599062,0.004006153062132261,0.00019625921049276702
FDBH18,2023-07-21 01:18:04,100.98,7.8,0.1,101.21,101.37,0,0,7.8,0.09999999999999999,101.06773486193784,101.18873818599063,0.004006153062132261,0.00019625921049276702
FDBH18,2023-07-21 01:18:08,101.28,7.8,0.1,101.45666666666665,101.54,0,0,7.760000000000001,0.09999999999999999,101.38232716833663,101.4983801751931,0.0029524648008321984,0.00018260951485381946
FDBH18,2023-07-21 01:18:12,101.52,7.75,0.1,101.585,101.64,0,0,7.666666666666667,0.09999999999999999,101.61403936041829,101.74317341189845,0.005180930308202641,0.00017598855167491048
FDBH18,2023-07-21 01:18:16,101.63,7.66,0.1,101.56166666666667,101.64,0,0,7.560000000000001,0.09999999999999999,101.6890953078097,101.82582083959416,0.0019223047586775432,0.000273426970355021
FDBH18,2023-07-21 01:18:19,101.59,7.57,0.1,101.39999999999999,101.6,0,0,7.478333333333334,0.09999999999999999,101.63909858227089,101.78844163461085,0.0014584438152348768,0.00026544534983403246
FDBH18,2023-07-21 01:18:23,101.35,7.46,0.1,101.11166666666666,101.28,0,0,7.368333333333332,0.09999999999999999,101.33459514085443,101.46892627361392,0.0016255602374181254,0.00024499489318796473
FDBH18,2023-07-21 01:18:27,101.14,7.35,0.1,100.63333333333334,101.0,0,0,7.305,0.09999999999999999,101.12467136969984,101.23968476959374,0.0007735531710445821,0.00014724653315881887
FDBH18,2023-07-21 01:18:31,100.54,7.3,0.1,100.07,100.43,0,0,7.3,0.09999999999999999,100.54273441838144,100.54685989846237,0.0005794782643064763,0.00013247567878898664
FDBH18,2023-07-21 01:18:35,99.99,7.3,0.1,99.60833333333333,99.9,0,0,7.3,0.09999999999999999,99.88464751279322,99.93616739628263,0.0006231131656173725,0.00013565394068284063
FDBH18,2023-07-21 01:18:39,99.54,7.3,0.1,99.27166666666666,99.46,0,0,7.3,0.09999999999999999,99.37664013857076,99.49946957831627,0.000789421847279746,0.00013565394068284063
FDBH18,2023-07-21 01:18:43,99.21,7.3,0.1,99.04,99.19,0,0,7.3,0.09999999999999999,99.11585237605907,99.13711423183206,0.0009720530425199312,0.00013565394068284063
FDBH18,2023-07-21 01:18:47,99.01,7.3,0.1,98.91333333333334,98.99,0,0,7.3,0.09999999999999999,98.81526412384665,98.90516766897777,0.0009720530425199312,0.00013565394068284063
FDBH18,2023-07-21 01:18:51,98.89,7.3,0.1,98.89333333333333,98.93,0,0,7.3,0.09999999999999999,98.68093596136154,98.7945590416007,0.0008993252634929846,0.00013565394068284063
FDBH18,2023-07-21 01:18:55,98.88,7.3,0.1,98.925,98.95,0,0,7.3,0.09999999999999999,98.73436035839443,98.80808983007014,0.0007801335298210217,0.00011879238027598585
FDBH18,2023-07-21 01:18:59,98.93,7.3,0.1,98.95666666666666,98.99,0,0,7.3,0.09999999999999999,98.76428873337356,98.88532704259269,0.00044854701591048564,0.00013206238366996007
FDBH18,2023-07-21 01:19:03,98.97,7.3,0.1,98.98166666666667,99.02,0,0,7.3,0.09999999999999999,98.86007882876791,98.94052978816556,0.00044167346871944283,0.00011521085738939225
FDBH18,2023-07-21 01:19:07,98.97,7.3,0.1,99.00333333333333,99.03,0,0,7.3,0.09999999999999999,98.91996712669949,98.95639047498443,0.00023495828670713236,0.0001125115064732979
FDBH18,2023-07-21 01:19:10,98.96,7.3,0.1,99.01666666666667,99.05,0,0,7.3,0.09999999999999999,98.94632963989663,98.95618291545433,0.00018212249117510092,0.0001125115064732979
FDBH18,2023-07-21 01:19:14,99.0,7.3,0.1,99.02833333333335,99.07,0,0,7.3,0.09999999999999999,99.00199006766663,99.02363474136695,0.0001835581624241367,0.0001125115064732979
FDBH18,2023-07-21 01:19:18,99.0,7.3,0.1,99.05,99.1,0,0,7.3,0.09999999999999999,99.01157661149288,99.03324680974869,0.0001835581624241367,0.0001125115064732979
FDBH18,2023-07-21 01:19:22,99.01,7.3,0.1,99.08999999999999,99.12,0,0,7.3,0.09999999999999999,99.02411621447202,99.04550928974871,0.0001835581624241367,0.0001125115064732979
FDBH18,2023-07-21 01:19:26,99.08,7.3,0.1,99.11333333333334,99.15,0,0,7.3,0.09999999999999999,99.09411621447201,99.1155092897487,0.0001835581624241367,0.0001125115064732979
FDBH18,2023-07-21 01:19:30,99.09,7.3,0.1,99.12333333333333,99.15,0,0,7.3,0.09999999999999999,99.1066016125666,99.1255092897487,0.0001835581624241367,0.0001125115064732979
FDBH18,2023-07-21 01:19:34,99.08,7.3,0.1,99.13666666666666,99.16,0,0,7.3,0.09999999999999999,99.0966016125666,99.1155092897487,0.0001835581624241367,0.0001125115064732979
FDBH18,2023-07-21 01:19:38,99.12,7.3,0.1,99.13499999999999,99.16,0,0,7.3,0.09999999999999999,99.13411621447202,99.15550928974871,0.0001835581624241367,0.0001125115064732979
FDBH18,2023-07-21 01:19:42,99.1,7.3,0.1,99.11500000000001,99.15,0,0,7.3,0.09999999999999999,99.11157661149288,99.13324680974868,0.0001835581624241367,0.0001125115064732979
FDBH18,2023-07-21 01:19:46,99.08,7.3,0.1,99.11166666666666,99.13,0,0,7.3,0.09999999999999999,99.08764279533777,99.10413778067851,0.0001835581624241367,0.0001125115064732979
FDBH18,2023-07-21 01:19:50,99.09,7.3,0.1,99.12333333333333,99.15,0,0,7.3,0.09999999999999999,99.08979398257763,99.1102632514627,0.0001835581624241367,0.0001247130797884578
FDBH18,2023-07-21 01:19:54,99.09,7.3,0.1,99.10666666666667,99.15,0,0,7.3,0.09999999999999999,99.0874291345331,99.10026102534522,0.00018461456449120315,0.000129688434586214
FDBH18,2023-07-21 01:19:57,99.11,7.3,0.1,99.07333333333334,99.11,0,0,7.3,0.09999999999999999,99.1059708137331,99.11954544484507,0.00018461456449120315,0.000129688434586214
FDBH18,2023-07-21 01:20:01,99.07,7.3,0.1,99.05666666666667,99.07,0,0,7.3,0.09999999999999999,99.06020343855761,99.07333609069272,0.00018461456449120315,0.000129688434586214
FDBH18,2023-07-21 01:20:05,99.07,7.3,0.1,99.04333333333334,99.06,0,0,7.3,0.09999999999999999,99.05908433040264,99.07634373235702,0.00018461456449120315,0.000129688434586214
FDBH18,2023-07-21 01:20:09,99.05,7.3,0.1,99.02833333333332,99.06,0,0,7.3,0.09999999999999999,99.03801387686592,99.05462532753604,0.00018461456449120315,0.0001247130797884578
FDBH18,2023-07-21 01:20:13,99.02,7.3,0.1,99.02833333333332,99.04,0,0,7.3,0.09999999999999999,99.00960763988667,99.02426325142505,0.00018461456449120315,0.0001247130797884578
FDBH18,2023-07-21 01:20:17,99.03,7.3,0.1,99.03166666666668,99.06,0,0,7.3,0.09999999999999999,99.01960763988667,99.03426325142506,0.00018461456449120315,0.0001247130797884578
FDBH18,2023-07-21 01:20:21,99.04,7.3,0.1,99.01666666666667,99.04,0,0,7.3,0.09999999999999999,99.02960763988668,99.04426325142506,0.00018461456449120315,0.0001247130797884578
FDBH18,2023-07-21 01:20:25,99.0,7.3,0.1,99.02833333333332,99.05,0,0,7.3,0.09999999999999999,98.98801387686592,99.00462532753605,0.00018461456449120315,0.0001247130797884578
FDBH18,2023-07-21 01:20:29,99.01,7.3,0.1,99.02333333333333,99.07,0,0,7.3,0.09999999999999999,99.00032071150648,99.01333609069273,0.00018461456449120315,0.000129688434586214
FDBH18,2023-07-21 01:20:33,99.03,7.3,0.1,98.97499999999998,99.02,0,0,7.3,0.09999999999999999,99.02493192696063,99.03904935047,0.00018461456449120315,0.000129688434586214
FDBH18,2023-07-21 01:20:37,98.97,7.3,0.1,98.94166666666668,98.97,0,0,7.3,0.09999999999999999,98.96020343855761,98.97635597439869,0.00018461456449120315,0.000129688434586214
FDBH18,2023-07-21 01:20:41,98.94,7.3,0.1,98.90499999999999,98.93,0,0,7.3,0.09999999999999999,98.92908433040265,98.94500969106127,0.00018461456449120315,0.0001247130797884578
FDBH18,2023-07-21 01:20:44,98.93,7.3,0.1,98.88499999999999,98.93,0,0,7.3,0.09999999999999999,98.91955016102897,98.93426325142507,0.00018461456449120315,0.0001125115064732979
FDBH18,2023-07-21 01:20:48,98.93,7.3,0.1,98.85666666666668,98.88,0,0,7.3,0.09999999999999999,98.91840404546761,98.93080189179733,0.00018461456449120315,0.0001125115064732979
FDBH18,2023-07-21 01:20:52,98.86,7.3,0.1,98.84666666666668,98.87,0,0,7.3,0.09999999999999999,98.84793084623716,98.85891929695808,0.00018212249117510092,0.0001125115064732979
FDBH18,2023-07-21 01:20:56,98.86,7.3,0.1,98.83166666666666,98.87,0,0,7.3,0.09999999999999999,98.84593084623717,98.85618291545434,0.00018212249117510092,0.0001125115064732979
FDBH18,2023-07-21 01:21:00,98.85,7.3,0.1,98.8,98.82,0,0,7.3,0.09999999999999999,98.83593084623716,98.84618291545434,0.00018212249117510092,0.0001125115064732979
FDBH18,2023-07-21 01:21:04,98.82,7.3,0.1,98.77333333333333,98.79,0,0,7.3,0.09999999999999999,98.80793084623716,98.81891929695807,0.00018461456449120315,0.0001125115064732979
FDBH18,2023-07-21 01:21:08,98.79,7.3,0.1,98.74333333333333,98.77,0,0,7.3,0.09999999999999999,98.77840404546761,98.79094158894269,0.00018461456449120315,0.0001125115064732979
FDBH18,2023-07-21 01:21:12,98.77,7.3,0.1,98.71999999999998,98.77,0,0,7.3,0.09999999999999999,98.7584040454676,98.77094158894268,0.00018461456449120315,0.0001125115064732979
FDBH18,2023-07-21 01:21:16,98.74,7.3,0.1,98.695,98.71,0,0,7.3,0.09999999999999999,98.7284040454676,98.74094158894268,0.00018461456449120315,0.0001125115064732979
FDBH18,2023-07-21 01:21:20,98.71,7.3,0.1,98.67666666666666,98.71,0,0,7.3,0.09999999999999999,98.69793084623716,98.70891929695807,0.00018461456449120315,0.0001125115064732979
FDBH18,2023-07-21 01:21:24,98.71,7.3,0.1,98.625,98.66,0,0,7.3,0.09999999999999999,98.69793084623716,98.70891929695807,0.00018461456449120315,0.0001125115064732979
FDBH18,2023-07-21 01:21:28,98.63,7.3,0.1,98.57999999999998,98.6,0,0,7.3,0.09999999999999999,98.61793084623716,98.62618291545434,0.00018212249117510092,0.0001125115064732979
FDBH18,2023-07-21 01:21:32,98.58,7.3,0.1,98.56000000000002,98.6,0,0,7.3,0.09999999999999999,98.56593084623717,98.57618291545434,0.00018212249117510092,0.0001125115064732979
FDBH18,2023-07-21 01:21:35,98.59,7.3,0.1,98.51833333333332,98.6,0,0,7.3,0.09999999999999999,98.5716293584252,98.58618291545434,0.00018212249117510092,0.0001125115064732979
FDBH18,2023-07-21 01:21:39,98.53,7.3,0.1,98.44833333333334,98.49,0,0,7.3,0.09999999999999999,98.51041659638483,98.52618291545434,0.00018212249117510092,0.0001125115064732979
FDBH18,2023-07-21 01:21:43,98.45,7.3,0.1,98.43833333333333,98.47,0,0,7.3,0.09999999999999999,98.42197902376363,98.44321175414294,0.00018212249117510092,0.0001125115064732979
FDBH18,2023-07-21 01:21:47,98.44,7.3,0.1,98.43166666666666,98.47,0,0,7.3,0.09999999999999999,98.41095991940118,98.43204775414294,0.00018212249117510092,0.0001125115064732979
FDBH18,2023-07-21 01:21:51,98.44,7.3,0.1,98.42666666666666,98.45,0,0,7.3,0.09999999999999999,98.41095991940118,98.43204775414294,0.00018212249117510092,0.0001125115064732979
FDBH18,2023-07-21 01:21:55,98.43,7.3,0.1,98.45,98.48,0,0,7.3,0.09999999999999999,98.41041659638483,98.42606538060977,0.00018212249117510092,0.0001125115064732979
FDBH18,2023-07-21 01:21:59,98.47,7.3,0.1,98.49333333333334,98.52,0,0,7.3,0.09999999999999999,98.45793084623716,98.46891929695808,0.00018212249117510092,0.0001125115064732979
FDBH18,2023-07-21 01:22:03,98.52,7.3,0.1,98.53000000000002,98.56,0,0,7.3,0.09999999999999999,98.50955016102895,98.52468162540843,0.00018461456449120315,0.0001125115064732979
FDBH18,2023-07-21 01:22:07,98.56,7.3,0.1,98.54666666666667,98.59,0,0,7.3,0.09999999999999999,98.56154912942826,98.58277929151731,0.0001835581624241367,0.0001125115064732979
FDBH18,2023-07-21 01:22:11,98.57,7.3,0.1,98.58666666666666,98.64,0,0,7.3,0.09999999999999999,98.58120210514633,98.60324680974868,0.0001835581624241367,0.0001125115064732979
FDBH18,2023-07-21 01:22:15,98.64,7.3,0.1,98.59833333333334,98.62,0,0,7.3,0.09999999999999999,98.6566016125666,98.67932015415221,0.00018108034667543624,0.0001125115064732979
FDBH18,2023-07-21 01:22:19,98.62,7.3,0.1,98.61999999999999,98.65,0,0,7.3,0.09999999999999999,98.63660161256661,98.65932015415221,0.00018108034667543624,0.0001125115064732979
FDBH18,2023-07-21 01:22:22,98.6,7.3,0.1,98.65166666666666,98.69,0,0,7.3,0.09999999999999999,98.6166016125666,98.6393201541522,0.00018108034667543624,0.0001125115064732979
FDBH18,2023-07-21 01:22:26,98.64,7.3,0.1,98.64166666666667,98.69,0,0,7.3,0.09999999999999999,98.6566016125666,98.67932015415221,0.00018108034667543624,0.0001125115064732979
FDBH18,2023-07-21 01:22:30,98.61,7.3,0.1,98.59500000000001,98.65,0,0,7.3,0.09999999999999999,98.6266016125666,98.64912282094869,0.0001835581624241367,0.0001125115064732979
FDBH18,2023-07-21 01:22:34,98.57,7.3,0.1,98.55666666666667,98.58,0,0,7.3,0.09999999999999999,98.57764279533777,98.59413778067851,0.0001835581624241367,0.0001125115064732979
FDBH18,2023-07-21 01:22:38,98.55,7.3,0.1,98.51166666666666,98.55,0,0,7.3,0.09999999999999999,98.54950466957203,98.56892921016694,0.0001835581624241367,0.0001125115064732979
FDBH18,2023-07-21 01:22:42,98.52,7.3,0.1,98.45166666666665,98.51,0,0,7.3,0.09999999999999999,98.50988004281274,98.52500969106127,0.00018461456449120315,0.0001125115064732979
FDBH18,2023-07-21 01:22:46,98.44,7.3,0.1,98.39,98.44,0,0,7.3,0.09999999999999999,98.4284040454676,98.44099922500082,0.00018212249117510092,0.0001125115064732979
FDBH18,2023-07-21 01:22:50,98.38,7.3,0.1,98.29,98.39,0,0,7.3,0.09999999999999999,98.36041659638482,98.37527271391893,0.00018212249117510092,0.0001125115064732979
FDBH18,2023-07-21 01:22:54,98.27,7.3,0.1,98.18666666666667,98.28,0,0,7.3,0.09999999999999999,98.22892716899453,98.25732878858253,0.00018212249117510092,0.0001125115064732979
FDBH18,2023-07-21 01:22:58,98.17,7.3,0.1,98.07000000000001,98.17,0,0,7.3,0.09999999999999999,98.12352048047231,98.15446430440097,0.0002118685548077622,0.0001125115064732979
FDBH18,2023-07-21 01:23:02,98.02,7.3,0.1,97.96666666666665,98.04,0,0,7.3,0.09999999999999999,97.96452589281434,98.0043592390804,0.0002449122394712164,0.0001125115064732979
FDBH18,2023-07-21 01:23:06,97.95,7.3,0.1,97.86833333333334,97.96,0,0,7.3,0.09999999999999999,97.89452589281434,97.92873014672809,0.0002449122394712164,0.0001125115064732979
FDBH18,2023-07-21 01:23:10,97.84,7.3,0.1,97.75,97.83,0,0,7.3,0.09999999999999999,97.76549172708626,97.81759338213918,0.00023495828670713236,0.0001125115064732979
FDBH18,2023-07-21 01:23:13,97.73,7.3,0.1,97.68166666666666,97.73,0,0,7.3,0.09999999999999999,97.64776893141844,97.70662022865582,0.00025167739981473287,0.0001125115064732979
FDBH18,2023-07-21 01:23:17,97.65,7.3,0.1,97.58,97.65,0,0,7.3,0.09999999999999999,97.55343982386754,97.62321779208084,0.00025167739981473287,0.0001125115064732979
FDBH18,2023-07-21 01:23:21,97.56,7.3,0.1,97.44833333333332,97.54,0,0,7.3,0.09999999999999999,97.46343982386753,97.53321779208083,0.00025167739981473287,0.0001125115064732979
FDBH18,2023-07-21 01:23:25,97.43,7.3,0.1,97.30833333333334,97.38,0,0,7.3,0.09999999999999999,97.33343982386754,97.40321779208084,0.00025167739981473287,0.0001125115064732979
FDBH18,2023-07-21 01:23:29,97.26,7.3,0.1,97.21833333333332,97.28,0,0,7.3,0.09999999999999999,97.15807734065704,97.23321779208084,0.00025167739981473287,0.0001125115064732979
FDBH18,2023-07-21 01:23:33,97.17,7.3,0.1,97.11,97.19,0,0,7.3,0.09999999999999999,97.06807734065704,97.14321779208083,0.00025167739981473287,0.0001125115064732979
FDBH18,2023-07-21 01:23:37,97.07,7.3,0.1,96.98333333333335,97.05,0,0,7.3,0.09999999999999999,96.96807734065703,97.04321779208082,0.00025167739981473287,0.0001125115064732979
FDBH18,2023-07-21 01:23:41,96.92,7.3,0.1,96.84166666666668,96.94,0,0,7.3,0.09999999999999999,96.81807734065704,96.8897022237106,0.00025167739981473287,0.0001125115064732979
FDBH18,2023-07-21 01:23:45,96.79,7.3,0.1,96.64999999999999,96.78,0,0,7.3,0.09999999999999999,96.68432246209554,96.76387868478895,0.00025167739981473287,0.0001125115064732979
FDBH18,2023-07-21 01:23:49,96.61,7.3,0.1,96.47500000000001,96.57,0,0,7.3,0.09999999999999999,96.50432246209553,96.581087601263,0.00036967932665248163,0.0001125115064732979
FDBH18,2023-07-21 01:23:53,96.44,7.3,0.1,96.32166666666666,96.43,0,0,7.3,0.09999999999999999,96.33432246209553,96.41108760126299,0.00041878977775109576,0.0001125115064732979
FDBH18,2023-07-21 01:23:57,96.28,7.3,0.1,96.165,96.3,0,0,7.3,0.09999999999999999,96.17432246209553,96.24965757902403,0.0004039203308011489,0.00011521085738939225
FDBH18,2023-07-21 01:24:00,96.17,7.3,0.1,96.05833333333332,96.12,0,0,7.3,0.09999999999999999,96.06432246209553,96.13965757902403,0.0004039203308011489,0.00011521085738939225
FDBH18,2023-07-21 01:24:04,96.05,7.3,0.1,95.96333333333332,96.01,0,0,7.3,0.09999999999999999,95.94054851795212,96.01965757902403,0.0004039203308011489,0.00011521085738939225
FDBH18,2023-07-21 01:24:08,95.94,7.3,0.1,95.87500000000001,95.93,0,0,7.3,0.09999999999999999,95.83432246209553,95.90965757902403,0.0004039203308011489,0.00011521085738939225
FDBH18,2023-07-21 01:24:12,95.84,7.3,0.1,95.80833333333334,95.85,0,0,7.3,0.09999999999999999,95.73432246209553,95.80965757902403,0.0004039203308011489,0.00011521085738939225
FDBH18,2023-07-21 01:24:16,95.8,7.3,0.1,95.735,95.77,0,0,7.3,0.09999999999999999,95.69360745451324,95.77108760126299,0.00036967932665248163,0.0001125115064732979
FDBH18,2023-07-21 01:24:20,95.72,7.3,0.1,95.66833333333334,95.7,0,0,7.3,0.09999999999999999,95.6176117883882,95.69387868478894,0.00025167739981473287,0.0001125115064732979
FDBH18,2023-07-21 01:24:24,95.63,7.3,0.1,95.61666666666666,95.68,0,0,7.3,0.09999999999999999,95.5655000635571,95.60825427484728,0.00023495828670713236,0.0001125115064732979
FDBH18,2023-07-21 01:24:28,95.59,7.3,0.1,95.56833333333334,95.6,0,0,7.3,0.09999999999999999,95.53406034054551,95.57502013178852,0.0002449122394712164,0.0001125115064732979
FDBH18,2023-07-21 01:24:32,95.55,7.3,0.1,95.52333333333333,95.56,0,0,7.3,0.09999999999999999,95.49779242183264,95.53502013178851,0.0002118685548077622,0.0001125115064732979
FDBH18,2023-07-21 01:24:36,95.5,7.3,0.1,95.46499999999999,95.5,0,0,7.3,0.09999999999999999,95.45305492820346,95.48512519710908,0.0002118685548077622,0.0001125115064732979
FDBH18,2023-07-21 01:24:40,95.44,7.3,0.1,95.43333333333334,95.47,0,0,7.3,0.09999999999999999,95.39506801754162,95.4270152357873,0.0002118685548077622,0.0001125115064732979
FDBH18,2023-07-21 01:24:44,95.42,7.3,0.1,95.39833333333333,95.41,0,0,7.3,0.09999999999999999,95.37817036214963,95.40789490666548,0.00018212249117510092,0.0001125115064732979
FDBH18,2023-07-21 01:24:48,95.37,7.3,0.1,95.35666666666664,95.41,0,0,7.3,0.09999999999999999,95.33527233060953,95.36191208566427,0.00018212249117510092,0.0001125115064732979
FDBH18,2023-07-21 01:24:51,95.34,7.3,0.1,95.29833333333333,95.34,0,0,7.3,0.09999999999999999,95.31141013673953,95.33191208566427,0.00018212249117510092,0.0001125115064732979
FDBH18,2023-07-21 01:24:55,95.3,7.3,0.1,95.19500000000001,95.26,0,0,7.3,0.09999999999999999,95.27141013673952,95.29191208566426,0.00018212249117510092,0.0001125115064732979
FDBH18,2023-07-21 01:24:59,95.18,7.3,0.1,95.07666666666667,95.14,0,0,7.3,0.09999999999999999,95.14527233060953,95.17191208566427,0.00018212249117510092,0.0001125115064732979
FDBH18,2023-07-21 01:25:03,95.04,7.3,0.1,94.97000000000001,95.03,0,0,7.3,0.09999999999999999,94.9962750417249,95.02530187627568,0.0002118685548077622,0.0001125115064732979
FDBH18,2023-07-21 01:25:07,94.94,7.3,0.1,94.875,94.92,0,0,7.3,0.09999999999999999,94.8889994460159,94.9243183452269,0.0002449122394712164,0.0001125115064732979
FDBH18,2023-07-21 01:25:11,94.86,7.3,0.1,94.825,94.87,0,0,7.3,0.09999999999999999,94.80526736472876,94.83868925287457,0.0002449122394712164,0.0001125115064732979
FDBH18,2023-07-21 01:25:15,94.81,7.3,0.1,94.78333333333335,94.82,0,0,7.3,0.09999999999999999,94.74490316588407,94.78691214580405,0.00023495828670713236,0.0001125115064732979
FDBH18,2023-07-21 01:25:19,94.76,7.3,0.1,94.74666666666667,94.77,0,0,7.3,0.09999999999999999,94.69674086980497,94.73728719504788,0.00023495828670713236,0.0001125115064732979
FDBH18,2023-07-21 01:25:23,94.75,7.3,0.1,94.7,94.73,0,0,7.3,0.09999999999999999,94.69346344287246,94.73561446402414,0.0002449122394712164,0.0001125115064732979
FDBH18,2023-07-21 01:25:27,94.68,7.3,0.1,94.66333333333334,94.69,0,0,7.3,0.09999999999999999,94.62719552415962,94.66367800274527,0.0002118685548077622,0.0001125115064732979
FDBH18,2023-07-21 01:25:31,94.65,7.3,0.1,94.63499999999999,94.65,0,0,7.3,0.09999999999999999,94.60447111986859,94.63567310674406,0.0002118685548077622,0.0001125115064732979
FDBH18,2023-07-21 01:25:35,94.63,7.3,0.1,94.61333333333333,94.65,0,0,7.3,0.09999999999999999,94.59960621488321,94.62127174318265,0.00018212249117510092,0.0001125115064732979
FDBH18,2023-07-21 01:25:38,94.61,7.3,0.1,94.61666666666667,94.65,0,0,7.3,0.09999999999999999,94.57960621488321,94.60243574318265,0.00018212249117510092,0.0001125115064732979
FDBH18,2023-07-21 01:25:42,94.62,7.3,0.1,94.63666666666666,94.66,0,0,7.3,0.09999999999999999,94.59804378750442,94.61449670295866,0.00018212249117510092,0.0001125115064732979
FDBH18,2023-07-21 01:25:46,94.64,7.3,0.1,94.61333333333333,94.64,0,0,7.3,0.09999999999999999,94.62555803735675,94.63814328599778,0.00018212249117510092,0.0001125115064732979
FDBH18,2023-07-21 01:25:50,94.64,7.3,0.1,94.58166666666666,94.61,0,0,7.3,0.09999999999999999,94.62679825612508,94.64252185972849,0.00018461456449120315,0.0001125115064732979
FDBH18,2023-07-21 01:25:54,94.61,7.3,0.1,94.57000000000001,94.59,0,0,7.3,0.09999999999999999,94.59899588678026,94.61390561444814,0.00018461456449120315,0.0001247130797884578
FDBH18,2023-07-21 01:25:58,94.58,7.3,0.1,94.55,94.57,0,0,7.3,0.09999999999999999,94.57006634031697,94.58556772139673,0.00018461456449120315,0.0001247130797884578
FDBH18,2023-07-21 01:26:02,94.56,7.3,0.1,94.55000000000001,94.58,0,0,7.3,0.09999999999999999,94.55006634031697,94.56556772139673,0.00018461456449120315,0.0001247130797884578
FDBH18,2023-07-21 01:26:06,94.57,7.3,0.1,94.58833333333335,94.62,0,0,7.3,0.09999999999999999,94.55899588678025,94.57390561444814,0.00018461456449120315,0.0001247130797884578
FDBH18,2023-07-21 01:26:10,94.6,7.3,0.1,94.58833333333332,94.6,0,0,7.3,0.09999999999999999,94.58899588678025,94.60390561444814,0.00018461456449120315,0.0001247130797884578
FDBH18,2023-07-21 01:26:14,94.57,7.3,0.1,94.59833333333334,94.62,0,0,7.3,0.09999999999999999,94.5613027214208,94.57423368010099,0.00018461456449120315,0.0001247130797884578
FDBH18,2023-07-21 01:26:18,94.61,7.3,0.1,94.60166666666665,94.66,0,0,7.319999999999999,0.09999999999999999,94.62557974796135,94.6318528308541,0.00018461456449120315,0.000129688434586214
FDBH18,2023-07-21 01:26:22,94.58,7.31,0.1,94.68666666666667,94.76,0,0,7.403333333333333,0.09999999999999999,94.66314806437487,94.63505624302871,0.000336892773097799,0.000129688434586214
FDBH18,2023-07-21 01:26:25,94.68,7.43,0.1,94.78833333333334,94.86,0,0,7.445,0.09999999999999999,94.69631072671869,94.70343144554542,0.0003012691972771311,0.0001324648960429013
FDBH18,2023-07-21 01:26:29,94.83,7.44,0.1,94.96166666666666,95.1,0,0,7.489999999999999,0.09999999999999999,94.92633459867861,95.02563279903053,0.00029334742519693133,0.00014914703345769392
FDBH18,2023-07-21 01:26:33,95.0,7.5,0.1,95.17666666666666,95.28,0,0,7.5,0.09999999999999999,95.04205159718933,95.0903395654391,0.00029334742519693133,0.00012146838961536278
FDBH18,2023-07-21 01:26:37,95.22,7.5,0.1,95.32000000000001,95.38,0,0,7.5,0.09999999999999999,95.28150656074827,95.3229747709074,0.0003346700573607246,0.00012146838961536278
FDBH18,2023-07-21 01:26:41,95.34,7.5,0.1,95.39666666666666,95.44,0,0,7.5,0.09999999999999999,95.41152133170566,95.46969126610023,0.0003581005698303748,0.00012146838961536278
FDBH18,2023-07-21 01:26:45,95.44,7.5,0.1,95.42333333333333,95.46,0,0,7.5,0.09999999999999999,95.51508909337278,95.56969126610022,0.0005751929621616043,0.00012146838961536278
FDBH18,2023-07-21 01:26:49,95.46,7.5,0.1,95.41166666666668,95.44,0,0,7.5,0.09999999999999999,95.52990931760036,95.58969126610022,0.0006231236405895263,0.00012146838961536278
FDBH18,2023-07-21 01:26:53,95.43,7.5,0.1,95.37666666666667,95.41,0,0,7.5,0.09999999999999999,95.49739922426146,95.54905705974873,0.0005904527817709057,0.00011950499770039253
FDBH18,2023-07-21 01:26:57,95.41,7.5,0.1,95.375,95.41,0,0,7.5,0.09999999999999999,95.4593833143664,95.50636791725634,0.00035786035699642504,0.00011950499770039253
FDBH18,2023-07-21 01:27:01,95.41,7.5,0.1,95.38,95.39,0,0,7.5,0.09999999999999999,95.43699169976944,95.47251498071967,0.00024738763893602134,0.0001125115064732979
FDBH18,2023-07-21 01:27:05,95.39,7.5,0.1,95.36333333333334,95.38,0,0,7.5,0.09999999999999999,95.40649083361764,95.42692200567353,0.0001400104992240302,0.0001125115064732979
FDBH18,2023-07-21 01:27:09,95.37,7.5,0.1,95.355,95.39,0,0,7.5,0.09999999999999999,95.37063394202109,95.38127813207664,0.00014274325478112228,0.0001247130797884578
FDBH18,2023-07-21 01:27:13,95.37,7.5,0.1,95.37666666666667,95.41,0,0,7.5,0.09999999999999999,95.36434745869064,95.37813596862809,0.00014274325478112228,0.000129688434586214
FDBH18,2023-07-21 01:27:16,95.4,7.5,0.1,95.41666666666667,95.47,0,0,7.5,0.09999999999999999,95.39434745869065,95.40620806387837,0.00014274325478112228,0.0001247130797884578
FDBH18,2023-07-21 01:27:20,95.39,7.5,0.1,95.495,95.54,0,0,7.5,0.09999999999999999,95.38828535510739,95.39696440732014,0.00014274325478112228,0.000129688434586214
FDBH18,2023-07-21 01:27:24,95.51,7.5,0.1,95.56833333333334,95.6,0,0,7.5,0.09999999999999999,95.52036243130298,95.53291011219984,0.00014192641484865167,0.0001125115064732979
FDBH18,2023-07-21 01:27:28,95.6,7.5,0.1,95.65500000000002,95.73,0,0,7.5,0.09999999999999999,95.6194049429433,95.63918448567352,0.0001400104992240302,0.0001125115064732979
FDBH18,2023-07-21 01:27:32,95.67,7.5,0.1,95.755,95.79,0,0,7.5,0.09999999999999999,95.69510205172861,95.7163582230412,0.0001400104992240302,0.0001125115064732979
FDBH18,2023-07-21 01:27:36,95.79,7.5,0.1,95.77666666666666,95.8,0,0,7.5,0.09999999999999999,95.82025212733195,95.85251498071968,0.0001400104992240302,0.0001125115064732979
FDBH18,2023-07-21 01:27:40,95.8,7.5,0.1,95.77333333333333,95.78,0,0,7.5,0.09999999999999999,95.84581570733195,95.87881098071966,0.0001400104992240302,0.0001125115064732979
FDBH18,2023-07-21 01:27:44,95.76,7.5,0.1,95.77166666666666,95.79,0,0,7.5,0.09999999999999999,95.80138894137247,95.83951276728129,0.0001400104992240302,0.0001125115064732979
FDBH18,2023-07-21 01:27:48,95.77,7.5,0.1,95.79833333333335,95.84,0,0,7.5,0.09999999999999999,95.79582536137247,95.83321676728129,0.0001400104992240302,0.0001125115064732979
FDBH18,2023-07-21 01:27:52,95.84,7.5,0.1,95.81333333333333,95.83,0,0,7.5,0.09999999999999999,95.86219819795302,95.88939625163482,0.0001400104992240302,0.0001125115064732979
FDBH18,2023-07-21 01:27:56,95.83,7.5,0.1,95.83,95.87,0,0,7.5,0.09999999999999999,95.84650108916772,95.86988627223515,0.0001400104992240302,0.0001125115064732979
FDBH18,2023-07-21 01:28:00,95.83,7.5,0.1,95.85166666666667,95.87,0,0,7.5,0.09999999999999999,95.84358697984206,95.86381292783165,0.00014192641484865167,0.0001125115064732979
FDBH18,2023-07-21 01:28:03,95.82,7.5,0.1,95.85833333333335,95.87,0,0,7.5,0.09999999999999999,95.82745857752738,95.8449459400572,0.00014192641484865167,0.000129688434586214
FDBH18,2023-07-21 01:28:07,95.86,7.5,0.1,95.85166666666667,95.87,0,0,7.5,0.09999999999999999,95.87098459090036,95.88361189876146,0.00014192641484865167,0.0001247130797884578
FDBH18,2023-07-21 01:28:11,95.84,7.5,0.1,95.85333333333334,95.87,0,0,7.5,0.09999999999999999,95.85098459090037,95.86361189876146,0.00014192641484865167,0.0001247130797884578
FDBH18,2023-07-21 01:28:15,95.84,7.5,0.1,95.86500000000001,95.89,0,0,7.5,0.09999999999999999,95.8496601161693,95.86494594005721,0.00014192641484865167,0.0001247130797884578
FDBH18,2023-07-21 01:28:19,95.89,7.5,0.1,95.85333333333334,95.88,0,0,7.5,0.09999999999999999,95.89745857752739,95.91749116011964,0.00014192641484865167,0.000129688434586214
FDBH18,2023-07-21 01:28:23,95.86,7.5,0.1,95.86333333333333,95.9,0,0,7.5,0.09999999999999999,95.86155325709004,95.88147449129521,0.00014192641484865167,0.000129688434586214
FDBH18,2023-07-21 01:28:27,95.85,7.5,0.1,95.89666666666666,95.91,0,0,7.5,0.09999999999999999,95.85155325709003,95.86394924961564,0.00014192641484865167,0.000129688434586214
FDBH18,2023-07-21 01:28:31,95.9,7.5,0.1,95.89,95.91,0,0,7.5,0.09999999999999999,95.90155325709004,95.91805560882482,0.00014192641484865167,0.000129688434586214
FDBH18,2023-07-21 01:28:35,95.9,7.5,0.1,95.88,95.9,0,0,7.5,0.09999999999999999,95.90155325709004,95.91862163531968,0.00014192641484865167,0.000129688434586214
FDBH18,2023-07-21 01:28:39,95.87,7.5,0.1,95.87833333333333,95.9,0,0,7.5,0.09999999999999999,95.87155325709004,95.88862163531968,0.00014192641484865167,0.000129688434586214
FDBH18,2023-07-21 01:28:43,95.87,7.5,0.1,95.85500000000002,95.9,0,0,7.5,0.09999999999999999,95.87155325709004,95.88862163531968,0.00014192641484865167,0.000129688434586214
FDBH18,2023-07-21 01:28:47,95.84,7.5,0.1,95.82000000000001,95.85,0,0,7.5,0.09999999999999999,95.83918840904549,95.8519204072338,0.00014274325478112228,0.000129688434586214
FDBH18,2023-07-21 01:28:51,95.79,7.5,0.1,95.815,95.83,0,0,7.5,0.09999999999999999,95.78385858914791,95.80195412904993,0.00014274325478112228,0.000129688434586214
FDBH18,2023-07-21 01:28:54,95.8,7.5,0.1,95.81833333333333,95.83,0,0,7.5,0.09999999999999999,95.78992069273114,95.80557580914423,0.00014274325478112228,0.0001247130797884578
FDBH18,2023-07-21 01:28:58,95.81,7.5,0.1,95.80333333333334,95.83,0,0,7.5,0.09999999999999999,95.79885023919444,95.814829369508,0.00014274325478112228,0.0001247130797884578
FDBH18,2023-07-21 01:29:02,95.81,7.5,0.1,95.80333333333333,95.83,0,0,7.5,0.09999999999999999,95.79885023919444,95.814829369508,0.00014274325478112228,0.0001247130797884578
FDBH18,2023-07-21 01:29:06,95.8,7.5,0.1,95.81833333333334,95.84,0,0,7.5,0.09999999999999999,95.78885023919443,95.804829369508,0.00014274325478112228,0.0001247130797884578
FDBH18,2023-07-21 01:29:10,95.8,7.5,0.1,95.82833333333333,95.84,0,0,7.5,0.09999999999999999,95.78885023919443,95.80626859603468,0.00014274325478112228,0.000129688434586214
FDBH18,2023-07-21 01:29:14,95.84,7.5,0.1,95.84166666666665,95.87,0,0,7.5,0.09999999999999999,95.83669120147303,95.84861997343323,0.00014274325478112228,0.000129688434586214
FDBH18,2023-07-21 01:29:18,95.84,7.5,0.1,95.87,95.9,0,0,7.5,0.09999999999999999,95.83919194195549,95.84953270282011,0.00014192641484865167,0.000129688434586214
FDBH18,2023-07-21 01:29:22,95.85,7.5,0.1,95.89166666666667,95.92,0,0,7.5,0.09999999999999999,95.85155325709003,95.86862163531967,0.00014192641484865167,0.000129688434586214
FDBH18,2023-07-21 01:29:26,95.88,7.5,0.1,95.89833333333333,95.92,0,0,7.5,0.09999999999999999,95.8896601161693,95.9049459400572,0.00014192641484865167,0.000129688434586214
FDBH18,2023-07-21 01:29:30,95.89,7.5,0.1,95.88666666666667,95.91,0,0,7.5,0.09999999999999999,95.90387629284766,95.92272092783165,0.00014192641484865167,0.0001247130797884578
FDBH18,2023-07-21 01:29:34,95.86,7.5,0.1,95.90166666666669,95.93,0,0,7.5,0.09999999999999999,95.87098459090036,95.88361189876146,0.00014192641484865167,0.0001247130797884578
FDBH18,2023-07-21 01:29:38,95.9,7.5,0.1,95.93666666666667,95.96,0,0,7.5,0.09999999999999999,95.9096601161693,95.92361189876146,0.00014192641484865167,0.0001247130797884578
FDBH18,2023-07-21 01:29:41,95.92,7.5,0.1,95.94333333333334,95.96,0,0,7.5,0.09999999999999999,95.9296601161693,95.94494594005721,0.00014192641484865167,0.0001247130797884578
FDBH18,2023-07-21 01:29:45,95.92,7.5,0.1,95.935,95.96,0,0,7.5,0.09999999999999999,95.9296601161693,95.94361189876146,0.00014192641484865167,0.0001247130797884578
FDBH18,2023-07-21 01:29:49,95.91,7.5,0.1,95.89499999999998,95.94,0,0,7.5,0.09999999999999999,95.91745857752738,95.9349459400572,0.00014192641484865167,0.000129688434586214
FDBH18,2023-07-21 01:29:53,95.9,7.5,0.1,95.75999999999999,95.87,0,0,7.5,0.09999999999999999,95.90612255173332,95.92440608068078,0.00014192641484865167,0.000129688434586214
FDBH18,2023-07-21 01:29:57,95.74,7.5,0.1,95.62333333333333,95.7,0,0,7.5,0.09999999999999999,95.73109959497727,95.74869218300445,0.00014274325478112228,0.0001125115064732979
FDBH18,2023-07-21 01:30:01,95.58,7.5,0.1,95.52166666666666,95.59,0,0,7.5,0.09999999999999999,95.56341238977092,95.5767490335373,0.00014081631389398853,0.0001125115064732979
FDBH18,2023-07-21 01:30:05,95.47,7.5,0.1,95.47500000000001,95.5,0,0,7.5,0.09999999999999999,95.42432547228275,95.4570152357873,0.0001638169456363879,0.0001125115064732979
FDBH18,2023-07-21 01:30:09,95.45,7.5,0.1,95.49499999999999,95.55,0,0,7.5,0.09999999999999999,95.39331779528662,95.43695659306738,0.00018936777002056575,0.0001125115064732979
FDBH18,2023-07-21 01:30:13,95.47,7.5,0.1,95.56166666666667,95.62,0,0,7.5,0.09999999999999999,95.41331779528662,95.45239129085599,0.00018936777002056575,0.0001125115064732979
FDBH18,2023-07-21 01:30:17,95.55,7.5,0.1,95.65500000000002,95.71,0,0,7.5,0.09999999999999999,95.49704987657377,95.53502013178851,0.00018936777002056575,0.0001125115064732979
FDBH18,2023-07-21 01:30:21,95.67,7.5,0.1,95.74333333333334,95.82,0,0,7.5,0.09999999999999999,95.63946056729739,95.6658388320019,0.00014081631389398853,0.0001125115064732979
FDBH18,2023-07-21 01:30:25,95.74,7.5,0.1,95.82166666666667,95.87,0,0,7.5,0.09999999999999999,95.73974103190052,95.7643981926534,0.0001400104992240302,0.0001125115064732979
FDBH18,2023-07-21 01:30:28,95.79,7.5,0.1,95.85666666666667,95.89,0,0,7.5,0.09999999999999999,95.80536198469503,95.83222251426716,0.0001400104992240302,0.0001125115064732979
FDBH18,2023-07-21 01:30:32,95.85,7.5,0.1,95.89833333333333,95.95,0,0,7.5,0.09999999999999999,95.87734827355636,95.91321676728128,0.0001400104992240302,0.0001125115064732979
FDBH18,2023-07-21 01:30:36,95.89,7.5,0.1,95.945,95.98,0,0,7.5,0.09999999999999999,95.93728786835636,95.96951276728129,0.0001400104992240302,0.0001125115064732979
FDBH18,2023-07-21 01:30:40,95.93,7.5,0.1,95.96,95.99,0,0,7.5,0.09999999999999999,95.97291185355637,96.0095127672813,0.0001400104992240302,0.0001125115064732979
FDBH18,2023-07-21 01:30:44,95.93,7.5,0.1,95.98333333333333,96.02,0,0,7.5,0.09999999999999999,95.95734827355638,95.9932167672813,0.0001400104992240302,0.0001125115064732979
FDBH18,2023-07-21 01:30:48,95.97,7.5,0.1,96.00833333333333,96.02,0,0,7.5,0.09999999999999999,95.99734827355637,96.02741849163482,0.0001400104992240302,0.0001125115064732979
FDBH18,2023-07-21 01:30:52,96.01,7.5,0.1,96.01333333333332,96.04,0,0,7.5,0.09999999999999999,96.03219819795302,96.05706000960282,0.0001400104992240302,0.0001125115064732979
FDBH18,2023-07-21 01:30:56,96.0,7.5,0.1,96.03333333333332,96.05,0,0,7.5,0.09999999999999999,96.01650108916772,96.03988627223515,0.0001400104992240302,0.0001125115064732979
FDBH18,2023-07-21 01:31:00,96.03,7.5,0.1,96.02833333333332,96.05,0,0,7.5,0.09999999999999999,96.04650108916772,96.06968893903165,0.00014192641484865167,0.0001125115064732979
FDBH18,2023-07-21 01:31:04,96.01,7.5,0.1,96.03833333333334,96.06,0,0,7.5,0.09999999999999999,96.02396148618861,96.04381292783165,0.00014192641484865167,0.0001125115064732979
FDBH18,2023-07-21 01:31:08,96.03,7.5,0.1,96.04666666666668,96.06,0,0,7.5,0.09999999999999999,96.0396601161693,96.05361189876146,0.00014192641484865167,0.0001247130797884578
FDBH18,2023-07-21 01:31:12,96.03,7.5,0.1,96.06166666666667,96.09,0,0,7.5,0.09999999999999999,96.0396601161693,96.05494594005721,0.00014192641484865167,0.0001247130797884578
FDBH18,2023-07-21 01:31:16,96.06,7.5,0.1,96.08999999999999,96.13,0,0,7.5,0.09999999999999999,96.06745857752739,96.08359303896763,0.00014192641484865167,0.000129688434586214
FDBH18,2023-07-21 01:31:19,96.07,7.5,0.1,96.10666666666667,96.14,0,0,7.5,0.09999999999999999,96.0761225517333,96.0914744912952,0.00014192641484865167,0.000129688434586214
FDBH18,2023-07-21 01:31:23,96.1,7.5,0.1,96.13833333333332,96.18,0,0,7.5,0.09999999999999999,96.1096601161693,96.1249459400572,0.00014192641484865167,0.000129688434586214
FDBH18,2023-07-21 01:31:27,96.13,7.5,0.1,96.185,96.21,0,0,7.5,0.09999999999999999,96.14098459090036,96.15361189876145,0.00014192641484865167,0.0001247130797884578
FDBH18,2023-07-21 01:31:31,96.2,7.5,0.1,96.205,96.24,0,0,7.5,0.09999999999999999,96.21650108916772,96.23607540783165,0.00014192641484865167,0.0001125115064732979
FDBH18,2023-07-21 01:31:35,96.21,7.5,0.1,96.22666666666667,96.26,0,0,7.5,0.09999999999999999,96.22650108916771,96.24988627223514,0.0001400104992240302,0.0001125115064732979
FDBH18,2023-07-21 01:31:39,96.23,7.5,0.1,96.255,96.28,0,0,7.5,0.09999999999999999,96.24650108916772,96.26988627223515,0.0001400104992240302,0.0001125115064732979
FDBH18,2023-07-21 01:31:43,96.27,7.5,0.1,96.28666666666668,96.31,0,0,7.5,0.09999999999999999,96.28650108916771,96.30988627223515,0.0001400104992240302,0.0001125115064732979
FDBH18,2023-07-21 01:31:47,96.29,7.5,0.1,96.31333333333333,96.35,0,0,7.5,0.09999999999999999,96.30650108916772,96.32988627223516,0.0001400104992240302,0.0001125115064732979
FDBH18,2023-07-21 01:31:51,96.3,7.5,0.1,96.32833333333333,96.35,0,0,7.5,0.09999999999999999,96.31650108916772,96.33988627223515,0.0001400104992240302,0.0001125115064732979
FDBH18,2023-07-21 01:31:55,96.31,7.5,0.1,96.33166666666666,96.35,0,0,7.5,0.09999999999999999,96.32650108916772,96.34988627223515,0.00014192641484865167,0.0001125115064732979
FDBH18,2023-07-21 01:31:59,96.31,7.5,0.1,96.31333333333333,96.35,0,0,7.5,0.09999999999999999,96.32650108916772,96.34607540783165,0.00014192641484865167,0.0001125115064732979
FDBH18,2023-07-21 01:32:03,96.28,7.5,0.1,96.29666666666667,96.32,0,0,7.5,0.09999999999999999,96.29358697984206,96.31381292783165,0.00014192641484865167,0.0001125115064732979
FDBH18,2023-07-21 01:32:06,96.32,7.5,0.1,96.27666666666666,96.29,0,0,7.5,0.09999999999999999,96.3296601161693,96.34361189876145,0.00014192641484865167,0.0001247130797884578
FDBH18,2023-07-21 01:32:10,96.28,7.5,0.1,96.245,96.27,0,0,7.483333333333333,0.09999999999999999,96.28043608105116,96.30450330259406,0.00015267412446532644,0.000129688434586214
FDBH18,2023-07-21 01:32:14,96.26,7.49,0.1,96.14,96.21,0,0,7.3983333333333325,0.09999999999999999,96.2523120107255,96.27067919562374,0.0002593870270452773,0.000129688434586214
FDBH18,2023-07-21 01:32:18,96.13,7.39,0.1,95.93666666666667,96.08,0,0,7.223333333333333,0.09999999999999999,96.01643600935641,96.0960957654534,0.0003464396437890527,0.00014634912060096833
FDBH18,2023-07-21 01:32:22,95.93,7.2,0.1,95.515,95.83,0,0,6.965,0.09999999999999999,95.53528349464227,95.83432389417322,0.0004047995338967854,0.0001371425758143847
FDBH18,2023-07-21 01:32:26,95.42,6.92,0.1,94.75,95.23,0,0,6.633333333333333,0.09999999999999999,95.03017702069613,95.31939676373527,0.00042003849854945857,0.0001371425758143847
FDBH18,2023-07-21 01:32:30,94.68,6.58,0.1,93.40833333333335,94.37,0,0,6.343333333333334,0.09999999999999999,94.13446648997545,94.50550106184191,0.0009687761874677162,0.00015924167912198994
FDBH18,2023-07-21 01:32:34,93.23,6.3,0.1,91.695,92.82,0,0,6.016666666666667,0.09999999999999999,92.64185333137057,92.96496310064242,0.002227156203991197,0.00016442416601352482
FDBH18,2023-07-21 01:32:38,91.48,5.92,0.1,89.80166666666668,91.01,0,0,5.7250000000000005,0.09999999999999999,90.68949785790235,91.11646487869918,0.002499315074628284,0.00016442416601352482
FDBH18,2023-07-21 01:32:42,89.57,5.7,0.1,87.87333333333333,89.07,0,0,5.555,0.09999999999999999,88.75804221116861,89.25535259560512,0.002717307632097982,0.00016442416601352482
FDBH18,2023-07-21 01:32:46,87.63,5.54,0.1,86.07,87.16,0,0,5.413333333333334,0.09999999999999999,86.75435517213423,87.30288466420716,0.002717307632097982,0.00017789972908375585
FDBH18,2023-07-21 01:32:50,85.83,5.42,0.1,84.50166666666667,85.43,0,0,5.206666666666667,0.09999999999999999,84.753659235744,85.41716580442538,0.0020226362800954416,0.00017789972908375585
FDBH18,2023-07-21 01:32:54,84.3,5.17,0.1,83.19,83.95,0,0,5.118333333333333,0.09999999999999999,83.5873689744158,83.99584235494754,0.0012112571536632842,0.00017789972908375585
FDBH18,2023-07-21 01:32:57,83.31,5.12,0.1,82.38666666666667,83.02,0,0,5.08,0.09999999999999999,82.75163007297485,83.00584235494755,0.001247893247493462,0.00017789972908375585
FDBH18,2023-07-21 01:33:01,82.24,5.07,0.1,81.535,82.02,0,0,4.95,0.09999999999999999,81.51230066110048,81.89460388298254,0.001140835603510082,0.00017815514284095235
FDBH18,2023-07-21 01:33:05,81.43,4.94,0.1,80.78833333333333,81.26,0,0,4.755,0.09999999999999999,80.61970834887059,81.11411215895797,0.001141539522093923,0.00017815514284095235
FDBH18,2023-07-21 01:33:09,80.69,4.72,0.1,80.02666666666667,80.51,0,0,4.57,0.09999999999999999,79.83047020093484,80.37299919361931,0.000986009107068763,0.0002127732116140532
FDBH18,2023-07-21 01:33:13,79.93,4.55,0.1,79.205,79.73,0,0,4.355,0.09999999999999999,78.64904634977478,79.55323636665646,0.0011945225376865157,0.0002127732116140532
FDBH18,2023-07-21 01:33:17,79.1,4.32,0.1,78.255,78.88,0,0,4.201666666666667,0.09999999999999999,78.48941144107395,78.78580389124261,0.000986009107068763,0.0002180215735852585
FDBH18,2023-07-21 01:33:21,78.14,4.19,0.1,77.16833333333334,77.87,0,0,4.0183333333333335,0.09999999999999999,77.53888477872101,77.83827182264058,0.000890878494315258,0.0002066229108293727
FDBH18,2023-07-21 01:33:25,77.04,4.09,0.1,75.97000000000001,76.74,0,0,3.72,0.09999999999999999,74.92292188784239,76.56043613895298,0.000566781920864042,0.00015367751347050807
FDBH18,2023-07-21 01:33:29,75.83,3.72,0.1,74.64166666666667,75.5,0,0,3.5266666666666673,0.09999999999999999,74.63338325861413,75.45127667017317,0.0006785558777656724,0.00015367751347050807
FDBH18,2023-07-21 01:33:33,74.48,3.49,0.1,73.25,74.12,0,0,3.438333333333334,0.09999999999999999,74.0861385352769,74.22610372541271,0.0006161359514992974,0.00015367751347050807
FDBH18,2023-07-21 01:33:37,73.06,3.44,0.1,71.93666666666665,72.73,0,0,3.155,0.09999999999999999,71.79930094242481,72.69527914160169,0.0006785558777656724,0.00016265604570892418
FDBH18,2023-07-21 01:33:41,71.77,3.0,0.1,70.72333333333334,71.47,0,0,2.8533333333333335,0.09999999999999999,71.09382080457387,71.47337578084401,0.000531424590074035,0.00016265604570892418
FDBH18,2023-07-21 01:33:44,70.87,2.84,0.1,69.835,70.57,0,0,2.7550000000000003,0.09999999999999999,70.30010962720404,70.61948480678002,0.0006013879326106742,0.00016265604570892418
FDBH18,2023-07-21 01:33:48,69.69,2.74,0.1,68.67166666666667,69.39,0,0,2.6416666666666666,0.09999999999999999,69.21159478973915,69.45680597172853,0.00043630135540118347,0.00016265604570892418
FDBH18,2023-07-21 01:33:52,68.53,2.63,0.1,67.51333333333334,68.24,0,0,2.473333333333333,0.09999999999999999,67.98928970499354,68.23826987122462,0.00043630135540118347,9.684042675762922e-05
FDBH18,2023-07-21 01:33:56,67.37,2.57,0.1,66.34333333333335,67.08,0,0,2.155,0.09999999999999999,65.34785723258437,66.90513031470792,0.00048051123401285335,8.4011423171678e-05
FDBH18,2023-07-21 01:34:00,66.2,2.1,0.1,65.14999999999999,65.91,0,0,2.1,0.09999999999999999,65.81018191308337,66.00200348373711,0.0004836842283373275,8.4011423171678e-05
FDBH18,2023-07-21 01:34:04,65.0,2.1,0.1,63.93833333333334,64.69,0,0,2.1,0.09999999999999999,64.5595388393269,64.77008782669355,0.0004836842283373275,8.4011423171678e-05
FDBH18,2023-07-21 01:34:08,63.79,2.1,0.1,62.718333333333334,63.48,0,0,2.091666666666667,0.09999999999999999,63.34748148570159,63.54414029263485,0.00035550483715197716,8.4011423171678e-05
FDBH18,2023-07-21 01:34:12,62.57,2.1,0.1,61.449999999999996,62.26,0,0,1.7,0.09999999999999999,60.495697890329005,62.081763924354114,0.00020576212453797912,8.4011423171678e-05
FDBH18,2023-07-21 01:34:16,61.26,1.44,0.1,60.27166666666667,60.96,0,0,1.575,0.09999999999999999,61.07367561934476,61.34960457261543,0.0003912821495499075,8.4011423171678e-05
FDBH18,2023-07-21 01:34:20,60.11,1.58,0.1,59.33833333333334,59.86,0,0,1.6850000000000003,0.09999999999999999,59.867286019286276,60.160293288490166,0.00024956638712008447,8.4011423171678e-05
FDBH18,2023-07-21 01:34:24,59.22,1.69,0.1,58.67499999999999,59.02,0,0,1.795,0.09999999999999999,58.982096485650324,59.283229401626656,0.00024956638712008447,8.4011423171678e-05
FDBH18,2023-07-21 01:34:28,58.59,1.82,0.1,58.29333333333333,58.47,0,0,1.8783333333333332,0.09999999999999999,58.35680667918111,58.505196330847696,0.00023939393465543632,8.4011423171678e-05
FDBH18,2023-07-21 01:34:32,58.24,1.87,0.1,58.195,58.23,0,0,1.9799999999999998,0.09999999999999999,58.04898367200295,58.35177279939859,0.0002544092560793163,8.4011423171678e-05
FDBH18,2023-07-21 01:34:35,58.18,1.98,0.1,58.16,58.23,0,0,2.023333333333333,0.09999999999999999,57.97219060513034,58.121572967487744,0.0003829818440997879,8.4011423171678e-05
FDBH18,2023-07-21 01:34:39,58.22,2.03,0.1,57.85333333333333,58.11,0,0,2.03,0.09999999999999999,57.96749783443296,58.152227012703825,0.0003283814878027144,9.900030856199344e-05
FDBH18,2023-07-21 01:34:43,57.8,2.03,0.1,57.403333333333336,57.7,0,0,2.03,0.09999999999999999,57.66752328783417,57.751281580344305,0.0003099164482127416,9.900030856199344e-05
FDBH18,2023-07-21 01:34:47,57.38,2.03,0.1,56.785000000000004,57.21,0,0,2.03,0.09999999999999999,57.355047381180164,57.38760914858545,0.0003035403971818718,9.900030856199344e-05
FDBH18,2023-07-21 01:34:51,56.7,2.03,0.1,56.13333333333333,56.53,0,0,1.553333333333333,0.09999999999999999,55.04245988086285,56.58220182214002,0.00023382605559083998,9.900030856199344e-05
FDBH18,2023-07-21 01:34:55,56.06,2.03,0.1,55.53333333333333,55.9,0,0,0.6,0.09999999999999999,55.10704896699242,56.021253759646505,0.0002749797958660105,9.602059574814063e-05
FDBH18,2023-07-21 01:34:59,55.45,0.6,0.1,55.05833333333334,55.32,0,0,0.6116666666666667,0.09999999999999999,55.30670260472843,55.299023645333556,0.0002299313341446413,8.4011423171678e-05
FDBH18,2023-07-21 01:35:03,54.99,0.6,0.1,54.793333333333344,54.91,0,0,0.725,0.09999999999999999,55.035122699062796,55.09525818653608,0.00038741470981210784,8.4011423171678e-05
FDBH18,2023-07-21 01:35:07,54.75,0.75,0.1,54.75666666666667,54.82,0,0,0.91,0.09999999999999999,54.665120992425365,54.987296912779286,0.0004160922393482233,8.4011423171678e-05
FDBH18,2023-07-21 01:35:11,54.75,0.96,0.1,54.973333333333336,55.28,0,0,1.0216666666666667,0.09999999999999999,54.57295501481018,54.654865852874586,0.0002299313341446413,8.4011423171678e-05
FDBH18,2023-07-21 01:35:15,54.95,1.0,0.1,55.48666666666667,55.85,0,0,1.1783333333333335,0.09999999999999999,55.17891056397389,55.40460099661765,0.000419475571461673,8.4011423171678e-05
FDBH18,2023-07-21 01:35:19,55.55,1.21,0.1,56.13833333333334,56.63,0,0,1.3283333333333331,0.09999999999999999,55.626576919817985,55.687395888768236,0.00039360507219819403,8.526494805296869e-05
FDBH18,2023-07-21 01:35:22,56.03,1.3,0.1,56.73499999999999,57.26,0,0,1.4366666666666665,0.09999999999999999,56.141183014519136,56.226406162108525,0.00034875710329770047,0.00010047745842244364
FDBH18,2023-07-21 01:35:26,56.84,1.47,0.1,57.633333333333326,58.15,0,0,1.4949999999999999,0.09999999999999999,57.134091557101996,57.3553153693163,0.0002225840366526252,0.00010047745842244364
FDBH18,2023-07-21 01:35:30,57.7,1.5,0.1,58.53333333333333,59.18,0,0,1.5,0.09999999999999999,58.1117804997192,58.34840266143756,0.00021780486169705872,9.900030856199344e-05
FDBH18,2023-07-21 01:35:35,58.57,1.5,0.1,59.30666666666667,59.75,0,0,1.5,0.09999999999999999,59.03116600722508,59.28177498012419,0.00023910154726613765,9.900030856199344e-05
FDBH18,2023-07-21 01:35:39,59.38,1.5,0.1,60.01,60.43,0,0,1.5,0.09999999999999999,59.79441544155912,60.032014621670896,0.0002464805564257222,9.900030856199344e-05
FDBH18,2023-07-21 01:35:43,60.11,1.5,0.1,60.665,61.04,0,0,1.5,0.09999999999999999,60.458526503348786,60.73447126696907,0.0002464805564257222,9.900030856199344e-05
FDBH18,2023-07-21 01:35:47,60.74,1.5,0.1,61.23833333333334,61.57,0,0,1.5,0.09999999999999999,61.06921885031304,61.37232094615205,0.0002464805564257222,9.900030856199344e-05
FDBH18,2023-07-21 01:35:51,61.31,1.5,0.1,61.745000000000005,62.03,0,0,1.5,0.09999999999999999,61.62592510041278,61.91697960801646,0.0002464805564257222,9.900030856199344e-05
FDBH18,2023-07-21 01:35:55,61.81,1.5,0.1,62.18166666666667,62.43,0,0,1.5,0.09999999999999999,62.085655860807236,62.327389135376144,0.00022315472600260342,0.00010037853592911202
FDBH18,2023-07-21 01:35:59,62.23,1.5,0.1,62.56333333333334,62.79,0,0,1.5,0.09999999999999999,62.53794660821968,62.72279615984656,0.00022278364847038435,9.574836902470004e-05
FDBH18,2023-07-21 01:36:03,62.62,1.5,0.1,62.90833333333334,63.11,0,0,1.5,0.09999999999999999,62.898105333581874,63.101217518733606,0.0001509020082212537,9.574836902470004e-05
FDBH18,2023-07-21 01:36:07,62.95,1.5,0.1,63.231666666666676,63.42,0,0,1.5,0.09999999999999999,63.17502702908612,63.39608716657078,7.889920568833987e-05,9.574836902470004e-05
FDBH18,2023-07-21 01:36:10,63.2,1.5,0.1,63.455000000000005,63.64,0,0,1.5,0.09999999999999999,63.40154084218709,63.688930784974104,7.889920568833987e-05,9.574836902470004e-05
FDBH18,2023-07-21 01:36:14,63.48,1.5,0.1,63.75666666666667,63.94,0,0,1.5,0.09999999999999999,63.68021586907183,63.892079967289426,7.787320779520717e-05,9.574836902470004e-05
FDBH18,2023-07-21 01:36:18,63.8,1.5,0.1,64.03333333333333,64.19,0,0,1.5,0.09999999999999999,63.96784742916192,64.17394953518439,7.787320779520717e-05,9.574836902470004e-05
FDBH18,2023-07-21 01:36:22,64.07,1.5,0.1,64.28999999999999,64.45,0,0,1.5,0.09999999999999999,64.20672082194157,64.40054076861185,7.787320779520717e-05,9.574836902470004e-05
FDBH18,2023-07-21 01:36:26,64.32,1.5,0.1,64.52333333333333,64.66,0,0,1.5,0.09999999999999999,64.45672082194157,64.63219336909837,7.689274892235052e-05,9.717700251931675e-05
FDBH18,2023-07-21 01:36:30,64.56,1.5,0.1,64.72833333333334,64.84,0,0,1.5,0.09999999999999999,64.69714211772981,64.87219336909838,7.50399094731784e-05,9.717700251931675e-05
FDBH18,2023-07-21 01:36:34,64.75,1.5,0.1,64.91000000000001,65.03,0,0,1.5,0.09999999999999999,64.89911359696083,65.03261650187089,7.538903432092943e-05,9.27746866799435e-05
FDBH18,2023-07-21 01:36:38,64.92,1.5,0.1,65.08333333333333,65.19,0,0,1.5,0.09999999999999999,65.06722318000827,65.19879446699346,7.538903432092943e-05,9.27746866799435e-05
FDBH18,2023-07-21 01:36:42,65.1,1.5,0.1,65.245,65.34,0,0,1.5,0.09999999999999999,65.24722318000826,65.37879446699345,7.09040528218056e-05,9.27746866799435e-05
FDBH18,2023-07-21 01:36:46,65.26,1.5,0.1,65.39833333333333,65.49,0,0,1.5,0.09999999999999999,65.38010350759139,65.49798575084108,6.981711289203003e-05,9.27746866799435e-05
FDBH18,2023-07-21 01:36:50,65.42,1.5,0.1,65.54666666666667,65.64,0,0,1.5,0.09999999999999999,65.54103496874797,65.65798575084108,6.981711289203003e-05,9.27746866799435e-05
FDBH18,2023-07-21 01:36:54,65.57,1.5,0.1,65.695,65.78,0,0,1.5,0.09999999999999999,65.68877670918395,65.76653244999197,6.981711289203003e-05,9.27746866799435e-05
FDBH18,2023-07-21 01:36:58,65.71,1.5,0.1,65.82,65.89,0,0,1.5,0.09999999999999999,65.83239462633651,65.90653244999197,6.981711289203003e-05,9.27746866799435e-05
FDBH18,2023-07-21 01:37:01,65.81,1.5,0.1,65.91,65.99,0,0,1.5,0.09999999999999999,65.91688159157208,65.97890568280562,6.38472912688911e-05,9.27746866799435e-05
FDBH18,2023-07-21 01:37:05,65.92,1.5,0.1,66.02833333333332,66.09,0,0,1.5,0.09999999999999999,66.01478520996662,66.08890568280562,6.38472912688911e-05,9.27746866799435e-05
FDBH18,2023-07-21 01:37:09,66.04,1.5,0.1,66.145,66.22,0,0,1.5,0.09999999999999999,66.13865329599031,66.20288084087916,6.38472912688911e-05,9.27746866799435e-05
FDBH18,2023-07-21 01:37:13,66.16,1.5,0.1,66.26333333333334,66.33,0,0,1.5,0.09999999999999999,66.24199704203416,66.3025917910808,6.38472912688911e-05,9.27746866799435e-05
FDBH18,2023-07-21 01:37:17,66.29,1.5,0.1,66.35666666666667,66.41,0,0,1.5,0.09999999999999999,66.35997439828597,66.43259179108081,6.38472912688911e-05,9.27746866799435e-05
FDBH18,2023-07-21 01:37:21,66.37,1.5,0.1,66.44,66.49,0,0,1.5,0.09999999999999999,66.43997439828597,66.51259179108081,5.992739168983666e-05,9.27746866799435e-05
FDBH18,2023-07-21 01:37:25,66.44,1.5,0.1,66.53166666666665,66.6,0,0,1.5,0.09999999999999999,66.51040066391775,66.56950908160964,5.992739168983666e-05,9.27746866799435e-05
FDBH18,2023-07-21 01:37:29,66.55,1.5,0.1,66.63000000000001,66.69,0,0,1.5,0.09999999999999999,66.62383455018673,66.67238900233517,5.992739168983666e-05,9.27746866799435e-05
FDBH18,2023-07-21 01:37:33,66.64,1.5,0.1,66.73666666666666,66.81,0,0,1.5,0.09999999999999999,66.69269363416103,66.76238900233517,5.992739168983666e-05,9.27746866799435e-05
FDBH18,2023-07-21 01:37:37,66.74,1.5,0.1,66.83333333333333,66.89,0,0,1.5,0.09999999999999999,66.7924259300192,66.84491673983767,5.5945658560735215e-05,9.27746866799435e-05
FDBH18,2023-07-21 01:37:41,66.84,1.5,0.1,66.93333333333334,67.0,0,0,1.5,0.09999999999999999,66.89242593001921,66.94491673983768,5.5945658560735215e-05,9.27746866799435e-05
FDBH18,2023-07-21 01:37:45,66.94,1.5,0.1,67.03833333333334,67.11,0,0,1.5,0.09999999999999999,66.99242593001921,67.04491673983767,5.5945658560735215e-05,9.27746866799435e-05
FDBH18,2023-07-21 01:37:48,67.02,1.5,0.1,67.10666666666667,67.16,0,0,1.5,0.09999999999999999,67.07242593001921,67.12491673983767,5.5945658560735215e-05,9.27746866799435e-05
FDBH18,2023-07-21 01:37:52,67.12,1.5,0.1,67.19333333333333,67.25,0,0,1.5,0.09999999999999999,67.17242593001922,67.24238900233517,5.5945658560735215e-05,9.27746866799435e-05
FDBH18,2023-07-21 01:37:56,67.21,1.5,0.1,67.28333333333333,67.33,0,0,1.5,0.09999999999999999,67.2624259300192,67.33238900233516,5.5945658560735215e-05,9.27746866799435e-05
FDBH18,2023-07-21 01:38:00,67.3,1.5,0.1,67.36666666666666,67.42,0,0,1.5,0.09999999999999999,67.35242593001921,67.40491673983767,5.5945658560735215e-05,9.27746866799435e-05
FDBH18,2023-07-21 01:38:04,67.37,1.5,0.1,67.45,67.5,0,0,1.5,0.09999999999999999,67.42242593001922,67.47491673983768,5.5945658560735215e-05,9.27746866799435e-05
FDBH18,2023-07-21 01:38:08,67.47,1.5,0.1,67.53166666666668,67.59,0,0,1.5,0.09999999999999999,67.52242593001921,67.57491673983768,5.5945658560735215e-05,9.27746866799435e-05
FDBH18,2023-07-21 01:38:12,67.54,1.5,0.1,67.62666666666668,67.68,0,0,1.5,0.09999999999999999,67.58917349129945,67.64491673983768,6.0810597784014416e-05,9.27746866799435e-05
FDBH18,2023-07-21 01:38:16,67.64,1.5,0.1,67.70833333333333,67.76,0,0,1.5,0.09999999999999999,67.68917349129944,67.74491673983768,6.0810597784014416e-05,9.27746866799435e-05
FDBH18,2023-07-21 01:38:20,67.72,1.5,0.1,67.78666666666668,67.84,0,0,1.5,0.09999999999999999,67.76917349129944,67.82491673983768,6.0810597784014416e-05,9.27746866799435e-05
FDBH18,2023-07-21 01:38:24,67.79,1.5,0.1,67.87333333333335,67.93,0,0,1.5,0.09999999999999999,67.83917349129945,67.89491673983768,6.0810597784014416e-05,9.27746866799435e-05
FDBH18,2023-07-21 01:38:28,67.89,1.5,0.1,67.96333333333334,68.01,0,0,1.5,0.09999999999999999,67.9400969500553,67.99491673983768,6.0810597784014416e-05,9.27746866799435e-05
FDBH18,2023-07-21 01:38:32,67.98,1.5,0.1,68.04666666666667,68.1,0,0,1.5,0.09999999999999999,68.02917349129945,68.08491673983768,6.0810597784014416e-05,9.27746866799435e-05
FDBH18,2023-07-21 01:38:36,68.04,1.5,0.1,68.12833333333334,68.18,0,0,1.5,0.09999999999999999,68.08917349129945,68.14491673983768,6.0810597784014416e-05,9.27746866799435e-05
FDBH18,2023-07-21 01:38:39,68.11,1.5,0.1,68.19666666666667,68.26,0,0,1.5,0.09999999999999999,68.15917349129944,68.21491673983768,6.0810597784014416e-05,9.27746866799435e-05
FDBH18,2023-07-21 01:38:43,68.21,1.5,0.1,68.28666666666668,68.34,0,0,1.5,0.09999999999999999,68.2600969500553,68.31491673983767,6.0810597784014416e-05,9.27746866799435e-05
FDBH18,2023-07-21 01:38:47,68.3,1.5,0.1,68.36166666666666,68.41,0,0,1.5,0.09999999999999999,68.34917349129944,68.40491673983767,6.0810597784014416e-05,9.27746866799435e-05
FDBH18,2023-07-21 01:38:51,68.36,1.5,0.1,68.45333333333333,68.52,0,0,1.5,0.09999999999999999,68.40917349129944,68.46491673983768,6.0810597784014416e-05,9.27746866799435e-05
FDBH18,2023-07-21 01:38:55,68.46,1.5,0.1,68.545,68.6,0,0,1.5,0.09999999999999999,68.50917349129944,68.56491673983767,6.0810597784014416e-05,9.27746866799435e-05
FDBH18,2023-07-21 01:38:59,68.56,1.5,0.1,68.64333333333333,68.71,0,0,1.5,0.09999999999999999,68.60917349129944,68.66491673983768,6.0810597784014416e-05,9.27746866799435e-05
FDBH18,2023-07-21 01:39:03,68.64,1.5,0.1,68.74166666666666,68.8,0,0,1.5,0.09999999999999999,68.68917349129944,68.74491673983768,6.0810597784014416e-05,9.27746866799435e-05
FDBH18,2023-07-21 01:39:07,68.76,1.5,0.1,68.83666666666666,68.9,0,0,1.5,0.09999999999999999,68.81242593001922,68.86491673983768,6.0810597784014416e-05,9.27746866799435e-05
FDBH18,2023-07-21 01:39:11,68.85,1.5,0.1,68.94,69.01,0,0,1.5,0.09999999999999999,68.9024259300192,68.95491673983767,5.5945658560735215e-05,9.27746866799435e-05
FDBH18,2023-07-21 01:39:15,68.94,1.5,0.1,69.04833333333333,69.11,0,0,1.5,0.09999999999999999,68.99242593001921,69.04491673983767,5.5945658560735215e-05,9.27746866799435e-05
FDBH18,2023-07-21 01:39:19,69.07,1.5,0.1,69.16666666666667,69.25,0,0,1.5,0.09999999999999999,69.1224259300192,69.17491673983767,5.5945658560735215e-05,9.27746866799435e-05
FDBH18,2023-07-21 01:39:23,69.17,1.5,0.1,69.29,69.36,0,0,1.5,0.09999999999999999,69.22242593001921,69.29238900233517,5.5945658560735215e-05,9.27746866799435e-05
FDBH18,2023-07-21 01:39:26,69.28,1.5,0.1,69.36666666666666,69.44,0,0,1.5,0.09999999999999999,69.34178564087169,69.40238900233517,5.992739168983666e-05,9.27746866799435e-05
FDBH18,2023-07-21 01:39:30,69.37,1.5,0.1,69.46166666666667,69.51,0,0,1.5,0.09999999999999999,69.44383455018674,69.49238900233517,5.992739168983666e-05,9.27746866799435e-05
FDBH18,2023-07-21 01:39:34,69.48,1.5,0.1,69.54666666666668,69.6,0,0,1.5,0.09999999999999999,69.55040066391776,69.61186875272327,5.992739168983666e-05,9.27746866799435e-05
FDBH18,2023-07-21 01:39:38,69.55,1.5,0.1,69.63000000000001,69.68,0,0,1.5,0.09999999999999999,69.62383455018673,69.67238900233517,5.992739168983666e-05,9.27746866799435e-05
FDBH18,2023-07-21 01:39:42,69.64,1.5,0.1,69.71,69.77,0,0,1.5,0.09999999999999999,69.70178564087169,69.76238900233517,5.992739168983666e-05,9.27746866799435e-05
FDBH18,2023-07-21 01:39:46,69.73,1.5,0.1,69.79,69.83,0,0,1.5,0.09999999999999999,69.78242593001922,69.83491673983768,5.5945658560735215e-05,9.27746866799435e-05
FDBH18,2023-07-21 01:39:50,69.79,1.5,0.1,69.86166666666666,69.91,0,0,1.5,0.09999999999999999,69.84242593001922,69.89491673983768,5.5945658560735215e-05,9.27746866799435e-05
FDBH18,2023-07-21 01:39:54,69.87,1.5,0.1,69.92,69.95,0,0,1.5,0.09999999999999999,69.91917349129945,69.97491673983768,6.0810597784014416e-05,9.27746866799435e-05
FDBH18,2023-07-21 01:39:58,69.93,1.5,0.1,69.97833333333334,70.01,0,0,1.5,0.09999999999999999,69.98699263162005,70.04453050497699,5.005648628690375e-05,9.27746866799435e-05
FDBH18,2023-07-21 01:40:02,69.99,1.5,0.1,70.02,70.05,0,0,1.5,0.09999999999999999,70.03749414808291,70.0822394260347,5.005648628690375e-05,9.27746866799435e-05
FDBH18,2023-07-21 01:40:06,70.03,1.5,0.1,70.065,70.09,0,0,1.5,0.09999999999999999,70.07749414808292,70.12223942603471,4.8226295509580173e-05,9.27746866799435e-05
FDBH18,2023-07-21 01:40:10,70.07,1.5,0.1,70.12,70.17,0,0,1.5,0.09999999999999999,70.09843354119805,70.12217142603471,4.8226295509580173e-05,9.27746866799435e-05
FDBH18,2023-07-21 01:40:13,70.11,1.5,0.1,70.16833333333334,70.21,0,0,1.5,0.09999999999999999,70.13843354119805,70.16217142603472,4.8226295509580173e-05,9.27746866799435e-05
FDBH18,2023-07-21 01:40:17,70.17,1.5,0.1,47.04999999999999,70.27,0,0,1.5,0.09999999999999999,70.1978486815345,70.22217142603472,4.8226295509580173e-05,9.27746866799435e-05
FDBH18,2023-07-21 01:40:21,0.7,1.5,0.1,58.690000000000005,70.31,0,0,1.5,0.09999999999999999,0.0577709409385474,0.38940134463403187,0.000754596179640518,0.00011227401942819733
FDBH18,2023-07-21 01:40:25,70.29,1.5,0.1,70.32166666666667,70.34,0,0,1.5,0.09999999999999999,69.97283650019655,70.2072406367488,0.00043452129187418676,0.00011227401942819733
FDBH18,2023-07-21 01:40:29,70.32,1.5,0.1,70.36166666666666,70.39,0,0,1.5,0.09999999999999999,70.01026570074175,70.23724063674878,0.0004736256451160598,0.0001070261574669556
FDBH18,2023-07-21 01:40:33,70.37,1.5,0.1,70.39166666666665,70.41,0,0,1.5,0.09999999999999999,70.18404764368,70.33326532300879,0.0004615348401371966,0.0001070261574669556
FDBH18,2023-07-21 01:40:37,70.41,1.5,0.1,70.38166666666667,70.41,0,0,1.5,0.09999999999999999,70.52132366298238,70.7776422555166,0.00042978156218969384,0.00011184038089232893
FDBH18,2023-07-21 01:40:41,70.37,1.5,0.1,70.355,70.37,0,0,1.5,0.09999999999999999,70.76827305422775,70.9281170238659,0.00042978156218969384,0.00011184038089232893
FDBH18,2023-07-21 01:40:45,70.36,1.5,0.1,70.34666666666668,70.36,0,0,1.5,0.09999999999999999,70.72077552364088,70.8762070452801,0.00042978156218969384,0.00011184038089232893
FDBH18,2023-07-21 01:40:49,70.34,1.5,0.1,70.35666666666667,70.38,0,0,1.5,0.09999999999999999,70.69816542285614,70.8562070452801,0.00042978156218969384,0.00011184038089232893
FDBH18,2023-07-21 01:40:53,70.35,1.5,0.1,70.375,70.38,0,0,1.5,0.09999999999999999,70.35094231893677,70.35969615135815,5.237203501518673e-05,9.27746866799435e-05
FDBH18,2023-07-21 01:40:57,70.38,1.5,0.1,70.38833333333332,70.4,0,0,1.5,0.09999999999999999,70.38013745393978,70.38373356692448,5.237203501518673e-05,9.27746866799435e-05
FDBH18,2023-07-21 01:41:01,70.39,1.5,0.1,70.41,70.43,0,0,1.5,0.09999999999999999,70.38922834833978,70.39252181967831,5.237203501518673e-05,9.27746866799435e-05
FDBH18,2023-07-21 01:41:04,70.41,1.5,0.1,70.42166666666667,70.43,0,0,1.5,0.09999999999999999,70.41013745393978,70.41354445381981,5.237203501518673e-05,9.27746866799435e-05
FDBH18,2023-07-21 01:41:08,70.43,1.5,0.1,70.40333333333332,70.42,0,0,1.5,0.09999999999999999,70.43290391147421,70.44250622008724,5.237203501518673e-05,9.27746866799435e-05
FDBH18,2023-07-21 01:41:12,70.4,1.5,0.1,70.38000000000001,70.39,0,0,1.5,0.09999999999999999,70.40611305907784,70.41411735818818,5.237203501518673e-05,9.27746866799435e-05
FDBH18,2023-07-21 01:41:16,70.39,1.5,0.1,70.37166666666667,70.38,0,0,1.5,0.09999999999999999,70.3939115204359,70.40407267106453,5.237203501518673e-05,9.27746866799435e-05
FDBH18,2023-07-21 01:41:20,70.37,1.5,0.1,70.375,70.39,0,0,1.5,0.09999999999999999,70.37094231893678,70.37931192921324,5.237203501518673e-05,9.27746866799435e-05
FDBH18,2023-07-21 01:41:24,70.38,1.5,0.1,70.38666666666666,70.4,0,0,1.5,0.09999999999999999,70.38015617319317,70.3825218196783,5.237203501518673e-05,9.27746866799435e-05
FDBH18,2023-07-21 01:41:28,70.38,1.5,0.1,70.39833333333333,70.41,0,0,1.5,0.09999999999999999,70.37665364743387,70.38066368639029,5.237203501518673e-05,9.27746866799435e-05
FDBH18,2023-07-21 01:41:32,70.4,1.5,0.1,70.39833333333333,70.41,0,0,1.5,0.09999999999999999,70.39665364743388,70.4006636863903,5.237203501518673e-05,9.27746866799435e-05
FDBH18,2023-07-21 01:41:36,70.4,1.5,0.1,70.38666666666667,70.4,0,0,1.5,0.09999999999999999,70.40015617319318,70.40247850096864,5.237203501518673e-05,9.27746866799435e-05
FDBH18,2023-07-21 01:41:40,70.38,1.5,0.1,70.35666666666668,70.37,0,0,1.5,0.09999999999999999,70.38094231893677,70.3838868260122,5.237203501518673e-05,9.27746866799435e-05
FDBH18,2023-07-21 01:41:44,70.36,1.5,0.1,70.34166666666668,70.36,0,0,1.5,0.09999999999999999,70.36013745393979,70.36448083092883,5.237203501518673e-05,9.27746866799435e-05
FDBH18,2023-07-21 01:41:48,70.33,1.5,0.1,70.33666666666666,70.36,0,0,1.5,0.09999999999999999,70.329059216685,70.33106900521909,5.237203501518673e-05,9.27746866799435e-05
FDBH18,2023-07-21 01:41:51,70.34,1.5,0.1,70.32499999999999,70.34,0,0,1.5,0.09999999999999999,70.33677092038275,70.33991383504437,5.237203501518673e-05,9.27746866799435e-05
FDBH18,2023-07-21 01:41:55,70.32,1.5,0.1,70.32833333333333,70.34,0,0,1.5,0.09999999999999999,70.31439207351646,70.32159411107376,5.237203501518673e-05,9.27746866799435e-05
FDBH18,2023-07-21 01:41:59,70.33,1.5,0.1,70.335,70.35,0,0,1.5,0.09999999999999999,70.32439207351646,70.33159411107377,5.237203501518673e-05,9.27746866799435e-05
FDBH18,2023-07-21 01:42:03,70.35,1.5,0.1,70.31666666666668,70.34,0,0,1.5,0.09999999999999999,70.34439207351646,70.35159411107377,5.237203501518673e-05,9.27746866799435e-05
FDBH18,2023-07-21 01:42:07,70.3,1.5,0.1,70.29333333333334,70.3,0,0,1.5,0.09999999999999999,70.29677092038274,70.2998173448901,5.237203501518673e-05,9.27746866799435e-05
FDBH18,2023-07-21 01:42:11,70.29,1.5,0.1,70.28166666666665,70.29,0,0,1.5,0.09999999999999999,70.28677092038275,70.28983267284578,5.237203501518673e-05,9.27746866799435e-05
FDBH18,2023-07-21 01:42:15,70.29,1.5,0.1,70.27499999999999,70.28,0,0,1.5,0.09999999999999999,70.28677092038275,70.28962823178544,5.237203501518673e-05,9.27746866799435e-05
FDBH18,2023-07-21 01:42:19,70.27,1.5,0.1,70.27666666666666,70.28,0,0,1.5,0.09999999999999999,70.26546252705317,70.27015877978856,5.237203501518673e-05,9.27746866799435e-05
FDBH18,2023-07-21 01:42:23,70.28,1.5,0.1,70.28500000000001,70.3,0,0,1.5,0.09999999999999999,70.27546252705318,70.28015877978856,5.237203501518673e-05,9.27746866799435e-05
FDBH18,2023-07-21 01:42:27,70.27,1.5,0.1,70.30166666666666,70.31,0,0,1.5,0.09999999999999999,70.26546252705317,70.27015877978856,5.237203501518673e-05,9.27746866799435e-05
FDBH18,2023-07-21 01:42:31,70.31,1.5,0.1,70.305,70.31,0,0,1.5,0.09999999999999999,70.30665364743388,70.30991383504437,5.237203501518673e-05,9.27746866799435e-05
FDBH18,2023-07-21 01:42:35,70.3,1.5,0.1,70.31333333333333,70.32,0,0,1.5,0.09999999999999999,70.30013745393978,70.301501728981,5.237203501518673e-05,9.27746866799435e-05
FDBH18,2023-07-21 01:42:39,70.31,1.5,0.1,70.33166666666666,70.35,0,0,1.5,0.09999999999999999,70.31094231893678,70.31810257863,5.237203501518673e-05,9.27746866799435e-05
FDBH18,2023-07-21 01:42:42,70.33,1.5,0.1,70.34833333333334,70.36,0,0,1.5,0.09999999999999999,70.33094231893678,70.339857366667,5.237203501518673e-05,9.27746866799435e-05
FDBH18,2023-07-21 01:42:46,70.34,1.5,0.1,70.365,70.38,0,0,1.5,0.09999999999999999,70.34391152043591,70.3536076519443,5.237203501518673e-05,9.27746866799435e-05
FDBH18,2023-07-21 01:42:50,70.37,1.5,0.1,70.38499999999999,70.4,0,0,1.5,0.09999999999999999,70.37611305907784,70.38411735818818,5.237203501518673e-05,9.27746866799435e-05
FDBH18,2023-07-21 01:42:54,70.39,1.5,0.1,70.41000000000001,70.43,0,0,1.5,0.09999999999999999,70.39741748269813,70.40372564429482,5.237203501518673e-05,9.27746866799435e-05
FDBH18,2023-07-21 01:42:58,70.41,1.5,0.1,70.43166666666667,70.45,0,0,1.5,0.09999999999999999,70.42023679141427,70.4329367544095,5.237203501518673e-05,9.27746866799435e-05
FDBH18,2023-07-21 01:43:02,70.43,1.5,0.1,70.45166666666665,70.46,0,0,1.5,0.09999999999999999,70.44067753442096,70.4529367544095,5.237203501518673e-05,9.27746866799435e-05
FDBH18,2023-07-21 01:43:06,70.44,1.5,0.1,70.47166666666668,70.49,0,0,1.5,0.09999999999999999,70.45067753442095,70.4640287544095,5.237203501518673e-05,9.27746866799435e-05
FDBH18,2023-07-21 01:43:10,70.48,1.5,0.1,70.49499999999999,70.51,0,0,1.5,0.09999999999999999,70.49067753442095,70.5040287544095,5.237203501518673e-05,9.27746866799435e-05
FDBH18,2023-07-21 01:43:14,70.51,1.5,0.1,70.50666666666666,70.52,0,0,1.5,0.09999999999999999,70.52381425642199,70.5362912344095,5.237203501518673e-05,9.27746866799435e-05
FDBH18,2023-07-21 01:43:18,70.5,1.5,0.1,70.51833333333333,70.53,0,0,1.5,0.09999999999999999,70.51067753442095,70.5240287544095,5.237203501518673e-05,9.27746866799435e-05
FDBH18,2023-07-21 01:43:22,70.53,1.5,0.1,70.53500000000001,70.56,0,0,1.5,0.09999999999999999,70.54067753442095,70.5540287544095,5.237203501518673e-05,9.27746866799435e-05
FDBH18,2023-07-21 01:43:26,70.54,1.5,0.1,70.53666666666668,70.56,0,0,1.5,0.09999999999999999,70.55023679141428,70.5629367544095,5.237203501518673e-05,9.27746866799435e-05
FDBH18,2023-07-21 01:43:29,70.53,1.5,0.1,70.52999999999999,70.54,0,0,1.5,0.09999999999999999,70.54023679141427,70.5529367544095,5.237203501518673e-05,9.27746866799435e-05
FDBH18,2023-07-21 01:43:33,70.52,1.5,0.1,70.535,70.55,0,0,1.5,0.09999999999999999,70.52611305907783,70.53372564429482,5.237203501518673e-05,9.27746866799435e-05
FDBH18,2023-07-21 01:43:37,70.55,1.5,0.1,70.54666666666667,70.56,0,0,1.5,0.09999999999999999,70.5539115204359,70.56407267106452,5.237203501518673e-05,9.27746866799435e-05
FDBH18,2023-07-21 01:43:41,70.55,1.5,0.1,70.56,70.57,0,0,1.5,0.09999999999999999,70.55094231893678,70.55700451069147,5.237203501518673e-05,9.27746866799435e-05
FDBH18,2023-07-21 01:43:45,70.54,1.5,0.1,70.57166666666666,70.58,0,0,1.5,0.09999999999999999,70.54094231893679,70.54700451069148,5.237203501518673e-05,9.27746866799435e-05
FDBH18,2023-07-21 01:43:49,70.58,1.5,0.1,70.56833333333333,70.58,0,0,1.5,0.09999999999999999,70.58094231893678,70.58700451069147,5.237203501518673e-05,9.27746866799435e-05
FDBH18,2023-07-21 01:43:53,70.57,1.5,0.1,70.56166666666667,70.57,0,0,1.5,0.09999999999999999,70.57094231893677,70.57700451069147,5.237203501518673e-05,9.27746866799435e-05
FDBH18,2023-07-21 01:43:57,70.56,1.5,0.1,70.55833333333334,70.57,0,0,1.5,0.09999999999999999,70.56094231893678,70.56985736666701,5.237203501518673e-05,9.27746866799435e-05
FDBH18,2023-07-21 01:44:01,70.56,1.5,0.1,70.55333333333333,70.56,0,0,1.5,0.09999999999999999,70.56094231893678,70.56634885222962,5.237203501518673e-05,9.27746866799435e-05
FDBH18,2023-07-21 01:44:05,70.54,1.5,0.1,70.56166666666667,70.57,0,0,1.5,0.09999999999999999,70.5401310113708,70.5434248875476,5.237203501518673e-05,9.27746866799435e-05
FDBH18,2023-07-21 01:44:09,70.57,1.5,0.1,70.55666666666667,70.56,0,0,1.5,0.09999999999999999,70.56922834833978,70.57266249209671,5.237203501518673e-05,9.27746866799435e-05
FDBH18,2023-07-21 01:44:13,70.56,1.5,0.1,70.54833333333335,70.56,0,0,1.5,0.09999999999999999,70.55922834833979,70.56514545358594,5.237203501518673e-05,9.27746866799435e-05
FDBH18,2023-07-21 01:44:17,70.54,1.5,0.1,70.54333333333334,70.55,0,0,1.5,0.09999999999999999,70.54015617319318,70.54514545358595,5.237203501518673e-05,9.27746866799435e-05
FDBH18,2023-07-21 01:44:20,70.54,1.5,0.1,70.54,70.55,0,0,1.5,0.09999999999999999,70.54015617319318,70.54514545358595,5.237203501518673e-05,9.27746866799435e-05
FDBH18,2023-07-21 01:44:24,70.54,1.5,0.1,70.52666666666666,70.54,0,0,1.5,0.09999999999999999,70.54015617319318,70.54514545358595,5.237203501518673e-05,9.27746866799435e-05
FDBH18,2023-07-21 01:44:28,70.52,1.5,0.1,70.53166666666668,70.54,0,0,1.5,0.09999999999999999,70.51665364743387,70.52414253079262,5.237203501518673e-05,9.27746866799435e-05
FDBH18,2023-07-21 01:44:32,70.53,1.5,0.1,70.53666666666668,70.54,0,0,1.5,0.09999999999999999,70.52665364743387,70.52968120341501,5.237203501518673e-05,9.27746866799435e-05
FDBH18,2023-07-21 01:44:36,70.54,1.5,0.1,70.53333333333335,70.54,0,0,1.5,0.09999999999999999,70.53665364743388,70.53968120341501,5.237203501518673e-05,9.27746866799435e-05
FDBH18,2023-07-21 01:44:40,70.53,1.5,0.1,70.54333333333334,70.56,0,0,1.5,0.09999999999999999,70.52902790052167,70.53328732029793,5.237203501518673e-05,9.27746866799435e-05
FDBH18,2023-07-21 01:44:44,70.54,1.5,0.1,70.55666666666667,70.56,0,0,1.5,0.09999999999999999,70.53922834833979,70.54514545358595,5.237203501518673e-05,9.27746866799435e-05
FDBH18,2023-07-21 01:44:48,70.56,1.5,0.1,70.57,70.58,0,0,1.5,0.09999999999999999,70.56013745393979,70.5634248875476,5.237203501518673e-05,9.27746866799435e-05
FDBH18,2023-07-21 01:44:52,70.58,1.5,0.1,70.58833333333332,70.61,0,0,1.5,0.09999999999999999,70.58094231893678,70.58810257863,5.237203501518673e-05,9.27746866799435e-05
FDBH18,2023-07-21 01:44:56,70.59,1.5,0.1,70.60666666666667,70.62,0,0,1.5,0.09999999999999999,70.59290391147421,70.59990068537668,7.19900494029778e-05,9.27746866799435e-05
FDBH18,2023-07-21 01:45:00,70.62,1.5,0.1,70.61,70.62,0,0,1.5,0.09999999999999999,70.62391152043591,70.63407267106453,7.19900494029778e-05,9.27746866799435e-05
FDBH18,2023-07-21 01:45:04,70.6,1.5,0.1,70.60833333333333,70.61,0,0,1.5,0.09999999999999999,70.60611305907783,70.61554890907485,7.19900494029778e-05,9.27746866799435e-05
FDBH18,2023-07-21 01:45:07,70.61,1.5,0.1,70.60166666666667,70.61,0,0,1.5,0.09999999999999999,70.61611305907783,70.62554890907485,7.19900494029778e-05,9.27746866799435e-05
FDBH18,2023-07-21 01:45:11,70.59,1.5,0.1,70.61833333333333,70.64,0,0,1.5,0.09999999999999999,70.59391152043591,70.60407267106453,7.19900494029778e-05,9.27746866799435e-05
FDBH18,2023-07-21 01:45:15,70.63,1.5,0.1,70.63333333333333,70.64,0,0,1.5,0.09999999999999999,70.6329039114742,70.6419756720841,7.19900494029778e-05,9.27746866799435e-05
FDBH18,2023-07-21 01:45:19,70.64,1.5,0.1,70.62,70.64,0,0,1.5,0.09999999999999999,70.6429039114742,70.64990068537668,7.19900494029778e-05,9.27746866799435e-05
FDBH18,2023-07-21 01:45:23,70.61,1.5,0.1,70.59333333333333,70.61,0,0,1.5,0.09999999999999999,70.61094231893678,70.61700451069147,8.540424647032353e-05,9.27746866799435e-05
FDBH18,2023-07-21 01:45:27,70.6,1.5,0.1,70.56833333333334,70.59,0,0,1.5,0.09999999999999999,70.60013745393978,70.60448083092882,8.540424647032353e-05,9.27746866799435e-05
FDBH18,2023-07-21 01:45:31,70.56,1.5,0.1,70.54666666666667,70.56,0,0,1.5,0.09999999999999999,70.56015617319318,70.56252181967831,6.213095525335502e-05,9.27746866799435e-05
FDBH18,2023-07-21 01:45:35,70.55,1.5,0.1,70.54666666666667,70.55,0,0,1.5,0.09999999999999999,70.54677092038274,70.55202483181505,5.237203501518673e-05,9.27746866799435e-05
FDBH18,2023-07-21 01:45:39,70.54,1.5,0.1,70.53833333333334,70.55,0,0,1.5,0.09999999999999999,70.53439207351647,70.54051754595322,5.237203501518673e-05,9.27746866799435e-05
FDBH18,2023-07-21 01:45:44,70.53,1.5,0.1,70.53833333333334,70.54,0,0,1.5,0.09999999999999999,70.51856816683338,70.52985932287622,5.055682504897432e-05,9.27746866799435e-05
FDBH18,2023-07-21 01:45:48,70.54,1.5,0.1,70.53833333333334,70.55,0,0,1.5,0.09999999999999999,70.53214011819152,70.53995266718753,5.055682504897432e-05,9.27746866799435e-05
FDBH18,2023-07-21 01:45:52,70.54,1.5,0.1,70.54833333333333,70.56,0,0,1.5,0.09999999999999999,70.53439207351647,70.54159411107378,5.237203501518673e-05,9.27746866799435e-05
FDBH18,2023-07-21 01:45:55,70.55,1.5,0.1,70.55666666666667,70.57,0,0,1.5,0.09999999999999999,70.54677092038274,70.54983267284577,5.237203501518673e-05,9.27746866799435e-05
FDBH18,2023-07-21 01:45:59,70.56,1.5,0.1,70.57,70.58,0,0,1.5,0.09999999999999999,70.56015617319318,70.56514545358594,5.237203501518673e-05,9.27746866799435e-05
FDBH18,2023-07-21 01:46:03,70.58,1.5,0.1,70.56833333333333,70.58,0,0,1.5,0.09999999999999999,70.58094231893678,70.58735984262779,5.237203501518673e-05,9.27746866799435e-05
FDBH18,2023-07-21 01:46:07,70.56,1.5,0.1,70.565,70.57,0,0,1.5,0.09999999999999999,70.56094231893678,70.56810257863,5.237203501518673e-05,9.27746866799435e-05
FDBH18,2023-07-21 01:46:11,70.57,1.5,0.1,70.565,70.57,0,0,1.5,0.09999999999999999,70.57094231893677,70.57810257863,5.237203501518673e-05,9.27746866799435e-05
FDBH18,2023-07-21 01:46:15,70.56,1.5,0.1,70.57833333333332,70.6,0,0,1.505,0.09999999999999999,70.56071524744578,70.57580575983896,5.237203501518673e-05,9.27746866799435e-05
FDBH18,2023-07-21 01:46:19,70.58,1.5,0.1,70.63833333333334,70.69,0,0,1.5450000000000002,0.09999999999999999,70.6218095061155,70.65597648709925,5.237203501518673e-05,9.27746866799435e-05
FDBH18,2023-07-21 01:46:23,70.65,1.56,0.1,70.69333333333333,70.72,0,0,1.5466666666666669,0.09999999999999999,70.6533001322905,70.66627686433092,0.0001760275079160918,9.726106725738428e-05
FDBH18,2023-07-21 01:46:27,70.69,1.53,0.1,70.73333333333333,70.77,0,0,1.55,0.09999999999999999,70.70657791389365,70.73572942167087,0.00017657925952452202,0.00010047745842244364
FDBH18,2023-07-21 01:46:31,70.74,1.55,0.1,70.78666666666668,70.81,0,0,1.575,0.09999999999999999,70.75912005023152,70.7962639688807,0.00018532630612496208,0.00010047745842244364
FDBH18,2023-07-21 01:46:35,70.8,1.59,0.1,70.74,70.81,0,0,1.4949999999999999,0.09999999999999999,70.8299370479501,70.89354849803081,0.00017908146270202602,0.00010047745842244364
FDBH18,2023-07-21 01:46:39,70.73,1.47,0.1,70.62,70.7,0,0,1.4516666666666669,0.09999999999999999,70.74321696740215,70.75705623189386,0.0001701245287692448,0.00010047745842244364
FDBH18,2023-07-21 01:46:43,70.61,1.45,0.1,70.48666666666666,70.57,0,0,1.45,0.09999999999999999,70.61732951346771,70.63407952916101,0.00018721690812952634,8.526494805296869e-05
FDBH18,2023-07-21 01:46:46,70.5,1.45,0.1,70.39666666666666,70.46,0,0,1.4466666666666665,0.09999999999999999,70.50162782442243,70.52225155548908,0.0001772746206962625,8.526494805296869e-05
FDBH18,2023-07-21 01:46:50,70.38,1.45,0.1,70.30833333333334,70.36,0,0,1.4433333333333334,0.09999999999999999,70.39976690753788,70.407062596195,0.00017113103936447727,8.526494805296869e-05
FDBH18,2023-07-21 01:46:54,70.29,1.45,0.1,47.07,70.28,0,0,1.4466666666666665,0.09999999999999999,70.31863953387568,70.31461557601995,0.0001518912331448918,8.526494805296869e-05
FDBH18,2023-07-21 01:46:58,0.7,1.45,0.1,70.23166666666667,70.24,0,0,1.4466666666666665,0.09999999999999999,0.19448792308401097,0.5142890032193548,0.0009712895548252599,0.0001336853428596131
FDBH18,2023-07-21 01:47:02,70.23,1.44,0.1,58.64833333333333,70.26,0,0,1.4483333333333333,0.09999999999999999,69.93356459373577,70.33064553690983,0.0006574014715754851,0.0001336853428596131
FDBH18,2023-07-21 01:47:06,70.24,1.44,0.1,47.07666666666666,70.27,0,0,1.45,0.09999999999999999,69.94003567962126,70.24514914097371,0.0006206477403161158,0.00012743680995533162
FDBH18,2023-07-21 01:47:10,0.7,1.44,0.1,70.28666666666668,70.31,0,0,1.4516666666666664,0.09999999999999999,0.2769892364448792,0.48935455290278096,0.0008474198843946924,0.00011561099169225002
FDBH18,2023-07-21 01:47:14,70.29,1.47,0.1,70.31333333333333,70.33,0,0,1.4483333333333333,0.09999999999999999,70.05845921613296,70.31802087099122,0.0006344218360074525,0.00011227401942819733
FDBH18,2023-07-21 01:47:18,70.31,1.45,0.1,70.34666666666666,70.37,0,0,1.4449999999999996,0.09999999999999999,70.35332188917347,70.77220824180878,0.0006546015484909346,0.00011184038089232893
FDBH18,2023-07-21 01:47:22,70.35,1.44,0.1,70.38499999999999,70.4,0,0,1.4449999999999996,0.09999999999999999,70.51473567797636,70.96955624659532,0.0006634148742407766,0.00011184038089232893
FDBH18,2023-07-21 01:47:26,70.39,1.44,0.1,70.415,70.44,0,0,1.445,0.09999999999999999,70.61290429440339,71.07207644596828,0.0006313689977884561,0.00011184038089232893
FDBH18,2023-07-21 01:47:30,70.42,1.44,0.1,70.44999999999999,70.46,0,0,1.4449999999999996,0.09999999999999999,70.64782056895469,71.00667440377661,0.0006231632117019508,0.00011184038089232893
FDBH18,2023-07-21 01:47:33,70.45,1.45,0.1,70.45666666666666,70.46,0,0,1.4416666666666667,0.09999999999999999,70.67610107832405,70.99476442519082,0.0006167092278312094,0.00011184038089232893
FDBH18,2023-07-21 01:47:37,70.46,1.44,0.1,70.45166666666667,70.46,0,0,1.4400000000000002,0.09999999999999999,70.59371913072556,71.03685211758754,0.0006343889809771222,0.00011184038089232893
FDBH18,2023-07-21 01:47:41,70.45,1.42,0.1,70.46,70.48,0,0,1.4466666666666665,0.09999999999999999,70.46627525255677,70.49731430710796,0.00014558242114817395,9.27746866799435e-05
FDBH18,2023-07-21 01:47:45,70.45,1.45,0.1,70.48333333333333,70.5,0,0,1.4483333333333333,0.09999999999999999,70.45994398064548,70.4762275035999,0.000158876755934207,9.27746866799435e-05
FDBH18,2023-07-21 01:47:49,70.48,1.45,0.1,70.515,70.54,0,0,1.4516666666666664,0.09999999999999999,70.48863416013616,70.50337150359991,0.0001502867800407289,9.27746866799435e-05
FDBH18,2023-07-21 01:47:53,70.52,1.45,0.1,70.53166666666665,70.54,0,0,1.4483333333333333,0.09999999999999999,70.528567923476,70.5422795035999,0.0001502867800407289,9.27746866799435e-05
FDBH18,2023-07-21 01:47:57,70.53,1.45,0.1,70.52166666666666,70.53,0,0,1.4249999999999998,0.09999999999999999,70.53476595349022,70.55294551136247,0.00013879574348992866,9.467671378425733e-05
FDBH18,2023-07-21 01:48:01,70.52,1.43,0.1,70.49833333333333,70.51,0,0,1.4249999999999998,0.09999999999999999,70.5242020987464,70.53636640082128,0.0001502867800407289,0.00010296047063734275
FDBH18,2023-07-21 01:48:05,70.5,1.43,0.1,70.45833333333333,70.49,0,0,1.4216666666666666,0.09999999999999999,70.50244047643353,70.51605622683502,0.00014254401590738488,8.927257525155481e-05
FDBH18,2023-07-21 01:48:09,70.44,1.42,0.1,70.43166666666667,70.44,0,0,1.428333333333333,0.09999999999999999,70.4426878386242,70.4561404629876,0.0001580959881888125,8.927257525155481e-05
FDBH18,2023-07-21 01:48:13,70.43,1.43,0.1,70.47666666666667,70.54,0,0,1.495,0.09999999999999999,70.46076483462001,70.49968571702657,0.0001580959881888125,8.927257525155481e-05
FDBH18,2023-07-21 01:48:17,70.5,1.55,0.1,70.52833333333332,70.54,0,0,1.485,0.09999999999999999,70.49462120356111,70.51361988288723,0.00014254401590738488,8.526494805296869e-05
FDBH18,2023-07-21 01:48:21,70.52,1.45,0.1,70.50500000000001,70.53,0,0,1.4383333333333332,0.09999999999999999,70.52856572182996,70.5319415185887,0.00013879574348992866,0.00010047745842244364
FDBH18,2023-07-21 01:48:24,70.51,1.43,0.1,70.48,70.5,0,0,1.4399999999999997,0.09999999999999999,70.51743965699332,70.5219415185887,0.00013923080978325305,0.00010047745842244364
FDBH18,2023-07-21 01:48:28,70.48,1.44,0.1,70.44833333333334,70.47,0,0,1.4383333333333332,0.09999999999999999,70.48598660394894,70.50055547946171,0.00013923080978325305,0.00010047745842244364
FDBH18,2023-07-21 01:48:32,70.45,1.43,0.1,70.42833333333334,70.43,0,0,1.4399999999999997,0.09999999999999999,70.45507964059485,70.47055547946171,0.00013923080978325305,0.00010047745842244364
FDBH18,2023-07-21 01:48:36,70.43,1.44,0.1,70.44833333333334,70.47,0,0,1.4616666666666667,0.09999999999999999,70.44039310027554,70.4597087725898,0.0001502867800407289,8.526494805296869e-05
FDBH18,2023-07-21 01:48:40,70.46,1.49,0.1,70.46333333333332,70.47,0,0,1.4383333333333332,0.09999999999999999,70.46271218059758,70.47297296096957,0.00014254401590738488,8.526494805296869e-05
FDBH18,2023-07-21 01:48:44,70.47,1.43,0.1,70.45166666666667,70.46,0,0,1.4116666666666668,0.09999999999999999,70.47275865559531,70.48271910890425,0.00014254401590738488,8.526494805296869e-05
FDBH18,2023-07-21 01:48:48,70.45,1.41,0.1,70.44,70.45,0,0,1.4066666666666665,0.09999999999999999,70.44759833843864,70.46114543138832,0.000158876755934207,8.526494805296869e-05
FDBH18,2023-07-21 01:48:52,70.43,1.4,0.1,70.50166666666667,70.6,0,0,1.4783333333333333,0.09999999999999999,70.46068152558867,70.49526930816928,0.00022111043148366746,8.526494805296869e-05
FDBH18,2023-07-21 01:48:56,70.51,1.49,0.1,70.65833333333332,70.76,0,0,1.5783333333333334,0.09999999999999999,70.54198577850389,70.55923554110049,0.0002319240630439474,8.526494805296869e-05
FDBH18,2023-07-21 01:49:00,70.68,1.59,0.1,70.81,70.89,0,0,1.5966666666666667,0.09999999999999999,70.72983911341063,70.75047668218173,0.00018772748581286986,0.00010047745842244364
FDBH18,2023-07-21 01:49:04,70.83,1.6,0.1,70.94666666666667,71.05,0,0,1.625,0.09999999999999999,70.9550655382765,71.00251371387121,0.00020472198626561426,0.00010047745842244364
FDBH18,2023-07-21 01:49:08,70.96,1.62,0.1,71.12833333333333,71.26,0,0,1.7416666666666665,0.09999999999999999,71.28124187657554,71.38677469785777,0.0004106369438293107,0.00010047745842244364
FDBH18,2023-07-21 01:49:11,71.1,1.76,0.1,71.27333333333333,71.37,0,0,1.7866666666666668,0.09999999999999999,71.25275850451833,71.33998428480923,0.0002126661664970396,0.00010047745842244364
FDBH18,2023-07-21 01:49:15,71.31,1.79,0.1,71.39166666666667,71.44,0,0,1.7966666666666669,0.09999999999999999,71.44264530517422,71.51512746280912,0.00024269726131077393,0.00010047745842244364
FDBH18,2023-07-21 01:49:19,71.4,1.79,0.1,71.50166666666667,71.59,0,0,1.8033333333333335,0.09999999999999999,71.55426505707256,71.63695576934322,0.00024269726131077393,0.00010047745842244364
FDBH18,2023-07-21 01:49:23,71.52,1.8,0.1,71.63666666666667,71.7,0,0,1.8383333333333332,0.09999999999999999,71.70831061181636,71.83105873859326,0.00024269726131077393,0.00010047745842244364
FDBH18,2023-07-21 01:49:27,71.66,1.8,0.1,71.765,71.89,0,0,2.001666666666667,0.09999999999999999,72.01651496659204,72.14554542811481,0.0004427604491657312,0.00010047745842244364
FDBH18,2023-07-21 01:49:31,71.77,2.01,0.1,72.01333333333334,72.21,0,0,2.1833333333333336,0.09999999999999999,72.1417833145874,72.2496324156798,0.0007016917776172623,0.00010047745842244364
FDBH18,2023-07-21 01:49:35,72.06,2.22,0.1,72.32166666666667,72.5,0,0,2.2433333333333336,0.09999999999999999,72.20497292570174,72.29792118840813,0.00038467439673997984,0.00010047745842244364
FDBH18,2023-07-21 01:49:39,72.37,2.21,0.1,72.59666666666666,72.77,0,0,2.35,0.09999999999999999,72.7420512447584,72.84020900422428,0.0006480748849321292,0.00010047745842244364
FDBH18,2023-07-21 01:49:43,72.62,2.37,0.1,72.88166666666667,73.06,0,0,2.46,0.09999999999999999,72.92516166169379,73.15102939454033,0.0004411964421949539,0.00010047745842244364
FDBH18,2023-07-21 01:49:47,72.92,2.47,0.1,73.18499999999999,73.39,0,0,2.5816666666666666,0.09999999999999999,73.26458127033074,73.61287467338107,0.00040072392500861443,0.0001207836560651509
FDBH18,2023-07-21 01:49:51,73.22,2.6,0.1,73.53,73.76,0,0,2.7100000000000004,0.09999999999999999,73.56438687602947,73.90218363136184,0.0004910831859740104,0.0001207836560651509
FDBH18,2023-07-21 01:49:55,73.57,2.72,0.1,73.89333333333333,74.11,0,0,2.7900000000000005,0.09999999999999999,73.79040941409536,73.9865825071911,0.00046819172667471646,0.0001207836560651509
FDBH18,2023-07-21 01:49:58,73.85,2.8,0.1,74.12833333333334,74.29,0,0,2.7983333333333333,0.09999999999999999,73.96160518039285,74.11111318230192,0.00046889036528927877,0.00013119387678189304
FDBH18,2023-07-21 01:50:02,74.17,2.8,0.1,74.33333333333333,74.42,0,0,2.8033333333333332,0.09999999999999999,74.30094306950755,74.4284769016603,0.0004804632460654141,0.00013119387678189304
FDBH18,2023-07-21 01:50:06,74.35,2.79,0.1,74.48666666666666,74.6,0,0,2.8783333333333334,0.09999999999999999,74.66461521533036,74.91874633438559,0.0005039543984755194,0.00013841800250432356
FDBH18,2023-07-21 01:50:10,74.5,2.89,0.1,74.675,74.79,0,0,2.975,0.09999999999999999,74.77505757031616,75.03371752486909,0.0004918159665592067,0.00013841800250432356
FDBH18,2023-07-21 01:50:14,74.71,3.0,0.1,74.835,74.91,0,0,3.0,0.09999999999999999,74.77527197882813,74.89498317751493,0.000342100978033355,0.00011755046162751095
FDBH18,2023-07-21 01:50:18,74.85,3.0,0.1,74.94166666666666,74.99,0,0,2.9983333333333335,0.09999999999999999,74.91554804781693,75.03901082182048,0.000342100978033355,0.00011755046162751095
FDBH18,2023-07-21 01:50:22,74.95,3.0,0.1,75.00833333333334,75.04,0,0,2.9983333333333335,0.09999999999999999,75.00937278229819,75.1068830322969,0.0002933443416980625,0.00011850685560805975
FDBH18,2023-07-21 01:50:26,75.02,3.0,0.1,75.05166666666666,75.08,0,0,2.9983333333333335,0.09999999999999999,75.07316139030476,75.16127325121424,0.0003397472467401286,0.00011850685560805975
FDBH18,2023-07-21 01:50:30,75.05,3.0,0.1,75.08666666666666,75.1,0,0,2.9949999999999997,0.09999999999999999,75.11834543832416,75.18196092809774,0.0003167250339483487,0.00011850685560805975
FDBH18,2023-07-21 01:50:34,75.09,3.0,0.1,75.11333333333333,75.13,0,0,2.991666666666667,0.09999999999999999,75.14329191147317,75.20920861526393,0.00031622819594935906,0.00011850685560805975
FDBH18,2023-07-21 01:50:38,75.12,2.99,0.1,75.13166666666666,75.14,0,0,2.9983333333333335,0.09999999999999999,75.16274014228662,75.1993682388427,0.0003172660239885006,0.00012073514484834743
FDBH18,2023-07-21 01:50:42,75.13,3.0,0.1,75.13166666666666,75.14,0,0,3.0,0.09999999999999999,75.15011174563621,75.18605150422466,0.00026057580769059386,0.00011100636495210822
FDBH18,2023-07-21 01:50:46,75.13,3.0,0.1,75.11666666666667,75.13,0,0,3.0,0.09999999999999999,75.14827332774892,75.16989474654619,0.00026057580769059386,0.00011100636495210822
FDBH18,2023-07-21 01:50:49,75.12,3.0,0.1,75.09666666666666,75.11,0,0,3.0,0.09999999999999999,75.1341424780227,75.14793726277755,0.00026057580769059386,0.00011100636495210822
FDBH18,2023-07-21 01:50:53,75.09,3.0,0.1,75.08,75.09,0,0,2.9983333333333335,0.09999999999999999,75.0963685898705,75.11102934178986,0.0002829708576218952,0.00011100636495210822
FDBH18,2023-07-21 01:50:57,75.08,3.0,0.1,75.07333333333332,75.08,0,0,2.9983333333333335,0.09999999999999999,75.07995923163517,75.0863847324971,0.0002637088560485607,0.0001330307587913767
FDBH18,2023-07-21 01:51:01,75.07,3.0,0.1,75.08166666666666,75.09,0,0,2.9983333333333335,0.09999999999999999,75.06163183619063,75.06677136656077,0.0002637088560485607,0.0001330307587913767
FDBH18,2023-07-21 01:51:05,75.08,3.0,0.1,75.09666666666668,75.1,0,0,3.0,0.09999999999999999,75.06959368303808,75.07633924338046,0.0002637088560485607,0.0001330307587913767
FDBH18,2023-07-21 01:51:09,75.1,3.0,0.1,75.11333333333333,75.13,0,0,3.0,0.09999999999999999,75.09171825093232,75.09601403513186,0.0002637088560485607,0.0001330307587913767
FDBH18,2023-07-21 01:51:13,75.12,3.0,0.1,75.12666666666667,75.13,0,0,2.9983333333333335,0.09999999999999999,75.11437726723457,75.11785606554551,0.0002637088560485607,0.0001330307587913767
FDBH18,2023-07-21 01:51:17,75.12,3.0,0.1,75.13666666666666,75.14,0,0,2.9983333333333335,0.09999999999999999,75.11995923163518,75.12219973032869,0.0002637088560485607,0.0001330307587913767
FDBH18,2023-07-21 01:51:21,75.14,3.0,0.1,75.14333333333333,75.15,0,0,2.9949999999999997,0.09999999999999999,75.14213249226454,75.14796359833774,0.0002637088560485607,0.0001330307587913767
FDBH18,2023-07-21 01:51:25,75.14,2.99,0.1,75.14333333333333,75.15,0,0,2.9966666666666666,0.09999999999999999,75.14391456837716,75.14906334300905,0.0002637088560485607,0.0001330307587913767
FDBH18,2023-07-21 01:51:29,75.15,3.0,0.1,75.135,75.14,0,0,2.9983333333333335,0.09999999999999999,75.15409551203864,75.1593030659533,0.0002637088560485607,0.0001330307587913767
FDBH18,2023-07-21 01:51:33,75.13,2.99,0.1,75.12166666666667,75.13,0,0,2.9983333333333335,0.09999999999999999,75.131859292944,75.13984557396644,0.0002637088560485607,0.0001330307587913767
FDBH18,2023-07-21 01:51:36,75.12,3.0,0.1,75.10333333333334,75.12,0,0,2.9983333333333335,0.09999999999999999,75.11976572866966,75.12653636930152,0.0002637088560485607,0.0001330307587913767
FDBH18,2023-07-21 01:51:40,75.1,3.0,0.1,75.06500000000001,75.09,0,0,3.0,0.09999999999999999,75.0990778674975,75.10124921205856,0.0002637088560485607,0.0001330307587913767
FDBH18,2023-07-21 01:51:44,75.06,3.0,0.1,75.02333333333333,75.05,0,0,3.0,0.09999999999999999,75.05348272726066,75.05646282760225,0.0002637088560485607,0.0001330307587913767
FDBH18,2023-07-21 01:51:48,75.01,3.0,0.1,75.00166666666667,75.01,0,0,3.0,0.09999999999999999,74.99741585352686,75.00461102895487,0.0002637088560485607,0.000123044729763412
FDBH18,2023-07-21 01:51:52,75.0,3.0,0.1,75.00666666666666,75.02,0,0,3.0,0.09999999999999999,74.9811827126905,74.99136457220659,0.0002637088560485607,0.00011100636495210822
FDBH18,2023-07-21 01:51:56,75.01,3.0,0.1,75.00833333333334,75.02,0,0,2.9983333333333335,0.09999999999999999,74.99070951346008,75.00084515354416,0.0002637088560485607,0.00011100636495210822
FDBH18,2023-07-21 01:52:00,75.01,3.0,0.1,74.95833333333333,75.0,0,0,2.9966666666666666,0.09999999999999999,74.9911827126905,75.00184721390622,0.0002637088560485607,0.00011100636495210822
FDBH18,2023-07-21 01:52:04,74.95,3.0,0.1,74.87499999999999,74.93,0,0,2.9966666666666666,0.09999999999999999,74.9311827126905,74.94184721390621,0.0002637088560485607,0.00011100636495210822
FDBH18,2023-07-21 01:52:08,74.86,3.0,0.1,74.80666666666667,74.84,0,0,3.0,0.09999999999999999,74.84103533755452,74.8528031440235,0.00027149519586227726,0.00011100636495210822
FDBH18,2023-07-21 01:52:12,74.8,3.0,0.1,74.75666666666667,74.79,0,0,3.0,0.09999999999999999,74.77856213832408,74.79084515354415,0.0002428378807416287,0.00011100636495210822
FDBH18,2023-07-21 01:52:16,74.75,3.0,0.1,74.72500000000001,74.74,0,0,3.0,0.09999999999999999,74.71735029608864,74.7401183475595,0.0002428378807416287,0.00011100636495210822
FDBH18,2023-07-21 01:52:20,74.72,3.0,0.1,74.71666666666667,74.72,0,0,3.0,0.09999999999999999,74.68749767122463,74.70964242352088,0.0002428378807416287,0.00011100636495210822
FDBH18,2023-07-21 01:52:24,74.72,3.0,0.1,74.72166666666668,74.73,0,0,2.9966666666666666,0.09999999999999999,74.6827897810563,74.70964242352088,0.0002428378807416287,0.00011100636495210822
FDBH18,2023-07-21 01:52:27,74.72,2.99,0.1,74.72666666666667,74.73,0,0,2.9966666666666666,0.09999999999999999,74.68801165564012,74.70964242352088,0.0002428378807416287,0.00011100636495210822
FDBH18,2023-07-21 01:52:31,74.73,3.0,0.1,74.73,74.74,0,0,2.9983333333333335,0.09999999999999999,74.70416446408865,74.72090702632437,0.0002428378807416287,0.00011100636495210822
FDBH18,2023-07-21 01:52:35,74.73,3.0,0.1,74.74499999999999,74.75,0,0,2.9983333333333335,0.09999999999999999,74.71103533755452,74.72333590575316,0.0002637088560485607,0.00011100636495210822
FDBH18,2023-07-21 01:52:39,74.75,3.0,0.1,74.76333333333332,74.78,0,0,3.0,0.09999999999999999,74.74171825093232,74.74916509288931,0.0002637088560485607,0.0001330307587913767
FDBH18,2023-07-21 01:52:43,74.77,3.0,0.1,74.78500000000001,74.8,0,0,3.0,0.09999999999999999,74.76911755275805,74.77276388938186,0.0002637088560485607,0.0001330307587913767
FDBH18,2023-07-21 01:52:47,74.79,3.0,0.1,74.80333333333333,74.81,0,0,3.0,0.09999999999999999,74.79328747636224,74.79951058687547,0.0002637088560485607,0.0001330307587913767
FDBH18,2023-07-21 01:52:51,74.81,3.0,0.1,74.81833333333333,74.83,0,0,3.0,0.09999999999999999,74.81428901500415,74.81946932804257,0.0002637088560485607,0.0001330307587913767
FDBH18,2023-07-21 01:52:55,74.82,3.0,0.1,74.82333333333332,74.83,0,0,2.9983333333333335,0.09999999999999999,74.82630235321034,74.84072602055471,0.0002637088560485607,0.000123044729763412
FDBH18,2023-07-21 01:52:59,74.82,3.0,0.1,74.82499999999999,74.83,0,0,2.9949999999999997,0.09999999999999999,74.82898714715726,74.84072602055471,0.0002637088560485607,0.000123044729763412
FDBH18,2023-07-21 01:53:03,74.83,3.0,0.1,74.82,74.82,0,0,2.9949999999999997,0.09999999999999999,74.83883977202127,74.85072602055472,0.0002637088560485607,0.000123044729763412
FDBH18,2023-07-21 01:53:07,74.82,3.0,0.1,74.81833333333333,74.82,0,0,2.9949999999999997,0.09999999999999999,74.82414163986815,74.8302959440859,0.0002637088560485607,0.0001330307587913767
FDBH18,2023-07-21 01:53:11,74.82,3.0,0.1,74.80833333333334,74.82,0,0,2.9983333333333335,0.09999999999999999,74.82213249226453,74.82866792317243,0.00030440953928057035,0.0001330307587913767
FDBH18,2023-07-21 01:53:14,74.81,3.0,0.1,74.79833333333335,74.81,0,0,3.0,0.09999999999999999,74.80981185649918,74.81573790759296,0.00032664345650289397,0.0001330307587913767
FDBH18,2023-07-21 01:53:18,74.8,3.0,0.1,74.79333333333334,74.8,0,0,3.0,0.09999999999999999,74.79766567452704,74.80195846877618,0.0002829708576218952,0.0001330307587913767
FDBH18,2023-07-21 01:53:22,74.79,3.0,0.1,74.80499999999999,74.81,0,0,2.9966666666666666,0.09999999999999999,74.78445062445242,74.78769560902136,0.0002829708576218952,0.0001330307587913767
FDBH18,2023-07-21 01:53:26,74.81,3.0,0.1,74.81833333333333,74.83,0,0,2.9983333333333335,0.09999999999999999,74.80163183619064,74.80769560902135,0.0002829708576218952,0.0001330307587913767
FDBH18,2023-07-21 01:53:30,74.82,3.0,0.1,74.84166666666665,74.86,0,0,3.0,0.09999999999999999,74.8195066145315,74.82115653017513,0.0002829708576218952,0.0001330307587913767
FDBH18,2023-07-21 01:53:34,74.85,3.0,0.1,74.85833333333333,74.86,0,0,2.9966666666666666,0.09999999999999999,74.8491548535342,74.85242211725365,0.0002637088560485607,0.0001330307587913767
FDBH18,2023-07-21 01:53:38,74.86,2.99,0.1,74.86666666666667,74.87,0,0,2.9966666666666666,0.09999999999999999,74.85973216014418,74.86907353254308,0.0002637088560485607,0.0001330307587913767
FDBH18,2023-07-21 01:53:42,74.87,3.0,0.1,74.87666666666667,74.88,0,0,2.9983333333333335,0.09999999999999999,74.87314010122624,74.88009174471817,0.0002637088560485607,0.0001330307587913767
FDBH18,2023-07-21 01:53:46,74.88,3.0,0.1,74.88499999999999,74.89,0,0,3.0,0.09999999999999999,74.88535285544386,74.88903196186517,0.0002637088560485607,0.0001330307587913767
FDBH18,2023-07-21 01:53:50,74.89,3.0,0.1,74.89166666666667,74.9,0,0,2.9949999999999997,0.09999999999999999,74.89535285544386,74.89903196186518,0.0002637088560485607,0.0001330307587913767
FDBH18,2023-07-21 01:53:54,74.89,2.99,0.1,74.90166666666666,74.91,0,0,2.9966666666666666,0.09999999999999999,74.89406194351315,74.89977433118236,0.0002829708576218952,0.0001330307587913767
FDBH18,2023-07-21 01:53:58,74.9,3.0,0.1,74.91666666666667,74.92,0,0,3.0,0.09999999999999999,74.90314010122624,74.90938700265369,0.0002829708576218952,0.0001330307587913767
FDBH18,2023-07-21 01:54:02,74.92,3.0,0.1,74.93,74.94,0,0,2.9983333333333335,0.09999999999999999,74.92328747636223,74.93047202810256,0.0002829708576218952,0.0001330307587913767
FDBH18,2023-07-21 01:54:05,74.93,3.0,0.1,74.94,74.95,0,0,2.9966666666666666,0.09999999999999999,74.93328747636224,74.94047202810256,0.0002829708576218952,0.0001330307587913767
FDBH18,2023-07-21 01:54:09,74.94,3.0,0.1,74.95166666666665,74.96,0,0,2.9983333333333335,0.09999999999999999,74.94328747636223,74.94896163105484,0.0002637088560485607,0.0001330307587913767
FDBH18,2023-07-21 01:54:13,74.96,3.0,0.1,74.95666666666666,74.96,0,0,3.0,0.09999999999999999,74.96428901500414,74.96906334300904,0.0002637088560485607,0.0001330307587913767
FDBH18,2023-07-21 01:54:17,74.96,3.0,0.1,74.96833333333335,74.98,0,0,2.9966666666666666,0.09999999999999999,74.96428901500414,74.96930306595328,0.0002637088560485607,0.0001330307587913767
FDBH18,2023-07-21 01:54:21,74.97,3.0,0.1,74.99166666666666,75.01,0,0,2.9983333333333335,0.09999999999999999,74.97428901500415,74.97930306595329,0.0002637088560485607,0.0001330307587913767
FDBH18,2023-07-21 01:54:25,75.0,3.0,0.1,75.00666666666666,75.01,0,0,3.0,0.09999999999999999,75.00414163986815,75.00906334300905,0.0002637088560485607,0.0001330307587913767
FDBH18,2023-07-21 01:54:29,75.01,3.0,0.1,74.98333333333333,75.01,0,0,3.0,0.09999999999999999,75.01414163986816,75.0206354946328,0.0002637088560485607,0.0001330307587913767
FDBH18,2023-07-21 01:54:33,74.98,3.0,0.1,74.93333333333334,74.97,0,0,2.9983333333333335,0.09999999999999999,74.98428901500415,74.9893030659533,0.0002637088560485607,0.0001330307587913767
FDBH18,2023-07-21 01:54:37,74.93,3.0,0.1,74.87666666666667,74.91,0,0,2.9966666666666666,0.09999999999999999,74.92995923163518,74.93646242308866,0.0002637088560485607,0.0001330307587913767
FDBH18,2023-07-21 01:54:41,74.87,3.0,0.1,74.83,74.86,0,0,2.9966666666666666,0.09999999999999999,74.86160097798346,74.86691169189093,0.0002637088560485607,0.000123044729763412
FDBH18,2023-07-21 01:54:45,74.82,2.99,0.1,74.81333333333333,74.82,0,0,3.0,0.09999999999999999,74.8008082660635,74.81276403736332,0.0002637088560485607,0.00011100636495210822
FDBH18,2023-07-21 01:54:49,74.81,3.0,0.1,74.83,74.85,0,0,3.0,0.09999999999999999,74.78870951346006,74.80084515354416,0.0002428378807416287,0.00011100636495210822
FDBH18,2023-07-21 01:54:52,74.82,3.0,0.1,74.85666666666667,74.88,0,0,3.0,0.09999999999999999,74.79416446408864,74.81091101425031,0.0002428378807416287,0.00011100636495210822
FDBH18,2023-07-21 01:54:56,74.86,3.0,0.1,74.88833333333332,74.91,0,0,2.9983333333333335,0.09999999999999999,74.83856213832408,74.85163383230903,0.0002428378807416287,0.00011100636495210822
FDBH18,2023-07-21 01:55:00,74.89,3.0,0.1,74.92166666666667,74.94,0,0,2.9983333333333335,0.09999999999999999,74.87229940676774,74.88606046173314,0.0002637088560485607,0.00011100636495210822
FDBH18,2023-07-21 01:55:04,74.93,3.0,0.1,74.95333333333333,74.97,0,0,2.9983333333333335,0.09999999999999999,74.92787284375419,74.93158071435435,0.0002637088560485607,0.00011100636495210822
FDBH18,2023-07-21 01:55:08,74.96,3.0,0.1,74.985,75.0,0,0,2.9983333333333335,0.09999999999999999,74.96556646723998,74.97043413585145,0.0002637088560485607,0.00011100636495210822
FDBH18,2023-07-21 01:55:12,74.99,3.0,0.1,75.01166666666666,75.03,0,0,2.9966666666666666,0.09999999999999999,75.00414247802269,75.01872594154241,0.0002637088560485607,0.00011100636495210822
FDBH18,2023-07-21 01:55:16,75.01,3.0,0.1,75.075,75.15,0,0,3.071666666666667,0.09999999999999999,75.11068079324444,75.12106004245415,0.00031102454136920735,0.0001171190055616791
FDBH18,2023-07-21 01:55:20,75.08,3.13,0.1,75.20333333333333,75.28,0,0,3.121666666666666,0.09999999999999999,75.08653534979288,75.10418638692039,0.0002555106375895748,0.00011659132778286553
FDBH18,2023-07-21 01:55:24,75.23,3.13,0.1,75.31833333333334,75.37,0,0,3.125,0.09999999999999999,75.26136982259665,75.27908565078303,0.00026228311877791246,0.00011850685560805975
FDBH18,2023-07-21 01:55:28,75.33,3.12,0.1,75.38333333333333,75.4,0,0,3.1233333333333335,0.09999999999999999,75.37735580545217,75.44050949749608,0.00026228311877791246,0.00011850685560805975
FDBH18,2023-07-21 01:55:32,75.39,3.12,0.1,75.40499999999999,75.41,0,0,3.1249999999999996,0.09999999999999999,75.45239882839044,75.51147124525026,0.00024378509786897475,0.00011850685560805975
FDBH18,2023-07-21 01:55:36,75.41,3.13,0.1,75.39999999999999,75.41,0,0,3.123333333333333,0.09999999999999999,75.45775958677837,75.51503586982697,0.00024378509786897475,0.00011850685560805975
FDBH18,2023-07-21 01:55:39,75.4,3.13,0.1,75.395,75.4,0,0,3.1216666666666666,0.09999999999999999,75.4444875724793,75.50372624170345,0.0002368944467356133,0.00011850685560805975
FDBH18,2023-07-21 01:55:43,75.39,3.13,0.1,75.40166666666666,75.41,0,0,3.1199999999999997,0.09999999999999999,75.41463971345358,75.46366035647347,0.0002548697494170374,0.00011850685560805975
FDBH18,2023-07-21 01:55:47,75.4,3.11,0.1,75.41333333333334,75.42,0,0,3.11,0.09999999999999999,75.41232080765167,75.46662535382191,0.0002420891137532436,0.00011659132778286553
FDBH18,2023-07-21 01:55:51,75.42,3.13,0.1,75.365,75.42,0,0,3.025,0.09999999999999999,75.40326036683892,75.46021998663194,0.00023248063754311856,0.00011100636495210822
FDBH18,2023-07-21 01:55:55,75.36,3.0,0.1,75.26333333333334,75.33,0,0,2.9966666666666666,0.09999999999999999,75.36124309397994,75.38238843883802,0.0002923339759501331,0.0001301648198339883
FDBH18,2023-07-21 01:55:59,75.25,3.0,0.1,75.16333333333334,75.22,0,0,3.0,0.09999999999999999,75.258324242422,75.27023413434046,0.0003568426937300292,0.00016077012909591437
FDBH18,2023-07-21 01:56:03,75.15,3.0,0.1,75.06833333333333,75.13,0,0,3.0,0.09999999999999999,75.15496882680372,75.17229500713049,0.00032860315617505933,0.00015597035601270864
FDBH18,2023-07-21 01:56:07,75.05,3.0,0.1,75.01,75.04,0,0,2.9966666666666666,0.09999999999999999,75.04612790944729,75.0717026605308,0.0003347247983596043,0.00015597035601270864
FDBH18,2023-07-21 01:56:11,75.0,2.99,0.1,74.99666666666667,75.01,0,0,2.9966666666666666,0.09999999999999999,74.99429181252846,75.01991384766157,0.00030535211686697416,0.00015597035601270864
FDBH18,2023-07-21 01:56:15,74.99,3.0,0.1,75.01499999999999,75.03,0,0,2.9966666666666666,0.09999999999999999,74.98451888401945,75.00466267973458,0.0002735669206513341,0.00015597035601270864
FDBH18,2023-07-21 01:56:19,75.02,2.99,0.1,75.03666666666668,75.06,0,0,2.9949999999999997,0.09999999999999999,75.00667948802658,75.02078699376497,0.0002600011230908821,0.00010861485545860223
FDBH18,2023-07-21 01:56:23,75.04,2.99,0.1,75.07333333333334,75.1,0,0,2.9966666666666666,0.09999999999999999,75.00315639033583,75.028853744756,0.00026057580769059386,0.00011100636495210822
FDBH18,2023-07-21 01:56:27,75.08,3.0,0.1,75.10333333333334,75.11,0,0,3.0,0.09999999999999999,75.06056213832407,75.07084515354416,0.0002682696650849709,0.00011100636495210822
FDBH18,2023-07-21 01:56:30,75.1,3.0,0.1,75.11666666666666,75.13,0,0,2.9983333333333335,0.09999999999999999,75.0916607720746,75.09809434667262,0.0002829708576218952,0.00011100636495210822
FDBH18,2023-07-21 01:56:34,75.12,2.99,0.1,75.13333333333333,75.15,0,0,3.0,0.09999999999999999,75.12398080503729,75.12964545708658,0.0002829708576218952,0.00011100636495210822
FDBH18,2023-07-21 01:56:38,75.13,3.0,0.1,75.14999999999999,75.16,0,0,3.0,0.09999999999999999,75.14414247802269,75.15388534178985,0.0002829708576218952,0.00011100636495210822
FDBH18,2023-07-21 01:56:42,75.15,3.0,0.1,75.16166666666668,75.17,0,0,2.9983333333333335,0.09999999999999999,75.1641424780227,75.17388534178986,0.0002829708576218952,0.00011100636495210822
FDBH18,2023-07-21 01:56:46,75.16,3.0,0.1,75.18166666666667,75.2,0,0,2.9949999999999997,0.09999999999999999,75.17414247802269,75.18388534178985,0.0002637088560485607,0.00011100636495210822
FDBH18,2023-07-21 01:56:50,75.18,3.0,0.1,75.20499999999998,75.22,0,0,2.9966666666666666,0.09999999999999999,75.18938176233443,75.20102934178986,0.0002829708576218952,0.00011100636495210822
FDBH18,2023-07-21 01:56:54,75.21,3.0,0.1,75.22333333333334,75.24,0,0,2.9949999999999997,0.09999999999999999,75.21894101932773,75.22993734178985,0.0002637088560485607,0.000123044729763412
FDBH18,2023-07-21 01:56:58,75.22,3.0,0.1,75.24333333333333,75.26,0,0,2.9966666666666666,0.09999999999999999,75.22879364419175,75.23993734178985,0.00027149519586227726,0.000123044729763412
FDBH18,2023-07-21 01:57:02,75.24,3.0,0.1,75.26333333333332,75.27,0,0,3.0,0.09999999999999999,75.24879364419175,75.25993734178985,0.00029132576683173433,0.000123044729763412
FDBH18,2023-07-21 01:57:06,75.27,3.0,0.1,75.27333333333333,75.28,0,0,3.0,0.09999999999999999,75.27923438719843,75.28993734178985,0.00027224896699590175,0.00011100636495210822
FDBH18,2023-07-21 01:57:10,75.28,3.0,0.1,75.27,75.27,0,0,3.0,0.09999999999999999,75.28938176233443,75.30102934178986,0.00027224896699590175,0.00011100636495210822
FDBH18,2023-07-21 01:57:14,75.27,3.0,0.1,75.27499999999999,75.28,0,0,2.9983333333333335,0.09999999999999999,75.27894101932773,75.28993734178985,0.00027224896699590175,0.000123044729763412
FDBH18,2023-07-21 01:57:17,75.27,3.0,0.1,75.27999999999999,75.28,0,0,2.9966666666666666,0.09999999999999999,75.27545410275032,75.27855345708657,0.00025371662593307286,0.000123044729763412
FDBH18,2023-07-21 01:57:21,75.28,2.99,0.1,75.27999999999999,75.28,0,0,3.0,0.09999999999999999,75.28401581568362,75.28906334300905,0.00027224896699590175,0.0001330307587913767
FDBH18,2023-07-21 01:57:25,75.28,3.0,0.1,75.28500000000001,75.29,0,0,3.0,0.09999999999999999,75.282233739571,75.28816370371702,0.00025371662593307286,0.0001330307587913767
FDBH18,2023-07-21 01:57:29,75.29,3.0,0.1,75.29833333333333,75.31,0,0,2.9966666666666666,0.09999999999999999,75.28991310380565,75.29941241801998,0.00025371662593307286,0.0001330307587913767
FDBH18,2023-07-21 01:57:33,75.3,3.0,0.1,75.30666666666667,75.31,0,0,2.9966666666666666,0.09999999999999999,75.29976572866966,75.3099050680357,0.00025371662593307286,0.0001330307587913767
FDBH18,2023-07-21 01:57:37,75.3,3.0,0.1,75.30666666666667,75.31,0,0,3.0,0.09999999999999999,75.29976572866966,75.31021435662102,0.00025371662593307286,0.0001330307587913767
FDBH18,2023-07-21 01:57:41,75.31,3.0,0.1,75.295,75.3,0,0,3.0,0.09999999999999999,75.30976572866966,75.31547341108181,0.00025371662593307286,0.0001330307587913767
FDBH18,2023-07-21 01:57:45,75.3,3.0,0.1,75.27833333333332,75.29,0,0,2.9983333333333335,0.09999999999999999,75.29991310380564,75.30941241801997,0.00025371662593307286,0.0001330307587913767
FDBH18,2023-07-21 01:57:49,75.28,3.0,0.1,75.26,75.27,0,0,2.9983333333333335,0.09999999999999999,75.28012095425217,75.28575584851671,0.00025371662593307286,0.0001330307587913767
FDBH18,2023-07-21 01:57:53,75.26,3.0,0.1,75.25,75.25,0,0,2.9966666666666666,0.09999999999999999,75.25942962849481,75.26363259094329,0.00025371662593307286,0.0001330307587913767
FDBH18,2023-07-21 01:57:57,75.25,2.99,0.1,75.24333333333334,75.25,0,0,3.0,0.09999999999999999,75.24310828063366,75.24833117583535,0.00025371662593307286,0.0001330307587913767
FDBH18,2023-07-21 01:58:01,75.24,3.0,0.1,75.23833333333333,75.24,0,0,2.9983333333333335,0.09999999999999999,75.2295204337158,75.23618179509236,0.00025371662593307286,0.0001330307587913767
FDBH18,2023-07-21 01:58:05,75.24,2.99,0.1,75.235,75.24,0,0,3.0,0.09999999999999999,75.2292933622248,75.2358863417037,0.00025371662593307286,0.0001330307587913767
FDBH18,2023-07-21 01:58:08,75.24,3.0,0.1,75.23666666666666,75.24,0,0,3.0,0.09999999999999999,75.2295204337158,75.2358863417037,0.00025371662593307286,0.0001330307587913767
FDBH18,2023-07-21 01:58:12,75.24,3.0,0.1,75.23666666666666,75.24,0,0,3.0,0.09999999999999999,75.23121078423043,75.2388664161345,0.00025371662593307286,0.0001330307587913767
FDBH18,2023-07-21 01:58:16,75.23,3.0,0.1,75.22666666666667,75.24,0,0,2.9983333333333335,0.09999999999999999,75.22348272726066,75.22764050643545,0.00025371662593307286,0.0001330307587913767
FDBH18,2023-07-21 01:58:20,75.22,3.0,0.1,75.21833333333333,75.22,0,0,3.0,0.09999999999999999,75.21602522663409,75.2172761864766,0.00025371662593307286,0.0001330307587913767
FDBH18,2023-07-21 01:58:24,75.22,3.0,0.1,75.21166666666666,75.22,0,0,2.9983333333333335,0.09999999999999999,75.21926089569803,75.22050200960838,0.00025371662593307286,0.0001330307587913767
FDBH18,2023-07-21 01:58:28,75.21,3.0,0.1,75.19666666666667,75.21,0,0,2.9966666666666666,0.09999999999999999,75.20606772564476,75.21104793151774,0.00025371662593307286,0.0001330307587913767
FDBH18,2023-07-21 01:58:32,75.19,3.0,0.1,75.17166666666667,75.19,0,0,2.9983333333333335,0.09999999999999999,75.1832180791758,75.18756981603367,0.00025371662593307286,0.0001330307587913767
FDBH18,2023-07-21 01:58:36,75.17,3.0,0.1,75.145,75.16,0,0,2.9949999999999997,0.09999999999999999,75.16333535212466,75.16892160475321,0.00025371662593307286,0.0001330307587913767
FDBH18,2023-07-21 01:58:40,75.14,2.99,0.1,75.125,75.14,0,0,2.9983333333333335,0.09999999999999999,75.1292933622248,75.1370476148271,0.00026120800951270456,0.0001330307587913767
FDBH18,2023-07-21 01:58:44,75.12,3.0,0.1,75.11166666666668,75.12,0,0,3.0,0.09999999999999999,75.10726847839086,75.11461102895487,0.00025371662593307286,0.000123044729763412
FDBH18,2023-07-21 01:58:48,75.11,3.0,0.1,75.10666666666667,75.11,0,0,3.0,0.09999999999999999,75.09137655136882,75.10158138258164,0.0002637088560485607,0.00011100636495210822
FDBH18,2023-07-21 01:58:52,75.11,3.0,0.1,75.09333333333333,75.1,0,0,3.0,0.09999999999999999,75.09146644764711,75.10158138258164,0.0002637088560485607,0.00011100636495210822
FDBH18,2023-07-21 01:58:55,75.1,3.0,0.1,75.07666666666667,75.09,0,0,3.0,0.09999999999999999,75.08397398681778,75.09365073839888,0.0002637088560485607,0.000123044729763412
FDBH18,2023-07-21 01:58:59,75.07,3.0,0.1,75.05666666666667,75.07,0,0,2.9949999999999997,0.09999999999999999,75.05397398681778,75.06444266868381,0.0002637088560485607,0.000123044729763412
FDBH18,2023-07-21 01:59:03,75.05,3.0,0.1,75.04,75.05,0,0,2.9933333333333336,0.09999999999999999,75.03741585352685,75.04461102895486,0.0002637088560485607,0.000123044729763412
FDBH18,2023-07-21 01:59:07,75.04,3.0,0.1,75.02999999999999,75.03,0,0,2.9983333333333335,0.09999999999999999,75.02565137719853,75.03550888935823,0.0002829708576218952,0.000123044729763412
FDBH18,2023-07-21 01:59:11,75.03,3.0,0.1,75.02833333333332,75.03,0,0,3.0,0.09999999999999999,75.01565137719852,75.02556518723061,0.0002787799159356745,0.000123044729763412
FDBH18,2023-07-21 01:59:15,75.03,3.0,0.1,75.02833333333332,75.03,0,0,3.0,0.09999999999999999,75.01565137719852,75.02550888935822,0.0002637088560485607,0.000123044729763412
FDBH18,2023-07-21 01:59:19,75.03,3.0,0.1,75.03500000000001,75.04,0,0,3.0,0.09999999999999999,75.01790333252346,75.02721069910363,0.0002637088560485607,0.0001330307587913767
FDBH18,2023-07-21 01:59:23,75.04,3.0,0.1,75.045,75.05,0,0,3.0,0.09999999999999999,75.02959368303809,75.03633924338047,0.0002637088560485607,0.0001330307587913767
FDBH18,2023-07-21 01:59:27,75.04,3.0,0.1,75.04833333333333,75.05,0,0,2.9983333333333335,0.09999999999999999,75.03445062445242,75.03770708600997,0.0002637088560485607,0.0001330307587913767
FDBH18,2023-07-21 01:59:31,75.05,3.0,0.1,75.045,75.05,0,0,2.9983333333333335,0.09999999999999999,75.0491548535342,75.0507207422252,0.00026016202869988376,0.0001330307587913767
FDBH18,2023-07-21 01:59:35,75.05,3.0,0.1,75.03333333333332,75.04,0,0,2.9966666666666666,0.09999999999999999,75.04995923163517,75.05888441801999,0.0002637088560485607,0.0001330307587913767
FDBH18,2023-07-21 01:59:39,75.03,3.0,0.1,75.02499999999999,75.03,0,0,2.9966666666666666,0.09999999999999999,75.02981185649918,75.03544655993139,0.0002637088560485607,0.0001330307587913767
FDBH18,2023-07-21 01:59:42,75.02,3.0,0.1,75.02666666666666,75.03,0,0,2.9983333333333335,0.09999999999999999,75.01912399532704,75.02572609097969,0.0002637088560485607,0.0001330307587913767
FDBH18,2023-07-21 01:59:46,75.03,3.0,0.1,75.03500000000001,75.04,0,0,3.0,0.09999999999999999,75.02766567452704,75.0356200798579,0.0002637088560485607,0.0001330307587913767
FDBH18,2023-07-21 01:59:50,75.04,3.0,0.1,75.04,75.05,0,0,3.0,0.09999999999999999,75.03947575632435,75.04562007985791,0.0002637088560485607,0.0001330307587913767
FDBH18,2023-07-21 01:59:54,75.04,3.0,0.1,75.04833333333333,75.05,0,0,3.0,0.09999999999999999,75.03950661453152,75.04481814125685,0.0002637088560485607,0.0001330307587913767
FDBH18,2023-07-21 01:59:58,75.05,3.0,0.1,75.05166666666666,75.06,0,0,2.9966666666666666,0.09999999999999999,75.04769653273421,75.05492415237865,0.0002637088560485607,0.0001330307587913767
FDBH18,2023-07-21 02:00:02,75.05,3.0,0.1,75.045,75.05,0,0,2.9933333333333336,0.09999999999999999,75.04995923163517,75.05495390991567,0.0002637088560485607,0.0001330307587913767
FDBH18,2023-07-21 02:00:06,75.04,2.99,0.1,75.03833333333334,75.04,0,0,2.9966666666666666,0.09999999999999999,75.03958478500819,75.04601094646759,0.0002637088560485607,0.0001330307587913767
FDBH18,2023-07-21 02:00:10,75.04,3.0,0.1,75.03499999999998,75.04,0,0,3.0,0.09999999999999999,75.03981185649918,75.04548294646759,0.00029645529727975587,0.0001330307587913767
FDBH18,2023-07-21 02:00:14,75.03,3.0,0.1,75.02333333333333,75.03,0,0,2.9983333333333335,0.09999999999999999,75.02912399532704,75.03152268082626,0.0002637088560485607,0.0001330307587913767
FDBH18,2023-07-21 02:00:18,75.02,3.0,0.1,75.01166666666667,75.02,0,0,3.0,0.09999999999999999,75.01947575632434,75.02195846877618,0.0002637088560485607,0.0001330307587913767
FDBH18,2023-07-21 02:00:22,75.01,3.0,0.1,75.01333333333334,75.02,0,0,2.9966666666666666,0.09999999999999999,75.00160097798346,75.0084975476224,0.0002637088560485607,0.0001330307587913767
FDBH18,2023-07-21 02:00:26,75.01,2.99,0.1,75.01166666666667,75.02,0,0,2.991666666666667,0.09999999999999999,75.00186562606831,75.0085828205378,0.0002829708576218952,0.0001330307587913767
FDBH18,2023-07-21 02:00:30,75.01,2.99,0.1,75.00166666666667,75.01,0,0,2.9949999999999997,0.09999999999999999,75.00149117944132,75.00825058197336,0.0002829708576218952,0.0001330307587913767
FDBH18,2023-07-21 02:00:33,75.0,2.99,0.1,74.99833333333333,75.0,0,0,3.0,0.09999999999999999,74.99149117944131,74.99791572519534,0.0002829708576218952,0.0001330307587913767
FDBH18,2023-07-21 02:00:37,75.0,3.0,0.1,74.99833333333333,75.0,0,0,2.9983333333333335,0.09999999999999999,74.99160097798345,74.99772897976868,0.0002829708576218952,0.0001330307587913767
FDBH18,2023-07-21 02:00:41,75.0,3.0,0.1,74.99666666666667,75.0,0,0,2.9983333333333335,0.09999999999999999,74.99160097798345,74.99849754762239,0.0002829708576218952,0.0001330307587913767
FDBH18,2023-07-21 02:00:45,75.0,3.0,0.1,74.98833333333334,75.0,0,0,3.0,0.09999999999999999,74.99440812544174,74.9972761864766,0.0002829708576218952,0.0001330307587913767
FDBH18,2023-07-21 02:00:49,74.98,3.0,0.1,74.98833333333333,74.99,0,0,3.0,0.09999999999999999,74.9801366951981,74.98115653017514,0.0002829708576218952,0.0001330307587913767
FDBH18,2023-07-21 02:00:53,74.99,3.0,0.1,74.99,74.99,0,0,3.0,0.09999999999999999,74.98440812544173,74.98727618647659,0.0002791650328406376,0.0001330307587913767
FDBH18,2023-07-21 02:00:57,74.99,3.0,0.1,74.99,74.99,0,0,3.0,0.09999999999999999,74.99013669519809,74.99115653017513,0.00026016202869988376,0.0001330307587913767
FDBH18,2023-07-21 02:01:01,74.99,3.0,0.1,74.98833333333333,74.99,0,0,2.9983333333333335,0.09999999999999999,74.98962255529091,74.99438235330692,0.0002637088560485607,0.0001330307587913767
FDBH18,2023-07-21 02:01:05,74.99,3.0,0.1,74.98833333333333,74.99,0,0,2.9949999999999997,0.09999999999999999,74.98781247349362,74.99407306472159,0.0002637088560485607,0.0001330307587913767
FDBH18,2023-07-21 02:01:09,74.99,2.99,0.1,74.99,74.99,0,0,2.9949999999999997,0.09999999999999999,74.98755454379544,74.9956200798579,0.0002637088560485607,0.0001330307587913767
FDBH18,2023-07-21 02:01:13,74.99,2.99,0.1,74.99499999999999,75.0,0,0,2.9949999999999997,0.09999999999999999,74.98755454379544,74.99616187892961,0.00030291379672517686,0.0001330307587913767
FDBH18,2023-07-21 02:01:17,75.0,3.0,0.1,75.00666666666666,75.01,0,0,2.9966666666666666,0.09999999999999999,74.99923993608645,75.00152268082626,0.00030440953928057035,0.0001330307587913767
FDBH18,2023-07-21 02:01:20,75.01,3.0,0.1,75.01,75.01,0,0,2.9983333333333335,0.09999999999999999,75.00923993608646,75.01152268082626,0.00032664345650289397,0.0001330307587913767
FDBH18,2023-07-21 02:01:24,75.01,3.0,0.1,75.005,75.01,0,0,3.0,0.09999999999999999,75.00981185649918,75.01548294646759,0.00031810842559919244,0.0001330307587913767
FDBH18,2023-07-21 02:01:28,75.0,3.0,0.1,74.99833333333333,75.01,0,0,3.0,0.09999999999999999,74.99981185649918,75.00548294646758,0.0002829708576218952,0.0001330307587913767
FDBH18,2023-07-21 02:01:32,75.0,3.0,0.1,74.985,74.99,0,0,3.0,0.09999999999999999,74.99995923163517,75.00468100786654,0.0002829708576218952,0.0001330307587913767
FDBH18,2023-07-21 02:01:36,74.98,3.0,0.1,74.97166666666666,74.98,0,0,2.9983333333333335,0.09999999999999999,74.97915485353421,74.9807207422252,0.0002791650328406376,0.0001330307587913767
FDBH18,2023-07-21 02:01:40,74.97,3.0,0.1,74.97000000000001,74.98,0,0,2.9966666666666666,0.09999999999999999,74.96950661453151,74.9707207422252,0.00026016202869988376,0.0001330307587913767
FDBH18,2023-07-21 02:01:44,74.97,2.99,0.1,74.97833333333334,74.98,0,0,2.9983333333333335,0.09999999999999999,74.96140476469962,74.9683145433343,0.0002637088560485607,0.0001330307587913767
FDBH18,2023-07-21 02:01:48,74.98,3.0,0.1,74.98,74.98,0,0,2.9966666666666666,0.09999999999999999,74.97186562606831,74.97797536321346,0.0002637088560485607,0.0001330307587913767
FDBH18,2023-07-21 02:01:52,74.98,2.99,0.1,74.98,74.98,0,0,3.0,0.09999999999999999,74.97137390649246,74.97723237920663,0.00029645529727975587,0.0001330307587913767
FDBH18,2023-07-21 02:01:56,74.98,3.0,0.1,74.98166666666667,74.99,0,0,3.0,0.09999999999999999,74.98010583699093,74.98562007985791,0.0002637088560485607,0.0001330307587913767
FDBH18,2023-07-21 02:02:00,74.98,3.0,0.1,74.98333333333333,74.99,0,0,2.9983333333333335,0.09999999999999999,74.97766567452705,74.98518429190797,0.0002637088560485607,0.0001330307587913767
FDBH18,2023-07-21 02:02:04,74.99,3.0,0.1,74.98,74.98,0,0,2.9966666666666666,0.09999999999999999,74.9891548535342,74.99492415237864,0.0002637088560485607,0.0001330307587913767
FDBH18,2023-07-21 02:02:08,74.98,3.0,0.1,74.98666666666666,75.0,0,0,2.9983333333333335,0.09999999999999999,74.97938086865345,74.9807207422252,0.0002637088560485607,0.0001330307587913767
FDBH18,2023-07-21 02:02:11,74.98,3.0,0.1,74.99666666666667,75.0,0,0,2.9983333333333335,0.09999999999999999,74.97927079429363,74.9807207422252,0.0002637088560485607,0.0001330307587913767
FDBH18,2023-07-21 02:02:15,75.0,3.0,0.1,75.00833333333333,75.02,0,0,2.9949999999999997,0.09999999999999999,74.99927079429362,75.00492415237865,0.0002637088560485607,0.0001330307587913767
FDBH18,2023-07-21 02:02:19,75.01,2.99,0.1,75.01833333333333,75.02,0,0,2.9966666666666666,0.09999999999999999,75.00958478500819,75.01548294646759,0.0002637088560485607,0.0001330307587913767
FDBH18,2023-07-21 02:02:23,75.02,3.0,0.1,75.01833333333333,75.02,0,0,2.9983333333333335,0.09999999999999999,75.01981185649917,75.02571313402605,0.0002637088560485607,0.0001330307587913767
FDBH18,2023-07-21 02:02:27,75.02,3.0,0.1,74.99833333333333,75.02,0,0,3.0,0.09999999999999999,75.01981185649917,75.02785736654549,0.0002637088560485607,0.0001330307587913767
FDBH18,2023-07-21 02:02:31,75.0,3.0,0.1,74.95166666666667,74.98,0,0,3.0,0.09999999999999999,74.99995923163517,75.00685462823124,0.0002637088560485607,0.0001330307587913767
FDBH18,2023-07-21 02:02:35,74.94,3.0,0.1,74.92,74.94,0,0,3.0,0.09999999999999999,74.9391548535342,74.94201852932666,0.0002637088560485607,0.0001330307587913767
FDBH18,2023-07-21 02:02:39,74.92,3.0,0.1,74.90333333333332,74.91,0,0,2.9983333333333335,0.09999999999999999,74.9118656260683,74.91660151790467,0.0002637088560485607,0.000123044729763412
FDBH18,2023-07-21 02:02:43,74.9,3.0,0.1,74.89,74.9,0,0,2.9949999999999997,0.09999999999999999,74.88229940676774,74.89444266868382,0.0002637088560485607,0.00011100636495210822
FDBH18,2023-07-21 02:02:47,74.88,2.99,0.1,74.89166666666667,74.9,0,0,2.9983333333333335,0.09999999999999999,74.8609556411995,74.87136457220659,0.0002637088560485607,0.00011100636495210822
FDBH18,2023-07-21 02:02:51,74.89,3.0,0.1,74.90333333333332,74.91,0,0,2.9949999999999997,0.09999999999999999,74.87103533755452,74.8816204892418,0.0002637088560485607,0.00011100636495210822
FDBH18,2023-07-21 02:02:55,74.91,2.99,0.1,74.91666666666667,74.93,0,0,2.9983333333333335,0.09999999999999999,74.8908082660635,74.90158138258164,0.00027741007180174555,0.00011100636495210822
FDBH18,2023-07-21 02:02:58,74.91,3.0,0.1,74.93166666666667,74.94,0,0,3.0,0.09999999999999999,74.89790333252346,74.90556518723061,0.0002787799159356745,0.000123044729763412
FDBH18,2023-07-21 02:03:02,74.94,3.0,0.1,74.94833333333332,74.96,0,0,3.0,0.09999999999999999,74.94010583699092,74.94274675983304,0.0002637088560485607,0.0001330307587913767
FDBH18,2023-07-21 02:03:06,74.95,3.0,0.1,74.955,74.96,0,0,2.9983333333333335,0.09999999999999999,74.94995923163518,74.95684270647304,0.0002637088560485607,0.0001330307587913767
FDBH18,2023-07-21 02:03:10,74.95,3.0,0.1,74.96,74.97,0,0,2.9949999999999997,0.09999999999999999,74.95328747636223,74.9595849559126,0.0002637088560485607,0.0001330307587913767
FDBH18,2023-07-21 02:03:14,74.96,2.99,0.1,74.97666666666667,74.99,0,0,2.9983333333333335,0.09999999999999999,74.96406194351314,74.96906334300904,0.0002829708576218952,0.0001330307587913767
FDBH18,2023-07-21 02:03:18,74.99,3.0,0.1,74.985,74.99,0,0,3.0,0.09999999999999999,74.99428901500414,74.99898565241747,0.0002829708576218952,0.0001330307587913767
FDBH18,2023-07-21 02:03:22,74.98,3.0,0.1,74.98,74.99,0,0,2.9966666666666666,0.09999999999999999,74.98428901500415,74.9893030659533,0.0002637088560485607,0.0001330307587913767
FDBH18,2023-07-21 02:03:26,74.98,2.99,0.1,74.97666666666667,74.98,0,0,2.9966666666666666,0.09999999999999999,74.98291302973524,74.98859832388882,0.0002637088560485607,0.0001330307587913767
FDBH18,2023-07-21 02:03:30,74.98,2.99,0.1,74.985,74.99,0,0,3.0,0.09999999999999999,74.97958478500819,74.98812038500736,0.0002637088560485607,0.0001330307587913767
FDBH18,2023-07-21 02:03:34,74.98,3.0,0.1,74.98833333333333,74.99,0,0,3.0,0.09999999999999999,74.97981185649918,74.98547341108181,0.0002637088560485607,0.0001330307587913767
FDBH18,2023-07-21 02:03:38,74.99,3.0,0.1,74.99,75.0,0,0,3.0,0.09999999999999999,74.98995923163517,74.99520900786653,0.0002637088560485607,0.0001330307587913767
FDBH18,2023-07-21 02:03:42,74.99,3.0,0.1,74.99666666666667,75.0,0,0,2.9983333333333335,0.09999999999999999,74.98995923163517,74.99468100786653,0.0002637088560485607,0.0001330307587913767
FDBH18,2023-07-21 02:03:46,75.0,3.0,0.1,74.99666666666667,75.0,0,0,2.9966666666666666,0.09999999999999999,74.99926492789405,75.00492415237865,0.0002637088560485607,0.0001330307587913767
FDBH18,2023-07-21 02:03:49,75.0,3.0,0.1,74.99666666666667,75.0,0,0,2.9983333333333335,0.09999999999999999,74.99995923163517,75.00495390991567,0.0002637088560485607,0.0001330307587913767
FDBH18,2023-07-21 02:03:53,75.0,3.0,0.1,74.99833333333333,75.0,0,0,2.9983333333333335,0.09999999999999999,74.99995923163517,75.00468100786654,0.0002637088560485607,0.0001330307587913767
FDBH18,2023-07-21 02:03:57,74.99,3.0,0.1,75.0,75.0,0,0,2.9966666666666666,0.09999999999999999,74.98995923163517,74.99888441801998,0.0002637088560485607,0.0001330307587913767
FDBH18,2023-07-21 02:04:01,75.0,2.99,0.1,75.0,75.0,0,0,2.9983333333333335,0.09999999999999999,74.99958478500818,75.00575584851671,0.00029645529727975587,0.0001330307587913767
FDBH18,2023-07-21 02:04:05,75.0,3.0,0.1,75.00166666666667,75.01,0,0,2.9983333333333335,0.09999999999999999,74.99923349351747,75.00572609097969,0.0002637088560485607,0.0001330307587913767
FDBH18,2023-07-21 02:04:09,75.0,3.0,0.1,75.00999999999999,75.02,0,0,3.0,0.09999999999999999,74.99923993608645,75.00195846877618,0.0002637088560485607,0.0001330307587913767
FDBH18,2023-07-21 02:04:13,75.02,3.0,0.1,75.01,75.01,0,0,2.9983333333333335,0.09999999999999999,75.01927079429362,75.0207207422252,0.0002637088560485607,0.0001330307587913767
FDBH18,2023-07-21 02:04:17,75.01,3.0,0.1,75.00833333333334,75.01,0,0,2.9966666666666666,0.09999999999999999,75.00926492789405,75.0107207422252,0.0002637088560485607,0.0001330307587913767
FDBH18,2023-07-21 02:04:21,75.01,3.0,0.1,75.01333333333334,75.02,0,0,2.9966666666666666,0.09999999999999999,75.00938086865345,75.0107207422252,0.0002637088560485607,0.0001330307587913767
FDBH18,2023-07-21 02:04:25,75.02,3.0,0.1,75.00166666666668,75.02,0,0,3.0,0.09999999999999999,75.01981185649917,75.02155243836326,0.0002829708576218952,0.0001330307587913767
FDBH18,2023-07-21 02:04:29,75.0,3.0,0.1,74.96666666666665,74.99,0,0,3.0,0.09999999999999999,74.99911755275805,75.00195846877618,0.0002637088560485607,0.0001330307587913767
FDBH18,2023-07-21 02:04:33,74.96,3.0,0.1,74.94166666666668,74.95,0,0,2.9983333333333335,0.09999999999999999,74.9595066145315,74.96072074222519,0.0002637088560485607,0.0001330307587913767
FDBH18,2023-07-21 02:04:36,74.95,3.0,0.1,74.93,74.94,0,0,2.9966666666666666,0.09999999999999999,74.9418656260683,74.94917495509304,0.0002637088560485607,0.0001330307587913767
FDBH18,2023-07-21 02:04:40,74.93,3.0,0.1,74.91833333333335,74.93,0,0,2.9983333333333335,0.09999999999999999,74.91805070765946,74.9258699873354,0.0002637088560485607,0.0001330307587913767
FDBH18,2023-07-21 02:04:44,74.91,3.0,0.1,74.91333333333333,74.92,0,0,3.0,0.09999999999999999,74.8957987523345,74.90461102895486,0.0002637088560485607,0.000123044729763412
FDBH18,2023-07-21 02:04:48,74.91,3.0,0.1,74.92333333333333,74.93,0,0,3.0,0.09999999999999999,74.89235688562545,74.90365073839888,0.0002637088560485607,0.000123044729763412
FDBH18,2023-07-21 02:04:52,74.93,3.0,0.1,74.93166666666667,74.94,0,0,2.9983333333333335,0.09999999999999999,74.91235688562546,74.92444266868382,0.0002637088560485607,0.000123044729763412
FDBH18,2023-07-21 02:04:56,74.93,3.0,0.1,74.93833333333333,74.94,0,0,2.9933333333333336,0.09999999999999999,74.91805070765946,74.92556069875008,0.0002637088560485607,0.0001330307587913767
FDBH18,2023-07-21 02:05:00,74.94,2.99,0.1,74.94666666666666,74.95,0,0,2.9933333333333336,0.09999999999999999,74.93761293629852,74.93795300034768,0.0002637088560485607,0.0001330307587913767
FDBH18,2023-07-21 02:05:04,74.95,2.99,0.1,74.955,74.96,0,0,2.9966666666666666,0.09999999999999999,74.94889692383605,74.95195846877618,0.00032503850119615667,0.0001330307587913767
FDBH18,2023-07-21 02:05:08,74.96,3.0,0.1,74.96833333333335,74.98,0,0,2.9966666666666666,0.09999999999999999,74.95981185649917,74.96518895177233,0.00032664345650289397,0.0001330307587913767
FDBH18,2023-07-21 02:05:12,74.97,3.0,0.1,74.985,74.99,0,0,2.9983333333333335,0.09999999999999999,74.97213249226454,74.97799508943291,0.00032664345650289397,0.0001330307587913767
FDBH18,2023-07-21 02:05:16,74.99,3.0,0.1,74.98666666666666,74.99,0,0,3.0,0.09999999999999999,74.99314010122623,74.99888107184559,0.0002829708576218952,0.0001330307587913767
FDBH18,2023-07-21 02:05:20,74.99,3.0,0.1,74.97500000000001,74.98,0,0,3.0,0.09999999999999999,74.99328747636223,74.99888107184559,0.0002829708576218952,0.0001330307587913767
FDBH18,2023-07-21 02:05:23,74.98,3.0,0.1,74.955,74.97,0,0,3.0,0.09999999999999999,74.98328747636224,74.99128466037787,0.0002829708576218952,0.0001330307587913767
FDBH18,2023-07-21 02:05:27,74.95,3.0,0.1,74.885,74.94,0,0,2.9983333333333335,0.09999999999999999,74.94995923163518,74.95660053708947,0.0002791650328406376,0.0001330307587913767
FDBH18,2023-07-21 02:05:31,74.88,3.0,0.1,74.74333333333333,74.85,0,0,2.9966666666666666,0.09999999999999999,74.87950661453151,74.88135989909058,0.0002829708576218952,0.0001330307587913767
FDBH18,2023-07-21 02:05:35,74.72,3.0,0.1,74.55499999999999,74.68,0,0,2.9983333333333335,0.09999999999999999,74.7011827126905,74.71298561677598,0.0002428378807416287,0.00011100636495210822
FDBH18,2023-07-21 02:05:39,74.53,3.0,0.1,74.355,74.48,0,0,3.0,0.09999999999999999,74.4927897810563,74.51964242352088,0.0002428378807416287,0.00011100636495210822
FDBH18,2023-07-21 02:05:43,74.33,3.0,0.1,74.16833333333332,74.28,0,0,3.0,0.09999999999999999,74.28795564062956,74.31735216753438,0.0002013568712847995,0.00011100636495210822
FDBH18,2023-07-21 02:05:47,74.14,3.0,0.1,74.01666666666667,74.1,0,0,3.0,0.09999999999999999,74.0781076015584,74.10927929412435,0.00022979132070052584,0.00011100636495210822
FDBH18,2023-07-21 02:05:51,74.0,3.0,0.1,73.885,73.97,0,0,3.0,0.09999999999999999,73.92296317029438,73.96495633747759,0.0002358263157105956,0.00011100636495210822
FDBH18,2023-07-21 02:05:55,73.87,3.0,0.1,73.73833333333333,73.83,0,0,3.0,0.09999999999999999,73.79296317029439,73.83639466470208,0.0002578722982506117,0.00011100636495210822
FDBH18,2023-07-21 02:05:59,73.72,3.0,0.1,73.58,73.68,0,0,2.9983333333333335,0.09999999999999999,73.63455969483032,73.68430505161643,0.0002578722982506117,0.00012724299173505274
FDBH18,2023-07-21 02:06:03,73.56,2.99,0.1,73.42166666666667,73.52,0,0,2.9983333333333335,0.09999999999999999,73.48347715470989,73.5285437988309,0.00024587122032364577,0.00011167949597103567
FDBH18,2023-07-21 02:06:07,73.4,3.0,0.1,73.25833333333333,73.36,0,0,2.9966666666666666,0.09999999999999999,73.3228157951584,73.36659023738841,0.00022542240233649945,0.00011167949597103567
FDBH18,2023-07-21 02:06:11,73.23,3.0,0.1,73.10000000000001,73.2,0,0,2.9966666666666666,0.09999999999999999,73.1528157951584,73.19758811330601,0.00022542240233649945,0.00011167949597103567
FDBH18,2023-07-21 02:06:14,73.12,3.0,0.1,72.985,73.08,0,0,2.9983333333333335,0.09999999999999999,73.0428157951584,73.0871054716064,0.00022212833884618788,0.00011167949597103567
FDBH18,2023-07-21 02:06:18,72.97,3.0,0.1,72.83333333333333,72.93,0,0,3.0,0.09999999999999999,72.8928157951584,72.9371054716064,0.00022212833884618788,0.00011167949597103567
FDBH18,2023-07-21 02:06:22,72.81,3.0,0.1,72.69166666666666,72.78,0,0,3.0,0.09999999999999999,72.7328157951584,72.7771054716064,0.00022212833884618788,0.00011167949597103567
FDBH18,2023-07-21 02:06:26,72.67,3.0,0.1,72.56166666666667,72.64,0,0,3.0,0.09999999999999999,72.59296317029438,72.6371054716064,0.00023238025674373786,0.00011167949597103567
FDBH18,2023-07-21 02:06:30,72.55,3.0,0.1,72.43,72.51,0,0,3.0,0.09999999999999999,72.47296317029438,72.5171054716064,0.00023238025674373786,0.00011167949597103567
FDBH18,2023-07-21 02:06:34,72.41,3.0,0.1,72.30833333333332,72.38,0,0,3.0,0.09999999999999999,72.33296317029438,72.37899086513005,0.00023238025674373786,0.00011167949597103567
FDBH18,2023-07-21 02:06:38,72.3,3.0,0.1,72.19333333333333,72.26,0,0,2.9983333333333335,0.09999999999999999,72.22296317029438,72.26947350682967,0.00023238025674373786,0.00011167949597103567
FDBH18,2023-07-21 02:06:42,72.18,3.0,0.1,72.08666666666666,72.15,0,0,2.9983333333333335,0.09999999999999999,72.1028157951584,72.15100537995049,0.00022643342932587022,0.00010938325225740543
FDBH18,2023-07-21 02:06:46,72.07,2.99,0.1,71.99999999999999,72.05,0,0,3.0,0.09999999999999999,71.9933297795739,72.04100537995048,0.00023607834308932886,0.00010938325225740543
FDBH18,2023-07-21 02:06:50,71.99,3.0,0.1,71.92333333333333,71.97,0,0,3.0,0.09999999999999999,71.9128157951584,71.96191106995276,0.0002125336878370967,0.00010938325225740543
FDBH18,2023-07-21 02:06:54,71.91,3.0,0.1,71.84833333333334,71.89,0,0,2.9983333333333335,0.09999999999999999,71.83682012903334,71.88885850989112,0.0002125336878370967,0.00010938325225740543
FDBH18,2023-07-21 02:06:58,71.84,2.99,0.1,71.77833333333334,71.82,0,0,2.9983333333333335,0.09999999999999999,71.8048927204617,71.82390794540545,0.0002215866744484807,0.00010938325225740543
FDBH18,2023-07-21 02:07:01,71.78,3.0,0.1,71.73666666666666,71.77,0,0,2.9966666666666666,0.09999999999999999,71.7456891198411,71.76814802303537,0.00019841440397065549,0.00010938325225740543
FDBH18,2023-07-21 02:07:05,71.73,3.0,0.1,71.68166666666667,71.72,0,0,2.9933333333333336,0.09999999999999999,71.69791656382957,71.72320132507923,0.00020682050397425564,0.00010938325225740543
FDBH18,2023-07-21 02:07:09,71.67,2.99,0.1,71.635,71.66,0,0,2.9949999999999997,0.09999999999999999,71.63932848261993,71.66126486380035,0.00023138120644622604,0.00010938325225740543
FDBH18,2023-07-21 02:07:13,71.63,2.99,0.1,71.59333333333333,71.62,0,0,2.9949999999999997,0.09999999999999999,71.60133168299527,71.62126486380035,0.00023450544604023603,0.00010938325225740543
FDBH18,2023-07-21 02:07:17,71.59,2.99,0.1,71.55666666666667,71.58,0,0,2.9983333333333335,0.09999999999999999,71.56133168299527,71.58215876036478,0.00023450544604023603,0.00010938325225740543
FDBH18,2023-07-21 02:07:21,71.55,3.0,0.1,71.53499999999998,71.55,0,0,3.0,0.09999999999999999,71.52081769857976,71.543128947308,0.00021381524376546125,0.00010938325225740543
FDBH18,2023-07-21 02:07:25,71.53,3.0,0.1,71.50833333333334,71.53,0,0,3.0,0.09999999999999999,71.50877530849208,71.52394757323401,0.00024771117834925763,0.00010938325225740543
FDBH18,2023-07-21 02:07:29,71.5,3.0,0.1,71.48500000000001,71.5,0,0,3.0,0.09999999999999999,71.47877530849208,71.49394757323401,0.00024771117834925763,0.00010938325225740543
FDBH18,2023-07-21 02:07:33,71.48,3.0,0.1,71.47333333333334,71.48,0,0,2.9949999999999997,0.09999999999999999,71.45877530849208,71.47521217603752,0.00024771117834925763,0.00010938325225740543
FDBH18,2023-07-21 02:07:37,71.47,2.99,0.1,71.47333333333334,71.48,0,0,2.9949999999999997,0.09999999999999999,71.45294591123651,71.46593898202218,0.00024771117834925763,0.00010938325225740543
FDBH18,2023-07-21 02:07:41,71.47,3.0,0.1,71.47166666666668,71.48,0,0,2.9983333333333335,0.09999999999999999,71.45349880682195,71.46671431771982,0.0002690008820146676,0.00010938325225740543
FDBH18,2023-07-21 02:07:45,71.47,3.0,0.1,71.47166666666668,71.48,0,0,2.9966666666666666,0.09999999999999999,71.45467297975691,71.4687445668769,0.00025068958687558904,0.00010938325225740543
FDBH18,2023-07-21 02:07:49,71.47,2.99,0.1,71.46499999999999,71.47,0,0,2.9983333333333335,0.09999999999999999,71.4601397302999,71.4715773557883,0.0002580916154259535,0.00012124561586913372
FDBH18,2023-07-21 02:07:52,71.47,3.0,0.1,71.45666666666666,71.46,0,0,2.9983333333333335,0.09999999999999999,71.46322361034186,71.4707966730217,0.00025068958687558904,0.00012124561586913372
FDBH18,2023-07-21 02:07:56,71.46,3.0,0.1,71.44333333333333,71.45,0,0,3.0,0.09999999999999999,71.4540644472509,71.4596258523369,0.0002690008820146676,0.00012124561586913372
FDBH18,2023-07-21 02:08:00,71.44,3.0,0.1,71.44333333333333,71.45,0,0,3.0,0.09999999999999999,71.43409530545807,71.43813139697129,0.0002690008820146676,0.00012124561586913372
FDBH18,2023-07-21 02:08:04,71.45,3.0,0.1,71.44999999999999,71.46,0,0,3.0,0.09999999999999999,71.44409530545808,71.44813139697129,0.0002690008820146676,0.00012124561586913372
FDBH18,2023-07-21 02:08:08,71.45,3.0,0.1,71.49833333333332,71.58,0,0,3.0549999999999997,0.09999999999999999,71.45553026189458,71.48434439188449,0.00025068958687558904,0.00012124561586913372
FDBH18,2023-07-21 02:08:12,71.5,3.05,0.1,71.69000000000001,71.88,0,0,3.248333333333333,0.09999999999999999,71.5684603692996,71.94658474868781,0.000692837256355518,0.0001803014368229185
FDBH18,2023-07-21 02:08:16,71.72,3.29,0.1,72.02666666666669,72.28,0,0,3.4216666666666664,0.09999999999999999,71.91618088866157,72.04216085642531,0.0005183497086938123,0.00013151250968254405
FDBH18,2023-07-21 02:08:20,72.07,3.45,0.1,72.45333333333333,72.76,0,0,3.4966666666666675,0.09999999999999999,72.16559352779858,72.27053804607517,0.00022326756223332736,0.00010822272733144492
FDBH18,2023-07-21 02:08:24,72.5,3.48,0.1,72.94999999999999,73.26,0,0,3.58,0.09999999999999999,72.79991805904704,72.92237657030134,0.00029301258180458893,0.00010822272733144492
FDBH18,2023-07-21 02:08:28,73.02,3.61,0.1,73.47333333333334,73.84,0,0,3.6816666666666666,0.09999999999999999,73.30446769726713,73.39267268432094,0.0003217540978741979,0.00010822272733144492
FDBH18,2023-07-21 02:08:32,73.52,3.68,0.1,74.05333333333333,74.41,0,0,3.9316666666666666,0.09999999999999999,73.90974733546732,74.2365571488826,0.0009954758375876958,0.00010822272733144492
FDBH18,2023-07-21 02:08:36,74.13,4.01,0.1,74.62166666666667,74.98,0,0,4.078333333333334,0.09999999999999999,74.44313101786413,74.72556714989383,0.0004921723461023662,0.00010663172404576096
FDBH18,2023-07-21 02:08:39,74.55,4.06,0.1,75.05166666666666,75.4,0,0,4.161666666666666,0.09999999999999999,74.93999081715778,75.34800464743093,0.0005162356925182096,0.00012220014881820468
FDBH18,2023-07-21 02:08:43,75.14,4.18,0.1,75.60333333333334,75.93,0,0,4.281666666666666,0.09999999999999999,75.55709137679412,75.94711383573096,0.00046924598038830827,0.00012220014881820468
FDBH18,2023-07-21 02:08:47,75.68,4.28,0.1,76.11166666666668,76.4,0,0,4.390000000000001,0.09999999999999999,76.18475140152982,76.56753147353028,0.0005028648791801692,0.00012220014881820468
FDBH18,2023-07-21 02:08:51,76.17,4.4,0.1,76.55666666666666,76.82,0,0,4.510000000000001,0.09999999999999999,76.67475140152982,77.05753147353028,0.0005134257120993094,0.00012319436812821256
FDBH18,2023-07-21 02:08:55,76.61,4.51,0.1,76.98333333333333,77.24,0,0,4.648333333333333,0.09999999999999999,77.09973868602388,77.48115372380418,0.0008111886500712981,0.00012319436812821256
FDBH18,2023-07-21 02:08:59,77.04,4.67,0.1,77.33333333333333,77.5,0,0,4.696666666666666,0.09999999999999999,77.32669125610285,77.60957697801622,0.00047265276957924533,0.0001167646810151851
FDBH18,2023-07-21 02:09:03,77.38,4.69,0.1,77.62166666666666,77.81,0,0,4.79,0.09999999999999999,77.77545366335072,78.15623393779218,0.000495762236001306,0.00012319436812821256
FDBH18,2023-07-21 02:09:07,77.66,4.81,0.1,77.92,78.11,0,0,4.8999999999999995,0.09999999999999999,78.02302786469635,78.3968865630712,0.0004988110034674395,0.00012319436812821256
FDBH18,2023-07-21 02:09:11,77.95,4.89,0.1,78.23833333333333,78.44,0,0,5.0183333333333335,0.09999999999999999,78.36745745212156,78.78031311006482,0.0007956034730239124,0.00012319436812821256
FDBH18,2023-07-21 02:09:15,78.29,5.06,0.1,78.53166666666667,78.68,0,0,5.086666666666667,0.09999999999999999,78.49885754312855,78.68825047974242,0.00047555948938235546,0.0001167646810151851
FDBH18,2023-07-21 02:09:19,78.57,5.1,0.1,78.775,78.94,0,0,5.115,0.09999999999999999,78.75070759864163,78.87043607697254,0.0005167874223815063,0.0001167646810151851
FDBH18,2023-07-21 02:09:23,78.8,5.1,0.1,79.05333333333333,79.27,0,0,5.233333333333333,0.09999999999999999,79.15190697245063,79.46486930960553,0.000865167772881985,0.00012503246416496194
FDBH18,2023-07-21 02:09:26,79.0,5.23,0.1,79.325,79.59,0,0,5.34,0.09999999999999999,79.33032512022473,79.66435942554268,0.0005565929456478871,0.00012503246416496194
FDBH18,2023-07-21 02:09:30,79.37,5.36,0.1,79.75333333333334,80.04,0,0,5.491666666666667,0.09999999999999999,79.72190697245064,80.01861597679179,0.0008918619610000648,0.00012503246416496194
FDBH18,2023-07-21 02:09:34,79.81,5.49,0.1,80.18333333333334,80.41,0,0,5.618333333333332,0.09999999999999999,80.16190697245064,80.47435942554269,0.0008928548848064456,0.00012503246416496194
FDBH18,2023-07-21 02:09:38,80.23,5.61,0.1,80.56666666666666,80.84,0,0,5.653333333333333,0.09999999999999999,80.42927373190943,80.56339859315013,0.0005167874223815063,0.0001167646810151851
FDBH18,2023-07-21 02:09:42,80.61,5.67,0.1,80.98166666666668,81.23,0,0,5.665,0.09999999999999999,80.76654476707623,80.87578559599702,0.0005167874223815063,0.0001167646810151851
FDBH18,2023-07-21 02:09:46,81.04,5.67,0.1,81.35166666666667,81.52,0,0,5.670000000000001,0.09999999999999999,81.22093122529499,81.3098215333291,0.00047555948938235546,0.00011422492802287035
FDBH18,2023-07-21 02:09:50,81.4,5.67,0.1,81.57333333333334,81.67,0,0,5.695,0.09999999999999999,81.62373478561797,81.79617016695559,0.0005805420075229241,0.00011422492802287035
FDBH18,2023-07-21 02:09:54,81.61,5.67,0.1,81.73166666666667,81.85,0,0,5.8183333333333325,0.09999999999999999,81.97931320982629,82.33304957781218,0.0010374789123050894,0.00012051477962460384
FDBH18,2023-07-21 02:09:58,81.73,5.84,0.1,81.97666666666666,82.19,0,0,5.951666666666667,0.09999999999999999,82.05719467497266,82.44951682488335,0.0006617053603915113,0.00012051477962460384
FDBH18,2023-07-21 02:10:02,82.01,5.96,0.1,82.26333333333334,82.43,0,0,6.111666666666667,0.09999999999999999,82.33785368310032,82.68352222186739,0.001190359204761583,0.00012051477962460384
FDBH18,2023-07-21 02:10:06,82.28,6.13,0.1,82.565,82.77,0,0,6.234999999999999,0.09999999999999999,82.59648681362287,82.93292171725348,0.0007385492581290335,0.00014650955158523128
FDBH18,2023-07-21 02:10:10,82.59,6.25,0.1,82.89999999999999,83.12,0,0,6.291666666666667,0.09999999999999999,82.77324999434559,82.88419208372471,0.000685368264974192,0.00013886318129555472
FDBH18,2023-07-21 02:10:14,82.95,6.29,0.1,83.22833333333334,83.35,0,0,6.298333333333333,0.09999999999999999,83.11894186772425,83.18068734776122,0.000685368264974192,0.00013886318129555472
FDBH18,2023-07-21 02:10:17,83.22,6.3,0.1,83.35833333333333,83.4,0,0,6.343333333333334,0.09999999999999999,83.4217671841783,83.53896826154097,0.0007615859601027566,0.00014124462082536419
FDBH18,2023-07-21 02:10:21,83.38,6.34,0.1,83.39833333333333,83.41,0,0,6.456666666666667,0.09999999999999999,83.7402153022668,84.05470527174977,0.000705430280463537,0.0001595805121137923
FDBH18,2023-07-21 02:10:25,83.4,6.48,0.1,83.40666666666667,83.42,0,0,6.495,0.09999999999999999,83.56364438819134,83.64240476783036,0.000672553921913368,0.00013886318129555472
FDBH18,2023-07-21 02:10:29,83.42,6.5,0.1,83.415,83.43,0,0,6.5,0.09999999999999999,83.52853835144184,83.60536403757058,0.000672553921913368,0.00012438260533809018
FDBH18,2023-07-21 02:10:33,83.41,6.5,0.1,83.40333333333332,83.43,0,0,6.5,0.09999999999999999,83.51152781097356,83.57607636674007,0.0006857676054104394,0.00012438260533809018
FDBH18,2023-07-21 02:10:37,83.4,6.5,0.1,83.455,83.54,0,0,6.545000000000001,0.09999999999999999,83.54691947263304,83.63231001208904,0.0005774027753881229,0.00012815705485390432
FDBH18,2023-07-21 02:10:41,83.46,6.55,0.1,83.65833333333333,83.82,0,0,6.653333333333333,0.09999999999999999,83.7528971031161,83.84291427649427,0.0005917685568497202,0.00012815705485390432
FDBH18,2023-07-21 02:10:45,83.71,6.67,0.1,83.90833333333335,84.03,0,0,6.761666666666666,0.09999999999999999,83.96119220791647,83.97951164360104,0.0005867247741625407,0.00012815705485390432
FDBH18,2023-07-21 02:10:49,83.95,6.79,0.1,84.09333333333333,84.18,0,0,6.8,0.09999999999999999,84.0308594770927,84.06046594657484,0.0004405228933934308,0.00012146838961536278
FDBH18,2023-07-21 02:10:53,84.11,6.8,0.1,84.21166666666666,84.31,0,0,6.833333333333333,0.09999999999999999,84.26576227391828,84.3169940054171,0.0005544661603779342,0.00012146838961536278
FDBH18,2023-07-21 02:10:57,84.21,6.83,0.1,84.41666666666667,84.59,0,0,6.966666666666666,0.09999999999999999,84.53861134029749,84.71261717547169,0.0009750138941040607,0.000139590912086869
FDBH18,2023-07-21 02:11:01,84.44,6.98,0.1,84.705,84.89,0,0,7.131666666666667,0.09999999999999999,84.7686113402975,84.94156221776117,0.0011207535290024353,0.00014293985317393351
FDBH18,2023-07-21 02:11:04,84.68,7.13,0.1,84.93166666666666,85.13,0,0,7.218333333333334,0.09999999999999999,84.97495579698521,85.14559524538068,0.0007741004530680564,0.00013123172100456998
FDBH18,2023-07-21 02:11:08,84.97,7.23,0.1,85.25833333333334,85.51,0,0,7.326666666666667,0.09999999999999999,85.29428393253805,85.49488849857242,0.00070311094958542,0.00013123172100456998
FDBH18,2023-07-21 02:11:12,85.3,7.34,0.1,85.64166666666667,85.85,0,0,7.39,0.09999999999999999,85.5087190286783,85.60991423159469,0.000670342610218968,0.00013123172100456998
FDBH18,2023-07-21 02:11:16,85.71,7.39,0.1,85.93666666666667,86.05,0,0,7.4433333333333325,0.09999999999999999,85.92736918695608,86.02769622957545,0.000723806211286567,0.00013123172100456998
FDBH18,2023-07-21 02:11:20,85.99,7.45,0.1,86.12833333333333,86.23,0,0,7.551666666666666,0.09999999999999999,86.3178989385729,86.55925804224053,0.0007591860249595726,0.00013123172100456998
FDBH18,2023-07-21 02:11:24,86.13,7.57,0.1,86.30333333333333,86.4,0,0,7.653333333333332,0.09999999999999999,86.42567923998503,86.60295851771298,0.0008374996708717522,0.00013123172100456998
FDBH18,2023-07-21 02:11:28,86.35,7.68,0.1,86.42166666666668,86.47,0,0,7.693333333333334,0.09999999999999999,86.53641945605202,86.64344645675467,0.0006788199475287337,0.00012438260533809018
FDBH18,2023-07-21 02:11:32,86.42,7.69,0.1,86.47666666666667,86.5,0,0,7.705000000000001,0.09999999999999999,86.57459294001981,86.66555225527215,0.0006819762565486162,0.00012438260533809018
FDBH18,2023-07-21 02:11:36,86.5,7.69,0.1,86.51,86.58,0,0,7.805000000000001,0.09999999999999999,86.80581685385062,87.11224892918075,0.0006727836942297662,0.00014293985317393351
FDBH18,2023-07-21 02:11:40,86.51,7.84,0.1,86.625,86.7,0,0,7.883333333333333,0.09999999999999999,86.67242723285325,86.76265267266453,0.0006953749320717053,0.00012438260533809018
FDBH18,2023-07-21 02:11:44,86.63,7.89,0.1,86.735,86.77,0,0,7.891666666666667,0.09999999999999999,86.73493848417527,86.77117579329419,0.0005404551616686344,0.00012146838961536278
FDBH18,2023-07-21 02:11:48,86.77,7.89,0.1,86.75666666666666,86.77,0,0,7.906666666666666,0.09999999999999999,86.88385451727105,86.92926069323735,0.00046971353689478646,0.00012146838961536278
FDBH18,2023-07-21 02:11:52,86.75,7.9,0.1,86.73833333333334,86.75,0,0,7.963333333333334,0.09999999999999999,86.91377822233459,86.97313627260245,0.00036607781789535715,0.00012815705485390432
FDBH18,2023-07-21 02:11:55,86.74,7.96,0.1,86.71499999999999,86.74,0,0,7.988333333333334,0.09999999999999999,86.84360183389748,86.89134474633579,0.00033715791883498096,0.00012146838961536278
FDBH18,2023-07-21 02:11:59,86.7,7.99,0.1,86.66166666666665,86.71,0,0,8.046666666666667,0.09999999999999999,86.83878334487123,86.86606062249977,0.0003342835166797782,0.00012815705485390432
FDBH18,2023-07-21 02:12:03,86.65,8.05,0.1,86.63333333333333,86.66,0,0,8.136666666666667,0.09999999999999999,86.84293956096477,86.81933224476592,0.000449070175831455,0.00012815705485390432
FDBH18,2023-07-21 02:12:07,86.62,8.12,0.1,86.71,86.79,0,0,8.243333333333334,0.09999999999999999,86.77307113802253,86.86062271482145,0.0007418631037353101,0.00016245326069599489
FDBH18,2023-07-21 02:12:11,86.73,8.3,0.1,86.82166666666667,86.89,0,0,8.31,0.09999999999999999,86.76829836281686,86.78600552109675,0.0003408068430231315,0.00014136303178834326
FDBH18,2023-07-21 02:12:15,86.83,8.31,0.1,86.91499999999998,86.98,0,0,8.371666666666668,0.09999999999999999,86.91308674339531,86.95906367992222,0.0003408068430231315,0.00014914703345769392
FDBH18,2023-07-21 02:12:19,86.9,8.38,0.1,87.05,87.13,0,0,8.476666666666667,0.09999999999999999,87.04419057180958,87.07845098295829,0.00048680264207121287,0.00014914703345769392
FDBH18,2023-07-21 02:12:23,87.08,8.49,0.1,87.21166666666669,87.34,0,0,8.555000000000001,0.09999999999999999,87.1857892363918,87.23575283496756,0.0003623746979763504,0.00012815705485390432
FDBH18,2023-07-21 02:12:27,87.23,8.57,0.1,87.40499999999999,87.52,0,0,8.653333333333334,0.09999999999999999,87.43787142043048,87.46215059049806,0.0005553613676026386,0.00012815705485390432
FDBH18,2023-07-21 02:12:31,87.43,8.67,0.1,87.59666666666668,87.7,0,0,8.691666666666665,0.09999999999999999,87.55567698716565,87.5891726986283,0.00044235809449351995,0.00012146838961536278
FDBH18,2023-07-21 02:12:35,87.63,8.69,0.1,87.76333333333332,87.85,0,0,8.705,0.09999999999999999,87.74895896806589,87.7927974550874,0.0007104938762175318,0.00012146838961536278
FDBH18,2023-07-21 02:12:39,87.78,8.69,0.1,87.88499999999999,87.96,0,0,8.788333333333332,0.09999999999999999,88.00871764497951,88.10608100853975,0.0009320307042414287,0.00013123172100456998
FDBH18,2023-07-21 02:12:42,87.87,8.78,0.1,87.98666666666666,88.07,0,0,8.858333333333333,0.09999999999999999,88.05534192950785,88.11448722587896,0.0008886030943483249,0.00013123172100456998
FDBH18,2023-07-21 02:12:46,88.01,8.88,0.1,88.13,88.2,0,0,8.891666666666667,0.09999999999999999,88.1344690981479,88.20136248746314,0.0009141101299668523,0.00012438260533809018
FDBH18,2023-07-21 02:12:50,88.15,8.89,0.1,88.22333333333334,88.27,0,0,8.901666666666666,0.09999999999999999,88.25601425640704,88.31956650425126,0.0008360080689383705,0.00012438260533809018
FDBH18,2023-07-21 02:12:54,88.23,8.89,0.1,88.295,88.36,0,0,8.983333333333334,0.09999999999999999,88.44807945098249,88.56393068772272,0.001013080566389532,0.00013123172100456998
FDBH18,2023-07-21 02:12:58,88.3,8.99,0.1,88.41833333333334,88.5,0,0,9.075000000000001,0.09999999999999999,88.49757981853429,88.60899957093346,0.0008610044773617565,0.00012815705485390432
FDBH18,2023-07-21 02:13:02,88.44,9.09,0.1,88.495,88.5,0,0,9.090000000000002,0.09999999999999999,88.5247885273758,88.57636023721825,0.00048084627304431117,0.00012146838961536278
FDBH18,2023-07-21 02:13:06,88.5,9.09,0.1,88.44500000000001,88.5,0,0,9.090000000000002,0.09999999999999999,88.5847885273758,88.63415714943243,0.00048084627304431117,0.00012146838961536278
FDBH18,2023-07-21 02:13:10,88.45,9.09,0.1,88.34166666666665,88.42,0,0,9.096666666666666,0.09999999999999999,88.54257028765355,88.58181675907751,0.00044891014051920127,0.00012146838961536278
FDBH18,2023-07-21 02:13:14,88.32,9.09,0.1,88.335,88.38,0,0,9.159999999999998,0.09999999999999999,88.42388576112103,88.47242163585186,0.0005044904664670114,0.00012815705485390432
FDBH18,2023-07-21 02:13:18,88.33,9.17,0.1,88.45166666666667,88.57,0,0,9.255,0.09999999999999999,88.4586858303871,88.51524562435652,0.0005291557529813396,0.00014914703345769392
FDBH18,2023-07-21 02:13:22,88.47,9.28,0.1,88.71833333333335,88.95,0,0,9.29,0.09999999999999999,88.50246903857982,88.5369137170251,0.00034909494413902796,0.00014136303178834326
FDBH18,2023-07-21 02:13:26,88.76,9.29,0.1,89.07333333333332,89.29,0,0,9.293333333333333,0.09999999999999999,88.8041629887229,88.847421736518,0.00034909494413902796,0.00014136303178834326
FDBH18,2023-07-21 02:13:30,89.12,9.29,0.1,89.44666666666667,89.7,0,0,9.358333333333333,0.09999999999999999,89.22390371804309,89.29243267487747,0.0004893492758050965,0.00012815705485390432
FDBH18,2023-07-21 02:13:33,89.4,9.35,0.1,89.77,90.06,0,0,9.438333333333334,0.09999999999999999,89.57910957516981,89.70507442492176,0.0008978938192476092,0.00013123172100456998
FDBH18,2023-07-21 02:13:37,89.84,9.46,0.1,90.22500000000001,90.5,0,0,9.488333333333335,0.09999999999999999,89.9727952901942,90.06187245937153,0.000855228296777459,0.00012438260533809018
FDBH18,2023-07-21 02:13:41,90.27,9.49,0.1,90.67333333333335,90.95,0,0,9.49,0.09999999999999999,90.38374104395473,90.50477291193455,0.0009191512030502943,0.00012438260533809018
FDBH18,2023-07-21 02:13:45,90.72,9.49,0.1,91.105,91.39,0,0,9.493333333333334,0.09999999999999999,90.88101473589577,90.9863904573293,0.0010247502957813639,0.00012438260533809018
FDBH18,2023-07-21 02:13:49,91.15,9.49,0.1,91.53666666666668,91.8,0,0,9.533333333333333,0.09999999999999999,91.36224410094289,91.59102560122263,0.0008750905508944062,0.00012438260533809018
FDBH18,2023-07-21 02:13:53,91.59,9.55,0.1,91.93666666666667,92.16,0,0,9.556666666666667,0.09999999999999999,91.78960302487522,91.91893330484189,0.000823294652722525,0.00012438260533809018
FDBH18,2023-07-21 02:13:57,92.0,9.55,0.1,92.305,92.54,0,0,9.558333333333335,0.09999999999999999,92.19960302487522,92.32893330484188,0.000823294652722525,0.00012438260533809018
FDBH18,2023-07-21 02:14:01,92.36,9.56,0.1,92.68333333333334,92.9,0,0,9.556666666666667,0.09999999999999999,92.5366756669534,92.6794255230487,0.000823294652722525,0.00012438260533809018
FDBH18,2023-07-21 02:14:05,92.74,9.55,0.1,93.015,93.23,0,0,9.553333333333335,0.09999999999999999,92.92128465568211,93.03783262018416,0.0007531971954739869,0.00013090104788603005
FDBH18,2023-07-21 02:14:09,93.04,9.55,0.1,93.355,93.58,0,0,9.556666666666667,0.09999999999999999,93.21449898611576,93.33783262018417,0.000897851512902198,0.00013090104788603005
FDBH18,2023-07-21 02:14:13,93.38,9.56,0.1,93.645,93.76,0,0,9.535,0.09999999999999999,93.50930224820549,93.63205097050849,0.0009872984078278476,0.00013612196436427898
FDBH18,2023-07-21 02:14:17,93.69,9.53,0.1,93.84833333333334,93.97,0,0,9.498333333333333,0.09999999999999999,93.83301981897354,93.93436981251088,0.0009930854534143387,0.00013612196436427898
FDBH18,2023-07-21 02:14:20,93.83,9.5,0.1,94.01166666666666,94.15,0,0,9.491666666666669,0.09999999999999999,93.9442450240371,94.06956705349081,0.0008570208596724865,0.00012168469246129743
FDBH18,2023-07-21 02:14:24,94.04,9.49,0.1,94.22166666666668,94.35,0,0,9.491666666666667,0.09999999999999999,94.11943213308545,94.26121965397735,0.0008744655024856548,0.00012168469246129743
FDBH18,2023-07-21 02:14:28,94.23,9.49,0.1,94.44,94.6,0,0,9.491666666666669,0.09999999999999999,94.30184091956481,94.40709861348101,0.0008272384660837944,0.00012168469246129743
FDBH18,2023-07-21 02:14:32,94.47,9.49,0.1,94.69166666666666,94.86,0,0,9.491666666666667,0.09999999999999999,94.53705514234967,94.647098613481,0.0007610965008740749,0.00012168469246129743
FDBH18,2023-07-21 02:14:36,94.71,9.49,0.1,94.95833333333333,95.13,0,0,9.491666666666669,0.09999999999999999,94.77705514234967,94.87527203529875,0.0008272384660837944,0.00012168469246129743
FDBH18,2023-07-21 02:14:40,94.99,9.49,0.1,95.27166666666666,95.5,0,0,9.49,0.09999999999999999,95.06071385606968,95.15139880492559,0.0007610965008740749,0.00012168469246129743
FDBH18,2023-07-21 02:14:44,95.3,9.49,0.1,95.665,95.97,0,0,9.488333333333335,0.09999999999999999,95.41126316867827,95.48283321889177,0.0007610965008740749,0.00012168469246129743
FDBH18,2023-07-21 02:14:48,95.69,9.49,0.1,96.14666666666666,96.49,0,0,9.486666666666666,0.09999999999999999,95.79831442530019,95.88465979707402,0.0005313220897180985,0.00013206238366996007
FDBH18,2023-07-21 02:14:52,96.2,9.49,0.1,96.75333333333333,97.2,0,0,9.488333333333335,0.09999999999999999,96.31020484225276,96.42185999645898,0.0005288626663293429,0.00013206238366996007
FDBH18,2023-07-21 02:14:56,96.83,9.49,0.1,97.50000000000001,98.01,0,0,9.49,0.09999999999999999,96.96709858498991,97.07578774530806,0.0006614752754803293,0.00013206238366996007
FDBH18,2023-07-21 02:15:00,97.59,9.49,0.1,98.33999999999999,98.9,0,0,9.49,0.09999999999999999,97.77655831452307,97.8779547333858,0.0006104859928751045,0.00013206238366996007
FDBH18,2023-07-21 02:15:04,98.45,9.49,0.1,99.24666666666667,99.81,0,0,9.488333333333333,0.09999999999999999,98.64340525192989,98.76500373567364,0.0006104859928751045,0.00013206238366996007
FDBH18,2023-07-21 02:15:07,99.16,9.49,0.1,99.94166666666666,100.53,0,0,9.481666666666667,0.09999999999999999,99.41466083333937,99.51013408783646,0.0006993818070175965,0.00013206238366996007
FDBH18,2023-07-21 02:15:11,100.06,9.49,0.1,100.80333333333333,101.25,0,0,9.383333333333333,0.09999999999999999,100.52856689664449,100.42952163392653,0.0008103599064929401,0.00016753669452788066
FDBH18,2023-07-21 02:15:15,100.93,9.37,0.1,101.415,101.66,0,0,9.146666666666667,0.09999999999999999,101.37775641946827,101.30763086276869,0.0010520572247872013,0.0002041970390690497
FDBH18,2023-07-21 02:15:19,101.51,9.09,0.1,101.65166666666666,101.69,0,0,8.868333333333332,0.09999999999999999,101.92551763258483,101.93292215425483,0.0011781516178091477,0.0002060435126457922
FDBH18,2023-07-21 02:15:23,101.69,8.85,0.1,101.46333333333332,101.66,0,0,8.596666666666666,0.09999999999999999,101.92462752490948,101.93972872774826,0.0011992261440796604,0.0002060435126457922
FDBH18,2023-07-21 02:15:27,101.44,8.55,0.1,100.945,101.32,0,0,8.373333333333333,0.09999999999999999,101.54058490613788,101.641532706071,0.001319329537215927,0.00023363793668427628
FDBH18,2023-07-21 02:15:31,100.89,8.35,0.1,100.245,100.72,0,0,8.228333333333333,0.09999999999999999,100.76372072306894,101.02348747398995,0.0020628856967160954,0.000166967873462107
FDBH18,2023-07-21 02:15:35,100.14,8.21,0.1,99.58166666666666,99.98,0,0,8.201666666666668,0.09999999999999999,100.01779768524622,100.19879236169079,0.001925029425613898,0.00013968253427776393
FDBH18,2023-07-21 02:15:39,99.48,8.2,0.1,99.07499999999999,99.36,0,0,8.196666666666665,0.09999999999999999,99.34260499100759,99.42805516987373,0.0019191836294981575,0.0001538228757517052
FDBH18,2023-07-21 02:15:43,99.0,8.2,0.1,98.78333333333335,98.91,0,0,8.191666666666665,0.09999999999999999,98.79600583606963,98.85655131256036,0.0020262160695108822,0.0001538228757517052
FDBH18,2023-07-21 02:15:47,98.74,8.19,0.1,98.67333333333333,98.7,0,0,8.193333333333333,0.09999999999999999,98.47422163950644,98.57969914425018,0.0014579004172684403,0.0001538228757517052
FDBH18,2023-07-21 02:15:51,98.67,8.19,0.1,98.67166666666667,98.69,0,0,8.196666666666665,0.09999999999999999,98.3901507007276,98.53463882529523,0.0011014714311379462,0.00013565394068284063
FDBH18,2023-07-21 02:15:55,98.67,8.2,0.1,98.73833333333334,98.81,0,0,8.195,0.09999999999999999,98.47526412384664,98.56516766897776,0.0009720530425199312,0.00013565394068284063
FDBH18,2023-07-21 02:15:58,98.72,8.2,0.1,98.81,98.85,0,0,8.193333333333333,0.09999999999999999,98.61212172162813,98.6542032410538,0.0008527357192091048,0.00013565394068284063
FDBH18,2023-07-21 02:16:02,98.83,8.2,0.1,98.89,98.95,0,0,8.191666666666665,0.09999999999999999,98.7040404317528,98.78631812686292,0.0006247571653297971,0.00019010061927916152
FDBH18,2023-07-21 02:16:06,98.91,8.19,0.1,98.98,99.02,0,0,8.196666666666665,0.09999999999999999,98.85266595442111,98.89851159898933,0.0005173427141696471,0.0001125115064732979
FDBH18,2023-07-21 02:16:10,99.01,8.2,0.1,99.03166666666668,99.07,0,0,8.193333333333333,0.09999999999999999,99.00654582096672,99.02450723315147,0.0002669854313864585,0.0001125115064732979
FDBH18,2023-07-21 02:16:14,99.03,8.19,0.1,99.085,99.12,0,0,8.193333333333333,0.09999999999999999,99.0559597368408,99.09315367943842,0.00026545781161914394,0.0001125115064732979
FDBH18,2023-07-21 02:16:18,99.1,8.19,0.1,99.12666666666667,99.16,0,0,8.195,0.09999999999999999,99.1418962453498,99.1794496794384,0.00026545781161914394,0.0001125115064732979
FDBH18,2023-07-21 02:16:22,99.13,8.2,0.1,99.165,99.18,0,0,8.193333333333333,0.09999999999999999,99.17369284787107,99.2094496794384,0.00026545781161914394,0.0001125115064732979
FDBH18,2023-07-21 02:16:26,99.18,8.19,0.1,99.17833333333333,99.19,0,0,8.195,0.09999999999999999,99.20558529021382,99.24315367943842,0.00026545781161914394,0.0001125115064732979
FDBH18,2023-07-21 02:16:30,99.19,8.19,0.1,99.18666666666667,99.19,0,0,8.195,0.09999999999999999,99.2157326653498,99.25315367943841,0.00026545781161914394,0.0001125115064732979
FDBH18,2023-07-21 02:16:34,99.18,8.2,0.1,99.22333333333334,99.25,0,0,8.193333333333333,0.09999999999999999,99.20080966123746,99.22699692175995,0.00026545781161914394,0.0001125115064732979
FDBH18,2023-07-21 02:16:38,99.24,8.2,0.1,99.25999999999999,99.28,0,0,8.19,0.09999999999999999,99.2522923633508,99.27771745198267,0.0002445617974938116,0.0001125115064732979
FDBH18,2023-07-21 02:16:42,99.26,8.19,0.1,99.31833333333333,99.37,0,0,8.191666666666665,0.09999999999999999,99.27568484031224,99.29975945358268,0.00026545781161914394,0.0001125115064732979
FDBH18,2023-07-21 02:16:45,99.3,8.19,0.1,99.375,99.43,0,0,8.193333333333333,0.09999999999999999,99.31568484031223,99.33975945358267,0.00026545781161914394,0.0001125115064732979
FDBH18,2023-07-21 02:16:49,99.37,8.19,0.1,99.45666666666666,99.52,0,0,8.196666666666665,0.09999999999999999,99.38545776882123,99.40975945358268,0.0002732957774566598,0.0001125115064732979
FDBH18,2023-07-21 02:16:53,99.46,8.2,0.1,99.56166666666667,99.64,0,0,8.196666666666667,0.09999999999999999,99.48080966123744,99.50699692175994,0.00026545781161914394,0.0001125115064732979
FDBH18,2023-07-21 02:16:57,99.58,8.19,0.1,99.69333333333333,99.79,0,0,8.198333333333332,0.09999999999999999,99.6057326653498,99.64315367943841,0.00026545781161914394,0.0001125115064732979
FDBH18,2023-07-21 02:17:01,99.72,8.2,0.1,99.84500000000001,99.95,0,0,8.196666666666665,0.09999999999999999,99.7664993316408,99.79944967943841,0.00030685687970351207,0.0001125115064732979
FDBH18,2023-07-21 02:17:05,99.86,8.2,0.1,99.995,100.09,0,0,8.193333333333333,0.09999999999999999,99.91710957027671,99.95728117605056,0.0003071620090160887,0.0001125115064732979
FDBH18,2023-07-21 02:17:09,100.01,8.19,0.1,67.07333333333334,100.2,0,0,8.193333333333333,0.09999999999999999,100.07740717335611,100.11357075141056,0.0003283408094185957,0.0001125115064732979
FDBH18,2023-07-21 02:17:13,1.0,8.19,0.1,83.79833333333333,100.44,0,0,8.191666666666665,0.09999999999999999,0.5884053520218859,0.7828089476470413,0.0027562342030112348,0.00017065204025864953
FDBH18,2023-07-21 02:17:17,100.39,8.19,0.1,100.51333333333332,100.62,0,0,8.193333333333333,0.09999999999999999,100.15012813072413,100.33993802828427,0.002752166017979764,0.00014288608036490958
FDBH18,2023-07-21 02:17:21,100.53,8.19,0.1,100.70666666666666,100.82,0,0,8.193333333333333,0.09999999999999999,100.29012813072413,100.47993802828427,0.0029628859469749175,0.00014288608036490958
FDBH18,2023-07-21 02:17:25,100.74,8.19,0.1,100.87833333333333,100.96,0,0,8.19,0.09999999999999999,100.5571011727645,100.74711455196454,0.0027285181252833294,0.00014288608036490958
FDBH18,2023-07-21 02:17:29,100.89,8.19,0.1,101.02333333333333,101.12,0,0,8.191666666666665,0.09999999999999999,101.0108923435596,101.07675715817463,0.0027776544965881977,0.0001354151396841348
FDBH18,2023-07-21 02:17:33,101.04,8.19,0.1,101.17,101.24,0,0,8.198333333333332,0.09999999999999999,101.64392491983779,101.41003847652541,0.0031051971736224585,0.0002802984842514322
FDBH18,2023-07-21 02:17:36,101.16,8.2,0.1,101.25999999999999,101.33,0,0,8.198333333333332,0.09999999999999999,101.61487763656538,101.48812849793963,0.0032623952183827324,0.0002802984842514322
FDBH18,2023-07-21 02:17:40,101.28,8.2,0.1,101.36333333333333,101.42,0,0,8.191666666666665,0.09999999999999999,101.65355537341811,101.58305102430116,0.0033244977872692698,0.0002802984842514322
FDBH18,2023-07-21 02:17:44,101.36,8.19,0.1,101.31666666666666,101.42,0,0,8.016666666666666,0.09999999999999999,101.94368462317323,101.69760072486626,0.0031075195655800936,0.0002802984842514322
FDBH18,2023-07-21 02:17:48,101.31,7.96,0.1,100.98833333333333,101.23,0,0,7.816666666666666,0.09999999999999999,101.36631662645031,101.43302334562037,0.0006833954315973469,0.00014379670527930373
FDBH18,2023-07-21 02:17:52,100.95,7.8,0.1,100.50999999999999,100.83,0,0,7.798333333333333,0.09999999999999999,100.96607670492703,101.0025602791175,0.00038243007246018706,0.00012029746638662889
FDBH18,2023-07-21 02:17:56,100.44,7.8,0.1,100.02333333333333,100.31,0,0,7.796666666666666,0.09999999999999999,100.44853754500804,100.4746444096264,0.0003846305689804757,0.00013655253425561234
FDBH18,2023-07-21 02:18:00,99.97,7.79,0.1,99.615,99.85,0,0,7.793333333333333,0.09999999999999999,99.85836267981598,99.91742141757831,0.0007061068054317914,0.00013565394068284063
FDBH18,2023-07-21 02:18:04,99.55,7.79,0.1,99.32333333333334,99.47,0,0,7.79,0.09999999999999999,99.4058278998985,99.48744665655865,0.0006858233507593057,0.00013565394068284063
FDBH18,2023-07-21 02:18:08,99.28,7.79,0.1,99.16333333333334,99.23,0,0,7.79,0.09999999999999999,99.21292259683179,99.22163747662894,0.0009216993115015306,0.00013565394068284063
FDBH18,2023-07-21 02:18:12,99.16,7.79,0.1,99.08833333333332,99.13,0,0,7.796666666666666,0.09999999999999999,99.0710335499475,99.08577922008422,0.0011014714311379462,0.00013565394068284063
FDBH18,2023-07-21 02:18:16,99.07,7.8,0.1,99.045,99.07,0,0,7.796666666666667,0.09999999999999999,98.95298039601047,99.0042032410538,0.0008527357192091048,0.00013565394068284063
FDBH18,2023-07-21 02:18:20,99.04,7.8,0.1,99.01666666666667,99.04,0,0,7.796666666666667,0.09999999999999999,98.85046933880461,99.00787054335244,0.0005309934474943521,0.00013206238366996007
FDBH18,2023-07-21 02:18:23,99.04,7.8,0.1,98.98,99.02,0,0,7.798333333333333,0.09999999999999999,98.87508705112812,98.9872856579515,0.0005444179181054689,0.00013206238366996007
FDBH18,2023-07-21 02:18:27,98.99,7.8,0.1,98.91000000000001,98.96,0,0,7.798333333333332,0.09999999999999999,98.87935474066919,98.95105007629988,0.000532916558956162,0.00011521085738939225
FDBH18,2023-07-21 02:18:31,98.91,7.79,0.1,98.81,98.89,0,0,7.796666666666666,0.09999999999999999,98.85609624280634,98.8952082216643,0.0003013487803930008,0.0001125115064732979
FDBH18,2023-07-21 02:18:35,98.79,7.79,0.1,98.70666666666666,98.77,0,0,7.793333333333333,0.09999999999999999,98.74873585645447,98.7809191816652,0.00027173652031202476,0.0001125115064732979
FDBH18,2023-07-21 02:18:39,98.7,7.79,0.1,98.54833333333333,98.67,0,0,7.791666666666667,0.09999999999999999,98.66025625128113,98.69179764739339,0.0002819418509989485,0.0001125115064732979
FDBH18,2023-07-21 02:18:43,98.52,7.79,0.1,98.38166666666666,98.47,0,0,7.79,0.09999999999999999,98.47440901809269,98.5108141163446,0.0002901647003568661,0.0001125115064732979
FDBH18,2023-07-21 02:18:47,98.37,7.79,0.1,98.20333333333333,98.33,0,0,7.794999999999999,0.09999999999999999,98.30767864565233,98.35483317242047,0.0003288268856008602,0.0001125115064732979
FDBH18,2023-07-21 02:18:51,98.17,7.8,0.1,98.03166666666668,98.14,0,0,7.796666666666667,0.09999999999999999,98.05948345086475,98.13527118206481,0.00031081095874784426,0.0001125115064732979
FDBH18,2023-07-21 02:18:55,98.01,7.8,0.1,97.86000000000001,97.98,0,0,7.794999999999999,0.09999999999999999,97.89546458477508,97.97105007629989,0.0004902575565870734,0.0001125115064732979
FDBH18,2023-07-21 02:18:59,97.82,7.8,0.1,97.68833333333333,97.8,0,0,7.794999999999999,0.09999999999999999,97.71081936987467,97.78095530167472,0.0004902575565870734,0.00011521085738939225
FDBH18,2023-07-21 02:19:03,97.66,7.8,0.1,97.50833333333334,97.63,0,0,7.793333333333333,0.09999999999999999,97.5507882064894,97.6223936288992,0.0005827195320108822,0.00011521085738939225
FDBH18,2023-07-21 02:19:07,97.48,7.79,0.1,97.34500000000001,97.43,0,0,7.798333333333333,0.09999999999999999,97.34552875399606,97.43815488168477,0.0006075312017777869,0.00013206238366996007
FDBH18,2023-07-21 02:19:10,97.37,7.8,0.1,97.22333333333334,97.33,0,0,7.8,0.09999999999999999,97.23575582548708,97.32815488168477,0.0005827195320108822,0.00013206238366996007
FDBH18,2023-07-21 02:19:14,97.2,7.8,0.1,97.08333333333333,97.15,0,0,7.8,0.09999999999999999,97.07165692067323,97.15815488168477,0.0005827195320108822,0.00013206238366996007
FDBH18,2023-07-21 02:19:18,97.07,7.8,0.1,96.96333333333332,97.05,0,0,7.798333333333333,0.09999999999999999,96.9362455476951,97.02815488168476,0.0005518631987131052,0.00013206238366996007
FDBH18,2023-07-21 02:19:22,96.95,7.8,0.1,96.83333333333333,96.9,0,0,7.796666666666667,0.09999999999999999,96.84668930167558,96.90743973330449,0.0005046960753493724,0.00011521085738939225
FDBH18,2023-07-21 02:19:26,96.82,7.8,0.1,96.71166666666666,96.79,0,0,7.794999999999999,0.09999999999999999,96.72046324581896,96.77743973330448,0.0005046960753493724,0.00011521085738939225
FDBH18,2023-07-21 02:19:30,96.71,7.79,0.1,96.565,96.66,0,0,7.798333333333333,0.09999999999999999,96.60084175369711,96.67161619438284,0.0004840667257243071,0.0001125115064732979
FDBH18,2023-07-21 02:19:34,96.55,7.8,0.1,96.45,96.51,0,0,7.791666666666667,0.09999999999999999,96.44106882518811,96.5130462166218,0.00048408546883716466,0.0001125115064732979
FDBH18,2023-07-21 02:19:38,96.45,7.79,0.1,96.33999999999999,96.4,0,0,7.798333333333333,0.09999999999999999,96.34069437856112,96.41304621662181,0.0004899465359387943,0.0001125115064732979
FDBH18,2023-07-21 02:19:42,96.33,7.79,0.1,96.32666666666667,96.36,0,0,7.890000000000001,0.09999999999999999,96.29038503098742,96.38310656717213,0.0006995631699290188,0.00011870701887961235
FDBH18,2023-07-21 02:19:46,96.33,7.91,0.1,96.395,96.47,0,0,7.989999999999999,0.09999999999999999,96.30920693479409,96.36812407123803,0.00048164580521571854,0.00012608556226124582
FDBH18,2023-07-21 02:19:50,96.39,8.0,0.1,96.53666666666668,96.63,0,0,8.0,0.09999999999999999,96.38918271946855,96.39881464208355,0.0003513811814799929,0.00013376512358369934
FDBH18,2023-07-21 02:19:54,96.56,8.0,0.1,96.66666666666667,96.72,0,0,7.993333333333335,0.09999999999999999,96.58067467713164,96.59147365326353,0.00034193687167089853,0.00013376512358369934
FDBH18,2023-07-21 02:19:58,96.69,7.99,0.1,96.76166666666667,96.81,0,0,7.998333333333334,0.09999999999999999,96.7325227328271,96.74754498334349,0.0002950354928768565,0.00013788165542854725
FDBH18,2023-07-21 02:20:01,96.75,8.0,0.1,96.805,96.82,0,0,8.001666666666667,0.09999999999999999,96.82202862424391,96.83950379059922,0.00029334742519693133,0.00013788165542854725
FDBH18,2023-07-21 02:20:05,96.81,8.0,0.1,96.80000000000001,96.82,0,0,8.0,0.09999999999999999,96.85890484563178,96.91515355611563,0.0003346700573607246,0.00012146838961536278
FDBH18,2023-07-21 02:20:09,96.81,8.0,0.1,96.74666666666667,96.79,0,0,8.0,0.09999999999999999,96.87773072925106,96.913676557469,0.00034860962142654997,0.00012146838961536278
FDBH18,2023-07-21 02:20:13,96.73,8.0,0.1,96.66666666666667,96.72,0,0,8.0,0.09999999999999999,96.78220196740483,96.82168354289419,0.00034355101855709807,0.00011950499770039253
FDBH18,2023-07-21 02:20:17,96.66,8.0,0.1,96.54333333333334,96.62,0,0,7.998333333333334,0.09999999999999999,96.68538167010729,96.72321676728129,0.00025509574323309426,0.0001125115064732979
FDBH18,2023-07-21 02:20:21,96.53,8.0,0.1,96.43333333333334,96.5,0,0,8.0,0.09999999999999999,96.5317606168759,96.5535185091844,0.00026545781161914394,0.0001125115064732979
FDBH18,2023-07-21 02:20:25,96.42,8.0,0.1,96.30666666666667,96.4,0,0,8.0,0.09999999999999999,96.39801173800046,96.41944772516794,0.0002669854313864585,0.0001125115064732979
FDBH18,2023-07-21 02:20:29,96.28,8.0,0.1,96.15500000000002,96.25,0,0,7.998333333333334,0.09999999999999999,96.23318790864634,96.27138023442755,0.00026460926536382777,0.0001125115064732979
FDBH18,2023-07-21 02:20:33,96.13,8.0,0.1,96.00166666666667,96.1,0,0,7.998333333333334,0.09999999999999999,96.05665558604193,96.11539929050342,0.0002538549708858133,0.0001125115064732979
FDBH18,2023-07-21 02:20:37,95.97,8.0,0.1,95.86666666666667,95.94,0,0,8.0,0.09999999999999999,95.86492578392709,95.94253938392742,0.0002719183646128913,0.0001125115064732979
FDBH18,2023-07-21 02:20:41,95.86,8.0,0.1,95.73333333333333,95.83,0,0,7.998333333333334,0.09999999999999999,95.75092145005213,95.82280086046312,0.000399406715884244,0.0001125115064732979
FDBH18,2023-07-21 02:20:45,95.71,8.0,0.1,95.625,95.67,0,0,7.995,0.09999999999999999,95.60035381760584,95.67280086046311,0.0004341639068420682,0.0001125115064732979
FDBH18,2023-07-21 02:20:48,95.65,7.99,0.1,95.54166666666667,95.62,0,0,7.998333333333334,0.09999999999999999,95.53997937097884,95.61304621662181,0.0004164163441569365,0.0001125115064732979
FDBH18,2023-07-21 02:20:52,95.53,8.0,0.1,95.41333333333334,95.5,0,0,7.998333333333334,0.09999999999999999,95.42020644246985,95.4930462166218,0.000399406715884244,0.0001125115064732979
FDBH18,2023-07-21 02:20:56,95.4,8.0,0.1,95.28000000000002,95.37,0,0,7.996666666666667,0.09999999999999999,95.29020644246985,95.36304621662181,0.000399406715884244,0.0001125115064732979
FDBH18,2023-07-21 02:21:00,95.27,8.0,0.1,95.125,95.23,0,0,7.995000000000001,0.09999999999999999,95.16020644246984,95.2330462166218,0.000399406715884244,0.0001125115064732979
FDBH18,2023-07-21 02:21:04,95.1,8.0,0.1,94.96166666666666,95.08,0,0,7.998333333333334,0.09999999999999999,94.99020644246984,95.0630462166218,0.000399406715884244,0.0001125115064732979
FDBH18,2023-07-21 02:21:08,94.95,8.0,0.1,94.765,94.89,0,0,7.998333333333334,0.09999999999999999,94.84141346665311,94.91234443006019,0.0004285762037495501,0.0001125115064732979
FDBH18,2023-07-21 02:21:12,94.74,8.0,0.1,94.54333333333334,94.7,0,0,7.998333333333334,0.09999999999999999,94.62975691993279,94.70027406533958,0.00046587060028803706,0.0001125115064732979
FDBH18,2023-07-21 02:21:16,94.51,8.0,0.1,94.32166666666667,94.46,0,0,8.0,0.09999999999999999,94.3997569199328,94.4702740653396,0.0005046960753493724,0.00011521085738939225
FDBH18,2023-07-21 02:21:20,94.29,8.0,0.1,94.08833333333332,94.25,0,0,8.0,0.09999999999999999,94.15007755233859,94.24747364534964,0.0005143069452763034,0.00013206238366996007
FDBH18,2023-07-21 02:21:24,94.06,8.0,0.1,93.83166666666666,93.99,0,0,7.998333333333334,0.09999999999999999,93.89937938628583,94.01747364534964,0.0005143069452763034,0.00013206238366996007
FDBH18,2023-07-21 02:21:28,93.79,8.0,0.1,93.62666666666667,93.74,0,0,7.991666666666667,0.09999999999999999,93.63312216704396,93.74747364534964,0.0005344145925136656,0.00013206238366996007
FDBH18,2023-07-21 02:21:32,93.62,7.99,0.1,93.42166666666667,93.55,0,0,7.993333333333333,0.09999999999999999,93.45923201114984,93.56792719659003,0.0004932849471750831,0.00013206238366996007
FDBH18,2023-07-21 02:21:36,93.38,8.0,0.1,93.28666666666668,93.36,0,0,7.998333333333334,0.09999999999999999,93.21923201114983,93.32792719659003,0.0005022679018627149,0.00013206238366996007
FDBH18,2023-07-21 02:21:39,93.29,8.0,0.1,93.24166666666667,93.26,0,0,7.998333333333334,0.09999999999999999,93.12923201114984,93.23792719659004,0.0004945715416160792,0.00013206238366996007
FDBH18,2023-07-21 02:21:43,93.23,8.0,0.1,93.28000000000002,93.32,0,0,7.991666666666667,0.09999999999999999,93.06923201114984,93.18747364534964,0.00048470169672279136,0.00013206238366996007
FDBH18,2023-07-21 02:21:47,93.3,7.99,0.1,93.36833333333334,93.45,0,0,7.993333333333333,0.09999999999999999,93.15993017720258,93.25747364534963,0.000560454076894564,0.00013206238366996007
FDBH18,2023-07-21 02:21:51,93.38,7.99,0.1,93.44999999999999,93.47,0,0,7.996666666666667,0.09999999999999999,93.2693824733058,93.34449517110451,0.0005143265555061543,0.0001125115064732979
FDBH18,2023-07-21 02:21:55,93.45,7.99,0.1,93.48833333333334,93.52,0,0,7.998333333333334,0.09999999999999999,93.40734878995247,93.44295809771197,0.000312586999984443,0.0001125115064732979
FDBH18,2023-07-21 02:21:59,93.5,7.99,0.1,93.52166666666666,93.54,0,0,7.996666666666667,0.09999999999999999,93.48723729702317,93.50870310180204,0.0002669854313864585,0.0001125115064732979
FDBH18,2023-07-21 02:22:03,93.53,8.0,0.1,93.52666666666666,93.55,0,0,7.993333333333333,0.09999999999999999,93.54506025652054,93.56848041238231,0.00026545781161914394,0.0001125115064732979
FDBH18,2023-07-21 02:22:07,93.55,8.0,0.1,93.50666666666666,93.53,0,0,7.993333333333333,0.09999999999999999,93.57504040277713,93.61187463823804,0.00026545781161914394,0.0001125115064732979
FDBH18,2023-07-21 02:22:11,93.5,7.99,0.1,93.495,93.5,0,0,8.0,0.09999999999999999,93.52481333128614,93.55607636259158,0.00026545781161914394,0.0001125115064732979
FDBH18,2023-07-21 02:22:15,93.5,8.0,0.1,93.50833333333333,93.52,0,0,7.998333333333334,0.09999999999999999,93.51506025652054,93.53848041238231,0.00026545781161914394,0.0001125115064732979
FDBH18,2023-07-21 02:22:19,93.51,8.0,0.1,93.51833333333333,93.53,0,0,7.996666666666667,0.09999999999999999,93.51735557069985,93.53042966327553,0.0002690898969835647,0.0001125115064732979
FDBH18,2023-07-21 02:22:23,93.53,8.0,0.1,93.51666666666667,93.52,0,0,7.996666666666667,0.09999999999999999,93.53073802462617,93.5476971328947,0.0002690898969835647,0.000129688434586214
FDBH18,2023-07-21 02:22:26,93.51,8.0,0.1,93.52666666666669,93.56,0,0,7.996666666666667,0.09999999999999999,93.50825665965282,93.5195542038826,0.0002706384125133518,0.000129688434586214
FDBH18,2023-07-21 02:22:30,93.52,8.0,0.1,93.55666666666666,93.57,0,0,8.0,0.09999999999999999,93.51679833885281,93.52983576594434,0.0002706384125133518,0.000129688434586214
FDBH18,2023-07-21 02:22:34,93.55,8.0,0.1,93.58,93.63,0,0,7.998333333333334,0.09999999999999999,93.55073802462617,93.56358289901243,0.0002690898969835647,0.000129688434586214
FDBH18,2023-07-21 02:22:38,93.57,8.0,0.1,93.63666666666667,93.67,0,0,7.995,0.09999999999999999,93.57664334506352,93.58988400665687,0.0002690898969835647,0.000129688434586214
FDBH18,2023-07-21 02:22:42,93.63,8.0,0.1,93.71999999999998,93.8,0,0,7.996666666666667,0.09999999999999999,93.64228808506448,93.6607215479788,0.00025077254398143744,0.0001125115064732979
FDBH18,2023-07-21 02:22:46,93.73,8.0,0.1,93.81333333333333,93.86,0,0,7.995000000000001,0.09999999999999999,93.74491288138456,93.76848041238232,0.00026545781161914394,0.0001125115064732979
FDBH18,2023-07-21 02:22:50,93.82,8.0,0.1,93.93333333333334,94.05,0,0,7.993333333333333,0.09999999999999999,93.84003770230977,93.86571788055957,0.00026545781161914394,0.0001125115064732979
FDBH18,2023-07-21 02:22:54,93.95,7.99,0.1,94.10000000000001,94.21,0,0,7.995000000000001,0.09999999999999999,93.97481333128614,94.01187463823804,0.0002732957774566598,0.0001125115064732979
FDBH18,2023-07-21 02:22:58,94.1,8.0,0.1,94.255,94.34,0,0,7.990000000000001,0.09999999999999999,94.14931910837713,94.19446316349027,0.00029104998336220794,0.0001125115064732979
FDBH18,2023-07-21 02:23:02,94.27,7.99,0.1,94.40833333333335,94.52,0,0,7.995000000000001,0.09999999999999999,94.32751633718577,94.37279474045026,0.00037542472042435024,0.0001125115064732979
FDBH18,2023-07-21 02:23:06,94.43,8.0,0.1,94.58333333333333,94.7,0,0,7.996666666666667,0.09999999999999999,94.51045887678357,94.55927233450366,0.0003420447415462114,0.0001125115064732979
FDBH18,2023-07-21 02:23:10,94.59,7.99,0.1,94.73833333333334,94.82,0,0,7.995000000000001,0.09999999999999999,94.67023180529257,94.71927233450366,0.0004879899763854469,0.0001125115064732979
FDBH18,2023-07-21 02:23:14,94.75,8.0,0.1,94.84166666666665,94.89,0,0,7.990000000000001,0.09999999999999999,94.83045887678357,94.88473308891328,0.0005660970210045952,0.00011521085738939225
FDBH18,2023-07-21 02:23:17,94.84,7.99,0.1,94.89833333333333,94.95,0,0,7.993333333333333,0.09999999999999999,94.92226279863988,94.97537343139491,0.0005286578966751236,0.00011521085738939225
FDBH18,2023-07-21 02:23:21,94.91,7.99,0.1,94.96999999999998,95.02,0,0,8.0,0.09999999999999999,94.99203572714887,95.0453734313949,0.0005286578966751236,0.00011521085738939225
FDBH18,2023-07-21 02:23:25,94.96,8.0,0.1,95.04666666666667,95.09,0,0,7.996666666666667,0.09999999999999999,95.04241017377586,95.08991267698526,0.00048226994361883765,0.0001125115064732979
FDBH18,2023-07-21 02:23:29,95.06,7.99,0.1,95.11333333333333,95.15,0,0,7.991666666666667,0.09999999999999999,95.13866861883005,95.18991267698527,0.0003283408094185957,0.0001125115064732979
FDBH18,2023-07-21 02:23:33,95.12,7.99,0.1,95.17166666666667,95.19,0,0,7.993333333333333,0.09999999999999999,95.18430901383437,95.2234350829319,0.0003322357501697649,0.0001125115064732979
FDBH18,2023-07-21 02:23:37,95.19,8.0,0.1,95.22833333333334,95.27,0,0,7.996666666666667,0.09999999999999999,95.2440440141753,95.28714550757189,0.00033317855733609324,0.0001125115064732979
FDBH18,2023-07-21 02:23:41,95.24,8.0,0.1,95.28500000000001,95.31,0,0,7.991666666666667,0.09999999999999999,95.28753129456943,95.31881098071966,0.0002646284175240985,0.0001125115064732979
FDBH18,2023-07-21 02:23:45,95.29,7.99,0.1,95.32666666666667,95.36,0,0,7.991666666666667,0.09999999999999999,95.32779827976944,95.36881098071967,0.00026545781161914394,0.0001125115064732979
FDBH18,2023-07-21 02:23:49,95.34,7.99,0.1,95.38,95.41,0,0,7.991666666666667,0.09999999999999999,95.36684432463345,95.40251498071967,0.00026545781161914394,0.0001125115064732979
FDBH18,2023-07-21 02:23:53,95.39,8.0,0.1,95.41833333333334,95.44,0,0,7.996666666666667,0.09999999999999999,95.41684432463344,95.45251498071967,0.0002732957774566598,0.0001125115064732979
FDBH18,2023-07-21 02:23:57,95.44,8.0,0.1,95.43166666666666,95.45,0,0,8.0,0.09999999999999999,95.46699169976944,95.50251498071967,0.00026545781161914394,0.0001125115064732979
FDBH18,2023-07-21 02:24:01,95.44,8.0,0.1,95.44666666666666,95.46,0,0,8.0,0.09999999999999999,95.46699169976944,95.4967167050732,0.00026545781161914394,0.0001125115064732979
FDBH18,2023-07-21 02:24:04,95.44,8.0,0.1,95.46666666666665,95.49,0,0,8.0,0.09999999999999999,95.46184162416608,95.4863582230412,0.00026545781161914394,0.0001125115064732979
FDBH18,2023-07-21 02:24:08,95.47,8.0,0.1,95.50333333333333,95.53,0,0,7.998333333333334,0.09999999999999999,95.49037144891405,95.5163582230412,0.00026545781161914394,0.0001125115064732979
FDBH18,2023-07-21 02:24:12,95.51,8.0,0.1,95.50333333333333,95.53,0,0,7.996666666666667,0.09999999999999999,95.52686417837685,95.54912075486394,0.0002458240598530996,0.0001125115064732979
FDBH18,2023-07-21 02:24:16,95.49,8.0,0.1,95.49333333333334,95.51,0,0,7.996666666666667,0.09999999999999999,95.50686417837684,95.52912075486392,0.0002690898969835647,0.0001125115064732979
FDBH18,2023-07-21 02:24:20,95.49,8.0,0.1,95.5,95.51,0,0,7.993333333333333,0.09999999999999999,95.50395006905117,95.52245389046043,0.0002690898969835647,0.0001125115064732979
FDBH18,2023-07-21 02:24:24,95.5,7.99,0.1,95.48833333333334,95.5,0,0,7.996666666666667,0.09999999999999999,95.5106394074155,95.51997800575715,0.00027703507485623755,0.0001247130797884578
FDBH18,2023-07-21 02:24:28,95.48,8.0,0.1,95.48166666666667,95.49,0,0,7.995,0.09999999999999999,95.48863367357812,95.50371231169093,0.0002604263202957975,0.000129688434586214
FDBH18,2023-07-21 02:24:32,95.49,8.0,0.1,95.47500000000001,95.48,0,0,7.995000000000001,0.09999999999999999,95.49272835314075,95.50763016396168,0.0003025043348268154,0.000129688434586214
FDBH18,2023-07-21 02:24:36,95.48,7.99,0.1,95.48833333333334,95.51,0,0,7.995000000000001,0.09999999999999999,95.47834433101094,95.48990795279623,0.0002706384125133518,0.000129688434586214
FDBH18,2023-07-21 02:24:40,95.49,8.0,0.1,95.49333333333334,95.51,0,0,7.995000000000001,0.09999999999999999,95.48562281558824,95.49760088700171,0.0002706384125133518,0.000129688434586214
FDBH18,2023-07-21 02:24:44,95.48,7.99,0.1,95.45333333333333,95.5,0,0,7.996666666666667,0.09999999999999999,95.47834433101094,95.48384162834121,0.0002706384125133518,0.000129688434586214
FDBH18,2023-07-21 02:24:48,95.46,7.99,0.1,95.31666666666668,95.41,0,0,7.996666666666667,0.09999999999999999,95.45834433101093,95.4638416283412,0.0002706384125133518,0.000129688434586214
FDBH18,2023-07-21 02:24:51,95.36,8.0,0.1,95.14333333333333,95.3,0,0,7.995,0.09999999999999999,95.3521105655534,95.37069350282906,0.0002706384125133518,0.0001247130797884578
FDBH18,2023-07-21 02:24:55,95.11,8.0,0.1,94.89,95.04,0,0,7.998333333333334,0.09999999999999999,95.08971651664179,95.10953860529715,0.0002669854313864585,0.0001125115064732979
FDBH18,2023-07-21 02:24:59,94.86,8.0,0.1,94.64833333333335,94.81,0,0,8.0,0.09999999999999999,94.81382730038331,94.8526149091448,0.00032591082424469637,0.0001125115064732979
FDBH18,2023-07-21 02:25:03,94.62,8.0,0.1,94.425,94.55,0,0,8.0,0.09999999999999999,94.51349970069093,94.58449517110452,0.00046587060028803706,0.0001125115064732979
FDBH18,2023-07-21 02:25:07,94.4,8.0,0.1,94.205,94.35,0,0,7.998333333333334,0.09999999999999999,94.28923603433948,94.36171239256409,0.0005518631987131052,0.00013206238366996007
FDBH18,2023-07-21 02:25:11,94.18,8.0,0.1,93.98666666666666,94.11,0,0,7.996666666666667,0.09999999999999999,94.03390394628718,94.13747364534964,0.0005541379201605687,0.00013206238366996007
FDBH18,2023-07-21 02:25:15,93.96,8.0,0.1,93.83166666666666,93.92,0,0,7.998333333333334,0.09999999999999999,93.79937938628582,93.90792719659002,0.0005604506130322874,0.00013206238366996007
FDBH18,2023-07-21 02:25:19,93.82,7.99,0.1,93.71333333333332,93.78,0,0,8.0,0.09999999999999999,93.65915231479481,93.76792719659002,0.0005009612958956687,0.00013206238366996007
FDBH18,2023-07-21 02:25:23,93.69,8.0,0.1,93.65499999999999,93.68,0,0,8.0,0.09999999999999999,93.52923201114983,93.64747364534963,0.00047313690348164386,0.00013206238366996007
FDBH18,2023-07-21 02:25:27,93.66,8.0,0.1,93.60333333333334,93.64,0,0,7.998333333333334,0.09999999999999999,93.5127199480442,93.61747364534963,0.00047313690348164386,0.00013206238366996007
FDBH18,2023-07-21 02:25:31,93.59,8.0,0.1,93.58833333333335,93.6,0,0,7.996666666666667,0.09999999999999999,93.4797569199328,93.5502740653396,0.0004326955144583283,0.00011521085738939225
FDBH18,2023-07-21 02:25:35,93.59,8.0,0.1,93.565,93.6,0,0,7.996666666666667,0.09999999999999999,93.4797569199328,93.55449517110452,0.000399406715884244,0.0001125115064732979
FDBH18,2023-07-21 02:25:39,93.57,7.99,0.1,93.47833333333334,93.53,0,0,8.0,0.09999999999999999,93.51791685061285,93.56197456666318,0.00027587982709296555,0.0001125115064732979
FDBH18,2023-07-21 02:25:42,93.48,8.0,0.1,93.40666666666668,93.48,0,0,8.0,0.09999999999999999,93.4355627721053,93.4701431707049,0.00022890865636987482,0.0001125115064732979
FDBH18,2023-07-21 02:25:46,93.39,8.0,0.1,93.31333333333333,93.36,0,0,8.0,0.09999999999999999,93.35067820605146,93.38291288026129,0.00024736031518754394,0.0001125115064732979
FDBH18,2023-07-21 02:25:50,93.29,8.0,0.1,93.25333333333333,93.29,0,0,7.996666666666667,0.09999999999999999,93.25067820605146,93.28291288026129,0.00024736031518754394,0.0001125115064732979
FDBH18,2023-07-21 02:25:54,93.24,8.0,0.1,93.22166666666668,93.23,0,0,7.993333333333333,0.09999999999999999,93.19772323657945,93.23102163643308,0.0002473813451930108,0.0001125115064732979
FDBH18,2023-07-21 02:25:58,93.23,7.99,0.1,93.19,93.21,0,0,8.0,0.09999999999999999,93.18533570061429,93.2201431707049,0.00025459830916117645,0.0001125115064732979
FDBH18,2023-07-21 02:26:02,93.16,8.0,0.1,93.20666666666666,93.23,0,0,8.0,0.09999999999999999,93.111876003391,93.15003810538431,0.00024419695224533084,0.0001125115064732979
FDBH18,2023-07-21 02:26:06,93.21,8.0,0.1,93.195,93.23,0,0,7.998333333333334,0.09999999999999999,93.16772323657945,93.2020332093831,0.0002473813451930108,0.0001125115064732979
FDBH18,2023-07-21 02:26:10,93.19,7.99,0.1,93.17333333333335,93.18,0,0,7.998333333333334,0.09999999999999999,93.15885885373072,93.18384998814486,0.00024736031518754394,0.0001125115064732979
FDBH18,2023-07-21 02:26:14,93.16,7.99,0.1,93.17166666666667,93.19,0,0,7.998333333333334,0.09999999999999999,93.14383963597045,93.15889826281551,0.00024736031518754394,0.0001125115064732979
FDBH18,2023-07-21 02:26:18,93.18,8.0,0.1,93.15666666666668,93.17,0,0,7.998333333333334,0.09999999999999999,93.16746436851419,93.1873725170473,0.0002507448464669232,0.0001125115064732979
FDBH18,2023-07-21 02:26:22,93.16,8.0,0.1,93.15999999999998,93.17,0,0,7.996666666666667,0.09999999999999999,93.14752184737189,93.16801981863033,0.00026906017688475164,0.000129688434586214
FDBH18,2023-07-21 02:26:26,93.15,8.0,0.1,93.16166666666665,93.17,0,0,7.993333333333333,0.09999999999999999,93.1403066436971,93.15871696313462,0.0002507448464669232,0.000129688434586214
FDBH18,2023-07-21 02:26:29,93.16,7.99,0.1,93.14999999999999,93.16,0,0,7.995,0.09999999999999999,93.15089030692802,93.16629074803107,0.00028188191633794123,0.000129688434586214
FDBH18,2023-07-21 02:26:33,93.15,7.99,0.1,93.125,93.14,0,0,7.998333333333334,0.09999999999999999,93.14089030692803,93.15716715613557,0.0003090604391961238,0.000129688434586214
FDBH18,2023-07-21 02:26:37,93.13,8.0,0.1,93.07666666666667,93.12,0,0,7.996666666666667,0.09999999999999999,93.12111737841902,93.13728263297834,0.00026906017688475164,0.000129688434586214
FDBH18,2023-07-21 02:26:41,93.07,7.99,0.1,93.02333333333333,93.04,0,0,7.995000000000001,0.09999999999999999,93.05869037612352,93.07828569795177,0.00026906017688475164,0.000129688434586214
FDBH18,2023-07-21 02:26:45,93.03,8.0,0.1,92.96499999999999,93.01,0,0,7.993333333333333,0.09999999999999999,93.0153069262298,93.03669270551521,0.00026906017688475164,0.0001125115064732979
FDBH18,2023-07-21 02:26:49,92.95,7.99,0.1,92.92666666666668,92.94,0,0,8.0,0.09999999999999999,92.93383963597046,92.94889826281552,0.0002732655929590808,0.0001125115064732979
FDBH18,2023-07-21 02:26:53,92.93,8.0,0.1,92.90833333333335,92.93,0,0,8.0,0.09999999999999999,92.90669983274513,92.92810559612471,0.0002654284925657715,0.0001125115064732979
FDBH18,2023-07-21 02:26:57,92.91,8.0,0.1,92.86833333333334,92.89,0,0,7.996666666666667,0.09999999999999999,92.87923330035771,92.90291288026128,0.0002654284925657715,0.0001125115064732979
FDBH18,2023-07-21 02:27:01,92.87,8.0,0.1,92.83166666666666,92.86,0,0,7.995,0.09999999999999999,92.83923330035772,92.86291288026129,0.00024983364490412726,0.0001125115064732979
FDBH18,2023-07-21 02:27:05,92.83,8.0,0.1,92.79666666666667,92.81,0,0,7.998333333333334,0.09999999999999999,92.79923330035771,92.82384998814486,0.00024983364490412726,0.0001125115064732979
FDBH18,2023-07-21 02:27:09,92.8,8.0,0.1,92.77666666666666,92.8,0,0,8.0,0.09999999999999999,92.76923330035771,92.79591094792086,0.00024983364490412726,0.0001125115064732979
FDBH18,2023-07-21 02:27:13,92.77,8.0,0.1,92.73666666666668,92.76,0,0,8.0,0.09999999999999999,92.74669983274512,92.76889826281551,0.00024983364490412726,0.0001125115064732979
FDBH18,2023-07-21 02:27:17,92.73,8.0,0.1,92.70166666666667,92.74,0,0,7.996666666666667,0.09999999999999999,92.70669983274513,92.72889826281552,0.00023282678859916426,0.0001125115064732979
FDBH18,2023-07-21 02:27:20,92.7,8.0,0.1,92.68,92.69,0,0,7.996666666666667,0.09999999999999999,92.67669983274513,92.69889826281552,0.00023282678859916426,0.0001125115064732979
FDBH18,2023-07-21 02:27:24,92.69,8.0,0.1,92.65499999999999,92.68,0,0,7.998333333333334,0.09999999999999999,92.66655245760913,92.68889826281551,0.00023282678859916426,0.0001125115064732979
FDBH18,2023-07-21 02:27:28,92.66,7.99,0.1,92.63999999999999,92.65,0,0,8.0,0.09999999999999999,92.63753814815848,92.65889826281551,0.00023282678859916426,0.0001125115064732979
FDBH18,2023-07-21 02:27:32,92.65,8.0,0.1,92.625,92.65,0,0,7.998333333333334,0.09999999999999999,92.63221408259746,92.64889826281552,0.00023282678859916426,0.0001125115064732979
FDBH18,2023-07-21 02:27:36,92.63,8.0,0.1,92.60333333333334,92.62,0,0,7.996666666666667,0.09999999999999999,92.61406670746146,92.62889826281551,0.00023601251044879474,0.0001125115064732979
FDBH18,2023-07-21 02:27:40,92.59,8.0,0.1,92.55333333333333,92.61,0,0,7.998333333333334,0.09999999999999999,92.57406670746147,92.58889826281552,0.00023601251044879474,0.0001125115064732979
FDBH18,2023-07-21 02:27:44,92.55,8.0,0.1,92.47333333333331,92.52,0,0,7.996666666666667,0.09999999999999999,92.53468728182789,92.55363642680646,0.00023601251044879474,0.0001125115064732979
FDBH18,2023-07-21 02:27:48,92.46,8.0,0.1,92.42,92.46,0,0,7.995,0.09999999999999999,92.44221408259745,92.45889826281551,0.00023282678859916426,0.0001125115064732979
FDBH18,2023-07-21 02:27:52,92.43,8.0,0.1,92.37833333333333,92.39,0,0,7.993333333333333,0.09999999999999999,92.40655245760914,92.42810559612471,0.00023282678859916426,0.0001125115064732979
FDBH18,2023-07-21 02:27:56,92.39,8.0,0.1,92.35000000000002,92.38,0,0,7.995,0.09999999999999999,92.35908592522173,92.38291288026129,0.00024983364490412726,0.0001125115064732979
FDBH18,2023-07-21 02:28:00,92.36,7.99,0.1,92.31333333333335,92.34,0,0,8.0,0.09999999999999999,92.32885885373072,92.35291288026129,0.00026281415188665966,0.0001125115064732979
FDBH18,2023-07-21 02:28:04,92.3,8.0,0.1,92.29833333333335,92.31,0,0,7.998333333333334,0.09999999999999999,92.26067820605145,92.29291288026128,0.00024983364490412726,0.0001125115064732979
FDBH18,2023-07-21 02:28:07,92.29,8.0,0.1,92.29833333333333,92.31,0,0,7.995000000000001,0.09999999999999999,92.25923330035772,92.28291288026129,0.00024983364490412726,0.0001125115064732979
FDBH18,2023-07-21 02:28:11,92.29,7.99,0.1,92.28833333333331,92.31,0,0,7.996666666666667,0.15000000000000002,92.25863109457384,92.28384998814487,0.000333685604679924,0.0001125115064732979
FDBH18,2023-07-21 02:28:15,92.27,8.0,0.1,92.26333333333334,92.28,0,0,7.998333333333334,0.4666666666666666,92.25169937021396,92.26768250127591,0.0003528949990001916,0.0001125115064732979
FDBH18,2023-07-21 02:28:19,92.24,8.0,0.6,92.23333333333333,92.26,0,0,7.998333333333334,0.8333333333333334,92.22345244609579,92.24135892285658,0.0006656758465271736,0.0003042827386655582
FDBH18,2023-07-21 02:28:23,92.22,8.0,0.9,92.195,92.22,0,0,7.996666666666667,1.1166666666666667,92.20134645442664,92.22155084772801,0.0005466857085864665,0.00018332264250853618
FDBH18,2023-07-21 02:28:28,92.19,8.0,1.2,92.16333333333334,92.19,0,0,7.998333333333334,1.3,92.1706775593483,92.19184864540223,0.0005236238701415212,0.00018332264250853618
FDBH18,2023-07-21 02:28:32,92.16,8.0,1.3,92.145,92.16,0,0,8.0,1.45,92.14053018421232,92.16094582920624,0.0004879884651228141,0.00018332264250853618
FDBH18,2023-07-21 02:28:36,92.13,8.0,1.5,92.145,92.16,0,0,8.0,1.5499999999999998,92.11020592383383,92.12728141505814,0.0004751061853035794,0.00018332264250853618
FDBH18,2023-07-21 02:28:40,92.15,8.0,1.6,92.11000000000001,92.13,0,0,8.0,1.633333333333333,92.13020592383384,92.14728141505815,0.0006622933935402786,0.0001770950576137777
FDBH18,2023-07-21 02:28:44,92.1,8.0,1.6,92.08666666666666,92.11,0,0,7.998333333333334,1.7833333333333334,92.08101898274633,92.09728141505813,0.0006347151516784667,0.00016423052568023599
FDBH18,2023-07-21 02:28:48,92.08,8.0,1.8,92.04666666666668,92.06,0,0,8.0,1.9166666666666667,92.06134324312481,92.0806398431137,0.0006846560627402724,0.00017266533723719725
FDBH18,2023-07-21 02:28:52,92.04,8.0,1.9,92.03166666666665,92.04,0,0,7.998333333333334,2.05,92.02149061826081,92.04063984311371,0.0006346216209152846,0.00017266533723719725
FDBH18,2023-07-21 02:28:55,92.03,8.0,2.0,92.02166666666666,92.03,0,0,7.996666666666667,2.1,92.01149061826081,92.02866122495178,0.0006481433608557214,0.00017266533723719725
FDBH18,2023-07-21 02:28:59,92.03,7.99,2.1,92.0,92.01,0,0,7.998333333333334,2.1,92.0113439307907,92.0306398431137,0.0004383847076043108,0.00017266533723719725
FDBH18,2023-07-21 02:29:03,92.01,8.0,2.1,91.98,92.0,0,0,8.0,2.1,91.9915710022817,92.01063984311371,0.0004383847076043108,0.00017266533723719725
FDBH18,2023-07-21 02:29:07,91.98,8.0,2.1,91.96,91.99,0,0,7.998333333333334,2.1,91.96109936676723,91.97728141505814,0.00044942400543749477,0.0001505591498795243
FDBH18,2023-07-21 02:29:11,91.95,8.0,2.1,91.93833333333333,91.96,0,0,7.998333333333334,2.1,91.9315710022817,91.9506398431137,0.00044942400543749477,0.0001505591498795243
FDBH18,2023-07-21 02:29:15,91.93,8.0,2.1,91.915,91.94,0,0,7.996666666666667,2.1,91.9117183774177,91.93063984311371,0.00044942400543749477,0.0001505591498795243
FDBH18,2023-07-21 02:29:19,91.92,8.0,2.1,91.87,91.9,0,0,7.998333333333334,2.1,91.9015710022817,91.9215426593097,0.0004061627969929769,0.0001505591498795243
FDBH18,2023-07-21 02:29:23,91.88,8.0,2.1,91.82999999999998,91.86,0,0,7.998333333333334,2.1,91.86203572256089,91.8806398431137,0.0004061627969929769,0.0001505591498795243
FDBH18,2023-07-21 02:29:27,91.81,8.0,2.1,91.78666666666665,91.82,0,0,8.0,2.1,91.79296160104573,91.80728141505814,0.0002930321758669422,0.0001369640774695283
FDBH18,2023-07-21 02:29:31,91.77,8.0,2.1,91.75166666666667,91.78,0,0,7.998333333333334,2.1,91.75096160104573,91.76728141505814,0.0002890770190803758,0.0001369640774695283
FDBH18,2023-07-21 02:29:35,91.75,7.99,2.1,91.695,91.74,0,0,7.993333333333335,2.066666666666667,91.72537544634564,91.74813382347331,0.00046473010494735176,0.0001369640774695283
FDBH18,2023-07-21 02:29:39,91.69,7.99,2.1,91.64333333333333,91.68,0,0,7.995,2.0,91.66368798177814,91.6873411567825,0.0005421070126919634,0.0001369640774695283
FDBH18,2023-07-21 02:29:43,91.63,8.0,2.0,91.58999999999999,91.63,0,0,7.993333333333335,2.0,91.59606191777577,91.62157453513896,0.00042407977482695564,0.0001505591498795243
FDBH18,2023-07-21 02:29:46,91.59,8.0,2.0,91.55666666666667,91.58,0,0,7.993333333333333,2.0,91.55606191777578,91.58619996918354,0.00042407977482695564,0.0001505591498795243
FDBH18,2023-07-21 02:29:50,91.56,8.0,2.0,91.505,91.55,0,0,7.998333333333334,2.0,91.52606191777578,91.55619996918354,0.0005183999085550765,0.0001505591498795243
FDBH18,2023-07-21 02:29:54,91.48,8.0,2.0,91.455,91.49,0,0,7.998333333333334,2.0,91.4373368534623,91.47619996918354,0.0004623577137925442,0.0001505591498795243
FDBH18,2023-07-21 02:29:58,91.44,8.0,2.0,91.40333333333332,91.43,0,0,7.996666666666667,2.0,91.39765419860551,91.43140673247818,0.0004623577137925442,0.0001505591498795243
FDBH18,2023-07-21 02:30:02,91.39,7.99,2.0,91.35666666666667,91.39,0,0,7.993333333333333,2.0,91.34780157374149,91.38140673247818,0.0004623577137925442,0.0001505591498795243
FDBH18,2023-07-21 02:30:06,91.36,7.99,2.0,91.29666666666667,91.34,0,0,7.998333333333334,2.0,91.3175745022505,91.35157453513897,0.0005066932463640762,0.0001505591498795243
FDBH18,2023-07-21 02:30:10,91.28,8.0,2.0,91.26499999999999,91.28,0,0,7.998333333333334,2.0,91.24048063439989,91.27092601474789,0.00023451231358943405,0.0001369640774695283
FDBH18,2023-07-21 02:30:14,91.26,7.99,2.0,91.22833333333334,91.26,0,0,8.0,2.0,91.2202535629089,91.25092601474789,0.00023451231358943405,0.0001369640774695283
FDBH18,2023-07-21 02:30:18,91.22,8.0,2.0,91.19833333333334,91.21,0,0,8.0,2.0,91.1851885245682,91.21092601474788,0.00023451231358943405,0.0001369640774695283
FDBH18,2023-07-21 02:30:22,91.2,8.0,2.0,91.14166666666667,91.18,0,0,8.0,2.0,91.16888835357017,91.19092601474789,0.00021509331277634006,0.0001369640774695283
FDBH18,2023-07-21 02:30:26,91.13,8.0,2.0,91.08166666666665,91.11,0,0,7.996666666666667,2.0,91.09888835357016,91.12092601474788,0.00021509331277634006,0.0001369640774695283
FDBH18,2023-07-21 02:30:30,91.08,8.0,2.0,91.00666666666666,91.07,0,0,7.993333333333333,2.0,91.04888835357016,91.07092601474788,0.00021509331277634006,0.0001369640774695283
FDBH18,2023-07-21 02:30:33,91.03,7.99,2.0,90.93166666666667,91.0,0,0,7.995,2.0,90.99866128207915,91.02092601474789,0.00021509331277634006,0.0001369640774695283
FDBH18,2023-07-21 02:30:37,90.93,8.0,2.0,90.84833333333334,90.9,0,0,7.998333333333334,2.0,90.89033325926391,90.92092601474789,0.00021509331277634006,0.0001369640774695283
FDBH18,2023-07-21 02:30:41,90.84,8.0,2.0,90.74833333333333,90.83,0,0,8.0,2.0,90.79723091465591,90.82903477091969,0.00021459655171537104,0.0001369640774695283
FDBH18,2023-07-21 02:30:45,90.72,8.0,2.0,90.65499999999999,90.7,0,0,7.998333333333334,2.0,90.67153105660346,90.70885930263688,0.00021459655171537104,0.0001369640774695283
FDBH18,2023-07-21 02:30:49,90.66,8.0,2.0,90.58833333333335,90.62,0,0,7.998333333333334,2.0,90.6079463504523,90.65079576391575,0.0002694546852150376,0.0001369640774695283
FDBH18,2023-07-21 02:30:53,90.59,8.0,2.0,90.52,90.56,0,0,8.0,2.0,90.5379463504523,90.57972322536806,0.00030008740835309883,0.0001369640774695283
FDBH18,2023-07-21 02:30:57,90.52,8.0,2.0,90.47166666666668,90.5,0,0,7.998333333333334,2.0,90.4679463504523,90.5072438909529,0.00030008740835309883,0.0001369640774695283
FDBH18,2023-07-21 02:31:01,90.47,8.0,2.0,90.42666666666666,90.46,0,0,7.996666666666667,2.0,90.4179463504523,90.46079576391575,0.00030008740835309883,0.0001369640774695283
FDBH18,2023-07-21 02:31:05,90.41,8.0,2.0,90.39,90.42,0,0,7.998333333333334,2.0,90.36167843173943,90.39885930263688,0.00024806559777106426,0.0001369640774695283
FDBH18,2023-07-21 02:31:09,90.39,7.99,2.0,90.32333333333334,90.37,0,0,7.998333333333334,2.0,90.34499075382674,90.37896436795747,0.00022373738745815394,0.0001369640774695283
FDBH18,2023-07-21 02:31:13,90.31,8.0,2.0,75.38499999999999,90.3,0,0,7.998333333333334,2.0,90.26723091465591,90.30004634386971,0.00021459655171537104,0.0001369640774695283
FDBH18,2023-07-21 02:31:17,90.27,8.0,2.0,45.583333333333336,90.27,0,0,7.996666666666667,2.0,90.2303332592639,90.26092601474788,0.00021509331277634006,0.0001369640774695283
FDBH18,2023-07-21 02:31:21,90.27,7.99,2.0,75.325,90.26,0,0,7.998333333333334,2.0,90.2985677376536,90.34511153493654,0.0011047483571563549,0.0003246224507149859
FDBH18,2023-07-21 02:31:24,90.22,7.99,2.0,90.18166666666667,90.2,0,0,7.998333333333334,2.0,90.25677167735965,90.32345478368497,0.0011047483571563549,0.0003246224507149859
FDBH18,2023-07-21 02:31:28,90.19,8.0,2.0,90.14833333333333,90.17,0,0,7.996666666666667,2.0,90.1029915476906,90.30009467618646,0.0010596517914378157,0.0003246224507149859
FDBH18,2023-07-21 02:31:32,90.14,8.0,2.0,90.11666666666667,90.13,0,0,7.996666666666667,2.0,90.02364526061795,90.25009467618646,0.0014501315575840843,0.0003246224507149859
FDBH18,2023-07-21 02:31:36,90.11,8.0,2.0,90.07499999999999,90.11,0,0,7.998333333333334,2.0,90.0361080672354,90.27969131974179,0.001259969283130196,0.00029896507516527954
FDBH18,2023-07-21 02:31:40,90.07,8.0,2.0,90.02499999999999,90.05,0,0,7.996666666666667,2.0,89.61017721083893,90.32392450972208,0.001506887331318065,0.0005240274139576013
FDBH18,2023-07-21 02:31:44,90.04,8.0,2.0,89.99000000000001,90.02,0,0,7.995000000000001,2.0,89.3586488883714,90.25941570301048,0.001506887331318065,0.00048140114271621337
FDBH18,2023-07-21 02:31:48,89.97,7.99,2.0,89.96666666666665,89.99,0,0,7.996666666666667,2.0,89.23088107703327,90.18941570301047,0.001642740131015308,0.00048140114271621337
FDBH18,2023-07-21 02:31:52,89.95,8.0,2.0,89.95333333333333,89.96,0,0,7.996666666666667,2.0,89.57596825799891,90.206474512634,0.0014341564710324988,0.0005240274139576013
FDBH18,2023-07-21 02:31:56,89.95,8.0,2.0,89.92166666666667,89.95,0,0,7.995000000000001,2.0,89.92620751082158,89.9461187306113,0.00021064424594189606,0.0001369640774695283
FDBH18,2023-07-21 02:32:00,89.93,8.0,2.0,89.87,89.89,0,0,7.996666666666667,2.0,89.90628817783589,89.92691139730212,0.00021064424594189606,0.0001369640774695283
FDBH18,2023-07-21 02:32:04,89.86,8.0,2.0,89.83166666666666,89.87,0,0,7.996666666666667,2.0,89.83620751082158,89.85691139730211,0.00022966166948072266,0.0001369640774695283
FDBH18,2023-07-21 02:32:08,89.82,8.0,2.0,89.78833333333334,89.81,0,0,7.998333333333334,2.0,89.79695466466406,89.8169113973021,0.00022966166948072266,0.0001369640774695283
FDBH18,2023-07-21 02:32:11,89.8,8.0,2.0,89.74166666666667,89.79,0,0,8.0,2.0,89.77695466466406,89.79691139730211,0.00022966166948072266,0.0001369640774695283
FDBH18,2023-07-21 02:32:15,89.73,8.0,2.0,89.68833333333333,89.71,0,0,7.998333333333334,2.0,89.70635488595757,89.7261187306113,0.00022966166948072266,0.0001369640774695283
FDBH18,2023-07-21 02:32:19,89.69,8.0,2.0,89.64666666666666,89.69,0,0,7.998333333333334,2.0,89.65888835357016,89.68092601474788,0.00021064424594189606,0.0001369640774695283
FDBH18,2023-07-21 02:32:23,89.64,8.0,2.0,89.61000000000001,89.62,0,0,7.998333333333334,2.0,89.60888835357017,89.63092601474789,0.00021064424594189606,0.0001369640774695283
FDBH18,2023-07-21 02:32:27,89.62,8.0,2.0,89.54833333333333,89.6,0,0,7.995000000000001,2.0,89.58518852456821,89.61092601474789,0.00021064424594189606,0.0001369640774695283
FDBH18,2023-07-21 02:32:31,89.53,7.99,2.0,89.50833333333333,89.52,0,0,7.998333333333334,2.0,89.49859457395748,89.52092601474789,0.00021064424594189606,0.0001369640774695283
FDBH18,2023-07-21 02:32:35,89.5,8.0,2.0,89.48333333333335,89.51,0,0,8.0,2.0,89.4603332592639,89.49092601474788,0.00021064424594189606,0.0001369640774695283
FDBH18,2023-07-21 02:32:39,89.47,8.0,2.0,89.44166666666666,89.47,0,0,7.995000000000001,2.0,89.43874097843417,89.46092601474788,0.00021064424594189606,0.0001369640774695283
FDBH18,2023-07-21 02:32:43,89.43,7.99,2.0,89.40666666666665,89.43,0,0,7.993333333333335,2.0,89.39874097843418,89.42092601474789,0.00021064424594189606,0.0001369640774695283
FDBH18,2023-07-21 02:32:47,89.41,7.99,2.0,89.39833333333333,89.41,0,0,7.995,2.0,89.37851390694317,89.40186312263145,0.00021064424594189606,0.0001369640774695283
FDBH18,2023-07-21 02:32:51,89.4,8.0,2.0,89.39999999999999,89.41,0,0,7.998333333333334,2.0,89.37620751082159,89.3961187306113,0.00023644296050682678,0.0001369640774695283
FDBH18,2023-07-21 02:32:55,89.39,8.0,2.0,89.41000000000001,89.44,0,0,7.996666666666667,2.0,89.37059829777505,89.38691139730211,0.00022966166948072266,0.0001369640774695283
FDBH18,2023-07-21 02:32:59,89.41,8.0,2.0,89.45333333333333,89.5,0,0,7.995,2.0,89.39321730842549,89.41026982535767,0.0002328040937302849,0.0001369640774695283
FDBH18,2023-07-21 02:33:02,89.44,8.0,2.0,89.49333333333334,89.52,0,0,7.996666666666667,2.0,89.42550575563416,89.44502655245125,0.0002328040937302849,0.0001369640774695283
FDBH18,2023-07-21 02:33:06,89.5,7.99,2.0,89.53000000000002,89.54,0,0,7.998333333333334,2.0,89.49324727572196,89.5086056580509,0.0002328040937302849,0.0001369640774695283
FDBH18,2023-07-21 02:33:10,89.54,8.0,2.0,89.58,89.62,0,0,8.0,2.0,89.54622697860526,89.55738149203039,0.0002314720052210452,0.0001369640774695283
FDBH18,2023-07-21 02:33:14,89.59,8.0,2.0,89.61166666666666,89.63,0,0,7.998333333333334,2.0,89.6021395355672,89.62499037085543,0.00022834755759330435,0.0001369640774695283
FDBH18,2023-07-21 02:33:18,89.6,7.99,2.0,89.62333333333333,89.64,0,0,7.996666666666667,2.0,89.6154197346134,89.64355478549153,0.0002094389279472578,0.0001369640774695283
FDBH18,2023-07-21 02:33:22,89.61,7.99,2.0,89.63833333333332,89.66,0,0,7.998333333333334,2.0,89.6252723594774,89.65355478549154,0.0002094389279472578,0.0001369640774695283
FDBH18,2023-07-21 02:33:26,89.65,8.0,2.0,89.62,89.63,0,0,7.998333333333334,2.0,89.6656468061044,89.69355478549154,0.0002094389279472578,0.0001369640774695283
FDBH18,2023-07-21 02:33:30,89.62,8.0,2.0,89.59499999999998,89.61,0,0,8.0,2.0,89.6321395355672,89.65499037085543,0.0002094389279472578,0.0001369640774695283
FDBH18,2023-07-21 02:33:34,89.61,8.0,2.0,89.55666666666667,89.59,0,0,7.998333333333334,2.0,89.61959993258807,89.63872031832392,0.00021230470638648372,0.0001369640774695283
FDBH18,2023-07-21 02:33:38,89.55,8.0,2.0,89.54333333333334,89.55,0,0,7.998333333333334,2.0,89.54712019028847,89.5642253444925,0.00021230470638648372,0.0001369640774695283
FDBH18,2023-07-21 02:33:42,89.55,8.0,2.0,89.51833333333333,89.54,0,0,7.998333333333334,2.0,89.53954064663833,89.55774310494328,0.00021352651337217535,0.0001369640774695283
FDBH18,2023-07-21 02:33:46,89.5,7.99,2.0,89.49666666666667,89.52,0,0,7.998333333333334,2.0,89.48542605927915,89.50400591559851,0.00021352651337217535,0.0001369640774695283
FDBH18,2023-07-21 02:33:49,89.51,8.0,2.0,89.47666666666667,89.49,0,0,7.998333333333334,2.0,89.4932173084255,89.51026982535768,0.00021352651337217535,0.0001369640774695283
FDBH18,2023-07-21 02:33:53,89.47,8.0,2.0,89.435,89.48,0,0,7.996666666666667,2.0,89.45274567291102,89.46691139730211,0.00021352651337217535,0.0001369640774695283
FDBH18,2023-07-21 02:33:57,89.43,8.0,2.0,89.39333333333333,89.41,0,0,7.998333333333334,2.0,89.41259829777505,89.42691139730212,0.00021352651337217535,0.0001369640774695283
FDBH18,2023-07-21 02:34:01,89.4,8.0,2.0,89.37,89.39,0,0,8.0,2.0,89.38059829777505,89.39691139730212,0.00021064424594189606,0.0001369640774695283
FDBH18,2023-07-21 02:34:05,89.36,8.0,2.0,89.33333333333331,89.35,0,0,7.998333333333334,2.0,89.34074567291103,89.35691139730211,0.00021064424594189606,0.0001369640774695283
FDBH18,2023-07-21 02:34:09,89.33,7.99,2.0,89.27999999999999,89.33,0,0,7.995000000000001,2.0,89.30687496830905,89.32691139730211,0.00021064424594189606,0.0001369640774695283
FDBH18,2023-07-21 02:34:13,89.27,7.99,2.0,89.21833333333332,89.25,0,0,7.996666666666667,2.0,89.24598043933057,89.26691139730211,0.00021064424594189606,0.0001369640774695283
FDBH18,2023-07-21 02:34:17,89.21,7.99,2.0,89.145,89.21,0,0,8.0,2.0,89.17851390694317,89.20392408240745,0.00021064424594189606,0.0001369640774695283
FDBH18,2023-07-21 02:34:21,89.13,8.0,2.0,89.06333333333333,89.11,0,0,7.998333333333334,2.0,89.09882164544847,89.12092601474788,0.00021064424594189606,0.0001369640774695283
FDBH18,2023-07-21 02:34:25,89.05,8.0,2.0,89.01166666666666,89.04,0,0,7.998333333333334,2.0,89.01048063439988,89.04092601474788,0.00026222707003575364,0.0001369640774695283
FDBH18,2023-07-21 02:34:29,89.01,8.0,2.0,88.96833333333332,89.0,0,0,7.998333333333334,2.0,88.96723091465591,89.00004634386971,0.0002616214813781386,0.0001369640774695283
FDBH18,2023-07-21 02:34:33,88.95,8.0,2.0,88.935,88.95,0,0,7.995,2.0,88.90536520045373,88.93896436795747,0.0002913639530369385,0.0001369640774695283
FDBH18,2023-07-21 02:34:36,88.94,7.99,2.0,88.90333333333332,88.94,0,0,7.998333333333334,2.0,88.89513812896273,88.92896436795746,0.00030377373691032987,0.0001369640774695283
FDBH18,2023-07-21 02:34:40,88.89,8.0,2.0,88.85166666666669,88.88,0,0,8.0,2.0,88.84737828979189,88.88004634386971,0.0002913639530369385,0.0001369640774695283
FDBH18,2023-07-21 02:34:44,88.85,8.0,2.0,88.81333333333333,88.84,0,0,8.0,2.0,88.81048063439988,88.84092601474788,0.00029580835984058674,0.0001369640774695283
FDBH18,2023-07-21 02:34:48,88.81,8.0,2.0,88.75166666666668,88.8,0,0,7.996666666666667,2.0,88.77874097843417,88.80092601474789,0.00029580835984058674,0.0001369640774695283
FDBH18,2023-07-21 02:34:52,88.74,8.0,2.0,88.68166666666667,88.72,0,0,7.995000000000001,2.0,88.70888835357016,88.73092601474788,0.00029580835984058674,0.0001369640774695283
FDBH18,2023-07-21 02:34:56,88.67,8.0,2.0,88.63499999999999,88.66,0,0,7.995,2.0,88.63888835357017,88.66092601474789,0.00029580835984058674,0.0001369640774695283
FDBH18,2023-07-21 02:35:00,88.63,8.0,2.0,88.59666666666668,88.63,0,0,7.998333333333334,2.0,88.5903332592639,88.62092601474788,0.00029580835984058674,0.0001369640774695283
FDBH18,2023-07-21 02:35:04,88.58,8.0,2.0,88.555,88.59,0,0,7.998333333333334,2.0,88.54048063439988,88.57092601474788,0.00029580835984058674,0.0001369640774695283
FDBH18,2023-07-21 02:35:08,88.54,8.0,2.0,88.48166666666667,88.55,0,0,7.998333333333334,2.0,88.50033325926391,88.53092601474789,0.00029580835984058674,0.0001369640774695283
FDBH18,2023-07-21 02:35:12,88.45,7.99,2.0,88.43333333333334,88.45,0,0,8.0,2.0,88.4087917771909,88.44092601474789,0.00029580835984058674,0.0001369640774695283
FDBH18,2023-07-21 02:35:16,88.44,8.0,2.0,88.39833333333333,88.43,0,0,7.998333333333334,2.0,88.39916622381789,88.43092601474788,0.00029580835984058674,0.0001369640774695283
FDBH18,2023-07-21 02:35:20,88.4,7.99,2.0,88.36333333333333,88.39,0,0,8.0,2.0,88.35893915232688,88.39092601474789,0.00029580835984058674,0.0001369640774695283
FDBH18,2023-07-21 02:35:24,88.36,8.0,2.0,88.33,88.34,0,0,8.0,2.0,88.32757394298815,88.35092601474788,0.00029580835984058674,0.0001369640774695283
FDBH18,2023-07-21 02:35:27,88.33,8.0,2.0,88.33166666666666,88.35,0,0,7.998333333333334,2.0,88.29757394298815,88.32092601474788,0.00029580835984058674,0.0001369640774695283
FDBH18,2023-07-21 02:35:31,88.32,8.0,2.0,88.35166666666667,88.39,0,0,7.995,2.0,88.28757394298815,88.31092601474788,0.00029580835984058674,0.0001369640774695283
FDBH18,2023-07-21 02:35:35,88.34,8.0,2.0,88.38666666666666,88.4,0,0,7.996666666666667,2.0,88.31489310023957,88.33691139730212,0.00029580835984058674,0.0001369640774695283
FDBH18,2023-07-21 02:35:39,88.39,8.0,2.0,88.42000000000002,88.46,0,0,7.998333333333334,2.0,88.37269097981174,88.39332610406642,0.0002998555873239489,0.0001369640774695283
FDBH18,2023-07-21 02:35:43,88.42,8.0,2.0,88.50833333333333,88.59,0,0,8.0,2.0,88.40859208713613,88.42640906364754,0.0002998555873239489,0.0001369640774695283
FDBH18,2023-07-21 02:35:47,88.52,8.0,2.0,88.61166666666668,88.68,0,0,7.998333333333334,2.0,88.52671681523533,88.53738149203038,0.0002981399493371567,0.0001369640774695283
FDBH18,2023-07-21 02:35:51,88.61,8.0,2.0,88.73333333333333,88.8,0,0,7.993333333333335,2.0,88.62511425533656,88.64499037085542,0.0002941158714453856,0.0001369640774695283
FDBH18,2023-07-21 02:35:55,88.76,7.99,2.0,88.83833333333332,88.91,0,0,7.995,2.0,88.78572178973685,88.81345466113801,0.0002941158714453856,0.0001369640774695283
FDBH18,2023-07-21 02:35:59,88.83,8.0,2.0,88.935,88.99,0,0,8.0,2.0,88.85594886122784,88.895094661138,0.00037067280057499573,0.0001369640774695283
FDBH18,2023-07-21 02:36:03,88.95,8.0,2.0,89.02166666666666,89.09,0,0,8.0,2.0,88.99050438673727,89.03153893646932,0.0004943189733863884,0.0001369640774695283
FDBH18,2023-07-21 02:36:07,89.02,8.0,2.0,89.105,89.14,0,0,7.995000000000001,2.0,89.06050438673726,89.10153893646931,0.0005017322297673968,0.0001369640774695283
FDBH18,2023-07-21 02:36:11,89.12,7.99,2.0,89.17166666666667,89.23,0,0,7.998333333333334,2.0,89.16136680237754,89.20424219182932,0.0005374241835235639,0.0001369640774695283
FDBH18,2023-07-21 02:36:14,89.16,8.0,2.0,89.235,89.29,0,0,8.0,2.0,89.20050438673726,89.24153893646931,0.0005017322297673968,0.0001369640774695283
FDBH18,2023-07-21 02:36:18,89.24,8.0,2.0,89.31666666666666,89.38,0,0,7.998333333333334,2.0,89.28065176187326,89.32153893646931,0.0004885247907852892,0.0001369640774695283
FDBH18,2023-07-21 02:36:22,89.31,8.0,2.0,89.38999999999999,89.42,0,0,7.998333333333334,2.0,89.33609623636384,89.39153893646932,0.0004009696333018581,0.0001369640774695283
FDBH18,2023-07-21 02:36:26,89.41,8.0,2.0,89.42333333333333,89.44,0,0,7.996666666666667,2.0,89.43609623636384,89.49153893646931,0.00032737335896191835,0.0001369640774695283
FDBH18,2023-07-21 02:36:30,89.44,7.99,2.0,89.47000000000001,89.51,0,0,8.0,2.0,89.4623108686199,89.511070805138,0.0003013881216760028,0.0001369640774695283
FDBH18,2023-07-21 02:36:34,89.49,8.0,2.0,89.51666666666667,89.54,0,0,8.0,2.0,89.5119155793771,89.555094661138,0.00026072666924852343,0.0001369640774695283
FDBH18,2023-07-21 02:36:38,89.52,8.0,2.0,89.55833333333332,89.58,0,0,7.998333333333334,2.0,89.5419155793771,89.573454661138,0.0002094389279472578,0.0001369640774695283
FDBH18,2023-07-21 02:36:42,89.58,8.0,2.0,89.57,89.58,0,0,7.996666666666667,2.0,89.6019155793771,89.633454661138,0.0002094389279472578,0.0001369640774695283
FDBH18,2023-07-21 02:36:46,89.58,8.0,2.0,89.58166666666666,89.59,0,0,7.996666666666667,2.0,89.6019155793771,89.62765638549153,0.0002094389279472578,0.0001369640774695283
FDBH18,2023-07-21 02:36:50,89.59,8.0,2.0,89.59666666666665,89.63,0,0,8.0,2.0,89.60644929475407,89.63355478549154,0.0002094389279472578,0.0001369640774695283
FDBH18,2023-07-21 02:36:54,89.58,8.0,2.0,89.63499999999999,89.65,0,0,8.0,2.0,89.5921395355672,89.61499037085542,0.0002094389279472578,0.0001369640774695283
FDBH18,2023-07-21 02:36:58,89.65,8.0,2.0,89.65000000000002,89.68,0,0,7.998333333333334,2.0,89.6621395355672,89.68499037085543,0.0002094389279472578,0.0001369640774695283
FDBH18,2023-07-21 02:37:02,89.65,7.99,2.0,89.67166666666667,89.69,0,0,8.0,2.0,89.66176508894021,89.68117950645193,0.00021230470638648372,0.0001369640774695283
FDBH18,2023-07-21 02:37:05,89.69,8.0,2.0,89.67,89.69,0,0,8.0,2.0,89.69953322446639,89.71872031832392,0.00021230470638648372,0.0001369640774695283
FDBH18,2023-07-21 02:37:09,89.67,8.0,2.0,89.68666666666667,89.7,0,0,8.0,2.0,89.67959993258808,89.69872031832392,0.00021230470638648372,0.0001369640774695283
FDBH18,2023-07-21 02:37:13,89.69,8.0,2.0,89.70666666666669,89.72,0,0,8.0,2.0,89.69959993258807,89.71872031832392,0.00021230470638648372,0.0001369640774695283
FDBH18,2023-07-21 02:37:17,89.72,8.0,2.0,89.71499999999999,89.72,0,0,8.0,2.0,89.72959993258807,89.74872031832392,0.00021230470638648372,0.0001369640774695283
FDBH18,2023-07-21 02:37:21,89.71,8.0,2.0,89.71833333333335,89.72,0,0,8.0,2.0,89.72010517372837,89.73762831832391,0.00019437538100036079,0.0001369640774695283
FDBH18,2023-07-21 02:37:25,89.72,8.0,2.0,89.75,89.79,0,0,8.0,2.0,89.72673221974556,89.7405174905926,0.00019437538100036079,0.00013692465979250095
FDBH18,2023-07-21 02:37:29,89.76,8.0,2.0,89.78833333333334,89.8,0,0,7.998333333333334,2.0,89.76532221974556,89.77880236818176,0.00019437538100036079,0.00013692465979250095
FDBH18,2023-07-21 02:37:33,89.8,8.0,2.0,89.83833333333332,89.88,0,0,7.995,2.0,89.80961510599907,89.82828556913353,0.00013414976702514803,0.0001369640774695283
FDBH18,2023-07-21 02:37:37,89.86,7.99,2.0,89.90499999999999,89.96,0,0,8.0,2.0,89.86922548596108,89.88872031832392,0.00021857360504976076,0.0001369640774695283
FDBH18,2023-07-21 02:37:41,89.9,8.0,2.0,89.99666666666667,90.07,0,0,7.996666666666667,2.0,89.91199216043121,89.93499037085543,0.0002094389279472578,0.0001369640774695283
FDBH18,2023-07-21 02:37:45,90.0,7.99,2.0,90.08999999999999,90.13,0,0,7.998333333333334,2.0,90.01622222326307,90.04355478549154,0.0002094389279472578,0.0001369640774695283
FDBH18,2023-07-21 02:37:49,90.11,8.0,2.0,60.400000000000006,90.18,0,0,7.996666666666667,2.0,90.13176820424113,90.163454661138,0.0002094389279472578,0.0001369640774695283
FDBH18,2023-07-21 02:37:52,0.9,8.0,2.0,75.295,90.18,0,0,7.991666666666667,2.0,0.7964665768724637,0.9627249691618938,0.0006751361685561582,0.0003246224507149859
FDBH18,2023-07-21 02:37:56,90.17,7.99,2.0,75.28499999999998,90.18,0,0,7.996666666666667,2.0,90.1985677376536,90.24511153493654,0.0011047483571563549,0.0003246224507149859
FDBH18,2023-07-21 02:38:00,90.16,8.0,2.0,75.23666666666666,90.14,0,0,8.0,2.0,90.12958823670495,90.24175142743805,0.0010596517914378157,0.0003246224507149859
FDBH18,2023-07-21 02:38:04,90.1,8.0,2.0,90.075,90.09,0,0,8.0,2.0,90.03210025164154,90.21009467618646,0.0011800113576530445,0.00015962012785113782
FDBH18,2023-07-21 02:38:08,90.08,8.0,2.0,90.05833333333334,90.08,0,0,7.998333333333334,2.0,89.84798577990817,90.24063130736525,0.0014157124477759007,0.0001512743632482858
FDBH18,2023-07-21 02:38:12,90.04,8.0,2.0,90.015,90.05,0,0,7.998333333333334,2.0,89.81149327263252,90.28646471874328,0.001405750209772757,0.00048140114271621337
FDBH18,2023-07-21 02:38:16,90.0,8.0,2.0,89.93333333333334,89.99,0,0,7.998333333333334,2.0,89.44635819049228,90.25392450972208,0.001506887331318065,0.00048140114271621337
FDBH18,2023-07-21 02:38:20,89.92,8.0,2.0,89.82833333333333,89.9,0,0,8.0,2.0,89.18110814852429,90.13941570301047,0.001506887331318065,0.00048140114271621337
FDBH18,2023-07-21 02:38:24,89.81,8.0,2.0,89.75166666666667,89.78,0,0,7.996666666666667,2.0,89.69561036136292,90.066474512634,0.001506887331318065,0.0005240274139576013
FDBH18,2023-07-21 02:38:28,89.76,7.99,2.0,89.65666666666668,89.74,0,0,7.993333333333333,2.0,89.61896429561641,90.016474512634,0.0014341564710324988,0.0005240274139576013
FDBH18,2023-07-21 02:38:32,89.64,8.0,2.0,89.55833333333334,89.62,0,0,7.996666666666667,2.0,89.59521782531773,89.62885930263688,0.00021015775790410022,0.0001369640774695283
FDBH18,2023-07-21 02:38:36,89.54,8.0,2.0,89.48833333333334,89.53,0,0,7.998333333333334,2.0,89.48779897531631,89.52885930263689,0.00027167292065732857,0.0001369640774695283
FDBH18,2023-07-21 02:38:39,89.49,7.99,2.0,89.44,89.49,0,0,8.0,2.0,89.4375719038253,89.4772438909529,0.00027512105688847724,0.0001369640774695283
FDBH18,2023-07-21 02:38:43,89.43,8.0,2.0,89.39999999999999,89.41,0,0,7.998333333333334,2.0,89.37779897531631,89.41724389095292,0.00031590568791420976,0.0001369640774695283
FDBH18,2023-07-21 02:38:47,89.41,8.0,2.0,89.37333333333333,89.4,0,0,7.998333333333334,2.0,89.3579463504523,89.40079576391575,0.00029388081008459895,0.0001369640774695283
FDBH18,2023-07-21 02:38:51,89.37,8.0,2.0,89.35666666666667,89.37,0,0,7.996666666666667,2.0,89.32167843173944,89.35885930263689,0.00027055332201132254,0.0001369640774695283
FDBH18,2023-07-21 02:38:55,89.35,8.0,2.0,89.35333333333335,89.37,0,0,7.993333333333333,2.0,89.30536520045372,89.33896436795746,0.0002340509392712568,0.0001369640774695283
FDBH18,2023-07-21 02:38:59,89.35,7.99,2.0,89.34166666666668,89.35,0,0,8.0,2.0,89.31859457395747,89.34092601474788,0.00022966166948072266,0.0001369640774695283
FDBH18,2023-07-21 02:39:03,89.34,8.0,2.0,89.315,89.34,0,0,7.996666666666667,2.0,89.31695466466407,89.33691139730212,0.00021064424594189606,0.0001369640774695283
FDBH18,2023-07-21 02:39:07,89.31,7.99,2.0,89.295,89.3,0,0,7.995000000000001,2.0,89.2928428617985,89.31026982535768,0.00021352651337217535,0.0001369640774695283
FDBH18,2023-07-21 02:39:11,89.3,8.0,2.0,89.30333333333333,89.32,0,0,7.995000000000001,2.0,89.28370056265089,89.30383755532745,0.00021352651337217535,0.0001369640774695283
FDBH18,2023-07-21 02:39:15,89.32,7.99,2.0,89.27999999999999,89.3,0,0,7.998333333333334,2.0,89.30555209113557,89.32502655245125,0.0002328040937302849,0.0001369640774695283
FDBH18,2023-07-21 02:39:19,89.27,8.0,2.0,89.25833333333333,89.28,0,0,8.0,2.0,89.25577916262657,89.27533135255602,0.0002328040937302849,0.00013692465979250095
FDBH18,2023-07-21 02:39:23,89.25,8.0,2.0,89.23500000000001,89.25,0,0,7.993333333333335,2.0,89.23592653776257,89.25497025457886,0.0002328040937302849,0.0001369640774695283
FDBH18,2023-07-21 02:39:27,89.24,7.99,2.0,89.22166666666668,89.23,0,0,7.993333333333333,2.0,89.22592653776256,89.24502655245125,0.0002328040937302849,0.0001369640774695283
FDBH18,2023-07-21 02:39:30,89.23,8.0,2.0,89.22000000000001,89.23,0,0,7.996666666666667,2.0,89.2137005626509,89.23383755532745,0.00028981187581890954,0.0001369640774695283
FDBH18,2023-07-21 02:39:34,89.22,8.0,2.0,89.205,89.23,0,0,8.0,2.0,89.20577916262657,89.22400591559851,0.00028981187581890954,0.0001369640774695283
FDBH18,2023-07-21 02:39:38,89.19,8.0,2.0,89.20833333333333,89.24,0,0,7.996666666666667,2.0,89.17592653776256,89.19400591559851,0.00028981187581890954,0.0001369640774695283
FDBH18,2023-07-21 02:39:42,89.19,7.99,2.0,89.22833333333334,89.24,0,0,7.995,2.0,89.17362086629588,89.19383755532745,0.00028981187581890954,0.0001369640774695283
FDBH18,2023-07-21 02:39:46,89.22,8.0,2.0,89.20666666666666,89.22,0,0,7.998333333333334,2.0,89.20734806778358,89.22782911570451,0.00028981187581890954,0.00013692465979250095
FDBH18,2023-07-21 02:39:50,89.2,8.0,2.0,89.21333333333335,89.23,0,0,7.998333333333334,2.0,89.18954064663833,89.20723983845708,0.00028981187581890954,0.00014291445990277903
FDBH18,2023-07-21 02:39:54,89.22,8.0,2.0,89.22333333333334,89.24,0,0,7.998333333333334,2.0,89.21246631864767,89.22858254253873,0.00028981187581890954,0.00014291445990277903
FDBH18,2023-07-21 02:39:58,89.22,7.99,2.0,89.23833333333333,89.25,0,0,7.998333333333334,2.0,89.21327813392912,89.22906552319743,0.00028981187581890954,0.00014291445990277903
FDBH18,2023-07-21 02:40:02,89.25,8.0,2.0,89.245,89.25,0,0,7.996666666666667,2.0,89.24697281515249,89.26237729394575,0.00026429403860385464,0.00014291445990277903
FDBH18,2023-07-21 02:40:06,89.24,8.0,2.0,89.24166666666667,89.25,0,0,7.996666666666667,2.0,89.23712019028846,89.25343201947071,0.00026429403860385464,0.00014291445990277903
FDBH18,2023-07-21 02:40:10,89.24,8.0,2.0,89.23833333333333,89.25,0,0,7.996666666666667,2.0,89.23712019028846,89.25303068635213,0.0002881536868407124,0.00014291445990277903
FDBH18,2023-07-21 02:40:14,89.25,7.99,2.0,89.24,89.26,0,0,7.995000000000001,2.0,89.24674574366148,89.26266557100149,0.00026429403860385464,0.00014291445990277903
FDBH18,2023-07-21 02:40:17,89.22,8.0,2.0,89.25833333333333,89.27,0,0,7.993333333333333,2.0,89.21618546212616,89.23290529394573,0.00026429403860385464,0.00014291445990277903
FDBH18,2023-07-21 02:40:21,89.27,8.0,2.0,89.26666666666667,89.28,0,0,7.993333333333333,2.0,89.26618546212616,89.28290529394573,0.0002881536868407124,0.00014291445990277903
FDBH18,2023-07-21 02:40:25,89.27,7.99,2.0,89.265,89.27,0,0,8.0,2.0,89.26595839063515,89.28214138874777,0.00035683358007803056,0.00014291445990277903
FDBH18,2023-07-21 02:40:29,89.27,8.0,2.0,89.25833333333333,89.27,0,0,7.995000000000001,2.0,89.26618546212616,89.2846296563036,0.0002881536868407124,0.00014291445990277903
FDBH18,2023-07-21 02:40:33,89.24,7.99,2.0,89.28333333333335,89.31,0,0,7.993333333333333,2.0,89.23697281515248,89.25438993335933,0.0002881536868407124,0.00014291445990277903
FDBH18,2023-07-21 02:40:37,89.29,7.99,2.0,89.31666666666666,89.33,0,0,7.996666666666667,2.0,89.28674574366148,89.3026655710015,0.0002881536868407124,0.00014291445990277903
FDBH18,2023-07-21 02:40:41,89.32,8.0,2.0,89.335,89.36,0,0,8.003333333333332,2.0,89.32160415253546,89.33616636339565,0.0002881536868407124,0.00014291445990277903
FDBH18,2023-07-21 02:40:45,89.34,8.0,2.0,89.46166666666666,89.6,0,0,8.084999999999999,2.0,89.41868036577391,89.4291589858988,0.0003690599150848657,0.00013692465979250095
FDBH18,2023-07-21 02:40:49,89.49,8.1,2.0,89.68333333333332,89.82,0,0,8.178333333333333,2.0,89.55454717733836,89.61023009644161,0.00043455699250101183,0.00012674174482130518
FDBH18,2023-07-21 02:40:53,89.71,8.19,2.0,89.915,90.09,0,0,8.193333333333333,2.0,89.75950479481685,89.80070708497954,0.00026018315065616033,0.00017054659746989755
FDBH18,2023-07-21 02:40:57,89.93,8.19,2.0,75.25,90.21,0,0,8.198333333333332,2.0,89.99065862920064,90.02293100220395,0.000423123194867379,0.00017054659746989755
FDBH18,2023-07-21 02:41:01,0.9,8.2,2.0,90.24833333333333,90.31,0,0,8.196666666666667,2.0,0.8329974379744849,0.7758154033422888,0.0005889677487887108,0.0004750395627163197
FDBH18,2023-07-21 02:41:05,90.26,8.19,2.0,90.35166666666667,90.4,0,0,8.196666666666665,2.0,90.2414555339128,90.30106130042151,0.0027415178581269555,0.0004750395627163197
FDBH18,2023-07-21 02:41:08,90.35,8.19,2.0,90.38,90.4,0,0,8.198333333333332,2.0,90.18715597017207,90.3910613004215,0.0024754162642436216,0.0004750395627163197
FDBH18,2023-07-21 02:41:12,90.37,8.2,2.0,90.36500000000001,90.37,0,0,8.196666666666665,2.0,90.20684435898802,90.40003841194853,0.002248785996468938,0.00045020946708325415
FDBH18,2023-07-21 02:41:16,90.37,8.19,2.0,90.33999999999999,90.36,0,0,8.198333333333332,2.0,90.25572816312061,90.60752016914157,0.0024938631478814938,0.000297223299129292
FDBH18,2023-07-21 02:41:20,90.33,8.2,2.0,90.30833333333334,90.33,0,0,8.200000000000001,2.0,90.05625654156383,90.53844765591909,0.0020171206218354697,0.00045148706781348685
FDBH18,2023-07-21 02:41:24,90.3,8.2,2.0,75.38166666666666,90.3,0,0,8.198333333333332,2.0,90.05203572103905,90.556474512634,0.001642740131015308,0.0005240274139576013
FDBH18,2023-07-21 02:41:28,90.27,8.2,2.0,60.46000000000001,90.26,0,0,8.196666666666665,2.0,89.86053174741126,90.526474512634,0.001506887331318065,0.0005240274139576013
FDBH18,2023-07-21 02:41:32,90.23,8.2,2.0,90.21333333333332,90.24,0,0,8.193333333333333,2.0,90.13478760798458,90.31175142743805,0.0011800113576530445,0.0003246224507149859
FDBH18,2023-07-21 02:41:36,90.21,8.2,2.0,90.18,90.21,0,0,8.195,2.0,90.11478760798457,90.29175142743804,0.0010596517914378157,0.0003246224507149859
FDBH18,2023-07-21 02:41:40,90.17,8.2,2.0,90.13833333333334,90.16,0,0,8.196666666666665,2.0,90.09113324568136,90.25175142743805,0.0014501315575840843,0.0003246224507149859
FDBH18,2023-07-21 02:41:44,90.12,8.2,2.0,75.25999999999999,90.14,0,0,8.195,2.0,89.9440501577872,90.23905325553532,0.001353312604632271,0.00030765216715136464
FDBH18,2023-07-21 02:41:49,90.14,8.2,2.0,75.26833333333333,90.18,0,0,8.198333333333332,2.0,89.9570204165571,90.34284774901828,0.001447048762506119,0.0005240274139576013
FDBH18,2023-07-21 02:41:55,90.13,8.2,2.0,90.18166666666667,90.19,0,0,8.196666666666665,2.0,90.0561080672354,90.29969131974178,0.0013735919124331576,0.00029896507516527954
FDBH18,2023-07-21 02:41:59,90.17,8.2,2.0,90.19166666666666,90.2,0,0,8.191666666666665,2.0,89.71017721083894,90.42392450972208,0.0016315231875598237,0.0005240274139576013
FDBH18,2023-07-21 02:42:03,90.19,8.19,2.0,90.205,90.22,0,0,8.193333333333333,2.0,89.65546689444321,90.44392450972208,0.001642740131015308,0.00048140114271621337
FDBH18,2023-07-21 02:42:07,90.2,8.2,2.0,90.21,90.22,0,0,8.198333333333332,2.0,90.03805226278598,90.37356394815527,0.0014198062061947488,0.00030765216715136464
FDBH18,2023-07-21 02:42:11,90.21,8.2,2.0,90.20166666666667,90.21,0,0,8.196666666666665,2.0,90.15079463700965,90.3952698927737,0.0013735919124331576,0.00029896507516527954
FDBH18,2023-07-21 02:42:16,90.2,8.19,2.0,90.21333333333335,90.23,0,0,8.191666666666665,2.0,89.89744042201978,90.456474512634,0.001642740131015308,0.0005240274139576013
FDBH18,2023-07-21 02:42:20,90.23,8.19,2.0,75.33999999999999,90.24,0,0,8.193333333333333,2.0,89.87507696194984,90.486474512634,0.0015634625174420385,0.0005240274139576013
FDBH18,2023-07-21 02:42:24,90.23,8.2,2.0,60.46,90.24,0,0,8.195,2.0,90.23338595294132,90.25120709112342,0.00023830673784806444,0.00013692465979250095
FDBH18,2023-07-21 02:42:29,90.24,8.19,2.0,60.455000000000005,90.24,0,0,8.195,2.0,90.22322975664757,90.29959208718758,0.0011664820846729617,0.0003246224507149859
FDBH18,2023-07-21 02:42:34,90.24,8.2,2.0,90.22166666666668,90.23,0,0,8.195,2.0,90.1529915476906,90.35009467618646,0.0012459455622631618,0.0003246224507149859
FDBH18,2023-07-21 02:42:39,90.23,8.2,2.0,90.24166666666667,90.28,0,0,8.196666666666665,2.0,90.18868347246007,90.34009467618647,0.0011188683296497717,0.0003246224507149859
FDBH18,2023-07-21 02:42:43,90.24,8.2,2.0,75.35833333333333,90.28,0,0,8.195,2.0,90.12385311106446,90.35009467618646,0.0015311358362443772,0.0003246224507149859
FDBH18,2023-07-21 02:42:47,0.9,8.19,2.0,90.21166666666666,90.22,0,0,8.198333333333332,2.0,0.9069163152838093,0.9792094295650084,0.0007907307080988194,0.00015962012785113782
FDBH18,2023-07-21 02:42:50,90.22,8.19,2.0,90.2,90.21,0,0,8.196666666666665,2.0,90.08374921131299,90.32711781209635,0.0014154914837167852,0.00015807863355762487
FDBH18,2023-07-21 02:42:54,90.19,8.2,2.0,75.30166666666666,90.2,0,0,8.193333333333333,2.0,89.73017721083893,90.44097794180396,0.001642740131015308,0.0002692854601080875
FDBH18,2023-07-21 02:42:58,90.16,8.19,2.0,75.25833333333334,90.17,0,0,8.195,2.0,89.71905884329885,90.41392450972208,0.001642740131015308,0.0005240274139576013
FDBH18,2023-07-21 02:43:02,90.14,8.19,2.0,90.085,90.11,0,0,8.195,2.0,89.73449535388649,90.39097794180397,0.0015634625174420385,0.0002692854601080875
FDBH18,2023-07-21 02:43:06,90.08,8.19,2.0,90.05666666666667,90.07,0,0,8.195,2.0,89.87490048946175,90.21331123346272,0.0015583834991361504,0.00030765216715136464
FDBH18,2023-07-21 02:43:10,90.05,8.2,2.0,90.03999999999998,90.06,0,0,8.196666666666667,2.0,89.89406706816034,90.24450274531526,0.0013735919124331576,0.00029896507516527954
FDBH18,2023-07-21 02:43:14,90.03,8.2,2.0,90.00166666666667,90.03,0,0,8.198333333333332,2.0,89.65596825799891,90.286474512634,0.0015634625174420385,0.0005240274139576013
FDBH18,2023-07-21 02:43:18,89.98,8.2,2.0,89.96499999999999,89.99,0,0,8.195,2.0,89.8751027122402,90.16526989277371,0.0014432557810810558,0.00029896507516527954
FDBH18,2023-07-21 02:43:22,89.96,8.19,2.0,89.92500000000001,89.94,0,0,8.193333333333333,2.0,89.70899227478866,90.216474512634,0.001532499028779204,0.0005240274139576013
FDBH18,2023-07-21 02:43:26,89.93,8.19,2.0,89.90499999999999,89.92,0,0,8.193333333333333,2.0,89.57507696194985,90.186474512634,0.0015634625174420385,0.0005240274139576013
FDBH18,2023-07-21 02:43:30,89.91,8.19,2.0,89.86333333333334,89.9,0,0,8.198333333333332,2.0,89.88672759317305,89.9074144275422,0.00022966166948072266,0.0001369640774695283
FDBH18,2023-07-21 02:43:34,89.86,8.2,2.0,89.83666666666666,89.84,0,0,8.200000000000001,2.0,89.83695466466406,89.8574144275422,0.00022966166948072266,0.0001369640774695283
FDBH18,2023-07-21 02:43:38,89.82,8.2,2.0,89.83,89.84,0,0,8.198333333333332,2.0,89.79635488595756,89.81741442754219,0.00022966166948072266,0.0001369640774695283
FDBH18,2023-07-21 02:43:41,89.82,8.2,2.0,89.81833333333333,89.83,0,0,8.198333333333332,2.0,89.79635488595756,89.81741442754219,0.00022966166948072266,0.0001369640774695283
FDBH18,2023-07-21 02:43:45,89.82,8.2,2.0,89.81166666666667,89.83,0,0,8.200000000000001,2.0,89.80074567291102,89.81741442754219,0.00022966166948072266,0.0001369640774695283
FDBH18,2023-07-21 02:43:49,89.83,8.2,2.0,89.80333333333334,89.82,0,0,8.200000000000001,2.0,89.81274567291102,89.8274144275422,0.0002328040937302849,0.0001369640774695283
FDBH18,2023-07-21 02:43:53,89.79,8.2,2.0,89.805,89.83,0,0,8.198333333333332,2.0,89.7732173084255,89.79167567179377,0.00020463464380476715,0.0001369640774695283
FDBH18,2023-07-21 02:43:57,89.81,8.2,2.0,89.83333333333333,89.85,0,0,8.198333333333332,2.0,89.79592653776257,89.81552958269133,0.00021352651337217535,0.0001369640774695283
FDBH18,2023-07-21 02:44:01,89.83,8.2,2.0,89.83999999999999,89.86,0,0,8.196666666666665,2.0,89.81939327150234,89.83704792099584,0.00021352651337217535,0.00014291445990277903
FDBH18,2023-07-21 02:44:05,89.82,8.2,2.0,89.86333333333333,89.87,0,0,8.196666666666667,2.0,89.81347434721296,89.82944358718771,0.00021352651337217535,0.00014291445990277903
FDBH18,2023-07-21 02:44:09,89.87,8.19,2.0,89.86333333333334,89.87,0,0,8.198333333333332,2.0,89.86595839063516,89.88584702581252,0.00021230470638648372,0.00014291445990277903
FDBH18,2023-07-21 02:44:13,89.86,8.2,2.0,89.88666666666667,89.92,0,0,8.200000000000001,2.0,89.86188595294132,89.87751221163333,0.00023866948439961135,0.00014291445990277903
FDBH18,2023-07-21 02:44:17,89.89,8.2,2.0,89.90499999999999,89.92,0,0,8.200000000000001,2.0,89.89438749158325,89.91149155043287,0.00021230470638648372,0.00013692465979250095
FDBH18,2023-07-21 02:44:21,89.91,8.2,2.0,89.88833333333332,89.9,0,0,8.193333333333332,2.0,89.92010517372837,89.938131348564,0.0002281672685320961,0.0001369640774695283
FDBH18,2023-07-21 02:44:25,89.88,8.19,2.0,89.91000000000001,89.93,0,0,8.195,2.0,89.88635777311856,89.89812656356621,0.00021230470638648372,0.0001369640774695283
FDBH18,2023-07-21 02:44:28,89.9,8.19,2.0,89.92333333333333,89.93,0,0,8.196666666666665,2.0,89.90315888145032,89.92008917566234,0.0002314720052210452,0.00013692465979250095
FDBH18,2023-07-21 02:44:32,89.93,8.19,2.0,89.96000000000002,89.99,0,0,8.193333333333333,2.0,89.93438749158325,89.95149155043288,0.0002314720052210452,0.00013692465979250095
FDBH18,2023-07-21 02:44:36,89.97,8.19,2.0,89.995,90.02,0,0,8.191666666666665,2.0,89.97438749158324,89.98812656356621,0.0002314720052210452,0.00013692465979250095
FDBH18,2023-07-21 02:44:40,89.99,8.19,2.0,90.04333333333334,90.09,0,0,8.198333333333332,2.0,89.99922548596108,90.018131348564,0.0002625115732467862,0.0001369640774695283
FDBH18,2023-07-21 02:44:44,90.05,8.19,2.0,90.15499999999999,90.27,0,0,8.28,2.0,90.12182416300014,90.15930952468922,0.00033622056937729176,0.0001445058905091179
FDBH18,2023-07-21 02:44:48,90.16,8.3,2.0,90.33666666666666,90.47,0,0,8.381666666666666,2.0,90.2302274934573,90.28880723892716,0.00042869244537131334,0.00012674174482130518
FDBH18,2023-07-21 02:44:52,90.35,8.39,2.0,90.57499999999999,90.74,0,0,8.396666666666667,2.0,90.399783344311,90.43386223383568,0.00026018315065616033,0.00017054659746989755
FDBH18,2023-07-21 02:44:56,90.6,8.4,2.0,90.81833333333333,90.95,0,0,8.39,2.0,90.64045629253813,90.67264892118065,0.00042215014209248273,0.00017054659746989755
FDBH18,2023-07-21 02:45:00,90.85,8.39,2.0,90.99833333333333,91.1,0,0,8.39,2.0,90.891799886254,90.94192711533776,0.0007435403312221758,0.00017054659746989755
FDBH18,2023-07-21 02:45:04,91.02,8.39,2.0,91.13499999999999,91.18,0,0,8.393333333333333,2.0,91.08335434174568,91.12745413444033,0.0009566181076230592,0.0003267144446725042
FDBH18,2023-07-21 02:45:08,91.16,8.39,2.0,91.17166666666667,91.18,0,0,8.395000000000001,2.0,91.24923712417196,91.29146346814316,0.000976807670736778,0.0003267144446725042
FDBH18,2023-07-21 02:45:12,91.16,8.39,2.0,91.17333333333335,91.18,0,0,8.395,2.0,91.2368340247171,91.29146346814316,0.000976807670736778,0.0003267144446725042
FDBH18,2023-07-21 02:45:16,91.17,8.4,2.0,91.15666666666665,91.17,0,0,8.396666666666667,2.0,91.20094421593646,91.2589951505183,0.0013580893686927587,0.00023013662311103763
FDBH18,2023-07-21 02:45:19,91.16,8.39,2.0,91.135,91.15,0,0,8.396666666666667,2.0,91.19594860339834,91.260960766524,0.0008141911417252799,0.0001369640774695283
FDBH18,2023-07-21 02:45:23,91.13,8.39,2.0,91.11666666666667,91.13,0,0,8.391666666666667,2.0,91.1519155793771,91.20767389974634,0.0004099286060696768,0.0001369640774695283
FDBH18,2023-07-21 02:45:27,91.12,8.39,2.0,91.11333333333334,91.12,0,0,8.393333333333333,2.0,91.13659666989007,91.1698560913781,0.0002331704530469528,0.0001369640774695283
FDBH18,2023-07-21 02:45:31,91.12,8.4,2.0,91.13166666666666,91.16,0,0,8.393333333333333,2.0,91.12231543996333,91.14169538667397,0.0002540203627473764,0.0001369640774695283
FDBH18,2023-07-21 02:45:35,91.13,8.39,2.0,91.14333333333333,91.16,0,0,8.395,2.0,91.11939327150233,91.13802360698604,0.00023772109265277335,0.00013692465979250095
FDBH18,2023-07-21 02:45:39,91.14,8.4,2.0,91.12166666666667,91.13,0,0,8.391666666666667,2.0,91.12939327150234,91.1483321459446,0.00023610895071897448,0.00014291445990277903
FDBH18,2023-07-21 02:45:43,91.13,8.39,2.0,91.09833333333334,91.12,0,0,8.393333333333333,2.0,91.11927599855348,91.13743432973861,0.00023772109265277335,0.00014291445990277903
FDBH18,2023-07-21 02:45:47,91.08,8.39,2.0,91.085,91.09,0,0,8.398333333333332,2.0,91.07158668880827,91.08719919054613,0.0002672413271673981,0.00014291445990277903
FDBH18,2023-07-21 02:45:51,91.08,8.4,2.0,91.09000000000002,91.1,0,0,8.398333333333333,2.0,91.06930685676065,91.08810201466741,0.00023772109265277335,0.00014291445990277903
FDBH18,2023-07-21 02:45:55,91.09,8.4,2.0,91.10166666666667,91.11,0,0,8.396666666666667,2.0,91.07930685676065,91.09774286869717,0.00023772109265277335,0.00014291445990277903
FDBH18,2023-07-21 02:45:59,91.1,8.4,2.0,91.125,91.15,0,0,8.395,2.0,91.08954064663833,91.10774286869716,0.00023772109265277335,0.00014291445990277903
FDBH18,2023-07-21 02:46:03,91.13,8.4,2.0,91.14833333333333,91.17,0,0,8.398333333333332,2.0,91.11930685676064,91.13774286869716,0.00023772109265277335,0.00014291445990277903
FDBH18,2023-07-21 02:46:06,91.17,8.4,2.0,91.15833333333335,91.18,0,0,8.4,2.0,91.16350520542014,91.18010199852765,0.00023772109265277335,0.00014291445990277903
FDBH18,2023-07-21 02:46:10,91.16,8.4,2.0,91.18166666666667,91.19,0,0,8.395,2.0,91.15811624708847,91.17690911657998,0.0002155975261850275,0.00013692465979250095
FDBH18,2023-07-21 02:46:14,91.19,8.39,2.0,91.19,91.21,0,0,8.395,2.0,91.19938888643202,91.20679252227046,0.00023636087607600562,0.0001369640774695283
FDBH18,2023-07-21 02:46:18,91.21,8.4,2.0,91.18166666666667,91.19,0,0,8.398333333333332,2.0,91.21917044556606,91.238131348564,0.0002231901123621172,0.0001369640774695283
FDBH18,2023-07-21 02:46:22,91.17,8.4,2.0,91.18,91.2,0,0,8.4,2.0,91.1799577985924,91.198131348564,0.00023636087607600562,0.0001369640774695283
FDBH18,2023-07-21 02:46:26,91.19,8.4,2.0,91.165,91.17,0,0,8.398333333333333,2.0,91.19673221974556,91.20812656356621,0.00021678883659327882,0.0001369640774695283
FDBH18,2023-07-21 02:46:30,91.17,8.4,2.0,91.16333333333334,91.18,0,0,8.393333333333333,2.0,91.17175152767145,91.18678389604334,0.00023298635701416391,0.00014291445990277903
FDBH18,2023-07-21 02:46:34,91.16,8.39,2.0,91.16666666666667,91.18,0,0,8.396666666666667,2.0,91.15444635092196,91.16927691479995,0.00023772109265277335,0.00014291445990277903
FDBH18,2023-07-21 02:46:38,91.17,8.4,2.0,91.17166666666667,91.19,0,0,8.396666666666667,2.0,91.16347434721297,91.17895845919801,0.00023772109265277335,0.00014291445990277903
FDBH18,2023-07-21 02:46:42,91.19,8.4,2.0,91.17166666666667,91.18,0,0,8.396666666666667,2.0,91.18074545609898,91.19653612062719,0.00023772109265277335,0.00014291445990277903
FDBH18,2023-07-21 02:46:46,91.18,8.4,2.0,91.18333333333334,91.19,0,0,8.4,2.0,91.17243546044051,91.1886875279615,0.00023772109265277335,0.00014291445990277903
FDBH18,2023-07-21 02:46:50,91.19,8.4,2.0,91.19999999999999,91.22,0,0,8.396666666666667,2.0,91.18347434721296,91.1936065427403,0.00021803644398107002,0.00014291445990277903
FDBH18,2023-07-21 02:46:54,91.2,8.4,2.0,91.24333333333334,91.29,0,0,8.39,2.0,91.19600301424961,91.20296668218955,0.00023298635701416391,0.00014291445990277903
FDBH18,2023-07-21 02:46:57,91.23,8.39,2.0,91.28833333333334,91.32,0,0,8.39,2.0,91.22796887195248,91.24434915534346,0.00023636087607600562,0.00014291445990277903
FDBH18,2023-07-21 02:47:01,91.31,8.39,2.0,91.31833333333333,91.33,0,0,8.393333333333333,2.0,91.3184541582697,91.32679252227047,0.00023636087607600562,0.0001369640774695283
FDBH18,2023-07-21 02:47:05,91.33,8.39,2.0,91.34666666666668,91.36,0,0,8.396666666666667,2.0,91.3417650889402,91.361682536692,0.00026805584842527227,0.0001369640774695283
FDBH18,2023-07-21 02:47:09,91.35,8.4,2.0,91.35000000000001,91.36,0,0,8.398333333333333,2.0,91.3619921604312,91.3854934010955,0.00024328360611105556,0.0001369640774695283
FDBH18,2023-07-21 02:47:13,91.35,8.4,2.0,91.355,91.37,0,0,8.395,2.0,91.3624566351567,91.3854934010955,0.0002331704530469528,0.0001369640774695283
FDBH18,2023-07-21 02:47:17,91.36,8.4,2.0,91.33166666666665,91.37,0,0,8.391666666666667,2.0,91.3721395355672,91.39549340109551,0.0002505916299273238,0.0001369640774695283
FDBH18,2023-07-21 02:47:21,91.33,8.39,2.0,91.29666666666667,91.32,0,0,8.395,2.0,91.3421395355672,91.365296067892,0.00023636087607600562,0.0001369640774695283
FDBH18,2023-07-21 02:47:25,91.3,8.39,2.0,91.27166666666666,91.3,0,0,8.395,2.0,91.30282068110364,91.31679252227046,0.00023636087607600562,0.0001369640774695283
FDBH18,2023-07-21 02:47:29,91.28,8.4,2.0,91.20666666666666,91.26,0,0,8.395,2.0,91.27074545609898,91.2883321459446,0.00023772109265277335,0.00013692465979250095
FDBH18,2023-07-21 02:47:33,91.18,8.4,2.0,91.16666666666667,91.19,0,0,8.398333333333332,2.0,91.16550575563417,91.18450894583859,0.00023772109265277335,0.0001369640774695283
FDBH18,2023-07-21 02:47:37,91.18,8.4,2.0,91.145,91.16,0,0,8.395000000000001,2.0,91.16059829777505,91.1774144275422,0.00023451231358943405,0.0001369640774695283
FDBH18,2023-07-21 02:47:41,91.16,8.39,2.0,91.12,91.15,0,0,8.391666666666667,2.0,91.13635488595756,91.1574144275422,0.00023451231358943405,0.0001369640774695283
FDBH18,2023-07-21 02:47:44,91.1,8.39,2.0,91.11333333333334,91.13,0,0,8.395,2.0,91.07635488595756,91.09662176085136,0.00023451231358943405,0.0001369640774695283
FDBH18,2023-07-21 02:47:48,91.13,8.4,2.0,91.08,91.11,0,0,8.395,2.0,91.10635488595756,91.12662176085136,0.00023451231358943405,0.0001369640774695283
FDBH18,2023-07-21 02:47:52,91.08,8.4,2.0,91.06333333333333,91.07,0,0,8.393333333333333,2.0,91.05620751082158,91.0774144275422,0.0002520337214229142,0.0001369640774695283
FDBH18,2023-07-21 02:47:56,91.06,8.39,2.0,91.05833333333334,91.07,0,0,8.391666666666667,2.0,91.04059829777505,91.0574144275422,0.00023451231358943405,0.0001369640774695283
FDBH18,2023-07-21 02:48:00,91.06,8.39,2.0,91.06333333333333,91.08,0,0,8.396666666666667,2.0,91.0428428617985,91.06077285559776,0.00023772109265277335,0.0001369640774695283
FDBH18,2023-07-21 02:48:04,91.06,8.39,2.0,91.07666666666665,91.08,0,0,8.398333333333333,2.0,91.04320008416748,91.0638291343065,0.00023772109265277335,0.0001369640774695283
FDBH18,2023-07-21 02:48:08,91.08,8.39,2.0,91.07166666666667,91.08,0,0,8.395000000000001,2.0,91.06569946627155,91.08583438279611,0.00023772109265277335,0.0001369640774695283
FDBH18,2023-07-21 02:48:12,91.08,8.39,2.0,91.06333333333333,91.07,0,0,8.391666666666667,2.0,91.06954064663833,91.08743432973861,0.00023772109265277335,0.00014291445990277903
FDBH18,2023-07-21 02:48:16,91.06,8.39,2.0,91.04333333333335,91.07,0,0,8.39,2.0,91.05074545609898,91.06771385371044,0.00023772109265277335,0.00014291445990277903
FDBH18,2023-07-21 02:48:20,91.03,8.39,2.0,91.01833333333333,91.04,0,0,8.391666666666667,2.0,91.02347434721297,91.0336065427403,0.00023772109265277335,0.00014291445990277903
FDBH18,2023-07-21 02:48:24,91.01,8.39,2.0,91.00666666666666,91.02,0,0,8.398333333333332,2.0,90.99904892706249,91.01667500829242,0.0002672413271673981,0.00014291445990277903
FDBH18,2023-07-21 02:48:28,91.0,8.4,2.0,90.95666666666666,91.0,0,0,8.398333333333333,2.0,90.98939327150234,91.00833214594459,0.00023772109265277335,0.00014291445990277903
FDBH18,2023-07-21 02:48:31,90.96,8.39,2.0,90.90999999999998,90.95,0,0,8.4,2.0,90.94555209113557,90.9658343827961,0.00023772109265277335,0.0001369640774695283
FDBH18,2023-07-21 02:48:35,90.9,8.4,2.0,90.86166666666668,90.89,0,0,8.395,2.0,90.8832173084255,90.90077285559776,0.00023772109265277335,0.0001369640774695283
FDBH18,2023-07-21 02:48:39,90.84,8.39,2.0,90.81166666666667,90.85,0,0,8.396666666666667,2.0,90.82051860142003,90.8374144275422,0.00023451231358943405,0.0001369640774695283
FDBH18,2023-07-21 02:48:43,90.8,8.39,2.0,90.73500000000001,90.79,0,0,8.396666666666667,2.0,90.77612781446656,90.79662176085137,0.00023451231358943405,0.0001369640774695283
FDBH18,2023-07-21 02:48:47,90.74,8.39,2.0,90.64333333333333,90.69,0,0,8.395,2.0,90.70888835357016,90.73142904498796,0.00023451231358943405,0.0001369640774695283
FDBH18,2023-07-21 02:48:51,90.61,8.39,2.0,90.55666666666667,90.61,0,0,8.398333333333332,2.0,90.56715121830089,90.60054937410978,0.00026311060274759293,0.0001369640774695283
FDBH18,2023-07-21 02:48:55,90.54,8.4,2.0,90.42666666666666,90.52,0,0,8.396666666666667,2.0,90.49521782531774,90.52946739819754,0.00021459655171537104,0.0001369640774695283
FDBH18,2023-07-21 02:49:00,90.44,8.39,2.0,90.27166666666666,90.37,0,0,8.396666666666667,2.0,90.39130398511244,90.42936233287696,0.00027309705050006407,0.0001369640774695283
FDBH18,2023-07-21 02:49:05,90.27,8.4,2.0,90.14166666666665,90.22,0,0,8.393333333333333,2.0,90.2179463504523,90.2572438909529,0.00038608430789459786,0.0001369640774695283
FDBH18,2023-07-21 02:49:10,90.14,8.39,2.0,90.00666666666666,90.07,0,0,8.395,2.0,90.06587329411225,90.1268728213007,0.0004097499434333559,0.0001369640774695283
FDBH18,2023-07-21 02:49:16,89.99,8.39,2.0,89.925,89.98,0,0,8.393333333333333,2.0,89.88792048507858,89.96287365322839,0.0004097499434333559,0.0001369640774695283
FDBH18,2023-07-21 02:49:20,89.91,8.39,2.0,89.82000000000001,89.89,0,0,8.391666666666667,2.0,89.80792048507858,89.88076910367963,0.0006198775097186372,0.0001369640774695283
FDBH18,2023-07-21 02:49:25,89.79,8.39,2.0,89.72500000000001,89.79,0,0,8.396666666666667,2.0,89.6876934135876,89.76076910367964,0.0006708002317276622,0.0001369640774695283
FDBH18,2023-07-21 02:49:28,89.72,8.4,2.0,89.66833333333334,89.72,0,0,8.398333333333333,2.0,89.61792048507859,89.69076910367963,0.0003783939846819849,0.0001369640774695283
FDBH18,2023-07-21 02:49:32,89.64,8.4,2.0,89.58999999999999,89.64,0,0,8.393333333333333,2.0,89.54207219408954,89.61982109316673,0.0004340625018458307,0.0001369640774695283
FDBH18,2023-07-21 02:49:36,89.58,8.39,2.0,89.485,89.55,0,0,8.395,2.0,89.50587329411225,89.56687282130069,0.0004012761454146465,0.0001369640774695283
FDBH18,2023-07-21 02:49:40,89.47,8.39,2.0,89.39833333333333,89.45,0,0,8.396666666666667,2.0,89.40738009644181,89.45356546438404,0.00041720648279007554,0.0001369640774695283
FDBH18,2023-07-21 02:49:44,89.38,8.4,2.0,89.33666666666666,89.37,0,0,8.396666666666667,2.0,89.3212237773848,89.36394051362788,0.0003942514385835606,0.0001369640774695283
FDBH18,2023-07-21 02:49:49,89.33,8.4,2.0,89.23500000000001,89.31,0,0,8.393333333333333,2.0,89.2779463504523,89.31724389095291,0.00039924431597179104,0.0001369640774695283
FDBH18,2023-07-21 02:49:54,89.21,8.39,2.0,89.17333333333333,89.19,0,0,8.39,2.0,89.15794635045229,89.1972438909529,0.00031031704981910045,0.0001369640774695283
FDBH18,2023-07-21 02:49:58,89.17,8.39,2.0,89.14333333333333,89.16,0,0,8.39,2.0,89.1177989753163,89.15972322536805,0.0002868674683839739,0.0001369640774695283
FDBH18,2023-07-21 02:50:02,89.15,8.39,2.0,89.06666666666668,89.12,0,0,8.395,2.0,89.09779897531631,89.13936233287697,0.0003294619301110293,0.0001369640774695283
FDBH18,2023-07-21 02:50:06,89.05,8.4,2.0,88.99666666666667,89.05,0,0,8.391666666666667,2.0,89.00153105660345,89.03936233287696,0.00025478271650026125,0.0001369640774695283
FDBH18,2023-07-21 02:50:10,88.99,8.39,2.0,88.93166666666666,88.98,0,0,8.39,2.0,88.94153105660345,88.97936233287696,0.0002762540118431907,0.0001369640774695283
FDBH18,2023-07-21 02:50:14,88.93,8.39,2.0,88.85166666666669,88.89,0,0,8.39,2.0,88.88521782531774,88.91946739819754,0.00026934620540122566,0.0001369640774695283
FDBH18,2023-07-21 02:50:17,88.84,8.39,2.0,88.82666666666667,88.84,0,0,8.391666666666667,2.0,88.79521782531774,88.82936233287697,0.0002981678691693548,0.0001369640774695283
FDBH18,2023-07-21 02:50:21,88.82,8.4,2.0,88.81166666666667,88.82,0,0,8.396666666666667,2.0,88.77521782531772,88.80946739819753,0.0002616214813781386,0.0001369640774695283
FDBH18,2023-07-21 02:50:26,88.82,8.4,2.0,88.83166666666666,88.86,0,0,8.393333333333333,2.0,88.77737828979188,88.80953780115976,0.0003532295804808323,0.0001369640774695283
FDBH18,2023-07-21 02:50:30,88.84,8.39,2.0,88.855,88.87,0,0,8.393333333333333,2.0,88.80048063439989,88.83142904498797,0.00029580835984058674,0.0001369640774695283
FDBH18,2023-07-21 02:50:34,88.86,8.39,2.0,88.84500000000001,88.86,0,0,8.395,2.0,88.83635488595756,88.85662176085137,0.0003225121057176757,0.0001369640774695283
FDBH18,2023-07-21 02:50:38,88.85,8.39,2.0,88.85666666666667,88.88,0,0,8.395000000000001,2.0,88.83356847166975,88.85165619462221,0.00029580835984058674,0.0001369640774695283
FDBH18,2023-07-21 02:50:42,88.85,8.4,2.0,88.88,88.89,0,0,8.39,2.0,88.84017114580297,88.85691209388762,0.00035134806482822875,0.0001369640774695283
FDBH18,2023-07-21 02:50:46,88.89,8.39,2.0,88.89666666666665,88.91,0,0,8.39,2.0,88.88775068945313,88.90584702581252,0.0003250541082291985,0.00014291445990277903
FDBH18,2023-07-21 02:50:50,88.91,8.39,2.0,88.90666666666665,88.92,0,0,8.393333333333333,2.0,88.9140231647074,88.92956499340862,0.00033465113842565147,0.00013692465979250095
FDBH18,2023-07-21 02:50:54,88.9,8.39,2.0,88.90000000000002,88.92,0,0,8.396666666666667,2.0,88.90620763185832,88.91812656356622,0.00036863807444639313,0.00013692465979250095
FDBH18,2023-07-21 02:50:58,88.92,8.4,2.0,88.86166666666668,88.89,0,0,8.391666666666667,2.0,88.92595943151164,88.94032889860658,0.000349337913137008,0.00013692465979250095
FDBH18,2023-07-21 02:51:02,88.84,8.39,2.0,88.82333333333332,88.85,0,0,8.391666666666667,2.0,88.83859937111714,88.85666939363574,0.0003250541082291985,0.00013692465979250095
FDBH18,2023-07-21 02:51:06,88.82,8.39,2.0,88.77666666666666,88.81,0,0,8.395,2.0,88.81530392157761,88.83380771645338,0.0002998555873239489,0.00013692465979250095
FDBH18,2023-07-21 02:51:09,88.77,8.4,2.0,88.73666666666666,88.78,0,0,8.398333333333332,2.0,88.76017114580297,88.77691209388762,0.0002998555873239489,0.0001369640774695283
FDBH18,2023-07-21 02:51:13,88.72,8.4,2.0,88.695,88.72,0,0,8.398333333333333,2.0,88.70379554316075,88.72077285559776,0.00032692457234127683,0.0001369640774695283
FDBH18,2023-07-21 02:51:17,88.7,8.4,2.0,88.65499999999999,88.67,0,0,8.393333333333333,2.0,88.67894672228343,88.6974144275422,0.00031616118805924843,0.0001369640774695283
FDBH18,2023-07-21 02:51:21,88.66,8.39,2.0,88.62333333333333,88.66,0,0,8.393333333333333,2.0,88.62888835357016,88.65236615287154,0.0003225121057176757,0.0001369640774695283
FDBH18,2023-07-21 02:51:25,88.63,8.39,2.0,88.60333333333334,88.61,0,0,8.395,2.0,88.59888835357016,88.62142904498796,0.0003225121057176757,0.0001369640774695283
FDBH18,2023-07-21 02:51:29,88.6,8.4,2.0,88.58166666666666,88.6,0,0,8.395,2.0,88.56888835357016,88.59236615287153,0.0003225121057176757,0.0001369640774695283
FDBH18,2023-07-21 02:51:33,88.57,8.39,2.0,88.56166666666667,88.57,0,0,8.393333333333333,2.0,88.54635488595756,88.56662176085136,0.0003225121057176757,0.0001369640774695283
FDBH18,2023-07-21 02:51:37,88.56,8.39,2.0,88.55666666666667,88.57,0,0,8.393333333333333,2.0,88.53695466466407,88.5574144275422,0.0003225121057176757,0.0001369640774695283
FDBH18,2023-07-21 02:51:41,88.55,8.39,2.0,88.59833333333334,88.63,0,0,8.396666666666667,2.0,88.53294946101929,88.5474144275422,0.0003707592414650172,0.0001369640774695283
FDBH18,2023-07-21 02:51:45,88.63,8.4,2.0,88.625,88.64,0,0,8.393333333333333,2.0,88.61415276552972,88.6338291343065,0.00035134806482822875,0.0001369640774695283
FDBH18,2023-07-21 02:51:49,88.63,8.4,2.0,88.65166666666664,88.68,0,0,8.395,2.0,88.6199373559253,88.63824613518337,0.00032692457234127683,0.0001369640774695283
FDBH18,2023-07-21 02:51:53,88.65,8.4,2.0,88.72166666666668,88.78,0,0,8.398333333333333,2.0,88.64760331431714,88.66606241602834,0.0003250541082291985,0.00013692465979250095
FDBH18,2023-07-21 02:51:56,88.71,8.39,2.0,88.78833333333334,88.85,0,0,8.4,2.0,88.71699498488464,88.72679252227046,0.0003250541082291985,0.0001369640774695283
FDBH18,2023-07-21 02:52:00,88.79,8.4,2.0,88.88333333333333,88.94,0,0,8.4,2.0,88.80473044762537,88.82549340109551,0.00032066687896527713,0.0001369640774695283
FDBH18,2023-07-21 02:52:04,88.9,8.4,2.0,88.98166666666668,89.06,0,0,8.398333333333333,2.0,88.92609623636385,88.94815941573162,0.00029249975341401606,0.0001369640774695283
FDBH18,2023-07-21 02:52:08,88.98,8.4,2.0,89.10166666666669,89.18,0,0,8.391666666666667,2.0,89.00609623636385,89.03395769137809,0.0003143522861390398,0.0001369640774695283
FDBH18,2023-07-21 02:52:12,89.11,8.39,2.0,89.245,89.33,0,0,8.391666666666667,2.0,89.13609623636384,89.17559769137809,0.00037067280057499573,0.0001369640774695283
FDBH18,2023-07-21 02:52:16,89.27,8.4,2.0,89.38499999999999,89.48,0,0,8.39,2.0,89.3093872106984,89.34949693486932,0.0005197831505243189,0.0001369640774695283
FDBH18,2023-07-21 02:52:20,89.4,8.39,2.0,89.52833333333335,89.61,0,0,8.39,2.0,89.44159387386854,89.48424219182932,0.0005936335663056581,0.0001369640774695283
FDBH18,2023-07-21 02:52:24,89.55,8.39,2.0,89.635,89.68,0,0,8.391666666666667,2.0,89.59460124198154,89.65482580324698,0.0005262598248392861,0.0001369640774695283
FDBH18,2023-07-21 02:52:28,89.66,8.39,2.0,89.705,89.74,0,0,8.393333333333333,2.0,89.70085147958055,89.760960766524,0.0008947388967263687,0.0001369640774695283
FDBH18,2023-07-21 02:52:32,89.72,8.39,2.0,89.76333333333332,89.8,0,0,8.391666666666667,2.0,89.7627150592931,89.820960766524,0.0006613444078917216,0.0001369640774695283
FDBH18,2023-07-21 02:52:36,89.78,8.39,2.0,89.81166666666667,89.85,0,0,8.391666666666667,2.0,89.82266417669891,89.880960766524,0.00038272478035241184,0.0001369640774695283
FDBH18,2023-07-21 02:52:40,89.81,8.39,2.0,89.85333333333334,89.87,0,0,8.393333333333333,2.0,89.84756059201781,89.89037715510635,0.0003782381592203176,0.0001369640774695283
FDBH18,2023-07-21 02:52:43,89.85,8.39,2.0,89.87666666666667,89.91,0,0,8.395,2.0,89.88647110488652,89.92767389974634,0.0003478963467463816,0.0001369640774695283
FDBH18,2023-07-21 02:52:47,89.88,8.4,2.0,89.91666666666667,89.93,0,0,8.398333333333332,2.0,89.9019155793771,89.94559769137808,0.0002421037721416026,0.0001369640774695283
FDBH18,2023-07-21 02:52:51,89.93,8.4,2.0,89.93166666666667,89.94,0,0,8.395000000000001,2.0,89.95191557937711,89.9839576913781,0.0002082879987626776,0.0001369640774695283
FDBH18,2023-07-21 02:52:55,89.93,8.4,2.0,89.93666666666667,89.95,0,0,8.39,2.0,89.94839202938554,89.97611741413162,0.00022385051570598618,0.0001369640774695283
FDBH18,2023-07-21 02:52:59,89.93,8.39,2.0,89.92833333333333,89.95,0,0,8.396666666666667,2.0,89.94541973461341,89.97405781573163,0.00022834755759330435,0.0001369640774695283
FDBH18,2023-07-21 02:53:03,89.93,8.4,2.0,89.89666666666666,89.91,0,0,8.395000000000001,2.0,89.94213953556721,89.96549340109551,0.00022834755759330435,0.0001369640774695283
FDBH18,2023-07-21 02:53:07,89.89,8.4,2.0,89.87333333333333,89.91,0,0,8.393333333333333,2.0,89.89959993258807,89.919223348564,0.0002487663152657712,0.0001369640774695283
FDBH18,2023-07-21 02:53:11,89.86,8.4,2.0,89.88333333333333,89.91,0,0,8.391666666666667,2.0,89.85712019028847,89.87606241602833,0.0002487663152657712,0.00013692465979250095
FDBH18,2023-07-21 02:53:15,89.89,8.39,2.0,89.90833333333335,89.93,0,0,8.398333333333332,2.0,89.87904892706248,89.90075651337206,0.0002640222428880505,0.00013692465979250095
FDBH18,2023-07-21 02:53:19,89.91,8.4,2.0,89.91833333333334,89.95,0,0,8.395000000000001,2.0,89.89939327150233,89.91833214594459,0.0002328040937302849,0.00013692465979250095
FDBH18,2023-07-21 02:53:23,89.91,8.39,2.0,89.90499999999999,89.91,0,0,8.39,2.0,89.89930685676065,89.91802360698604,0.0002328040937302849,0.00013692465979250095
FDBH18,2023-07-21 02:53:27,89.9,8.39,2.0,89.88833333333332,89.91,0,0,8.391666666666667,2.0,89.89347434721297,89.91010199852765,0.0002328040937302849,0.00014291445990277903
FDBH18,2023-07-21 02:53:31,89.89,8.39,2.0,89.87833333333333,89.89,0,0,8.391666666666667,1.45,89.8820196090017,89.89931980565981,0.0007556128876455854,0.00014568210953419333
FDBH18,2023-07-21 02:53:34,89.89,8.39,1.6,89.88666666666666,89.9,0,0,8.391666666666667,0.6999999999999998,89.87977178307173,89.89666447204822,0.002357208206788024,0.00015487789143645036
FDBH18,2023-07-21 02:53:38,89.9,8.4,0.5,89.89,89.9,0,0,8.39,0.16666666666666666,89.87727951220356,89.90933092228912,0.000914535557293922,0.00013875645866746308
FDBH18,2023-07-21 02:53:42,89.88,8.39,0.1,89.92333333333335,89.97,0,0,8.391666666666667,0.09999999999999999,89.87218871082327,89.88931881540775,0.000501815890688319,0.00013875645866746308
FDBH18,2023-07-21 02:53:46,89.92,8.4,0.1,89.995,90.02,0,0,8.393333333333333,0.09999999999999999,89.91218871082327,89.92990924432561,0.0005082261367223601,0.00013875645866746308
FDBH18,2023-07-21 02:53:50,90.0,8.4,0.1,90.03666666666668,90.07,0,0,8.391666666666667,0.09999999999999999,89.99917771033911,90.01850454328174,0.000527155902611092,0.00013343326547978653
FDBH18,2023-07-21 02:53:54,90.04,8.39,0.1,90.09666666666668,90.13,0,0,8.396666666666667,0.09999999999999999,90.04941536195717,90.07319224861044,0.0004874232944549294,0.00015282446620759605
FDBH18,2023-07-21 02:53:58,90.11,8.39,0.1,60.39333333333334,90.16,0,0,8.4,0.09999999999999999,90.12029617720488,90.15055137861394,0.00036305066187371796,0.00015148687760359854
FDBH18,2023-07-21 02:54:02,0.9,8.4,0.1,90.185,90.23,0,0,8.4,0.09999999999999999,0.5760576103162168,0.790041540880133,0.01658093854877363,0.0003264103090764371
FDBH18,2023-07-21 02:54:06,90.19,8.4,0.1,90.23166666666667,90.26,0,0,8.393333333333333,0.09999999999999999,89.78510754728111,90.17221629218507,0.02810844099394691,0.00031333198490572466
FDBH18,2023-07-21 02:54:10,90.23,8.39,0.1,90.28500000000001,90.32,0,0,8.391666666666667,0.09999999999999999,89.82850571528772,90.17982023574382,0.004398560691284916,0.00014288608036490958
FDBH18,2023-07-21 02:54:14,90.3,8.39,0.1,90.33666666666666,90.36,0,0,8.395,0.09999999999999999,89.92179268175586,90.29421281010401,0.004401108839084257,0.0001354151396841348
FDBH18,2023-07-21 02:54:18,90.34,8.4,0.1,90.355,90.37,0,0,8.398333333333332,0.09999999999999999,90.27993392167156,90.62055941823859,0.004482462045851069,0.00017178990584922337
FDBH18,2023-07-21 02:54:21,90.36,8.4,0.1,90.37333333333333,90.4,0,0,8.4,0.09999999999999999,90.30188405422834,90.74227383604864,0.004803889263960713,0.0002802984842514322
FDBH18,2023-07-21 02:54:25,90.39,8.4,0.1,90.395,90.4,0,0,8.396666666666667,0.09999999999999999,90.05811856083022,90.73036385746285,0.004803889263960713,0.0002802984842514322
FDBH18,2023-07-21 02:54:29,90.4,8.39,0.1,90.39333333333333,90.41,0,0,8.396666666666667,0.09999999999999999,89.92492626175803,90.70585505075124,0.004803889263960713,0.0002802984842514322
FDBH18,2023-07-21 02:54:33,90.4,8.4,0.1,90.39333333333332,90.41,0,0,8.4,0.09999999999999999,90.41544406423174,90.43898344262239,0.0002484041387217485,0.0001125115064732979
FDBH18,2023-07-21 02:54:37,90.39,8.4,0.1,90.38666666666667,90.41,0,0,8.396666666666667,0.09999999999999999,90.40506025652054,90.42898344262238,0.00024197376482557097,0.0001125115064732979
FDBH18,2023-07-21 02:54:41,90.4,8.4,0.1,90.37,90.38,0,0,8.391666666666667,0.09999999999999999,90.40975066625356,90.43122457821889,0.0002510162069487845,0.0001247130797884578
FDBH18,2023-07-21 02:54:45,90.38,8.39,0.1,90.35666666666668,90.38,0,0,8.396666666666667,0.09999999999999999,90.38069735979344,90.39796044019052,0.0002518029486197326,0.000129688434586214
FDBH18,2023-07-21 02:54:49,90.35,8.4,0.1,90.33333333333333,90.35,0,0,8.4,0.09999999999999999,90.34676748064564,90.36007697772621,0.0002847003256088429,0.000129688434586214
FDBH18,2023-07-21 02:54:53,90.33,8.4,0.1,90.31,90.32,0,0,8.396666666666667,0.09999999999999999,90.32111737841902,90.33863224803017,0.00025325200918242916,0.000129688434586214
FDBH18,2023-07-21 02:54:57,90.31,8.4,0.1,60.48999999999999,90.3,0,0,8.393333333333333,0.09999999999999999,90.2975218473719,90.31852284887042,0.0002524607411608258,0.000129688434586214
FDBH18,2023-07-21 02:55:01,90.26,8.4,0.1,45.571666666666665,90.26,0,0,8.393333333333333,0.09999999999999999,90.24536440508751,90.26754099834966,0.00023331657366945302,0.0001247130797884578
FDBH18,2023-07-21 02:55:05,0.9,8.39,0.1,90.22000000000001,90.26,0,0,8.398333333333333,0.09999999999999999,0.5344820067063722,0.6828089476470414,0.004284461369315174,0.00017065204025864953
FDBH18,2023-07-21 02:55:09,90.23,8.4,0.1,90.19833333333332,90.22,0,0,8.396666666666667,0.09999999999999999,89.79505348331882,90.18835326066733,0.004439329551056389,0.00014288608036490958
FDBH18,2023-07-21 02:55:12,90.21,8.39,0.1,90.19000000000001,90.22,0,0,8.395000000000001,0.09999999999999999,89.7748264118278,90.1617133681658,0.004627591837226429,0.00014288608036490958
FDBH18,2023-07-21 02:55:16,90.18,8.39,0.1,75.27833333333332,90.18,0,0,8.39,0.09999999999999999,89.82475925389501,90.1888898918461,0.004222021379076805,0.0001354151396841348
FDBH18,2023-07-21 02:55:20,0.9,8.39,0.1,75.26166666666666,90.14,0,0,8.39,0.09999999999999999,0.5115904769048367,0.7147637666357562,0.003541919694959987,0.0001369642187239645
FDBH18,2023-07-21 02:55:24,0.9,8.39,0.1,90.12333333333333,90.14,0,0,8.39,0.09999999999999999,0.575547490447989,0.710287694894584,0.003585327618895352,0.0001369642187239645
FDBH18,2023-07-21 02:55:28,90.11,8.39,0.1,60.38499999999999,90.14,0,0,8.393333333333333,0.09999999999999999,89.8959819523795,90.49855284223266,0.004550543840627786,0.00019767632584398676
FDBH18,2023-07-21 02:55:32,0.9,8.4,0.1,75.29166666666667,90.2,0,0,8.391666666666667,0.09999999999999999,0.9747285954737374,1.584579762137209,0.00428249802224119,0.0001317264366112631
FDBH18,2023-07-21 02:55:39,90.16,8.4,0.1,90.20833333333333,90.23,0,0,8.39,0.09999999999999999,89.78514216943195,90.20118361194613,0.003836139739668115,0.0001369642187239645
FDBH18,2023-07-21 02:55:43,90.21,8.39,0.1,90.21999999999998,90.26,0,0,8.391666666666667,0.09999999999999999,89.88167751604954,90.29508035062341,0.0035311364596618293,0.00013301099322569063
FDBH18,2023-07-21 02:55:47,90.2,8.39,0.1,90.25999999999999,90.28,0,0,8.39,0.09999999999999999,90.10661232448557,90.5767772652186,0.004456509536435077,0.00019767632584398676
FDBH18,2023-07-21 02:55:51,90.26,8.39,0.1,90.27333333333333,90.28,0,0,8.391666666666667,0.09999999999999999,89.75067563580146,90.5603584799212,0.004456509536435077,0.00019767632584398676
FDBH18,2023-07-21 02:55:55,90.26,8.39,0.1,90.28833333333334,90.33,0,0,8.393333333333333,0.09999999999999999,89.9290773739703,90.59781385455094,0.004478264084608578,0.0002802984842514322
FDBH18,2023-07-21 02:55:59,90.28,8.39,0.1,90.33,90.35,0,0,8.39,0.09999999999999999,89.91268205024258,90.62036385746285,0.004704644468543439,0.0002802984842514322
FDBH18,2023-07-21 02:56:02,90.34,8.39,0.1,90.34499999999998,90.36,0,0,8.391666666666667,0.09999999999999999,90.00811856083023,90.68036385746285,0.004478264084608578,0.0002802984842514322
FDBH18,2023-07-21 02:56:06,90.33,8.39,0.1,90.35666666666667,90.36,0,0,8.393333333333333,0.09999999999999999,90.34491288138456,90.36898344262238,0.0002346620679157038,0.0001125115064732979
FDBH18,2023-07-21 02:56:10,90.36,8.39,0.1,90.375,90.39,0,0,8.39,0.09999999999999999,90.37506025652054,90.39517257821888,0.0002346620679157038,0.0001125115064732979
FDBH18,2023-07-21 02:56:14,90.38,8.39,0.1,90.39499999999998,90.43,0,0,8.391666666666667,0.09999999999999999,90.39491288138456,90.41517257821887,0.0002346620679157038,0.0001125115064732979
FDBH18,2023-07-21 02:56:18,90.38,8.39,0.1,90.43,90.45,0,0,8.393333333333333,0.09999999999999999,90.39237327840543,90.41231657821888,0.0002346620679157038,0.0001125115064732979
FDBH18,2023-07-21 02:56:22,90.43,8.39,0.1,90.42333333333333,90.45,0,0,8.393333333333333,0.09999999999999999,90.44506025652055,90.46517257821888,0.0002346620679157038,0.0001125115064732979
FDBH18,2023-07-21 02:56:26,90.41,8.4,0.1,90.39833333333333,90.41,0,0,8.398333333333332,0.09999999999999999,90.42252065354141,90.44231657821888,0.0002346620679157038,0.0001125115064732979
FDBH18,2023-07-21 02:56:30,90.4,8.4,0.1,90.38833333333334,90.41,0,0,8.398333333333333,0.09999999999999999,90.40764488370544,90.41984069351561,0.0002518029486197326,0.0001247130797884578
FDBH18,2023-07-21 02:56:34,90.37,8.4,0.1,90.415,90.45,0,0,8.395,0.09999999999999999,90.37530731926945,90.38980773456005,0.00024197376482557097,0.000129688434586214
FDBH18,2023-07-21 02:56:38,90.42,8.4,0.1,90.44999999999999,90.46,0,0,8.393333333333333,0.09999999999999999,90.42073802462617,90.43848205309408,0.0002324503346786707,0.000129688434586214
FDBH18,2023-07-21 02:56:42,90.46,8.39,0.1,90.48,90.52,0,0,8.396666666666667,0.09999999999999999,90.46051095313516,90.47796044019051,0.0002518029486197326,0.000129688434586214
FDBH18,2023-07-21 02:56:46,90.48,8.4,0.1,90.53166666666668,90.55,0,0,8.396666666666667,0.09999999999999999,90.48073802462618,90.49980773456005,0.0002518029486197326,0.000129688434586214
FDBH18,2023-07-21 02:56:50,90.54,8.39,0.1,90.55166666666666,90.57,0,0,8.398333333333333,0.09999999999999999,90.54835976589531,90.56093269351561,0.0002518029486197326,0.0001125115064732979
FDBH18,2023-07-21 02:56:53,90.55,8.4,0.1,90.57333333333332,90.59,0,0,8.395,0.09999999999999999,90.56252065354141,90.58593010941888,0.0002518029486197326,0.0001125115064732979
FDBH18,2023-07-21 02:56:57,90.59,8.4,0.1,90.57833333333333,90.6,0,0,8.395,0.09999999999999999,90.60491288138456,90.62898344262238,0.0002484041387217485,0.0001125115064732979
FDBH18,2023-07-21 02:57:01,90.57,8.39,0.1,90.56833333333333,90.58,0,0,8.395000000000001,0.09999999999999999,90.58506961760473,90.60898344262237,0.0002484041387217485,0.0001125115064732979
FDBH18,2023-07-21 02:57:05,90.57,8.4,0.1,90.58500000000002,90.6,0,0,8.393333333333333,0.09999999999999999,90.58506025652053,90.60898344262237,0.0002510162069487845,0.0001125115064732979
FDBH18,2023-07-21 02:57:09,90.59,8.39,0.1,90.58833333333332,90.61,0,0,8.393333333333333,0.09999999999999999,90.60237327840544,90.62231657821889,0.0002518029486197326,0.0001125115064732979
FDBH18,2023-07-21 02:57:13,90.61,8.39,0.1,90.565,90.59,0,0,8.395,0.09999999999999999,90.61993707291184,90.64122457821888,0.00025923784250993763,0.0001247130797884578
FDBH18,2023-07-21 02:57:17,90.56,8.39,0.1,90.54333333333334,90.57,0,0,8.395,0.09999999999999999,90.56092443128445,90.57684189837431,0.000283071374618948,0.000129688434586214
FDBH18,2023-07-21 02:57:21,90.54,8.39,0.1,90.50666666666666,90.52,0,0,8.4,0.09999999999999999,90.53799872995464,90.54950947676285,0.0002847003256088429,0.000129688434586214
FDBH18,2023-07-21 02:57:25,90.51,8.4,0.1,90.45666666666666,90.51,0,0,8.396666666666667,0.09999999999999999,90.50126475355502,90.51909726715041,0.00025325200918242916,0.000129688434586214
FDBH18,2023-07-21 02:57:29,90.46,8.39,0.1,90.38166666666667,90.43,0,0,8.395,0.09999999999999999,90.44752184737189,90.46864770086144,0.00025325200918242916,0.0001125115064732979
FDBH18,2023-07-21 02:57:33,90.37,8.4,0.1,75.42166666666667,90.35,0,0,8.391666666666667,0.09999999999999999,90.35421408259745,90.36923510438895,0.00024905305465968525,0.0001125115064732979
FDBH18,2023-07-21 02:57:37,90.31,8.4,0.1,75.325,90.28,0,0,8.391666666666667,0.09999999999999999,90.27923330035772,90.30624778949428,0.00024905305465968525,0.0001125115064732979
FDBH18,2023-07-21 02:57:40,90.21,8.4,0.1,90.15666666666668,90.2,0,0,8.391666666666667,0.09999999999999999,89.75787581775609,90.16593757830414,0.003863804992852513,0.00014288608036490958
FDBH18,2023-07-21 02:57:44,90.16,8.4,0.1,90.07333333333334,90.12,0,0,8.395,0.09999999999999999,89.76099694307078,90.11593757830414,0.0033303214832768797,0.00014288608036490958
FDBH18,2023-07-21 02:57:48,90.07,8.39,0.1,89.97833333333334,90.05,0,0,8.393333333333333,0.09999999999999999,89.69615092925727,90.06983431698141,0.0033423788208675697,0.0001354151396841348
FDBH18,2023-07-21 02:57:52,89.97,8.39,0.1,89.88,89.95,0,0,8.391666666666667,0.09999999999999999,89.6997040765638,89.96375934229448,0.003065156111839751,0.0001354151396841348
FDBH18,2023-07-21 02:57:56,89.88,8.39,0.1,89.77833333333332,89.85,0,0,8.395,0.09999999999999999,89.8101369637788,90.06064511818438,0.00324564606726907,0.0001354151396841348
FDBH18,2023-07-21 02:58:00,89.78,8.39,0.1,89.66333333333334,89.75,0,0,8.396666666666667,0.09999999999999999,89.88581560973344,90.05495951133777,0.003445954919465147,0.00020321143214203487
FDBH18,2023-07-21 02:58:04,89.64,8.4,0.1,89.53500000000001,89.61,0,0,8.395,0.09999999999999999,89.68002218396458,90.02227383604864,0.003880188312500634,0.0002802984842514322
FDBH18,2023-07-21 02:58:08,89.53,8.39,0.1,89.41333333333334,89.49,0,0,8.395,0.09999999999999999,89.38614759021854,89.87036385746285,0.003880188312500634,0.0002802984842514322
FDBH18,2023-07-21 02:58:12,89.4,8.39,0.1,89.28833333333334,89.38,0,0,8.396666666666667,0.09999999999999999,89.29889666552722,89.37384646409214,0.0003267463861033228,0.0001125115064732979
FDBH18,2023-07-21 02:58:16,89.28,8.4,0.1,89.15500000000002,89.24,0,0,8.396666666666667,0.09999999999999999,89.17376125380774,89.25144261104288,0.00028830637363308704,0.0001125115064732979
FDBH18,2023-07-21 02:58:20,89.14,8.39,0.1,89.01833333333333,89.09,0,0,8.395,0.09999999999999999,89.03349970069092,89.10449517110452,0.0003267463861033228,0.0001125115064732979
FDBH18,2023-07-21 02:58:24,89.01,8.39,0.1,88.85000000000001,88.96,0,0,8.396666666666667,0.09999999999999999,88.89952984844179,88.97170408757857,0.0003267463861033228,0.0001125115064732979
FDBH18,2023-07-21 02:58:27,88.86,8.39,0.1,88.74000000000001,88.83,0,0,8.396666666666667,0.09999999999999999,88.7493824733058,88.82170408757857,0.00044150912897428636,0.0001125115064732979
FDBH18,2023-07-21 02:58:31,88.72,8.39,0.1,88.57333333333334,88.7,0,0,8.395,0.09999999999999999,88.60975691993279,88.68170408757857,0.0005974144571072308,0.0001125115064732979
FDBH18,2023-07-21 02:58:35,88.54,8.39,0.1,88.38666666666667,88.51,0,0,8.395,0.09999999999999999,88.4297569199328,88.5002740653396,0.0006471956477619236,0.0001125115064732979
FDBH18,2023-07-21 02:58:39,88.36,8.4,0.1,88.2,88.33,0,0,8.395,0.09999999999999999,88.2482951342148,88.31882190843412,0.0005834038876098548,0.00011521085738939225
FDBH18,2023-07-21 02:58:43,88.18,8.39,0.1,87.99666666666667,88.12,0,0,8.396666666666667,0.09999999999999999,88.0680680627238,88.13882190843412,0.0006082446788840593,0.00011521085738939225
FDBH18,2023-07-21 02:58:47,87.96,8.39,0.1,87.80166666666666,87.92,0,0,8.398333333333333,0.09999999999999999,87.81926173757805,87.91602148844414,0.0006650826517587046,0.00013206238366996007
FDBH18,2023-07-21 02:58:51,87.78,8.4,0.1,87.585,87.74,0,0,8.395,0.09999999999999999,87.62755307046378,87.73602148844415,0.00069342095961753,0.00013206238366996007
FDBH18,2023-07-21 02:58:55,87.56,8.39,0.1,87.36500000000001,87.48,0,0,8.395,0.09999999999999999,87.40755617753175,87.51602148844415,0.0008157041785403523,0.00013206238366996007
FDBH18,2023-07-21 02:58:59,87.34,8.39,0.1,87.17333333333333,87.3,0,0,8.395,0.09999999999999999,87.15170569738602,87.29602148844415,0.0008157041785403523,0.00013206238366996007
FDBH18,2023-07-21 02:59:03,87.15,8.39,0.1,86.96166666666666,87.1,0,0,8.395,0.09999999999999999,86.96170569738602,87.10602148844416,0.0007504255371441924,0.00013206238366996007
FDBH18,2023-07-21 02:59:07,86.94,8.39,0.1,86.74333333333334,86.89,0,0,8.396666666666667,0.09999999999999999,86.75133125075902,86.89602148844415,0.0007504255371441924,0.00013206238366996007
FDBH18,2023-07-21 02:59:11,86.7,8.39,0.1,86.50666666666666,86.67,0,0,8.396666666666667,0.09999999999999999,86.53212559594525,86.65602148844415,0.0004591688205534646,0.00013206238366996007
FDBH18,2023-07-21 02:59:15,86.48,8.4,0.1,86.25166666666668,86.39,0,0,8.393333333333333,0.09999999999999999,86.31235266743626,86.42647503968456,0.00042293771552571655,0.00013206238366996007
FDBH18,2023-07-21 02:59:18,86.3,8.39,0.1,86.06666666666668,86.23,0,0,8.393333333333333,0.09999999999999999,86.13235266743625,86.24647503968455,0.0004591688205534646,0.00013206238366996007
FDBH18,2023-07-21 02:59:22,86.04,8.39,0.1,85.8,85.98,0,0,8.391666666666667,0.09999999999999999,85.87235266743626,85.98647503968456,0.00044041362360271776,0.00013206238366996007
FDBH18,2023-07-21 02:59:26,85.77,8.39,0.1,85.54166666666667,85.69,0,0,8.396666666666667,0.09999999999999999,85.60212559594524,85.71647503968455,0.0004207384713922123,0.00013206238366996007
FDBH18,2023-07-21 02:59:30,85.51,8.4,0.1,85.3,85.47,0,0,8.398333333333333,0.09999999999999999,85.31773495511275,85.45647503968456,0.0005254191737435878,0.00013206238366996007
FDBH18,2023-07-21 02:59:34,85.25,8.39,0.1,85.06166666666667,85.21,0,0,8.395000000000001,0.09999999999999999,85.05750788362175,85.19647503968456,0.0005477923834475438,0.00013206238366996007
FDBH18,2023-07-21 02:59:38,85.02,8.39,0.1,84.835,84.98,0,0,8.39,0.09999999999999999,84.82788233024874,84.96647503968455,0.0005711359615326498,0.00013206238366996007
FDBH18,2023-07-21 02:59:42,84.82,8.39,0.1,84.61833333333333,84.74,0,0,8.395,0.09999999999999999,84.64317327578406,84.76699758962573,0.0005477923834475438,0.00013206238366996007
FDBH18,2023-07-21 02:59:46,84.59,8.4,0.1,84.39333333333335,84.54,0,0,8.393333333333333,0.09999999999999999,84.41332065092006,84.53699758962574,0.0005514361747223469,0.00013206238366996007
FDBH18,2023-07-21 02:59:50,84.37,8.39,0.1,84.14999999999999,84.3,0,0,8.396666666666667,0.09999999999999999,84.19294620429307,84.31699758962574,0.0005089971805861482,0.00013206238366996007
FDBH18,2023-07-21 02:59:54,84.11,8.4,0.1,83.92166666666667,84.07,0,0,8.395,0.09999999999999999,83.9521053232808,84.05699758962572,0.0005306884210159261,0.00013206238366996007
FDBH18,2023-07-21 02:59:58,83.9,8.39,0.1,83.67833333333333,83.83,0,0,8.398333333333332,0.09999999999999999,83.74173087665382,83.84699758962574,0.0005089971805861482,0.00013206238366996007
FDBH18,2023-07-21 03:00:02,83.66,8.4,0.1,83.40833333333333,83.57,0,0,8.398333333333333,0.09999999999999999,83.50632397991984,83.60699758962573,0.0005306884210159261,0.00013206238366996007
FDBH18,2023-07-21 03:00:05,83.43,8.39,0.1,83.22833333333332,83.37,0,0,8.398333333333333,0.09999999999999999,83.27609690842885,83.37699758962574,0.0005532858796985004,0.00013206238366996007
FDBH18,2023-07-21 03:00:09,83.21,8.4,0.1,82.98333333333333,83.14,0,0,8.396666666666667,0.09999999999999999,83.0365869516534,83.15699758962572,0.0005328759088155806,0.00013206238366996007
FDBH18,2023-07-21 03:00:13,82.95,8.4,0.1,82.71666666666667,82.89,0,0,8.396666666666667,0.09999999999999999,82.77170626759636,82.89710002058467,0.0005025858686502423,0.00013206238366996007
FDBH18,2023-07-21 03:00:17,82.68,8.4,0.1,82.44833333333334,82.61,0,0,8.398333333333333,0.09999999999999999,82.50885825595715,82.62934891804336,0.0005025858686502423,0.00013206238366996007
FDBH18,2023-07-21 03:00:21,82.4,8.4,0.1,82.17666666666666,82.35,0,0,8.396666666666667,0.09999999999999999,82.22885825595715,82.34934891804336,0.0005025858686502423,0.00013206238366996007
FDBH18,2023-07-21 03:00:25,82.14,8.39,0.1,81.89166666666667,82.08,0,0,8.4,0.09999999999999999,81.98007645537015,82.08934891804336,0.0005239873085241225,0.00013206238366996007
FDBH18,2023-07-21 03:00:29,81.87,8.4,0.1,81.59,81.77,0,0,8.4,0.09999999999999999,81.71015615172517,81.82101029129745,0.00043088622265260816,0.00013206238366996007
FDBH18,2023-07-21 03:00:33,81.54,8.4,0.1,81.32666666666667,81.48,0,0,8.4,0.09999999999999999,81.38007420033595,81.49101029129746,0.000468381541201,0.00013206238366996007
FDBH18,2023-07-21 03:00:37,81.29,8.4,0.1,81.05666666666666,81.23,0,0,8.4,0.09999999999999999,81.13007420033595,81.24101029129746,0.000468381541201,0.00013206238366996007
FDBH18,2023-07-21 03:00:41,81.01,8.4,0.1,80.78,80.96,0,0,8.4,0.09999999999999999,80.85007420033595,80.96101029129746,0.0005073025318157168,0.00015772538910144824
FDBH18,2023-07-21 03:00:45,80.73,8.4,0.1,80.49333333333334,80.67,0,0,8.398333333333333,0.09999999999999999,80.57007420033595,80.6857066515955,0.0005073025318157168,0.00015772538910144824
FDBH18,2023-07-21 03:00:49,80.46,8.39,0.1,80.18833333333333,80.37,0,0,8.398333333333333,0.09999999999999999,80.29984712884495,80.41570665159549,0.0005289047134397279,0.00015772538910144824
FDBH18,2023-07-21 03:00:53,80.14,8.4,0.1,79.895,80.07,0,0,8.398333333333332,0.09999999999999999,79.98007420033595,80.0954612954368,0.0004580833361155662,0.0002207136367581178
FDBH18,2023-07-21 03:00:56,79.93,8.4,0.1,79.67333333333333,79.84,0,0,8.4,0.09999999999999999,79.76992682519997,79.88546129543681,0.00040803022852839476,0.00015793627586385898
FDBH18,2023-07-21 03:01:00,79.65,8.4,0.1,79.37166666666666,79.57,0,0,8.4,0.09999999999999999,79.48992682519997,79.60899639931144,0.0003864216923747282,0.00015793627586385898
FDBH18,2023-07-21 03:01:04,79.34,8.4,0.1,79.06666666666666,79.26,0,0,8.4,0.09999999999999999,79.18005806428454,79.2999788325865,0.00036589631761227583,0.00015793627586385898
FDBH18,2023-07-21 03:01:08,79.01,8.4,0.1,78.78666666666666,78.95,0,0,8.4,0.09999999999999999,78.86384567078268,78.97204517928252,0.0003923784745632812,0.00015793627586385898
FDBH18,2023-07-21 03:01:12,78.75,8.4,0.1,78.495,78.69,0,0,8.4,0.09999999999999999,78.606242838544,78.71204517928251,0.00042652431452932957,0.00015793627586385898
FDBH18,2023-07-21 03:01:16,78.45,8.4,0.1,78.18,78.37,0,0,8.4,0.09999999999999999,78.30624283854401,78.41204517928252,0.00042652431452932957,0.00015793627586385898
FDBH18,2023-07-21 03:01:20,78.13,8.4,0.1,77.89833333333334,78.05,0,0,8.398333333333333,0.09999999999999999,77.986242838544,78.09200023424671,0.00042652431452932957,0.00015793627586385898
FDBH18,2023-07-21 03:01:24,77.88,8.4,0.1,77.60833333333333,77.79,0,0,8.396666666666667,0.09999999999999999,77.75346275509804,77.85871338538091,0.00040015286358954544,0.00015793627586385898
FDBH18,2023-07-21 03:01:28,77.58,8.4,0.1,77.32,77.49,0,0,8.398333333333332,0.09999999999999999,77.43609546340802,77.54200023424671,0.0003923784745632812,0.00015793627586385898
FDBH18,2023-07-21 03:01:32,77.29,8.4,0.1,77.08,77.22,0,0,8.396666666666667,0.09999999999999999,77.14518934522322,77.2724964892303,0.0003621128628490342,0.00015793627586385898
FDBH18,2023-07-21 03:01:36,77.06,8.4,0.1,76.89833333333333,77.01,0,0,8.396666666666667,0.09999999999999999,76.91518934522321,77.0207296007926,0.00036379711506829036,0.00015793627586385898
FDBH18,2023-07-21 03:01:40,76.87,8.39,0.1,76.755,76.83,0,0,8.398333333333333,0.09999999999999999,76.73683062823,76.83072960079261,0.00037929080427887045,0.00015793627586385898
FDBH18,2023-07-21 03:01:43,76.77,8.4,0.1,76.67666666666666,76.74,0,0,8.398333333333332,0.09999999999999999,76.62698293326925,76.7304491217687,0.00036379711506829036,0.00015078185644831497
FDBH18,2023-07-21 03:01:47,76.66,8.4,0.1,76.60333333333334,76.65,0,0,8.398333333333333,0.09999999999999999,76.51698293326925,76.62421454709099,0.00036379711506829036,0.0001244753529830292
FDBH18,2023-07-21 03:01:51,76.59,8.4,0.1,76.565,76.58,0,0,8.396666666666667,0.09999999999999999,76.47101066762217,76.55530131317202,0.00038939640472438137,0.0001244753529830292
FDBH18,2023-07-21 03:01:55,76.56,8.4,0.1,76.55,76.56,0,0,8.395,0.09999999999999999,76.48071318391113,76.52954006038648,0.0003275995743543575,0.00010859184770759026
FDBH18,2023-07-21 03:01:59,76.55,8.4,0.1,76.57333333333332,76.59,0,0,8.395,0.09999999999999999,76.47471751778609,76.53133346796419,0.0003363446584544374,0.00010859184770759026
FDBH18,2023-07-21 03:02:03,76.59,8.39,0.1,76.59166666666668,76.6,0,0,8.393333333333333,0.09999999999999999,76.55196628745564,76.5946456929987,0.0003412443997052803,0.00010859184770759026
FDBH18,2023-07-21 03:02:07,76.6,8.4,0.1,76.625,76.66,0,0,8.391666666666667,0.09999999999999999,76.5742130399075,76.61562727579548,0.0003790562357053292,0.00010859184770759026
FDBH18,2023-07-21 03:02:11,76.64,8.4,0.1,76.68,76.73,0,0,8.393333333333333,0.09999999999999999,76.62838382112844,76.6614687571205,0.0003790562357053292,0.00010859184770759026
FDBH18,2023-07-21 03:02:15,76.67,8.4,0.1,76.76666666666667,76.82,0,0,8.391666666666667,0.09999999999999999,76.67800094539577,76.70602703227523,0.00040927493291650804,0.00010859184770759026
FDBH18,2023-07-21 03:02:19,76.79,8.4,0.1,76.83166666666666,76.85,0,0,8.391666666666667,0.09999999999999999,76.81312446595747,76.8481875741001,0.00037688761828454017,0.00010859184770759026
FDBH18,2023-07-21 03:02:23,76.84,8.4,0.1,76.90333333333334,76.99,0,0,8.39,0.09999999999999999,76.8712617286718,76.90810305626874,0.00036607978588881334,0.00010859184770759026
FDBH18,2023-07-21 03:02:27,76.91,8.39,0.1,77.01,77.04,0,0,8.39,0.09999999999999999,76.94638570202011,76.98656951114529,0.00039735449530552635,0.00010859184770759026
FDBH18,2023-07-21 03:02:30,77.01,8.39,0.1,77.05166666666666,77.08,0,0,8.39,0.09999999999999999,77.04638570202012,77.08269855298278,0.00042006024430524594,0.00010859184770759026
FDBH18,2023-07-21 03:02:34,77.05,8.39,0.1,77.105,77.16,0,0,8.391666666666667,0.09999999999999999,77.10692529682011,77.13899455298277,0.00037030921276137697,0.00010859184770759026
FDBH18,2023-07-21 03:02:38,77.11,8.39,0.1,77.03166666666668,77.16,0,0,8.191666666666666,0.09999999999999999,77.1233398484877,77.19695255138276,0.0004378238060400147,0.00010859184770759026
FDBH18,2023-07-21 03:02:42,77.06,8.21,0.1,76.36166666666666,76.94,0,0,7.448333333333333,0.09999999999999999,77.10665218687811,77.12190565004408,0.0006256721771709443,0.0001350528476516639
FDBH18,2023-07-21 03:02:46,76.29,7.33,0.1,75.00499999999998,75.97,0,0,6.539999999999999,0.09999999999999999,74.6960203288707,76.20842341104276,0.0007508200469370506,0.00016323548771420856
FDBH18,2023-07-21 03:02:50,74.84,6.42,0.1,73.155,74.41,0,0,5.513333333333333,0.09999999999999999,72.73109526780631,74.47646382665923,0.0008343117994997486,0.00015836212330046709
FDBH18,2023-07-21 03:02:54,72.93,5.31,0.1,70.96833333333333,72.38,0,0,4.601666666666667,0.09999999999999999,70.92715769532919,72.52534598072675,0.0008440197753704791,0.00015033498878048575
FDBH18,2023-07-21 03:02:58,70.69,4.48,0.1,68.795,70.12,0,0,4.125,0.09999999999999999,69.24891422463612,70.34162375313875,0.003127678575259883,0.00015697461843576903
FDBH18,2023-07-21 03:03:02,68.52,4.06,0.1,66.82666666666667,68.02,0,0,3.611666666666667,0.09999999999999999,66.263284049861,68.04543863490947,0.001605969085259634,0.00016265604570892418
FDBH18,2023-07-21 03:03:06,66.57,3.37,0.1,64.69500000000001,66.13,0,0,2.3249999999999997,0.09999999999999999,63.93716044296629,66.06933360761127,0.0008407492447113241,0.00010051181117201195
FDBH18,2023-07-21 03:03:10,64.44,2.07,0.1,62.13833333333334,63.74,0,0,1.245,0.09999999999999999,61.61627375051721,63.8937980380698,0.002137298175256409,0.00010176410349320264
FDBH18,2023-07-21 03:03:14,61.76,1.15,0.1,60.160000000000004,61.17,0,0,1.1216666666666668,0.09999999999999999,60.958763875369584,61.45490155705984,0.0006695902957133616,9.804698121352836e-05
FDBH18,2023-07-21 03:03:18,59.97,1.12,0.1,58.38,59.58,0,0,0.79,0.09999999999999999,58.87661803679458,59.54065438064265,0.0006695902957133616,9.804698121352836e-05
FDBH18,2023-07-21 03:03:22,58.34,0.91,0.1,57.19499999999999,57.88,0,0,0.515,0.09999999999999999,56.62218970585693,57.79661215526973,0.0006643032220013616,9.804698121352836e-05
FDBH18,2023-07-21 03:03:25,57.01,0.5,0.1,55.94499999999999,56.65,0,0,0.5,0.09999999999999999,56.149381238461466,56.7390594503872,0.0007500136893393123,9.804698121352836e-05
FDBH18,2023-07-21 03:03:29,55.77,0.5,0.1,55.041666666666664,55.55,0,0,0.5,0.09999999999999999,54.9826069176295,55.498298965799414,0.0006478888772719953,9.804698121352836e-05
FDBH18,2023-07-21 03:03:33,54.94,0.5,0.1,54.27,54.73,0,0,0.5,0.09999999999999999,54.21823410804411,54.69000137157493,0.000238297063927172,9.804698121352836e-05
FDBH18,2023-07-21 03:03:37,54.17,0.5,0.1,53.64833333333333,53.99,0,0,0.5,0.09999999999999999,53.49015909594529,53.945733555571344,0.0002347560973989577,8.4011423171678e-05
FDBH18,2023-07-21 03:03:41,53.57,0.5,0.1,53.201666666666675,53.45,0,0,0.5,0.09999999999999999,53.21085017452405,53.450381098107265,0.0002268550077222494,8.4011423171678e-05
FDBH18,2023-07-21 03:03:45,53.15,0.5,0.1,52.85,53.06,0,0,0.5,0.09999999999999999,52.82717366796584,53.044845633536845,0.0002282504657412574,8.4011423171678e-05
FDBH18,2023-07-21 03:03:49,52.8,0.5,0.1,52.565,52.73,0,0,0.5,0.09999999999999999,52.48534611430702,52.72880137668056,0.0002282504657412574,8.4011423171678e-05
FDBH18,2023-07-21 03:03:53,52.53,0.5,0.1,52.33833333333333,52.47,0,0,0.5,0.09999999999999999,52.236954581838084,52.444211028634705,0.00021049795660159877,9.16267705770589e-05
FDBH18,2023-07-21 03:03:57,52.31,0.5,0.1,52.135,52.26,0,0,0.41999999999999993,0.09999999999999999,52.066700199255365,52.27645134035483,0.00021036859391100778,9.16267705770589e-05
FDBH18,2023-07-21 03:04:01,52.14,0.5,0.1,51.74333333333334,52.07,0,0,0.08666666666666667,0.09999999999999999,51.99267162511894,52.11132143070576,0.00021036859391100778,9.16267705770589e-05
FDBH18,2023-07-21 03:04:05,51.67,0.0,0.1,51.28833333333333,51.55,0,0,0.0,0.09999999999999999,51.48479728430052,51.631131052274725,0.00022113117775256831,8.4011423171678e-05
FDBH18,2023-07-21 03:04:08,51.31,0.0,0.1,51.01833333333334,51.22,0,0,0.0,0.09999999999999999,51.12479728430052,51.26585292563771,0.00021834743016750118,0.00010328561759816166
FDBH18,2023-07-21 03:04:12,50.98,0.0,0.1,50.660000000000004,50.89,0,0,0.0,0.09999999999999999,50.794797284300515,50.91730999863067,0.00021834743016750118,0.00010328561759816166
FDBH18,2023-07-21 03:04:16,50.62,0.0,0.1,42.04333333333334,50.52,0,0,0.0,0.09999999999999999,50.43297808567286,50.56577300516645,0.00021977923545454242,8.9678326375145e-05
FDBH18,2023-07-21 03:04:20,50.27,0.0,0.1,41.800000000000004,50.21,0,0,0.0,0.09999999999999999,50.06154331148741,50.20530282785403,0.00022113117775256831,8.9678326375145e-05
FDBH18,2023-07-21 03:04:24,50.04,0.0,0.1,49.9,50.0,0,0,0.0,0.09999999999999999,49.300806554560104,49.8754454478886,0.0006237335986389168,8.9678326375145e-05
FDBH18,2023-07-21 03:04:28,49.88,0.0,0.1,49.75,49.84,0,0,0.0,0.09999999999999999,49.26673208585233,49.715445447888605,0.0006078131396876842,8.9678326375145e-05
FDBH18,2023-07-21 03:04:32,49.73,0.0,0.1,49.635,49.7,0,0,0.0,0.09999999999999999,49.15331514995267,49.506241290355,0.0006143300172461935,9.435012986360731e-05
FDBH18,2023-07-21 03:04:36,49.62,0.0,0.1,49.550000000000004,49.6,0,0,0.0,0.09999999999999999,49.25669144749132,49.5036379326426,0.000604106676486308,9.574836902470004e-05
FDBH18,2023-07-21 03:04:40,49.54,0.0,0.1,49.475,49.52,0,0,0.0,0.09999999999999999,49.514196278882295,49.75880857263797,0.000558013402256274,9.574836902470004e-05
FDBH18,2023-07-21 03:04:44,49.47,0.0,0.1,49.410000000000004,49.45,0,0,0.0,0.09999999999999999,49.776986335771866,49.76929180206081,0.000558013402256274,9.574836902470004e-05
FDBH18,2023-07-21 03:04:48,49.4,0.0,0.1,49.35333333333333,49.39,0,0,0.0,0.09999999999999999,49.91743078374202,49.72552752777805,0.000558013402256274,9.574836902470004e-05
FDBH18,2023-07-21 03:04:52,49.35,0.0,0.1,49.305,49.33,0,0,0.0,0.09999999999999999,49.27674254266335,49.33408657543184,0.00013013988315382146,9.27746866799435e-05
FDBH18,2023-07-21 03:04:56,49.3,0.0,0.1,49.26166666666666,49.29,0,0,0.0,0.09999999999999999,49.24641880463516,49.284477006866986,0.00013565383133794335,9.27746866799435e-05
FDBH18,2023-07-21 03:04:59,49.27,0.0,0.1,49.23,49.26,0,0,0.0,0.09999999999999999,49.21731673901004,49.25659441186478,0.00013069439583021468,9.27746866799435e-05
FDBH18,2023-07-21 03:05:03,49.22,0.0,0.1,49.195,49.22,0,0,0.0,0.09999999999999999,49.16731673901003,49.20714590089479,0.00013069439583021468,9.27746866799435e-05
FDBH18,2023-07-21 03:05:07,49.19,0.0,0.1,49.156666666666666,49.18,0,0,0.0,0.09999999999999999,49.15162471023743,49.18178348519678,0.00011428954139258086,9.27746866799435e-05
FDBH18,2023-07-21 03:05:11,49.15,0.0,0.1,49.126666666666665,49.14,0,0,0.0,0.09999999999999999,49.11893319569752,49.14180038677896,0.00011428954139258086,9.27746866799435e-05
FDBH18,2023-07-21 03:05:15,49.12,0.0,0.1,49.09833333333333,49.12,0,0,0.0,0.09999999999999999,49.08893319569752,49.11180038677896,0.00011428954139258086,9.27746866799435e-05
FDBH18,2023-07-21 03:05:19,49.09,0.0,0.1,49.07,49.09,0,0,0.0,0.09999999999999999,49.06578939329753,49.081800386778966,0.00011428954139258086,9.27746866799435e-05
FDBH18,2023-07-21 03:05:23,49.07,0.0,0.1,49.04333333333333,49.06,0,0,0.0,0.09999999999999999,49.045789393297525,49.06164999536698,0.00011428954139258086,9.27746866799435e-05
FDBH18,2023-07-21 03:05:27,49.04,0.0,0.1,49.01833333333334,49.03,0,0,0.0,0.09999999999999999,49.015789393297524,49.03276025746998,0.00011428954139258086,9.27746866799435e-05
FDBH18,2023-07-21 03:05:31,49.02,0.0,0.1,48.995000000000005,49.01,0,0,0.0,0.09999999999999999,48.99906353994,49.01289483158593,0.00011428954139258086,9.27746866799435e-05
FDBH18,2023-07-21 03:05:35,48.99,0.0,0.1,48.97666666666667,48.99,0,0,0.0,0.09999999999999999,48.96906353994,48.98289483158593,0.00011428954139258086,9.27746866799435e-05
FDBH18,2023-07-21 03:05:39,48.97,0.0,0.1,48.96,48.97,0,0,0.0,0.09999999999999999,48.94906353994,48.96289483158593,0.00012411365638648496,9.27746866799435e-05
FDBH18,2023-07-21 03:05:43,48.96,0.0,0.1,48.94,48.95,0,0,0.0,0.09999999999999999,48.940309657607415,48.95330913444266,0.00012411365638648496,9.27746866799435e-05
FDBH18,2023-07-21 03:05:46,48.94,0.0,0.1,48.92833333333334,48.94,0,0,0.0,0.09999999999999999,48.92192211590788,48.93420486046918,0.00012411365638648496,9.27746866799435e-05
FDBH18,2023-07-21 03:05:50,48.93,0.0,0.1,48.91,48.92,0,0,0.0,0.09999999999999999,48.912072399222986,48.92420486046918,0.00012411365638648496,9.27746866799435e-05
FDBH18,2023-07-21 03:05:54,48.91,0.0,0.1,48.88666666666666,48.9,0,0,0.0,0.09999999999999999,48.89335505182108,48.90523426225906,0.00012411365638648496,9.27746866799435e-05
FDBH18,2023-07-21 03:05:58,48.88,0.0,0.1,48.86833333333334,48.88,0,0,0.0,0.09999999999999999,48.86349026567752,48.87595610079404,0.00012411365638648496,9.27746866799435e-05
FDBH18,2023-07-21 03:06:02,48.87,0.0,0.1,48.846666666666664,48.86,0,0,0.0,0.09999999999999999,48.853490265677515,48.86595610079404,0.00012411365638648496,9.27746866799435e-05
FDBH18,2023-07-21 03:06:06,48.84,0.0,0.1,48.824999999999996,48.84,0,0,0.0,0.09999999999999999,48.82347358681628,48.835234262259064,0.00012411365638648496,9.27746866799435e-05
FDBH18,2023-07-21 03:06:10,48.82,0.0,0.1,48.80500000000001,48.82,0,0,0.0,0.09999999999999999,48.803473586816274,48.81442244818089,0.00012411365638648496,9.27746866799435e-05
FDBH18,2023-07-21 03:06:14,48.8,0.0,0.1,48.785,48.8,0,0,0.0,0.09999999999999999,48.78219093421817,48.79420486046918,0.00012411365638648496,9.27746866799435e-05
FDBH18,2023-07-21 03:06:18,48.78,0.0,0.1,48.76500000000001,48.78,0,0,0.0,0.09999999999999999,48.762190934218175,48.77420486046918,0.00012411365638648496,9.27746866799435e-05
FDBH18,2023-07-21 03:06:22,48.76,0.0,0.1,48.748333333333335,48.76,0,0,0.0,0.09999999999999999,48.74219093421817,48.75420486046918,0.00012411365638648496,9.27746866799435e-05
FDBH18,2023-07-21 03:06:26,48.75,0.0,0.1,48.73,48.74,0,0,0.0,0.09999999999999999,48.733473586816274,48.74442244818089,0.00012411365638648496,9.27746866799435e-05
FDBH18,2023-07-21 03:06:30,48.73,0.0,0.1,48.71,48.72,0,0,0.0,0.09999999999999999,48.71347358681627,48.72442244818089,0.00012411365638648496,9.27746866799435e-05
FDBH18,2023-07-21 03:06:34,48.71,0.0,0.1,48.69,48.7,0,0,0.0,0.09999999999999999,48.693473586816275,48.70523426225906,0.00012411365638648496,9.27746866799435e-05
FDBH18,2023-07-21 03:06:37,48.69,0.0,0.1,48.67666666666668,48.69,0,0,0.0,0.09999999999999999,48.67347358681627,48.68523426225906,0.00012411365638648496,9.27746866799435e-05
FDBH18,2023-07-21 03:06:41,48.67,0.0,0.1,48.66,48.67,0,0,0.0,0.09999999999999999,48.653473586816276,48.66523426225906,0.00012411365638648496,9.27746866799435e-05
FDBH18,2023-07-21 03:06:45,48.66,0.0,0.1,48.63999999999999,48.65,0,0,0.0,0.09999999999999999,48.643490265677514,48.655956100794036,0.00012411365638648496,9.27746866799435e-05
FDBH18,2023-07-21 03:06:49,48.64,0.0,0.1,48.623333333333335,48.63,0,0,0.0,0.09999999999999999,48.62349026567752,48.63595610079404,0.00012411365638648496,9.27746866799435e-05
FDBH18,2023-07-21 03:06:53,48.62,0.0,0.1,48.60833333333333,48.62,0,0,0.0,0.09999999999999999,48.603490265677515,48.61595610079404,0.00012411365638648496,9.27746866799435e-05
FDBH18,2023-07-21 03:06:57,48.61,0.0,0.1,48.59,48.6,0,0,0.0,0.09999999999999999,48.59349026567752,48.60595610079404,0.00012411365638648496,9.27746866799435e-05
FDBH18,2023-07-21 03:07:01,48.59,0.0,0.1,48.571666666666665,48.58,0,0,0.0,0.09999999999999999,48.57406758410355,48.58595610079404,0.00012411365638648496,9.27746866799435e-05
FDBH18,2023-07-21 03:07:06,48.57,0.0,0.1,48.55166666666668,48.56,0,0,0.0,0.09999999999999999,48.55406758410355,48.56595610079404,0.00012411365638648496,9.27746866799435e-05
FDBH18,2023-07-21 03:07:12,48.55,0.0,0.1,48.538333333333334,48.55,0,0,0.0,0.09999999999999999,48.534067584103546,48.54595610079404,0.00012411365638648496,9.27746866799435e-05
FDBH18,2023-07-21 03:07:16,48.54,0.0,0.1,48.525000000000006,48.53,0,0,0.0,0.09999999999999999,48.52406758410355,48.53595610079404,0.00012411365638648496,9.27746866799435e-05
FDBH18,2023-07-21 03:07:20,48.52,0.0,0.1,48.51166666666666,48.52,0,0,0.0,0.09999999999999999,48.50406758410355,48.51595610079404,0.00012411365638648496,9.27746866799435e-05
FDBH18,2023-07-21 03:07:24,48.51,0.0,0.1,48.49666666666667,48.51,0,0,0.0,0.09999999999999999,48.49406758410355,48.50595610079404,0.00012411365638648496,9.27746866799435e-05
FDBH18,2023-07-21 03:07:27,48.5,0.0,0.1,48.48499999999999,48.49,0,0,0.0,0.09999999999999999,48.48662015717134,48.49595610079404,0.00012411365638648496,9.27746866799435e-05
FDBH18,2023-07-21 03:07:31,48.48,0.0,0.1,48.471666666666664,48.48,0,0,0.0,0.09999999999999999,48.466620157171334,48.477268806221986,0.00012411365638648496,9.27746866799435e-05
FDBH18,2023-07-21 03:07:35,48.47,0.0,0.1,48.458333333333336,48.47,0,0,0.0,0.09999999999999999,48.456620157171336,48.46731357306801,0.00012411365638648496,9.27746866799435e-05
FDBH18,2023-07-21 03:07:39,48.46,0.0,0.1,48.445,48.45,0,0,0.0,0.09999999999999999,48.451038197171336,48.45739531610742,0.00012856953703532898,9.27746866799435e-05
FDBH18,2023-07-21 03:07:43,48.44,0.0,0.1,48.435,48.44,0,0,0.0,0.09999999999999999,48.43103819717133,48.43739531610742,0.00012856953703532898,9.27746866799435e-05
FDBH18,2023-07-21 03:07:47,48.43,0.0,0.1,48.42166666666666,48.43,0,0,0.0,0.09999999999999999,48.421038197171335,48.42888794618445,0.00012856953703532898,9.27746866799435e-05
FDBH18,2023-07-21 03:07:51,48.42,0.0,0.1,48.40833333333333,48.42,0,0,0.0,0.09999999999999999,48.41103819717134,48.418887946184455,0.00012856953703532898,9.27746866799435e-05
FDBH18,2023-07-21 03:07:55,48.41,0.0,0.1,48.39499999999999,48.4,0,0,0.0,0.09999999999999999,48.40103819717133,48.40927211414303,0.00012856953703532898,9.27746866799435e-05
FDBH18,2023-07-21 03:07:59,48.39,0.0,0.1,48.38166666666666,48.39,0,0,0.0,0.09999999999999999,48.381038197171335,48.38927211414303,0.00012856953703532898,9.27746866799435e-05
FDBH18,2023-07-21 03:08:03,48.38,0.0,0.1,48.366666666666674,48.38,0,0,0.0,0.09999999999999999,48.37103819717134,48.379272114143035,0.00012856953703532898,9.27746866799435e-05
FDBH18,2023-07-21 03:08:07,48.36,0.0,0.1,48.35166666666667,48.36,0,0,0.0,0.09999999999999999,48.351038197171334,48.35888794618445,0.00012856953703532898,9.27746866799435e-05
FDBH18,2023-07-21 03:08:11,48.35,0.0,0.1,48.33833333333333,48.35,0,0,0.0,0.09999999999999999,48.341038197171336,48.348887946184455,0.00012856953703532898,9.27746866799435e-05
FDBH18,2023-07-21 03:08:14,48.34,0.0,0.1,48.328333333333326,48.34,0,0,0.0,0.09999999999999999,48.33103819717134,48.337395316107425,0.00012856953703532898,9.27746866799435e-05
FDBH18,2023-07-21 03:08:18,48.33,0.0,0.1,48.31666666666666,48.32,0,0,0.0,0.09999999999999999,48.32103819717133,48.32739531610742,0.00012856953703532898,9.27746866799435e-05
FDBH18,2023-07-21 03:08:22,48.32,0.0,0.1,48.30833333333334,48.31,0,0,0.0,0.09999999999999999,48.311038197171335,48.318887946184454,0.00012856953703532898,9.27746866799435e-05
FDBH18,2023-07-21 03:08:26,48.31,0.0,0.1,48.298333333333325,48.31,0,0,0.0,0.09999999999999999,48.30103819717134,48.308887946184456,0.00012856953703532898,9.27746866799435e-05
FDBH18,2023-07-21 03:08:30,48.3,0.0,0.1,48.28666666666667,48.29,0,0,0.0,0.09999999999999999,48.29103819717133,48.29927211414303,0.00012856953703532898,9.27746866799435e-05
FDBH18,2023-07-21 03:08:34,48.29,0.0,0.1,48.27666666666667,48.28,0,0,0.0,0.09999999999999999,48.281038197171334,48.28927211414303,0.00012856953703532898,9.27746866799435e-05
FDBH18,2023-07-21 03:08:38,48.28,0.0,0.1,48.26499999999999,48.27,0,0,0.0,0.09999999999999999,48.271038197171336,48.27927211414303,0.00012856953703532898,9.27746866799435e-05
FDBH18,2023-07-21 03:08:42,48.26,0.0,0.1,48.25666666666666,48.26,0,0,0.0,0.09999999999999999,48.25103819717133,48.25953171556896,0.00012856953703532898,9.27746866799435e-05
FDBH18,2023-07-21 03:08:46,48.26,0.0,0.1,48.248333333333335,48.25,0,0,0.0,0.09999999999999999,48.25103819717133,48.25953171556896,0.00012856953703532898,9.27746866799435e-05
FDBH18,2023-07-21 03:08:50,48.25,0.0,0.1,48.23833333333334,48.25,0,0,0.0,0.09999999999999999,48.241038197171335,48.24953171556896,0.00012856953703532898,9.27746866799435e-05
FDBH18,2023-07-21 03:08:54,48.24,0.0,0.1,48.225,48.23,0,0,0.0,0.09999999999999999,48.23103819717134,48.239531715568965,0.00012856953703532898,9.27746866799435e-05
FDBH18,2023-07-21 03:08:58,48.22,0.0,0.1,48.21333333333334,48.22,0,0,0.0,0.09999999999999999,48.211038197171334,48.21953171556896,0.00012856953703532898,9.27746866799435e-05
FDBH18,2023-07-21 03:09:02,48.21,0.0,0.1,48.20499999999999,48.21,0,0,0.0,0.09999999999999999,48.201038197171336,48.209531715568964,0.00012856953703532898,9.27746866799435e-05
FDBH18,2023-07-21 03:09:05,48.21,0.0,0.1,48.19833333333333,48.2,0,0,0.0,0.09999999999999999,48.201038197171336,48.209531715568964,0.00012856953703532898,9.27746866799435e-05
FDBH18,2023-07-21 03:09:09,48.2,0.0,0.1,48.19166666666666,48.2,0,0,0.0,0.09999999999999999,48.19103819717134,48.199531715568966,0.00012856953703532898,9.27746866799435e-05
FDBH18,2023-07-21 03:09:13,48.19,0.0,0.1,48.185,48.19,0,0,0.0,0.09999999999999999,48.18103819717133,48.18953171556896,0.00012856953703532898,9.27746866799435e-05
FDBH18,2023-07-21 03:09:17,48.18,0.0,0.1,48.17666666666667,48.18,0,0,0.0,0.09999999999999999,48.1712802428987,48.179895320393086,0.00012856953703532898,9.27746866799435e-05
FDBH18,2023-07-21 03:09:21,48.18,0.0,0.1,48.16833333333333,48.17,0,0,0.0,0.09999999999999999,48.17197881863149,48.179912615120294,0.00012856953703532898,9.27746866799435e-05
FDBH18,2023-07-21 03:09:25,48.17,0.0,0.1,48.16,48.17,0,0,0.0,0.09999999999999999,48.16292052752745,48.1699222411377,0.00012856953703532898,9.27746866799435e-05
FDBH18,2023-07-21 03:09:29,48.16,0.0,0.1,48.15166666666667,48.16,0,0,0.0,0.09999999999999999,48.15292052752744,48.15992224113769,0.00012856953703532898,9.27746866799435e-05
FDBH18,2023-07-21 03:09:33,48.15,0.0,0.1,48.14499999999999,48.15,0,0,0.0,0.09999999999999999,48.142920527527444,48.149922241137695,0.00012856953703532898,9.27746866799435e-05
FDBH18,2023-07-21 03:09:37,48.14,0.0,0.1,48.13666666666666,48.14,0,0,0.0,0.09999999999999999,48.132920527527446,48.1399222411377,0.00012856953703532898,9.27746866799435e-05
FDBH18,2023-07-21 03:09:41,48.14,0.0,0.1,48.12833333333333,48.13,0,0,0.0,0.09999999999999999,48.132920527527446,48.1399222411377,0.00012856953703532898,9.27746866799435e-05
FDBH18,2023-07-21 03:09:45,48.13,0.0,0.1,48.120000000000005,48.13,0,0,0.0,0.09999999999999999,48.12292052752745,48.1299222411377,0.00012856953703532898,9.27746866799435e-05
FDBH18,2023-07-21 03:09:49,48.12,0.0,0.1,48.11000000000001,48.12,0,0,0.0,0.09999999999999999,48.11292052752744,48.119922241137694,0.00012856953703532898,9.27746866799435e-05
FDBH18,2023-07-21 03:09:52,48.11,0.0,0.1,48.10333333333333,48.11,0,0,0.0,0.09999999999999999,48.102920527527445,48.109922241137696,0.00012856953703532898,9.27746866799435e-05
FDBH18,2023-07-21 03:09:56,48.1,0.0,0.1,48.095000000000006,48.1,0,0,0.0,0.09999999999999999,48.09292052752745,48.0999222411377,0.00012856953703532898,9.27746866799435e-05
FDBH18,2023-07-21 03:10:00,48.09,0.0,0.1,48.08833333333334,48.09,0,0,0.0,0.09999999999999999,48.08292052752745,48.0899222411377,0.00012856953703532898,9.27746866799435e-05
FDBH18,2023-07-21 03:10:04,48.09,0.0,0.1,48.078333333333326,48.09,0,0,0.0,0.09999999999999999,48.08197881863149,48.0899126151203,0.00012856953703532898,9.27746866799435e-05
FDBH18,2023-07-21 03:10:08,48.08,0.0,0.1,48.05666666666667,48.07,0,0,0.0,0.09999999999999999,48.071978818631486,48.07991261512029,0.00012856953703532898,9.27746866799435e-05
FDBH18,2023-07-21 03:10:12,48.05,0.0,0.1,48.025,48.05,0,0,0.0,0.09999999999999999,48.0412802428987,48.049895320393084,0.00012856953703532898,9.27746866799435e-05
FDBH18,2023-07-21 03:10:16,48.02,0.0,0.1,47.98499999999999,48.01,0,0,0.0,0.09999999999999999,48.01103819717134,48.019272114143035,0.00012856953703532898,9.27746866799435e-05
FDBH18,2023-07-21 03:10:20,47.98,0.0,0.1,47.945,47.97,0,0,0.0,0.09999999999999999,47.964067584103546,47.975956100794036,0.00012411365638648496,9.27746866799435e-05
FDBH18,2023-07-21 03:10:24,47.94,0.0,0.1,47.89833333333333,47.93,0,0,0.0,0.09999999999999999,47.92204065090307,47.93420486046918,0.00012411365638648496,9.27746866799435e-05
FDBH18,2023-07-21 03:10:28,47.89,0.0,0.1,47.855,47.88,0,0,0.0,0.09999999999999999,47.86918207493519,47.88289483158593,0.00011428954139258086,9.27746866799435e-05
FDBH18,2023-07-21 03:10:32,47.85,0.0,0.1,47.81,47.84,0,0,0.0,0.09999999999999999,47.825907928292715,47.84164999536698,0.00011428954139258086,9.27746866799435e-05
FDBH18,2023-07-21 03:10:36,47.8,0.0,0.1,47.76499999999999,47.79,0,0,0.0,0.09999999999999999,47.76905173069271,47.79180038677896,0.00011428954139258086,9.27746866799435e-05
FDBH18,2023-07-21 03:10:40,47.76,0.0,0.1,47.725,47.75,0,0,0.0,0.09999999999999999,47.72905173069271,47.75180038677896,0.00011428954139258086,9.27746866799435e-05
FDBH18,2023-07-21 03:10:43,47.73,0.0,0.1,47.695,47.72,0,0,0.0,0.09999999999999999,47.69905173069271,47.72180038677896,0.00011428954139258086,9.27746866799435e-05
FDBH18,2023-07-21 03:10:47,47.69,0.0,0.1,47.655,47.68,0,0,0.0,0.09999999999999999,47.65905173069271,47.68180038677896,0.00011428954139258086,9.27746866799435e-05
FDBH18,2023-07-21 03:10:51,47.65,0.0,0.1,47.60833333333333,47.64,0,0,0.0,0.09999999999999999,47.61905173069271,47.64180038677896,0.00011428954139258086,9.27746866799435e-05
FDBH18,2023-07-21 03:10:55,47.6,0.0,0.1,47.56166666666667,47.59,0,0,0.0,0.09999999999999999,47.56905173069271,47.591800386778964,0.00011428954139258086,9.27746866799435e-05
FDBH18,2023-07-21 03:10:59,47.56,0.0,0.1,47.51499999999999,47.54,0,0,0.0,0.09999999999999999,47.529051730692714,47.551800386778964,0.00011428954139258086,9.27746866799435e-05
FDBH18,2023-07-21 03:11:03,47.51,0.0,0.1,47.468333333333334,47.5,0,0,0.0,0.09999999999999999,47.47905173069271,47.50180038677896,0.00011428954139258086,9.27746866799435e-05
FDBH18,2023-07-21 03:11:07,47.46,0.0,0.1,47.425000000000004,47.45,0,0,0.0,0.09999999999999999,47.42905173069271,47.45180038677896,0.00011428954139258086,9.27746866799435e-05
FDBH18,2023-07-21 03:11:11,47.42,0.0,0.1,47.37833333333334,47.41,0,0,0.0,0.09999999999999999,47.389051730692714,47.411800386778964,0.00011428954139258086,9.27746866799435e-05
FDBH18,2023-07-21 03:11:15,47.37,0.0,0.1,47.335,47.36,0,0,0.0,0.09999999999999999,47.33905173069271,47.36180038677896,0.00011428954139258086,9.27746866799435e-05
FDBH18,2023-07-21 03:11:19,47.33,0.0,0.1,47.291666666666664,47.32,0,0,0.0,0.09999999999999999,47.29905173069271,47.32180038677896,0.00011428954139258086,9.27746866799435e-05
FDBH18,2023-07-21 03:11:23,47.29,0.0,0.1,47.245000000000005,47.27,0,0,0.0,0.09999999999999999,47.25905173069271,47.28180038677896,0.00011428954139258086,9.27746866799435e-05
FDBH18,2023-07-21 03:11:27,47.24,0.0,0.1,47.199999999999996,47.23,0,0,0.0,0.09999999999999999,47.209051730692714,47.231800386778964,0.00011428954139258086,9.27746866799435e-05
FDBH18,2023-07-21 03:11:30,47.21,0.0,0.1,47.163333333333334,47.19,0,0,0.0,0.09999999999999999,47.17905173069271,47.20119420665534,0.00011428954139258086,9.27746866799435e-05
FDBH18,2023-07-21 03:11:34,47.16,0.0,0.1,47.11666666666667,47.15,0,0,0.0,0.09999999999999999,47.12905173069271,47.15119420665533,0.00011428954139258086,9.27746866799435e-05
FDBH18,2023-07-21 03:11:38,47.11,0.0,0.1,47.07,47.1,0,0,0.0,0.09999999999999999,47.07905173069271,47.101194206655336,0.00011428954139258086,9.27746866799435e-05
FDBH18,2023-07-21 03:11:42,47.06,0.0,0.1,47.025,47.05,0,0,0.0,0.09999999999999999,47.029051730692714,47.05119420665534,0.00011428954139258086,9.27746866799435e-05
FDBH18,2023-07-21 03:11:46,47.02,0.0,0.1,46.97833333333333,47.01,0,0,0.0,0.09999999999999999,46.989051730692715,47.01119420665534,0.00011428954139258086,9.27746866799435e-05
FDBH18,2023-07-21 03:11:50,46.97,0.0,0.1,46.935,46.96,0,0,0.0,0.09999999999999999,46.93905173069271,46.961194206655335,0.00011428954139258086,9.27746866799435e-05
FDBH18,2023-07-21 03:11:54,46.93,0.0,0.1,46.89166666666667,46.92,0,0,0.0,0.09999999999999999,46.89905173069271,46.921194206655336,0.00011428954139258086,9.27746866799435e-05
FDBH18,2023-07-21 03:11:58,46.89,0.0,0.1,46.845,46.87,0,0,0.0,0.09999999999999999,46.85905173069271,46.88119420665534,0.00011428954139258086,9.27746866799435e-05
FDBH18,2023-07-21 03:12:02,46.84,0.0,0.1,46.805,46.83,0,0,0.0,0.09999999999999999,46.809051730692715,46.83119420665534,0.00011428954139258086,9.27746866799435e-05
FDBH18,2023-07-21 03:12:06,46.8,0.0,0.1,46.76,46.79,0,0,0.0,0.09999999999999999,46.76905173069271,46.791194206655334,0.00011428954139258086,9.27746866799435e-05
FDBH18,2023-07-21 03:12:10,46.75,0.0,0.1,46.715,46.74,0,0,0.0,0.09999999999999999,46.71905173069271,46.74119420665534,0.00011428954139258086,9.27746866799435e-05
FDBH18,2023-07-21 03:12:14,46.71,0.0,0.1,46.66833333333333,46.7,0,0,0.0,0.09999999999999999,46.67905173069271,46.70119420665534,0.00011428954139258086,9.27746866799435e-05
FDBH18,2023-07-21 03:12:17,46.67,0.0,0.1,46.63166666666667,46.66,0,0,0.0,0.09999999999999999,46.639051730692714,46.66119420665534,0.00011428954139258086,9.27746866799435e-05
FDBH18,2023-07-21 03:12:21,46.63,0.0,0.1,46.585,46.61,0,0,0.0,0.09999999999999999,46.599051730692715,46.62119420665534,0.00011428954139258086,9.27746866799435e-05
FDBH18,2023-07-21 03:12:25,46.58,0.0,0.1,46.54,46.57,0,0,0.0,0.09999999999999999,46.54905173069271,46.571194206655335,0.00011428954139258086,9.27746866799435e-05
FDBH18,2023-07-21 03:12:29,46.53,0.0,0.1,46.49166666666667,46.52,0,0,0.0,0.09999999999999999,46.49905173069271,46.52119420665534,0.00011428954139258086,9.27746866799435e-05
FDBH18,2023-07-21 03:12:33,46.49,0.0,0.1,46.44333333333333,46.47,0,0,0.0,0.09999999999999999,46.459051730692714,46.48119420665534,0.00011428954139258086,9.27746866799435e-05
FDBH18,2023-07-21 03:12:37,46.44,0.0,0.1,46.395,46.43,0,0,0.0,0.09999999999999999,46.40905173069271,46.431194206655334,0.00011428954139258086,9.27746866799435e-05
FDBH18,2023-07-21 03:12:41,46.39,0.0,0.1,46.346666666666664,46.38,0,0,0.0,0.09999999999999999,46.35905173069271,46.38119420665534,0.00011428954139258086,9.27746866799435e-05
FDBH18,2023-07-21 03:12:45,46.34,0.0,0.1,46.30166666666667,46.33,0,0,0.0,0.09999999999999999,46.309051730692715,46.33119420665534,0.00011428954139258086,9.27746866799435e-05
FDBH18,2023-07-21 03:12:49,46.3,0.0,0.1,46.255,46.28,0,0,0.0,0.09999999999999999,46.26905173069271,46.291194206655334,0.00011428954139258086,9.27746866799435e-05
FDBH18,2023-07-21 03:12:53,46.25,0.0,0.1,46.211666666666666,46.24,0,0,0.0,0.09999999999999999,46.21905173069271,46.24119420665534,0.00011428954139258086,9.27746866799435e-05
FDBH18,2023-07-21 03:12:57,46.21,0.0,0.1,46.163333333333334,46.19,0,0,0.0,0.09999999999999999,46.17905173069271,46.20119420665534,0.00011428954139258086,9.27746866799435e-05
FDBH18,2023-07-21 03:13:01,46.16,0.0,0.1,46.11666666666667,46.15,0,0,0.0,0.09999999999999999,46.12905173069271,46.15119420665533,0.00011428954139258086,9.27746866799435e-05
FDBH18,2023-07-21 03:13:05,46.11,0.0,0.1,46.068333333333335,46.1,0,0,0.0,0.09999999999999999,46.07905173069271,46.101194206655336,0.00011428954139258086,9.27746866799435e-05
FDBH18,2023-07-21 03:13:08,46.07,0.0,0.1,46.035000000000004,46.06,0,0,0.0,0.09999999999999999,46.03905173069271,46.06119420665534,0.00011428954139258086,9.27746866799435e-05
FDBH18,2023-07-21 03:13:12,46.03,0.0,0.1,45.99166666666667,46.02,0,0,0.0,0.09999999999999999,45.99905173069271,46.02119420665534,0.00011428954139258086,9.27746866799435e-05
FDBH18,2023-07-21 03:13:16,45.99,0.0,0.1,45.945,45.97,0,0,0.0,0.09999999999999999,45.959051730692714,45.98119420665534,0.00011428954139258086,9.27746866799435e-05
FDBH18,2023-07-21 03:13:20,45.94,0.0,0.1,45.901666666666664,45.93,0,0,0.0,0.09999999999999999,45.90905173069271,45.931194206655334,0.00011428954139258086,9.27746866799435e-05
FDBH18,2023-07-21 03:13:24,45.9,0.0,0.1,45.855,45.88,0,0,0.0,0.09999999999999999,45.86905173069271,45.891194206655335,0.00011428954139258086,9.27746866799435e-05
FDBH18,2023-07-21 03:13:28,45.85,0.0,0.1,45.815000000000005,45.84,0,0,0.0,0.09999999999999999,45.81894578208775,45.84119420665534,0.00011428954139258086,9.27746866799435e-05
FDBH18,2023-07-21 03:13:32,45.81,0.0,0.1,45.76833333333334,45.8,0,0,0.0,0.09999999999999999,45.77894578208775,45.80119420665534,0.00011428954139258086,9.27746866799435e-05
FDBH18,2023-07-21 03:13:36,45.76,0.0,0.1,44.06333333333333,45.75,0,0,0.0,0.09999999999999999,45.72894578208775,45.751194206655335,0.00011428954139258086,9.27746866799435e-05
FDBH18,2023-07-21 03:13:40,44.59,0.0,0.1,35.24333333333333,42.69,0,0,0.0,0.09999999999999999,44.536264277200246,44.573234902784776,0.00013940138999840362,9.27746866799435e-05
FDBH18,2023-07-21 03:13:44,33.72,0.0,0.1,23.491666666666664,30.56,0,0,0.0,0.09999999999999999,33.28680258697958,33.591653025233335,0.0003201607004945796,9.16267705770589e-05
FDBH18,2023-07-21 03:13:48,21.92,0.0,0.1,13.876666666666665,19.35,0,0,0.0,0.09999999999999999,20.804204076664746,21.36363586373198,0.0008695269577527607,0.00010693446776096641
FDBH18,2023-07-21 03:13:52,12.62,0.0,0.1,6.845,10.7,0,0,0.0,0.09999999999999999,11.454426885835021,12.271817957144231,0.0005132292833533086,0.00011227401942819733
FDBH18,2023-07-21 03:13:55,7.34,0.0,0.1,3.286666666666667,5.91,0,0,0.0,0.09999999999999999,6.717907660686924,6.991817957144231,0.0005132292833533086,0.00011227401942819733
FDBH18,2023-07-21 03:13:59,2.6,0.0,0.1,0.7949999999999999,1.82,0,0,0.0,0.09999999999999999,2.013438100589976,2.376157494489115,0.0005132292833533086,0.00011227401942819733
FDBH18,2023-07-21 03:14:03,0.47,0.0,0.1,0.17500000000000002,0.3,0,0,0.0,0.09999999999999999,-0.08865859744935001,0.24853213921832942,0.0005132292833533086,0.00011227401942819733
FDBH18,2023-07-21 03:14:07,0.14,0.0,0.1,0.09499999999999999,0.12,0,0,0.0,0.09999999999999999,-0.3963906379151245,-0.07185498167395452,0.0005132292833533086,0.00011227401942819733
FDBH18,2023-07-21 03:14:11,0.09,0.0,0.1,0.065,0.08,0,0,0.0,0.09999999999999999,-0.2602482654933206,0.07026384416036677,0.0005132292833533086,0.00011227401942819733
FDBH18,2023-07-21 03:14:15,0.06,0.0,0.1,0.04666666666666667,0.06,0,0,0.0,0.09999999999999999,-0.7186504327167904,0.038746577593405135,0.0005132292833533086,0.00010693446776096641
FDBH18,2023-07-21 03:14:19,0.04,0.0,0.1,0.03333333333333333,0.04,0,0,0.0,0.09999999999999999,-0.4892168423495599,0.018746577593405138,0.0005132292833533086,0.00010693446776096641
FDBH18,2023-07-21 03:14:23,0.03,0.0,0.1,0.024999999999999998,0.03,0,0,0.0,0.09999999999999999,-0.24838548836994098,0.008746577593405136,0.00018892897185127263,9.16267705770589e-05
FDBH18,2023-07-21 03:14:27,0.02,0.0,0.1,0.02,0.02,0,0,0.0,0.09999999999999999,-0.013661037989136069,0.022172212135402897,0.0001922259656413805,9.574836902470004e-05
FDBH18,2023-07-21 03:14:31,0.02,0.0,0.1,0.013333333333333334,0.02,0,0,0.0,0.09999999999999999,-0.01177075242870192,0.022172212135402897,0.00011032144358934466,9.27746866799435e-05
FDBH18,2023-07-21 03:14:35,0.01,0.0,0.1,0.01,0.01,0,0,0.0,0.09999999999999999,-0.022978307255604374,-0.0112755207783689,0.0001198045091943702,9.27746866799435e-05
FDBH18,2023-07-21 03:14:39,0.01,0.0,0.1,0.008333333333333333,0.01,0,0,0.0,0.09999999999999999,-0.017621860773247434,-0.0112755207783689,0.00012410570370399105,9.27746866799435e-05
18,2024-01-13 16:07:30,50.03,1.99,0.7,49.68333333333333,49.92,0,0,1.99,0.7000000000000001,50.02086119238376,50.43357881053293,0.0003900481958409724,9.773226930526047e-05
18,2024-01-13 16:08:10,49.63,1.99,0.7,49.37,49.55,0,0,1.99,0.7000000000000001,49.78634907626475,50.03220718451021,0.00039295642208448414,9.900030856199344e-05
18,2024-01-13 16:08:50,49.3,1.99,0.7,49.125,49.3,0,0,1.99,0.7000000000000001,49.289142812576024,49.41365057882605,0.00020636961369973754,9.574836902470004e-05
18,2024-01-13 16:09:30,49.09,1.99,0.7,48.82666666666666,49.0,0,0,1.99,0.7000000000000001,48.98433308001406,49.07146728075945,0.00022518539973223685,9.16267705770589e-05
18,2024-01-13 16:10:10,48.78,1.99,0.7,48.595,48.69,0,0,1.99,0.7000000000000001,48.63615317043953,48.73961245559611,0.00022518539973223685,9.16267705770589e-05
18,2024-01-13 16:10:50,48.65,1.99,0.7,49.55833333333334,50.99,0,0,2.521666666666667,0.7000000000000001,50.441197658689646,50.53112888227297,0.0010812505160704032,0.00011550011466022552
18,2024-01-13 16:11:30,49.76,2.68,0.7,51.40333333333333,51.94,0,0,3.3166666666666664,0.7000000000000001,51.620563885400664,53.41746020607519,0.0012204282962107944,0.00013759039400467542
18,2024-01-13 16:12:10,51.67,3.43,0.7,51.73333333333333,51.94,0,0,3.5566666666666666,0.7000000000000001,52.12080510238993,52.409498862318976,0.000393487715067544,0.00010663172404576096
18,2024-01-13 16:12:50,51.69,3.56,0.7,51.42666666666667,51.61,0,0,3.56,0.7000000000000001,51.74964898334325,51.87878695782452,0.00027441794653452654,0.00010663172404576096
18,2024-01-13 16:13:30,51.4,3.56,0.7,51.126666666666665,51.3,0,0,3.56,0.7000000000000001,51.472900675503965,51.60181552794451,0.0003216238365399896,0.00010663172404576096
18,2024-01-13 16:14:00,51.18,3.56,0.7,50.945,51.08,0,0,3.56,0.7000000000000001,51.27383576594899,51.38181552794451,0.0003216238365399896,0.00010663172404576096
18,2024-01-13 16:14:40,50.96,3.56,0.7,50.82166666666666,50.87,0,0,3.56,0.7000000000000001,51.046832624333874,51.14878695782453,0.0003216238365399896,0.00010663172404576096
18,2024-01-13 16:15:20,50.85,3.56,0.7,50.715,50.83,0,0,3.56,0.7000000000000001,50.9455069821508,51.03878695782453,0.00027441794653452654,0.00010663172404576096
18,2024-01-13 16:16:00,50.75,3.56,0.7,50.449999999999996,50.65,0,0,3.56,0.7000000000000001,50.855252088890516,50.94382063770918,0.00029436317289176694,0.00010663172404576096
18,2024-01-13 16:16:40,50.37,3.56,0.7,50.39166666666667,50.62,0,0,3.56,0.7000000000000001,50.35776355100646,50.3963463673927,0.00019592784439002024,0.00013151250968254405
18,2024-01-13 16:17:20,50.3,3.56,0.7,50.81833333333333,51.06,0,0,3.56,0.7000000000000001,50.1992149604277,50.28283313788634,0.00022996959148617642,0.00011694708518518442
18,2024-01-13 16:18:00,50.94,3.56,0.7,51.248333333333335,51.48,0,0,3.56,0.7000000000000001,50.85476088265801,50.92771686479285,0.00021030856144861322,0.00010938325225740543
18,2024-01-13 16:18:40,51.31,3.56,0.7,51.531666666666666,51.65,0,0,3.56,0.7000000000000001,51.28801372114349,51.317131773888896,0.0001987291968716087,0.00010938325225740543
18,2024-01-13 16:19:11,51.54,3.56,0.7,51.83833333333333,52.07,0,0,3.56,0.7000000000000001,51.551169172634374,51.63800184221348,0.00023084407733664969,0.00010938325225740543
18,2024-01-13 16:19:50,51.94,3.56,0.7,52.06,52.1,0,0,3.56,0.7000000000000001,51.98198483024094,52.06708747238533,0.0002689272600317832,0.00011694708518518442
18,2024-01-13 16:20:30,52.09,3.56,0.7,53.08666666666667,54.55,0,0,4.04,0.7000000000000001,52.929787285958675,54.042553768637674,0.0010061319771184746,0.0001224962817096768
18,2024-01-13 16:21:10,53.56,4.2,0.7,56.465,58.94,0,0,5.371666666666667,0.7000000000000001,57.29879318346752,59.732615672429894,0.001567766098119916,0.00010663172404576096
18,2024-01-13 16:21:40,55.79,5.23,0.7,58.669999999999995,59.28,0,0,5.965,0.7000000000000001,57.362919204378116,59.17544079385768,0.001325933934437926,0.00010663172404576096
18,2024-01-13 16:22:20,58.99,6.0,0.7,59.46333333333334,59.73,0,0,6.0,0.7000000000000001,58.93575744448188,59.17454080032119,0.0005585960842662578,0.00012357462170708918
18,2024-01-13 16:23:00,59.53,6.0,0.7,59.86333333333332,60.09,0,0,6.0,0.7000000000000001,59.13934642725113,59.62809047640123,0.0005585960842662578,0.00012357462170708918
18,2024-01-13 16:23:40,59.9,6.0,0.7,60.10333333333333,60.21,0,0,6.0,0.7000000000000001,59.463376591222094,60.03701761555146,0.0005861271440108438,0.00012702659455735403
18,2024-01-13 16:24:20,60.11,6.0,0.7,60.123333333333335,60.24,0,0,6.0,0.7000000000000001,59.74674870482711,60.247017615551464,0.0005861271440108438,0.00012702659455735403
18,2024-01-13 16:25:10,60.11,6.0,0.7,59.76666666666667,60.06,0,0,6.0,0.7000000000000001,60.05336580235561,60.35438141380672,0.0005585960842662578,0.00012357462170708918
18,2024-01-13 16:25:50,59.74,6.0,0.7,61.16833333333333,64.49,0,0,6.745,0.7000000000000001,61.470459739149376,63.1972465452126,0.0014048177937538812,0.0001381360342618867
18,2024-01-13 16:26:40,61.52,6.94,0.7,66.82666666666665,72.46,0,0,8.565,0.7000000000000001,66.10717786080183,68.13601299247387,0.0021756960538344638,0.00010663172404576096
18,2024-01-13 16:27:20,66.66,8.81,0.7,73.41833333333334,74.85,0,0,9.835,0.7000000000000001,69.97005309419428,71.72900318468902,0.0018466772482106872,0.00010663172404576096
18,2024-01-13 16:28:00,74.5,9.96,0.7,78.32,83.28,0,0,10.795,0.7000000000000001,77.774452001265,78.93773216281217,0.017112678633261765,0.00012772930151815336
18,2024-01-13 16:28:40,78.56,11.03,0.7,84.02666666666666,85.84,0,0,12.141666666666667,0.7000000000000001,82.55873122095264,82.06345550480833,0.03130275913799584,0.00012772930151815336
18,2024-01-13 16:29:20,83.8,12.28,0.7,86.40166666666669,87.45,0,0,13.06,0.7000000000000001,84.6904980008426,85.22719476976819,0.07535103792518241,0.00012772930151815336
18,2024-01-13 16:30:00,86.67,13.11,0.7,87.50833333333333,88.13,0,0,13.923333333333332,0.7000000000000001,87.19317245100231,88.23972135626471,0.2085900632024031,0.00017851201879334088
18,2024-01-13 16:30:30,87.76,13.91,0.7,87.23333333333333,88.13,0,0,14.455,0.7000000000000001,87.47177410735317,89.00857334837951,0.29165432542798536,0.00016429721062319875
18,2024-01-13 16:31:10,86.9,14.32,0.7,86.895,87.72,0,0,15.315000000000003,0.7000000000000001,86.35378290928104,88.26453564807221,0.2864042945930045,0.00015375769378538128
18,2024-01-13 16:32:00,87.7,15.48,0.7,84.66166666666668,86.74,0,0,16.24,0.7000000000000001,87.67682083032152,89.0086276198759,0.27083622144074143,0.00015375769378538128
18,2024-01-13 16:32:40,82.71,16.08,0.7,83.44666666666666,87.63,0,0,17.301666666666666,0.7000000000000001,82.35004263672343,84.21002512144368,0.1199040575720595,0.0002551260575478552
18,2024-01-13 16:33:20,86.74,17.46,0.7,77.02333333333333,81.94,0,0,18.19,0.7000000000000001,86.59598243545105,87.98051167530404,0.06044907019266541,0.0002080558255754578
18,2024-01-13 16:34:00,74.16,18.38,0.7,74.31833333333333,78.91,0,0,19.313333333333333,0.7000000000000001,75.77969100275362,77.68968180130506,0.06354214141044691,0.00020049647456553177
18,2024-01-13 16:34:40,75.69,19.38,0.7,70.08166666666666,72.13,0,0,21.430000000000003,0.7000000000000001,77.48456150541509,80.3364225940539,0.18204489472468405,0.00020049647456553177
18,2024-01-13 16:35:20,70.36,21.8,0.7,72.77166666666666,73.36,0,0,23.099999999999998,0.7000000000000001,73.24966814513412,75.00699509395034,0.2138549562844428,0.0002064554687151006
18,2024-01-13 16:36:00,73.36,23.5,0.7,73.355,73.52,0,0,23.041666666666668,0.7000000000000001,72.02946723516509,73.62782290105781,0.1402913923282993,0.0001464001186921094
18,2024-01-13 16:36:50,73.38,23.01,0.7,73.61,73.73,0,0,23.005,0.7000000000000001,73.56972634819213,73.68135783081715,0.08246923930488108,0.00014255741554269945
18,2024-01-13 16:37:40,73.71,23.0,0.7,73.68333333333332,73.73,0,0,23.0,0.7000000000000001,73.91659325539656,73.97163667438808,0.04344696101969287,0.00014255741554269945
18,2024-01-13 16:38:20,73.66,23.0,0.7,73.67666666666666,73.72,0,0,23.0,0.7000000000000001,73.68175535647157,73.90591866557602,0.05540665314447189,0.00014255741554269945
18,2024-01-13 16:38:50,73.69,23.0,0.7,73.655,73.68,0,0,23.0,0.7000000000000001,73.79973653076085,74.0831796263857,0.014174968392371243,0.00014126015569351747
18,2024-01-13 16:39:30,73.64,23.0,0.7,73.69333333333333,73.75,0,0,23.0,2.783333333333333,73.69750421886182,73.80092832146795,0.023508113864388083,0.00017327105617549992
18,2024-01-13 16:40:10,73.71,23.0,4.1,73.80999999999999,73.99,0,0,23.0,5.166666666666667,73.78840978570507,73.8199057086549,0.009421914461853094,0.0002965305072645798
18,2024-01-13 16:40:40,73.78,23.0,5.1,74.09833333333334,74.28,0,0,23.0,5.1000000000000005,73.76716450537319,73.90478844305845,0.00586719075132838,0.00023891017275315426
18,2024-01-13 16:41:20,74.14,23.0,5.1,74.485,74.93,0,0,23.0,5.1000000000000005,74.14370502134669,74.22434248294358,0.01922239977400778,0.00018943280181015637
18,2024-01-13 16:42:00,74.48,23.0,5.1,75.38333333333333,75.87,0,0,23.0,5.966666666666666,74.47057996022167,74.56631941727346,0.019298694095022502,0.0002333032096968339
18,2024-01-13 16:42:40,75.71,23.0,6.3,75.77333333333333,75.87,0,0,23.0,7.1000000000000005,75.79399440968021,75.8675636753273,0.02643021607114987,0.0002073445812791319
18,2024-01-13 16:43:20,75.74,23.0,7.1,75.84166666666665,76.02,0,0,23.0,7.1000000000000005,75.84091712218591,75.9260175161759,0.06818900381714703,0.0002535434274785302
18,2024-01-13 16:44:00,75.83,23.0,7.1,76.08333333333333,76.23,0,0,23.0,7.1000000000000005,75.93154632870001,76.03578581017182,0.06501757130870964,0.00021450094467543397
18,2024-01-13 16:44:40,76.1,23.0,7.1,76.28166666666665,76.33,0,0,23.0,7.333333333333332,76.2218693257713,76.2643545142393,0.019973988603173256,0.00019215943629040505
18,2024-01-13 16:45:20,76.33,23.0,7.1,76.3,76.33,0,0,23.0,7.933333333333334,76.44554132978482,76.48731951462074,0.009662502209693224,0.00020173568424350604
18,2024-01-13 16:45:50,76.29,23.0,8.0,76.26,76.29,0,0,23.0,8.0,76.39157694962894,76.44814876329067,0.012055001750125494,0.00023001917272843036
18,2024-01-13 16:46:20,76.29,23.0,8.0,76.27166666666666,76.32,0,0,23.0,8.0,76.39042683569856,76.42077888251733,0.0037454640825785824,0.00017901189051050233
18,2024-01-13 16:47:00,76.26,23.0,8.0,76.33833333333332,76.41,0,0,23.0,8.266666666666667,76.3001332034771,76.37095968156036,0.0069334955555659505,0.00017460764784324735
18,2024-01-13 16:47:40,76.33,23.0,8.0,76.44500000000001,76.5,0,0,23.0,8.933333333333334,76.35650384587576,76.4261468245684,0.0063582592991017345,0.00016510867888965493
18,2024-01-13 16:48:20,76.46,23.0,9.0,76.46833333333333,76.5,0,0,23.0,9.1,76.48924096777156,76.55475587622402,0.004586032243074613,0.0001572708150633216
18,2024-01-13 16:49:00,76.46,23.0,9.0,76.46666666666667,76.54,0,0,23.0,9.766666666666667,76.49154500555444,76.54736115085174,0.003612106442899141,0.0001572708150633216
18,2024-01-13 16:49:40,76.44,23.0,10.0,76.61999999999999,76.74,0,0,23.0,10.0,76.46258203355387,76.51390668659002,0.0031245787827858867,0.0001572708150633216
18,2024-01-13 16:50:20,76.64,23.0,10.0,76.73666666666666,76.79,0,0,23.0,10.0,76.66932710715207,76.72471415167531,0.0029119291583994166,0.0001572708150633216
18,2024-01-13 16:51:00,76.72,23.0,10.0,76.905,77.08,0,0,23.0,6.114999999999999,76.74781186295812,76.80992833449857,0.1072371332630277,0.000162997861225903
18,2024-01-13 16:51:40,76.94,23.0,2.0,77.18833333333333,77.32,0,0,23.0,2.8049999999999997,76.87955795522029,77.02026662389018,0.012999965465222306,0.0001817790166517758
18,2024-01-13 16:52:20,77.24,23.0,2.92,77.37166666666666,77.46,0,0,23.0,3.7249999999999996,76.85619486287686,77.22636254941708,0.1831223744747206,0.0001745335237744354
18,2024-01-13 16:53:00,77.41,23.0,3.84,77.23333333333333,77.46,0,0,23.0,7.511666666666667,76.79646175693634,77.24876977135783,0.37165621717729475,0.0001851022155222922
18,2024-01-13 16:53:40,77.3,23.0,9.5,76.21,77.05,0,0,23.0,9.016666666666667,76.98766440205532,77.22683990975257,0.06294954850268523,0.00018008285193814224
18,2024-01-13 16:54:20,75.93,23.0,9.0,75.67666666666666,75.94,0,0,23.0,9.0,75.63475419975713,75.86748513677183,0.04022726121014427,0.00018819358137667913
18,2024-01-13 16:54:50,75.57,23.0,9.0,76.21833333333332,77.13,0,0,23.0,9.016666666666667,75.63438164553024,75.60851210776976,0.035289890590091695,0.00018819358137667913
18,2024-01-13 16:55:30,76.21,23.0,9.0,77.45166666666667,77.79,0,0,23.0,9.65,76.33156748882013,76.32079388768511,0.04386048184786489,0.00018954139935938296
18,2024-01-13 16:56:10,77.78,23.0,10.0,77.85166666666667,77.9,0,0,23.0,10.0,77.84799752463397,77.81030422030697,0.03604462414910716,0.0002060157999185541
18,2024-01-13 16:57:00,77.89,23.0,10.0,77.88666666666667,77.9,0,0,23.0,10.0,77.96068824294046,77.93173887187879,0.05566445980149297,0.000263617237046211
18,2024-01-13 16:57:40,77.88,23.0,10.0,77.96,78.03,0,0,23.0,10.0,77.9180320049539,77.98865627760992,0.031250503469378306,0.000263617237046211
18,2024-01-13 16:58:20,77.98,23.0,10.0,78.00333333333333,78.03,0,0,23.0,10.433333333333334,78.04469323004479,78.06444199409603,0.036672008369002716,0.00023480884211131542
18,2024-01-13 16:59:00,78.0,23.0,10.6,77.98,78.02,0,0,23.0,11.0,78.04870443925385,78.08068226043396,0.06710860870133349,0.00023480884211131542
18,2024-01-13 16:59:40,78.0,23.0,11.0,77.87666666666668,77.95,0,0,23.0,11.0,78.04943871543459,78.10057488952458,0.09028726621226038,0.00023480884211131542
18,2024-01-13 17:00:20,77.84,23.0,11.0,77.83166666666666,77.88,0,0,23.0,11.0,77.85173583208761,77.92876538594703,0.0790611904259264,0.00018354488554926253
18,2024-01-13 17:01:00,77.79,23.0,11.0,77.86,77.91,0,0,23.0,11.4,77.79605184501571,77.821601575401,0.02717770119252564,0.0001572708150633216
18,2024-01-13 17:01:50,77.9,23.0,11.4,77.795,77.84,0,0,23.0,12.0,77.89849782081583,77.92197336029342,0.03039380404081735,0.0001572708150633216
18,2024-01-13 17:02:30,77.81,23.0,12.0,77.72499999999998,77.77,0,0,23.0,12.0,77.79818028912506,77.82925844193186,0.05321181679570922,0.0001572708150633216
18,2024-01-13 17:03:00,77.71,23.0,12.0,77.76166666666667,77.86,0,0,23.0,12.0,77.68973138812973,77.72624921209693,0.05385589188235849,0.0001572708150633216
18,2024-01-13 17:03:40,77.79,23.0,12.0,77.92,78.03,1,0,23.0,4.2555555555555555,77.76116134629106,77.81407317696342,0.6041801633373153,0.000162997861225903
18,2024-01-13 17:04:20,77.98,23.0,0.3555555555555555,77.98333333333333,78.03,1,0,23.0,0.5499999999999999,77.87390244207431,77.9975813009176,0.8466631702996426,0.00017535240109152727
18,2024-01-13 17:05:00,77.96,23.0,0.5777777777777777,77.92166666666667,77.99,1,0,23.0,0.7722222222222221,77.55917262442766,77.9499029760841,0.8867495589006477,0.00031340283623925244
18,2024-01-13 17:05:40,77.87,23.0,0.8,75.945,77.89,1,0,22.996666666666666,0.9944444444444445,77.1702264858294,77.77652408050707,0.8840726958879416,0.00026047469784435995
18,2024-01-13 17:06:20,77.37,23.0,1.0222222222222221,73.93,74.79,1,0,22.995,1.2166666666666668,76.58591949373516,77.29997282798368,0.6384091923769815,0.000247374891828416
18,2024-01-13 17:07:50,74.79,23.0,1.2444444444444445,74.885,75.09,1,0,23.0,1.438888888888889,74.71783523963887,75.1306718971847,0.9304542961934748,0.0004618041848171611
18,2024-01-13 17:08:30,74.95,23.0,1.4666666666666666,75.27666666666667,75.57,1,0,23.0,1.6611111111111112,75.58538824929958,75.75027504506524,0.9495861888267247,0.00018184031320647072
18,2024-01-13 17:09:10,75.25,23.0,1.6888888888888889,75.55833333333332,75.68,1,0,23.0,5.924074074074073,75.55571801021303,76.41521554440817,0.8863458868634135,0.00021244148584858904
18,2024-01-13 17:09:50,75.52,23.0,8.6,76.1,77.07,0,0,23.12666666666667,8.033333333333333,76.17848700506866,76.96862596164821,0.495928475113742,0.0002663829207385554
18,2024-01-13 17:10:30,75.95,23.0,8.0,77.71666666666665,78.57,0,0,23.80666666666667,8.0,78.48925771675977,80.60935167821889,0.8074421926953145,0.0003070195057956146
18,2024-01-13 17:11:10,78.32,24.15,8.0,79.26666666666667,80.39,0,0,24.04166666666666,8.816666666666666,78.36548563420388,78.68384442529882,0.5319212113076721,0.0005330920706932927
18,2024-01-13 17:11:50,79.39,24.04,9.2,80.44000000000001,80.59,0,0,24.039999999999996,9.883333333333333,79.46476091546774,79.55962445715664,0.274241597307503,0.0004320352522251597
18,2024-01-13 17:12:20,80.56,24.04,9.9,80.64,80.78,0,0,24.039999999999996,9.9,80.60357899217796,80.69263147308152,0.1386259475922876,0.00046036659435516884
18,2024-01-13 17:13:00,80.62,24.04,9.9,80.86833333333334,81.05,0,0,24.039999999999996,9.9,80.65599149615252,80.73087185322979,0.10963175877128965,0.00048282874701839986
18,2024-01-13 17:13:40,80.87,24.04,9.9,81.21166666666666,81.48,0,0,24.039999999999996,10.266666666666667,80.8748206775666,80.96252487917197,0.04123373720212263,0.00042602836611998075
18,2024-01-13 17:14:20,81.22,24.04,10.1,81.53500000000001,81.62,0,0,24.039999999999996,10.966666666666667,81.23429103523355,81.29091283376255,0.01420095619387251,0.00035661251102358843
18,2024-01-13 17:15:00,81.6,24.04,11.0,81.53500000000001,81.57,0,0,24.039999999999996,11.0,81.60440558774103,81.67593246906694,0.005664369440723099,0.0003317988213333542
18,2024-01-13 17:15:40,81.53,24.04,11.0,81.50333333333333,81.54,0,0,24.039999999999996,11.0,81.55619786836402,81.60170870361381,0.014051991239763601,0.000274697658951769
18,2024-01-13 17:16:20,81.51,24.04,11.0,81.55166666666666,81.63,0,0,24.039999999999996,11.049999999999999,81.53193949201957,81.60415178366644,0.03192370954899106,0.00023753248476322694
18,2024-01-13 17:17:00,81.63,24.04,11.0,81.60666666666667,81.67,0,0,24.039999999999996,11.700000000000001,81.6492589828304,81.71847100807155,0.054475882661577095,0.00043807513499130097
18,2024-01-13 17:17:40,81.67,24.04,12.0,81.615,81.65,0,0,24.039999999999996,12.0,81.6933005451671,81.75287885860892,0.05215098206337518,0.0003277022735932447
18,2024-01-13 17:18:20,81.63,24.04,12.0,81.64833333333333,81.68,0,0,24.039999999999996,12.0,81.64326921169223,81.71605739183806,0.09367747832207432,0.00025492437026196466
18,2024-01-13 17:19:00,81.64,24.04,12.0,81.71,81.77,0,0,24.039999999999996,12.0,81.63867558587431,81.69328678110227,0.10549527002473841,0.00025492437026196466
18,2024-01-13 17:19:40,81.7,24.04,12.0,81.68,81.77,0,0,24.039999999999996,7.371212121212121,81.72201337097079,81.75930007832328,0.929398264303188,0.00026420654922680695
18,2024-01-13 17:20:10,81.68,24.04,12.0,81.52999999999999,81.64,0,0,24.039999999999996,1.462121212121212,81.69485342284355,81.73808351348791,0.9310457374033241,0.0004558229184711639
18,2024-01-13 17:20:50,81.6,24.04,0.15454545454545457,81.14666666666666,81.46,0,0,24.039999999999996,0.25,81.33310692860657,81.58662977812497,0.9697428235162766,0.00017510872397396942
18,2024-01-13 17:21:30,81.12,24.04,0.26363636363636367,80.63000000000001,80.98,0,0,24.039999999999996,1.337878787878788,80.4049949082037,80.988960875971,0.9861472494144314,0.0002440940874508236
18,2024-01-13 17:22:10,80.61,24.04,0.3727272727272728,79.34666666666668,80.45,0,0,24.039999999999996,7.916666666666667,79.45600304733388,80.3865525750932,0.9703108035021306,0.00029113371254797224
18,2024-01-13 17:22:50,79.04,24.04,10.4,78.32666666666667,78.51,0,0,24.039999999999996,10.016666666666667,78.8571215048797,79.39035425162173,0.37214159680764713,0.0006323366525608988
18,2024-01-13 17:23:30,78.26,24.04,10.0,78.8,79.39,0,0,24.039999999999996,10.15,79.03112477690813,79.22581161866908,0.10320064864819062,0.0002526388011936442
18,2024-01-13 17:24:10,78.87,24.04,10.0,80.25166666666667,81.5,0,0,24.043333333333333,11.533333333333333,79.5600593098582,79.92745908767796,0.06012970771949476,0.00028243391662818325
18,2024-01-13 17:24:50,80.53,24.04,12.1,81.54166666666667,81.72,0,0,24.05,12.1,81.23409706238434,81.41301145924983,0.037764396569702326,0.0002965405507077216
18,2024-01-13 17:25:30,81.64,24.05,12.1,81.83166666666666,82.04,0,0,24.05,12.1,81.88187849362869,82.08827870196082,0.022645051878254552,0.00027847574006597414
18,2024-01-13 17:26:10,81.87,24.05,12.1,82.08666666666669,82.22,0,0,24.05,12.183333333333332,81.98282171640723,81.99695160595229,0.01561321541409336,0.00025789754488197536
18,2024-01-13 17:26:50,82.13,24.05,12.1,82.175,82.22,0,0,24.05,12.783333333333333,82.14427181141009,82.21555463027664,0.011446082198176302,0.00025789754488197536
18,2024-01-13 17:27:30,82.15,24.05,13.0,82.175,82.25,0,0,24.05,13.0,82.16408874105075,82.25625363785446,0.03864951364725225,0.000233969401152849
18,2024-01-13 17:28:00,82.16,24.05,13.0,82.20166666666667,82.29,0,0,24.05,12.516666666666667,82.17294282772875,82.26893861580261,0.09649396426886439,0.00024248876330540552
18,2024-01-13 17:28:40,82.18,24.05,13.0,82.33333333333333,82.4,0,0,24.048333333333332,11.100000000000001,82.19519401207083,82.287085377875,0.249009554919696,0.00035357927827327787
18,2024-01-13 17:29:30,82.37,24.05,10.9,82.42333333333333,82.51,0,0,24.04166666666666,10.9,82.35967313488597,82.44184172668639,0.27943250151282506,0.00034573080602462187
18,2024-01-13 17:30:10,82.39,24.04,10.9,82.56833333333334,82.66,0,0,24.039999999999996,10.9,82.31915177136102,82.44671487563848,0.3351900852937562,0.00025492437026196466
18,2024-01-13 17:30:50,82.64,24.04,10.9,82.43,82.66,0,0,24.039999999999996,11.049999999999999,82.48476925021605,82.65276673923489,0.4223249512409631,0.00025492437026196466
18,2024-01-13 17:31:30,82.32,24.04,10.9,82.43499999999999,82.61,0,0,24.039999999999996,11.783333333333333,82.15591147877016,82.31440180411657,0.2507629669925518,0.00026762766569636017
18,2024-01-13 17:32:10,82.47,24.04,12.0,82.62,82.68,1,0,24.039999999999996,12.0,82.30787672371812,82.47393181131764,0.3316211697061483,0.00025492437026196466
18,2024-01-13 17:32:50,82.64,24.04,12.0,82.70333333333333,82.79,1,0,24.039999999999996,12.0,82.53892021688097,82.67671899135159,0.3446564105742494,0.00025492437026196466
18,2024-01-13 17:33:30,82.76,24.04,12.0,82.83166666666666,82.98,1,0,24.039999999999996,6.21578947368421,82.75076660053598,82.83145651023898,0.9430996730431214,0.00026794541323470363
18,2024-01-13 17:34:10,82.83,24.04,0.3,82.80333333333333,82.98,1,0,24.039999999999996,0.7605263157894736,82.60405849762464,82.8530317742917,0.9420551451755216,0.0002602145343836379
18,2024-01-13 17:34:50,82.77,24.04,0.8263157894736841,82.04,82.68,1,0,23.935,1.286842105263158,82.12477625647304,82.69598867477292,0.9779707531575209,0.0002468167749829786
18,2024-01-13 17:35:30,82.18,24.04,1.3526315789473684,76.03666666666666,82.0,1,0,21.313333333333333,1.813157894736842,75.97848872935982,82.01406669150754,0.9796612096633304,0.000275160954089321
18,2024-01-13 17:36:10,73.93,20.07,1.8789473684210527,71.78666666666668,73.39,1,0,20.069999999999997,2.3394736842105264,74.09749217381503,74.46963092838263,0.9931424613986417,0.0009740825667356451
18,2024-01-13 17:36:40,71.98,20.07,2.2736842105263158,71.46,73.41,1,0,20.220000000000002,4.418421052631579,72.14272610126,73.84910749253102,0.9949629692240873,0.00043169090491382197
18,2024-01-13 17:39:30,71.3,20.05,2.8,75.435,78.25,1,0,22.16,7.8500000000000005,75.4863044852385,78.28425392952236,0.9972186210103535,0.001278161707693295
18,2024-01-13 17:40:10,76.55,22.75,7.7,79.40499999999999,80.84,1,0,23.798333333333332,7.866666666666666,79.6854153778352,82.17407804530842,0.9946896764934247,0.0003254269467357086
18,2024-01-13 17:40:50,80.01,24.03,7.9,81.53833333333334,82.9,1,0,24.03833333333333,7.8999999999999995,81.4312637864856,82.13025588349208,0.9888972904268714,0.0004846257271890763
18,2024-01-13 17:41:30,81.66,24.04,7.9,83.42,84.04,1,0,24.039999999999996,7.8999999999999995,82.62538242606672,83.13067335416918,0.9836503155389481,0.0005635705540637904
18,2024-01-13 17:42:10,83.9,24.04,7.9,84.05833333333334,84.13,0,0,24.039999999999996,8.716666666666667,83.98519780537141,84.06629565511952,0.86770031323599,0.00038051182024663953
18,2024-01-13 17:42:40,84.09,24.04,8.7,84.19,84.27,0,0,24.039999999999996,9.983333333333333,84.17518830766362,84.17488554581655,0.5007257759853274,0.0004498636967491312
18,2024-01-13 17:43:20,84.24,24.04,10.0,84.19166666666668,84.27,0,0,24.039999999999996,10.0,84.25314549519247,84.38888976210372,0.12742902840219908,0.0004224626144602529
18,2024-01-13 17:44:00,84.17,24.04,10.0,84.14,84.34,0,0,24.039999999999996,10.0,84.19317591564476,84.2987937260118,0.01760753031305202,0.00038636641052345406
18,2024-01-13 17:44:40,84.1,24.04,10.0,84.43833333333335,84.56,0,0,24.039999999999996,10.0,84.1226435529472,84.18310329359976,0.0066584602763057575,0.0005790889506581819
18,2024-01-13 17:45:20,84.55,24.04,10.0,84.39333333333333,84.56,0,0,24.039999999999996,10.333333333333334,84.56388142490341,84.62142359507524,0.010657715431664173,0.0005177963220159877
18,2024-01-13 17:46:00,84.35,24.04,10.2,84.22500000000001,84.3,0,0,24.039999999999996,10.966666666666667,84.35307935643958,84.43556116901962,0.011145728503293947,0.00028670446979474286
18,2024-01-13 17:46:30,84.3,24.04,11.0,84.05999999999999,84.25,0,0,24.039999999999996,11.0,84.29953209908517,84.39238132431146,0.006248527608607386,0.00027441112826746513
18,2024-01-13 17:47:10,84.0,24.04,11.0,83.85666666666667,83.93,0,0,24.039999999999996,11.0,84.00784899807738,84.05438992825272,0.018718454619217485,0.00025492437026196466
18,2024-01-13 17:47:50,83.83,24.04,11.0,83.80833333333334,83.87,0,0,24.03333333333333,11.0,83.81598962370197,83.88620953989245,0.02989321711997083,0.00022170950056277613
18,2024-01-13 17:48:30,83.76,24.03,11.0,83.73833333333333,83.82,0,0,24.03,11.299999999999999,83.73258006372275,83.82403562325477,0.15513234019856378,0.00022170950056277613
18,2024-01-13 17:49:10,83.7,24.03,11.0,83.52499999999999,83.65,0,0,24.03666666666666,11.966666666666667,83.65389477605416,83.74801841161343,0.1658888974917523,0.00023275803043827482
18,2024-01-13 17:49:50,83.5,24.04,12.0,83.32166666666666,83.45,0,0,24.039999999999996,12.0,83.45618420502728,83.54392023358403,0.3176943386444196,0.00025092556055288594
18,2024-01-13 17:50:30,83.35,24.04,12.0,83.12166666666667,83.21,0,0,24.039999999999996,12.0,83.30618420502728,83.39392023358403,0.46956696557352134,0.00025092556055288594
18,2024-01-13 17:51:10,83.14,24.04,12.0,82.98333333333333,83.01,0,0,24.039999999999996,9.757333333333333,83.10333719568212,83.21741025981336,0.8314706777473179,0.0002600621747293752
18,2024-01-13 17:51:50,82.99,24.04,12.0,82.71000000000001,82.99,1,0,24.039999999999996,5.159999999999999,82.96177027923211,83.06435720870067,0.9622990427248632,0.00026220363225538896
18,2024-01-13 17:52:50,82.65,24.04,5.132,82.06333333333333,82.48,1,0,24.039999999999996,4.935999999999999,82.53776796172157,82.66785272228192,0.9579432562654815,0.00036542412755330504
18,2024-01-13 17:53:30,82.01,24.04,4.9079999999999995,80.98833333333333,81.8,1,0,24.039999999999996,4.712,81.6746772853451,81.95809976185076,0.9723246993054819,0.0004070862642663075
18,2024-01-13 17:54:10,81.0,24.04,4.684,78.335,80.42,1,0,24.043333333333333,4.4879999999999995,80.66184028293537,81.0014006020019,0.9702639784850379,0.0005665593646947648
18,2024-01-13 17:54:50,78.3,24.04,4.46,76.18333333333334,76.44,1,0,24.043333333333333,4.263999999999999,78.5335434639202,78.88478831364513,0.9593518788979952,0.0005421285264435404
18,2024-01-13 17:56:00,76.31,24.04,4.292,76.45166666666665,77.28,1,0,24.039999999999996,4.095999999999999,77.06652950488873,77.67007936324647,0.968566912773705,0.0005421285264435404
18,2024-01-13 17:56:40,76.49,24.04,4.068,77.75333333333333,78.41,1,0,24.039999999999996,6.128,77.06231517169574,77.91089887519888,0.9835372544712211,0.0002303399462945653
18,2024-01-13 17:57:30,78.41,24.04,8.3,78.80166666666666,79.88,1,0,24.039999999999996,8.1,79.20142710910427,79.73298828913433,0.9430643746628197,0.00026769547876130895
18,2024-01-13 17:58:10,79.0,24.04,8.0,80.41,81.43,1,0,24.039999999999996,8.0,79.72027610615932,80.10468100295631,0.8857975124048958,0.00022630434150025668
18,2024-01-13 17:58:50,80.57,24.04,8.0,82.22500000000001,83.64,1,0,24.039999999999996,8.0,81.2768935130916,81.4997255700145,0.8364009115030929,0.0002165717256174097
18,2024-01-13 17:59:30,82.42,24.04,8.0,83.97,84.38,0,0,24.039999999999996,8.0,82.47547169578324,82.59944374403456,0.3610873826018971,0.00024988987358223616
18,2024-01-13 18:00:10,84.31,24.04,8.0,84.45833333333333,84.61,0,0,24.039999999999996,8.0,84.37554934081437,84.51638521536773,0.3991120271828052,0.00033029161305974015
18,2024-01-13 18:00:50,84.48,24.04,8.0,84.81666666666668,85.09,0,0,24.039999999999996,9.15,84.55131496954766,84.6496677439719,0.126053709717478,0.0003716465051492149
18,2024-01-13 18:01:30,84.87,24.04,10.0,85.21666666666667,85.51,0,0,24.03,10.0,84.93307608759467,85.01646114965195,0.02662271502410066,0.0006818182616489773
18,2024-01-13 18:02:20,85.21,24.02,10.0,85.57000000000001,85.72,0,0,24.02,10.0,85.24733172700854,85.34883372385866,0.030218038704188814,0.0005291937742191903
18,2024-01-13 18:03:00,85.72,24.02,10.0,85.75833333333333,86.01,0,0,24.02,10.0,85.72061488027516,85.84333926093849,0.03397002106080075,0.0005291937742191903
18,2024-01-13 18:03:40,85.75,24.02,10.0,85.98333333333333,86.09,0,0,24.02,10.15,85.7831166687785,85.87047080347989,0.018232971445546718,0.0003766024117619977
18,2024-01-13 18:04:10,86.09,24.02,10.0,85.84499999999998,86.07,0,0,24.02,11.15,86.07389711535895,86.12298889192105,0.01830565289298844,0.0003009909424210513
18,2024-01-13 18:04:50,85.81,24.02,12.0,85.61166666666666,85.63,0,0,24.02,12.0,85.80474299210026,85.89245292256412,0.014027800863204442,0.0005736587922061164
18,2024-01-13 18:05:30,85.59,24.02,12.0,85.43166666666667,85.63,0,0,24.02,12.0,85.58681006879071,85.68170951959931,0.006347804546023137,0.00028670446979474286
18,2024-01-13 18:06:10,85.33,24.02,12.0,85.23833333333334,85.4,0,0,24.02,12.116666666666667,85.33132327158069,85.42292825000787,0.00744696316644337,0.0002898696134285264
18,2024-01-13 18:06:50,85.18,24.02,12.0,85.355,85.41,0,0,24.02,12.783333333333333,85.16558761502985,85.24654045896195,0.10548569506025439,0.000240464986787606
18,2024-01-13 18:07:30,85.4,24.02,13.0,85.29333333333334,85.34,0,0,24.02,13.0,85.37184481080249,85.44680010334594,0.04094150769528439,0.0002461706256154321
18,2024-01-13 18:08:10,85.32,24.02,13.0,85.03000000000002,85.3,0,0,24.02,9.65,85.28329907180961,85.36334438453324,0.5192313726826366,0.00025513414893967506
18,2024-01-13 18:08:50,84.9,24.02,13.0,84.77333333333333,84.85,0,0,24.02,1.2166666666666666,84.84853190805644,84.94039018276189,0.9424237966667502,0.00036750517183432255
18,2024-01-13 18:09:30,84.84,24.02,0.3,84.325,84.75,0,0,24.02333333333333,0.65,84.26354130463399,84.73669285517936,0.9878653458881922,0.0001865873932138032
18,2024-01-13 18:10:10,84.22,24.02,0.7,83.41,84.04,0,0,24.03333333333333,1.05,82.90949062891991,84.01306680500672,0.9913363489655995,0.0004126831871646393
18,2024-01-13 18:10:50,83.38,24.03,1.0999999999999999,81.62166666666666,83.07,0,0,24.039999999999996,4.016666666666667,82.08607272593291,83.07409413626725,0.9848046677302199,0.0005106394900633584
18,2024-01-13 18:11:30,81.46,24.04,1.5,79.77666666666667,80.64,0,0,24.039999999999996,9.816666666666666,80.58698670146339,81.6530502385822,0.4169256158207233,0.0004974547449609797
18,2024-01-13 18:12:10,79.47,24.04,10.0,79.66833333333334,79.81,0,0,24.039999999999996,10.0,80.53349238329724,81.27081349426972,0.22766082332043988,0.0011138355623111608
18,2024-01-13 18:12:40,79.66,24.04,10.0,79.96333333333332,80.4,0,0,24.039999999999996,10.0,80.77394096487473,81.55318490494828,0.25001183564502233,0.00034158665878022385
18,2024-01-13 18:13:10,80.02,24.04,10.0,81.18833333333333,82.45,0,0,24.039999999999996,10.0,81.23355452258679,81.91738051837088,0.11132854270171638,0.00043057120349853707
18,2024-01-13 18:13:50,81.33,24.04,10.0,82.63666666666667,82.92,0,0,24.039999999999996,10.0,82.49130011562602,83.08634782279896,0.14163858229861068,0.00037610462545872864
18,2024-01-13 18:14:30,82.87,24.04,10.0,82.89999999999999,82.92,0,0,24.039999999999996,10.383333333333333,83.60849631602225,84.09049506940131,0.010946262956525296,0.00037610462545872864
18,2024-01-13 18:15:10,82.91,24.04,10.0,82.855,82.89,0,0,24.039999999999996,11.716666666666667,82.74185787018065,82.91484955775249,0.02104394566143587,0.00039890905631454116
18,2024-01-13 18:15:50,82.88,24.04,12.0,82.74833333333333,82.81,0,0,24.039999999999996,12.0,82.91973590108971,82.98414530281654,0.005702050029417165,0.00037739356417516607
18,2024-01-13 18:16:30,82.76,24.04,12.0,82.57666666666667,82.7,0,0,24.039999999999996,11.683333333333335,82.7827321119852,82.8516890833342,0.09160679588531219,0.00035484770606687325
18,2024-01-13 18:17:10,82.54,24.04,12.0,82.48333333333333,82.49,0,0,24.039999999999996,11.666666666666666,82.57535483120445,82.64493223873987,0.03615053425450324,0.00035484770606687325
18,2024-01-13 18:17:50,82.48,24.04,12.0,82.465,82.49,0,0,24.039999999999996,12.0,82.49252115945643,82.57884200903902,0.027480829264794875,0.0003423821870094904
18,2024-01-13 18:18:30,82.42,24.04,12.0,82.40666666666667,82.47,0,0,24.039999999999996,12.0,82.40767486962537,82.48589893324447,0.11035711052693588,0.0003461617854908995
18,2024-01-13 18:19:10,82.45,24.04,12.0,82.25666666666666,82.34,0,0,24.039999999999996,12.383333333333333,82.42781485966728,82.49304278289213,0.2358309388467019,0.00022170950056277613
18,2024-01-13 18:19:50,82.22,24.04,12.4,82.17833333333333,82.23,0,0,24.039999999999996,12.983333333333334,82.1940343583958,82.26176732131334,0.6055691534293121,0.00022170950056277613
18,2024-01-13 18:20:20,82.23,24.04,13.0,82.095,82.21,0,0,24.039999999999996,13.0,82.20150560330647,82.26604297918249,0.5698602121068952,0.00022170950056277613
18,2024-01-13 18:21:00,82.07,24.04,13.0,82.01666666666667,82.05,0,0,24.039999999999996,10.6,82.06493926250987,82.14066276411174,0.6664266894940186,0.00022978255423670676
18,2024-01-13 18:21:40,82.0,24.04,13.0,81.95166666666667,82.02,0,0,24.039999999999996,5.8,81.99631803352408,82.07290609447313,0.933777357217936,0.00022484735317840023
18,2024-01-13 18:22:30,81.88,24.04,5.8,81.91333333333334,82.04,0,0,24.039999999999996,5.8,81.80159921013485,81.90598723546739,0.9273910665897561,0.0001820945430424002
18,2024-01-13 18:23:10,81.99,24.04,5.8,81.15666666666668,81.93,0,0,24.039999999999996,5.8,81.70904831161063,81.9512484109595,0.9527912922533365,0.0001820945430424002
18,2024-01-13 18:23:50,81.07,24.04,5.8,76.99666666666667,80.7,0,0,22.886666666666667,5.8,78.20092921251569,80.95648014652416,0.9831294772348345,0.0002831568277880024
18,2024-01-13 18:24:30,78.9,24.04,5.8,58.43333333333334,74.72,0,0,12.688333333333333,5.8,64.76329873022586,78.31909355481153,0.9750526134080841,0.0005601410673305746
18,2024-01-13 18:25:10,55.23,10.59,5.8,46.330000000000005,49.53,0,0,1.8066666666666666,5.8,48.01304714197137,53.74788486738899,0.6996000972448418,0.012847229523378228
18,2024-01-13 18:26:00,45.81,0.0,5.8,43.22833333333333,44.64,0,0,0.0,5.8,45.1521937910808,45.64240254373221,0.17410376573338407,0.0020705566129787766
18,2024-01-13 18:26:40,42.96,0.0,5.8,41.53,42.55,0,0,0.0,5.8,42.32717503455255,42.80851047309808,0.1826036923220198,0.007506943777739305
18,2024-01-13 18:27:40,41.41,0.0,5.8,40.553333333333335,41.01,0,0,0.0,5.8,40.83134643619565,41.23898405351098,0.011138451079979362,0.0002244018713563386
18,2024-01-13 18:28:30,40.48,0.0,5.8,39.91833333333333,40.32,0,0,0.0,5.8,40.02973150344014,40.32379317980528,0.013986980602063711,0.00019684251006382592
18,2024-01-13 18:29:00,39.98,0.0,5.8,39.49666666666667,39.85,0,0,0.0,5.8,39.564423520209274,39.83299585848594,0.013986980602063711,0.00019684251006382592
18,2024-01-13 18:29:40,39.37,0.0,5.8,39.02166666666667,39.31,0,0,0.0,5.8,38.97787482117345,39.22233737777096,0.011191147220675659,0.00019684251006382592
18,2024-01-13 18:30:20,38.97,0.0,5.8,38.544999999999995,38.82,0,0,0.0,5.8,38.56507139087915,38.830157590503426,0.011191147220675659,0.00014437379290277222
18,2024-01-13 18:31:00,38.48,0.0,5.8,38.12166666666667,38.38,0,0,0.0,5.8,38.118784107101895,38.3391977810172,0.013997997121184134,0.00014254877370304655
18,2024-01-13 18:31:40,38.07,0.0,5.8,37.708333333333336,37.96,0,0,0.0,5.8,37.68724098845182,37.93629861827077,0.0040577931000839165,0.0001750461412633126
18,2024-01-13 18:32:20,37.65,0.0,5.8,37.335,37.56,0,0,0.0,5.8,37.322369863343646,37.52229321054829,0.004095151771183378,0.0001750461412633126
18,2024-01-13 18:33:00,37.28,0.0,5.8,36.97666666666667,37.23,0,0,0.0,5.8,36.98296707412416,37.16192785315037,0.004095151771183378,0.0001750461412633126
18,2024-01-13 18:33:40,36.92,0.0,5.8,36.64,36.82,0,0,0.0,5.8,36.6315341309267,36.80192785315037,0.004095151771183378,0.0001750461412633126
18,2024-01-13 18:34:20,36.61,0.0,5.8,36.345,36.52,0,0,0.0,5.8,36.33959781685682,36.50278199453996,0.004095151771183378,0.0001750461412633126
18,2024-01-13 18:35:00,36.31,0.0,5.8,36.050000000000004,36.2,0,0,0.0,5.8,36.07463801826126,36.22433387782448,0.004095151771183378,0.00036996535525587906
18,2024-01-13 18:35:40,36.01,0.0,5.8,35.815,35.99,0,0,0.0,5.8,35.77463801826126,35.92433387782447,0.004095151771183378,0.00036996535525587906
18,2024-01-13 18:36:20,35.78,0.0,5.8,35.55833333333333,35.69,0,0,0.0,5.8,35.55680803720697,35.70613223314277,0.004095151771183378,0.00036996535525587906
18,2024-01-13 18:37:00,35.57,0.0,5.8,35.31333333333333,35.47,0,0,0.0,5.8,35.34680803720697,35.497308028011204,0.00325100312029322,0.00016530220322415822
18,2024-01-13 18:37:30,35.36,0.0,5.8,35.155,35.26,0,0,0.0,5.8,35.159550351788894,35.287324033534155,0.0028499447922974725,0.00016530220322415822
18,2024-01-13 18:38:10,35.15,0.0,5.8,34.94833333333333,35.05,0,0,0.0,5.8,34.954095953730146,35.077324033534154,0.0028499447922974725,0.00015781416434418197
18,2024-01-13 18:38:50,34.94,0.0,5.8,34.725,34.85,0,0,0.0,5.8,34.758183831467484,34.86732403353415,0.0028499447922974725,0.00015781416434418197
18,2024-01-13 18:39:30,34.7,0.0,5.8,34.49166666666667,34.63,0,0,0.0,5.8,34.52193658495059,34.62735915522341,0.0028499447922974725,0.00015781416434418197
18,2024-01-13 18:40:10,34.46,0.0,5.8,34.303333333333335,34.42,0,0,0.0,5.8,34.281936584950586,34.38735915522341,0.002868405881619271,0.00012468114562683193
18,2024-01-13 18:40:50,34.29,0.0,5.8,34.11666666666667,34.22,0,0,0.0,5.8,34.112987940458694,34.217359155223406,0.002868405881619271,0.00012468114562683193
18,2024-01-13 18:41:30,34.11,0.0,5.8,33.906666666666666,34.02,0,0,0.0,5.8,33.94701192467631,34.03782022222074,0.002868405881619271,0.00012468114562683193
18,2024-01-13 18:42:10,33.9,0.0,5.8,33.699999999999996,33.8,0,0,0.0,5.8,33.74910694253843,33.83740304960168,0.002868405881619271,0.00012468114562683193
18,2024-01-13 18:43:00,33.7,0.0,5.8,33.52666666666667,33.6,0,0,0.0,5.8,33.54910694253844,33.63740304960169,0.002868405881619271,0.00012468114562683193
18,2024-01-13 18:43:40,33.49,0.0,5.8,33.37,33.49,0,0,0.0,5.8,33.339106942538436,33.427403049601686,0.002868405881619271,0.00012468114562683193
18,2024-01-13 18:44:20,33.38,0.0,5.8,33.193333333333335,33.29,0,0,0.0,5.8,33.2427721937406,33.32433686442899,0.002868405881619271,0.00012468114562683193
18,2024-01-13 18:45:00,33.18,0.0,5.8,33.03333333333333,33.12,0,0,0.0,5.8,33.042772193740596,33.12433686442899,0.002868405881619271,0.00012468114562683193
18,2024-01-13 18:45:30,33.07,0.0,5.8,32.92666666666667,33.0,0,0,0.0,5.8,32.932152153360526,33.013918368876354,0.002868405881619271,0.00012468114562683193
18,2024-01-13 18:46:10,32.88,0.0,5.8,32.81499999999999,32.87,0,0,0.0,5.8,32.75517827837823,32.823918368876356,0.002868405881619271,0.00012468114562683193
18,2024-01-13 18:46:50,32.76,0.0,5.8,32.678333333333335,32.76,0,0,0.0,5.8,32.63731383980116,32.711578688826265,0.002868405881619271,0.00012468114562683193
18,2024-01-13 18:47:30,32.66,0.0,5.8,32.553333333333335,32.66,0,0,0.0,5.8,32.549018027850344,32.63368018261276,0.002623766247775865,0.00012468114562683193
18,2024-01-13 18:48:10,32.55,0.0,5.8,32.42333333333333,32.55,0,0,0.0,5.8,32.439018027850345,32.526014739495565,0.002623766247775865,0.00012468114562683193
18,2024-01-13 18:48:50,32.39,0.0,5.8,32.28166666666667,32.35,0,0,0.0,5.8,32.29808308858436,32.36793105578425,0.002623766247775865,0.00012468114562683193
18,2024-01-13 18:49:30,32.24,0.0,5.8,32.17499999999999,32.24,0,0,0.0,5.8,32.148083088584364,32.21793105578425,0.002623766247775865,0.00012468114562683193
18,2024-01-13 18:50:10,32.14,0.0,5.8,32.07833333333333,32.14,0,0,0.0,5.8,32.04808308858436,32.11793105578425,0.002623766247775865,0.00012468114562683193
18,2024-01-13 18:50:50,32.03,0.0,5.8,31.965000000000003,32.03,0,0,0.0,5.8,31.948401620630868,32.00829354207139,0.002623766247775865,0.00012468114562683193
18,2024-01-13 18:51:30,31.93,0.0,5.8,31.850000000000005,31.93,0,0,0.0,5.8,31.848401620630867,31.908293542071387,0.002463067454306453,0.00012468114562683193
18,2024-01-13 18:52:10,31.83,0.0,5.8,31.741666666666664,31.83,0,0,0.0,5.8,31.7587768956589,31.811925822120987,0.002463067454306453,0.00012468114562683193
18,2024-01-13 18:53:00,31.72,0.0,5.8,31.633333333333336,31.72,0,0,0.0,5.8,31.649759834220728,31.70284623916427,0.002463067454306453,0.00012468114562683193
18,2024-01-13 18:53:40,31.62,0.0,5.8,31.493333333333336,31.59,0,0,0.0,5.8,31.54975983422073,31.602846239164272,0.002463067454306453,0.00012468114562683193
18,2024-01-13 18:54:10,31.51,0.0,5.8,31.415000000000003,31.51,0,0,0.0,5.8,31.43975983422073,31.492846239164273,0.002463067454306453,0.00012468114562683193
18,2024-01-13 18:54:50,31.41,0.0,5.8,28.423333333333332,31.41,0,0,0.0,5.8,31.33975983422073,31.39284623916427,0.002463067454306453,0.00012468114562683193
2,2024-01-05 08:46:40,42.15,2.04,0.7,42.098333333333336,42.13,0,0,2.01,0.7000000000000001,42.69938109865381,43.14677327952724,0.0003554915260952603,0.00012743680995533162
2,2024-01-05 08:47:10,42.13,2.01,0.7,42.01166666666666,42.09,0,0,2.01,0.7000000000000001,42.65488847444743,42.946635902049394,0.00034883143139785957,0.00012743680995533162
2,2024-01-05 08:47:50,42.01,2.01,0.7,41.86,41.93,0,0,2.01,0.7000000000000001,42.39088827084426,42.684465790877105,0.00034883143139785957,0.00012743680995533162
2,2024-01-05 08:48:30,41.82,2.01,0.7,41.870000000000005,41.92,0,0,2.01,0.7000000000000001,42.07561655672848,42.32404540357186,0.00034883143139785957,9.773226930526047e-05
2,2024-01-05 08:49:10,41.9,2.01,0.7,41.833333333333336,41.92,0,0,2.01,0.7000000000000001,42.12188902700671,42.37084673720646,0.00034883143139785957,9.773226930526047e-05
2,2024-01-05 08:49:50,41.82,2.01,0.7,41.605,41.82,0,0,2.01,0.7000000000000001,42.1307383002977,42.28822372253029,0.0002139853922829946,9.900030856199344e-05
2,2024-01-05 08:50:40,41.58,2.01,0.7,41.34666666666667,41.51,0,0,2.01,0.7000000000000001,41.80308824406377,41.97639590790421,0.0004376430505706305,9.900030856199344e-05
2,2024-01-05 08:51:20,41.31,2.01,0.7,40.998333333333335,41.21,0,0,2.01,0.7000000000000001,41.30004675950506,41.35536966158571,0.00024922332873770825,9.101639877745679e-05
2,2024-01-05 08:52:00,40.9,2.01,0.7,40.62833333333333,40.89,0,0,2.01,0.7000000000000001,40.82201686608689,40.88745839610325,0.0002491162770796119,9.27746866799435e-05
2,2024-01-05 08:52:40,40.59,2.01,0.7,40.225,40.48,0,0,2.01,0.7000000000000001,40.509292911861635,40.57257466919675,0.0002724043195855764,9.27746866799435e-05
2,2024-01-05 08:53:20,40.17,2.01,0.7,39.89166666666666,40.07,0,0,2.01,0.7000000000000001,40.07580497496727,40.1485089579214,0.00032923167441892894,0.00011238235429642242
2,2024-01-05 08:54:00,39.86,2.01,0.7,39.589999999999996,39.86,0,0,2.01,0.7000000000000001,39.76784155370685,39.837474579374344,0.00020651810407564322,0.00011771497760231249
2,2024-01-05 08:54:40,39.6,2.01,0.7,39.30166666666667,39.37,0,0,2.01,0.7000000000000001,39.508793552066734,39.57629878450591,0.00020915106917109385,9.16267705770589e-05
2,2024-01-05 08:55:20,39.35,2.01,0.7,39.24333333333334,39.26,0,0,2.01,0.7000000000000001,39.258793552066734,39.32629878450591,0.00020915106917109385,9.16267705770589e-05
2,2024-01-05 08:56:00,39.24,2.01,0.7,39.241666666666674,39.29,0,0,2.01,0.7000000000000001,39.148793552066735,39.21775243196164,0.00020915106917109385,9.16267705770589e-05
2,2024-01-05 08:56:40,39.27,2.01,0.7,39.18333333333333,39.51,0,0,2.0516666666666663,0.7000000000000001,39.21895112345088,39.5365500927059,0.0003477113166576229,0.00011771497760231249
2,2024-01-05 08:57:20,39.04,2.01,0.7,39.961666666666666,40.37,0,0,2.4116666666666666,0.7000000000000001,40.257046950539966,40.202275083067434,0.0014442661654739779,9.27746866799435e-05
2,2024-01-05 08:58:00,40.27,2.55,0.7,40.279999999999994,40.37,0,0,2.5500000000000003,0.7000000000000001,40.334694285318875,40.40900998991267,0.00023283544488125545,0.00014241178592818823
2,2024-01-05 08:58:40,40.29,2.55,0.7,40.10833333333333,40.27,0,0,2.5500000000000003,0.7000000000000001,40.41209326127823,40.495210203394294,0.00025136487191080843,0.0001207836560651509
2,2024-01-05 08:59:20,40.07,2.55,0.7,40.09166666666667,40.14,0,0,2.5500000000000003,0.7000000000000001,40.25026782167112,40.27894277681126,0.0002887467040638276,0.0001207836560651509
2,2024-01-05 09:00:00,40.11,2.55,0.7,40.053333333333335,40.14,0,0,2.5500000000000003,0.7000000000000001,40.29302649027855,40.34192470541019,0.0003118574064633364,0.0001207836560651509
2,2024-01-05 09:00:40,40.07,2.55,0.7,39.983333333333334,40.03,0,0,2.5500000000000003,0.7000000000000001,40.24858488859191,40.300502546927945,0.0002887467040638276,0.0001207836560651509
2,2024-01-05 09:01:30,39.97,2.55,0.7,39.97,39.97,0,0,2.5500000000000003,0.7000000000000001,40.113041510136114,40.171776941506366,0.0002928324527557997,0.0001207836560651509
2,2024-01-05 09:02:10,39.97,2.55,0.7,40.035,40.08,0,0,2.5500000000000003,0.7000000000000001,40.08292654245389,40.158279078130995,0.00020898579077338394,0.0001207836560651509
2,2024-01-05 09:02:50,40.07,2.55,0.7,40.085,40.14,0,0,2.5500000000000003,0.7000000000000001,40.04997096251013,40.07967160151962,0.0002710372354356729,0.00010938325225740543
2,2024-01-05 09:03:30,40.08,2.55,0.7,40.015,40.14,0,0,2.5500000000000003,0.7000000000000001,40.06410584878969,40.09396010044754,0.0002710372354356729,0.00010938325225740543
2,2024-01-05 09:04:00,39.97,2.55,0.7,40.01666666666666,40.07,0,0,2.5500000000000003,0.7000000000000001,39.96425427140791,39.98587843620375,0.00030489622156405907,0.00010938325225740543
2,2024-01-05 09:04:40,40.05,2.55,0.7,40.080000000000005,40.12,0,0,2.5500000000000003,0.7000000000000001,40.04425427140791,40.06631682599143,0.00030489622156405907,0.00010938325225740543
2,2024-01-05 09:05:20,40.08,2.55,0.7,40.18,40.32,0,0,2.5500000000000003,0.7000000000000001,40.0769923109585,40.10445225039191,0.00030489622156405907,0.00010938325225740543
2,2024-01-05 09:06:00,40.17,2.55,0.7,40.45499999999999,40.58,0,0,2.5500000000000003,0.7000000000000001,40.175945204307624,40.203141451189296,0.0002807664286153145,0.00010938325225740543
2,2024-01-05 09:06:40,40.56,2.55,0.7,40.605,40.68,0,0,2.5500000000000003,0.7000000000000001,40.57691156061012,40.6144377771038,0.0002807664286153145,0.00010938325225740543
2,2024-01-05 09:07:20,40.58,2.55,0.7,41.28666666666667,42.52,0,0,3.178333333333333,0.7000000000000001,41.56282068724879,43.01146288129087,0.0008666236071198931,0.00010938325225740543
2,2024-01-05 09:08:10,40.69,3.27,0.7,42.89000000000001,43.24,0,0,4.366666666666667,0.7000000000000001,43.26705823653908,44.119816142478335,0.0005421966042252614,0.00010822272733144492
2,2024-01-05 09:08:50,43.24,4.55,0.7,43.22666666666667,44.38,0,0,4.7,0.7000000000000001,43.73484240748252,44.37164993185722,0.0005764092652752709,0.00010663172404576096
2,2024-01-05 09:09:30,42.37,4.55,0.7,44.330000000000005,44.49,0,0,4.993333333333333,0.7000000000000001,43.38213511668428,43.85038825479047,0.0010332448551230507,0.00010663172404576096
2,2024-01-05 09:10:10,44.49,4.99,0.7,43.721666666666664,44.35,0,0,4.990000000000001,0.7000000000000001,44.69873572267879,44.776820789807196,0.0005272044993674982,0.00010663172404576096
2,2024-01-05 09:10:50,43.58,4.99,0.7,42.998333333333335,43.38,0,0,4.990000000000001,0.7000000000000001,43.57107054836099,43.737818135661335,0.0005861271440108438,0.00011538270162113391
2,2024-01-05 09:11:30,42.87,4.99,0.7,42.63833333333333,42.81,0,0,4.990000000000001,0.7000000000000001,42.85354883083139,43.0373452645064,0.0005272044993674982,0.00010663172404576096
2,2024-01-05 09:12:00,42.66,4.99,0.7,42.434999999999995,42.62,0,0,4.990000000000001,0.7000000000000001,42.85411948536977,42.90022218688945,0.0005145706614814974,0.00010663172404576096
2,2024-01-05 09:12:40,42.4,4.99,0.7,42.81833333333333,43.46,0,0,5.315,0.7000000000000001,43.05854934498332,43.623265759292124,0.001156228391027075,0.00010663172404576096
2,2024-01-05 09:13:20,43.13,5.46,0.7,44.48499999999999,46.16,0,0,6.351666666666667,0.7000000000000001,45.91636931630702,48.10298334286498,0.001653874026215304,0.00012572605631862231
2,2024-01-05 09:14:00,44.53,6.42,0.7,47.339999999999996,49.48,0,0,7.8166666666666655,0.7000000000000001,48.149782466662224,51.59469091959641,0.002764859307580515,0.00012572605631862231
2,2024-01-05 09:14:40,47.86,8.04,0.7,50.406666666666666,52.13,0,0,9.193333333333333,0.7000000000000001,51.64369478817095,54.53143589911328,0.002399863660055429,0.00010663172404576096
2,2024-01-05 09:15:20,51.06,9.46,0.7,53.788333333333334,57.55,0,0,10.448333333333332,0.7000000000000001,54.28585152975369,55.944838280327225,0.003365058560851554,0.00011538270162113391
2,2024-01-05 09:16:00,53.68,10.56,0.7,58.18166666666667,59.62,0,0,11.595,0.7000000000000001,56.15272434220356,58.52213385062652,0.004947250124282639,0.00012702659455735403
2,2024-01-05 09:16:40,58.84,11.73,0.7,60.79500000000001,63.67,0,0,12.15,0.7000000000000001,59.79400340122716,60.265032925395296,0.014829221669350955,0.00012702659455735403
2,2024-01-05 09:17:20,60.87,12.2,0.7,67.005,74.21,1,0,14.008333333333333,0.7000000000000001,65.74384622170616,69.20848530478919,0.055166416161668605,0.00012702659455735403
2,2024-01-05 09:18:00,67.36,14.27,0.7,74.85833333333333,76.31,1,0,16.373333333333335,0.7000000000000001,72.06981124954277,75.52708838722447,0.17369045407408057,0.00012702659455735403
2,2024-01-05 09:18:40,76.14,16.73,0.7,76.73666666666666,78.21,1,0,17.738333333333333,0.7000000000000001,78.39214061476629,80.37398687197287,0.07551872589385246,0.00012772930151815336
2,2024-01-05 09:19:20,76.35,17.89,0.7,78.485,79.44,1,0,18.941666666666666,0.7000000000000001,78.34965992788737,80.46035355893925,0.07551872589385246,0.00012623757099938608
2,2024-01-05 09:20:10,79.44,19.24,0.7,78.47166666666666,81.58,1,0,20.105,0.7000000000000001,81.16099977254156,82.03018235163847,0.0402568915653407,0.00017642730951808968
2,2024-01-05 09:20:40,76.76,20.13,0.7,80.86500000000001,83.42,1,0,20.663333333333334,0.7000000000000001,77.04874126249277,78.61087297453633,0.0353966705397905,0.00012623757099938608
2,2024-01-05 09:21:20,83.42,20.73,0.7,84.53000000000002,87.98,1,0,21.548333333333332,0.7000000000000001,84.00929239607467,84.8002963787339,0.061409511801982834,0.00012623757099938608
2,2024-01-05 09:22:00,84.39,21.67,0.7,83.04666666666667,87.98,1,0,22.20833333333334,0.7000000000000001,84.58837084792583,85.6347470594864,0.06130123556025816,0.0001519620279471383
2,2024-01-05 09:22:50,82.25,22.21,0.7,77.02333333333334,78.89,1,0,22.641666666666666,0.7000000000000001,82.52935013424685,83.329996445036,0.08473159626062271,0.00015375769378538128
2,2024-01-05 09:23:30,76.55,22.64,0.7,69.89833333333333,77.93,1,0,23.698333333333334,0.7000000000000001,76.17852661895358,78.40955676453311,0.03313007625771527,0.0001495794066942535
2,2024-01-05 09:24:10,66.12,23.99,0.7,63.92833333333334,64.09,1,0,23.978333333333335,1.9833333333333332,66.08136140063161,66.56582824075369,0.05091922179108733,0.00015167310677896334
2,2024-01-05 09:25:00,63.87,23.98,0.7,64.20166666666667,64.52,1,0,23.985,4.933333333333334,64.2313430864604,64.55488687850914,0.025158911811376982,0.00020211410306763403
2,2024-01-05 09:25:40,64.19,23.98,5.1,64.54833333333333,64.66,0,0,24.003333333333334,5.1000000000000005,64.95900476551152,65.30478505949633,0.010283978479143512,0.00033091601730007896
2,2024-01-05 09:26:20,64.59,24.01,5.1,64.80666666666666,65.15,0,0,24.001666666666665,5.1000000000000005,65.5346920763573,66.0149139601498,0.014831935903173027,0.00040572867736466333
2,2024-01-05 09:27:00,64.78,24.0,5.1,65.635,66.43,0,0,24.0,5.366666666666667,65.76151318542347,66.1987253109755,0.011526958316134211,0.0003087305829634225
2,2024-01-05 09:27:40,65.76,24.0,5.1,66.80666666666667,67.25,0,0,24.005,6.666666666666667,66.65420031104182,66.94091079483883,0.02379666808576911,0.00031213885835789935
2,2024-01-05 09:28:20,67.08,24.0,7.1,67.25500000000001,67.45,0,0,24.003333333333334,7.0,67.9154556830182,68.25939870270167,0.043471121702693655,0.00031308501651646013
2,2024-01-05 09:28:50,67.16,24.0,7.0,67.52166666666666,67.89,0,0,24.001666666666665,7.0,67.50304687024925,67.84359500398668,0.07403478859372611,0.0002811986587641381
2,2024-01-05 09:29:30,67.6,24.01,7.0,67.97833333333332,68.11,0,0,24.001666666666665,7.0,67.6990533608742,67.7580968110044,0.08943710778751798,0.0002108179535118366
2,2024-01-05 09:30:10,68.07,24.01,7.0,68.185,68.28,0,0,24.005,7.0,68.13805041664169,68.22887440131996,0.047642388559564236,0.00017245610444628574
2,2024-01-05 09:31:00,68.2,24.0,7.0,68.32166666666667,68.41,0,0,24.00666666666667,7.316666666666666,68.2772403276576,68.3403464301058,0.060463678010786136,0.00017554092704473846
2,2024-01-05 09:31:40,68.34,24.01,7.1,68.39333333333333,68.43,0,0,24.005,7.966666666666666,68.41070766106762,68.47587300221173,0.19060419682235863,0.00018428914576200717
2,2024-01-05 09:32:20,68.41,24.0,8.0,68.46,68.55,0,0,24.003333333333334,8.0,68.48134952875023,68.57733378804073,0.10001493269688178,0.0002191894025055101
2,2024-01-05 09:33:00,68.48,24.01,8.0,68.585,68.69,0,0,24.003333333333334,8.0,68.51612152183733,68.58431353923682,0.03507410843118333,0.00016033226416477375
2,2024-01-05 09:33:40,68.61,24.01,8.0,68.69166666666666,68.78,0,0,24.003333333333334,8.15,68.64750068442886,68.70632332961605,0.07256872224632506,0.00016033226416477375
2,2024-01-05 09:34:20,68.67,24.0,8.0,68.80166666666668,68.9,0,0,24.00666666666667,8.816666666666666,68.6867625215437,68.75662058334444,0.022739379598186983,0.00015270525151116603
2,2024-01-05 09:35:00,68.81,24.01,9.0,68.80666666666667,68.9,0,0,24.005,9.0,68.83680882724119,68.88758074652668,0.023786102868049944,0.0002018242834602396
2,2024-01-05 09:35:50,68.78,24.0,9.0,68.81,68.86,0,0,24.005,9.266666666666667,68.80199750489209,68.85388457276667,0.018783292459365743,0.00016548907126886288
2,2024-01-05 09:36:30,68.84,24.0,9.0,68.875,68.95,0,0,24.00666666666667,9.933333333333334,68.85832725356792,68.91142001711106,0.019257399686902172,0.00017373643497766418
2,2024-01-05 09:37:00,68.81,24.0,10.0,68.955,69.0,0,0,24.005000000000006,10.0,68.83393608517136,68.87381054295705,0.03906612016807493,0.00016179221204893027
2,2024-01-05 09:37:40,69.0,24.01,10.0,69.065,69.11,0,0,24.005,10.0,69.0314029481591,69.0686961679941,0.012147760263136761,0.00016179221204893027
2,2024-01-05 09:38:20,69.11,24.0,10.0,69.08166666666666,69.1,0,0,24.006666666666664,5.605555555555555,69.13785492042635,69.16115536364143,0.31566393619978594,0.00019001943438869923
2,2024-01-05 09:39:00,69.08,24.0,0.2,69.01166666666667,69.1,0,0,24.00666666666667,3.7388888888888903,69.05280611510469,69.11821254715575,0.16434257875532168,0.0001683701597924963
2,2024-01-05 09:39:40,68.93,24.0,4.244444444444445,68.91166666666668,69.0,0,0,24.005,7.831481481481483,68.56615635067885,68.8904783353857,0.6707975131472216,0.00015270525151116603
2,2024-01-05 09:40:20,68.92,24.0,8.28888888888889,68.37833333333334,68.82,0,0,24.00666666666667,10.016666666666666,68.58637505394923,68.87974605362757,0.26155551880869254,0.00017373643497766418
2,2024-01-05 09:41:10,68.48,24.01,10.0,67.28833333333334,68.16,0,0,24.008333333333336,10.0,68.47489032689526,68.54118511212053,0.1413714867947614,0.00016179221204893027
2,2024-01-05 09:41:50,67.18,24.01,10.0,66.46333333333332,66.87,0,0,24.001666666666665,10.033333333333333,67.20596718199205,67.31942685650539,0.34265533036126355,0.00018619768966931895
2,2024-01-05 09:42:30,66.13,24.0,10.0,67.15,68.04,0,0,23.993333333333336,10.666666666666666,66.48380156461926,66.54103513448541,0.11434544886161108,0.0002372141202782645
2,2024-01-05 09:43:10,67.31,24.0,11.0,68.51666666666668,69.13,0,0,23.941666666666663,11.0,67.64837285709352,67.89213175818084,0.08343030868832065,0.00025350997393501934
2,2024-01-05 09:43:50,68.79,23.88,11.0,69.25666666666667,69.49,0,0,23.991666666666664,11.0,69.11020467551216,69.36121483547312,0.07512870578874878,0.0002893796029083421
2,2024-01-05 09:44:30,69.29,24.01,11.0,69.62166666666667,69.81,0,0,23.996666666666666,11.0,69.34651975567296,69.43848710921499,0.046796048507139795,0.0002893796029083421
2,2024-01-05 09:45:10,69.63,23.99,11.0,69.83,69.88,0,0,24.003333333333334,11.083333333333334,69.63657038528603,69.75072604625825,0.08747828829973048,0.0006604336250790707
2,2024-01-05 09:45:50,69.81,24.01,11.0,70.26833333333333,70.93,0,0,24.00666666666667,11.666666666666666,69.80962957059967,69.8909592788811,0.07228188183050706,0.00028830973700218947
2,2024-01-05 09:46:30,70.24,24.01,12.0,70.96666666666667,71.08,0,0,24.0,4.495614035087719,70.26474483098308,70.4015854604314,0.8348057841067961,0.0003444201829975049
2,2024-01-05 09:47:10,71.01,23.99,0.5789473684210527,71.27166666666666,71.97,1,0,23.998333333333335,0.8552631578947368,70.70888225646294,70.98145705361064,0.8176248202321361,0.003184488907662067
2,2024-01-05 09:47:50,71.2,24.01,0.8947368421052632,71.98833333333333,72.24,1,0,24.0,1.1710526315789473,70.82922563443738,71.08833908772,0.9036142601236781,0.001839489088366858
2,2024-01-05 09:48:30,72.13,24.0,1.2105263157894737,69.65666666666667,72.24,1,0,24.00166666666667,1.4868421052631577,71.64780349160131,71.92004137616337,0.8636165424417056,0.0018371896957549852
2,2024-01-05 09:50:40,68.37,24.01,1.526315789473684,68.74833333333333,69.22,1,0,23.99833333333333,1.8026315789473684,68.00196793736885,68.24142870234692,0.8459164293578179,0.0005568637921675347
2,2024-01-05 09:51:20,69.04,24.02,1.8421052631578947,69.25500000000001,69.37,1,0,24.003333333333334,6.086842105263158,68.40021616756434,69.11053926124883,0.9543396330539466,0.000289386790799345
2,2024-01-05 09:52:00,69.35,24.02,8.6,69.675,70.19,1,0,24.035,8.116666666666667,69.56460717276022,69.96085140001188,0.9735636912715013,0.00032265417268550784
2,2024-01-05 09:52:30,69.74,24.05,8.0,70.40500000000002,71.05,0,0,24.05333333333333,8.0,70.26093894547209,70.56662177972477,0.945276164002896,0.00025963136381867264
2,2024-01-05 09:53:10,70.35,24.05,8.0,71.675,72.69,0,0,24.05,9.200000000000001,70.8008657188519,71.04171638570256,0.4441289353255339,0.00045809688678803635
2,2024-01-05 09:53:50,71.85,24.05,10.0,73.31333333333333,74.18,0,0,24.054999999999996,10.1,72.05160839826993,72.2296685333775,0.7540278999402383,0.0003565274722434579
2,2024-01-05 09:54:30,73.46,24.05,10.1,74.22166666666668,74.31,0,0,24.06,10.1,73.52968082692344,73.57879508497038,0.7281831710556252,0.0003573608710527732
2,2024-01-05 09:55:10,74.14,24.06,10.1,74.35666666666667,74.46,0,0,24.058333333333334,10.1,74.25000916277558,74.26301885042353,0.7269057497984094,0.0003911460548583214
2,2024-01-05 09:55:50,74.4,24.05,10.1,74.43166666666666,74.49,0,0,24.05666666666667,10.333333333333334,74.46591209647312,74.50090225804678,0.35607101102783784,0.0003655057114464726
2,2024-01-05 09:56:30,74.49,24.05,10.1,74.24666666666667,74.41,0,0,24.05666666666667,10.933333333333332,74.54792594814437,74.59786124449973,0.304276729508923,0.0003433723558729112
2,2024-01-05 09:57:10,74.22,24.06,11.0,73.94333333333334,74.13,0,0,24.055000000000003,11.0,74.28269814003525,74.3304625348452,0.3526923379054751,0.0004954677086729052
2,2024-01-05 09:57:50,73.85,24.06,11.0,73.84166666666665,73.89,0,0,24.05333333333333,11.0,73.88263820356114,73.95623876939204,0.5250160382725939,0.00023427851126144776
2,2024-01-05 09:58:30,73.84,24.05,11.0,73.88499999999999,73.97,0,0,24.05333333333333,11.0,73.83861649645517,73.93401141378304,0.6876022652765049,0.00023427851126144776
2,2024-01-05 09:59:10,73.82,24.06,11.0,74.12333333333333,74.43,0,0,24.05333333333333,11.316666666666668,73.82601682344874,73.87460953518516,0.2813946736118242,0.00018515223980886372
2,2024-01-05 09:59:50,74.12,24.05,11.1,74.54,74.67,0,0,24.05666666666667,11.966666666666667,74.08801604257435,74.18628127652245,0.4749995062561963,0.00016473574439555713
2,2024-01-05 10:00:30,74.67,24.06,12.0,74.65,74.67,0,0,24.058333333333334,12.0,74.6518176788646,74.72819285661365,0.6242277359827362,0.00015691558134097613
2,2024-01-05 10:01:20,74.66,24.06,12.0,74.63333333333334,74.67,0,0,24.05666666666667,10.166666666666666,74.66291350151081,74.71585569302336,0.9450507962299984,0.00016262969370517177
2,2024-01-05 10:02:00,74.65,24.06,12.0,74.37500000000001,74.62,0,0,24.055000000000003,3.0555555555555554,74.66289057505044,74.7451347478368,0.9434113784830593,0.00019216879708335214
2,2024-01-05 10:02:40,74.34,24.06,1.2666666666666666,74.015,74.26,0,0,24.055000000000003,1.7333333333333334,73.97990006361773,74.27086444412225,0.9630599945434516,0.00020868902725160955
2,2024-01-05 10:03:20,73.99,24.06,1.8000000000000003,73.58999999999999,73.93,0,0,24.06,6.0,73.40296758087294,73.82564949266778,0.9538291732300757,0.0002519718348730301
2,2024-01-05 10:03:50,73.69,24.06,2.2,73.02166666666668,73.53,0,0,24.058333333333334,9.966666666666667,72.96129940321715,73.52402050336016,0.4045981637548007,0.0002519718348730301
2,2024-01-05 10:04:30,72.96,24.05,10.0,71.84666666666666,72.73,0,0,24.058333333333334,10.0,72.78487997106343,73.06138113961079,0.5708284447570446,0.00023293111834789802
2,2024-01-05 10:05:10,71.63,24.06,10.0,71.415,72.09,0,0,24.054999999999996,11.25,72.04869062831342,72.09839336905466,0.30970022789247315,0.0002476369273958503
2,2024-01-05 10:06:00,71.3,24.05,12.1,72.71499999999999,73.72,0,0,24.05666666666667,12.1,71.90067846447175,72.34755694918037,0.29212611737426913,0.0002358822944847768
2,2024-01-05 10:06:40,72.97,24.05,12.1,73.87166666666667,74.15,0,0,24.05666666666666,12.1,73.57167730324586,73.91285400950969,0.2284770728364028,0.00026000601969841447
2,2024-01-05 10:07:20,74.0,24.05,12.1,74.21666666666667,74.39,0,0,24.054999999999996,12.1,74.34307254823403,74.41105623670016,0.28201515777239156,0.00026000601969841447
2,2024-01-05 10:08:00,74.18,24.05,12.1,74.475,74.57,0,0,24.06,12.1,74.24568164249423,74.41113716747797,0.12681487254790055,0.00026000601969841447
2,2024-01-05 10:08:50,74.52,24.06,12.1,74.50333333333333,74.55,0,0,24.06,12.1,74.55183091454465,74.61691659655263,0.09483401663337399,0.0002582382596387963
2,2024-01-05 10:09:30,74.51,24.06,12.1,74.44666666666667,74.48,0,0,24.05666666666666,10.700000000000001,74.51549894760721,74.59969873385208,0.8136159512172813,0.00024280912608798177
2,2024-01-05 10:10:10,74.43,24.05,12.1,74.39166666666667,74.44,0,0,24.05333333333333,9.450000000000001,74.4290776763324,74.56882339797617,0.9411050325949148,0.00024280912608798177
2,2024-01-05 10:11:00,74.35,24.05,10.3,74.24166666666667,74.38,0,0,24.054999999999996,10.0,74.17454662552537,74.37739248962318,0.8523446541965705,0.00024280912608798177
2,2024-01-05 10:11:40,74.25,24.06,10.0,73.83333333333334,74.15,0,0,24.05666666666667,10.016666666666667,74.11458139792151,74.24957520680783,0.8332523775723771,0.00018515223980886372
2,2024-01-05 10:12:10,73.86,24.06,10.0,73.60166666666667,73.72,0,0,24.053333333333338,10.483333333333334,73.7339417524065,73.85816981637869,0.6303736431336956,0.0001572708150633216
2,2024-01-05 10:12:50,73.61,24.04,10.8,73.41666666666667,73.51,0,0,24.055000000000003,11.0,73.58395573562707,73.6513610979808,0.5148902457833292,0.0001572708150633216
2,2024-01-05 10:13:30,73.4,24.06,11.0,73.11833333333333,73.4,1,0,24.05333333333333,11.0,73.3818395016626,73.44394176600309,0.5792553428919909,0.00018515223980886372
2,2024-01-05 10:14:10,73.03,24.06,11.0,72.95833333333333,73.0,1,0,24.054999999999996,11.0,72.97953257149227,73.06830513415764,0.4557418238976636,0.00018515223980886372
2,2024-01-05 10:14:50,72.89,24.06,11.0,72.99166666666666,73.01,1,0,24.05666666666667,9.200000000000001,72.82196443908028,72.94679078371837,0.8960710295891153,0.0003208257495435069
2,2024-01-05 10:15:20,72.97,24.06,11.0,56.40666666666666,73.01,1,0,15.745000000000003,2.045454545454545,62.61043985448965,72.34053844910345,0.9793298305455045,0.0006523273811606437
2,2024-01-05 10:18:50,48.26,11.59,0.2545454545454546,47.303333333333335,47.93,1,0,11.590000000000002,0.3500000000000001,47.98688823138187,47.865176132437895,0.9823960600344358,0.0006565243768169354
2,2024-01-05 10:19:30,47.15,11.59,0.36363636363636365,46.615,46.92,1,0,11.590000000000002,0.45909090909090916,47.04510369965015,46.90893932890269,0.9846573536744806,0.001072218456741405
2,2024-01-05 10:20:10,46.48,11.59,0.4727272727272728,46.20666666666667,46.5,1,0,11.590000000000002,0.5681818181818183,46.24877252841655,46.27982687252005,0.987451434126109,0.0010879167752752814
2,2024-01-05 10:20:40,46.15,11.59,0.5818181818181819,45.635,46.04,1,0,11.590000000000002,0.6772727272727274,46.03245778380892,46.023247884386194,0.9864399388084879,0.001616489938188293
2,2024-01-05 10:21:20,45.6,11.59,0.690909090909091,45.096666666666664,45.32,1,0,11.590000000000002,2.9227272727272733,45.47910309624493,45.533771926197915,0.9975907279946228,0.0011674248680845249
2,2024-01-05 10:22:10,45.01,11.59,0.8,45.303333333333335,46.04,1,0,11.590000000000002,7.8999999999999995,44.94787369035854,44.960509110058524,0.9959577117348244,0.0018743762558282476
2,2024-01-05 10:22:40,44.91,11.59,8.5,45.99666666666666,46.9,1,0,11.703333333333333,8.116666666666667,44.99678087575001,45.29816338877503,0.9936968788040803,0.006547535015393875
2,2024-01-05 10:23:20,46.08,11.59,8.1,49.85166666666667,54.13,1,0,14.511666666666665,7.716666666666666,51.719515734312985,54.97233221358903,0.9956128977387193,0.002039576514198306
2,2024-01-05 10:24:10,50.51,15.42,8.1,56.468333333333334,61.2,1,0,18.48,7.55,54.578944070563175,60.752396792243076,0.884086231292875,0.0005059224952972759
2,2024-01-05 10:24:50,57.43,18.95,8.0,63.29,66.12,1,0,21.325,7.816666666666666,64.04281433111618,67.30311033478336,0.9932831974812514,0.0032839745894304617
2,2024-01-05 10:25:30,64.54,21.85,7.8,68.95,72.75,1,0,23.013333333333335,8.45,70.01044958380365,71.58228488235162,0.98902198870385,0.001407876182458367
2,2024-01-05 10:26:10,69.21,23.14,8.9,73.05833333333334,73.61,1,0,24.039999999999996,8.833333333333334,73.19316316044237,74.87237116875741,0.9746919632114499,0.000682073177244139
2,2024-01-05 10:27:00,73.27,24.05,8.7,74.14166666666667,75.12,0,0,24.055000000000003,8.966666666666667,73.94483162054438,73.93847708256608,0.9634029197134605,0.000913604241997526
2,2024-01-05 10:27:40,74.14,24.06,9.0,75.62500000000001,76.44,0,0,24.054999999999996,9.0,74.59606023791352,74.71834099977755,0.9448936867117467,0.0005972026560007549
2,2024-01-05 10:28:20,75.89,24.05,9.0,76.52,76.8,0,0,24.058333333333334,9.266666666666667,76.03102615384799,76.24371579928034,0.9167866643143164,0.00043028075761513264
2,2024-01-05 10:29:10,76.56,24.06,9.0,76.81833333333333,76.97,0,0,24.05333333333333,9.883333333333333,76.69706517706221,76.71153872345357,0.7208095327501797,0.0003001761102695031
2,2024-01-05 10:29:50,76.82,24.06,9.9,77.05166666666666,77.18,0,0,24.05666666666667,9.983333333333333,76.90184643210947,76.98923077582452,0.27375984514710366,0.0003013280354660259
2,2024-01-05 10:30:30,77.08,24.06,10.0,77.23833333333333,77.33,0,0,24.05666666666667,10.0,77.09895996111366,77.22382635779158,0.06627567502479213,0.00036574403472537566
2,2024-01-05 10:31:10,77.24,24.06,10.0,77.39833333333334,77.47,0,0,24.054999999999996,6.960416666666666,77.28466559866733,77.39283129884977,0.36023516283160345,0.0003774677173002432
2,2024-01-05 10:31:40,77.42,24.06,10.0,77.47333333333333,77.57,0,0,24.058333333333334,2.3541666666666665,77.47086652384284,77.57322298194123,0.9201984828345254,0.00070809595010416
2,2024-01-05 10:32:20,77.5,24.06,0.825,77.27166666666666,77.57,0,0,24.06,0.69375,77.27160068541177,77.48572043369629,0.8455439262585759,0.0003891317144263588
2,2024-01-05 10:33:00,77.23,24.06,0.675,76.81333333333333,77.08,0,0,24.06,5.8062499999999995,76.51380487405639,76.96983458589166,0.7380202385147727,0.00021314512961051672
2,2024-01-05 10:33:31,76.88,24.06,6.2,75.91333333333334,76.71,0,0,24.06,10.1,76.11588972276498,76.6837251385694,0.33305991203660673,0.00020927412588560228
2,2024-01-05 10:34:20,75.78,24.06,10.0,74.42999999999999,75.42,0,0,24.06,8.783333333333333,75.82824814468539,75.89821951259378,0.33010717124624706,0.00019232880377947299
2,2024-01-05 10:35:10,73.96,24.06,3.9,74.55166666666666,75.37,0,0,24.058333333333334,9.85,73.96430242481675,74.30814260233024,0.7832427288426481,0.00023314255413266612
2,2024-01-05 10:35:50,74.68,24.06,10.0,75.74166666666666,76.21,0,0,24.05666666666667,10.0,75.38165974231187,75.86279673152956,0.3810957692151011,0.0002526388011936442
2,2024-01-05 10:36:30,76.03,24.06,10.0,75.99666666666668,76.21,0,0,24.058333333333334,10.066666666666666,76.70594216577595,77.04182444208617,0.4122455320127798,0.00027847574006597414
2,2024-01-05 10:37:01,76.03,24.06,10.0,75.63833333333334,75.85,0,0,24.058333333333334,10.716666666666667,76.53623123952224,76.62419541081138,0.05596337273330958,0.00027847574006597414
2,2024-01-05 10:37:40,75.57,24.06,11.0,75.33,75.48,0,0,24.06,11.0,75.7232201133223,75.82525726847567,0.09994534377537508,0.00026059457413409677
2,2024-01-05 10:38:20,75.26,24.06,11.0,75.22166666666666,75.29,0,0,24.05333333333333,11.016666666666666,75.28602366584212,75.39422722235713,0.1981144269338048,0.00023915853814569996
2,2024-01-05 10:39:00,75.21,24.05,11.0,75.48833333333333,75.81,0,0,24.05333333333333,12.416666666666666,75.21219312774618,75.28244780023722,0.23511066150215804,0.00019621464409871043
2,2024-01-05 10:39:30,75.39,24.06,12.4,75.80833333333332,75.95,0,0,24.05333333333333,13.166666666666666,75.38644383389409,75.48018024635813,0.05232523097087531,0.00018690042696085967
2,2024-01-05 10:40:10,75.89,24.05,13.0,75.89833333333333,75.95,0,0,24.05666666666667,11.016666666666666,75.91913208106008,76.00446028574423,0.19361256663702456,0.00019232880377947299
2,2024-01-05 10:40:50,75.93,24.06,13.0,75.885,76.01,0,0,24.06,3.083333333333334,75.94070281874521,76.04120226416909,0.9672275420218346,0.00019216879708335214
2,2024-01-05 10:41:30,75.85,24.06,1.1,76.28666666666666,76.54,0,0,24.06,1.0999999999999999,75.6470736859372,75.86769027216738,0.8556753932158776,0.00019707901861033982
2,2024-01-05 10:42:30,76.54,24.06,1.1,76.05,76.47,0,0,24.06,1.0999999999999999,76.16470747143123,76.44913955207475,0.7642995222313677,0.0002619470754208545
2,2024-01-05 10:43:00,76.06,24.06,1.1,74.82833333333333,75.68,0,0,24.06,1.0999999999999999,75.38742375498997,75.91199439477512,0.7805300722724978,0.0002666442253559517
2,2024-01-05 10:43:40,74.62,24.06,1.1,73.19999999999999,74.18,0,0,24.06,1.0999999999999999,73.86594148661085,74.45123713905825,0.8130787454459628,0.00026958796876874963
2,2024-01-05 10:44:20,72.66,24.06,1.1,67.865,72.33,0,0,22.144999999999996,1.0999999999999999,69.0159690353336,72.41206984670562,0.8204653619670248,0.00048119021825174577
2,2024-01-05 10:45:00,68.74,22.63,1.1,49.395,61.19,0,0,12.098333333333334,1.0999999999999999,55.9868681055015,66.92427635485657,0.950768922677801,0.0001978537393438256
2,2024-01-05 10:45:30,45.36,10.37,1.1,35.961666666666666,40.69,0,0,1.5283333333333333,1.0999999999999999,41.068592243614525,43.98809922834216,0.2532650710043157,0.00028367237070293336
2,2024-01-05 10:46:10,34.57,0.0,1.1,34.56166666666667,35.14,0,0,0.0,1.0999999999999999,34.1112289312244,34.450587161086396,0.0027666443448421314,0.00013172192933326985
2,2024-01-05 10:46:50,34.56,0.0,1.1,33.35666666666666,34.13,0,0,0.0,1.0999999999999999,34.18714768081892,34.47390287954772,0.00280299623267762,0.00013172192933326985
2,2024-01-05 10:47:30,33.19,0.0,1.1,32.525,33.0,0,0,0.0,1.0999999999999999,32.852952136927094,33.09926335564001,0.0022923847438428256,0.00013172192933326985
2,2024-01-05 10:48:00,32.67,0.0,1.1,31.886666666666667,32.47,0,0,0.0,1.0999999999999999,32.31384064432121,32.57874980508144,0.002067620268186486,0.00013172192933326985
2,2024-01-05 10:48:40,31.76,0.0,1.1,31.066666666666666,31.55,0,0,0.0,1.0999999999999999,31.403880304037305,31.674406670882007,0.002067620268186486,0.00013172192933326985
2,2024-01-05 10:49:20,30.98,0.0,1.1,30.255,30.77,0,0,0.0,1.0999999999999999,30.66125998576938,30.83074402392771,0.0012671640217588218,0.00013172192933326985
2,2024-01-05 10:50:00,30.16,0.0,1.1,29.491666666666664,29.95,0,0,0.0,1.0999999999999999,29.91959611723306,30.095334032455753,0.0012671640217588218,0.00010312336407768043
2,2024-01-05 10:50:40,29.39,0.0,1.1,28.793333333333333,29.22,0,0,0.0,1.0999999999999999,29.09267600755221,29.326196847529115,0.00041828887585005395,8.83611791768372e-05
2,2024-01-05 10:51:20,28.68,0.0,1.1,28.07166666666667,28.54,0,0,0.0,1.0999999999999999,28.321090110593786,28.557142439891503,0.0003359125618188841,8.911016105801949e-05
2,2024-01-05 10:52:00,28.05,0.0,1.1,27.349999999999998,27.93,0,0,0.0,1.0999999999999999,27.718997686071354,27.926346783646164,0.0003123216107151552,8.911016105801949e-05
2,2024-01-05 10:52:40,27.36,0.0,1.1,27.018333333333334,27.23,0,0,0.0,1.0999999999999999,27.028997686071353,27.236346783646162,0.0003123216107151552,8.911016105801949e-05
2,2024-01-05 10:53:20,26.99,0.0,1.1,26.595000000000002,26.89,0,0,0.0,1.0999999999999999,26.690378815113895,26.89534715464056,0.0003123216107151552,8.911016105801949e-05
2,2024-01-05 10:54:00,26.5,0.0,1.1,26.209999999999997,26.44,0,0,0.0,1.0999999999999999,26.21555923281947,26.426149787085897,0.0003123216107151552,8.911016105801949e-05
2,2024-01-05 10:54:40,26.16,0.0,1.1,25.811666666666667,26.06,0,0,0.0,1.0999999999999999,25.86745293259958,26.10288651584472,0.0003123216107151552,8.911016105801949e-05
2,2024-01-05 10:55:20,25.76,0.0,1.1,25.473333333333333,25.67,0,0,0.0,1.0999999999999999,25.507308765817477,25.673299197724376,0.00031777124133197524,8.911016105801949e-05
2,2024-01-05 10:55:50,25.55,0.0,1.1,25.23333333333333,25.44,0,0,0.0,1.0999999999999999,25.31820190763021,25.49252632077244,0.00031777124133197524,8.911016105801949e-05
2,2024-01-05 10:56:30,25.18,0.0,1.1,24.94666666666667,25.14,0,0,0.0,1.0999999999999999,24.96629847491792,25.1387116409115,0.00031777124133197524,8.911016105801949e-05
2,2024-01-05 10:57:10,24.93,0.0,1.1,24.688333333333333,24.83,0,0,0.0,1.0999999999999999,24.755751177470238,24.881789462516572,0.00031777124133197524,8.911016105801949e-05
2,2024-01-05 10:57:50,24.64,0.0,1.1,24.40666666666667,24.62,0,0,0.0,1.0999999999999999,24.46575117747024,24.591789462516573,0.00031777124133197524,8.911016105801949e-05
2,2024-01-05 10:58:30,24.41,0.0,1.1,24.115,24.21,0,0,0.0,1.0999999999999999,24.24792119641595,24.373587817834867,0.00031777124133197524,8.911016105801949e-05
2,2024-01-05 10:59:30,24.1,0.0,1.1,23.944999999999997,24.05,0,0,0.0,1.0999999999999999,23.93792119641595,24.0642964926865,0.00025207080931084655,0.00011448191466189783
2,2024-01-05 11:00:10,23.9,0.0,1.1,23.759999999999994,23.9,0,0,0.0,1.0999999999999999,23.75920518997067,23.866149021960986,0.00028724394167112743,0.00011448191466189783
2,2024-01-05 11:00:50,23.74,0.0,1.1,23.578333333333333,23.69,0,0,0.0,1.0999999999999999,23.617838669649263,23.706149021960986,0.00028724394167112743,0.00010929573680058078
2,2024-01-05 11:01:30,23.59,0.0,1.1,23.436666666666667,23.49,0,0,0.0,1.0999999999999999,23.467838669649264,23.55719511356499,0.00028724394167112743,0.00010929573680058078
2,2024-01-05 11:02:10,23.39,0.0,1.1,23.301666666666666,23.38,0,0,0.0,1.0999999999999999,23.27098021987847,23.35849927503545,0.00028724394167112743,9.022655148453317e-05
2,2024-01-05 11:02:50,23.28,0.0,1.1,23.16333333333333,23.28,0,0,0.0,1.0999999999999999,23.177187829401404,23.258780762580013,0.00028724394167112743,9.022655148453317e-05
2,2024-01-05 11:03:30,23.18,0.0,1.1,23.028333333333336,23.07,0,0,0.0,1.0999999999999999,23.09035729968424,23.15878076258001,0.00028724394167112743,9.022655148453317e-05
2,2024-01-05 11:04:20,23.02,0.0,1.1,22.905,22.97,0,0,0.0,1.0999999999999999,22.94846798958857,23.009198998189945,0.00026268758247838855,9.022655148453317e-05
2,2024-01-05 11:04:50,22.88,0.0,1.1,22.816666666666666,22.87,0,0,0.0,1.0999999999999999,22.808467989588568,22.869198998189944,0.00026268758247838855,9.022655148453317e-05
2,2024-01-05 11:05:30,22.77,0.0,1.1,22.706666666666667,22.76,0,0,0.0,1.0999999999999999,22.71126874539499,22.762160493753164,0.00026268758247838855,9.022655148453317e-05
2,2024-01-05 11:06:10,22.67,0.0,1.1,22.611666666666668,22.66,0,0,0.0,1.0999999999999999,22.60058937001,22.672229511157077,0.00026268758247838855,9.022655148453317e-05
2,2024-01-05 11:06:50,22.57,0.0,1.1,22.506666666666664,22.56,0,0,0.0,1.0999999999999999,22.5109079020565,22.572229511157076,0.00026268758247838855,9.022655148453317e-05
2,2024-01-05 11:07:40,22.46,0.0,1.1,22.411666666666665,22.45,0,0,0.0,1.0999999999999999,22.411283177084538,22.465861791206677,0.0002465629085612831,9.022655148453317e-05
2,2024-01-05 11:08:20,22.42,0.0,1.1,22.334999999999997,22.35,0,0,0.0,1.0999999999999999,22.37128317708454,22.425861791206678,0.0002465629085612831,9.022655148453317e-05
2,2024-01-05 11:09:00,22.35,0.0,1.1,22.253333333333334,22.35,0,0,0.0,1.0999999999999999,22.30489725034833,22.356984274762564,0.0002465629085612831,9.022655148453317e-05
2,2024-01-05 11:09:40,22.25,0.0,1.1,22.168333333333337,22.25,0,0,0.0,1.0999999999999999,22.210845984906182,22.25807270983703,0.00023018347660872063,9.022655148453317e-05
2,2024-01-05 11:10:20,22.15,0.0,1.1,22.07833333333333,22.15,0,0,0.0,1.0999999999999999,22.11965991626999,22.15807270983703,0.00023330880205907177,9.022655148453317e-05
2,2024-01-05 11:11:00,22.04,0.0,1.1,22.02333333333333,22.04,0,0,0.0,1.0999999999999999,22.011497620190887,22.048551823317055,0.00022557892662857255,9.022655148453317e-05
2,2024-01-05 11:11:40,22.04,0.0,1.1,21.956666666666667,22.04,0,0,0.0,1.0999999999999999,22.011887360258445,22.049996078859856,0.00019987803013214167,9.022655148453317e-05
2,2024-01-05 11:12:30,21.94,0.0,1.1,21.893333333333334,21.94,0,0,0.0,1.0999999999999999,21.916460883557072,21.95018059340788,0.00019987803013214167,9.022655148453317e-05
2,2024-01-05 11:13:00,21.94,0.0,1.1,21.843333333333334,21.86,0,0,0.0,1.0999999999999999,21.916616776391333,21.95018059340788,0.0001999565148867643,9.022655148453317e-05
2,2024-01-05 11:13:40,21.84,0.0,1.1,21.786666666666665,21.84,0,0,0.0,1.0999999999999999,21.81661677639133,21.850180593407877,0.0001999565148867643,9.022655148453317e-05
2,2024-01-05 11:14:20,21.74,0.0,1.1,21.73,21.73,0,0,0.0,1.0999999999999999,21.71661677639133,21.750238824619064,0.00020659006675390848,9.022655148453317e-05
2,2024-01-05 11:15:00,21.73,0.0,1.1,21.683333333333334,21.73,0,0,0.0,1.0999999999999999,21.706616776391332,21.74031920002804,0.00020659006675390848,9.022655148453317e-05
2,2024-01-05 11:15:40,21.65,0.0,1.1,21.63,21.63,0,0,0.0,1.0999999999999999,21.62661677639133,21.660361762050588,0.00020659006675390848,9.022655148453317e-05
2,2024-01-05 11:16:20,21.63,0.0,1.1,21.581666666666667,21.63,0,0,0.0,1.0999999999999999,21.60661677639133,21.64031920002804,0.00020659006675390848,9.022655148453317e-05
2,2024-01-05 11:17:00,21.54,0.0,1.1,21.53,21.53,0,0,0.0,1.0999999999999999,21.526529447796253,21.550436362371425,0.00020659006675390848,9.022655148453317e-05
2,2024-01-05 11:17:40,21.53,0.0,1.1,21.468333333333334,21.53,0,0,0.0,1.0999999999999999,21.516529447796255,21.54036176205059,0.00020659006675390848,9.022655148453317e-05
2,2024-01-05 11:18:20,21.43,0.0,1.1,21.42,21.42,0,0,0.0,1.0999999999999999,21.416529447796254,21.440436362371425,0.0001907106635141055,9.022655148453317e-05
2,2024-01-05 11:19:00,21.42,0.0,1.1,21.42,21.42,0,0,0.0,1.0999999999999999,21.406529447796256,21.430436362371427,0.0001907106635141055,9.022655148453317e-05
2,2024-01-05 11:19:40,21.42,0.0,1.1,14.361666666666666,21.42,0,0,0.0,1.0999999999999999,21.40651041304253,21.429573761918135,0.0001907106635141055,9.022655148453317e-05
22,2024-01-15 15:15:00,38.55,2.0,2.9,38.83166666666666,39.0,0,0,2.0,2.9,38.779302782454984,39.040244801644704,0.0014064695176784997,0.0002413207498986224
22,2024-01-15 15:15:30,38.79,2.0,2.9,39.03666666666666,39.2,0,0,2.0,2.9,39.03437257585218,39.328023169501435,0.0012566829089808798,0.00023389449157665835
22,2024-01-15 15:16:10,39.1,2.0,2.9,39.19833333333334,39.25,0,0,2.0,2.9,39.20898608198561,39.42751740008251,0.0008256730162788053,0.00014939258671040388
22,2024-01-15 15:16:50,39.21,2.0,2.9,39.265,39.31,0,0,2.0,2.9,39.28629055130407,39.446498802705946,0.001065725667049898,0.00017406208273998904
22,2024-01-15 15:17:30,39.31,2.0,2.9,39.223333333333336,39.27,0,0,2.0,2.9,39.34487460403398,39.502968995622126,0.001065725667049898,0.00036788592076340663
22,2024-01-15 15:18:10,39.21,2.0,2.9,39.21,39.21,0,0,2.0,2.9,39.245517375324084,39.36393913969248,0.0010317612860815467,0.00012468114562683193
22,2024-01-15 15:18:50,39.21,2.0,2.9,39.208333333333336,39.21,0,0,2.0,2.9,39.232154424973366,39.311213172067276,0.0009704358226965537,0.00012468114562683193
22,2024-01-15 15:19:30,39.21,2.0,2.9,39.175000000000004,39.21,0,0,2.0,2.9,39.2281760515047,39.25881153875935,0.0008330781076742117,0.00012468114562683193
22,2024-01-15 15:20:10,39.2,2.0,2.9,39.11333333333334,39.13,0,0,2.0,2.9,39.197823005751935,39.24646816302533,0.00042670405409894643,0.00012468114562683193
22,2024-01-15 15:20:50,39.11,2.0,2.9,39.04,39.11,0,0,2.0,2.9,39.0954777732066,39.1412366242824,0.00042670405409894643,0.00012468114562683193
22,2024-01-15 15:21:30,39.0,2.0,2.9,39.0,39.0,0,0,2.0,2.9,38.98041920994009,39.023828105056566,0.00041191987508423767,0.00012468114562683193
22,2024-01-15 15:22:10,39.0,2.0,2.9,38.940000000000005,39.0,0,0,2.0,2.9,38.97788495086169,39.02152672243357,0.00041191987508423767,0.00012468114562683193
22,2024-01-15 15:22:50,38.9,2.0,2.9,38.97666666666667,39.42,0,0,2.0366666666666666,2.9,38.927592655105805,39.040212054666654,0.001594023024641268,0.00012468114562683193
22,2024-01-15 15:23:20,38.9,2.0,2.9,40.08166666666667,42.02,0,0,2.425,2.9,40.138953796839985,40.02482653510262,0.0023323486138181184,0.00012468114562683193
22,2024-01-15 15:24:00,40.03,2.46,2.9,43.09166666666667,44.29,0,0,3.2416666666666667,2.9,41.820137000776796,43.92601627468527,0.0014947931799131143,0.00018381977407384481
22,2024-01-15 15:24:40,43.86,3.44,2.9,44.53333333333333,44.94,0,0,3.4499999999999997,2.9,44.03401228805978,44.15163677664461,0.0011379170356873314,0.00017356089264583733
22,2024-01-15 15:25:20,44.65,3.45,2.9,45.06166666666667,45.24,0,0,3.4499999999999997,2.9,44.76301579292403,45.00182248713845,0.0018526128100743076,0.0002007251246177152
22,2024-01-15 15:26:00,45.12,3.45,2.9,45.47,45.96,0,0,3.3833333333333333,2.9,45.18228216893355,45.396702608644766,0.002425535974002717,0.0003971310710754376
22,2024-01-15 15:26:40,45.37,3.35,2.9,46.17333333333334,46.83,0,0,3.4183333333333334,2.9,45.579834230664055,45.961861609538055,0.0022864202003412062,0.0002957301904321325
22,2024-01-15 15:27:20,46.02,3.46,2.9,46.90333333333333,47.01,0,0,3.4600000000000004,2.9,46.141313077505544,46.304750964233186,0.0022389672642485568,0.000343392199515614
22,2024-01-15 15:28:20,47.0,3.46,2.9,48.19166666666666,50.95,0,0,3.9116666666666666,2.9,48.00006739997355,48.61199793163632,0.002513510266403474,0.00035634791634507346
22,2024-01-15 15:29:10,47.86,3.94,2.9,52.21,54.37,0,0,5.386666666666666,2.9,52.83453527889688,54.66606785744917,0.0067344423280509364,0.0002032985640942394
22,2024-01-15 15:29:50,54.37,5.88,2.9,51.09,54.32,0,0,6.079999999999999,2.9,54.84538406705476,55.4220971436054,0.0032946237339224835,0.00035634791634507346
22,2024-01-15 15:30:30,50.25,6.08,2.9,48.78,49.53,0,0,6.198333333333333,2.9,50.47294506353785,51.23109569219841,0.003434741328330783,0.0002957301904321325
22,2024-01-15 15:31:10,48.25,6.08,2.9,51.02333333333333,52.99,0,0,7.408333333333332,2.9,53.03757202908088,55.09060068467954,0.012854989675631224,0.0002957301904321325
22,2024-01-15 15:31:40,50.55,7.43,2.9,52.59499999999999,52.99,0,0,8.1,2.9,52.24162755065781,53.93113894711619,0.004249034974883364,0.00018041016827805616
22,2024-01-15 15:32:20,52.64,8.15,2.9,54.45666666666667,57.01,0,0,8.873333333333333,2.9,54.31545573678464,56.02113894711619,0.007271502982291736,0.00018041016827805616
22,2024-01-15 15:33:00,55.55,9.17,2.9,57.044999999999995,57.57,0,0,9.786666666666667,2.9,57.26720406124439,58.75186464328367,0.006632073100675863,0.00018041016827805616
22,2024-01-15 15:33:40,57.57,9.9,2.9,57.745000000000005,59.26,0,0,10.53,2.9,59.2888951742468,60.77186464328367,0.0063522390117891235,0.0002957301904321325
22,2024-01-15 15:34:30,56.91,10.38,2.9,60.32500000000001,61.35,0,0,11.784999999999998,2.9,61.66275832356155,63.47548735683468,0.018125097686946017,0.0002957301904321325
22,2024-01-15 15:35:10,60.97,12.03,2.9,60.95666666666667,62.65,0,0,12.35,2.9,61.52747907274878,62.12110849385189,0.007453020428717509,0.00030398974970109814
22,2024-01-15 15:35:50,59.99,12.03,2.9,63.473333333333336,65.42,0,0,13.764999999999999,2.9,65.43766035481703,68.34845760195188,0.20666429498233568,0.00031364086671012783
22,2024-01-15 15:36:30,65.42,14.16,2.9,65.24666666666667,70.3,0,0,14.705,2.9,66.97282678326516,68.1798849405938,0.03174508741193453,0.0002977851593498139
22,2024-01-15 15:37:10,63.27,14.21,2.9,68.77333333333333,70.95,0,0,16.069999999999997,2.9,68.52569041698871,71.42230606764755,0.49775478687727576,0.0002977851593498139
22,2024-01-15 15:37:50,69.65,16.22,2.9,68.33166666666668,71.54,0,0,16.981666666666666,2.9,71.11722223302452,72.3964964664245,0.17669686491383532,0.00028695072365126414
22,2024-01-15 15:38:30,67.62,17.25,2.9,70.41000000000001,73.68,0,0,18.060000000000002,2.9,69.6429544704065,71.03208370851203,0.10913240061240848,0.00020728053352064843
22,2024-01-15 15:39:10,72.41,18.23,2.9,71.045,75.05,0,0,18.933333333333334,2.9,73.8721996781552,75.18687200339738,0.11452358234786987,0.00016074020882567177
22,2024-01-15 15:39:50,72.2,19.2,2.9,74.12166666666667,75.91,0,0,19.971666666666668,2.9,73.14804469533779,74.88577411735739,0.10549766926019777,0.00016074020882567177
22,2024-01-15 15:40:20,73.15,20.06,2.9,73.13166666666667,75.91,0,0,20.37666666666667,2.9,73.44983171102987,74.17714481683494,0.12161901008528828,0.0001616293882483048
22,2024-01-15 15:41:00,74.95,20.05,2.9,74.24166666666666,79.39,0,0,21.79666666666667,2.9,76.43597125822407,76.62609256500367,0.6410606075945298,0.0001616293882483048
22,2024-01-15 15:41:40,74.81,22.21,2.9,74.91,81.27,0,0,22.48333333333333,2.9,74.89625294583426,75.71708808945522,0.12769956674433192,0.00015723722550522654
22,2024-01-15 15:42:20,76.43,22.22,2.9,68.665,69.97,0,0,23.565,2.9,76.4108049926288,78.29836263845498,0.14614413814737148,0.00015723722550522654
22,2024-01-15 15:43:00,68.67,23.73,2.9,70.20166666666667,70.52,0,0,24.071666666666662,2.9,68.90310597099653,69.63292203924206,0.04336110176640282,0.0001455439557998731
22,2024-01-15 15:43:40,70.45,24.07,2.9,70.25166666666667,70.52,0,0,24.09166666666667,2.9,70.51125144509423,70.94031880773291,0.06777443156734245,0.00016368148484500021
22,2024-01-15 15:44:20,70.14,24.09,2.9,69.78,70.1,0,0,24.088333333333335,2.9,70.29085924216083,70.6589478648177,0.0975596064328727,0.00016368148484500021
22,2024-01-15 15:45:00,69.74,24.09,2.9,69.49666666666667,69.56,0,0,24.081666666666667,2.9,69.99914103883098,70.33124880143585,0.10397642995703743,0.00016368148484500021
22,2024-01-15 15:45:40,69.5,24.08,2.9,69.62666666666667,69.72,0,0,24.08,4.016666666666667,69.93104104278497,70.24387033492098,0.08741802088756705,0.00016368148484500021
22,2024-01-15 15:46:20,69.64,24.08,2.9,69.77,69.94,0,0,24.08,6.150000000000001,70.09148838774233,70.38271526025905,0.0321069992456307,0.00016368148484500021
22,2024-01-15 15:47:00,69.84,24.08,6.1,69.84666666666665,70.03,0,0,24.08,6.1000000000000005,70.43561775188157,70.71759402754155,0.024834453187098118,0.00021995655978114653
22,2024-01-15 15:47:40,69.79,24.08,6.1,70.40499999999999,71.26,0,0,24.08,6.1000000000000005,69.81222373943162,69.93221018329658,0.0074995443541209066,0.0002532140035356031
22,2024-01-15 15:48:10,70.2,24.08,6.1,71.20666666666668,71.8,0,0,24.08,6.316666666666666,70.24114683376936,70.38542687642813,0.0416168486132493,0.00016150558019373813
22,2024-01-15 15:48:50,71.53,24.08,6.1,71.91,72.14,0,0,24.08,6.916666666666667,71.58959811982935,71.65785758555155,0.07694252181372149,0.00017018113646029853
22,2024-01-15 15:49:40,71.95,24.08,7.0,72.125,72.19,0,0,24.08,7.0,72.00999861632803,72.13183000839338,0.09948356644555992,0.00020749355700192202
22,2024-01-15 15:50:20,72.15,24.08,7.0,72.13666666666667,72.26,0,0,24.08,7.0,72.24780262839921,72.35589143460346,0.0695071101921466,0.00017554092704473846
22,2024-01-15 15:51:00,72.26,24.08,7.0,72.005,72.1,0,0,24.08,7.45,72.37250283033349,72.42476649121818,0.12347819861713175,0.00017554092704473846
22,2024-01-15 15:51:40,71.95,24.08,7.7,71.88833333333332,72.01,0,0,24.08,8.0,72.0339653567252,72.08663349944622,0.15923074962501838,0.0001881473977363556
22,2024-01-15 15:52:20,71.74,24.08,8.0,71.86666666666666,71.9,0,0,24.08,8.0,71.80874092433655,71.89323880766756,0.1336939870465563,0.0002191894025055101
22,2024-01-15 15:53:00,71.88,24.08,8.0,71.80666666666666,71.87,0,0,24.08,8.116666666666667,71.96423984834175,71.98143540664287,0.06298420095078028,0.00016033226416477375
22,2024-01-15 15:53:40,71.77,24.08,8.0,71.725,71.83,0,0,24.08,9.433333333333334,71.75680002437622,71.78745406059382,0.05321368042936133,0.00017373643497766418
22,2024-01-15 15:54:30,71.58,24.08,10.0,71.73833333333333,71.83,0,0,24.08,10.0,71.63316003548076,71.68455910799662,0.0554786085363071,0.00016179221204893027
22,2024-01-15 15:55:10,71.68,24.08,10.0,71.87666666666668,72.0,0,0,24.08,5.622222222222223,71.70340642609925,71.79759307385693,0.47389128309304634,0.00018721147460085233
22,2024-01-15 15:55:50,71.92,24.08,1.3,72.01666666666667,72.11,0,0,24.08,1.1055555555555556,71.82805757158151,71.9629112342847,0.13921210117942384,0.00019140099567538038
22,2024-01-15 15:56:30,72.07,24.08,1.077777777777778,71.94666666666667,72.07,0,0,24.08,1.9092592592592592,71.82986852960128,72.13008623398528,0.7610612376181771,0.00018467616944692336
22,2024-01-15 15:57:00,72.07,24.08,0.9111111111111112,71.61333333333334,72.04,0,0,24.08,6.559259259259259,71.4835898133385,71.96535601484051,0.5161710623282106,0.0001688445360884631
22,2024-01-15 15:57:40,71.58,24.08,10.3,70.49666666666667,71.4,0,0,24.08,10.15,71.25719028892709,71.5880957987577,0.11814072376154426,0.0001676838781158108
22,2024-01-15 15:58:20,70.3,24.08,10.1,69.84333333333335,70.36,0,0,24.08,10.200000000000001,70.35099933383202,70.46688047282393,0.04942178355540903,0.00018619768966931895
22,2024-01-15 15:59:00,69.67,24.08,10.1,71.03,71.86,0,0,24.08,10.783333333333331,70.0801908108394,70.18064082142655,0.0776401518525975,0.00023996565602710427
22,2024-01-15 15:59:50,71.44,24.08,11.0,71.99333333333334,72.15,0,0,24.08,11.0,71.84178583943304,72.0114727957201,0.09242105967743662,0.0002534914010500985
22,2024-01-15 16:00:30,72.1,24.08,11.0,72.24333333333334,72.38,0,0,24.08,11.0,72.29036558460217,72.44444162865855,0.09595239509568045,0.0002534914010500985
22,2024-01-15 16:01:10,72.27,24.08,11.0,72.41000000000001,72.48,0,0,24.08,11.0,72.33552972827354,72.52416304762038,0.15515449611278628,0.0002372141202782645
22,2024-01-15 16:01:50,72.42,24.08,11.0,72.45833333333334,72.5,0,0,24.08,11.0,72.52136353185085,72.5355817789514,0.11984892656003898,0.00023560128399516665
22,2024-01-15 16:02:30,72.47,24.08,11.0,72.415,72.47,0,0,24.08,11.216666666666667,72.51078666573358,72.56466979863609,0.3474057296592035,0.00023560128399516665
22,2024-01-15 16:03:10,72.45,24.08,11.0,72.375,72.42,0,0,24.076666666666664,11.883333333333333,72.50187900066288,72.50890095780203,0.29173760223351886,0.00024734191688156556
22,2024-01-15 16:03:50,72.42,24.08,12.0,72.35166666666667,72.38,0,0,24.073333333333334,12.0,72.41691613044556,72.49794036644957,0.3848831006252431,0.00023560128399516665
22,2024-01-15 16:04:40,72.33,24.07,12.0,72.34333333333333,72.38,0,0,24.08,12.0,72.30048528948949,72.41274887596124,0.6502514777276772,0.0001807244313993409
22,2024-01-15 16:05:10,72.36,24.08,12.0,72.34166666666667,72.38,0,0,24.08,7.384126984126984,72.34158438692346,72.4045343023503,0.9451893469573406,0.00019001943438869923
22,2024-01-15 16:05:50,72.36,24.08,8.0,72.24333333333334,72.35,1,0,24.078333333333333,0.3619047619047619,72.33092874990164,72.44837094162331,0.9773971251776647,0.0002011236704785537
22,2024-01-15 16:06:30,72.27,24.08,0.41428571428571426,72.12,72.22,1,0,24.071666666666662,0.7809523809523808,71.9471103504597,72.23346200569888,0.9864954975242631,0.0002706480254490912
22,2024-01-15 16:07:10,72.22,24.07,0.8333333333333333,70.62833333333333,72.14,1,0,24.07166666666667,1.2,71.46838334350434,72.10865930686796,0.9876008188691303,0.0002897151264351012
22,2024-01-15 16:07:50,71.77,24.07,1.2523809523809524,67.46333333333332,71.44,1,0,24.07833333333333,1.6190476190476188,70.76347638664323,71.65689831593201,0.970624167727518,0.0002893524160258473
22,2024-01-15 16:09:20,67.12,24.08,1.6714285714285713,68.18,68.41,1,0,24.08,2.038095238095238,67.72837071104108,68.00244271512778,0.9936700360696714,0.0005387318894278525
22,2024-01-15 16:10:00,68.24,24.08,2.09047619047619,69.37833333333333,71.94,1,0,24.08,6.065873015873016,68.82738334929314,69.49897992026226,0.9937790854108723,0.000289386790799345
22,2024-01-15 16:10:40,68.62,24.08,8.5,72.365,73.13,1,0,24.08,8.116666666666667,69.6294078697149,70.55816498051314,0.9854045756784002,0.00024977899518170384
22,2024-01-15 16:11:11,72.75,24.08,8.1,73.36333333333333,73.62,1,0,24.073333333333327,8.1,73.77203347796987,74.33464465620656,0.9776424078263605,0.0002410035669221101
22,2024-01-15 16:11:50,73.57,24.07,8.1,73.90500000000002,74.67,0,0,24.069999999999997,8.266666666666667,73.71088705361909,73.80119515020064,0.9728958276925948,0.0002509145956496318
22,2024-01-15 16:12:30,73.84,24.07,8.1,74.71166666666666,74.9,0,0,24.069999999999997,8.866666666666667,74.01164261804232,74.03715715143815,0.9448128070647512,0.0002491174337208658
22,2024-01-15 16:13:10,74.9,24.07,9.0,74.70499999999998,74.88,0,0,24.069999999999997,9.0,75.01689999352563,75.12040792788325,0.8908262341940411,0.00038327416801057774
22,2024-01-15 16:13:50,74.65,24.07,9.0,74.58999999999999,74.65,0,0,24.069999999999997,9.15,74.76906231102139,74.88125490299777,0.8262912458940074,0.0003599275763179396
22,2024-01-15 16:14:20,74.62,24.07,9.0,74.535,74.58,0,0,24.069999999999997,9.6,74.72782306248425,74.8189942178425,0.6468112008325462,0.0002951368146949827
22,2024-01-15 16:15:00,74.53,24.07,9.9,74.55166666666666,74.57,0,0,24.069999999999997,9.9,74.58153026906832,74.66981592294407,0.2052676204528138,0.0003077430332102209
22,2024-01-15 16:15:40,74.57,24.07,9.9,74.655,74.77,0,0,24.069999999999997,9.9,74.61856633560238,74.6884376981493,0.13806658746359707,0.0002369960038497399
22,2024-01-15 16:16:20,74.67,24.07,9.9,74.955,75.21,0,0,24.069999999999997,10.65,74.71220429553462,74.76586746013724,0.05762177806963993,0.00018557138529523866
22,2024-01-15 16:17:00,74.96,24.07,10.5,75.22333333333333,75.29,0,0,24.069999999999997,11.950000000000001,74.94865981904674,75.02587160430426,0.12287983034327457,0.00018442890514776334
22,2024-01-15 16:17:40,75.25,24.07,12.0,75.29,75.33,0,0,24.069999999999997,12.0,75.2884428534238,75.31913062584603,0.18818810256476073,0.0001572708150633216
22,2024-01-15 16:18:11,75.29,24.07,12.0,75.15833333333333,75.33,0,0,24.069999999999997,12.0,75.3290284392089,75.38532859548641,0.07166720040462694,0.00017462368616261354
22,2024-01-15 16:18:50,75.05,24.07,12.0,75.05333333333333,75.13,0,0,24.069999999999997,8.096666666666668,75.07891817439625,75.15613140366102,0.7587748832323692,0.00018207113469647808
22,2024-01-15 16:19:30,75.08,24.07,12.0,75.00666666666667,75.15,0,0,24.069999999999997,0.6499999999999999,75.0990931565491,75.1827653582459,0.7383744263290131,0.00021424565695173727
22,2024-01-15 16:20:10,75.08,24.07,0.74,74.63333333333333,74.91,0,0,24.069999999999997,1.3699999999999999,74.61061871170139,75.0066904139644,0.9819953070425839,0.00019707901861033982
22,2024-01-15 16:20:50,74.6,24.07,1.46,74.06333333333333,74.51,0,0,24.069999999999997,5.743333333333332,73.7439249631236,74.4257327964226,0.9561000144514276,0.00022695523815729804
22,2024-01-15 16:21:30,74.08,24.07,8.1,72.81666666666666,73.82,0,0,24.069999999999997,10.216666666666667,73.22681501686857,73.99802056354335,0.561264205372469,0.00023009193921619335
22,2024-01-15 16:22:00,72.86,24.07,10.1,72.21666666666665,72.57,0,0,24.069999999999997,10.1,72.93095688872855,73.09397372951476,0.41238320397672606,0.0002345992655780086
22,2024-01-15 16:22:40,72.02,24.07,10.1,72.61,73.42,0,0,24.069999999999997,10.266666666666667,72.65240350982171,72.78149247443159,0.3812906979910152,0.00023641625492315285
22,2024-01-15 16:23:20,72.52,24.07,10.1,73.85666666666667,74.45,0,0,24.069999999999997,11.533333333333333,73.36490068395541,73.40723742712868,0.19855660434469796,0.000264629216411602
22,2024-01-15 16:24:00,74.13,24.07,12.0,74.44166666666668,74.49,0,0,24.069999999999997,12.0,74.72231431865826,74.76336592548986,0.15003083184442062,0.00027784681213162513
22,2024-01-15 16:24:50,74.43,24.07,12.0,74.49333333333333,74.62,0,0,24.069999999999997,12.0,74.72433220169532,74.73307936355599,0.17429906942222742,0.00026000601969841447
22,2024-01-15 16:25:30,74.44,24.07,12.0,74.69333333333333,74.81,0,0,24.069999999999997,12.466666666666667,74.42386545863535,74.47847327360732,0.2017774805688635,0.00026000601969841447
22,2024-01-15 16:26:10,74.75,24.07,12.7,74.79166666666667,74.83,0,0,24.069999999999997,13.0,74.78275772054019,74.83031128833127,0.07270631512526543,0.0002582382596387963
22,2024-01-15 16:26:50,74.83,24.07,13.0,74.77499999999999,74.82,0,0,24.069999999999997,13.0,74.8444027509183,74.92587537590349,0.3277317950841127,0.00023427851126144776
22,2024-01-15 16:27:30,74.78,24.07,13.0,74.74833333333333,74.77,0,0,24.069999999999997,12.049999999999999,74.78030318401011,74.87550602856176,0.46367882686338024,0.00024280912608798177
22,2024-01-15 16:28:00,74.74,24.07,10.9,74.71000000000001,74.75,0,0,24.069999999999997,11.733333333333334,74.74174162880108,74.81643095341067,0.6416278396629862,0.00019407193907357523
22,2024-01-15 16:28:40,74.73,24.07,12.0,74.60333333333334,74.67,0,0,24.069999999999997,12.033333333333333,74.71833151332856,74.80018476475651,0.9300912480705249,0.0001572708150633216
22,2024-01-15 16:29:30,74.66,24.07,12.0,74.23666666666666,74.57,1,0,24.069999999999997,12.666666666666666,74.609525929507,74.68249755577398,0.8701208226130093,0.0001572708150633216
22,2024-01-15 16:30:00,74.37,24.07,12.8,73.87666666666667,74.19,1,0,24.069999999999997,13.0,74.3546035214876,74.41002392033867,0.8961229048644924,0.0001572708150633216
22,2024-01-15 16:30:40,73.79,24.07,13.0,73.68166666666667,73.74,1,0,24.069999999999997,10.866666666666667,73.78594809430622,73.86676101940208,0.9646502117745499,0.000162997861225903
22,2024-01-15 16:31:20,73.65,24.07,13.0,73.61833333333333,73.69,1,0,24.069999999999997,2.3777777777777778,73.58427770073499,73.71859432004595,0.9900132161144098,0.00039110953683966853
22,2024-01-15 16:32:00,73.69,24.07,0.25333333333333335,73.52333333333333,73.57,1,0,24.069999999999997,0.3466666666666667,73.56654285072598,73.67320825016468,0.9855251902945839,0.0001910994405453663
22,2024-01-15 16:32:40,73.56,24.07,0.36,69.06833333333334,73.51,1,0,21.838333333333335,0.4533333333333333,64.31585157691327,73.21530046928818,0.9901656704836301,0.0002434161928107323
22,2024-01-15 16:33:20,66.11,20.07,0.4666666666666667,65.88166666666667,69.13,1,0,20.493333333333336,1.3555555555555554,67.28083269856472,67.87236606690001,0.9938060812601497,0.0008619894833014419
22,2024-01-15 16:34:00,64.41,19.95,0.5733333333333333,70.60499999999999,73.19,1,0,23.088333333333335,6.3,69.30398389859073,72.02385075561085,0.9968623936160608,0.0004174038964817327
22,2024-01-15 16:36:50,71.95,23.87,8.0,73.86833333333333,74.96,1,0,24.069999999999997,8.0,73.14711742731794,74.46689248568913,0.9948712327067973,0.001003953226231835
22,2024-01-15 16:37:30,74.13,24.07,8.0,75.45166666666667,76.27,1,0,24.071666666666662,8.049999999999999,75.33918720666456,76.1047431983781,0.9931698877551061,0.0003709681727427131
22,2024-01-15 16:38:10,75.63,24.07,8.0,76.95833333333333,77.88,1,0,24.069999999999997,9.299999999999999,75.99989974376314,76.59080248416126,0.9674322984223085,0.0004115473890719223
22,2024-01-15 16:39:00,77.39,24.07,10.0,77.88166666666667,77.97,1,0,24.069999999999997,10.0,77.55721370997331,77.5992645379188,0.8134517131196661,0.00038834439417451046
22,2024-01-15 16:39:40,77.94,24.07,10.0,78.04,78.18,0,0,24.069999999999997,10.0,77.9838064211266,78.08724932879494,0.7747719361882337,0.0004598703186793233
22,2024-01-15 16:40:20,78.08,24.07,10.0,78.31,78.49,0,0,24.069999999999997,10.0,78.07850034210104,78.23289013959594,0.5375172961658505,0.00041980940074319274
22,2024-01-15 16:40:50,78.23,24.07,10.0,78.52333333333334,78.68,0,0,24.069999999999997,10.333333333333334,78.24095271180757,78.36133119541256,0.07877316897396518,0.0003953395840607717
22,2024-01-15 16:41:30,78.5,24.07,10.2,78.58166666666666,78.68,0,0,24.069999999999997,10.966666666666667,78.54029162094989,78.58618276792343,0.0174305120291565,0.0003580560384347077
22,2024-01-15 16:42:10,78.57,24.07,11.0,78.36833333333334,78.52,0,0,24.069999999999997,11.0,78.61074023478871,78.68417596445225,0.06653893340099315,0.0003084396126945547
22,2024-01-15 16:42:50,78.26,24.07,11.0,77.96333333333332,78.34,0,0,24.069999999999997,11.049999999999999,78.30873876496912,78.36995219899912,0.08405230832161059,0.00023480884211131542
22,2024-01-15 16:43:30,77.69,24.07,11.0,77.46166666666666,77.64,0,0,24.069999999999997,11.683333333333332,77.71742280917239,77.77262801894327,0.1958197232626288,0.00018354488554926253
22,2024-01-15 16:44:10,77.36,24.07,12.0,77.41,77.48,0,0,24.069999999999997,12.0,77.35339553934034,77.41223752193174,0.42919575971501883,0.00017567405320832258
22,2024-01-15 16:44:50,77.4,24.07,12.0,77.46166666666667,77.5,0,0,24.069999999999997,12.0,77.3695710768125,77.4627897052487,0.6462864865372677,0.00018557138529523866
22,2024-01-15 16:45:30,77.42,24.07,12.0,77.595,77.7,0,0,24.069999999999997,12.0,77.3875988534569,77.47717194336502,0.759919011124579,0.00018557138529523866
22,2024-01-15 16:46:10,77.65,24.07,12.0,77.7,77.74,0,0,24.069999999999997,8.143939393939393,77.62919970063697,77.72505305560934,0.9855742079946074,0.00019232880377947299
22,2024-01-15 16:46:50,77.69,24.07,12.0,77.55166666666666,77.7,1,0,24.071666666666662,0.9590909090909091,77.65466625727585,77.76149505655769,0.9876150664888058,0.00039110953683966853
22,2024-01-15 16:47:30,77.51,24.07,1.090909090909091,77.11166666666666,77.42,1,0,24.069999999999997,2.0136363636363637,77.07822419390583,77.42270253563399,0.9922922532966101,0.00019707901861033982
22,2024-01-15 16:48:10,77.3,24.07,2.1454545454545455,76.33166666666666,76.75,1,0,24.069999999999997,3.936363636363637,76.41123293313976,77.16872596313453,0.9833377880682049,0.00022695523815729804
22,2024-01-15 16:48:50,76.62,24.07,2.9363636363636365,74.77833333333332,76.42,1,0,24.073333333333334,5.650000000000001,75.4419035874106,76.42810871244609,0.9888109709290863,0.00021907689787971073
22,2024-01-15 16:49:30,75.0,24.07,6.1,71.56,75.08,1,0,24.08,6.1000000000000005,74.76668776756016,75.10006364295675,0.9858495135361349,0.00022940052753198377
22,2024-01-15 16:51:10,69.24,24.08,6.1,75.0,76.26,1,0,24.08,6.1000000000000005,70.28634708801081,71.1625954007576,0.9827940749695048,0.00024933975935239174
22,2024-01-15 16:51:50,75.98,24.08,6.1,76.35666666666667,76.74,1,0,24.078333333333333,6.716666666666666,77.00284175441266,77.92351855529857,0.9806462026559991,0.0001942549018151955
22,2024-01-15 16:52:30,76.56,24.08,6.4,77.73166666666667,78.74,1,0,24.071666666666662,7.933333333333334,77.50640366149037,78.10988039531637,0.9529202223060408,0.0002039355558007571
22,2024-01-15 16:53:10,78.38,24.07,8.0,78.88666666666667,79.06,1,0,24.069999999999997,8.0,78.99181469134508,79.29589375729321,0.9374057719675206,0.00026300312061120396
22,2024-01-15 16:53:50,79.06,24.07,8.0,78.89666666666666,79.05,1,0,24.069999999999997,8.25,79.18635059252435,79.25280868678792,0.6456640811672121,0.0002980251932116066
22,2024-01-15 16:54:30,78.87,24.07,8.0,78.81666666666668,78.86,1,0,24.069999999999997,9.583333333333334,78.96034682674512,78.99363484561043,0.21217477338627733,0.00038269071947018973
22,2024-01-15 16:55:20,78.81,24.07,10.0,78.895,78.96,0,0,24.069999999999997,10.0,78.90453909158093,78.96319940030132,0.10786210566883181,0.00035400756847457036
22,2024-01-15 16:56:00,78.92,24.07,10.0,78.93166666666667,78.96,0,0,24.069999999999997,10.0,78.97116253591815,79.06142107072,0.15214067724857527,0.00033127804624144373
22,2024-01-15 16:56:40,78.95,24.07,10.0,79.06166666666667,79.33,0,0,24.069999999999997,10.049999999999999,79.03011954049,79.089305587098,0.049639406428771925,0.000258822813576066
22,2024-01-15 16:57:20,79.06,24.07,10.0,79.37166666666667,79.47,0,0,24.069999999999997,11.316666666666668,79.07480991823515,79.15454937236481,0.028529465337971342,0.0002465099952670788
22,2024-01-15 16:58:00,79.42,24.07,12.0,79.56833333333334,79.72,0,0,24.069999999999997,12.0,79.46432396964713,79.51607435004362,0.006336519980486365,0.00017462368616261354
22,2024-01-15 16:58:30,79.55,24.07,12.0,79.66333333333334,79.73,0,0,24.069999999999997,12.0,79.59299808083986,79.638167184443,0.019544947126269703,0.00017462368616261354
22,2024-01-15 16:59:10,79.73,24.07,12.0,79.66,79.76,0,0,24.069999999999997,9.134615384615385,79.78384912175831,79.84110286845456,0.3809921125167058,0.0001809825259914312
22,2024-01-15 17:00:00,79.63,24.07,12.0,79.58166666666666,79.76,0,0,24.069999999999997,3.0192307692307687,79.67190545377434,79.74158383980803,0.6956874830240182,0.00019216879708335214
22,2024-01-15 17:00:50,79.56,24.07,2.923076923076923,79.15666666666665,79.39,0,0,24.069999999999997,2.25,79.32066457245341,79.54238983789188,0.9686266034025164,0.0003364604038706957
22,2024-01-15 17:01:30,79.13,24.07,2.1538461538461537,78.355,78.95,0,0,24.069999999999997,1.4807692307692306,78.6129622031163,79.03815828316839,0.937536460030014,0.00022560339616907395
22,2024-01-15 17:02:10,78.33,24.07,1.3846153846153846,76.45,77.96,0,0,24.069999999999997,6.698717948717949,77.4326047561334,78.08743697043559,0.9424298633233426,0.0002519718348730301
22,2024-01-15 17:02:50,75.92,24.07,10.4,75.46833333333333,75.56,0,0,24.069999999999997,10.133333333333335,75.97821747193792,76.39186764049619,0.32532158046966364,0.00032865508730361287
22,2024-01-15 17:03:30,75.56,24.07,10.1,75.605,75.66,0,0,24.069999999999997,10.1,76.47887945914776,77.03890499617873,0.31583259307740613,0.0002526388011936442
22,2024-01-15 17:04:10,75.64,24.07,10.1,76.10333333333334,76.95,0,0,24.069999999999997,10.1,76.67795963735402,77.37254127549299,0.4266624772736718,0.0002526388011936442
22,2024-01-15 17:04:50,76.07,24.07,10.1,76.92166666666667,77.07,0,0,24.071666666666662,10.233333333333333,77.09388513969526,77.71318674930811,0.15936221966477906,0.0002965405507077216
22,2024-01-15 17:05:30,77.04,24.07,10.1,76.94666666666667,76.99,0,0,24.069999999999997,11.5,77.83986948912535,78.39748813512854,0.06911797739303323,0.00029235229531830156
22,2024-01-15 17:06:10,76.96,24.07,12.0,76.75333333333333,76.92,0,0,24.069999999999997,12.0,77.26733892453555,77.42509219373918,0.10510978388204595,0.00026059457413409677
22,2024-01-15 17:06:40,76.79,24.07,12.0,76.63,76.69,0,0,24.069999999999997,12.0,76.88169498252003,76.99052372701156,0.06100593210834768,0.00026059457413409677
22,2024-01-15 17:07:20,76.6,24.07,12.0,76.75666666666666,76.91,0,0,24.069999999999997,12.0,76.6510727459136,76.70847236614134,0.055443215605741884,0.00020376608603179573
22,2024-01-15 17:08:00,76.82,24.07,12.0,77.00833333333333,77.21,0,0,24.069999999999997,11.5,76.85284713815271,76.9344481795643,0.22999036772191822,0.00019159091406191248
22,2024-01-15 17:08:40,77.02,24.07,10.5,77.25833333333333,77.39,0,0,24.069999999999997,11.883333333333333,77.03909092594618,77.11371998603246,0.20059526090364965,0.00019269191089271473
22,2024-01-15 17:09:20,77.24,24.07,12.0,77.29,77.4,0,0,24.069999999999997,12.0,77.24331453913716,77.32752060827963,0.6813400672512884,0.00018557138529523866
22,2024-01-15 17:10:00,77.31,24.07,12.0,77.08,77.21,0,0,24.073333333333334,12.016666666666666,77.31198865032991,77.37420399163135,0.8872213516721141,0.0001572708150633216
22,2024-01-15 17:10:50,77.04,24.07,12.0,77.09500000000001,77.16,0,0,24.073333333333327,12.633333333333333,77.03578088391343,77.11586961252067,0.8433413147771688,0.0001572708150633216
22,2024-01-15 17:11:30,77.11,24.07,13.0,77.205,77.32,0,0,24.069999999999997,13.0,77.10619247543531,77.19167847032709,0.884527452497479,0.0001572708150633216
22,2024-01-15 17:12:10,77.17,24.07,13.0,77.25833333333333,77.33,0,0,24.069999999999997,13.0,77.16619247543531,77.24823172896662,0.9075932332279758,0.0001572708150633216
22,2024-01-15 17:12:50,77.28,24.07,13.0,77.175,77.28,0,0,24.069999999999997,9.533333333333333,77.28913011481217,77.33310813468823,0.9649220871027373,0.000162997861225903
22,2024-01-15 17:13:30,77.14,24.07,13.0,77.21666666666665,77.33,0,0,24.069999999999997,2.6,77.14637048379149,77.19407623570197,0.982418198553739,0.00032716868840530034
22,2024-01-15 17:14:10,77.31,24.07,2.6,77.135,77.21,0,0,24.07166666666667,2.6,77.08642575198033,77.31070180355763,0.9875857382445986,0.001300481474747783
22,2024-01-15 17:14:40,77.19,24.07,2.6,76.86666666666666,77.21,0,0,24.071666666666662,2.6,76.887967092526,77.12582679645062,0.9884175411073033,0.0016319133458769627
22,2024-01-15 17:15:30,76.86,24.07,2.6,75.40666666666667,76.63,0,0,24.073333333333334,2.6,76.11832568038142,76.73915541138098,0.9858087550048749,0.0016319133458769627
22,2024-01-15 17:16:10,75.13,24.07,2.6,63.305,74.44,0,0,17.698333333333334,2.6,61.51115291217899,74.80910433532742,0.9911305693194159,0.0020017954903836957
22,2024-01-15 17:16:50,64.13,19.4,2.6,44.01166666666666,50.78,0,0,2.893333333333333,2.6,52.088298660556205,62.45510263471092,0.9630389762353398,0.8706225027564556
22,2024-01-15 17:17:40,43.01,0.0,2.6,40.60166666666667,41.96,0,0,0.0,2.6,42.49016442230082,42.87594024031982,0.37509073465392206,0.8138811132991588
22,2024-01-15 17:18:20,40.33,0.0,2.6,39.001666666666665,39.9,0,0,0.0,2.6,39.81596774525375,40.21837440085073,0.39325799331583694,0.855148059218563
22,2024-01-15 17:19:00,38.81,0.0,2.6,37.745,38.45,0,0,0.0,2.6,38.570018133319564,38.72471496199534,0.021890516316442846,0.0007478673776518964
22,2024-01-15 17:19:40,37.59,0.0,2.6,36.755,37.32,0,0,0.0,2.6,37.346026996414835,37.515642820649525,0.017865069125890372,0.000773877757477498
22,2024-01-15 17:20:20,36.65,0.0,2.6,35.861666666666665,36.44,0,0,0.0,2.6,36.36663043956133,36.57937814909819,0.006556082804698424,0.000773877757477498
22,2024-01-15 17:21:00,35.81,0.0,2.6,35.05833333333333,35.45,0,0,0.0,2.6,35.5293030204075,35.74235341467471,0.005864991494500199,0.000773877757477498
22,2024-01-15 17:21:50,34.97,0.0,2.6,34.47666666666667,34.85,0,0,0.0,2.6,34.71339023391262,34.90843828038533,0.0031964089333986127,0.0006059431986188433
22,2024-01-15 17:22:30,34.4,0.0,2.6,33.98499999999999,34.28,0,0,0.0,2.6,34.09938763670061,34.3562468853335,0.002759483609275715,0.0005192393652848676
22,2024-01-15 17:23:10,33.92,0.0,2.6,33.553333333333335,33.81,0,0,0.0,2.6,33.53119255736912,33.8242760976109,0.0026873335890983123,0.0005305159457339475
22,2024-01-15 17:23:40,33.6,0.0,2.6,33.255,33.5,0,0,0.0,2.6,33.239652335689065,33.506794377661215,0.0025252632814825996,0.0005305159457339475
22,2024-01-15 17:24:20,33.22,0.0,2.6,32.906666666666666,33.09,0,0,0.0,2.6,32.91192276992794,33.160647244855106,0.0025252632814825996,0.0005305159457339475
22,2024-01-15 17:25:00,32.87,0.0,2.6,32.61333333333334,32.78,0,0,0.0,2.6,32.566114597966205,32.80190144462249,0.0025252632814825996,0.0005305159457339475
22,2024-01-15 17:25:40,32.56,0.0,2.6,32.32333333333333,32.51,0,0,0.0,2.6,32.28671180874673,32.50153608722457,0.0025485485957650014,0.0005305159457339475
22,2024-01-15 17:26:20,32.25,0.0,2.6,32.06666666666667,32.24,0,0,0.0,2.6,31.994808376034435,32.19951134008653,0.0025485485957650014,0.0005305159457339475
22,2024-01-15 17:27:00,32.03,0.0,2.6,31.841666666666665,31.97,0,0,0.0,2.6,31.813396462842537,32.00106322337105,0.0025485485957650014,0.0005366738774528984
22,2024-01-15 17:27:40,31.83,0.0,2.6,31.618333333333336,31.75,0,0,0.0,2.6,31.625566481788244,31.814037373557777,0.0025485485957650014,0.0005366738774528984
22,2024-01-15 17:28:20,31.59,0.0,2.6,31.41,31.52,0,0,0.0,2.6,31.407756593527786,31.57405337908073,0.0017727779278571398,0.0004772609102708943
22,2024-01-15 17:29:00,31.41,0.0,2.6,31.226666666666663,31.32,0,0,0.0,2.6,31.246390073206378,31.39405337908073,0.0017727779278571398,0.00045564786681688877
22,2024-01-15 17:29:40,31.2,0.0,2.6,31.066666666666666,31.2,0,0,0.0,2.6,31.045942732747726,31.18497379612401,0.0017727779278571398,0.00045564786681688877
22,2024-01-15 17:30:20,31.02,0.0,2.6,30.891666666666666,30.99,0,0,0.0,2.6,30.86908428297693,31.00497379612401,0.0017842739381170763,0.00037617222479369015
22,2024-01-15 17:31:00,30.89,0.0,2.6,30.730000000000004,30.8,0,0,0.0,2.6,30.751179300839055,30.885879549512513,0.0017842739381170763,0.00037617222479369015
22,2024-01-15 17:31:30,30.76,0.0,2.6,30.63166666666666,30.68,0,0,0.0,2.6,30.625291892499867,30.76201770809448,0.0017842739381170763,0.00037617222479369015
22,2024-01-15 17:32:10,30.59,0.0,2.6,30.50833333333333,30.58,0,0,0.0,2.6,30.455222761377875,30.592017708094478,0.0017842739381170763,0.00037617222479369015
22,2024-01-15 17:32:50,30.47,0.0,2.6,30.388333333333335,30.47,0,0,0.0,2.6,30.35136738638033,30.479678028044386,0.0017842739381170763,0.00037617222479369015
22,2024-01-15 17:33:30,30.37,0.0,2.6,30.25833333333333,30.37,0,0,0.0,2.6,30.263071574429517,30.401779521830885,0.0016319460551611693,0.00037617222479369015
22,2024-01-15 17:34:10,30.27,0.0,2.6,30.136666666666667,30.2,0,0,0.0,2.6,30.171122964789852,30.304114078713692,0.0016319460551611693,0.00037617222479369015
22,2024-01-15 17:34:50,30.16,0.0,2.6,30.009999999999994,30.08,0,0,0.0,2.6,30.072136635163535,30.196030395002367,0.0016319460551611693,0.00037617222479369015
22,2024-01-15 17:35:30,29.96,0.0,2.6,29.891666666666666,29.95,0,0,0.0,2.6,29.872136635163535,29.996030395002368,0.0016319460551611693,0.00037617222479369015
22,2024-01-15 17:36:10,29.86,0.0,2.6,29.813333333333333,29.85,0,0,0.0,2.6,29.782455167210035,29.896392881289508,0.0016319460551611693,0.00037617222479369015
22,2024-01-15 17:36:50,29.79,0.0,2.6,29.74833333333333,29.79,0,0,0.0,2.6,29.722830442238074,29.83002516133911,0.001531900342065803,0.00037617222479369015
22,2024-01-15 17:37:30,29.75,0.0,2.6,29.649999999999995,29.75,0,0,0.0,2.6,29.682830442238075,29.79002516133911,0.001531900342065803,0.00037617222479369015
22,2024-01-15 17:38:10,29.64,0.0,2.6,29.538333333333327,29.62,0,0,0.0,2.6,29.57296669312382,29.68002516133911,0.001531900342065803,0.00037617222479369015
22,2024-01-15 17:38:50,29.54,0.0,2.6,29.451666666666668,29.54,0,0,0.0,2.6,29.474281994690035,29.580753200743285,0.0014302567542414252,0.00037617222479369015
22,2024-01-15 17:39:30,29.43,0.0,2.6,29.360000000000003,29.43,0,0,0.0,2.6,29.3660313942645,29.471597180243215,0.0014302567542414252,0.00037617222479369015
22,2024-01-15 17:40:00,29.34,0.0,2.6,29.27666666666666,29.33,0,0,0.0,2.6,29.277926775440026,29.382066821400127,0.001219446976727666,0.00037617222479369015
22,2024-01-15 17:40:40,29.24,0.0,2.6,29.176666666666666,29.23,0,0,0.0,2.6,29.177926775440024,29.282066821400125,0.001219446976727666,0.00037617222479369015
22,2024-01-15 17:41:20,29.13,0.0,2.6,29.090000000000003,29.12,0,0,0.0,2.6,29.064281994690035,29.171357972479395,0.0014302567542414252,0.00037617222479369015
22,2024-01-15 17:42:00,29.12,0.0,2.6,29.023333333333337,29.04,0,0,0.0,2.6,29.054281994690037,29.161357972479397,0.0014302567542414252,0.00037617222479369015
22,2024-01-15 17:42:40,29.02,0.0,2.6,28.966666666666665,29.02,0,0,0.0,2.6,28.9560313942645,29.062201951979326,0.0014302567542414252,0.00037617222479369015
22,2024-01-15 17:43:20,28.93,0.0,2.6,28.891666666666666,28.91,0,0,0.0,2.6,28.868316515507583,28.974115848679038,0.001149107126284574,0.00037617222479369015
22,2024-01-15 17:44:00,28.91,0.0,2.6,28.826666666666668,28.89,0,0,0.0,2.6,28.86457510327459,28.954115848679038,0.0008975700493837935,0.00037617222479369015
22,2024-01-15 17:44:40,28.81,0.0,2.6,27.605,28.81,0,0,0.0,2.6,28.76473099610885,28.854115848679037,0.0008979222461040245,0.00037617222479369015
22,2024-01-15 17:45:20,28.8,0.0,2.6,8.603333333333333,28.8,0,0,0.0,2.6,28.75473099610885,28.844174079890227,0.0008025452032973184,0.00037617222479369015
28,2024-01-18 14:58:00,31.01,1.99,2.9,31.255,31.41,0,0,1.99,2.9,31.15155961283922,31.508608207599778,0.0014417367717241374,0.0002369287655935052
28,2024-01-18 14:58:40,31.3,1.99,2.9,31.5,31.61,0,0,1.99,2.9,31.4261514986111,31.759613835203925,0.0008002402257784541,0.00014939258671040388
28,2024-01-18 14:59:10,31.5,1.99,2.9,31.631666666666664,31.76,0,0,1.99,2.9,31.614927651470857,31.839709687299322,0.0022282889286427982,0.000155148122475539
28,2024-01-18 14:59:50,31.61,1.99,2.9,32.025,32.53,0,0,1.99,2.9,31.67737116550735,31.906179880215497,0.001065725667049898,0.00036788592076340663
28,2024-01-18 15:00:30,32.04,1.99,2.9,32.67666666666667,32.91,0,0,1.99,2.9,32.09060749986535,32.293098474276405,0.0010269877725997347,0.0001305972791780044
28,2024-01-18 15:01:10,32.82,1.99,2.9,33.025,33.24,0,0,1.99,2.9,32.870186204077115,33.07309847427641,0.001065725667049898,0.0001305972791780044
28,2024-01-18 15:01:50,33.04,1.99,2.9,33.291666666666664,33.38,0,0,1.99,2.9,33.08735708730179,33.29356676988829,0.001065725667049898,0.00036788592076340663
28,2024-01-18 15:02:30,33.34,1.99,2.9,33.410000000000004,33.49,0,0,1.99,2.9,33.40498866200253,33.637394032013475,0.001065725667049898,0.00036788592076340663
28,2024-01-18 15:03:10,33.38,1.99,2.9,33.57833333333334,33.69,0,0,1.99,2.9,33.44498866200253,33.673428677145075,0.001065725667049898,0.00036788592076340663
28,2024-01-18 15:04:00,33.64,1.99,2.9,33.77833333333333,33.87,0,0,1.99,2.9,33.68780370057229,33.93342867714507,0.001065725667049898,0.00036788592076340663
28,2024-01-18 15:04:40,33.8,1.99,2.9,33.888333333333335,33.92,0,0,1.99,2.9,33.847803700572285,34.05034727120598,0.001065725667049898,0.00038660246986065494
28,2024-01-18 15:05:20,33.9,1.99,2.9,33.943333333333335,34.01,0,0,1.99,2.9,33.94633457940796,34.11694836910107,0.0010317612860815467,0.00012468114562683193
28,2024-01-18 15:06:00,33.93,1.99,2.9,34.28166666666666,35.33,0,0,2.063333333333333,2.9,34.21437060446071,34.175908087007286,0.0038445004683843992,0.00012468114562683193
28,2024-01-18 15:06:40,34.11,1.99,2.9,43.145,51.27,0,0,2.9166666666666665,2.9,37.35963947812945,38.656409854074916,0.004538762783024661,0.0001551505715713456
28,2024-01-18 15:07:10,37.71,3.0,2.9,49.95166666666666,51.27,0,0,3.4000000000000004,2.9,38.92464218973775,39.186226958768465,0.0011983327029052842,0.00037194364764714
28,2024-01-18 15:07:50,49.79,3.44,2.9,48.915,49.25,0,0,3.44,2.9,49.93429030084172,50.21212687920692,0.002518647501423954,0.0003779284716568608
28,2024-01-18 15:08:30,48.88,3.44,2.9,48.754999999999995,48.97,0,0,3.44,2.9,48.9906132879046,49.257602092829835,0.002878359962318882,0.0003641884378986086
28,2024-01-18 15:09:20,48.97,3.44,2.9,48.86166666666667,50.51,0,0,3.67,2.9,49.55049324252595,50.22211541573053,0.0024816330790944185,0.00031364086671012783
28,2024-01-18 15:10:00,48.3,3.44,2.9,53.053333333333335,56.32,0,0,5.234999999999999,2.9,54.94122798102265,58.26450047071788,0.12456304977686511,0.00031364086671012783
28,2024-01-18 15:10:40,54.13,5.73,2.9,55.379999999999995,56.32,0,0,6.246666666666666,2.9,54.96661487556755,55.593833875312164,0.0038768431555770183,0.00031364086671012783
28,2024-01-18 15:11:20,55.98,6.27,2.9,52.32833333333334,54.77,0,0,6.27,2.9,55.4243010208028,56.0352480566163,0.006672507360410001,0.00031364086671012783
28,2024-01-18 15:12:00,51.66,6.27,2.9,50.93,51.42,0,0,6.27,2.9,51.07575835251164,51.715248056616296,0.0061545005560470515,0.0002957301904321325
28,2024-01-18 15:12:40,50.79,6.27,2.9,52.751666666666665,55.7,0,0,7.161666666666666,2.9,53.905385719824686,55.794917315381,0.005877249436532164,0.00018041016827805616
28,2024-01-18 15:13:20,52.81,7.25,2.9,58.35833333333334,63.36,0,0,9.015,2.9,59.65264692501124,62.86863318067609,0.25373834930533323,0.00017356089264583733
28,2024-01-18 15:14:00,58.33,9.08,2.9,65.645,68.88,0,0,11.016666666666667,2.9,65.63641417502505,68.4401872495057,0.31406135232505616,0.00018041016827805616
28,2024-01-18 15:14:40,67.11,11.47,2.9,72.06500000000001,76.05,0,0,12.821666666666667,2.9,71.71480434638097,73.92237631576927,0.1347474454292312,0.0002957301904321325
28,2024-01-18 15:15:20,73.31,13.04,2.9,77.08833333333332,79.77,0,0,14.583333333333334,2.9,77.45366385103458,79.16490480878603,0.3759435989752181,0.00031537559209513216
28,2024-01-18 15:15:50,77.47,14.42,2.9,79.89333333333332,82.15,0,0,16.02,2.9,81.201692952177,82.35116307961513,0.3959957269368834,0.00029943221420964945
28,2024-01-18 15:16:30,79.27,16.03,2.9,83.45,87.04,0,0,17.715,2.9,80.63291303722168,81.88744584315484,0.7797105521401756,0.0003985212344764369
28,2024-01-18 15:17:10,83.13,17.7,2.9,85.7,87.3,0,0,19.058333333333337,2.9,84.63330095132716,85.73849090624958,0.37441861043927355,0.0003985212344764369
28,2024-01-18 15:17:50,85.71,19.01,2.9,84.81166666666667,86.75,0,0,20.959999999999997,2.9,84.99778615118404,86.5681911101182,0.8783447452933655,0.0003985212344764369
28,2024-01-18 15:18:30,86.75,21.13,2.9,80.68,84.67,0,0,23.236666666666665,2.9,83.91011171487943,87.41879926364777,0.8936353728314115,0.00019229238189981732
28,2024-01-18 15:19:10,83.94,23.65,2.9,72.51666666666667,80.8,0,0,23.966666666666665,2.9,84.49553107276749,84.93264583439938,0.33805272378115553,0.00019229238189981732
28,2024-01-18 15:19:50,70.66,24.02,2.9,70.79333333333334,71.03,0,0,24.031666666666663,2.9,70.72092878135251,70.98858041711902,0.47665379119366297,0.00018124352476243602
28,2024-01-18 15:20:30,70.86,24.04,2.9,71.07166666666666,71.17,0,0,24.039999999999996,2.9,71.14297708555715,71.42651172771977,0.6979688541634224,0.00020887486767842895
28,2024-01-18 15:21:10,71.17,24.04,2.9,70.85333333333334,71.16,0,0,24.039999999999996,2.9,71.44043697614403,71.7213559047393,0.5865712479651586,0.00020887486767842895
28,2024-01-18 15:21:50,70.75,24.04,2.9,70.58500000000001,70.69,0,0,24.039999999999996,2.9,70.93953437729745,71.30155420349551,0.4257066342644665,0.00020887486767842895
28,2024-01-18 15:22:30,70.59,24.04,2.9,70.46333333333332,70.55,0,0,24.039999999999996,2.9,70.83977533141376,71.12923779840341,0.1621422891587758,0.00020887486767842895
28,2024-01-18 15:23:10,70.46,24.04,2.9,70.42166666666667,70.47,0,0,24.039999999999996,2.9,70.70859980587967,70.97793324949133,0.016826247608880355,0.0002067692306310721
28,2024-01-18 15:23:40,70.47,24.04,2.9,70.51,70.83,0,0,24.039999999999996,2.9,70.68831154428295,71.01265073721346,0.025011658308424303,0.00016368148484500021
28,2024-01-18 15:24:20,70.41,24.04,2.9,71.28,71.96,0,0,24.039999999999996,2.9,70.42556896851197,70.62461241598662,0.12295494575807035,0.00010899799103679705
28,2024-01-18 15:25:00,71.44,24.04,2.9,72.38833333333334,73.12,0,0,24.039999999999996,2.9,71.42006200259834,71.5834295442362,0.18917658063485931,0.0001316744085692427
28,2024-01-18 15:25:40,72.49,24.04,2.9,72.86999999999999,73.12,0,0,24.039999999999996,4.433333333333334,72.43632564506386,72.5681045852991,0.14526289471491874,0.00015823663979254318
28,2024-01-18 15:26:20,72.89,24.04,5.3,72.17166666666667,72.71,0,0,24.039999999999996,5.1000000000000005,72.83552985079848,73.07150702828665,0.19465135544588963,0.00019377876948317556
28,2024-01-18 15:27:00,72.09,24.04,5.1,71.115,71.78,0,0,24.039999999999996,5.1000000000000005,72.12635104807488,72.26972363594992,0.10257107013501307,0.00017554092704473846
28,2024-01-18 15:27:40,70.92,24.04,5.1,70.72500000000001,70.92,0,0,24.039999999999996,5.1000000000000005,70.92233397016689,71.08602167365646,0.0287459795903357,0.00017554092704473846
28,2024-01-18 15:28:20,70.88,24.04,5.1,70.46833333333333,70.7,0,0,24.039999999999996,6.116666666666667,70.88096203091058,70.99256771033197,0.023708411070204514,0.00017828638890037162
28,2024-01-18 15:29:00,70.4,24.04,6.8,70.53333333333335,70.7,0,0,24.039999999999996,7.1000000000000005,70.49200105709797,70.71365138547948,0.09234499627519746,0.00016982307307349963
28,2024-01-18 15:29:40,70.68,24.04,7.1,70.65833333333335,70.7,0,0,24.039999999999996,7.1000000000000005,70.90575892762111,71.04959563199255,0.3132519761332376,0.00016982307307349963
28,2024-01-18 15:30:20,70.66,24.04,7.1,70.67999999999999,70.77,0,0,24.039999999999996,7.1000000000000005,70.91161817680263,71.07608375357407,0.36210118286777043,0.00016982307307349963
28,2024-01-18 15:31:00,70.71,24.04,7.1,70.88666666666667,71.02,0,0,24.039999999999996,7.816666666666666,70.93759242517407,71.07161137436098,0.2649075728885292,0.00020073512637243008
28,2024-01-18 15:31:40,70.91,24.04,7.6,70.97666666666667,71.02,0,0,24.039999999999996,9.066666666666668,70.90341761139106,71.02720981485224,0.022455495513605882,0.00024728686715473646
28,2024-01-18 15:32:10,70.98,24.04,9.1,70.90166666666667,71.01,0,0,24.039999999999996,9.1,70.98349148298573,71.10925325409717,0.0060843192247565245,0.00022739337990232544
28,2024-01-18 15:32:50,70.86,24.04,9.1,70.71499999999999,70.86,0,0,24.039999999999996,9.1,70.8941546833088,70.92298949741311,0.005212359871533368,0.00022739337990232544
28,2024-01-18 15:33:30,70.72,24.04,9.1,70.665,70.74,0,0,24.039999999999996,9.533333333333333,70.75342040712806,70.800820236274,0.0061642113442087875,0.00018645572213012564
28,2024-01-18 15:34:10,70.73,24.04,9.9,70.64333333333333,70.74,0,0,24.039999999999996,10.0,70.74694613386026,70.78354115371336,0.004295498669215954,0.00017964387322642818
28,2024-01-18 15:34:50,70.61,24.04,10.0,70.49333333333334,70.61,0,0,24.039999999999996,8.4,70.60427835262759,70.70164780004643,0.07828534035287353,0.0002109849443089852
28,2024-01-18 15:35:30,70.44,24.04,10.0,70.345,70.4,0,0,24.039999999999996,1.961538461538462,70.41644551796323,70.52960425583224,0.1701417479405195,0.0004325350053321343
28,2024-01-18 15:36:10,70.33,24.04,0.35384615384615387,70.28833333333334,70.37,0,0,24.039999999999996,0.27307692307692305,70.16820351251222,70.3548129916599,0.7801028258218441,0.00017030023483244106
28,2024-01-18 15:36:50,70.26,24.04,0.2615384615384615,70.32,70.4,0,0,24.039999999999996,0.18076923076923077,69.88984691704589,70.24378763042962,0.6010186730462598,0.00026683023668650673
28,2024-01-18 15:37:30,70.35,24.04,0.1692307692307692,69.93333333333334,70.26,0,0,24.039999999999996,3.611538461538462,69.76800328381671,70.24517635568428,0.8863472226839472,0.00023408251657576205
28,2024-01-18 15:38:10,69.8,24.04,4.5,69.66833333333334,69.83,0,0,24.039999999999996,8.133333333333333,69.07054106422297,69.70110300067282,0.924181860403172,0.00023926440788792343
28,2024-01-18 15:38:50,69.65,24.04,8.0,69.97333333333333,70.3,0,0,24.039999999999996,8.0,69.66836784124378,69.9006545044627,0.7950378735213842,0.0001723597753994683
28,2024-01-18 15:39:30,69.96,24.04,8.0,70.74166666666666,71.24,0,0,24.039999999999996,8.416666666666666,70.05666773648993,70.2602546304874,0.602679695744538,0.0001723597753994683
28,2024-01-18 15:40:10,70.63,24.04,8.0,71.21166666666667,71.36,0,0,24.039999999999996,9.416666666666666,70.65107151892795,70.7902152845325,0.16026704041174508,0.00019290573115886452
28,2024-01-18 15:40:50,71.36,24.04,10.0,71.18333333333334,71.31,0,0,24.039999999999996,10.0,71.48522344458318,71.4254066638136,0.20072455388413973,0.00018619768966931895
28,2024-01-18 15:41:30,71.2,24.04,10.0,70.94833333333334,71.1,0,0,24.039999999999996,10.0,71.28897963182689,71.29806675069689,0.08930365237787255,0.00018416435173615605
28,2024-01-18 15:42:10,70.95,24.04,10.0,70.77333333333333,70.86,0,0,24.039999999999996,10.566666666666666,70.9489286437465,71.04826271509633,0.011954109873957553,0.00018548331825305397
28,2024-01-18 15:42:50,70.77,24.04,11.0,70.585,70.74,0,0,24.03333333333333,11.0,70.80303878099781,70.87123415867019,0.005095400798229309,0.00018548331825305397
28,2024-01-18 15:43:30,70.56,24.03,11.0,70.32333333333334,70.46,0,0,24.03,11.183333333333335,70.57956984817328,70.64141802816866,0.00538439655149874,0.00018416435173615605
28,2024-01-18 15:44:10,70.25,24.03,11.0,70.28833333333334,70.34,0,0,24.03,11.85,70.22577220058692,70.30047425330383,0.01681753115828769,0.00019547689261213656
28,2024-01-18 15:44:50,70.31,24.03,12.0,70.27333333333333,70.34,0,0,24.03,12.0,70.2719567105874,70.36173691626581,0.062410706888605824,0.0001807244313993409
28,2024-01-18 15:45:30,70.28,24.03,12.0,70.15333333333332,70.21,0,0,24.03,7.1000000000000005,70.26853278113005,70.36650935166031,0.9420036032321906,0.00021868190411203267
28,2024-01-18 15:46:10,70.13,24.03,2.3,70.04666666666667,70.17,0,0,24.03,1.95,70.02539890935088,70.13856299658603,0.9462148393519889,0.00023899824327744225
28,2024-01-18 15:46:50,70.11,24.03,1.9,69.81833333333333,69.9,0,0,24.03,1.55,69.94785478124403,70.09875039835838,0.9804165564741749,0.00021713946866231678
28,2024-01-18 15:47:30,69.87,24.03,1.5,69.48666666666666,69.78,0,0,24.03,1.1499999999999997,69.39611325741518,69.78827800304552,0.9766590077997367,0.000300263708587275
28,2024-01-18 15:48:00,69.63,24.03,1.2,68.98666666666666,69.56,0,0,24.03,1.5833333333333333,68.81133241526527,69.49347957024023,0.970567124733163,0.0002893524160258473
28,2024-01-18 15:48:40,68.87,24.03,0.8,68.65166666666666,69.0,0,0,24.03,5.066666666666666,67.99880662107047,68.75715921412825,0.9423887728172401,0.00027623208944358075
28,2024-01-18 15:49:20,68.52,24.03,6.2,69.015,69.21,0,0,24.03,6.0,68.5169457889946,68.93119215973871,0.973736046421438,0.0004432292390995797
28,2024-01-18 15:50:00,69.02,24.03,6.0,69.12833333333333,69.29,0,0,24.03,6.0,69.2561036832611,69.51926873896613,0.8712271402470717,0.00029133281868509513
28,2024-01-18 15:50:40,69.29,24.03,6.0,69.00833333333333,69.21,0,0,24.03,6.0,69.41679171799723,69.61826606241809,0.5551666793605572,0.00017301271395352282
28,2024-01-18 15:51:20,68.99,24.03,6.0,69.05499999999999,69.21,0,0,24.03,6.533333333333334,69.03191446423213,69.22110545653813,0.10542221302773619,0.00016210251735593087
28,2024-01-18 15:52:00,69.02,24.03,6.0,69.45166666666667,69.87,0,0,24.03,7.933333333333334,68.9497936496348,69.12595516270214,0.1029273154791179,0.00017018113646029853
28,2024-01-18 15:52:40,69.65,24.03,8.1,70.10833333333333,70.59,0,0,24.03,8.1,69.65659504106355,69.72118815821194,0.058721653107119735,0.00016150558019373813
28,2024-01-18 15:53:20,70.11,24.03,8.1,70.765,70.99,0,0,24.03,8.1,70.13876274789328,70.20109218111067,0.023104782922377495,0.00016210251735593087
28,2024-01-18 15:54:00,70.99,24.03,8.1,70.86166666666666,70.96,0,0,24.03,9.133333333333335,71.00866794818373,71.10339964786372,0.032026287766280415,0.00024633817698818585
28,2024-01-18 15:54:40,70.8,24.03,9.9,70.42333333333333,70.86,0,0,24.03,10.1,70.8365508011701,70.91930018657432,0.025502268899396694,0.00023833411630948818
28,2024-01-18 15:55:20,70.24,24.03,10.1,69.97333333333334,70.1,0,0,24.03,10.1,70.27077589918056,70.35496562906344,0.013485510258395984,0.00023833411630948818
28,2024-01-18 15:56:00,69.87,24.03,10.1,70.03666666666666,70.2,0,0,24.03,10.1,69.8960238923395,69.97931324843923,0.013972629368059713,0.0003036485180168568
28,2024-01-18 15:56:30,69.94,24.03,10.1,70.19500000000001,70.31,0,0,24.03,10.183333333333334,69.97104843722049,70.03673210740934,0.00826359786426567,0.0001875312160160244
28,2024-01-18 15:57:10,70.24,24.03,10.1,70.29666666666667,70.37,0,0,24.03,10.783333333333333,70.24302896251727,70.29128284924703,0.02968783755287699,0.00018619768966931895
28,2024-01-18 15:57:50,70.27,24.03,11.0,70.13833333333334,70.37,0,0,24.03,11.0,70.24734395764617,70.31801094537794,0.0480343566912365,0.00018619768966931895
28,2024-01-18 15:58:30,70.05,24.03,11.0,69.915,69.98,0,0,24.03,11.0,70.02582274012344,70.09849509041591,0.14938645493900102,0.0001807244313993409
28,2024-01-18 15:59:10,69.88,24.03,11.0,69.98,70.11,0,0,24.03,11.0,69.86995318676581,69.929976721335,0.6323377667050208,0.00016179221204893027
28,2024-01-18 15:59:50,70.11,24.03,11.0,69.94166666666666,70.01,0,0,24.03,5.668181818181819,70.09131913711039,70.17133915285113,0.9161038525364434,0.00019001943438869923
28,2024-01-18 16:00:40,69.95,24.03,0.2,69.80666666666667,70.01,0,0,24.03,0.6772727272727272,69.83433893782497,69.96040185050165,0.9135274752670312,0.0001851833150454193
28,2024-01-18 16:01:20,69.79,24.03,0.7454545454545454,69.61,69.69,0,0,24.03,1.2227272727272727,69.44495599134355,69.7303349789153,0.9240339375114046,0.00025493565636676744
28,2024-01-18 16:02:00,69.69,24.03,1.2909090909090908,69.01666666666667,69.57,0,0,24.034999999999997,4.765151515151516,69.20223316784401,69.57488833910932,0.9723371413311626,0.0002478685419122723
28,2024-01-18 16:02:40,68.83,24.04,7.2,68.39,68.5,0,0,24.039999999999996,8.116666666666667,68.25094268018464,68.87418276213732,0.9704956554350027,0.00023926440788792343
28,2024-01-18 16:03:20,68.46,24.04,8.0,68.60666666666667,68.68,0,0,24.039999999999996,8.0,68.5518087641881,68.74736828601293,0.8758438611508488,0.00021890177223050737
28,2024-01-18 16:04:00,68.68,24.04,8.0,68.76666666666667,68.89,0,0,24.039999999999996,8.799999999999999,68.92680668452036,69.1764424910855,0.3602759638364643,0.0002995636865133502
28,2024-01-18 16:04:30,68.73,24.04,8.0,68.88833333333332,68.95,0,0,24.039999999999996,9.850000000000001,69.00013401487342,69.18510456637762,0.2561501330290538,0.00033252913375512457
28,2024-01-18 16:05:10,68.95,24.04,10.1,69.03666666666668,69.15,0,0,24.039999999999996,10.1,69.12791783291685,69.41651733243584,0.045831814553796646,0.00018619768966931895
28,2024-01-18 16:06:00,69.13,24.04,10.1,69.235,69.39,0,0,24.039999999999996,10.1,69.1949937203402,69.35212598666355,0.048231599574038574,0.00018619768966931895
28,2024-01-18 16:06:40,69.24,24.04,10.1,69.40833333333333,69.48,0,0,24.039999999999996,10.25,69.27108524835516,69.35496478203844,0.02558662016171357,0.00018619768966931895
28,2024-01-18 16:07:20,69.48,24.04,10.1,69.44,69.49,0,0,24.039999999999996,11.566666666666668,69.489208652652,69.54498014036018,0.007500987846871281,0.00019547689261213656
28,2024-01-18 16:08:00,69.49,24.04,12.1,69.38166666666667,69.43,0,0,24.039999999999996,12.1,69.51318144518251,69.58055209484498,0.0029402262447274104,0.00018416435173615605
28,2024-01-18 16:08:40,69.36,24.04,12.1,69.35499999999999,69.39,0,0,24.039999999999996,12.1,69.39577174905908,69.44156331176015,0.007031357742922479,0.00017964387322642818
28,2024-01-18 16:09:20,69.36,24.04,12.1,69.39666666666666,69.53,0,0,24.039999999999996,11.583333333333334,69.38235994618184,69.44335465298268,0.008851187495066476,0.0001861854867762362
28,2024-01-18 16:10:10,69.33,24.04,11.0,69.35833333333333,69.53,0,0,24.039999999999996,11.700000000000001,69.34736151698696,69.39138967876313,0.06198875536789315,0.00016179221204893027
28,2024-01-18 16:10:50,69.32,24.04,12.0,68.67833333333333,69.2,0,0,24.03833333333333,12.0,69.31888932778007,69.3622516152763,0.1212984826892476,0.00016179221204893027
28,2024-01-18 16:11:40,68.33,24.04,12.0,68.04666666666667,68.59,0,0,24.031666666666666,12.0,68.31175983841771,68.36843446658769,0.6816762046384272,0.00016179221204893027
28,2024-01-18 16:12:20,67.98,24.03,12.0,67.61500000000001,67.75,1,0,24.03,12.0,67.94937288829992,68.02910122293444,0.9168135890689612,0.00018619768966931895
28,2024-01-18 16:13:00,67.52,24.03,12.0,67.57333333333334,67.89,1,0,24.03,12.0,67.46621402312005,67.56571209937357,0.7980877473921981,0.0003135319209500026
28,2024-01-18 16:13:30,67.47,24.03,12.0,67.68333333333334,67.89,1,0,24.03,6.162068965517242,67.42778807140057,67.52982073165967,0.9724062289083881,0.00027079497820970994
28,2024-01-18 16:14:00,67.87,24.03,0.3,67.55666666666666,67.79,1,0,24.03,0.38448275862068965,67.91714614998861,67.91208108612054,0.9647512203006107,0.00034481522100987674
28,2024-01-18 16:14:40,67.44,24.03,0.39655172413793105,65.26833333333333,67.56,1,0,22.790000000000003,0.48103448275862065,64.85985081311111,67.20663371133601,0.9870310285923016,0.0005001069851395295
28,2024-01-18 16:15:20,67.56,24.03,0.49310344827586206,60.303333333333335,61.35,1,0,20.036666666666665,0.5775862068965517,58.78847850938762,67.18149051090722,0.9837403754244609,0.0004872372543456381
28,2024-01-18 16:16:00,60.15,19.9,0.5896551724137931,59.35666666666666,59.9,1,0,19.900000000000002,0.6741379310344827,60.154018856858244,60.88453794141696,0.9563890464123274,0.0008511210644758671
28,2024-01-18 16:16:40,59.22,19.9,0.6862068965517241,58.82333333333333,59.03,1,0,19.900000000000002,0.7706896551724137,59.35996075951892,59.96147156811357,0.9970181841701117,0.0018899556111638617
28,2024-01-18 16:17:20,58.76,19.9,0.7827586206896551,61.433333333333316,62.91,1,0,19.900000000000002,0.8672413793103448,58.842460081880624,59.50176436331929,0.996510177691783,0.0009342522060303884
28,2024-01-18 16:18:00,62.86,19.9,0.8793103448275863,63.18833333333333,63.87,1,0,20.093333333333334,1.8097701149425287,63.52944441212374,64.40296272699524,0.994815824723731,0.0003287568512427984
28,2024-01-18 16:18:21,62.91,19.9,0.9758620689655173,64.96500000000002,66.9,1,0,21.831666666666667,6.516666666666667,67.99237157377142,70.02923478482,0.9958573947496449,0.0002364426391508057
28,2024-01-18 16:19:00,64.31,22.0,8.0,68.07666666666667,69.5,1,0,23.748333333333335,7.866666666666666,70.00630894133155,71.90062873748153,0.9904292808998348,0.0003028071982099315
28,2024-01-18 16:19:50,68.86,24.03,7.9,69.78166666666667,70.3,1,0,24.03,7.8999999999999995,69.21429574438858,69.31167635109266,0.8319633433282764,0.00027323037661784695
28,2024-01-18 16:20:30,69.92,24.03,7.9,70.26333333333334,70.39,1,0,24.03,8.4,70.26798134033294,70.29143235932413,0.8047311336977522,0.00031843736415048426
28,2024-01-18 16:21:00,70.3,24.03,7.9,69.92999999999999,70.39,0,0,24.034999999999997,9.500000000000002,70.68915223622166,70.66335052741032,0.7610162902969172,0.00033753079827530426
28,2024-01-18 16:21:40,69.59,24.04,10.1,69.41666666666667,69.53,0,0,24.039999999999996,10.1,69.81228452748968,69.7341507901717,0.38573382461766925,0.00039471833217681704
28,2024-01-18 16:22:10,69.4,24.04,10.1,68.78166666666667,69.32,0,0,24.039999999999996,10.1,69.44257007492328,69.53098051598599,0.4419298496610225,0.00039471833217681704
28,2024-01-18 16:22:50,68.71,24.04,10.1,67.91166666666668,68.31,0,0,24.039999999999996,10.1,68.77568340011395,68.84343200152374,0.28883328013393356,0.00034687559577105246
28,2024-01-18 16:23:30,67.76,24.04,10.1,67.76333333333334,67.81,0,0,24.039999999999996,10.216666666666667,67.78406278446627,67.84568035726134,0.029438527104211458,0.000272073770533925
28,2024-01-18 16:24:10,67.81,24.04,10.1,67.73333333333333,67.78,0,0,24.039999999999996,10.75,67.79895047232205,68.01849440529075,0.034586369598799065,0.0003038802187677889
28,2024-01-18 16:24:50,67.71,24.04,10.9,67.78833333333334,67.9,0,0,24.039999999999996,10.9,67.72047819173417,67.89103293415191,0.11200658270050039,0.0002372141202782645
28,2024-01-18 16:25:30,67.81,24.04,10.9,68.015,68.23,0,0,24.039999999999996,10.9,67.80755662657477,67.95720271227763,0.4334990714610336,0.0002372141202782645
28,2024-01-18 16:26:10,68.04,24.04,10.9,68.33999999999999,68.46,0,0,24.039999999999996,10.9,68.02670601073252,68.09470847396649,0.8178882255699798,0.00023996565602710427
28,2024-01-18 16:26:50,68.44,24.04,10.9,68.44166666666666,68.46,0,0,24.039999999999996,11.200000000000001,68.40592794901127,68.47801779275348,0.2563434284966728,0.00018619768966931895
28,2024-01-18 16:27:30,68.42,24.04,10.9,68.43166666666666,68.45,0,0,24.039999999999996,11.933333333333332,68.3866019445904,68.45044977262395,0.12911031358665334,0.00018973092506962834
28,2024-01-18 16:28:10,68.43,24.04,12.0,68.39833333333333,68.44,0,0,24.039999999999996,12.0,68.43929087806919,68.50820853457545,0.14121377804742175,0.00016179221204893027
28,2024-01-18 16:28:40,68.43,24.04,12.0,68.38166666666666,68.42,0,0,24.039999999999996,12.0,68.43929087806919,68.50820853457545,0.18213479996294685,0.00016179221204893027
28,2024-01-18 16:29:20,68.36,24.04,12.0,68.43666666666667,68.52,0,0,24.039999999999996,6.120000000000001,68.36885829437777,68.45222487434185,0.8020843978073067,0.00019001943438869923
28,2024-01-18 16:30:00,68.42,24.04,0.2,68.37333333333332,68.52,0,0,24.039999999999996,0.34,68.3703008881623,68.46824772742781,0.9031143963916373,0.0001851833150454193
28,2024-01-18 16:30:50,68.26,24.04,0.36000000000000004,68.13,68.27,0,0,24.039999999999996,0.5000000000000001,67.92208718594136,68.23506893386796,0.9577957390756167,0.00022683218626633712
28,2024-01-18 16:31:30,68.13,24.04,0.52,67.53999999999999,68.03,0,0,24.039999999999996,0.6600000000000001,67.34862188512346,68.01693401206379,0.949716630734687,0.0002574559053317963
28,2024-01-18 16:32:10,67.39,24.04,0.6800000000000002,66.95333333333333,67.22,0,0,24.039999999999996,3.3466666666666662,66.46573990756808,67.26769647837831,0.9563052443077822,0.00023408251657576205
28,2024-01-18 16:32:50,66.82,24.04,5.1,67.65833333333333,69.46,0,0,24.039999999999996,6.116666666666667,66.28812840204677,66.98331670311573,0.9670956224890149,0.00026664364868296813
28,2024-01-18 16:33:30,67.48,24.04,6.0,71.035,73.08,0,0,24.039999999999996,6.0,67.56942004231722,67.90166170794497,0.9164278837109211,0.0004276602749989771
28,2024-01-18 16:34:20,72.1,24.04,6.0,73.055,73.88,0,0,24.039999999999996,6.0,71.97855467748985,72.17603360192261,0.9306398206091612,0.00018125280207683205
28,2024-01-18 16:35:00,73.88,24.04,6.0,70.38999999999999,73.16,0,0,24.039999999999996,6.800000000000001,73.98018927694916,74.10046825086268,0.7399887512699218,0.00019669230411332886
28,2024-01-18 16:35:50,69.36,24.04,6.7,68.60166666666667,69.03,0,0,24.039999999999996,8.083333333333334,69.43498291719655,69.55469202628849,0.503239004550907,0.0002306877542219446
28,2024-01-18 16:36:20,68.42,24.04,8.1,68.34833333333333,68.43,0,0,24.039999999999996,8.1,68.51802398105204,68.63222366743398,0.546985647866286,0.00023340918732428205
28,2024-01-18 16:37:00,68.24,24.04,8.1,68.635,68.99,0,0,24.039999999999996,8.533333333333333,68.25559444349467,68.43230549483526,0.2312510241185707,0.00023340918732428205
28,2024-01-18 16:37:30,68.56,24.04,8.1,69.05666666666667,69.43,0,0,24.039999999999996,9.533333333333333,68.58418548843808,68.69086974727558,0.12973850660159159,0.0002939568880177142
28,2024-01-18 16:38:10,69.11,24.04,10.1,69.53,69.69,0,0,24.039999999999996,10.1,69.58655435428392,69.78843551607946,0.053803589730234386,0.0002534914010500985
28,2024-01-18 16:38:50,69.6,24.04,10.1,69.80499999999999,69.98,0,0,24.039999999999996,10.1,70.25010855320478,70.51651308536482,0.076601425495387,0.0002372141202782645
28,2024-01-18 16:39:30,69.85,24.04,10.1,70.095,70.2,0,0,24.039999999999996,10.15,70.38954821618908,70.47484705107745,0.10662666414158897,0.0002372141202782645
28,2024-01-18 16:40:10,70.2,24.04,10.1,70.04833333333335,70.18,0,0,24.039999999999996,11.4,70.2113740675502,70.28910755267191,0.007464764385287195,0.0002519237222704061
28,2024-01-18 16:41:00,70.0,24.04,12.1,69.805,69.93,0,0,24.039999999999996,12.1,70.01402403241924,70.07995986034035,0.010908518074762417,0.00018548331825305397
28,2024-01-18 16:41:40,69.81,24.04,12.1,69.46333333333332,69.74,0,0,24.039999999999996,12.1,69.82319771224068,69.88995986034035,0.0061970611836949215,0.00018548331825305397
28,2024-01-18 16:42:20,69.41,24.04,12.1,69.20499999999998,69.31,0,0,24.039999999999996,10.266666666666667,69.41487922482865,69.5089592284056,0.039934552943668114,0.00019297791007355077
28,2024-01-18 16:43:00,69.18,24.04,12.1,69.07666666666667,69.16,0,0,24.039999999999996,3.414814814814815,69.15306342341093,69.25543709502043,0.7121626875970084,0.00021225397905193016
28,2024-01-18 16:43:40,69.05,24.04,1.677777777777778,68.54333333333334,69.07,0,0,24.039999999999996,2.6888888888888896,68.90195097888417,69.02874667152773,0.9718553271713924,0.00020032250504684244
28,2024-01-18 16:44:20,68.39,24.04,2.8333333333333335,67.50666666666667,68.21,0,0,24.039999999999996,6.822222222222223,67.99477481217006,68.33562694631148,0.9486287638637675,0.00023492732793871076
28,2024-01-18 16:45:00,67.37,24.04,10.0,66.49000000000001,67.14,0,0,24.039999999999996,10.116666666666667,67.3399337884274,67.59220104144354,0.5434493661061067,0.0003012031863725549
28,2024-01-18 16:45:30,66.3,24.04,10.0,66.50666666666666,67.01,0,0,24.039999999999996,10.0,66.58348966906144,66.93214593444559,0.6795762626873825,0.0002620059440911355
28,2024-01-18 16:46:10,66.45,24.04,10.0,67.57166666666666,68.34,0,0,24.039999999999996,10.516666666666667,67.0273678132795,67.35939296014074,0.2902436478152124,0.0002372141202782645
28,2024-01-18 16:46:50,67.77,24.04,10.0,68.455,68.61,0,0,24.039999999999996,11.916666666666666,68.37990766707026,68.50189882656258,0.28720896492626635,0.00024903510502699084
28,2024-01-18 16:47:40,68.53,24.04,12.1,68.63,68.77,0,0,24.039999999999996,12.1,68.85600401012984,68.96457228863623,0.0721577462956155,0.0002372141202782645
28,2024-01-18 16:48:20,68.61,24.04,12.1,68.95333333333333,69.31,0,0,24.039999999999996,12.166666666666666,68.68998536057411,68.80007470829665,0.0643979808754063,0.0002372141202782645
28,2024-01-18 16:49:00,68.97,24.04,12.1,69.285,69.38,0,0,24.039999999999996,12.75,69.00795233438744,69.04251373166262,0.026262556036386178,0.00023560128399516665
28,2024-01-18 16:49:40,69.38,24.04,13.0,69.215,69.32,0,0,24.039999999999996,13.0,69.42377859641172,69.4756057601147,0.01413156173797011,0.00023560128399516665
28,2024-01-18 16:50:20,69.19,24.04,13.0,69.19333333333334,69.23,0,0,24.039999999999996,13.0,69.20679733795204,69.2810492628087,0.09869174976795377,0.00023560128399516665
28,2024-01-18 16:51:00,69.17,24.04,13.0,69.27666666666667,69.32,0,0,24.039999999999996,12.516666666666666,69.13398415245311,69.26067991546697,0.10311721905166249,0.00024418005222955904
28,2024-01-18 16:51:40,69.3,24.04,13.0,69.31333333333333,69.34,0,0,24.039999999999996,10.949999999999998,69.29799012342691,69.39743401226569,0.5415201431816701,0.00019087054411434345
28,2024-01-18 16:52:11,69.34,24.04,10.3,69.13666666666667,69.34,0,0,24.039999999999996,10.983333333333334,69.2806427330139,69.39118380387806,0.7264388815436414,0.00016179221204893027
28,2024-01-18 16:52:50,69.03,24.04,11.0,68.91000000000001,69.04,0,0,24.039999999999996,11.0,68.89551133682073,69.01635092045815,0.8154889459534705,0.00016179221204893027
28,2024-01-18 16:53:30,68.87,24.04,11.0,68.62333333333333,68.85,0,0,24.039999999999996,11.333333333333334,68.86231623770479,68.92128907923538,0.6610034803742275,0.00016179221204893027
28,2024-01-18 16:54:00,68.61,24.04,11.0,68.48333333333333,68.54,0,0,24.039999999999996,11.833333333333334,68.5955772860903,68.645823853976,0.7500758422467654,0.00016985536925576998
28,2024-01-18 16:54:40,68.4,24.04,12.0,68.43666666666665,68.49,0,0,24.039999999999996,12.0,68.37463586557666,68.44338860989633,0.7725563123575069,0.00016179221204893027
28,2024-01-18 16:55:20,68.39,24.04,12.0,68.4,68.45,0,0,24.039999999999996,12.233333333333334,68.3702433577131,68.42986031786026,0.8989676872046674,0.0001807244313993409
28,2024-01-18 16:56:00,68.36,24.04,12.0,68.41666666666667,68.45,0,0,24.039999999999996,12.9,68.31092915641995,68.39479241087547,0.8746053867021731,0.00019547689261213656
28,2024-01-18 16:56:40,68.41,24.04,13.0,68.355,68.44,0,0,24.039999999999996,13.0,68.38033626489346,68.44910814667753,0.571639971729991,0.0001807244313993409
28,2024-01-18 16:57:20,68.32,24.04,13.0,68.31833333333333,68.38,0,0,24.039999999999996,6.649999999999999,68.30032177038696,68.3876774255686,0.9045485328467341,0.00019001943438869923
28,2024-01-18 16:58:00,68.28,24.04,0.3,68.19833333333334,68.39,0,0,24.039999999999996,0.3,68.14991501698466,68.28265233502252,0.6374124333702003,0.0001851833150454193
28,2024-01-18 16:58:40,68.24,24.04,0.3,67.38333333333334,68.07,0,0,24.039999999999996,0.3,67.88261036537543,68.17834533074941,0.6621415016060416,0.00022683218626633712
28,2024-01-18 16:59:20,67.28,24.04,0.3,65.98,66.93,0,0,24.039999999999996,0.3,66.4320859738742,67.16926410914195,0.5801362734978279,0.0002577786429858496
28,2024-01-18 17:00:00,65.79,24.04,0.3,62.721666666666664,65.23,0,0,22.746666666666666,0.3,62.42806294948872,65.59079815707327,0.48601765092074006,0.0005009619749395671
28,2024-01-18 17:00:40,64.71,24.04,0.3,48.03666666666666,61.42,0,0,9.958333333333334,0.3,55.8704073407336,63.979499616640034,0.3829089596126927,0.0004994810051143129
28,2024-01-18 17:01:30,41.97,5.96,0.3,39.88666666666666,40.8,0,0,0.16166666666666665,0.3,39.44685523320182,40.798327303653906,0.03574759151181458,0.00022647545833224316
28,2024-01-18 17:02:10,40.05,0.0,0.3,38.998333333333335,39.54,0,0,0.0,0.3,39.682254791670346,40.01861829375786,0.010873015427546722,0.0002120127806944363
28,2024-01-18 17:02:50,38.89,0.0,0.3,38.175000000000004,38.7,0,0,0.0,0.3,38.5656113552653,38.83287138342549,0.008761784964600092,0.000270527011759345
28,2024-01-18 17:03:40,38.08,0.0,0.3,37.595,37.91,0,0,0.0,0.3,37.81763987497395,37.96667034081752,0.0012421517201196112,0.0001336853428596131
28,2024-01-18 17:04:20,37.53,0.0,0.3,37.12833333333334,37.42,0,0,0.0,0.3,37.23081393004948,37.41242146181028,0.0011797583941569457,0.0001336853428596131
28,2024-01-18 17:05:00,37.06,0.0,0.3,36.71000000000001,36.95,0,0,0.0,0.3,36.74660655697125,36.942421461810284,0.0011797583941569457,0.0001336853428596131
28,2024-01-18 17:05:40,36.69,0.0,0.3,36.28666666666667,36.61,0,0,0.0,0.3,36.34838695283633,36.57445519065331,0.0011797583941569457,0.00010466053929584827
28,2024-01-18 17:06:30,36.24,0.0,0.3,35.905,36.13,0,0,0.0,0.3,35.94377864256097,36.151568000166755,0.00045461921256091046,8.9678326375145e-05
28,2024-01-18 17:07:20,35.88,0.0,0.3,35.580000000000005,35.79,0,0,0.0,0.3,35.552848059262615,35.79795558181339,0.00020556384149932844,9.16267705770589e-05
28,2024-01-18 17:08:10,35.5,0.0,0.3,35.27333333333333,35.44,0,0,0.0,0.3,35.224370132660944,35.43552003423118,0.00020915106917109385,9.16267705770589e-05
28,2024-01-18 17:08:50,35.26,0.0,0.3,35.059999999999995,35.16,0,0,0.0,0.3,35.00246669994865,35.206691286197334,0.00020915106917109385,9.16267705770589e-05
28,2024-01-18 17:09:20,35.05,0.0,0.3,34.833333333333336,34.97,0,0,0.0,0.3,34.81954699869135,35.0004295581452,0.00020915106917109385,9.16267705770589e-05
28,2024-01-18 17:10:00,34.84,0.0,0.3,34.586666666666666,34.74,0,0,0.0,0.3,34.62177499172759,34.8022279134635,0.00020915106917109385,9.16267705770589e-05
28,2024-01-18 17:10:40,34.54,0.0,0.3,34.37166666666666,34.53,0,0,0.0,0.3,34.322821493271526,34.50343883002118,0.00016590455044613786,0.00011771497760231249
28,2024-01-18 17:11:10,34.4,0.0,0.3,34.19166666666667,34.33,0,0,0.0,0.3,34.207256932701256,34.36743862212801,0.0001666763545892157,0.00011238235429642242
28,2024-01-18 17:12:00,34.14,0.0,0.3,33.961666666666666,34.11,0,0,0.0,0.3,33.9613448104386,34.107438622128015,0.0001666763545892157,0.00011238235429642242
28,2024-01-18 17:12:40,33.91,0.0,0.3,33.77,33.9,0,0,0.0,0.3,33.73134481043859,33.87743862212801,0.0001666763545892157,9.27746866799435e-05
28,2024-01-18 17:13:20,33.74,0.0,0.3,33.59666666666667,33.7,0,0,0.0,0.3,33.5613448104386,33.70743862212802,0.0001666763545892157,9.27746866799435e-05
28,2024-01-18 17:14:00,33.59,0.0,0.3,33.44833333333333,33.53,0,0,0.0,0.3,33.4113448104386,33.55743862212802,0.0001666763545892157,9.27746866799435e-05
28,2024-01-18 17:14:40,33.4,0.0,0.3,33.30166666666667,33.39,0,0,0.0,0.3,33.23536879465622,33.36874644294884,0.0001666763545892157,9.27746866799435e-05
28,2024-01-18 17:15:20,33.28,0.0,0.3,33.13333333333333,33.28,0,0,0.0,0.3,33.1411290637205,33.25832927032979,0.0001666763545892157,9.27746866799435e-05
28,2024-01-18 17:16:00,33.08,0.0,0.3,32.97666666666667,33.07,0,0,0.0,0.3,32.94091601480067,33.05791077477715,0.0001666763545892157,9.27746866799435e-05
28,2024-01-18 17:16:40,32.97,0.0,0.3,32.84666666666667,32.94,0,0,0.0,0.3,32.843890766018106,32.959767337611574,0.0001666763545892157,9.27746866799435e-05
28,2024-01-18 17:17:20,32.87,0.0,0.3,32.714999999999996,32.77,0,0,0.0,0.3,32.75559495406729,32.85832901038708,0.0001524256942446227,9.27746866799435e-05
28,2024-01-18 17:18:00,32.68,0.0,0.3,32.54333333333333,32.66,0,0,0.0,0.3,32.56559495406729,32.66832901038708,0.0001524256942446227,9.27746866799435e-05
28,2024-01-18 17:19:00,32.47,0.0,0.3,32.35,32.45,0,0,0.0,0.3,32.35559495406729,32.45832901038708,0.0001524256942446227,9.27746866799435e-05
28,2024-01-18 17:19:30,32.35,0.0,0.3,32.245000000000005,32.35,0,0,0.0,0.3,32.235594954067295,32.338329010387085,0.0001524256942446227,9.27746866799435e-05
28,2024-01-18 17:20:10,32.24,0.0,0.3,32.126666666666665,32.24,0,0,0.0,0.3,32.125594954067296,32.228329010387085,0.0001524256942446227,9.27746866799435e-05
28,2024-01-18 17:20:50,32.14,0.0,0.3,32.005,32.07,0,0,0.0,0.3,32.025594954067294,32.128329010387084,0.0001524256942446227,9.27746866799435e-05
28,2024-01-18 17:21:30,32.03,0.0,0.3,31.893333333333334,31.94,0,0,0.0,0.3,31.915594954067295,32.018329010387085,0.0001524256942446227,9.27746866799435e-05
28,2024-01-18 17:22:10,31.9,0.0,0.3,31.778333333333332,31.83,0,0,0.0,0.3,31.79364634442763,31.888329010387086,0.0001524256942446227,9.27746866799435e-05
28,2024-01-18 17:23:00,31.74,0.0,0.3,31.67,31.72,0,0,0.0,0.3,31.64405317516755,31.73024532667576,0.0001524256942446227,9.27746866799435e-05
28,2024-01-18 17:23:40,31.62,0.0,0.3,31.554999999999996,31.62,0,0,0.0,0.3,31.53420646054823,31.611265831569987,0.0001524256942446227,9.27746866799435e-05
28,2024-01-18 17:24:20,31.52,0.0,0.3,31.44666666666667,31.51,0,0,0.0,0.3,31.444581735576264,31.51489811161959,0.00014306830846198961,9.27746866799435e-05
28,2024-01-18 17:25:00,31.41,0.0,0.3,31.363333333333333,31.41,0,0,0.0,0.3,31.334581735576265,31.40489811161959,0.00014306830846198961,9.27746866799435e-05
28,2024-01-18 17:25:40,31.33,0.0,0.3,31.26833333333333,31.31,0,0,0.0,0.3,31.254581735576263,31.32489811161959,0.00014306830846198961,9.27746866799435e-05
28,2024-01-18 17:26:20,31.28,0.0,0.3,25.959999999999997,31.2,0,0,0.0,0.3,31.204770546933283,31.274898111619592,0.00014306830846198961,9.27746866799435e-05
3,2024-01-05 16:42:30,38.21,1.84,1.6,38.395,38.52,0,0,1.84,1.5999999999999999,38.36021200902355,38.83245100598585,0.000830111575073869,9.629684150154913e-05
3,2024-01-05 16:43:10,38.42,1.84,1.6,38.56666666666667,38.62,0,0,1.84,1.5999999999999999,38.70058532435044,39.051238163874935,0.0006131659699741227,9.629684150154913e-05
3,2024-01-05 16:43:50,38.62,1.84,1.6,38.73,38.83,0,0,1.84,1.5999999999999999,38.78841101715177,39.11105223003691,0.00035323151655693966,9.311856673606801e-05
3,2024-01-05 16:44:30,38.76,1.84,1.6,38.85666666666666,38.93,0,0,1.84,1.5999999999999999,38.89415797225765,39.10977792665635,0.0003564958030469173,9.311856673606801e-05
3,2024-01-05 16:45:10,38.83,1.84,1.6,38.94166666666667,39.03,0,0,1.84,1.5999999999999999,38.90785153357139,39.06383433151535,0.0003451265716281718,9.022655148453317e-05
3,2024-01-05 16:45:50,38.93,1.84,1.6,39.02166666666666,39.04,0,0,1.84,1.5999999999999999,39.00372667311097,39.113593281919286,0.00032459979896772907,9.022655148453317e-05
3,2024-01-05 16:46:30,39.04,1.84,1.6,39.04,39.04,0,0,1.84,1.5999999999999999,39.08136528942958,39.18649384933564,0.00029685085211662285,9.022655148453317e-05
3,2024-01-05 16:47:10,39.04,1.84,1.6,39.01833333333333,39.04,0,0,1.84,1.5999999999999999,39.08136528942958,39.15196794842129,0.00029685085211662285,9.022655148453317e-05
3,2024-01-05 16:47:50,39.04,1.84,1.6,38.88666666666666,39.04,0,0,1.84,1.5999999999999999,39.066227453446146,39.11711113935617,0.0002601205944175019,9.022655148453317e-05
3,2024-01-05 16:48:30,38.83,1.84,1.6,38.79666666666666,38.87,0,0,1.84,1.5999999999999999,38.84409754945569,38.874694911421194,0.00017846214209897083,9.022655148453317e-05
3,2024-01-05 16:49:10,38.83,1.84,1.6,38.73333333333333,38.76,0,0,1.84,1.5999999999999999,38.822878024442424,38.85821272327073,0.00017846214209897083,9.022655148453317e-05
3,2024-01-05 16:49:50,38.73,1.84,1.6,38.693333333333335,38.73,0,0,1.84,1.5999999999999999,38.71327452700122,38.73825726244995,0.00017227741343771305,9.022655148453317e-05
3,2024-01-05 16:50:20,38.73,1.84,1.6,38.64333333333333,38.71,0,0,1.84,1.5999999999999999,38.70895386971489,38.73396876352202,0.00017227741343771305,9.022655148453317e-05
3,2024-01-05 16:51:00,38.63,1.84,1.6,38.635,38.66,0,0,1.84,1.5999999999999999,38.59838084317372,38.63022962218138,0.0001866222702124638,9.022655148453317e-05
3,2024-01-05 16:51:40,38.63,1.84,1.6,38.63999999999999,38.66,0,0,1.84,1.5999999999999999,38.59838084317372,38.63022962218138,0.0001866222702124638,9.022655148453317e-05
3,2024-01-05 16:52:20,38.66,1.84,1.6,38.576666666666675,38.63,0,0,1.84,1.5999999999999999,38.629956580830246,38.661280184533595,0.0001866222702124638,9.022655148453317e-05
3,2024-01-05 16:53:00,38.53,1.84,1.6,38.52,38.52,0,0,1.84,1.5999999999999999,38.50935772046572,38.53741071485342,0.00017227741343771305,9.022655148453317e-05
3,2024-01-05 16:53:40,38.52,1.84,1.6,38.52,38.52,0,0,1.84,1.5999999999999999,38.499357720465724,38.52763001906116,0.00017227741343771305,9.022655148453317e-05
3,2024-01-05 16:54:20,38.52,1.84,1.6,39.40833333333333,41.17,0,0,2.186666666666667,1.5999999999999999,39.24221132100748,38.92635500441463,0.0018518860605232785,9.022655148453317e-05
3,2024-01-05 16:55:00,39.37,2.21,1.6,41.221666666666664,41.54,0,0,2.86,1.5999999999999999,40.877321368211646,43.23631021427476,0.0017309196699854818,0.000139763050996
3,2024-01-05 16:55:40,41.54,2.97,1.6,41.425,41.51,0,0,2.9600000000000004,1.5999999999999999,41.71102327788288,41.9393196009569,0.0012982364087418766,0.00012374407166386298
3,2024-01-05 16:56:20,41.41,2.97,1.6,41.464999999999996,41.72,0,0,2.941666666666667,1.5999999999999999,41.62743770685675,41.72541398398856,0.0016364905008738537,0.00012374407166386298
3,2024-01-05 16:57:10,41.52,2.95,1.6,41.72,41.72,0,0,2.99,1.5999999999999999,41.76233890069101,42.11036680084551,0.001472257344727585,0.00012108750647135349
3,2024-01-05 16:58:00,41.72,2.99,1.6,41.693333333333335,41.72,0,0,2.99,1.5999999999999999,41.87692980024338,42.21033758606166,0.0015617369291196586,0.00011481599299322182
3,2024-01-05 16:58:30,41.68,2.99,1.6,41.68833333333333,41.71,0,0,2.99,1.5999999999999999,41.80189116343551,42.04048197787308,0.0014528041458142843,0.00011481599299322182
3,2024-01-05 16:59:10,41.67,2.99,1.6,42.425,42.96,0,0,2.99,1.5999999999999999,41.8449796122891,41.94243317865708,0.0014528041458142843,0.00011481599299322182
3,2024-01-05 16:59:50,42.96,2.99,1.6,43.32833333333334,45.54,0,0,3.1650000000000005,1.5999999999999999,43.48179515516172,44.111779455501576,0.0015175597714070783,0.00011628814414440001
3,2024-01-05 17:00:30,42.75,2.99,1.6,45.44333333333333,47.19,0,0,3.848333333333333,1.5999999999999999,46.082647864614685,47.07079031788965,0.0019041434283122865,0.00012149762406588994
3,2024-01-05 17:01:10,45.57,3.82,1.6,49.818333333333335,54.06,0,0,5.136666666666667,1.5999999999999999,50.33348169255248,52.503925372739,0.007014780050162416,0.00012587884658405308
3,2024-01-05 17:01:50,50.67,5.54,1.6,54.06833333333333,54.4,0,0,6.025000000000001,1.5999999999999999,51.56580810456959,52.2498050735833,0.003753755388480488,0.00016446769238946373
3,2024-01-05 17:02:30,54.35,6.03,1.6,54.468333333333334,54.71,0,0,6.03,1.5999999999999999,53.78800011485418,54.4719726579226,0.006377080956538242,0.00014029851260298346
3,2024-01-05 17:03:10,54.62,6.03,1.6,54.461666666666666,54.71,0,0,6.03,1.5999999999999999,53.985277770189136,54.70249412015859,0.007920137539570741,0.00014029851260298346
3,2024-01-05 17:03:50,54.4,6.03,1.6,53.666666666666664,54.31,0,0,6.03,1.5999999999999999,53.76527777018914,54.49459636020361,0.007920137539570741,0.00014029851260298346
3,2024-01-05 17:04:30,54.08,6.03,1.6,51.46666666666666,53.28,0,0,6.03,1.5999999999999999,53.45081458717716,54.17459636020361,0.007920137539570741,0.00014029851260298346
3,2024-01-05 17:05:10,50.97,6.03,1.6,50.29666666666666,50.69,0,0,6.043333333333334,1.5999999999999999,50.55604367489871,51.17875747382792,0.007031557624516922,0.00013648592198505663
3,2024-01-05 17:05:50,50.16,6.03,1.6,55.53333333333333,63.83,0,0,7.535,1.5999999999999999,54.87979430668558,56.972477662841094,0.011151794596745614,0.00012587884658405308
3,2024-01-05 17:06:30,56.75,7.93,1.6,70.27499999999999,80.71,0,0,10.503333333333332,1.5999999999999999,63.06314291893176,66.80972745545222,0.3431565914539599,0.0001513401645047224
3,2024-01-05 17:07:00,68.94,10.22,1.6,79.39,82.68,0,0,12.126666666666665,1.5999999999999999,75.9066095086001,78.73512595912501,0.37269859935031513,0.00012587884658405308
3,2024-01-05 17:07:40,82.68,12.52,1.6,84.93666666666667,87.49,0,0,13.93,1.5999999999999999,87.45455321246554,88.42153027352892,0.42095546709936826,0.00014107462902074886
3,2024-01-05 17:08:20,87.49,13.87,1.6,85.51166666666667,86.04,0,0,15.898333333333335,1.5999999999999999,88.89987926984365,90.666567796143,0.977013699271935,0.00019716214597177625
3,2024-01-05 17:09:20,85.49,16.06,1.6,85.42999999999999,86.41,0,0,16.811666666666664,1.5999999999999999,86.82826046945607,87.75550340201809,0.7786230871796601,0.00019485967816205128
3,2024-01-05 17:10:00,85.26,16.81,1.6,87.01333333333334,90.14,0,0,17.935000000000002,1.5999999999999999,86.52669617036447,87.15770534028945,0.7988881476172669,0.00019485967816205128
3,2024-01-05 17:10:40,86.68,17.82,1.6,89.49166666666667,91.19,0,0,18.786666666666665,1.5999999999999999,86.28087627341345,88.20291498391246,0.8010174643086739,0.00017563731535049872
3,2024-01-05 17:11:20,90.48,18.78,1.6,87.22666666666667,89.89,0,0,19.096666666666668,1.5999999999999999,89.27189828331997,91.44481205379923,0.8894861443360574,0.00017563731535049872
3,2024-01-05 17:12:00,88.41,19.21,1.6,84.07333333333334,86.61,0,0,19.76,1.5999999999999999,88.81920168509929,89.6850397350117,0.8932326985632467,0.00043138341526639893
3,2024-01-05 17:12:40,82.92,19.55,1.6,83.94166666666668,86.61,0,0,21.721666666666664,1.5999999999999999,79.9269874083889,83.48529933219419,0.9165919370712006,0.0003954848510645602
3,2024-01-05 17:13:20,83.48,21.8,1.6,75.21333333333334,82.86,0,0,23.66333333333333,1.5999999999999999,83.60917262166707,86.17533182729807,0.9122081882199917,0.0005145427506188085
3,2024-01-05 17:14:00,73.96,24.0,1.6,66.81333333333335,67.18,0,0,24.073333333333334,3.2999999999999994,74.06316501781738,74.61012794829922,0.8754692249642809,0.00046161122865270306
3,2024-01-05 17:14:40,66.77,24.05,4.6,67.395,67.71,0,0,24.045,5.133333333333333,67.37137746104446,67.75224145893677,0.7485013040768522,0.0007166462441815238
3,2024-01-05 17:15:10,67.42,24.05,5.1,67.89833333333333,68.28,0,0,24.014999999999997,5.1000000000000005,68.12705234286143,68.4713253323519,0.36600675863539645,0.0003210323405887662
3,2024-01-05 17:15:50,68.0,23.99,5.1,68.57333333333332,68.91,0,0,23.996666666666666,5.1000000000000005,68.7727804951658,69.3383419688102,0.27926271300408767,0.0003831641137726631
3,2024-01-05 17:16:11,68.59,24.0,5.1,69.58833333333334,70.64,0,0,24.001666666666665,5.1000000000000005,69.50971103968257,70.00989876667697,0.05594871598942057,0.0004003147700897756
3,2024-01-05 17:16:40,69.67,24.0,5.1,71.335,72.48,0,0,24.008333333333336,5.1000000000000005,70.57121226263229,71.01112322658618,0.07467862105367107,0.0003962800202663357
3,2024-01-05 17:17:20,71.61,24.01,5.1,72.94,73.51,0,0,24.01,5.1000000000000005,72.47000934893364,72.89389928674575,0.050605904054963326,0.0002488282706696083
3,2024-01-05 17:18:00,73.26,24.01,5.1,73.60666666666667,73.74,0,0,24.01,5.1000000000000005,73.286630049698,73.3950336531251,0.08953642967252652,0.0001939327217109457
3,2024-01-05 17:18:40,73.61,24.01,5.1,73.73166666666667,73.77,0,0,24.01,5.366666666666667,73.63822543232742,73.78214608748848,0.10111548631500455,0.00020867483167843993
3,2024-01-05 17:19:20,73.77,24.01,5.1,73.64833333333333,73.74,0,0,24.01,5.966666666666666,73.80150028648399,73.95806433219094,0.4766537329737874,0.00019058770709710858
3,2024-01-05 17:20:00,73.61,24.01,6.0,73.57166666666667,73.74,0,0,24.01,6.0,73.64887482890917,73.79096247482408,0.20721990600093346,0.00020483822817760357
3,2024-01-05 17:20:40,73.5,24.01,6.0,73.93666666666668,74.2,0,0,23.983333333333334,6.0,73.5574825554278,73.66195159814121,0.23859209058057154,0.00019736794179775003
3,2024-01-05 17:21:20,74.11,23.99,6.0,74.58166666666666,75.05,0,0,23.95,6.0,74.15314617939492,74.26772783268808,0.16945769863216037,0.00022546154255142416
3,2024-01-05 17:22:00,74.72,23.95,6.0,75.31333333333333,75.67,0,0,23.971666666666664,6.0,74.72253975513185,74.87161675120707,0.029142413383820353,0.00019142752974706794
3,2024-01-05 17:22:30,75.39,23.99,6.0,76.02833333333334,76.67,0,0,23.991666666666664,6.0,75.3967768230991,75.50488170922453,0.014479444874218608,0.00013550338208702614
3,2024-01-05 17:23:10,75.89,23.99,6.0,76.73500000000001,77.23,0,0,23.99,3.626923076923077,75.91058276772081,76.05084821844676,0.15084450721038062,0.00018355694591093056
3,2024-01-05 17:23:50,76.91,23.99,1.2,77.46666666666667,77.68,0,0,23.99,1.3884615384615386,76.81027539954029,77.04554114462606,0.20900663587207885,0.00036042947990783667
3,2024-01-05 17:24:30,77.66,23.99,1.4153846153846152,77.56500000000001,77.68,0,0,24.0,1.6038461538461537,77.17274452904853,77.62655278001644,0.16057518747378877,0.00038454596247866504
3,2024-01-05 17:25:00,77.65,24.01,1.6307692307692307,76.54666666666667,77.48,0,0,24.003333333333334,2.3935897435897435,77.19302705075516,77.57681637369197,0.18396607903944837,0.0007901588623292872
3,2024-01-05 17:25:40,76.4,24.0,1.846153846153846,74.37833333333333,75.89,0,0,24.00666666666667,5.316666666666667,75.84811844919153,76.23669196775025,0.11583667034236388,0.0002621945771140887
3,2024-01-05 17:26:20,73.96,24.01,6.1,72.45,73.39,0,0,24.003333333333334,6.2,73.68494579071424,73.94609480311966,0.32873420484133525,0.00025089014917542747
3,2024-01-05 17:27:00,72.0,24.0,6.1,72.615,73.73,0,0,24.005000000000006,6.8,72.47332424804397,72.7146332505682,0.9539500726769526,0.00027980939181066166
3,2024-01-05 17:27:50,72.66,24.01,7.0,74.44833333333334,75.62,0,0,24.0,7.0,73.42955145167416,73.88991081065642,0.8078188129662793,0.00018590037211297454
3,2024-01-05 17:28:30,74.75,24.0,7.0,75.71833333333332,75.98,0,0,24.003333333333334,7.0,75.52126449820138,75.9653203684688,0.8743689148030047,0.00021604843322221897
3,2024-01-05 17:29:10,75.89,24.0,7.0,75.62166666666667,75.88,0,0,24.00666666666667,7.0,76.62707715596112,77.05206463499714,0.870408035424016,0.00021604843322221897
3,2024-01-05 17:29:50,75.5,24.01,7.0,75.32833333333333,75.49,0,0,24.001666666666665,7.0,75.9949098804783,76.28908607142647,0.8391294838465138,0.00021604843322221897
3,2024-01-05 17:30:30,75.31,24.0,7.0,74.86333333333333,75.24,0,0,24.005,7.6000000000000005,75.35350287404847,75.45331273920549,0.4566337464182281,0.00019215943629040505
3,2024-01-05 17:31:00,74.82,24.01,7.6,74.66166666666666,74.77,0,0,24.005,8.0,74.88529856191309,74.97369478891908,0.31625989524773773,0.00020857322181666704
3,2024-01-05 17:31:40,74.6,24.0,8.0,74.81833333333334,75.09,0,0,24.005,8.0,74.66154283863983,74.7735874180097,0.3666384782968396,0.00024298441712901787
3,2024-01-05 17:32:30,74.87,24.0,8.0,75.495,76.15,0,0,24.005000000000006,8.0,74.90375901443868,75.04143140242536,0.27082835914739584,0.00024298441712901787
3,2024-01-05 17:33:10,75.65,24.01,8.0,76.41166666666668,76.79,0,0,24.0,8.0,75.68483669871861,75.81959426408191,0.28455684802695863,0.0001797013423160375
3,2024-01-05 17:33:50,76.55,24.0,8.0,76.8,76.86,0,0,24.0,8.0,76.57687073344846,76.6979506862482,0.25562592367664705,0.0001797013423160375
3,2024-01-05 17:34:30,76.79,24.0,8.0,76.95833333333333,77.07,0,0,24.0,8.0,76.84456364318973,76.9387366490044,0.2565500216259777,0.00029305556916553395
3,2024-01-05 17:35:10,77.02,24.0,8.0,77.00333333333333,77.07,0,0,24.005,8.383333333333333,77.06812796572606,77.18913626073876,0.2711218472878541,0.000227381661129237
3,2024-01-05 17:35:50,76.98,24.01,8.4,76.87666666666668,76.97,0,0,24.01,8.983333333333333,77.04875027418461,77.14827064264011,0.16886966156947344,0.00024900410994347207
3,2024-01-05 17:36:30,76.86,24.01,9.0,76.78500000000001,76.86,0,0,24.008333333333336,9.0,76.92529295511176,77.04816327173071,0.21606487360197296,0.0002381266169632685
3,2024-01-05 17:37:10,76.77,24.01,9.0,76.59333333333332,76.78,0,0,24.00666666666667,9.0,76.8101113500264,76.91686052307593,0.1019277156197346,0.00024002756321519909
3,2024-01-05 17:37:50,76.52,24.0,9.0,76.48,76.57,0,0,24.008333333333336,9.0,76.56073623310289,76.62775361742983,0.0660425922426206,0.00018819358137667913
3,2024-01-05 17:38:30,76.44,24.01,9.0,76.60333333333334,76.72,0,0,24.00666666666667,9.0,76.43686666682939,76.56602274817247,0.0698002845465278,0.0001572708150633216
3,2024-01-05 17:39:00,76.59,24.01,9.0,76.8,77.12,0,0,24.005000000000006,9.016666666666667,76.5868666668294,76.7170166696276,0.06908398652706084,0.0001572708150633216
3,2024-01-05 17:39:50,76.77,24.0,9.0,77.26333333333334,77.53,0,0,24.001666666666665,9.65,76.76811599470446,76.8967133310156,0.12828371983496295,0.0001572708150633216
3,2024-01-05 17:40:30,77.37,24.0,10.0,77.70166666666667,78.05,0,0,24.0,10.0,77.37211900178771,77.49633352026882,0.08199883172420294,0.0001572708150633216
3,2024-01-05 17:41:20,77.76,24.0,10.0,78.10666666666667,78.27,0,0,24.0,10.0,77.77658697486534,77.8474376217297,0.13632972868857562,0.00017567405320832258
3,2024-01-05 17:42:00,78.15,24.0,10.0,78.37666666666667,78.56,0,0,24.0,10.0,78.17102427973492,78.24418558678542,0.1102962229693473,0.00018354488554926253
3,2024-01-05 17:42:40,78.37,24.0,10.0,78.60333333333332,78.68,0,0,24.001666666666665,5.310256410256411,78.38813339070514,78.48988160498648,0.9491222499438302,0.00031364583762284824
3,2024-01-05 17:43:20,78.66,24.0,0.6,78.49499999999999,78.68,1,0,24.001666666666665,0.6717948717948717,78.5982255056873,78.71892880294976,0.8667845344652451,0.0003460378096609891
3,2024-01-05 17:44:00,78.5,24.0,0.6820512820512821,77.84166666666668,78.35,1,0,24.001666666666665,0.7538461538461538,78.05208931138165,78.33259222381402,0.8795669682735342,0.000492690215434844
3,2024-01-05 17:44:40,77.82,24.0,0.764102564102564,70.98666666666666,77.48,1,0,21.5,0.8358974358974359,72.74603413038709,77.57988311680802,0.752179054274949,0.00038756423204532926
3,2024-01-05 17:45:20,71.11,21.94,0.8461538461538461,55.751666666666665,63.5,1,0,14.97,0.9179487179487179,57.59364621552301,69.76913631550451,0.9380969649506713,0.00478906176842858
3,2024-01-05 17:46:00,53.11,13.6,0.9282051282051282,49.31833333333333,50.89,1,0,12.324999999999998,1.0,49.28842409860926,52.082843679849276,0.9939401744893381,0.026839760067830003
3,2024-01-05 17:46:40,49.58,12.34,1.0102564102564102,47.004999999999995,47.35,1,0,11.94,1.0820512820512818,47.609669997570506,48.93553915031242,0.9964423122445487,0.01221526865738921
3,2024-01-05 17:48:20,46.94,11.94,1.0923076923076924,46.526666666666664,46.8,1,0,11.94,1.1641025641025642,46.70709092207899,46.90843603547564,0.9961710989345374,0.00016474553079846843
3,2024-01-05 17:48:50,46.59,11.94,1.1538461538461537,46.26333333333334,46.47,1,0,11.94,1.2256410256410255,46.71275279585472,46.677234649292345,0.9951986917127524,0.0001937209164603492
3,2024-01-05 17:49:30,46.21,11.94,1.235897435897436,46.04500000000001,46.18,1,0,11.94,1.3076923076923077,46.18853391714075,46.179631574817435,0.996453344766662,0.00030218450834728006
3,2024-01-05 17:50:10,45.99,11.94,1.317948717948718,46.33166666666667,46.7,1,0,11.94,2.8294871794871796,46.06501166835924,46.09841686856045,0.9968584571301667,0.0013412294980469962
3,2024-01-05 17:50:50,46.7,11.94,1.4,47.94166666666666,51.31,1,0,12.661666666666667,5.95,48.40170964264398,51.107496765988856,0.9968825502698624,0.002973660077024151
3,2024-01-05 17:51:30,47.64,12.49,6.1,53.17333333333334,57.68,1,0,15.628333333333336,5.783333333333334,53.008399362239665,56.22492861720634,0.973943793650353,0.0008817319135258133
3,2024-01-05 17:52:10,53.14,15.91,5.9,60.74,64.94,1,0,19.455000000000002,5.7,57.61637332717652,62.86265844032276,0.9498719289145655,0.00041067863173814605
3,2024-01-05 17:52:50,61.78,19.98,5.8,66.58,69.15,1,0,21.801666666666666,5.866666666666666,67.61812541387387,71.43042430284962,0.9920313651521413,0.0008972490011419522
3,2024-01-05 17:53:30,66.92,21.95,5.9,72.20166666666667,76.93,1,0,23.044999999999998,5.8999999999999995,70.11948388238464,72.50159105572627,0.9621589973342947,0.000458996524588061
3,2024-01-05 17:54:10,73.12,23.17,5.9,77.53333333333333,78.88,1,0,24.02,6.05,76.4128601947685,78.61972985366154,0.9654162225811752,0.0004614226735392651
3,2024-01-05 17:54:50,78.06,24.0,5.9,79.89666666666666,81.57,1,0,23.995,7.5,78.72576545957874,78.52672084355456,0.9479386261547178,0.0005572561075475549
3,2024-01-05 17:55:30,80.11,23.99,8.1,82.10833333333333,82.79,1,0,23.991666666666664,8.1,80.33000250080876,80.48417671122941,0.9086313534172787,0.0005456206482399127
3,2024-01-05 17:56:10,82.5,23.99,8.1,82.78333333333335,82.88,0,0,23.991666666666664,8.1,82.5421944121611,82.7008531234172,0.7325370419778313,0.0005456206482399127
3,2024-01-05 17:56:40,82.84,23.99,8.1,82.58166666666666,82.88,0,0,23.996666666666666,8.1,82.79504403976085,83.00453402288257,0.5799675197613298,0.0004896214973158628
3,2024-01-05 17:57:30,82.56,24.0,8.1,81.84833333333333,82.47,0,0,23.994999999999994,8.1,82.63503752639001,82.7566557999135,0.3012165101357819,0.00036322897242990683
3,2024-01-05 17:58:10,81.64,23.99,8.1,80.94333333333334,81.67,0,0,23.998333333333335,9.316666666666668,81.61864502051537,81.7751769608262,0.03711570526144721,0.0003914260999114034
3,2024-01-05 17:58:40,80.76,24.0,10.1,80.22500000000001,80.54,0,0,24.0,10.1,80.7873304788314,80.8461444222096,0.005624280420167006,0.0003580560384347077
3,2024-01-05 17:59:20,80.2,24.0,10.1,79.9,80.07,0,0,24.0,10.1,80.22612539844512,80.3375466091421,0.01554302632652528,0.00024949398185662285
3,2024-01-05 18:00:00,79.83,24.0,10.1,79.64666666666666,79.84,0,0,24.0,10.1,79.90246415180026,80.14165261874795,0.059995015788329685,0.0003412127842892306
3,2024-01-05 18:00:40,79.57,24.0,10.1,79.41166666666668,79.56,0,0,24.0,10.1,79.6532023615204,80.05490030259168,0.08772826638080906,0.0003412127842892306
3,2024-01-05 18:01:20,79.33,24.0,10.1,79.205,79.32,0,0,24.0,10.1,79.40965453157351,79.7886048084619,0.11665514840851383,0.00023641625492315285
3,2024-01-05 18:02:00,79.18,24.0,10.1,79.04166666666667,79.12,0,0,24.0,10.133333333333333,79.2583681494216,79.38288374780625,0.6251745188979444,0.00023641625492315285
3,2024-01-05 18:02:50,78.97,24.0,10.1,79.17833333333333,79.33,0,0,24.0,10.716666666666667,78.98140002308608,79.1015136553588,0.8060210067241911,0.00023915853814569996
3,2024-01-05 18:03:30,79.23,24.0,11.0,79.32333333333332,79.38,0,0,24.0,11.0,79.17568415318046,79.2339056523347,0.5614975917130933,0.00032442694533374406
3,2024-01-05 18:04:10,79.27,24.0,11.0,79.45166666666665,79.72,0,0,24.0,11.0,79.24117457984221,79.27954228418014,0.5082325677319788,0.00017567405320832258
3,2024-01-05 18:04:50,79.43,24.0,11.0,79.65333333333332,79.75,0,0,24.001666666666665,11.0,79.41669329970578,79.4634227820649,0.18886082801215143,0.0001572708150633216
3,2024-01-05 18:05:20,79.65,24.0,11.0,79.66,79.75,0,0,24.001666666666665,11.0,79.64739556990416,79.69380141475317,0.08733609316720294,0.0001572708150633216
3,2024-01-05 18:06:00,79.6,24.0,11.0,79.58666666666667,79.64,0,0,24.0,11.0,79.61752904099805,79.66894980930743,0.18749788852397545,0.0001572708150633216
3,2024-01-05 18:06:40,79.55,24.0,11.0,79.66,80.13,0,0,24.0,11.4,79.55642774292436,79.632491959501,0.26801195543544476,0.0001572708150633216
3,2024-01-05 18:07:20,79.64,24.0,11.4,79.92166666666667,80.13,0,0,24.0,12.0,79.64054106483185,79.722491959501,0.3958568888810046,0.0001572708150633216
3,2024-01-05 18:08:00,80.01,24.0,12.0,79.65833333333333,79.91,0,0,24.0,12.0,80.00831591762112,80.09403655066792,0.4754389884702839,0.0001572708150633216
3,2024-01-05 18:08:40,79.59,24.0,12.0,79.24833333333333,79.48,0,0,24.0,12.0,79.59132287646112,79.67058980930744,0.4370155558141869,0.0001572708150633216
3,2024-01-05 18:09:20,79.18,24.0,12.0,78.95,79.16,0,0,24.0,12.0,79.18355246595384,79.23371233320985,0.7291219797576094,0.0001572708150633216
3,2024-01-05 18:10:00,78.91,24.0,12.0,78.74333333333334,78.87,0,0,24.0,10.450000000000001,78.90430852962255,79.00592983997062,0.9299130151353866,0.000162997861225903
3,2024-01-05 18:10:40,78.72,24.0,7.9,78.65166666666666,78.74,0,0,24.0,12.216666666666667,78.51947171776123,78.74740744247192,0.700765595845144,0.00019757223036773796
3,2024-01-05 18:11:20,78.63,24.0,12.0,78.77,78.87,0,0,24.0,12.0,78.57167003812073,78.65072390375117,0.888677201357783,0.00018557138529523866
3,2024-01-05 18:11:50,78.78,24.0,12.0,78.96833333333333,79.17,0,0,24.0,12.0,78.7273382358249,78.80072390375118,0.8907316084321256,0.00018557138529523866
3,2024-01-05 18:12:30,78.96,24.0,12.0,79.38333333333334,79.71,0,0,24.0,12.0,78.90090897781158,78.98072390375117,0.9057821027996952,0.00018557138529523866
3,2024-01-05 18:13:00,79.31,24.0,12.0,79.79666666666667,80.07,1,0,24.0,6.489285714285715,79.28866584837593,79.34938774039826,0.9875965422482034,0.00018207113469647808
3,2024-01-05 18:13:40,79.89,24.0,0.7,79.97166666666666,80.13,1,0,24.0,1.6749999999999998,79.69396252154496,79.86762554326909,0.9630169298339055,0.00019804554078648438
3,2024-01-05 18:14:20,80.01,24.0,1.814285714285714,77.27166666666666,79.88,1,0,24.003333333333334,2.7892857142857133,79.51436074267778,79.83377195675857,0.9606259095013,0.00022690749829219403
3,2024-01-05 18:16:20,75.65,24.01,2.928571428571428,73.94,74.95,1,0,24.001666666666665,3.9035714285714285,74.77229064926004,75.45850957175973,0.9576545887291552,0.0003099705414122412
3,2024-01-05 18:17:00,73.61,24.0,4.042857142857143,73.72499999999998,74.16,1,0,24.001666666666665,8.186904761904762,73.683114483419,74.3019794372543,0.9845080324688039,0.0002927068387673914
3,2024-01-05 18:18:00,73.82,24.0,10.0,74.28833333333334,74.48,1,0,24.0,10.0,75.03211608286863,75.62838331573306,0.6348452544136638,0.0003313586294331125
3,2024-01-05 18:18:40,74.47,24.0,10.0,75.135,76.18,1,0,24.0,10.0,75.5652199281284,76.30109592684802,0.6112970368323947,0.0002639918239106288
3,2024-01-05 18:19:20,75.24,24.0,10.0,76.87333333333333,77.99,1,0,24.0,10.0,76.32922209376513,77.17844819098772,0.48093456919178823,0.0002639918239106288
3,2024-01-05 18:20:00,77.13,24.0,10.0,78.18666666666665,78.46,1,0,24.0,10.0,78.14255887055,78.91675612471626,0.5248295349368326,0.00030986580839259894
3,2024-01-05 18:20:40,78.42,24.0,10.0,78.43666666666667,78.47,1,0,24.0,11.033333333333333,78.92025047557806,79.15545405814701,0.1519466980658255,0.0003054894083198047
3,2024-01-05 18:21:20,78.46,24.0,11.7,78.43833333333333,78.47,1,0,24.001666666666665,12.1,78.49285648913217,78.57867678650258,0.0622022928800859,0.000258822813576066
3,2024-01-05 18:22:00,78.43,24.01,12.1,78.44166666666668,78.48,0,0,24.0,12.1,78.43990091371461,78.55033671822112,0.24213153734471185,0.00031703228331076663
3,2024-01-05 18:22:30,78.46,24.0,12.1,78.43833333333332,78.48,0,0,24.0,12.1,78.44826429220562,78.57701419397983,0.13438136949883706,0.0003084396126945547
3,2024-01-05 18:23:10,78.47,24.0,12.1,78.43166666666667,78.47,0,0,24.0,12.1,78.48528436415623,78.57855838863978,0.20878777625197673,0.00023480884211131542
3,2024-01-05 18:23:50,78.43,24.0,12.1,78.29833333333333,78.47,0,0,24.0,12.1,78.44483162798846,78.53433462318665,0.2803160372955741,0.00023480884211131542
3,2024-01-05 18:24:30,78.29,24.0,12.1,77.91833333333332,78.15,0,0,24.001666666666665,12.583333333333334,78.29497756465196,78.37685957037134,0.339144724277173,0.00018354488554926253
3,2024-01-05 18:25:10,77.82,24.0,12.9,77.65833333333333,77.78,0,0,24.001666666666665,13.0,77.80693078410557,77.87423321366838,0.8118456196719395,0.0001572708150633216
3,2024-01-05 18:25:50,77.62,24.0,13.0,77.48833333333333,77.6,0,0,24.003333333333334,13.0,77.5969740945346,77.67951688891335,0.8902014549177601,0.0001572708150633216
3,2024-01-05 18:26:30,77.45,24.01,13.0,77.38,77.49,0,0,24.0,13.0,77.42510909808205,77.50670274434972,0.8628729484486779,0.00018557138529523866
3,2024-01-05 18:27:10,77.38,24.0,13.0,77.27499999999999,77.32,0,0,24.003333333333334,11.5,77.29820741438667,77.45128209335485,0.9076938247655996,0.00019232880377947299
3,2024-01-05 18:27:40,77.26,24.01,13.0,77.19666666666667,77.36,0,0,24.005,11.716666666666667,77.19622715023085,77.32065688907582,0.9076938247655996,0.00019232880377947299
3,2024-01-05 18:28:20,77.08,24.0,13.3,77.56333333333333,77.94,0,0,24.01,13.0,76.98452615075102,77.11395318758996,0.8990204148913044,0.00019232880377947299
3,2024-01-05 18:29:10,77.67,24.01,13.0,78.19666666666667,78.63,0,0,24.003333333333334,13.0,77.613711753763,77.70578872915479,0.7972802163549738,0.00017567405320832258
3,2024-01-05 18:29:50,78.29,24.0,13.0,78.98,79.44,0,0,24.001666666666665,4.506666666666667,78.2464445574816,78.34863132466877,0.97873393485664,0.000162997861225903
3,2024-01-05 18:30:30,79.16,24.01,0.24,79.365,79.56,0,0,24.001666666666665,0.38000000000000006,78.99921010394331,79.09305589994685,0.9560765950480488,0.0001910994405453663
3,2024-01-05 18:31:00,79.56,24.0,0.36,78.785,79.54,0,0,24.00666666666667,0.5,79.04718559846323,79.38960784050307,0.9580307313447741,0.0004343324402136739
3,2024-01-05 18:31:40,78.71,24.01,0.52,77.05166666666668,78.24,0,0,24.008333333333336,7.81,77.68898362873973,78.45712791456663,0.8379566480246566,0.00030987284502471756
3,2024-01-05 18:32:20,76.9,24.01,12.7,74.69500000000001,76.25,0,0,24.01,12.083333333333334,76.24174349620402,76.77271029252923,0.16153704085436174,0.00030546192531337137
3,2024-01-05 18:33:00,74.34,24.01,12.0,73.00833333333334,73.79,0,0,24.00666666666667,12.0,74.34062912550799,74.64863052550139,0.13204365153498138,0.00023641625492315285
3,2024-01-05 18:33:50,72.59,24.01,12.0,73.94333333333334,75.18,0,0,24.001666666666665,12.0,73.63665087180753,74.19831163703928,0.17179887901541854,0.00023641625492315285
3,2024-01-05 18:34:30,74.17,24.0,12.0,75.89333333333333,76.81,0,0,24.0,12.0,75.33830231892252,75.9117190394909,0.0921065724374942,0.0002723050141168752
3,2024-01-05 18:35:10,76.25,24.0,12.0,76.78166666666668,76.82,0,0,24.001666666666665,10.116666666666667,77.34334221547837,77.94056724468979,0.26598896928015026,0.00028221986976307466
3,2024-01-05 18:35:50,76.82,24.0,12.0,76.72166666666668,76.82,0,0,24.003333333333334,2.5833333333333326,77.50758288233237,77.90598827540435,0.9332256687634349,0.00046974868811779834
3,2024-01-05 18:36:40,76.68,24.01,0.7,76.60666666666667,76.75,0,0,24.001666666666665,0.7000000000000001,76.88732722499165,77.11976373536298,0.8362100971467662,0.0003502798316469713
3,2024-01-05 18:37:20,76.75,24.0,0.7,75.84666666666668,76.56,0,0,24.005,0.7000000000000001,76.18853310235055,76.62972655371934,0.7865088551338959,0.0004343324402136739
3,2024-01-05 18:38:00,75.75,24.0,0.7,74.17166666666667,75.39,0,0,24.005,0.7000000000000001,75.14306558923184,75.63794320089188,0.5085192334887819,0.0004343324402136739
3,2024-01-05 18:38:40,74.03,24.0,0.7,68.44666666666667,73.52,0,0,21.345,0.7000000000000001,69.00482608975088,73.8482248468622,0.4264389056662328,0.0004358103674502396
3,2024-01-05 18:39:20,72.0,24.01,0.7,53.660000000000004,70.5,0,0,11.785000000000002,0.7000000000000001,59.29396368639867,70.85777915254775,0.5182530264616713,0.00045927943510765606
3,2024-01-05 18:40:00,49.46,8.26,0.7,36.333333333333336,47.57,0,0,1.0683333333333334,0.7000000000000001,43.09106269044025,47.956801545505854,0.07921118048601657,0.0002760286706716281
3,2024-01-05 18:41:00,34.92,0.0,0.7,33.1,34.05,0,0,0.0,0.7000000000000001,34.38708231394735,34.84518336631419,0.03460884766672411,0.0002940117295346304
3,2024-01-05 18:41:40,32.98,0.0,0.7,32.01833333333333,32.74,0,0,0.0,0.7000000000000001,32.39020471285632,32.87265662277703,0.0017475777699031637,0.0001336853428596131
3,2024-01-05 18:42:20,31.87,0.0,0.7,31.080000000000002,31.63,0,0,0.0,0.7000000000000001,31.353920400225523,31.761996523869254,0.0011797583941569457,0.0001336853428596131
3,2024-01-05 18:43:00,30.92,0.0,0.7,30.296666666666667,30.78,0,0,0.0,0.7000000000000001,30.44000581985571,30.811482973310685,0.0011797583941569457,0.0001336853428596131
3,2024-01-05 18:43:40,30.17,0.0,0.7,29.633333333333336,30.04,0,0,0.0,0.7000000000000001,29.694365862202204,30.067139839111245,0.0011797583941569457,0.0001336853428596131
3,2024-01-05 18:44:20,29.54,0.0,0.7,29.054999999999996,29.41,0,0,0.0,0.7000000000000001,29.145733094956007,29.36914253454022,0.0006964287838716437,0.0001336853428596131
3,2024-01-05 18:45:00,28.99,0.0,0.7,28.546666666666667,28.88,0,0,0.0,0.7000000000000001,28.511971359354373,28.763213980658957,0.0006964287838716437,0.00010466053929584827
3,2024-01-05 18:45:40,28.49,0.0,0.7,28.11,28.36,0,0,0.0,0.7000000000000001,28.05828223912001,28.359835248985735,0.00020556384149932844,9.16267705770589e-05
3,2024-01-05 18:46:20,28.07,0.0,0.7,27.735,27.96,0,0,0.0,0.7000000000000001,27.706028685143636,27.966174082600432,0.00020556384149932844,9.16267705770589e-05
3,2024-01-05 18:47:00,27.72,0.0,0.7,27.45,27.62,0,0,0.0,0.7000000000000001,27.40316955879704,27.64232851607998,0.00020556384149932844,9.16267705770589e-05
3,2024-01-05 18:47:31,27.47,0.0,0.7,27.138333333333332,27.41,0,0,0.0,0.7000000000000001,27.193004883111236,27.386869434778752,0.00020915106917109385,9.16267705770589e-05
3,2024-01-05 18:48:10,27.16,0.0,0.7,26.904999999999998,27.09,0,0,0.0,0.7000000000000001,26.913198135005445,27.08587338000634,0.00020915106917109385,9.16267705770589e-05
3,2024-01-05 18:48:50,26.88,0.0,0.7,26.646666666666665,26.82,0,0,0.0,0.7000000000000001,26.6506907242003,26.816727521395933,0.00020915106917109385,9.16267705770589e-05
3,2024-01-05 18:49:40,26.59,0.0,0.7,26.423333333333332,26.57,0,0,0.0,0.7000000000000001,26.38782279819347,26.540028520821487,0.00020915106917109385,9.16267705770589e-05
3,2024-01-05 18:50:20,26.36,0.0,0.7,26.221666666666668,26.36,0,0,0.0,0.7000000000000001,26.186207043457742,26.32300267100822,0.00020915106917109385,0.00011771497760231249
3,2024-01-05 18:51:00,26.16,0.0,0.7,26.05333333333333,26.15,0,0,0.0,0.7000000000000001,26.00521848457165,26.12700246311505,0.0001666763545892157,0.00011771497760231249
3,2024-01-05 18:51:40,26.04,0.0,0.7,25.896666666666665,26.0,0,0,0.0,0.7000000000000001,25.903851964250244,26.00700246311505,0.0001666763545892157,0.00011238235429642242
3,2024-01-05 18:52:20,25.84,0.0,0.7,25.746666666666666,25.83,0,0,0.0,0.7000000000000001,25.703851964250244,25.80700246311505,0.0001666763545892157,9.27746866799435e-05
3,2024-01-05 18:53:00,25.73,0.0,0.7,25.573333333333334,25.73,0,0,0.0,0.7000000000000001,25.609088532341573,25.707283950659615,0.0001666763545892157,9.27746866799435e-05
3,2024-01-05 18:53:40,25.52,0.0,0.7,25.399999999999995,25.52,0,0,0.0,0.7000000000000001,25.414948173735016,25.497283950659615,0.0001666763545892157,9.27746866799435e-05
3,2024-01-05 18:54:30,25.41,0.0,0.7,25.278333333333332,25.33,0,0,0.0,0.7000000000000001,25.318622907767857,25.387283950659615,0.0001666763545892157,9.27746866799435e-05
3,2024-01-05 18:55:10,25.31,0.0,0.7,25.168333333333333,25.21,0,0,0.0,0.7000000000000001,25.217253521659387,25.297702186269547,0.0001524256942446227,9.27746866799435e-05
3,2024-01-05 18:55:50,25.2,0.0,0.7,25.063333333333333,25.1,0,0,0.0,0.7000000000000001,25.118957709708575,25.185028375287477,0.0001524256942446227,9.27746866799435e-05
3,2024-01-05 18:56:20,25.1,0.0,0.7,24.99833333333333,25.1,0,0,0.0,0.7000000000000001,25.018957709708577,25.08502837528748,0.0001524256942446227,9.27746866799435e-05
3,2024-01-05 18:57:00,24.99,0.0,0.7,24.906666666666666,24.99,0,0,0.0,0.7000000000000001,24.922473128797126,24.98009125534632,0.0001524256942446227,9.27746866799435e-05
3,2024-01-05 18:57:40,24.89,0.0,0.7,24.810000000000002,24.89,0,0,0.0,0.7000000000000001,24.832626414177806,24.880453741633467,0.0001524256942446227,9.27746866799435e-05
3,2024-01-05 18:58:20,24.78,0.0,0.7,24.728333333333335,24.78,0,0,0.0,0.7000000000000001,24.733001689205846,24.77408602168307,0.00014306830846198961,9.27746866799435e-05
3,2024-01-05 18:59:00,24.68,0.0,0.7,24.60833333333333,24.68,0,0,0.0,0.7000000000000001,24.63422879028721,24.675208505238952,0.00013356321255526604,9.27746866799435e-05
3,2024-01-05 18:59:50,24.57,0.0,0.7,24.52,24.57,0,0,0.0,0.7000000000000001,24.52422879028721,24.56629694031342,0.00013356321255526604,9.27746866799435e-05
3,2024-01-05 19:00:50,24.47,0.0,0.7,24.421666666666667,24.47,0,0,0.0,0.7000000000000001,24.42422879028721,24.46629694031342,0.00013356321255526604,9.27746866799435e-05
3,2024-01-05 19:01:30,24.4,0.0,0.7,24.345,24.36,0,0,0.0,0.7000000000000001,24.35580687822395,24.39629694031342,0.00013356321255526604,9.27746866799435e-05
3,2024-01-05 19:02:10,24.36,0.0,0.7,24.278333333333336,24.36,0,0,0.0,0.7000000000000001,24.315806878223952,24.35629694031342,0.00013356321255526604,9.27746866799435e-05
3,2024-01-05 19:02:50,24.26,0.0,0.7,24.21166666666667,24.26,0,0,0.0,0.7000000000000001,24.217644582144853,24.256933715660608,0.00013356321255526604,9.27746866799435e-05
3,2024-01-05 19:03:30,24.19,0.0,0.7,24.150000000000002,24.15,0,0,0.0,0.7000000000000001,24.14803432221241,24.187909905070484,0.00013944759264662105,9.27746866799435e-05
3,2024-01-05 19:04:10,24.15,0.0,0.7,24.084999999999997,24.15,0,0,0.0,0.7000000000000001,24.11209601726214,24.14384748769744,0.00013944759264662105,9.27746866799435e-05
3,2024-01-05 19:04:40,24.06,0.0,0.7,24.01,24.05,0,0,0.0,0.7000000000000001,24.02209601726214,24.05384748769744,0.00013944759264662105,9.27746866799435e-05
3,2024-01-05 19:05:20,24.01,0.0,0.7,23.94333333333333,23.96,0,0,0.0,0.7000000000000001,23.972096017262142,24.003847487697442,0.00013944759264662105,9.27746866799435e-05
3,2024-01-05 19:06:00,23.94,0.0,0.7,23.903333333333336,23.94,0,0,0.0,0.7000000000000001,23.902096017262142,23.9307290526765,0.00013434947777952842,9.27746866799435e-05
3,2024-01-05 19:06:40,23.92,0.0,0.7,23.84,23.84,0,0,0.0,0.7000000000000001,23.882096017262143,23.91105265075244,0.00013434947777952842,9.27746866799435e-05
3,2024-01-05 19:07:30,23.84,0.0,0.7,23.84,23.84,0,0,0.0,0.7000000000000001,23.80209601726214,23.831052650752437,0.00013434947777952842,9.27746866799435e-05
3,2024-01-05 19:08:10,23.84,0.0,0.7,23.84,23.84,0,0,0.0,0.7000000000000001,23.80209601726214,23.83113302616141,0.00013434947777952842,9.27746866799435e-05
30,2024-01-19 15:13:30,36.36,2.0,0.5,36.83166666666667,37.18,0,0,2.0,0.5,36.57127147212044,36.86458992820918,0.00031164095802130505,9.773226930526047e-05
30,2024-01-19 15:14:10,36.88,2.0,0.5,37.34666666666667,37.63,0,0,2.0,0.5,37.24382984910549,37.40171231552342,0.00019387400033516803,9.900030856199344e-05
30,2024-01-19 15:14:50,37.42,2.0,0.5,37.783333333333324,38.04,0,0,2.0,0.5,37.734031009860075,37.78973637946063,0.00018404452285491536,9.574836902470004e-05
30,2024-01-19 15:15:30,37.83,2.0,0.5,38.151666666666664,38.36,0,0,2.0,0.5,38.08492867240147,38.196822369243755,0.0001958887984258366,9.574836902470004e-05
30,2024-01-19 15:16:10,38.17,2.0,0.5,38.47333333333333,38.68,0,0,2.0,0.5,38.34158716912249,38.47084283078678,0.0001958887984258366,9.574836902470004e-05
30,2024-01-19 15:16:50,38.5,2.0,0.5,40.19166666666667,42.96,0,0,2.5483333333333333,0.5,40.04212536978552,42.78030495795523,0.001047899853019885,0.00012069546546444872
30,2024-01-19 15:17:30,39.76,2.47,0.5,43.35833333333333,44.12,0,0,3.43,0.5,42.57325164451537,44.90457826118764,0.0006127526510955918,0.00011497887248971701
30,2024-01-19 15:18:10,43.31,3.44,0.5,44.27166666666667,44.88,0,0,3.44,0.5,43.614834615879,43.70654228290532,0.00025347314031253686,0.0001206148542271909
30,2024-01-19 15:19:00,44.56,3.44,0.5,45.053333333333335,45.37,0,0,3.44,0.5,44.7745683885536,44.92831693695268,0.00025347314031253686,0.0001381360342618867
30,2024-01-19 15:19:40,45.13,3.44,0.5,48.50333333333333,57.06,0,0,3.44,0.5,45.347951738785284,45.54545932509782,0.00025347314031253686,0.0001382770555455388
30,2024-01-19 15:20:20,45.61,3.44,0.5,52.355,57.06,0,0,3.44,0.5,45.81237811106569,45.94122951129681,0.00032456752611852765,0.00012357462170708918
30,2024-01-19 15:21:00,51.32,3.44,0.5,50.82833333333334,53.04,0,0,4.08,0.5,52.69999263353424,54.61098554338851,0.0017451682623389954,0.00014213967248211126
30,2024-01-19 15:21:40,50.74,4.29,0.5,53.88999999999999,55.39,0,0,5.6000000000000005,0.5,54.930245118277206,57.419456358103695,0.003609340096975902,0.00014199471248397253
30,2024-01-19 15:22:20,54.92,5.98,0.5,54.95000000000001,55.39,0,0,6.283333333333332,0.5,55.47452965046466,56.143387795812316,0.001852085227467988,0.00012702659455735403
30,2024-01-19 15:23:10,54.81,6.29,0.5,54.495,54.62,0,0,6.29,0.5,54.27621440229,54.87146742705578,0.0007936543529973328,0.00012702659455735403
30,2024-01-19 15:23:50,54.58,6.29,0.5,54.04,54.42,0,0,6.29,0.5,54.058691886755966,54.65194383979382,0.001040642525078553,0.00012702659455735403
30,2024-01-19 15:24:30,53.98,6.29,0.5,53.745,54.24,0,0,6.388333333333333,0.5,53.84069276356465,54.8250584873827,0.0006227983700784887,0.00012357462170708918
30,2024-01-19 15:25:10,53.48,6.29,0.5,56.05833333333334,59.36,0,0,7.616666666666666,0.5,57.649315951896895,60.339725960400536,0.0029247592439705017,0.00011538270162113391
30,2024-01-19 15:25:40,56.9,7.94,0.5,61.36333333333332,66.46,0,0,9.651666666666666,0.5,63.36081739212737,66.95974374421651,0.003929709668850379,0.00010663172404576096
30,2024-01-19 15:26:01,59.78,9.26,0.5,67.98166666666667,74.17,0,0,11.54,0.5,66.38278628126278,69.93736450583373,0.005302159145151938,0.00011538270162113391
30,2024-01-19 15:26:40,70.12,12.02,0.5,76.01166666666667,79.68,0,0,14.111666666666666,0.5,75.71132023363496,78.42441395316419,0.06760737642503799,0.00012357462170708918
30,2024-01-19 15:27:20,76.5,14.54,0.5,80.48666666666666,81.75,0,0,15.356666666666667,0.5,78.71811692607717,80.70471828705413,0.059660894887975616,0.00012772930151815336
30,2024-01-19 15:28:00,80.67,15.21,0.5,82.90166666666667,84.49,0,0,16.506666666666664,0.5,83.05080424802892,83.63107778904306,0.05538374300977852,0.00012623757099938608
30,2024-01-19 15:28:40,84.49,17.05,0.5,84.23333333333333,86.56,0,0,17.795,0.5,85.1201579048644,86.61122181867577,0.046270336750162386,0.00017642730951808968
30,2024-01-19 15:29:20,86.56,18.16,0.5,84.22666666666667,85.04,0,0,19.463333333333335,0.5,86.99974505214495,88.32703348041449,0.1079771070710089,0.00017642730951808968
30,2024-01-19 15:30:00,84.25,19.77,0.5,86.80333333333333,89.0,0,0,21.623333333333335,0.5,81.36292893184113,84.89086653153635,0.06800794498155509,0.00016237847857400407
30,2024-01-19 15:30:40,86.9,21.87,0.5,83.82333333333334,89.0,0,0,22.831666666666667,0.5,86.67978630482055,88.33807770235887,0.19169631292564412,0.0001519620279471383
30,2024-01-19 15:31:20,86.66,22.72,0.5,71.79499999999999,80.42,0,0,23.558333333333334,0.5,86.31412297260509,87.9893470276407,0.19863896258779817,0.00024609932515642485
30,2024-01-19 15:32:00,69.78,23.7,0.5,67.99666666666667,69.88,0,0,23.891666666666666,0.5,69.91717779669251,70.44958458472216,0.11671773065097948,0.00017793416258299457
30,2024-01-19 15:32:40,67.69,23.91,0.5,65.65166666666666,66.35,0,0,24.02,0.5,67.85938638135768,68.27980950531472,0.08184270165667062,0.00014254304225040293
30,2024-01-19 15:33:20,65.47,24.05,0.5,65.50999999999999,65.53,0,0,24.08,0.5,65.50792579159727,65.80982430089543,0.017001340080458935,0.00014255741554269945
30,2024-01-19 15:34:00,65.52,24.08,0.5,65.485,65.53,0,0,24.08,0.5,65.50812500267904,65.81344011327437,0.006051428233546083,0.00014255741554269945
30,2024-01-19 15:34:30,65.5,24.08,0.5,65.44,65.48,0,0,24.08,0.5,65.5018668153778,65.79344011327437,0.005816862535269563,0.00014255741554269945
30,2024-01-19 15:35:10,65.43,24.08,0.5,65.37166666666666,65.42,0,0,24.08,0.5,65.45182889847057,65.67949436969165,0.00340512982269191,0.00013620022444758815
30,2024-01-19 15:35:50,65.35,24.08,0.5,65.33666666666667,65.36,0,0,24.08,0.5,65.32020401682406,65.5744869176994,0.0031204580483746728,0.00013620022444758815
30,2024-01-19 15:36:30,65.35,24.08,0.5,65.32833333333333,65.37,0,0,24.08,0.5,65.47186424042725,65.64408297544055,0.00321391794192373,0.00012242593850205318
30,2024-01-19 15:37:10,65.33,24.08,0.5,65.25,65.31,0,0,24.08,0.5,65.32749903549217,65.52804424184016,0.03198304174972852,0.00012617791991481242
30,2024-01-19 15:37:50,65.26,24.08,0.5,65.18166666666667,65.21,0,0,24.08,2.85,65.29288630457732,65.43673682447621,0.07549052430933202,0.00013514399358318608
30,2024-01-19 15:38:40,65.17,24.08,5.2,65.25166666666667,65.33,0,0,24.08,5.0,65.16410734785019,65.30626858543147,0.03587757142246038,0.00015228796832118571
30,2024-01-19 15:39:20,65.27,24.08,4.9,65.46333333333332,65.65,0,0,24.08,4.8999999999999995,65.27630148556551,65.39352662034827,0.01031325486142023,0.00015767028489040987
30,2024-01-19 15:40:00,65.49,24.08,4.9,65.83333333333333,66.11,0,0,24.08,4.8999999999999995,65.49751882267287,65.6149935512767,0.02121353088101661,0.00015767028489040987
30,2024-01-19 15:40:40,65.9,24.08,4.9,66.03666666666666,66.11,0,0,24.08,5.866666666666667,65.91843820467548,65.97241684603105,0.0281925555063825,0.0001655280536924879
30,2024-01-19 15:41:20,66.02,24.08,6.2,66.01833333333333,66.07,0,0,24.08,7.116666666666667,66.10008439690351,66.19173899496012,0.03760296191944098,0.00016955445509521166
30,2024-01-19 15:42:00,66.02,24.08,7.1,66.165,66.33,0,0,24.08,7.1000000000000005,66.1673692348942,66.18346238085498,0.03548814620048808,0.00016149074651273043
30,2024-01-19 15:42:30,66.11,24.08,7.1,66.31666666666666,66.39,0,0,24.08,7.1000000000000005,66.20474937740201,66.23370775018188,0.028304902801743734,0.00016033226416477375
30,2024-01-19 15:43:10,66.39,24.08,7.1,66.41666666666667,66.47,0,0,24.08,7.366666666666667,66.49318093607071,66.53057542629037,0.011715794041553556,0.00016033226416477375
30,2024-01-19 15:43:50,66.47,24.08,7.1,66.33666666666666,66.47,0,0,24.08,8.666666666666666,66.52826965783026,66.51878253331374,0.005579596461258008,0.00016832267493113314
30,2024-01-19 15:44:30,66.28,24.08,9.0,66.25833333333333,66.34,0,0,24.08,9.0,66.36884824019968,66.3917948412086,0.0024198961290769648,0.00022409197180770158
30,2024-01-19 15:45:10,66.17,24.08,9.0,66.39,66.59,0,0,24.08,9.0,66.24914566947079,66.26101463297664,0.0021288832005480784,0.00022409197180770158
30,2024-01-19 15:45:50,66.39,24.08,9.0,66.69666666666667,66.8,0,0,24.08,9.0,66.45630919558305,66.46551409120934,0.0030353268750184766,0.00022409197180770158
30,2024-01-19 15:46:30,66.77,24.08,9.0,66.88666666666667,67.05,0,0,24.08,9.416666666666666,66.83596733368816,66.86374937183753,0.008353004813373033,0.00016548907126886288
30,2024-01-19 15:47:10,66.88,24.08,9.3,67.06333333333333,67.13,0,0,24.08,10.1,66.93398440133012,66.97760487583753,0.005201475211292418,0.00017629611698193805
30,2024-01-19 15:47:50,67.09,24.08,10.1,67.165,67.22,0,0,24.08,10.1,67.1555765815795,67.19793058665934,0.0049796098572335865,0.00016179221204893027
30,2024-01-19 15:48:30,67.19,24.08,10.1,67.185,67.22,0,0,24.08,8.916666666666666,67.24428560853173,67.3003463901029,0.021446706223446285,0.00021225397905193016
30,2024-01-19 15:49:20,67.21,24.08,10.1,66.99666666666667,67.18,0,0,24.08,4.316666666666666,67.2365388201232,67.2908801656539,0.6876585222490212,0.00021629390497764897
30,2024-01-19 15:50:00,66.98,24.08,3.16,66.55166666666668,66.89,0,0,24.08,3.44,66.80256695855192,66.98277226290715,0.42037255466401324,0.0001819986063340829
30,2024-01-19 15:50:40,66.43,24.08,3.48,66.04666666666667,66.35,0,0,24.08,3.7600000000000002,66.10102544917316,66.35074591485568,0.6915815099352681,0.00014545610435542686
30,2024-01-19 15:51:10,66.13,24.08,3.72,65.59833333333333,65.99,0,0,24.08,4.0,65.8762951058926,66.13160723388678,0.8262896723248933,0.00020054602173612547
30,2024-01-19 15:51:50,65.46,24.08,4.04,65.23333333333333,65.33,0,0,24.08,7.536666666666666,65.23785473811263,65.45121737756679,0.8181059317654739,0.00026664364868296813
30,2024-01-19 15:52:30,65.15,24.08,9.4,65.52666666666667,65.87,0,0,24.08,9.0,65.30077357401709,65.54829232607933,0.34883967614965417,0.0003880254854332857
30,2024-01-19 15:53:10,65.59,24.08,9.0,66.22166666666666,66.79,0,0,24.08,9.0,66.10271794885028,66.05945379968672,0.2834178430802106,0.0003035635295385192
30,2024-01-19 15:54:00,66.32,24.08,9.0,66.73833333333334,66.85,0,0,24.08,9.0,66.59634510314756,66.53478075941018,0.07885866200841776,0.0003883578593561583
30,2024-01-19 15:54:40,66.85,24.08,9.0,66.54333333333334,66.75,0,0,24.08,9.6,66.87057246039193,67.02432107865489,0.037641500138331535,0.00019452650282072073
30,2024-01-19 15:55:20,66.51,24.08,10.0,66.47666666666666,66.54,0,0,24.08,10.0,66.58251494645289,66.61707366753875,0.02678907544603615,0.00018619768966931895
30,2024-01-19 15:56:00,66.53,24.08,10.0,66.54,66.55,0,0,24.08,10.0,66.61604161984592,66.64565883167575,0.010720982548854757,0.00018416435173615605
30,2024-01-19 15:56:40,66.53,24.08,10.0,66.59666666666666,66.69,0,0,24.08,10.0,66.6070040180871,66.64632452688166,0.006995246605599874,0.00018416435173615605
30,2024-01-19 15:57:20,66.57,24.08,10.0,66.7,66.75,0,0,24.08,10.233333333333333,66.61379760142668,66.63672495061562,0.10559158634245706,0.00018416435173615605
30,2024-01-19 15:58:00,66.75,24.08,10.0,66.72,66.75,0,0,24.08,10.9,66.78158286165505,66.8063646732441,0.04347655295424637,0.00018973092506962834
30,2024-01-19 15:58:40,66.67,24.08,11.0,66.74666666666667,66.85,0,0,24.08,11.0,66.700234179367,66.69846699319564,0.08113723933992101,0.00016179221204893027
30,2024-01-19 15:59:10,66.7,24.08,11.0,66.87833333333333,67.07,1,0,24.08,11.0,66.73747279553518,66.72955624966683,0.12705548819114723,0.00016179221204893027
30,2024-01-19 15:59:50,66.92,24.08,11.0,67.06166666666665,67.14,1,0,24.08,6.780952380952381,66.95535184495726,66.97076477018167,0.8858834148504932,0.00019001943438869923
30,2024-01-19 16:00:30,67.1,24.08,7.3,66.97166666666666,67.07,1,0,24.08,0.5642857142857144,67.12693304326604,67.20801917335905,0.9285135187471232,0.0002011236704785537
30,2024-01-19 16:01:10,66.99,24.08,0.6571428571428571,66.775,66.88,1,0,24.08,1.3071428571428572,66.55270457026573,66.95516117913623,0.8363778330858528,0.00019882514162889226
30,2024-01-19 16:01:50,66.77,24.08,1.4000000000000001,66.41166666666668,66.73,1,0,24.08,2.0500000000000003,66.17163654472562,66.71062976998337,0.8291163093261835,0.0002893524160258473
30,2024-01-19 16:02:30,66.4,24.08,2.142857142857143,65.92666666666666,66.14,1,0,24.08,4.357142857142857,65.8254584970464,66.21088342186894,0.8419174627798993,0.0002478685419122723
30,2024-01-19 16:03:10,65.84,24.08,6.3,64.835,65.88,1,0,24.08,6.05,65.51545185847763,65.92310285951693,0.9715192338908825,0.0002622417651071656
30,2024-01-19 16:04:40,64.3,24.08,6.0,65.265,66.01,1,0,24.08,6.3,64.5317461752594,64.92742822477408,0.9542546305256209,0.00023413955368990427
30,2024-01-19 16:05:20,65.19,24.08,6.0,66.14,66.57,1,0,24.08,7.7,65.6718569557579,65.75044386376565,0.9459798797627929,0.00019028562235629402
30,2024-01-19 16:06:00,66.28,24.08,8.1,66.85833333333333,67.15,1,0,24.08,8.1,66.77124063379689,66.97464250109144,0.7829417792964172,0.000235093054797587
30,2024-01-19 16:06:40,67.05,24.08,8.1,67.08,67.15,0,0,24.08,8.25,67.24477468668931,67.42920414827964,0.3633526523335851,0.000235093054797587
30,2024-01-19 16:07:20,67.0,24.08,8.1,67.11666666666666,67.18,0,0,24.08,9.583333333333334,67.06695690193241,67.1051407078618,0.11297408232026059,0.0002939568880177142
30,2024-01-19 16:07:50,67.11,24.08,10.1,67.15166666666667,67.18,0,0,24.08,10.1,67.19577435721418,67.25020310207314,0.04800330681815215,0.00026810065275586467
30,2024-01-19 16:08:30,67.13,24.08,10.1,67.11166666666668,67.18,0,0,24.08,10.1,67.21511169892707,67.27802973747053,0.0337230374258695,0.0002517679222055033
30,2024-01-19 16:09:10,67.12,24.08,10.1,67.07333333333332,67.14,0,0,24.08,10.1,67.23685154745213,67.26802973747054,0.018985545948097194,0.00023560128399516665
30,2024-01-19 16:09:50,67.07,24.08,10.1,67.05,67.14,0,0,24.08,10.116666666666667,67.13052403616948,67.19522289750468,0.008874939828276522,0.00018548331825305397
30,2024-01-19 16:10:30,67.04,24.08,10.1,66.92500000000001,66.98,0,0,24.08,10.699999999999998,67.1069777962253,67.13874179735016,0.005385194151215047,0.0001807244313993409
30,2024-01-19 16:11:10,66.98,24.08,11.0,67.01333333333334,67.18,0,0,24.08,11.0,67.00731702603522,67.04938634495015,0.020907713646716466,0.00016179221204893027
30,2024-01-19 16:11:50,67.02,24.08,11.0,67.25,67.42,0,0,24.08,11.0,67.04830126321144,67.09467114965116,0.05792987223700444,0.00016179221204893027
30,2024-01-19 16:12:30,67.25,24.08,11.0,67.37833333333334,67.45,0,0,24.08,11.0,67.26397722218508,67.29524916746801,0.1326958233661914,0.00016179221204893027
30,2024-01-19 16:13:10,67.43,24.08,11.0,67.30000000000001,67.37,0,0,24.08,10.716666666666667,67.44642423393147,67.4599533576242,0.17311755267091286,0.0001676838781158108
30,2024-01-19 16:13:50,67.28,24.08,10.3,67.38333333333333,67.52,0,0,24.08,11.0,67.30614797143464,67.31534037195799,0.1529904205724526,0.00016179221204893027
30,2024-01-19 16:14:30,67.39,24.08,11.0,67.46666666666667,67.52,0,0,24.08,11.0,67.41698766420326,67.43158164545382,0.1401422383110003,0.00016179221204893027
30,2024-01-19 16:15:10,67.5,24.08,11.0,67.39666666666668,67.46,0,0,24.08,11.533333333333331,67.52130282414558,67.5605104017676,0.2662524244743128,0.00016179221204893027
30,2024-01-19 16:16:00,67.4,24.08,11.9,67.44833333333334,67.49,0,0,24.08,12.0,67.41449624157784,67.45860825157405,0.2526736178188384,0.00016179221204893027
30,2024-01-19 16:16:30,67.45,24.08,12.0,67.42,67.49,1,0,24.08,12.0,67.45594195339288,67.48729372576442,0.24832131643967922,0.00016179221204893027
30,2024-01-19 16:17:10,67.42,24.08,12.0,66.73166666666667,67.35,1,0,24.08,4.2404761904761905,67.39944514460285,67.4500930328478,0.9394121374445246,0.00019001943438869923
30,2024-01-19 16:21:10,66.16,24.08,0.30714285714285716,66.52999999999999,68.6,1,0,24.08,0.682142857142857,66.06714617161062,66.18799633356342,0.9685676300858658,0.0001851833150454193
30,2024-01-19 16:21:50,66.07,24.08,0.7357142857142858,68.75,69.6,1,0,24.08,1.1107142857142858,65.68151531384906,66.02131511234676,0.9696857031314645,0.0003079426921403659
30,2024-01-19 16:22:30,69.4,24.08,1.1642857142857141,69.60666666666665,69.66,1,0,24.08,2.5047619047619047,68.71004820050125,69.26640898099325,0.981784055697659,0.0005061522801059248
30,2024-01-19 16:23:10,69.66,24.08,1.5928571428571427,69.61500000000001,69.73,1,0,24.08,7.0,69.13692066747788,69.43776926625628,0.584665242950587,0.00032060819590153924
30,2024-01-19 16:23:50,69.55,24.08,8.0,69.89,70.15,1,0,24.08,8.0,69.24470316218125,69.55541969504311,0.880082301119533,0.0003204143819731646
30,2024-01-19 16:24:40,69.94,24.08,8.0,70.37333333333333,70.72,0,0,24.08,8.0,69.73509833053441,69.96908221635655,0.9128506001375111,0.00021826678313721813
30,2024-01-19 16:25:20,70.39,24.08,8.0,70.61500000000001,70.72,0,0,24.08,8.083333333333334,70.54027181144875,70.62374561561415,0.7529038911917293,0.0002491174337208658
30,2024-01-19 16:26:00,70.68,24.08,8.0,70.36833333333333,70.54,0,0,24.08,9.433333333333334,70.78919269209814,70.79737654365633,0.6902955094221188,0.00029195836613937114
30,2024-01-19 16:26:40,70.33,24.08,10.1,70.39999999999999,70.5,0,0,24.08,10.1,70.48672171992703,70.49025575622117,0.3531182570391349,0.00026810065275586467
30,2024-01-19 16:27:20,70.47,24.08,10.1,70.53666666666668,70.67,0,0,24.08,10.1,70.56424374800334,70.57890084490556,0.027105490215764392,0.00018416435173615605
30,2024-01-19 16:27:50,70.51,24.08,10.1,70.605,70.67,0,0,24.08,10.1,70.58054786825537,70.61547051687157,0.020355867543239706,0.00018619768966931895
30,2024-01-19 16:28:30,70.63,24.08,10.1,70.63666666666667,70.69,0,0,24.08,10.133333333333333,70.69204676164831,70.7425370407744,0.004611018289023576,0.0001807244313993409
30,2024-01-19 16:29:10,70.59,24.08,10.1,70.63166666666666,70.69,0,0,24.08,10.716666666666667,70.66265484930707,70.69249801638053,0.006694458127552309,0.00017964387322642818
30,2024-01-19 16:29:50,70.6,24.08,11.0,70.52499999999999,70.61,0,0,24.08,11.0,70.65481057612898,70.67102191615143,0.01657086260104701,0.00016179221204893027
30,2024-01-19 16:30:30,70.52,24.08,11.0,70.485,70.64,0,0,24.08,11.0,70.56043184054518,70.58846475249624,0.051327022015335864,0.00016179221204893027
30,2024-01-19 16:31:10,70.46,24.08,11.0,70.825,71.17,0,0,24.08,11.0,70.48511481039172,70.48846699319563,0.12925190918008692,0.00016179221204893027
30,2024-01-19 16:31:50,70.87,24.08,11.0,71.46666666666668,71.98,0,0,24.08,11.0,70.8910898000048,70.9045789445622,0.1259672038112928,0.00016179221204893027
30,2024-01-19 16:32:30,71.54,24.08,11.0,72.22,72.57,0,0,24.08,11.616666666666667,71.58170521457977,71.5960721252119,0.24154823007724133,0.00016179221204893027
30,2024-01-19 16:33:10,72.32,24.08,12.0,72.56833333333333,72.69,0,0,24.08,12.0,72.35612677347211,72.3915510637104,0.2745737654118101,0.00018416435173615605
30,2024-01-19 16:33:50,72.69,24.08,12.0,72.05333333333333,72.63,0,0,24.08,12.0,72.69790160521076,72.75794684729944,0.4636586667887239,0.00023833411630948818
30,2024-01-19 16:34:30,71.94,24.08,12.0,71.03833333333334,71.73,0,0,24.08,12.0,71.90060624118682,72.00603506915301,0.5867192113706997,0.00023560128399516665
30,2024-01-19 16:35:10,70.86,24.08,12.0,70.32,70.56,0,0,24.08,12.299999999999999,70.8224455587204,70.92800058706469,0.7263664075461718,0.00023833411630948818
30,2024-01-19 16:35:50,70.27,24.08,12.0,70.085,70.21,0,0,24.08,12.966666666666667,70.2030967749441,70.28752006346619,0.7604512413080418,0.0002519237222704061
30,2024-01-19 16:36:20,70.11,24.08,13.0,70.06833333333333,70.15,0,0,24.08,13.0,70.07830553844069,70.2030585687256,0.8969266350897968,0.0002372141202782645
30,2024-01-19 16:37:00,70.07,24.08,13.0,70.35666666666667,70.76,0,0,24.08,13.0,70.07037223341455,70.14683722340655,0.8598197860148878,0.0002372141202782645
30,2024-01-19 16:37:40,70.36,24.08,13.0,70.89,71.07,1,0,24.08,7.501388888888889,70.3319068368006,70.46778645816441,0.9827494327298306,0.0002676900366008571
30,2024-01-19 16:38:20,71.03,24.08,5.8,70.90333333333334,71.07,1,0,24.08,0.12083333333333335,70.99506949266443,71.1229603266705,0.9753989436593385,0.0003918427806897579
30,2024-01-19 16:39:00,70.88,24.08,0.125,70.54833333333333,70.76,1,0,24.08,0.15416666666666667,70.55099931123692,70.82650883107955,0.6731619068110779,0.0002564614674029319
30,2024-01-19 16:39:50,70.56,24.08,0.15833333333333333,69.85000000000001,70.47,1,0,24.08,1.086111111111111,69.89829505470767,70.41402486166227,0.9751163025612736,0.0002922385838207364
30,2024-01-19 16:40:30,69.71,24.08,0.19166666666666665,69.18833333333335,69.38,1,0,24.08,6.45,69.00993341888831,69.47547948502579,0.9324339832404447,0.0002608689436243057
30,2024-01-19 16:41:10,69.06,24.08,8.2,68.04833333333333,69.32,1,0,24.084999999999997,8.0,68.41345093139212,69.12138629678691,0.9696217975365231,0.00026323510770855476
30,2024-01-19 16:42:40,68.89,24.08,8.0,68.35666666666665,70.06,1,0,24.09166666666667,8.0,69.10769807576325,69.56271245473036,0.9430720559205388,0.00027675557697680125
30,2024-01-19 16:43:20,69.13,24.09,8.0,70.29333333333334,70.92,1,0,24.09,8.0,69.99840770362312,70.28186042142109,0.9494447521120226,0.00020681717787697062
30,2024-01-19 16:44:00,70.32,24.09,8.0,71.28166666666667,71.59,0,0,24.09,8.966666666666667,70.87930001980403,71.1813435849743,0.3499830038910064,0.0003491421835721524
30,2024-01-19 16:44:50,71.59,24.09,9.5,71.65499999999999,71.77,0,0,24.09,10.1,71.75258216049983,72.04586700104943,0.6509943508899092,0.0002699359072188982
30,2024-01-19 16:45:20,71.71,24.09,10.1,71.71333333333332,71.77,0,0,24.09,10.1,71.836361197736,71.92858401320031,0.6834125322142386,0.0002671422254690335
30,2024-01-19 16:46:00,71.71,24.09,10.1,71.745,71.84,0,0,24.09,10.1,71.8888580273458,71.91547556405315,0.6578685428061268,0.00023475901072438933
30,2024-01-19 16:46:40,71.84,24.09,10.1,71.34333333333335,71.72,0,0,24.09,10.1,71.96821113138505,72.03357467711832,0.11254746941202563,0.00023475901072438933
30,2024-01-19 16:47:20,71.31,24.09,10.1,70.67333333333333,71.05,0,0,24.09,10.566666666666666,71.38849254262146,71.41780476835878,0.10531224264674896,0.00023560128399516665
30,2024-01-19 16:48:00,70.49,24.09,10.9,70.95333333333333,71.49,0,0,24.09,11.0,70.54461910577338,70.65922441125005,0.02794041186894372,0.00023560128399516665
30,2024-01-19 16:48:40,71.09,24.09,11.0,71.62333333333333,71.81,0,0,24.09,11.0,71.12910908617867,71.2276671337014,0.11982718147701948,0.00018619768966931895
30,2024-01-19 16:49:30,71.76,24.09,11.0,71.80166666666666,71.86,0,0,24.09,11.0,71.79183759717506,71.9014833206342,0.5811617659663625,0.00018619768966931895
30,2024-01-19 16:50:10,71.79,24.09,11.0,71.86833333333333,71.95,0,0,24.09,10.516666666666667,71.77948516069827,71.88332659562198,0.4079855099362437,0.00019297791007355077
30,2024-01-19 16:50:50,71.82,24.09,11.0,71.91666666666667,71.97,0,0,24.09,10.55,71.83711295869517,71.90581196121987,0.3900117357874004,0.00019297791007355077
30,2024-01-19 16:51:30,71.89,24.09,11.1,71.94166666666666,72.0,0,0,24.09,11.1,71.92247672025982,72.00787479506981,0.4007530130015506,0.00018619768966931895
30,2024-01-19 16:52:10,72.0,24.09,11.1,71.97000000000001,72.0,0,0,24.09,11.1,72.03112174064883,72.1257721871923,0.31906023612364826,0.00018416435173615605
30,2024-01-19 16:52:50,71.97,24.09,11.1,71.95166666666667,71.98,0,0,24.09,11.466666666666667,71.98911073588869,72.03777885203816,0.4188964984384032,0.00018416435173615605
30,2024-01-19 16:53:20,71.97,24.09,11.1,71.925,71.95,0,0,24.09,11.916666666666666,71.98289823616086,72.028457571628,0.4441986656787203,0.00018973092506962834
30,2024-01-19 16:54:00,71.94,24.09,12.0,71.845,71.95,0,0,24.09,10.083333333333334,71.9346795218284,71.98476908344955,0.899827247226071,0.0001676838781158108
30,2024-01-19 16:54:50,71.79,24.09,12.0,70.71999999999998,71.83,1,0,24.09,2.75,71.76279091162127,71.82471137787375,0.9674367769284177,0.00020055782093223137
30,2024-01-19 16:59:00,70.14,24.09,0.9,70.17166666666667,70.22,1,0,24.09,1.6000000000000003,70.04750313444647,70.16508941160409,0.9857676677047041,0.00022269309552678786
30,2024-01-19 16:59:40,70.15,24.09,1.7000000000000002,70.29666666666667,70.48,1,0,24.09,2.4,69.79268731152318,70.12426137059705,0.9797500839048752,0.000563715298817952
30,2024-01-19 17:00:30,70.27,24.09,2.5,70.58333333333333,70.86,1,0,24.09,4.0,69.68264396336039,70.26535967198205,0.9955075542365956,0.00034205499013777055
30,2024-01-19 17:01:10,70.55,24.09,3.3000000000000003,70.84500000000001,70.93,1,0,24.09,7.333333333333333,69.93966375777896,70.75638973981366,0.9856747495573922,0.0003301824898508102
30,2024-01-19 17:02:00,70.93,24.09,8.0,71.135,71.69,1,0,24.09,8.0,71.13717755817902,71.42923043266777,0.9547009134530186,0.0003145108823912837
30,2024-01-19 17:02:40,71.07,24.09,8.0,72.18166666666666,73.01,1,0,24.09,8.0,71.16189120020168,71.49120970978181,0.9209180699402747,0.00017425182748461633
30,2024-01-19 17:03:20,72.37,24.09,8.0,73.08666666666667,73.24,1,0,24.09,8.0,72.46823404309094,72.60272060951543,0.7079775948304609,0.00017425182748461633
30,2024-01-19 17:04:00,73.15,24.09,8.0,73.31333333333333,73.47,1,0,24.09,8.233333333333333,73.35142076594117,73.44853971036875,0.7965172384058264,0.0002491174337208658
30,2024-01-19 17:04:40,73.32,24.09,8.0,70.84166666666665,80.38,1,0,16.60333333333333,6.402136752136752,69.43542152532808,73.45224077303165,0.670890016767802,0.0002475255760125915
30,2024-01-19 17:05:30,80.38,24.08,10.1,51.775,75.84,1,0,1.4983333333333333,0.43205128205128207,75.5028534499802,80.37358861624854,0.10678079422155443,0.00047820475336373037
30,2024-01-19 17:06:00,45.51,0.01,0.4256410256410257,50.72833333333333,58.82,1,0,3.1016666666666666,0.47051282051282056,51.19095419237566,52.86679867222037,0.9383858654277014,0.0005527554806029091
30,2024-01-19 17:06:40,49.68,3.39,0.47692307692307695,62.94999999999999,67.58,1,0,5.991666666666667,0.5217948717948717,55.291323707693664,57.17966552999817,0.9798489533619276,0.001072218456741405
30,2024-01-19 17:07:20,67.58,6.61,0.5282051282051282,65.83833333333332,67.66,1,0,7.271666666666666,0.5730769230769232,69.50790880966935,71.62911332968501,0.9678973771215524,0.001703882302510798
30,2024-01-19 17:08:00,64.41,7.24,0.5794871794871794,66.50166666666667,67.66,1,0,8.243333333333334,0.6243589743589744,66.99382124341155,69.36966130145731,0.9639126584341587,0.0009482341352730332
30,2024-01-19 17:08:40,66.85,8.33,0.6307692307692307,65.65666666666668,66.1,1,0,8.686666666666667,0.6756410256410256,67.55088264215749,68.65214062477861,0.9531159603311602,0.0005215503708685067
30,2024-01-19 17:09:20,66.04,8.91,0.6820512820512821,63.913333333333334,66.1,1,0,9.538333333333334,0.726923076923077,67.89520578894715,69.9336998512873,0.9904390592514455,0.0015987512335685276
30,2024-01-19 17:10:10,62.13,9.54,0.7333333333333333,67.205,72.61,0,0,11.963333333333333,0.7782051282051281,66.99678486719331,67.67286842599765,0.9873167725545022,0.0038906908044055682
30,2024-01-19 17:10:50,65.94,12.06,0.7846153846153845,72.40833333333335,73.37,0,0,14.746666666666668,0.8294871794871793,70.27477775944557,72.09603088283872,0.978867095698631,0.0007868659134047599
30,2024-01-19 17:11:40,73.37,15.14,0.8358974358974358,74.655,77.07,0,0,16.41333333333333,0.8807692307692307,76.36507986129186,77.04029010024023,0.9151203758287962,0.0007288088955594448
30,2024-01-19 17:12:10,75.37,16.82,0.8871794871794871,79.15999999999998,81.41,0,0,18.03,0.932051282051282,77.00580819471463,77.92180712701267,0.7507391708896963,0.0004343359318497167
30,2024-01-19 17:12:40,80.71,18.56,0.9384615384615383,83.09166666666667,85.38,0,0,19.156666666666666,0.9833333333333334,81.3921544999415,82.321261432777,0.9064364336028801,0.0004464649339386982
30,2024-01-19 17:13:20,83.95,19.51,0.9897435897435897,86.17833333333334,88.24,0,0,19.926666666666666,1.0346153846153845,84.66788223950967,85.18921138181427,0.9469909585963868,0.0022742113637879485
30,2024-01-19 17:13:50,85.77,19.71,1.028205128205128,88.07000000000001,89.15,0,0,20.428333333333335,1.0730769230769228,86.05000898357875,87.36798927033615,0.9565666901761998,0.0002518356931240996
30,2024-01-19 17:14:30,89.05,20.69,1.0794871794871794,88.26333333333334,89.37,0,0,20.855,1.1243589743589741,89.19430787612536,89.97417679672839,0.9665463088285565,0.0002618956037904152
30,2024-01-19 17:15:10,89.25,20.7,1.1307692307692307,87.47166666666668,88.85,0,0,21.59833333333333,1.1756410256410255,88.63411254684313,90.76012939238433,0.9708428621542446,0.0002618956037904152
30,2024-01-19 17:16:00,87.78,21.71,1.1820512820512818,89.15166666666666,89.74,0,0,22.186666666666667,1.2269230769230768,87.71104854115497,88.80574373911918,0.9849788113991532,0.0007010501263943548
30,2024-01-19 17:16:40,89.14,22.16,1.2333333333333332,90.63999999999999,91.47,0,0,22.526666666666667,1.278205128205128,88.75610167876005,90.02030976485534,0.8410442919234686,0.000911306472825595
30,2024-01-19 17:17:20,91.22,22.62,1.2846153846153845,91.24666666666667,91.47,0,0,22.62,1.3294871794871792,90.64384367694744,91.38543690554661,0.39823823743536535,0.0007148418876602745
30,2024-01-19 17:18:00,91.29,22.62,1.3358974358974358,90.84000000000002,91.05,0,0,22.62,1.811965811965812,91.02914411396303,91.43834648101722,0.3133051517415038,0.0006656280320371986
30,2024-01-19 17:18:40,90.84,22.62,1.3871794871794871,90.80833333333334,90.95,0,0,22.62,3.6666666666666665,90.60014808488168,90.85491556161269,0.3560689344706005,0.0006400133969028342
30,2024-01-19 17:19:20,90.95,22.62,4.1,90.84333333333335,90.9,0,0,22.62,4.1000000000000005,90.90249732427901,91.06739492387635,0.17345052068049824,0.000490046600778659
30,2024-01-19 17:20:00,90.86,22.62,4.1,90.77833333333332,90.86,0,0,22.62166666666667,4.1000000000000005,90.86024376459724,90.98419280914862,0.06548674830442945,0.000490046600778659
30,2024-01-19 17:20:40,90.73,22.62,4.1,90.82833333333333,91.3,0,0,22.62833333333333,2.883333333333333,90.7224731616657,90.87502387079599,0.06171349013418637,0.0005105911459719495
30,2024-01-19 17:21:20,91.3,22.63,4.1,89.58,90.83,0,0,22.63,0.8833333333333333,91.29795896639821,91.3905492204073,0.047938401076572885,0.0016485641273550006
30,2024-01-19 17:22:00,89.29,22.63,0.19999999999999996,88.70666666666666,89.1,0,0,22.63,4.766666666666667,89.00842328346965,89.26921086996643,0.011377903772223035,0.00034165441874869245
30,2024-01-19 17:22:30,88.72,22.63,6.5,87.04666666666667,88.71,0,0,22.635,6.033333333333334,88.7714068857227,88.91593777806872,0.21458245317399974,0.0002921831875620112
30,2024-01-19 17:23:10,85.95,22.64,6.0,83.90666666666668,85.49,0,0,22.643333333333334,6.0,86.11270806846517,86.62480835212855,0.18687429671613293,0.0002646862856478066
30,2024-01-19 17:23:50,84.75,22.64,6.0,81.70833333333333,82.31,0,0,22.650000000000002,6.916666666666667,85.2810779712569,85.94151799665144,0.4043707602741288,0.0002778758979740156
30,2024-01-19 17:24:30,81.59,22.65,7.3,81.98166666666667,82.31,0,0,22.650000000000002,8.1,82.36794194760827,82.89921835170698,0.7278297015865101,0.0003767960290868636
30,2024-01-19 17:25:10,81.97,22.65,8.1,81.75333333333333,81.84,0,0,22.650000000000002,8.1,82.88786164602574,83.22860412199098,0.1861282275428269,0.0005941165761339571
30,2024-01-19 17:25:31,81.81,22.65,8.1,81.53166666666665,81.73,0,0,22.650000000000002,8.133333333333333,82.75853750247039,83.16333137538916,0.15911595684986007,0.0004171071090710671
30,2024-01-19 17:26:10,81.44,22.65,8.1,81.29,81.4,0,0,22.650000000000002,9.4,82.28168439782542,82.78814882697546,0.16418091056577525,0.00045840884792610633
30,2024-01-19 17:27:10,81.27,22.65,10.1,81.17833333333334,81.21,0,0,22.650000000000002,10.1,81.95519335729522,82.40083951066792,0.04998608783040058,0.0003906283833816427
30,2024-01-19 17:27:40,81.15,22.65,10.1,81.165,81.21,0,0,22.650000000000002,10.1,81.70533735624446,82.07024128793928,0.0522021757456028,0.00037610462545872864
30,2024-01-19 17:28:20,81.19,22.65,10.1,81.02666666666667,81.16,0,0,22.650000000000002,10.1,81.31417105419924,81.40660318335206,0.04241530460485819,0.00037610462545872864
30,2024-01-19 17:29:00,80.97,22.65,10.1,80.90333333333332,80.98,0,0,22.650000000000002,11.366666666666667,80.92683086992183,81.07778937062608,0.008820263925258823,0.00031458883277561933
30,2024-01-19 17:29:50,80.88,22.65,12.1,80.60166666666667,80.89,0,0,22.651666666666667,12.1,80.84238790330167,80.9656003901838,0.01084601779773799,0.0002996571325684481
30,2024-01-19 17:30:30,80.65,22.65,12.1,80.33666666666669,80.51,0,0,22.656666666666666,12.1,80.60243712977584,80.70079084832537,0.010581897682160592,0.0003624907689753943
30,2024-01-19 17:31:10,80.29,22.66,12.1,80.57333333333334,81.13,0,0,22.65833333333333,12.1,80.24487777687253,80.34790430985672,0.021288944190346853,0.00017567405320832258
30,2024-01-19 17:31:50,80.59,22.66,12.1,81.11333333333334,81.28,0,0,22.65166666666667,7.145454545454545,80.56783026551125,80.67466636376754,0.6944620938439111,0.00018207113469647808
30,2024-01-19 17:32:30,81.28,22.65,2.4,80.92833333333333,81.17,0,0,22.72,1.668181818181818,81.16818581501842,81.32394224270514,0.5441137988526491,0.00023877153395565357
30,2024-01-19 17:33:10,80.72,22.65,1.5636363636363635,81.04833333333332,81.21,0,0,22.995,0.831818181818182,81.13907138362181,81.0324550736917,0.9360384821087189,0.0004770028281025955
30,2024-01-19 17:33:50,81.1,23.02,0.7272727272727273,81.93666666666665,82.75,0,0,23.581666666666667,4.637878787878788,80.84645622715237,81.77119395194478,0.8997575267614638,0.004406746698185276
30,2024-01-19 17:34:30,82.59,23.86,5.8,82.34666666666666,82.8,0,0,24.041666666666668,10.116666666666665,82.06654698884569,82.72017843974142,0.0789580655538515,0.008429480903395441
30,2024-01-19 17:35:10,82.01,24.08,9.9,83.0,83.28,0,0,24.08,9.9,81.64435232075311,81.82765843717229,0.015603869656503311,0.00840683808709888
30,2024-01-19 17:35:50,83.18,24.08,9.9,83.55166666666666,84.33,0,0,24.08,9.983333333333333,82.96958795470879,83.12746493174268,0.013293260723512298,0.00042453184399346904
30,2024-01-19 17:36:21,83.43,24.08,9.9,84.0,84.39,0,0,24.08,11.383333333333333,83.46915734576643,83.48319388133562,0.0017522555707857848,0.0004290015868009451
30,2024-01-19 17:37:00,84.11,24.08,12.1,83.69166666666666,83.8,0,0,24.08,12.1,84.16930505537101,84.23832681667055,0.0016227154938878849,0.0005481689630702524
30,2024-01-19 17:37:40,83.66,24.08,12.1,83.65,83.74,0,0,24.08,12.1,83.6501484048851,83.755916720131,0.0016374181615543746,0.0005481689630702524
30,2024-01-19 17:38:20,83.67,24.08,12.1,83.90166666666666,84.07,0,0,24.08,12.1,83.64502750893887,83.7633688215167,0.0021777237221175818,0.0006048417408895165
30,2024-01-19 17:38:50,83.79,24.08,12.1,83.97333333333333,84.07,0,0,24.08,12.1,83.77347109270761,83.87903004542508,0.005747027187188749,0.0015186209489787064
30,2024-01-19 17:39:30,84.0,24.08,12.1,83.77833333333334,83.88,0,0,24.08,13.116666666666665,83.96854368775433,84.08684507571871,0.01247905092978231,0.0003718755016883555
30,2024-01-19 17:40:10,83.73,24.08,13.8,83.75500000000001,83.79,0,0,24.08,14.1,83.67928102629892,83.79304044199418,0.0306580474855388,0.00027441112826746513
30,2024-01-19 17:40:50,83.78,24.08,14.1,83.67333333333335,83.79,0,0,24.08,14.1,83.74620078367002,83.8279927517292,0.10060163826568173,0.00028304904179563673
30,2024-01-19 17:41:30,83.73,24.08,14.1,83.42166666666667,83.56,0,0,24.08,14.1,83.67916298498369,83.79872508135392,0.16133821122058767,0.00022170950056277613
30,2024-01-19 17:42:10,83.39,24.08,14.1,83.07833333333333,83.34,0,0,24.08,12.483333333333334,83.35739296356861,83.47719219184636,0.2523268002258558,0.00022978255423670676
30,2024-01-19 17:42:40,83.03,24.08,10.7,82.59166666666667,82.92,0,0,24.08,11.950000000000001,82.90994957287566,83.0567057017917,0.339869477683196,0.00023275803043827482
30,2024-01-19 17:43:20,82.49,24.08,12.0,82.32333333333334,82.43,0,0,24.08,12.0,82.39734856715931,82.5429070777756,0.5913495814274452,0.0002897217951438814
30,2024-01-19 17:44:00,82.34,24.08,12.0,81.85666666666667,82.2,0,0,24.08,12.0,82.22230054180642,82.3880977051241,0.6222007353109815,0.00034736260898593377
30,2024-01-19 17:44:40,81.69,24.08,12.0,81.55333333333333,81.63,0,0,24.08,12.616666666666667,81.57470112233915,81.73017328047597,0.7160937798706594,0.00034576329296020575
30,2024-01-19 17:45:20,81.54,24.08,12.0,82.58666666666666,84.33,0,0,24.08,14.016666666666666,81.35921471761988,81.53118902692798,0.751165116533368,0.0003614857705900328
30,2024-01-19 17:46:20,82.71,24.08,14.1,84.63666666666667,85.24,0,0,24.08,8.133333333333333,82.58643783615601,82.77893933833761,0.9798751596872922,0.0003444822086969621
30,2024-01-19 17:46:50,84.63,24.08,14.1,85.02333333333333,85.24,0,0,24.08,1.133333333333333,84.54337092197095,84.75619161853491,0.9770617370721227,0.0005553863646365157
30,2024-01-19 17:47:30,85.24,24.08,0.1,83.52499999999999,85.12,0,0,24.084999999999997,0.09999999999999999,84.86284119038143,85.19570313897775,0.23919773692960414,0.00019327802026821895
30,2024-01-19 17:48:10,83.06,24.09,0.1,81.61166666666666,82.47,0,0,24.09,0.09999999999999999,82.49704896387466,83.02786286959385,0.1825425792152785,0.00024260408887086758
30,2024-01-19 17:48:50,81.49,24.09,0.1,69.95,81.18,0,0,18.316666666666666,0.09999999999999999,74.93427671247295,81.39440782423577,0.2484805912600134,0.00024342977022875738
30,2024-01-19 17:49:30,71.04,20.26,0.1,49.211666666666666,57.26,0,0,3.135,0.09999999999999999,58.032396603332764,69.25647831537324,0.047594815195336634,0.0016150300227956945
30,2024-01-19 17:50:10,48.05,0.0,0.1,46.53666666666667,46.99,0,0,0.0,0.09999999999999999,47.24867625241721,47.88799924902247,0.003274102095068231,0.0007202081988076709
30,2024-01-19 17:51:00,46.38,0.0,0.1,46.026666666666664,46.37,0,0,0.0,0.09999999999999999,45.671761648148824,46.25760081264928,0.0014002440935673628,0.00042398270107716924
30,2024-01-19 17:51:40,45.93,0.0,0.1,45.703333333333326,45.87,0,0,0.0,0.09999999999999999,45.30636639743418,45.82468058044486,0.0007089734327997818,0.0003811331354779166
30,2024-01-19 17:52:20,45.65,0.0,0.1,45.45666666666668,45.61,0,0,0.0,0.09999999999999999,45.12858646535622,45.485491166167776,0.0018177808551271522,0.0001336853428596131
30,2024-01-19 17:53:00,45.45,0.0,0.1,45.255,45.36,0,0,0.0,0.09999999999999999,45.00119020669625,45.29146522514854,0.0018406972896600957,0.0001336853428596131
30,2024-01-19 17:53:40,45.24,0.0,0.1,45.065,45.17,0,0,0.0,0.09999999999999999,44.84561311255334,45.09354967001151,0.0018406972896600957,0.0001336853428596131
30,2024-01-19 17:54:20,45.03,0.0,0.1,44.855,45.03,0,0,0.0,0.09999999999999999,44.62555936751025,44.885705893483575,0.0018406972896600957,0.00010466053929584827
30,2024-01-19 17:54:50,44.88,0.0,0.1,44.703333333333326,44.83,0,0,0.0,0.09999999999999999,44.64618191794214,44.78796496920791,0.00022162657031386948,8.9678326375145e-05
30,2024-01-19 17:55:30,44.69,0.0,0.1,44.52333333333333,44.62,0,0,0.0,0.09999999999999999,44.50849785968421,44.64637440020625,0.00016493258511839838,0.00011238235429642242
30,2024-01-19 17:56:10,44.51,0.0,0.1,44.35666666666666,44.45,0,0,0.0,0.09999999999999999,44.342521843901835,44.46636033411533,0.00016240444736189205,9.27746866799435e-05
30,2024-01-19 17:56:50,44.32,0.0,0.1,44.18833333333333,44.31,0,0,0.0,0.09999999999999999,44.16461686176396,44.283013642373675,0.00016240444736189205,9.27746866799435e-05
30,2024-01-19 17:57:30,44.2,0.0,0.1,43.998333333333335,44.11,0,0,0.0,0.09999999999999999,44.058282112966126,44.16301364237368,0.00016240444736189205,9.27746866799435e-05
30,2024-01-19 17:58:10,43.99,0.0,0.1,43.839999999999996,43.93,0,0,0.0,0.09999999999999999,43.848282112966125,43.953013642373676,0.00016240444736189205,9.27746866799435e-05
30,2024-01-19 17:58:50,43.79,0.0,0.1,43.681666666666665,43.78,0,0,0.0,0.09999999999999999,43.648212981844125,43.752423956047046,0.00016240444736189205,9.27746866799435e-05
30,2024-01-19 17:59:30,43.68,0.0,0.1,43.52333333333333,43.6,0,0,0.0,0.09999999999999999,43.55255711917003,43.64229835893434,0.00016240444736189205,9.27746866799435e-05
30,2024-01-19 18:00:10,43.48,0.0,0.1,43.36166666666667,43.47,0,0,0.0,0.09999999999999999,43.35304684137807,43.44229835893434,0.00016240444736189205,9.27746866799435e-05
30,2024-01-19 18:00:50,43.37,0.0,0.1,43.169999999999995,43.27,0,0,0.0,0.09999999999999999,43.24378320143805,43.346644841948525,0.00016240444736189205,9.27746866799435e-05
30,2024-01-19 18:01:30,43.16,0.0,0.1,43.01666666666666,43.1,0,0,0.0,0.09999999999999999,43.03378320143805,43.13719304366296,0.00016240444736189205,9.27746866799435e-05
30,2024-01-19 18:02:10,42.98,0.0,0.1,42.86333333333332,42.95,0,0,0.0,0.09999999999999999,42.85378320143805,42.9571199361846,0.00016240444736189205,9.27746866799435e-05
30,2024-01-19 18:02:50,42.85,0.0,0.1,42.714999999999996,42.82,0,0,0.0,0.09999999999999999,42.72378320143805,42.82681239988498,0.0001485189765254275,9.27746866799435e-05
30,2024-01-19 18:03:20,42.74,0.0,0.1,42.59166666666667,42.7,0,0,0.0,0.09999999999999999,42.61378320143805,42.717140827374166,0.0001485189765254275,9.27746866799435e-05
30,2024-01-19 18:04:00,42.56,0.0,0.1,42.42333333333334,42.54,0,0,0.0,0.09999999999999999,42.433783201438054,42.53814434039441,0.0001485189765254275,9.27746866799435e-05
30,2024-01-19 18:04:40,42.43,0.0,0.1,42.285,42.34,0,0,0.0,0.09999999999999999,42.30378320143805,42.40670601316992,0.0001485189765254275,9.27746866799435e-05
30,2024-01-19 18:05:20,42.25,0.0,0.1,42.15833333333333,42.23,0,0,0.0,0.09999999999999999,42.135485320430185,42.22670601316992,0.0001485189765254275,9.27746866799435e-05
30,2024-01-19 18:06:00,42.12,0.0,0.1,42.015,42.12,0,0,0.0,0.09999999999999999,42.00548532043018,42.096706013169914,0.0001485189765254275,9.27746866799435e-05
30,2024-01-19 18:06:50,42.02,0.0,0.1,41.830000000000005,41.92,0,0,0.0,0.09999999999999999,41.90548532043019,41.996545104149725,0.0001485189765254275,9.27746866799435e-05
30,2024-01-19 18:07:40,41.81,0.0,0.1,41.675000000000004,41.81,0,0,0.0,0.09999999999999999,41.69548532043019,41.786545104149724,0.0001485189765254275,9.27746866799435e-05
30,2024-01-19 18:08:20,41.62,0.0,0.1,41.528333333333336,41.6,0,0,0.0,0.09999999999999999,41.50548532043018,41.59626251697074,0.00022895781509203703,9.27746866799435e-05
30,2024-01-19 18:09:00,41.5,0.0,0.1,41.394999999999996,41.5,0,0,0.0,0.09999999999999999,41.385485320430185,41.480174742397665,0.00022895781509203703,9.27746866799435e-05
30,2024-01-19 18:09:40,41.39,0.0,0.1,41.255,41.33,0,0,0.0,0.09999999999999999,41.275485320430185,41.370174742397666,0.00022895781509203703,9.27746866799435e-05
30,2024-01-19 18:10:20,41.24,0.0,0.1,41.11333333333333,41.19,0,0,0.0,0.09999999999999999,41.12548532043019,41.22017474239767,0.00022895781509203703,9.27746866799435e-05
30,2024-01-19 18:11:00,41.09,0.0,0.1,40.910000000000004,41.08,0,0,0.0,0.09999999999999999,40.97548532043019,41.07017474239767,0.00022895781509203703,9.27746866799435e-05
30,2024-01-19 18:11:50,40.88,0.0,0.1,40.795,40.87,0,0,0.0,0.09999999999999999,40.76548532043019,40.86017474239767,0.0002767241296059981,9.27746866799435e-05
30,2024-01-19 18:12:30,40.77,0.0,0.1,40.666666666666664,40.77,0,0,0.0,0.09999999999999999,40.65548532043019,40.75017474239767,0.0002767241296059981,9.27746866799435e-05
30,2024-01-19 18:13:10,40.67,0.0,0.1,40.54333333333334,40.62,0,0,0.0,0.09999999999999999,40.555485320430186,40.65017474239767,0.0002767241296059981,9.27746866799435e-05
30,2024-01-19 18:13:50,40.56,0.0,0.1,40.436666666666675,40.5,0,0,0.0,0.09999999999999999,40.44548532043019,40.54030477104288,0.0001400903273141085,9.27746866799435e-05
30,2024-01-19 18:14:30,40.46,0.0,0.1,40.324999999999996,40.39,0,0,0.0,0.09999999999999999,40.345485320430186,40.440304771042875,0.0001400903273141085,9.27746866799435e-05
30,2024-01-19 18:15:10,40.35,0.0,0.1,40.196666666666665,40.26,0,0,0.0,0.09999999999999999,40.25394354153044,40.332221087331554,0.0001400903273141085,9.27746866799435e-05
30,2024-01-19 18:15:50,40.15,0.0,0.1,40.07333333333333,40.15,0,0,0.0,0.09999999999999999,40.05394354153044,40.13222108733155,0.0001400903273141085,9.27746866799435e-05
30,2024-01-19 18:16:30,40.04,0.0,0.1,39.96833333333333,40.04,0,0,0.0,0.09999999999999999,39.96447210193915,40.025772389737895,0.00013149010788664024,9.27746866799435e-05
30,2024-01-19 18:17:10,39.94,0.0,0.1,39.84833333333333,39.94,0,0,0.0,0.09999999999999999,39.86447210193915,39.925772389737894,0.00013149010788664024,9.27746866799435e-05
30,2024-01-19 18:17:50,39.83,0.0,0.1,39.73166666666666,39.83,0,0,0.0,0.09999999999999999,39.75447210193915,39.81809647911252,0.00013149010788664024,9.27746866799435e-05
30,2024-01-19 18:18:30,39.73,0.0,0.1,39.61666666666667,39.73,0,0,0.0,0.09999999999999999,39.65447210193915,39.71809647911252,0.00013149010788664024,9.27746866799435e-05
30,2024-01-19 18:19:10,39.63,0.0,0.1,39.50166666666667,39.56,0,0,0.0,0.09999999999999999,39.554472101939155,39.61862703880299,0.00013149010788664024,9.27746866799435e-05
30,2024-01-19 18:19:50,39.52,0.0,0.1,39.39166666666667,39.47,0,0,0.0,0.09999999999999999,39.444472101939155,39.50862703880299,0.00013149010788664024,9.27746866799435e-05
30,2024-01-19 18:20:20,39.42,0.0,0.1,34.638333333333335,39.42,0,0,0.0,0.09999999999999999,39.344472101939154,39.41321979316311,0.00013149010788664024,9.27746866799435e-05
32,2024-01-20 14:36:50,35.55,2.0,3.1,35.87166666666666,36.09,0,0,2.0,3.1,35.69861136154697,36.018481585595396,0.0019988097262760283,0.00014939258671040388
32,2024-01-20 14:37:30,35.9,2.0,3.1,36.21666666666666,36.4,0,0,2.0,3.1,35.97505850254599,36.186407157836584,0.001823704484291561,0.00017406208273998904
32,2024-01-20 14:38:20,36.28,2.0,3.1,36.501666666666665,36.66,0,0,2.0,3.1,36.357248199970094,36.52299913292282,0.0018405326999787884,0.00017406208273998904
32,2024-01-20 14:39:00,36.5,2.0,3.1,36.74166666666667,36.89,0,0,2.0,3.1,36.57489290685484,36.72537627274269,0.0018405326999787884,0.00017406208273998904
32,2024-01-20 14:39:40,36.78,2.0,3.1,36.95666666666667,37.12,0,0,2.0,3.1,36.82839567629975,36.97487503577886,0.0018405326999787884,0.00036788592076340663
32,2024-01-20 14:40:20,36.98,2.0,3.1,37.18833333333333,37.33,0,0,2.0,3.1,37.014265145875285,37.1709749662865,0.0018405326999787884,0.00036788592076340663
32,2024-01-20 14:41:00,37.23,2.0,3.1,37.36,37.44,0,0,2.0,3.1,37.27927962173064,37.42130232691996,0.0017736814727837911,0.0001305972791780044
32,2024-01-20 14:41:30,37.33,2.0,3.1,37.471666666666664,37.54,0,0,2.0,3.1,37.37927962173064,37.491725459692475,0.0017819194817746786,0.00012468114562683193
32,2024-01-20 14:42:10,37.51,2.0,3.1,37.62166666666667,37.71,0,0,2.0,3.1,37.557389204778076,37.667903424815044,0.0016760811898477352,0.00012468114562683193
32,2024-01-20 14:43:00,37.65,2.0,3.1,38.025,39.54,0,0,2.0,3.1,37.68638045841888,37.77935165537123,0.0016760811898477352,0.00012468114562683193
32,2024-01-20 14:43:40,37.75,2.0,3.1,44.71666666666667,50.1,0,0,2.0,3.1,37.78922529598375,37.87350104397692,0.0016760811898477352,0.00012468114562683193
32,2024-01-20 14:44:20,48.17,2.0,3.1,45.50666666666667,46.7,0,0,2.0,3.1,48.2097970109369,48.47462125962734,0.0016485012081040406,0.00017406208273998904
32,2024-01-20 14:45:00,45.17,2.0,3.1,46.285,49.11,0,0,3.0316666666666667,3.1,48.71287678965609,51.38925842752373,0.016953287514748682,0.0004866064586585281
32,2024-01-20 14:45:40,46.07,3.0,3.1,49.465,51.51,0,0,4.9,3.1,52.95997345120042,56.098422319977985,0.24622087687518532,0.0003662998704537418
32,2024-01-20 14:46:20,48.91,4.84,3.1,52.09666666666667,52.88,0,0,5.918333333333334,3.1,52.252410239316575,53.900952521462244,0.02848573743639571,0.0003641884378986086
32,2024-01-20 14:47:00,52.41,6.03,3.1,52.76666666666667,52.88,0,0,6.170000000000001,3.1,52.596805943903085,53.3227615995717,0.03637242891522853,0.00031364086671012783
32,2024-01-20 14:47:30,52.75,6.17,3.1,52.298333333333325,52.66,0,0,6.170000000000001,3.1,52.44662093949348,52.782673717613314,0.08712729833619202,0.00031364086671012783
32,2024-01-20 14:48:10,52.22,6.17,3.1,51.60833333333333,51.96,0,0,6.170000000000001,3.1,51.64422931640627,52.29193687792877,0.07422306672300753,0.00031364086671012783
32,2024-01-20 14:48:50,51.51,6.17,3.1,51.376666666666665,51.4,0,0,6.170000000000001,3.1,51.1591576359478,51.561549338005676,0.08890143178217344,0.0002957301904321325
32,2024-01-20 14:49:30,51.37,6.17,3.1,51.323333333333345,51.38,0,0,6.170000000000001,3.1,51.03023215302039,51.421549338005676,0.06550418686956555,0.0002957301904321325
32,2024-01-20 14:50:00,51.38,6.17,3.1,51.19166666666667,51.31,0,0,6.170000000000001,3.1,51.10723910802775,51.44922544759464,0.025246456580803364,0.00017136382071117104
32,2024-01-20 14:50:40,51.17,6.17,3.1,51.248333333333335,52.4,0,0,6.285,3.1,51.53701651422985,51.923432662656666,0.007888201471974476,0.00017944564760230986
32,2024-01-20 14:51:20,50.97,6.17,3.1,56.11833333333333,61.42,0,0,7.948333333333334,3.1,57.34697073906407,60.437924351232,0.282143758869376,0.00023590283847940678
32,2024-01-20 14:52:00,57.65,8.51,3.1,63.449999999999996,66.83,0,0,10.421666666666667,3.1,61.92295833118504,67.04445749509269,0.34674234582776897,0.00017944564760230986
32,2024-01-20 14:52:40,63.69,10.52,3.1,67.27499999999999,68.56,0,0,12.415,3.1,70.990270718284,73.53770690324123,0.8284791483264939,0.0002957301904321325
32,2024-01-20 14:53:20,66.82,12.52,3.1,68.805,69.62,0,0,14.245,3.1,72.72464000876624,75.63168226698946,0.8370122537403705,0.00031364086671012783
32,2024-01-20 14:54:00,68.09,14.09,3.1,68.755,69.62,0,0,16.178333333333335,3.1,73.03506808662237,76.30770540293257,0.93978245649306,0.0002977851593498139
32,2024-01-20 14:54:40,67.89,16.32,3.1,70.87833333333333,73.08,0,0,17.958333333333332,3.1,71.48909581080899,73.76580965686274,0.7713367463995109,0.0002943079576732129
32,2024-01-20 14:55:20,71.64,18.27,3.1,73.395,75.31,0,0,19.42833333333333,3.1,74.42203056030777,75.46578400077365,0.7071164470935086,0.0002835999984944005
32,2024-01-20 14:56:00,73.88,19.53,3.1,74.27,75.87,0,0,21.09,3.1,76.27894383755428,77.49006242572932,0.6710299208706106,0.00028516861736506204
32,2024-01-20 14:56:40,72.65,20.85,3.1,73.11666666666666,75.87,0,0,23.226666666666663,3.1,75.59748557203633,75.19893931342513,0.9343135140777075,0.0001588630103418642
32,2024-01-20 14:57:20,74.35,23.56,3.1,65.48333333333333,72.08,0,0,23.993333333333336,3.1,74.96119363440596,75.51011499803927,0.49994969436704156,0.00015974180717511467
32,2024-01-20 14:57:50,64.21,24.05,3.1,63.47333333333333,63.73,0,0,24.05,3.1,64.2489516559432,64.54408190979582,0.34965267352012974,0.00014865699053281378
32,2024-01-20 14:58:30,63.38,24.05,3.1,63.373333333333335,63.44,0,0,24.05,3.1,63.49785152633655,63.92336525778109,0.17588750255514363,0.00016368148484500021
32,2024-01-20 14:59:10,63.4,24.05,3.1,63.33833333333333,63.38,0,0,24.05,3.1,63.62046023818456,63.943647040535886,0.19639232800213935,0.00016368148484500021
32,2024-01-20 14:59:50,63.35,24.05,3.1,63.339999999999996,63.38,0,0,24.05,3.1,63.520704658627416,63.8938453392921,0.13697210939805443,0.0001820966353587644
32,2024-01-20 15:00:30,63.34,24.05,3.1,63.27166666666667,63.31,0,0,24.05,3.1,63.57522402975426,63.8838453392921,0.058601263660873835,0.0001820966353587644
32,2024-01-20 15:01:10,63.31,24.05,3.1,63.18333333333333,63.23,0,0,24.05,3.1,63.52316413271009,63.84015695642849,0.019811053888718545,0.00016368148484500021
32,2024-01-20 15:01:50,63.18,24.05,3.1,63.15,63.18,0,0,24.05,3.1,63.39403192370678,63.74126380874525,0.027716365549196823,0.00016368148484500021
32,2024-01-20 15:02:30,63.14,24.05,3.1,63.16833333333333,63.22,0,0,24.05,3.1,63.1649199525023,63.29485667556914,0.26001245240977444,0.00012904092231217176
32,2024-01-20 15:03:10,63.16,24.05,3.1,63.18166666666667,63.22,0,0,24.05,3.85,63.12067710579679,63.246872543267855,0.1440335460861441,0.00012475507533497957
32,2024-01-20 15:03:50,63.18,24.05,3.1,63.14000000000001,63.17,0,0,24.05,5.1000000000000005,63.13679129398017,63.26862356925857,0.13677558337840118,0.00013097267315106503
32,2024-01-20 15:04:30,63.14,24.05,5.0,63.123333333333335,63.16,0,0,24.05,5.0,63.12154917026334,63.22547683946216,0.036761825761351535,0.00014545610435542686
32,2024-01-20 15:05:10,63.13,24.05,5.0,63.23833333333332,63.3,0,0,24.05,5.0,63.11028267369707,63.201523121212844,0.028170984530876853,0.00014545610435542686
32,2024-01-20 15:06:00,63.3,24.05,5.0,63.28666666666666,63.31,0,0,24.05,5.7,63.271303818669075,63.368943733631625,0.011609772759284645,0.00014545610435542686
32,2024-01-20 15:06:40,63.28,24.05,5.2,63.29333333333333,63.33,0,0,24.05,7.0,63.25664788305248,63.31130305199481,0.011893245831431832,0.00015270525151116603
32,2024-01-20 15:07:20,63.32,24.05,7.0,63.211666666666666,63.26,0,0,24.05,7.0,63.3177415494971,63.35720672153925,0.009884452590226604,0.00016150558019373813
32,2024-01-20 15:08:10,63.15,24.05,7.0,63.18666666666667,63.22,0,0,24.05,7.0,63.14343536772464,63.17813893074508,0.00976276291500489,0.00016150558019373813
32,2024-01-20 15:08:50,63.18,24.05,7.0,63.073333333333345,63.21,0,0,24.05,7.0,63.17170212487569,63.23101944671147,0.009838831274076861,0.00016150558019373813
32,2024-01-20 15:09:30,63.08,24.05,7.0,62.75666666666667,62.97,0,0,24.05,8.049999999999999,63.0714358933758,63.11467799348118,0.010179433552071824,0.00015270525151116603
32,2024-01-20 15:10:10,62.74,24.05,9.0,62.413333333333334,62.63,0,0,24.05,9.016666666666667,62.75814241895846,62.825172559672566,0.004096598998609495,0.00022409197180770158
32,2024-01-20 15:10:50,62.36,24.05,9.0,62.199999999999996,62.29,0,0,24.05,9.0,62.38302002925789,62.47019612486431,0.004212957286039803,0.00022409197180770158
32,2024-01-20 15:11:30,62.15,24.05,9.0,62.10166666666667,62.16,0,0,24.05,9.0,62.164756865089636,62.24974266088727,0.008302520438045843,0.00023554884671011115
32,2024-01-20 15:12:10,62.04,24.05,9.0,62.05833333333334,62.09,0,0,24.05,9.533333333333333,62.09033644407429,62.112219521569244,0.02992043351280033,0.00019314324290218795
32,2024-01-20 15:13:00,62.07,24.05,10.0,62.02333333333333,62.07,0,0,24.05,10.1,62.09538723234245,62.142219521569245,0.015282196730802385,0.00018619768966931895
32,2024-01-20 15:13:40,62.03,24.05,10.1,61.97333333333332,62.01,0,0,24.05,10.1,62.04294047308018,62.09505858137775,0.015214205749611697,0.00018619768966931895
32,2024-01-20 15:14:20,61.95,24.05,10.1,62.02,62.13,0,0,24.05,10.966666666666667,61.89026681602523,62.013391279664724,0.052662811353521306,0.00018973092506962834
32,2024-01-20 15:14:50,61.94,24.05,10.1,62.13166666666666,62.21,0,0,24.05,11.916666666666666,61.882742473614954,62.01396259131097,0.329038568125008,0.00016985536925576998
32,2024-01-20 15:15:50,62.14,24.05,12.0,62.193333333333335,62.21,0,0,24.05,12.0,62.120847976517126,62.181404955874065,0.06587298276753097,0.00016179221204893027
32,2024-01-20 15:16:30,62.19,24.05,12.0,62.208333333333336,62.3,0,0,24.05,12.266666666666666,62.170137392853086,62.24074169409815,0.04440094793096367,0.00017964387322642818
32,2024-01-20 15:17:10,62.3,24.05,12.0,62.10999999999999,62.17,0,0,24.05,13.0,62.29051585164979,62.32318917565164,0.04440094793096367,0.0001885965268900901
32,2024-01-20 15:18:00,62.11,24.05,13.1,61.93833333333333,62.07,0,0,24.05,13.1,62.1065894775878,62.148656394253024,0.10656136298402263,0.00017964387322642818
32,2024-01-20 15:19:00,61.88,24.05,13.1,61.85333333333333,61.88,1,0,24.05,5.8939393939393945,61.88214562368064,61.91028573705147,0.8460362400281516,0.0002109849443089852
32,2024-01-20 15:19:40,61.88,24.05,0.1,61.95666666666667,62.16,1,0,24.05,0.29090909090909095,61.773460502521104,61.87885799521518,0.9231603643735152,0.0001851833150454193
32,2024-01-20 15:20:20,61.92,24.05,0.3181818181818182,62.254999999999995,62.4,1,0,24.05,0.5090909090909091,61.55992052364299,61.85060888822352,0.976317685349625,0.0002577786429858496
32,2024-01-20 15:21:00,62.28,24.05,0.5363636363636364,62.23333333333333,62.4,1,0,24.05,5.422727272727273,61.42545021671892,62.144949498756674,0.9788610189965157,0.00023437596104199416
32,2024-01-20 15:21:40,62.24,24.05,10.3,60.86333333333332,62.08,1,0,24.05666666666667,10.049999999999999,62.01992780264401,62.1618649557823,0.5933640422453258,0.0002104794957292255
32,2024-01-20 15:23:40,59.68,24.06,10.0,60.08666666666667,61.11,1,0,24.061666666666667,10.0,59.6210622004666,59.70963691703617,0.3144224301916701,0.00023371722469901041
32,2024-01-20 15:24:20,60.22,24.06,10.0,61.16666666666668,61.56,1,0,24.06,10.0,60.59689329487707,60.669133884425115,0.2967852229638488,0.0002534914010500985
32,2024-01-20 15:24:41,61.15,24.06,10.0,61.66,62.07,1,0,24.06,10.0,61.6640969406461,61.74697039253227,0.24479624141974798,0.0002534914010500985
32,2024-01-20 15:25:10,61.73,24.06,10.0,62.48833333333334,62.93,1,0,24.06,10.483333333333334,62.144745642963365,62.08690747548399,0.026577928890995584,0.0002699359072188982
32,2024-01-20 15:25:40,62.83,24.06,10.7,63.03333333333333,63.16,1,0,24.06,11.1,62.870700471510304,63.04840358673523,0.04690429872566719,0.0002534914010500985
32,2024-01-20 15:26:20,63.1,24.06,11.1,63.04333333333333,63.16,0,0,24.06,11.1,63.1606124152688,63.22208723250503,0.08863406630287468,0.0002372141202782645
32,2024-01-20 15:26:51,62.99,24.06,11.1,63.053333333333335,63.08,0,0,24.06,11.1,63.041113627106206,63.08722820993542,0.04852561787011451,0.00023475901072438933
32,2024-01-20 15:27:30,63.07,24.06,11.1,63.056666666666665,63.09,0,0,24.06,11.1,63.12200682804671,63.155000854326396,0.5623173828204852,0.00023560128399516665
32,2024-01-20 15:28:10,63.05,24.06,11.1,63.03666666666667,63.05,0,0,24.06,11.1,63.10516637548556,63.13500085432639,0.2740120933782634,0.00023560128399516665
32,2024-01-20 15:28:50,63.03,24.06,11.1,63.028333333333336,63.06,0,0,24.06,11.75,63.054534819190515,63.09606763368277,0.1816142448322436,0.00018548331825305397
32,2024-01-20 15:29:30,63.06,24.06,12.1,62.96,63.02,0,0,24.06,12.1,63.0736148973705,63.13584207799117,0.1946152815456025,0.00018619768966931895
32,2024-01-20 15:30:10,62.94,24.06,12.1,62.92833333333332,62.97,0,0,24.06,12.1,62.93457235997012,62.97517600709678,0.4210052018952142,0.00016179221204893027
32,2024-01-20 15:30:50,62.95,24.06,12.1,63.05000000000001,63.16,0,0,24.06,12.1,62.93589658241722,62.99020254969694,0.7785948410281559,0.00016179221204893027
32,2024-01-20 15:31:30,63.09,24.06,12.1,63.156666666666666,63.18,0,0,24.06,11.916666666666666,63.076858414800306,63.1344214572021,0.8142778137404777,0.0001676838781158108
32,2024-01-20 15:32:01,63.16,24.06,12.1,63.166666666666664,63.19,0,0,24.06,11.866666666666667,63.14033784529626,63.20293606234646,0.8263428248538205,0.0001676838781158108
32,2024-01-20 15:32:30,63.19,24.06,12.0,63.11166666666666,63.17,0,0,24.06,12.016666666666666,63.1715771521993,63.21733925781763,0.8132157192323839,0.00016179221204893027
32,2024-01-20 15:33:10,63.11,24.06,12.0,62.995,63.08,1,0,24.06,12.0,63.095796559715986,63.13523130199247,0.7705188566486447,0.00016179221204893027
32,2024-01-20 15:33:50,62.97,24.06,12.0,62.93333333333333,62.96,1,0,24.06,12.0,62.954888427271875,62.997008695848145,0.7756847988346272,0.00016179221204893027
32,2024-01-20 15:34:30,62.91,24.06,12.0,62.93166666666667,62.99,1,0,24.06,4.199999999999999,62.903277985315086,62.96333396028096,0.9663693868996196,0.00019001943438869923
32,2024-01-20 15:38:40,62.94,24.06,0.26666666666666666,64.05833333333332,66.39,1,0,24.054999999999996,0.5,62.84422475803197,62.94109473445387,0.9541513750148484,0.0001851833150454193
32,2024-01-20 15:39:20,64.92,24.05,0.5333333333333333,66.14833333333333,66.69,1,0,24.05,0.7666666666666666,64.65570755671659,64.80362962653922,0.9743474283515188,0.0003886587426559894
32,2024-01-20 15:39:50,66.55,24.05,0.8,66.715,66.79,1,0,24.05,4.6,66.29079412265388,66.37322647541512,0.8978854457251507,0.0003495160446095494
32,2024-01-20 15:40:30,66.75,24.05,8.5,66.75166666666668,66.84,1,0,24.05,8.049999999999999,66.57287348678634,66.73497472340031,0.9538405753805794,0.0003559247056065541
32,2024-01-20 15:41:10,66.84,24.05,8.0,66.56333333333333,66.7,1,0,24.05,8.0,66.69818212436282,66.86715413380455,0.8995376236071644,0.0003975895368936051
32,2024-01-20 15:41:50,66.48,24.05,8.0,66.61999999999999,66.77,1,0,24.05,8.0,66.32842000363303,66.50080018012048,0.8868754697125886,0.00027084528640583175
32,2024-01-20 15:42:30,66.7,24.05,8.0,66.63333333333334,66.77,0,0,24.05,8.533333333333333,66.91474731474948,66.87234744887846,0.7282463596756714,0.0002491174337208658
32,2024-01-20 15:43:10,66.56,24.05,8.0,66.47999999999999,66.55,0,0,24.05,9.866666666666667,66.64046491883745,66.61519463967424,0.5984066292099118,0.00029195836613937114
32,2024-01-20 15:43:40,66.53,24.05,10.0,66.39,66.44,0,0,24.05,10.0,66.63106104301417,66.65491991230246,0.2205881294924568,0.00026810065275586467
32,2024-01-20 15:44:20,66.39,24.05,10.0,66.25833333333333,66.38,0,0,24.05,10.0,66.44041477778596,66.48610049031873,0.050760209002257695,0.00017964387322642818
32,2024-01-20 15:45:00,66.22,24.05,10.0,66.17,66.2,0,0,24.05,10.0,66.2036119936332,66.28243250739507,0.02063620067149776,0.00017964387322642818
32,2024-01-20 15:45:40,66.17,24.05,10.0,66.17,66.21,0,0,24.05,10.0,66.15501429621328,66.2734958038787,0.009985765163053315,0.00017964387322642818
32,2024-01-20 15:46:20,66.14,24.05,10.0,66.25333333333333,66.38,0,0,24.05,10.133333333333333,66.12552684007858,66.2434958038787,0.046278443195417664,0.00016179221204893027
32,2024-01-20 15:47:00,66.23,24.05,10.0,66.865,67.75,0,0,24.05,10.866666666666667,66.21779466150313,66.29812806152121,0.29908825978389547,0.00016985536925576998
32,2024-01-20 15:47:40,66.9,24.05,11.1,68.94666666666667,71.0,0,0,24.05,11.1,66.89214289519447,66.9600813742368,0.33382004312228025,0.00016179221204893027
32,2024-01-20 15:48:20,69.16,24.05,11.1,71.765,72.82,0,0,24.05,7.576666666666667,69.1584476777932,69.24880842491353,0.8686191839874229,0.0003566159997419388
32,2024-01-20 15:49:00,72.33,24.05,11.1,72.66166666666666,72.82,0,0,24.05,0.65,72.33192943007867,72.47163111058431,0.9513338084468568,0.00046494493534571447
32,2024-01-20 15:49:40,72.68,24.05,0.68,71.93333333333334,72.58,0,0,24.05,0.8900000000000001,72.13575028727332,72.58989069588402,0.9088314923339684,0.0007324132673483058
32,2024-01-20 15:50:20,71.8,24.05,0.9200000000000002,70.71666666666665,71.54,0,0,24.05,5.636666666666667,70.956181447488,71.66836832501457,0.8410770756532344,0.0004333402190545023
32,2024-01-20 15:51:00,70.6,24.05,10.5,69.90333333333335,70.19,0,0,24.05,10.033333333333333,70.03531962046594,70.58009878770426,0.8898320918439173,0.00042389265006047527
32,2024-01-20 15:51:30,69.7,24.05,10.0,70.12500000000001,70.54,0,0,24.05,10.0,69.34518617356315,69.6779002965823,0.7545780091213046,0.00033618950880231243
32,2024-01-20 15:52:10,70.16,24.05,10.0,70.87166666666667,71.31,0,0,24.05,10.0,70.11649665585195,70.189402988683,0.7594660303194609,0.0002517679222055033
32,2024-01-20 15:52:50,71.0,24.05,10.0,71.21,71.31,0,0,24.05,10.0,71.26244929201076,71.41017475946953,0.7091568070964387,0.0002534914010500985
32,2024-01-20 15:53:30,71.21,24.05,10.0,70.88333333333334,71.17,0,0,24.05,10.716666666666667,71.68587812136178,71.82409126064498,0.11766853078818328,0.0002534914010500985
32,2024-01-20 15:54:20,70.83,24.05,11.1,70.56166666666667,70.73,0,0,24.05,11.1,71.125591001285,71.15474909490871,0.07913339966974856,0.0002534914010500985
32,2024-01-20 15:55:00,70.55,24.05,11.1,70.27666666666667,70.46,0,0,24.05,11.616666666666667,70.4784419022763,70.60721439190242,0.024622756612971617,0.0001875312160160244
32,2024-01-20 15:55:50,70.24,24.05,12.1,69.98666666666668,70.17,0,0,24.05,12.1,70.25140800434373,70.29348131864273,0.03626106510992292,0.00018619768966931895
32,2024-01-20 15:56:30,69.96,24.05,12.1,69.81,69.84,0,0,24.05,12.1,69.9645677424137,70.0057593362071,0.24262569209385507,0.00018619768966931895
32,2024-01-20 15:57:10,69.78,24.05,12.1,69.755,69.8,1,0,24.05,7.239285714285713,69.72639144090364,69.83303983571804,0.9304960562908162,0.00021868190411203267
32,2024-01-20 15:58:00,69.78,24.05,2.4,69.53333333333333,69.71,1,0,24.05,2.3249999999999997,69.60555461864426,69.78369770174318,0.9458682492285942,0.00023990356313425987
32,2024-01-20 15:58:50,69.54,24.05,2.314285714285714,68.825,69.42,1,0,24.05,2.2392857142857143,69.35071856633986,69.54454537937977,0.9790384969634206,0.00023080195633483694
32,2024-01-20 15:59:30,68.72,24.05,2.2285714285714286,67.64333333333333,68.44,1,0,24.05,2.1535714285714285,68.27120825850241,68.67537591786991,0.9722724676304921,0.0003191547315078734
32,2024-01-20 16:00:10,67.39,24.05,2.142857142857143,66.82666666666667,67.12,1,0,24.05,6.203571428571429,66.82939727933619,67.32289633282605,0.9797700801197614,0.00034205499013777055
32,2024-01-20 16:00:40,66.91,24.05,9.1,66.97833333333334,67.6,1,0,24.05,7.983333333333333,66.8209855548257,67.65212918966571,0.9787326681495961,0.00037617309284014274
32,2024-01-20 16:03:10,66.79,24.05,8.0,67.675,67.88,1,0,24.05,8.0,67.34017865674826,67.942210929557,0.9726050922826311,0.00027276762789757165
32,2024-01-20 16:03:50,67.68,24.05,8.0,67.815,67.88,1,0,24.05,8.950000000000001,68.34278368553863,68.81362550064911,0.7887320476880689,0.00025301334167419226
32,2024-01-20 16:04:30,67.77,24.05,9.4,67.74666666666667,67.84,0,0,24.05,10.049999999999999,68.26584120430253,68.54764734678807,0.28977238525368976,0.0002699359072188982
32,2024-01-20 16:05:10,67.77,24.05,10.0,67.59666666666666,67.66,0,0,24.05,10.0,68.06275958223574,68.28957374008469,0.1823105312973159,0.0002699359072188982
32,2024-01-20 16:05:50,67.58,24.05,10.0,67.61333333333333,67.67,0,0,24.05,10.0,67.6549748913277,67.70374344216667,0.040755043731768185,0.0001875312160160244
32,2024-01-20 16:06:30,67.63,24.05,10.0,67.60666666666667,67.67,0,0,24.05,10.0,67.65335967954378,67.71188169704821,0.0364294476031603,0.00018619768966931895
32,2024-01-20 16:07:10,67.58,24.05,10.0,67.52,67.56,0,0,24.05,10.0,67.60553519980364,67.65684071868016,0.006664156786030631,0.00018619768966931895
32,2024-01-20 16:07:50,67.52,24.05,10.0,67.45,67.51,0,0,24.05,10.15,67.5409147052094,67.57180328376401,0.08336022723093017,0.00016179221204893027
32,2024-01-20 16:08:30,67.42,24.05,10.0,67.40166666666667,67.42,0,0,24.05,10.883333333333333,67.40779466150313,67.48420584064603,0.09522451191370734,0.00016985536925576998
32,2024-01-20 16:09:10,67.39,24.05,11.1,67.385,67.42,0,0,24.05,11.1,67.37804296346434,67.44610259780495,0.5200571329414702,0.00016179221204893027
32,2024-01-20 16:09:50,67.37,24.05,11.1,67.39166666666667,67.42,0,0,24.05,11.1,67.35804296346434,67.42475854681933,0.3288596338211043,0.00016179221204893027
32,2024-01-20 16:10:20,67.37,24.05,11.1,67.42833333333334,67.48,0,0,24.05,11.0,67.34439831903276,67.42898737885128,0.4245165061867267,0.0001676838781158108
32,2024-01-20 16:11:00,67.48,24.05,11.1,67.39166666666667,67.48,0,0,24.05,10.866666666666667,67.44862462067839,67.54336261051786,0.45598003989653013,0.0001676838781158108
32,2024-01-20 16:11:40,67.4,24.05,11.1,67.34166666666665,67.38,0,0,24.05,11.016666666666666,67.37404904066379,67.46047335306405,0.4000473993825381,0.0001676838781158108
32,2024-01-20 16:12:20,67.35,24.05,11.0,67.29,67.33,0,0,24.05,11.0,67.33949937945478,67.40954219550763,0.3902448292521973,0.00016179221204893027
32,2024-01-20 16:13:00,67.28,24.05,11.0,67.21166666666666,67.27,1,0,24.05,11.0,67.26674761190351,67.34001339295352,0.46201768637039636,0.00016179221204893027
32,2024-01-20 16:13:40,67.2,24.05,11.0,66.69166666666666,67.2,1,0,24.05,4.1000000000000005,67.18400275201935,67.26618524664417,0.9391377583117952,0.00019001943438869923
32,2024-01-20 16:14:20,67.16,24.05,0.6666666666666666,68.3,81.16,1,0,23.635,0.55,65.56974465343238,67.07798688712259,0.9441385773948071,0.00019192660500610823
32,2024-01-20 16:18:30,65.7,24.05,0.5333333333333333,78.46666666666667,81.16,1,0,21.544999999999998,0.4166666666666667,57.743121638121636,65.39645074405706,0.9706281588962545,0.0002839739218034103
32,2024-01-20 16:19:10,80.98,20.91,0.39999999999999997,81.67333333333333,84.21,1,0,21.036666666666665,0.2833333333333333,80.55506214646957,81.29810682191254,0.7353887369158059,0.011868363669898269
32,2024-01-20 16:19:50,81.26,20.91,0.2666666666666666,84.82333333333334,86.61,1,0,21.636666666666667,1.0222222222222221,81.40746040229625,82.39107147729469,0.9223933601849621,0.013965258185108749
32,2024-01-20 16:20:30,85.36,21.7,0.1333333333333333,86.72000000000001,86.98,1,0,21.94,4.983333333333333,84.5554102386738,85.61809304223237,0.9303834732572867,0.0017575033388205867
32,2024-01-20 16:21:10,86.86,21.94,5.8,86.97500000000001,87.11,1,0,21.94,6.0,86.02336183033819,86.84413994013923,0.9264988435536129,0.0051582797250192824
32,2024-01-20 16:21:50,86.9,21.94,6.0,87.065,87.27,0,0,21.94,6.0,86.35429509598768,87.01074518954573,0.9322926887699232,0.000542153924221616
32,2024-01-20 16:22:20,86.82,21.94,6.0,87.68166666666667,88.54,0,0,21.94,5.855555555555555,86.68980739788263,87.12112014256302,0.7657508585709254,0.0006104633030922095
32,2024-01-20 16:23:00,87.79,21.94,6.0,87.33333333333333,88.54,0,0,21.941666666666666,3.833333333333332,87.58950915842313,88.26334619390099,0.642002699114295,0.0009711047682322216
32,2024-01-20 16:23:40,87.29,21.94,3.4,84.85166666666666,86.58,0,0,21.955000000000002,3.933333333333333,87.25565573144848,87.55230819719718,0.20955477417338872,0.000669642842714609
32,2024-01-20 16:24:30,84.22,21.96,6.4,82.78666666666666,84.22,0,0,21.96166666666667,6.05,84.23196675433404,84.390565896733,0.06100190889393346,0.00041496677698122736
32,2024-01-20 16:25:10,83.72,21.96,6.0,79.81666666666666,80.78,0,0,21.96166666666667,7.366666666666667,83.69731441331818,84.10000049096917,0.07502072259143834,0.0003776669951166612
32,2024-01-20 16:25:50,79.4,21.96,8.2,80.50500000000001,81.38,0,0,21.960000000000004,8.0,80.04860563842578,80.67500597018594,0.10955021613218675,0.0004990919067537662
32,2024-01-20 16:26:30,80.98,21.96,8.0,80.01833333333333,81.38,0,0,21.960000000000004,8.0,81.85714860226848,82.27116376033045,0.17232535116527947,0.00046698486447219157
32,2024-01-20 16:27:10,79.57,21.96,8.0,78.98166666666667,79.27,0,0,22.018333333333334,8.0,80.38514189292877,80.90329765094071,0.19483392061175756,0.00046698486447219157
32,2024-01-20 16:27:50,78.82,21.96,8.0,79.33666666666666,79.78,0,0,22.45,8.883333333333333,80.25359429187941,81.46865756754006,0.1856804880668508,0.00043788869396368425
32,2024-01-20 16:28:30,79.78,22.61,9.0,78.06333333333333,79.74,0,0,22.755,10.049999999999999,80.6162041703688,81.51945360629878,0.050713194967107425,0.0007018371303936618
32,2024-01-20 16:29:20,77.14,22.69,10.0,77.69166666666666,78.99,0,0,23.125,9.983333333333333,78.5459973991209,79.64429340003983,0.03445795729695523,0.000519626512425948
32,2024-01-20 16:30:00,77.18,23.0,10.0,79.35000000000001,80.11,0,0,23.825,9.916666666666666,79.65417114851279,81.30393142854219,0.03513667654962223,0.0003522785309738364
32,2024-01-20 16:30:30,79.73,24.05,9.9,78.98333333333333,80.11,0,0,24.055000000000003,10.1,79.915751797432,80.06148714896523,0.008852859085521962,0.0003353759006326942
32,2024-01-20 16:31:10,78.58,24.06,9.9,77.63333333333334,77.7,0,0,24.06,11.549999999999999,78.54068419185757,78.89889514354607,0.017808575197175887,0.0003353759006326942
32,2024-01-20 16:31:50,77.56,24.06,12.0,77.66000000000001,77.75,0,0,24.06,12.0,77.55282895963524,77.75693089081874,0.02670795833512166,0.0003464912566620154
32,2024-01-20 16:32:30,77.61,24.06,12.0,77.54333333333334,77.75,0,0,24.06,11.783333333333331,77.62371166304199,77.81397704323112,0.03971850000002956,0.0009102164347122396
32,2024-01-20 16:33:10,77.5,24.06,11.4,77.41333333333333,77.53,0,0,24.06,11.9,77.51332045388816,77.69693089081873,0.018983223671838908,0.0004036547058718719
32,2024-01-20 16:33:50,77.43,24.06,12.0,77.27166666666666,77.39,0,0,24.06,12.0,77.434060219907,77.57233719407162,0.0463353119874343,0.0004170320807826974
32,2024-01-20 16:34:30,77.27,24.06,12.0,77.13000000000001,77.18,0,0,24.06,12.0,77.2591957602098,77.39940214863003,0.05523685697585673,0.0004170320807826974
32,2024-01-20 16:35:10,77.06,24.06,12.0,76.96,77.17,0,0,24.06,12.700000000000001,77.03754374243977,77.17266142469845,0.26120220764783986,0.000404549772570265
32,2024-01-20 16:35:50,76.87,24.06,13.1,76.845,76.95,0,0,24.06,11.033333333333333,76.81274058264579,76.91816978197869,0.9365055875424048,0.00019232880377947299
32,2024-01-20 16:36:30,76.82,24.06,13.1,76.525,76.88,0,0,24.06,2.766666666666666,76.80724974954062,76.89674610726229,0.9879480413991828,0.000172037902168917
32,2024-01-20 16:37:10,76.43,24.06,0.7,75.91166666666668,76.17,0,0,24.06,0.7000000000000001,76.2944597704152,76.42014251825826,0.8327179124698773,0.00018568272317904692
32,2024-01-20 16:37:50,75.72,24.06,0.7,69.69166666666668,75.88,0,0,21.24833333333333,0.7000000000000001,66.44581091402185,75.41772048257636,0.9383745758581397,0.00023986965188522023
32,2024-01-20 16:38:30,69.37,21.22,0.7,51.083333333333336,63.97,0,0,9.791666666666666,0.7000000000000001,58.23606881678329,67.553594894917,0.7993759396206839,0.0009953884834872128
32,2024-01-20 16:39:00,52.62,12.34,0.7,42.54666666666667,46.96,0,0,1.9999999999999998,0.7000000000000001,45.505021698542826,50.92954295835887,0.072653181485263,0.0006538108864578947
32,2024-01-20 16:39:50,41.15,0.0,0.7,40.88333333333333,41.25,0,0,0.0,0.7000000000000001,40.63561769681587,41.067439810595374,0.037447525473950506,0.0007465473188893588
32,2024-01-20 16:40:30,40.79,0.0,0.7,40.49166666666667,40.72,0,0,0.0,0.7000000000000001,40.34653990973891,40.69773914861244,0.037447525473950506,0.000426060242034356
32,2024-01-20 16:41:10,40.46,0.0,0.7,40.14333333333333,40.36,0,0,0.0,0.7000000000000001,40.127452369994955,40.395470134335554,0.02749552344861497,0.0004792329539781262
32,2024-01-20 16:41:50,40.07,0.0,0.7,39.83166666666667,40.04,0,0,0.0,0.7000000000000001,39.75477683548644,39.96355176826819,0.0011797583941569457,0.0001336853428596131
32,2024-01-20 16:42:30,39.77,0.0,0.7,39.568333333333335,39.73,0,0,0.0,0.7000000000000001,39.475521138942206,39.667287096716855,0.0011797583941569457,0.0001336853428596131
32,2024-01-20 16:43:10,39.53,0.0,0.7,39.300000000000004,39.46,0,0,0.0,0.7000000000000001,39.266508329615284,39.433724076078484,0.0011797583941569457,0.0001336853428596131
32,2024-01-20 16:43:50,39.27,0.0,0.7,39.06166666666667,39.21,0,0,0.0,0.7000000000000001,39.02485714256806,39.1773300913125,0.0007702595447345431,8.9678326375145e-05
32,2024-01-20 16:44:30,39.02,0.0,0.7,38.85166666666667,39.0,0,0,0.0,0.7000000000000001,38.8467333663008,38.997741023064755,0.00019557977614644072,8.9678326375145e-05
32,2024-01-20 16:45:10,38.8,0.0,0.7,38.60666666666667,38.79,0,0,0.0,0.7000000000000001,38.60200927764079,38.766704320494796,0.0001666763545892157,0.00011771497760231249
32,2024-01-20 16:45:50,38.59,0.0,0.7,38.36666666666667,38.51,0,0,0.0,0.7000000000000001,38.396554879582055,38.5567043204948,0.0001666763545892157,0.00011238235429642242
32,2024-01-20 16:46:40,38.35,0.0,0.7,38.18833333333334,38.28,0,0,0.0,0.7000000000000001,38.170642757319385,38.3167043204948,0.0001666763545892157,0.00011238235429642242
32,2024-01-20 16:47:10,38.19,0.0,0.7,38.06666666666666,38.17,0,0,0.0,0.7000000000000001,38.01064275731938,38.156704320494796,0.0001666763545892157,0.00011238235429642242
32,2024-01-20 16:47:50,38.07,0.0,0.7,37.88833333333333,37.98,0,0,0.0,0.7000000000000001,37.890642757319384,38.0367043204948,0.0001666763545892157,9.27746866799435e-05
32,2024-01-20 16:48:30,37.86,0.0,0.7,37.71333333333333,37.81,0,0,0.0,0.7000000000000001,37.694666741537006,37.828795085532356,0.0001666763545892157,9.27746866799435e-05
32,2024-01-20 16:49:10,37.66,0.0,0.7,37.555,37.65,0,0,0.0,0.7000000000000001,37.506761759399126,37.638377912913306,0.0001666763545892157,9.27746866799435e-05
32,2024-01-20 16:49:50,37.55,0.0,0.7,37.4,37.49,0,0,0.0,0.7000000000000001,37.41042701060129,37.52837791291331,0.0001666763545892157,9.27746866799435e-05
32,2024-01-20 16:50:30,37.35,0.0,0.7,37.248333333333335,37.34,0,0,0.0,0.7000000000000001,37.223384004497,37.32837791291331,0.0001666763545892157,9.27746866799435e-05
32,2024-01-20 16:51:10,37.23,0.0,0.7,37.080000000000005,37.21,0,0,0.0,0.7000000000000001,37.10532782690214,37.22023447574772,0.0001666763545892157,9.27746866799435e-05
32,2024-01-20 16:51:50,37.03,0.0,0.7,36.915,37.03,0,0,0.0,0.7000000000000001,36.90119119035183,37.02023447574773,0.0001666763545892157,9.27746866799435e-05
32,2024-01-20 16:52:30,36.92,0.0,0.7,36.77333333333333,36.85,0,0,0.0,0.7000000000000001,36.79119119035183,36.90879614852324,0.0001524256942446227,9.27746866799435e-05
32,2024-01-20 16:53:10,36.73,0.0,0.7,36.64833333333334,36.71,0,0,0.0,0.7000000000000001,36.60119119035183,36.71879614852323,0.0001524256942446227,9.27746866799435e-05
32,2024-01-20 16:53:50,36.61,0.0,0.7,36.53,36.61,0,0,0.0,0.7000000000000001,36.49289537840102,36.598796148523235,0.0001524256942446227,9.27746866799435e-05
32,2024-01-20 16:54:30,36.51,0.0,0.7,36.39333333333334,36.51,0,0,0.0,0.7000000000000001,36.39289537840102,36.49879614852323,0.0001524256942446227,9.27746866799435e-05
32,2024-01-20 16:55:00,36.4,0.0,0.7,36.29,36.4,0,0,0.0,0.7000000000000001,36.29094676876135,36.388796148523234,0.0001524256942446227,9.27746866799435e-05
32,2024-01-20 16:55:40,36.27,0.0,0.7,36.16833333333333,36.25,0,0,0.0,0.7000000000000001,36.160946768761356,36.25879614852324,0.0001524256942446227,9.27746866799435e-05
32,2024-01-20 16:56:20,36.19,0.0,0.7,36.06,36.1,0,0,0.0,0.7000000000000001,36.091353599501275,36.18071246481191,0.0001524256942446227,9.27746866799435e-05
32,2024-01-20 16:57:00,36.09,0.0,0.7,35.958333333333336,36.0,0,0,0.0,0.7000000000000001,36.001506884881955,36.08107495109906,0.0001524256942446227,9.27746866799435e-05
32,2024-01-20 16:57:40,35.99,0.0,0.7,35.85333333333333,35.9,0,0,0.0,0.7000000000000001,35.91243436275238,35.98426376721826,0.00014306830846198961,9.27746866799435e-05
32,2024-01-20 16:58:20,35.88,0.0,0.7,35.74666666666667,35.8,0,0,0.0,0.7000000000000001,35.80243436275238,35.87426376721826,0.00014306830846198961,9.27746866799435e-05
32,2024-01-20 16:59:00,35.76,0.0,0.7,35.64333333333333,35.69,0,0,0.0,0.7000000000000001,35.682434362752375,35.754263767218255,0.00014306830846198961,9.27746866799435e-05
32,2024-01-20 16:59:40,35.67,0.0,0.7,35.535,35.59,0,0,0.0,0.7000000000000001,35.5926231741094,35.66426376721826,0.00014306830846198961,9.27746866799435e-05
32,2024-01-20 17:00:20,35.54,0.0,0.7,35.416666666666664,35.47,0,0,0.0,0.7000000000000001,35.462623174109396,35.534263767218256,0.00014306830846198961,9.27746866799435e-05
32,2024-01-20 17:01:00,35.37,0.0,0.7,35.309999999999995,35.36,0,0,0.0,0.7000000000000001,35.292623174109394,35.364263767218254,0.00014306830846198961,9.27746866799435e-05
32,2024-01-20 17:01:40,35.26,0.0,0.7,35.208333333333336,35.26,0,0,0.0,0.7000000000000001,35.182434362752375,35.254263767218255,0.00014306830846198961,9.27746866799435e-05
32,2024-01-20 17:02:20,35.17,0.0,0.7,35.11333333333334,35.15,0,0,0.0,0.7000000000000001,35.09611343392086,35.1642988889075,0.00014306830846198961,9.27746866799435e-05
32,2024-01-20 17:03:00,35.13,0.0,0.7,35.03333333333333,35.05,0,0,0.0,0.7000000000000001,35.05630224527788,35.124298888907504,0.00014306830846198961,9.27746866799435e-05
32,2024-01-20 17:03:30,35.05,0.0,0.7,34.97833333333333,35.05,0,0,0.0,0.7000000000000001,34.97630224527787,35.0442988889075,0.00014306830846198961,9.27746866799435e-05
32,2024-01-20 17:04:10,34.94,0.0,0.7,34.888333333333335,34.94,0,0,0.0,0.7000000000000001,34.86828021542372,34.93602939599087,0.00014306830846198961,9.27746866799435e-05
32,2024-01-20 17:04:50,34.85,0.0,0.7,34.78666666666667,34.84,0,0,0.0,0.7000000000000001,34.78006507690171,34.84796181056528,0.00013356321255526604,9.27746866799435e-05
32,2024-01-20 17:05:40,34.75,0.0,0.7,34.68666666666667,34.74,0,0,0.0,0.7000000000000001,34.681902780822604,34.74859858591246,0.00013356321255526604,9.27746866799435e-05
32,2024-01-20 17:06:20,34.64,0.0,0.7,34.598333333333336,34.63,0,0,0.0,0.7000000000000001,34.571902780822604,34.63859858591246,0.00013356321255526604,9.27746866799435e-05
32,2024-01-20 17:07:00,34.61,0.0,0.7,34.526666666666664,34.56,0,0,0.0,0.7000000000000001,34.5419027808226,34.60859858591246,0.00013356321255526604,9.27746866799435e-05
32,2024-01-20 17:07:40,34.53,0.0,0.7,34.45000000000001,34.53,0,0,0.0,0.7000000000000001,34.461902780822605,34.52859858591246,0.00013356321255526604,9.27746866799435e-05
32,2024-01-20 17:08:20,34.42,0.0,0.7,34.36,34.42,0,0,0.0,0.7000000000000001,34.351902780822606,34.41859858591246,0.00013356321255526604,9.27746866799435e-05
32,2024-01-20 17:09:00,34.32,0.0,0.7,34.19833333333333,34.32,0,0,0.0,0.7000000000000001,34.252292520890165,34.31799056238497,0.00013944759264662105,9.27746866799435e-05
9,2024-01-08 15:16:40,33.99,2.0,0.2,34.12166666666666,34.22,0,0,2.0,0.19999999999999998,34.33863129575983,34.477584857221544,0.00019730894028859342,9.900030856199344e-05
9,2024-01-08 15:17:20,34.11,2.0,0.2,34.25666666666667,34.32,0,0,2.0,0.19999999999999998,34.29720360018895,34.41435290791469,0.000175046808774036,0.00010047745842244364
9,2024-01-08 15:18:00,34.26,2.0,0.2,34.385,34.45,0,0,2.0,0.19999999999999998,34.341860834967896,34.43871189145821,0.0001654412489338028,9.27746866799435e-05
9,2024-01-08 15:18:40,34.42,2.0,0.2,34.49666666666667,34.53,0,0,2.0,0.19999999999999998,34.49908604326657,34.588564956521104,0.0001654412489338028,9.27746866799435e-05
9,2024-01-08 15:19:20,34.53,2.0,0.2,34.62,34.73,0,0,2.0,0.19999999999999998,34.60973465228171,34.68459987506696,0.0001654412489338028,9.27746866799435e-05
9,2024-01-08 15:20:00,34.63,2.0,0.2,34.769999999999996,34.84,0,0,2.0,0.19999999999999998,34.69471133972531,34.778242519037725,0.00015129617289845189,9.27746866799435e-05
9,2024-01-08 15:20:40,34.8,2.0,0.2,34.83833333333334,34.84,0,0,2.0,0.19999999999999998,34.86857942574898,34.94261189812337,0.00015129617289845189,9.27746866799435e-05
9,2024-01-08 15:21:20,34.84,2.0,0.2,34.85333333333333,34.92,0,0,2.0,0.19999999999999998,34.90857942574899,34.962322848325016,0.00015129617289845189,9.27746866799435e-05
9,2024-01-08 15:22:00,34.84,2.0,0.2,35.666666666666664,38.13,0,0,2.25,0.19999999999999998,35.30505405879991,35.57239896206017,0.0007837037434807682,9.27746866799435e-05
9,2024-01-08 15:22:40,34.94,2.0,0.2,38.998333333333335,40.31,0,0,3.195,0.19999999999999998,37.2507287102259,40.27524016333557,0.0008694946773859399,0.00010938325225740543
9,2024-01-08 15:23:20,39.96,3.45,0.2,40.44166666666667,40.66,0,0,3.4499999999999997,0.19999999999999998,40.33294766143791,40.41451583447283,0.000265472849996366,0.00010663172404576096
9,2024-01-08 15:23:50,40.44,3.45,0.2,40.696666666666665,40.87,0,0,3.4499999999999997,0.19999999999999998,40.757551857550986,40.948267233673754,0.0002881922109324389,0.0001206148542271909
9,2024-01-08 15:24:30,40.75,3.45,0.2,40.99333333333333,41.18,0,0,3.4499999999999997,0.19999999999999998,41.03123208179575,41.238416369205915,0.0002881922109324389,0.0001382770555455388
9,2024-01-08 15:25:10,41.04,3.45,0.2,41.26499999999999,41.39,0,0,3.4499999999999997,0.19999999999999998,41.277461765779044,41.51336121462767,0.0002881922109324389,0.00012357462170708918
9,2024-01-08 15:25:50,41.29,3.45,0.2,41.50166666666667,41.68,0,0,3.4499999999999997,0.19999999999999998,41.52207725864243,41.76336121462767,0.0002881922109324389,0.0001382770555455388
9,2024-01-08 15:26:30,41.49,3.45,0.2,41.74333333333333,41.81,0,0,3.4499999999999997,0.19999999999999998,41.6625645676016,41.835502098448124,0.0002881922109324389,0.0001381360342618867
9,2024-01-08 15:27:10,41.81,3.45,0.2,41.81,41.81,0,0,3.4499999999999997,0.19999999999999998,42.08518899241556,42.27532517746131,0.0002881922109324389,0.0001206148542271909
9,2024-01-08 15:27:50,41.81,3.45,0.2,45.07833333333334,53.23,0,0,3.4499999999999997,0.19999999999999998,41.97025520350424,42.059538008137785,0.00023298946103452744,0.00010663172404576096
9,2024-01-08 15:28:30,41.9,3.45,0.2,49.69666666666666,53.23,0,0,3.4499999999999997,0.19999999999999998,42.01680809639569,42.040929222840575,0.000463560637777219,0.00011694708518518442
9,2024-01-08 15:29:10,48.76,3.45,0.2,50.23333333333333,53.82,0,0,4.128333333333333,0.19999999999999998,50.21619283156717,52.99018629655882,0.0011101464767260321,0.00014910451570817668
9,2024-01-08 15:29:50,50.72,4.32,0.2,55.81,57.72,0,0,5.533333333333334,0.19999999999999998,54.719817182278284,57.470151021381405,0.001745864442578708,0.0001381360342618867
9,2024-01-08 15:30:30,57.44,5.87,0.2,57.690000000000005,57.96,0,0,6.12,0.19999999999999998,57.669255746565376,58.342871685131044,0.002003325128274622,0.00014199471248397253
9,2024-01-08 15:31:20,57.79,6.2,0.2,57.32833333333334,57.59,0,0,6.2,0.19999999999999998,57.30455641747235,57.91235272287416,0.0009652069879345901,0.00012702659455735403
9,2024-01-08 15:32:00,57.26,6.2,0.2,57.16333333333333,57.21,0,0,6.2,0.19999999999999998,56.630469037772244,57.2749889246189,0.0010127580331610337,0.00012702659455735403
9,2024-01-08 15:32:30,57.13,6.2,0.2,57.00833333333333,57.2,0,0,6.2,0.19999999999999998,56.47928602554293,57.14498892461891,0.0013678623567485067,0.00012702659455735403
9,2024-01-08 15:33:10,57.2,6.2,0.2,56.19333333333333,56.95,0,0,6.2,0.19999999999999998,56.56131454339072,57.235467654138446,0.0013678623567485067,0.00012702659455735403
9,2024-01-08 15:33:50,56.0,6.2,0.2,59.94166666666666,68.63,0,0,7.228333333333334,0.19999999999999998,58.102545447886904,60.892634172519806,0.0015788178148261314,0.00012357462170708918
9,2024-01-08 15:34:30,59.14,7.2,0.2,74.375,85.64,0,0,10.221666666666666,0.19999999999999998,65.34076097546242,69.1102702879953,0.004136943466275696,0.00010663172404576096
9,2024-01-08 15:35:10,75.8,10.54,0.2,86.63499999999999,89.03,0,0,12.291666666666666,0.19999999999999998,80.92693209691745,83.99568907862995,0.022200041907971264,0.00012425823484029923
9,2024-01-08 15:35:50,88.69,12.44,0.2,88.41666666666667,89.03,0,0,12.843333333333334,0.19999999999999998,89.46606047549193,90.00658821796289,0.32384977846786844,0.00017851201879334088
9,2024-01-08 15:36:40,87.65,12.76,0.2,89.01166666666666,90.08,0,0,13.62,0.19999999999999998,88.01754821277433,89.97467451167402,0.39859683909065086,0.00017851201879334088
9,2024-01-08 15:37:30,90.08,13.94,0.2,87.7,89.83,0,0,14.353333333333333,0.19999999999999998,88.72975341193296,90.98319082272042,0.39859683909065086,0.00017642730951808968
9,2024-01-08 15:38:10,88.2,14.53,0.2,83.13166666666667,86.43,0,0,15.453333333333333,0.19999999999999998,87.58916116224364,89.36364078146072,0.3272128644317222,0.00015902295916504587
9,2024-01-08 15:38:50,82.45,15.36,0.2,78.75666666666666,80.87,0,0,18.185,0.19999999999999998,79.53975503374112,83.06190584797152,0.2044012084479245,0.00015902295916504587
9,2024-01-08 15:39:30,78.96,18.68,0.2,81.30666666666666,90.75,0,0,20.92833333333333,0.19999999999999998,76.28442080321,79.5773661903496,0.2350784494553562,0.0002551260575478552
9,2024-01-08 15:40:10,82.7,21.89,0.2,90.21666666666665,91.64,0,0,19.97833333333333,0.19999999999999998,82.03971080174479,82.9411057144703,0.26752866952513626,0.00016805889300780974
9,2024-01-08 15:40:40,91.64,20.51,0.2,90.85166666666665,91.54,0,0,17.966666666666665,0.19999999999999998,83.23271137153738,91.63105096094326,0.4499052150066982,0.00016789241511579612
9,2024-01-08 15:41:20,91.52,17.86,0.2,90.83666666666666,91.85,0,0,16.486666666666665,0.19999999999999998,89.75617810527154,91.6596558184643,0.4478316159537329,0.00016805889300780974
9,2024-01-08 15:42:00,91.14,16.18,0.2,87.69166666666666,90.21,0,0,16.261666666666667,0.19999999999999998,90.63059570868691,91.59695261736749,0.3645855669863194,0.0001489835406881045
9,2024-01-08 15:42:40,88.19,16.06,0.2,79.71333333333334,85.29,0,0,18.183333333333334,0.19999999999999998,85.21871797886516,88.57935122403794,0.4409181747898059,0.0002246962307276091
9,2024-01-08 15:43:20,77.75,18.34,0.2,70.24166666666666,76.61,0,0,21.653333333333332,0.19999999999999998,74.70419701050498,78.391724535679,0.32110908415295786,0.00031273460375266066
9,2024-01-08 15:44:00,66.16,22.21,0.2,69.875,71.86,0,0,23.65833333333333,0.19999999999999998,68.38840633848697,71.39582675596247,0.2622403093916314,0.000200707152286448
9,2024-01-08 15:44:40,70.48,23.98,0.2,72.89833333333333,74.59,0,0,24.08,2.0833333333333335,70.83184213022481,71.31036533093557,0.41373762968935324,0.00031681337570231235
9,2024-01-08 15:45:20,73.25,24.08,2.5,75.74333333333334,77.73,0,0,24.08,4.8999999999999995,74.07763767651522,74.06870140357859,0.8996572431098524,0.0006424206979390208
9,2024-01-08 15:46:00,76.06,24.08,5.0,78.73333333333333,80.15,0,0,24.08,5.0,77.00235381133726,77.4746779676272,0.4790441259969716,0.00030443407591728815
9,2024-01-08 15:46:40,79.26,24.08,5.0,80.98333333333333,82.62,0,0,24.08,5.0,80.25066587823788,80.69164726972639,0.26578613850222593,0.0004098595898366147
9,2024-01-08 15:47:30,81.17,24.08,5.0,82.85833333333333,83.39,0,0,24.08,5.0,81.94310076646987,82.2290891850049,0.520143767229711,0.0004098595898366147
9,2024-01-08 15:48:20,83.39,24.08,5.0,82.69333333333333,83.25,0,0,24.08,5.5,83.34638188603914,83.70635964582291,0.5064297295575046,0.00033834884723863296
9,2024-01-08 15:48:50,82.79,24.08,5.0,82.07833333333333,82.54,0,0,24.08,6.449999999999999,82.79000072140327,82.9253561682517,0.06394059808973447,0.00036461525821090165
9,2024-01-08 15:49:30,81.92,24.08,6.9,81.495,81.84,0,0,24.08,6.8999999999999995,82.01330225910216,82.15487194894438,0.16051969218350157,0.00036461525821090165
9,2024-01-08 15:50:10,81.4,24.08,6.9,81.42666666666666,81.75,0,0,24.08,6.8999999999999995,81.49416548114606,81.72316091743191,0.18999197969213524,0.0002835195716930949
9,2024-01-08 15:50:50,81.39,24.08,6.9,82.09166666666667,82.64,0,0,24.08,6.8999999999999995,81.46204637387157,81.67125963807212,0.05384690733123653,0.0002741607090039198
9,2024-01-08 15:51:30,82.23,24.08,6.9,82.895,83.31,0,0,24.08,6.8999999999999995,82.31505858633906,82.43988505734197,0.04809458800153066,0.0003320313822445352
9,2024-01-08 15:52:10,83.02,24.08,6.9,83.41166666666668,83.61,0,0,24.08,6.8999999999999995,83.06532326108349,83.15242735500613,0.12002542363071315,0.0003212178385503969
9,2024-01-08 15:52:50,83.42,24.08,6.9,83.67333333333333,83.75,0,0,24.08,7.066666666666666,83.43606990693966,83.52044710504109,0.26551407492796647,0.00034241329572412375
9,2024-01-08 15:53:30,83.68,24.08,6.9,83.63,83.75,0,0,24.08,7.733333333333333,83.63285020630582,83.78579165683354,0.1252858845963921,0.0003663913189433202
9,2024-01-08 15:54:10,83.69,24.08,7.9,83.11333333333333,83.53,0,0,24.08,7.8999999999999995,83.7334622754829,83.83939776851304,0.0859837884353639,0.00031967860188366053
9,2024-01-08 15:54:50,82.99,24.08,7.9,82.44833333333334,82.88,0,0,24.08,7.8999999999999995,83.00673450996852,83.13939776851304,0.06548600287401769,0.0003315535083163537
9,2024-01-08 15:55:30,82.35,24.08,7.9,81.685,82.17,0,0,24.08,8.950000000000001,82.35046636498996,82.43677168090703,0.036043097095170264,0.0003480740286873437
9,2024-01-08 15:56:10,81.54,24.08,9.7,81.77499999999999,82.4,0,0,24.08,10.1,81.56871058619525,81.64443506112471,0.06840233163109338,0.0003426341882649944
9,2024-01-08 15:57:00,81.9,24.08,10.1,82.71666666666667,83.23,0,0,24.08,10.1,82.08639988483469,82.17469317534895,0.05512983171788157,0.0003412127842892306
9,2024-01-08 15:57:30,82.6,24.08,10.1,83.34666666666668,83.88,0,0,24.08,10.1,82.75402758489709,82.82525026763295,0.09854510506573282,0.0003412127842892306
9,2024-01-08 15:58:10,83.41,24.08,10.1,84.16333333333334,84.47,0,0,24.08,10.1,83.46886109767819,83.5430492191662,0.04449600119801215,0.0003412127842892306
9,2024-01-08 15:58:50,84.4,24.08,10.1,84.21333333333334,84.47,0,0,24.08,10.1,84.42458189316058,84.50101345923956,0.017424300341634003,0.0003447257524681883
9,2024-01-08 15:59:30,84.13,24.08,10.1,83.685,84.1,0,0,24.08,11.049999999999999,84.15959714536011,84.22072074220145,0.010556629159066354,0.0003594420805995572
9,2024-01-08 16:00:10,83.61,24.08,11.5,83.015,83.41,0,0,24.08,12.166666666666666,83.66201550459945,83.69986752175838,0.02279583911221581,0.0003423821870094904
9,2024-01-08 16:00:50,82.93,24.08,12.1,82.34500000000001,82.76,0,0,24.08,12.1,82.96493029676675,83.05191259829598,0.02585530170519188,0.0003423821870094904
9,2024-01-08 16:01:40,82.25,24.08,12.1,81.88000000000001,82.05,0,0,24.08,12.1,82.2920820549991,82.36649239745758,0.0465127763954782,0.0003447257524681883
9,2024-01-08 16:02:20,81.8,24.08,12.1,82.08,82.26,1,0,24.08,4.803030303030304,81.81016236698132,81.98103540882059,0.9612796376265499,0.00034259075205361246
9,2024-01-08 16:03:00,82.11,24.08,1.1363636363636365,81.97,82.26,1,0,24.08,1.2636363636363637,82.07744319806217,82.16541378491891,0.989396614370174,0.00034748944658450633
9,2024-01-08 16:03:40,81.93,24.08,1.2818181818181817,80.99833333333332,81.75,1,0,24.08,1.409090909090909,81.77573577832594,81.97562702038394,0.9911729168165665,0.00038380198814432084
9,2024-01-08 16:04:20,80.85,24.08,1.4272727272727272,75.18666666666665,80.53,1,0,24.083333333333332,1.5545454545454547,80.4316424956564,80.87647120892576,0.9934486320430177,0.00048362722028482194
9,2024-01-08 16:06:20,70.66,24.08,1.5727272727272728,74.36333333333333,75.26,1,0,24.08,1.7,71.27121607119824,71.66167635302003,0.9918397461262666,0.0005536563406592502
9,2024-01-08 16:06:50,74.47,24.08,1.6818181818181817,75.42166666666667,76.09,1,0,24.08,1.8090909090909093,75.11948448682229,75.54802017664932,0.9918015347465297,0.0005091650531308842
9,2024-01-08 16:07:30,75.51,24.08,1.8272727272727272,76.84166666666665,77.79,1,0,24.08,5.660606060606061,76.02519372180241,76.79042132145447,0.9934945471146571,0.00027760697714529427
9,2024-01-08 16:08:10,77.22,24.08,8.0,78.46333333333332,79.49,1,0,24.08,8.1,78.29748043948771,79.14829544298293,0.9861693814394963,0.000258290757408676
9,2024-01-08 16:08:50,78.64,24.08,8.1,80.08333333333333,81.05,1,0,24.08,8.1,79.69389295798557,80.50407781061058,0.9860538718500824,0.00030708905446068333
9,2024-01-08 16:09:30,80.29,24.08,8.1,81.84666666666668,83.09,1,0,24.08,8.883333333333333,81.11356567781745,81.55465801054976,0.9287602013712128,0.00030017507542796527
9,2024-01-08 16:10:10,82.11,24.08,8.2,83.42,83.84,1,0,24.08,10.133333333333333,82.07819178902943,82.16193633588591,0.33705775061103516,0.0003276592617091779
9,2024-01-08 16:10:50,83.82,24.08,10.0,83.18,83.84,1,0,24.08,10.0,83.91466801753202,83.99454495509049,0.2772749483676195,0.00037697030548519716
9,2024-01-08 16:11:30,83.08,24.08,10.0,81.89833333333334,82.72,0,0,24.08,10.0,83.16480996781655,83.23331264079582,0.15573179053540243,0.00035400756847457036
9,2024-01-08 16:12:10,81.66,24.08,10.0,80.945,81.45,0,0,24.08,10.0,81.73636003446374,81.81919165112568,0.06028207051462798,0.00033127804624144373
9,2024-01-08 16:12:50,80.76,24.08,10.0,80.43333333333334,80.68,0,0,24.08,10.616666666666667,80.8350026857526,80.8694387466049,0.015081760193912535,0.0003084396126945547
9,2024-01-08 16:13:30,80.35,24.08,10.9,80.145,80.27,0,0,24.08,11.85,80.4057180282013,80.45817648342596,0.04922521660054365,0.0003594420805995572
9,2024-01-08 16:14:10,80.1,24.08,12.5,80.125,80.31,0,0,24.08,11.883333333333333,80.12127906806545,80.34160133807245,0.44632899287460986,0.00035363574256027795
9,2024-01-08 16:14:50,80.06,24.08,11.9,80.50999999999999,80.85,0,0,24.08,11.9,80.19893384862357,80.39996335968947,0.4457976690044089,0.0003412127842892306
9,2024-01-08 16:15:20,80.45,24.08,11.9,80.90833333333333,81.25,0,0,24.08,11.9,80.58041807711076,80.78996335968947,0.451307582865786,0.0003412127842892306
9,2024-01-08 16:16:00,80.96,24.08,11.9,81.26333333333334,81.32,0,0,24.08,12.25,80.97895047101176,81.13196306196805,0.43341921273631107,0.00023641625492315285
9,2024-01-08 16:16:40,81.32,24.08,11.9,81.26,81.31,0,0,24.08,13.049999999999999,81.25959948034124,81.38353394312638,0.31277887920233427,0.00019621464409871043
9,2024-01-08 16:17:20,81.25,24.08,13.1,81.16833333333334,81.24,0,0,24.08,13.1,81.25011056441785,81.36013478914047,0.09144884368249963,0.00018557138529523866
9,2024-01-08 16:18:00,81.19,24.08,13.1,80.92833333333333,81.11,0,0,24.08,13.1,81.18849888833928,81.30762977792857,0.25840437928014925,0.00018354488554926253
9,2024-01-08 16:18:40,80.85,24.08,13.1,80.94666666666667,81.07,0,0,24.08,11.816666666666665,80.86379078156423,80.973076043083,0.4000325542886506,0.00019022852487102107
9,2024-01-08 16:19:20,81.01,24.08,11.8,81.01166666666667,81.07,1,0,24.08,13.25,80.96436863180669,81.04434065208653,0.45367193759626995,0.0001948193823032396
9,2024-01-08 16:20:00,81.03,24.08,13.0,80.68333333333334,80.96,1,0,24.08,13.0,81.01525976196243,81.09496454014223,0.5883058476796159,0.0001572708150633216
9,2024-01-08 16:20:40,80.62,24.08,13.0,79.85000000000001,80.54,1,0,24.08,13.566666666666668,80.53340201741209,80.66119949579459,0.5438979241208209,0.0001572708150633216
9,2024-01-08 16:21:20,79.73,24.08,13.6,78.32833333333333,79.42,1,0,24.08,14.133333333333333,79.6340133417962,79.76855642127948,0.683868223209508,0.00018557138529523866
9,2024-01-08 16:22:00,77.93,24.08,14.0,77.31166666666667,77.65,1,0,24.08,12.700000000000001,77.91658037295444,78.09267311518299,0.9542708029233468,0.0002478668018246508
9,2024-01-08 16:22:40,77.25,24.08,14.0,77.02999999999999,77.18,1,0,24.08,3.466666666666667,77.33375454905807,77.76701673563845,0.9820940372383433,0.00023543241432561726
9,2024-01-08 16:23:10,77.02,24.08,0.1,76.905,77.02,1,0,24.08,0.21666666666666667,77.26085789170357,77.66963484852458,0.9877599487667802,0.00033476825969028234
9,2024-01-08 16:23:50,76.93,24.08,0.23333333333333334,76.60166666666667,76.89,1,0,24.08,0.3499999999999999,77.4923193215069,77.74775600256507,0.9891191040060255,0.0004201885728305149
9,2024-01-08 16:24:30,76.52,24.08,0.3666666666666667,75.83833333333334,76.43,1,0,24.08,0.4833333333333334,76.98362822471242,77.36412451429803,0.9899724588882644,0.0004201885728305149
9,2024-01-08 16:25:10,76.0,24.08,0.5,74.53166666666667,75.71,1,0,24.08,0.6166666666666667,76.25583841690779,76.7357888207872,0.9833790442052515,0.0004201885728305149
9,2024-01-08 16:26:30,74.26,24.08,0.6333333333333333,74.59333333333333,75.29,1,0,24.08,0.75,74.3463050347723,74.9319352237588,0.9917897817511647,0.0005936810419376137
9,2024-01-08 16:27:20,74.27,24.08,0.7666666666666666,75.49,75.86,1,0,24.08,0.8833333333333333,74.20452571053157,74.81060657584517,0.9918222510549051,0.0002536688435518148
9,2024-01-08 16:28:00,75.58,24.08,0.9,76.08999999999999,76.51,1,0,24.08,4.2,75.43923684599056,75.85476485628033,0.9802775828301244,0.00026665691697754955
9,2024-01-08 16:28:40,76.13,24.08,5.4,77.18666666666667,78.33,1,0,24.08,8.083333333333334,76.34507755720196,76.51332477983293,0.7738113273547691,0.0002342051488100535
9,2024-01-08 16:29:20,77.29,24.08,7.7,78.87500000000001,79.71,1,0,24.08,7.866666666666666,77.47726299507374,77.75606116597781,0.9247088317104097,0.00022465056281017787
9,2024-01-08 16:30:00,79.09,24.08,7.9,80.49166666666667,81.9,1,0,24.08,7.8999999999999995,79.26477900416587,79.40382236560028,0.9308845190038953,0.0002284665454624595
9,2024-01-08 16:30:40,80.57,24.08,7.9,82.74333333333334,84.2,1,0,24.08,7.8999999999999995,80.76511612975933,80.92883391160366,0.906704676699133,0.0002623704860595805
9,2024-01-08 16:31:20,83.3,24.08,7.9,83.34333333333332,84.2,1,0,24.08,9.066666666666665,83.36901722961419,83.52326521887765,0.6561518231743729,0.00033971418059730894
9,2024-01-08 16:32:20,83.12,24.08,9.5,83.07166666666666,83.16,1,0,24.08,10.183333333333334,83.19028591130329,83.27619798103268,0.07965462020541374,0.00037697030548519716
9,2024-01-08 16:32:50,83.03,24.08,10.0,83.01,83.06,1,0,24.08,10.0,83.13113921164937,83.18331264079583,0.1412648590286137,0.00035400756847457036
9,2024-01-08 16:33:30,83.02,24.08,10.0,82.89999999999999,83.01,0,0,24.08,10.0,83.10187730446724,83.1895317389089,0.0340028113562221,0.00033127804624144373
9,2024-01-08 16:34:10,82.84,24.08,10.0,82.94,83.02,0,0,24.08,10.0,82.92220734885709,82.9915238236029,0.013217198289232053,0.0005291937742191903
9,2024-01-08 16:34:50,82.98,24.08,10.0,82.90166666666667,83.02,0,0,24.08,10.0,83.06797584459875,83.10191259829598,0.00694566844286111,0.0003423821870094904
9,2024-01-08 16:35:30,82.84,24.08,10.0,82.85333333333334,82.91,0,0,24.08,10.766666666666666,82.8682490352751,82.92986752175838,0.010759119349744571,0.0003423821870094904
9,2024-01-08 16:36:10,82.87,24.08,10.8,82.83333333333333,82.91,0,0,24.08,11.9,82.86949109294254,82.92724347223493,0.04092779181158807,0.00031458883277561933
9,2024-01-08 16:37:00,82.78,24.08,11.9,82.89333333333333,83.07,0,0,24.08,11.9,82.79232619933418,82.8497933992545,0.05077191618556725,0.00022170950056277613
9,2024-01-08 16:37:40,82.88,24.08,11.9,83.13166666666665,83.26,0,0,24.08,11.9,82.89209808208514,82.9597919751177,0.04204938685879466,0.00022170950056277613
9,2024-01-08 16:38:20,83.19,24.08,11.9,83.27166666666666,83.3,0,0,24.08,11.9,83.22494656676965,83.27292137075231,0.030535614978737826,0.00025492437026196466
9,2024-01-08 16:39:00,83.3,24.08,11.9,83.405,83.56,0,0,24.08,12.083333333333334,83.3289862686657,83.38953083175011,0.0652704250487633,0.00025492437026196466
9,2024-01-08 16:39:40,83.43,24.08,11.9,83.50500000000001,83.56,0,0,24.08,13.58333333333333,83.35303444224799,83.43132166650147,0.08366917821474805,0.00026762766569636017
9,2024-01-08 16:40:20,83.54,24.08,14.2,83.26666666666667,83.51,0,0,24.08,14.083333333333334,83.4827847318364,83.6163093205514,0.06708225065489748,0.00026420654922680695
9,2024-01-08 16:40:50,83.22,24.08,14.1,83.075,83.26,0,0,24.08,14.033333333333333,83.1627847318364,83.29630932055139,0.06708225065489748,0.00026420654922680695
9,2024-01-08 16:41:30,83.13,24.08,14.0,82.61666666666666,82.94,0,0,24.08,14.0,83.10248690172172,83.2306379875956,0.12404459127292287,0.00025492437026196466
9,2024-01-08 16:42:10,82.69,24.08,14.0,81.38666666666667,82.41,0,0,24.08,14.766666666666666,82.65252181058783,82.7535078134705,0.0748022669036867,0.00028304904179563673
9,2024-01-08 16:42:50,81.12,24.08,15.2,80.48333333333333,80.67,0,0,24.08,15.016666666666666,81.01264464238211,81.16480740619669,0.4053690111866359,0.0003551088789752177
9,2024-01-08 16:43:30,80.39,24.08,14.9,80.72333333333334,81.01,1,0,24.08,9.745652173913044,80.35375327796861,80.64013252936853,0.894521919813028,0.00035363574256027795
9,2024-01-08 16:44:10,81.01,24.08,4.5,80.28333333333333,80.91,1,0,24.08,4.469565217391303,81.1200057248082,81.53957924031909,0.9604931816730695,0.000349214310696162
9,2024-01-08 16:44:50,80.1,24.08,4.465217391304348,79.845,79.96,1,0,24.08,4.434782608695652,80.24370514947834,80.67439141664941,0.9852780723619251,0.0003895294506516142
9,2024-01-08 16:45:30,79.75,24.08,4.430434782608695,79.08833333333332,80.03,1,0,24.08,4.3999999999999995,80.05538342872345,80.34506833511307,0.9903566627472178,0.0005421285264435404
9,2024-01-08 16:46:10,80.03,24.08,4.395652173913043,73.71333333333332,79.83,1,0,24.083333333333332,4.365217391304348,79.96710881108513,80.43646716549888,0.9936053979519358,0.0002889652248921816
9,2024-01-08 16:47:50,69.32,24.08,4.360869565217391,74.33999999999999,75.19,1,0,24.08,4.3304347826086955,70.15293922649855,70.80840554646764,0.99113748001565,0.0003019501828121575
9,2024-01-08 16:48:21,74.71,24.08,4.326086956521739,75.39999999999999,75.75,1,0,24.08,7.187681159420291,75.38577325351044,76.12989560420627,0.9933250522887154,0.0003058598786229537
9,2024-01-08 16:49:00,75.46,24.08,9.5,76.21833333333333,77.25,1,0,24.08666666666667,10.183333333333334,76.56456042973969,77.39363068477122,0.5662691991755542,0.00031049615153693074
9,2024-01-08 16:49:30,76.03,24.09,10.1,77.28166666666667,78.27,1,0,24.09,10.1,77.10338266113297,78.0222986800399,0.6887796887071037,0.00027759425826442616
9,2024-01-08 16:50:00,77.62,24.09,10.1,78.85166666666666,79.96,1,0,24.09,10.066666666666666,78.46656602879656,79.06622538762198,0.29013426404926845,0.0003211478449671769
9,2024-01-08 16:50:40,78.99,24.09,10.1,81.11500000000001,82.78,1,0,24.09,10.0,79.60688086973603,80.01929015832626,0.3366808474214574,0.00030158444666780797
9,2024-01-08 16:51:20,81.61,24.09,10.0,82.92166666666667,83.25,0,0,24.09,10.0,81.71611672296548,81.80280702083941,0.21386927612318388,0.000287977967720434
9,2024-01-08 16:52:00,83.25,24.09,10.0,83.18833333333333,83.24,0,0,24.09,11.033333333333331,83.34685724229156,83.40068671331176,0.04361834371982848,0.00034778484576952377
9,2024-01-08 16:52:40,83.19,24.09,11.9,82.94666666666667,83.19,0,0,24.09,12.116666666666667,83.26678318825589,83.35820215089446,0.028947028396748693,0.00033127804624144373
9,2024-01-08 16:53:20,82.92,24.09,12.1,82.42666666666666,82.81,0,0,24.09,12.033333333333333,82.96162875167,83.10687224400627,0.057694026931482664,0.00034333942237704167
9,2024-01-08 16:54:00,82.3,24.09,12.0,81.94500000000001,82.23,0,0,24.09,12.833333333333334,82.3306171599689,82.43850071848541,0.07079996726388363,0.00034778484576952377
9,2024-01-08 16:54:40,81.84,24.09,12.3,81.60833333333333,81.76,0,0,24.09,14.116666666666667,81.78218542646106,81.888030635115,0.028073223620474565,0.0003594420805995572
9,2024-01-08 16:55:20,81.7,24.09,14.0,81.23166666666667,81.51,0,0,24.09,13.450000000000001,81.68654587590181,81.81101765685233,0.07734336601939121,0.00039113328569727703
9,2024-01-08 16:56:00,81.08,24.09,13.8,81.545,81.9,0,0,24.09,13.466666666666669,81.00615055730927,81.12521873166276,0.4826973753978722,0.0003897974390446228
9,2024-01-08 16:56:40,81.6,24.09,14.1,81.88833333333334,81.94,0,0,24.09,13.933333333333335,81.53531714029779,81.64206141730175,0.4889940916327295,0.00035363574256027795
9,2024-01-08 16:57:30,81.88,24.09,13.9,81.73833333333334,81.89,1,0,24.09,13.9,81.78507950702227,81.934042040413,0.4023947780735247,0.0003426341882649944
9,2024-01-08 16:57:51,81.83,24.09,13.9,81.24,81.74,1,0,24.09,14.033333333333333,81.72611376188117,81.88691648873684,0.44505944132321196,0.0003426341882649944
9,2024-01-08 16:58:30,81.25,24.09,13.9,79.72666666666667,80.88,1,0,24.09,14.833333333333334,81.16302840137786,81.30621597689061,0.5748684261027881,0.00035970663381546344
9,2024-01-08 16:59:10,79.45,24.09,15.1,78.05166666666666,78.97,1,0,24.09,10.166666666666666,79.35959700246522,79.53067174006726,0.9315422423312338,0.0003551088789752177
9,2024-01-08 17:00:00,77.65,24.09,15.1,77.55833333333334,77.64,1,0,24.09,0.3,77.60629146616071,77.84005754824074,0.9706657941384169,0.00039561022376850895
9,2024-01-08 17:00:40,77.53,24.09,0.3,77.56666666666666,77.64,1,0,24.09,0.3,77.86508968671659,78.22659021521969,0.9282129982202499,0.00036975193279019885
9,2024-01-08 17:01:20,77.58,24.09,0.3,77.62666666666668,77.75,1,0,24.09,0.3,77.96187292779001,78.39439479243917,0.9360894608566166,0.0004201885728305149
9,2024-01-08 17:02:10,77.75,24.09,0.3,77.24166666666666,77.59,1,0,24.09,0.3,78.2324528809935,78.58234699658482,0.9219313136310213,0.0004201885728305149
9,2024-01-08 17:02:41,77.24,24.09,0.3,77.18666666666667,77.35,1,0,24.09,0.3,77.77375404381073,78.10329831924284,0.8586124589426336,0.0004201885728305149
9,2024-01-08 17:03:50,77.32,24.09,0.3,77.47,77.69,1,0,24.09,0.3,77.29679565429196,77.7700554654441,0.8403786231445888,0.000410905417710448
9,2024-01-08 17:04:30,77.45,24.09,0.3,77.90166666666666,78.24,1,0,24.09,2.0833333333333335,76.61713789388172,77.37606578162874,0.9758163735759141,0.00018777415078031926
9,2024-01-08 17:05:20,77.97,24.09,0.3,78.29333333333332,78.71,1,0,24.09,7.316666666666666,77.55426544003784,77.9664836472703,0.5616133547521677,0.00016354064108760268
9,2024-01-08 17:06:00,78.18,24.09,8.2,79.03166666666665,79.63,1,0,24.09,8.1,78.29786877029592,78.3853346283676,0.48264548329389756,0.00019473766880701482
9,2024-01-08 17:06:30,78.87,24.09,8.1,79.88333333333334,81.17,1,0,24.09,8.1,79.05643908729412,79.1142113584793,0.6302773144015636,0.00020596744276278167
9,2024-01-08 17:07:10,79.79,24.09,8.1,81.77666666666666,82.97,1,0,24.09,8.1,79.98247091523241,80.09669987426811,0.7585488828439889,0.0002700502965681504
9,2024-01-08 17:08:00,82.08,24.09,8.1,83.13666666666666,83.49,1,0,24.09,8.1,82.23629744091821,82.3855394893316,0.8573033103569564,0.0002852089759892644
9,2024-01-08 17:08:40,83.27,24.09,8.1,83.51833333333333,83.59,1,0,24.09,8.116666666666667,83.37555742774471,83.5662782510408,0.7062160104768189,0.00034885271361242927
9,2024-01-08 17:09:20,83.56,24.09,8.1,83.55,83.67,1,0,24.09,9.549999999999999,83.5870583206987,83.70587027092682,0.316435433436212,0.0003957529406234135
9,2024-01-08 17:10:00,83.55,24.09,10.6,83.575,83.72,0,0,24.09,10.05,83.60938462807268,83.71134821926123,0.03813647400725084,0.0003668961913971885
9,2024-01-08 17:10:40,83.63,24.09,10.1,83.47333333333334,83.57,0,0,24.09,9.733333333333333,83.70530904331835,83.83233963865747,0.11414644848676542,0.00047908523284127347
9,2024-01-08 17:11:20,83.47,24.09,9.6,83.50500000000001,83.62,0,0,24.09,11.0,83.52393379499615,83.60096819409536,0.012682548432433115,0.0004721365745402238
9,2024-01-08 17:12:00,83.62,24.09,11.6,82.88333333333333,83.48,0,0,24.09,11.933333333333332,83.6733724557532,83.70487540744988,0.00954274589704366,0.0003423821870094904
9,2024-01-08 17:12:40,82.81,24.09,11.9,82.53666666666666,83.02,0,0,24.09,11.9,82.83938067511994,82.92495603376263,0.005854148519102433,0.00038155950997347557
9,2024-01-08 17:13:20,82.57,24.09,11.9,83.19666666666666,83.5,0,0,24.09,6.296428571428572,82.55056637322299,82.63260315828143,0.9406186946366145,0.0003946438485601716
9,2024-01-08 17:14:00,83.33,24.09,0.7,83.42500000000001,83.53,0,0,24.09,0.6749999999999999,83.17506179979749,83.35983736229137,0.7925682088717912,0.00021165719133070643
9,2024-01-08 17:14:40,83.31,24.09,0.6714285714285714,83.52166666666666,83.6,0,0,24.09,0.6464285714285714,82.83454397400459,83.23942782980042,0.8986146392808629,0.00020303165818921846
9,2024-01-08 17:15:10,83.6,24.09,0.6499999999999999,83.28833333333334,83.58,0,0,24.09,0.625,82.87871891608495,83.4833684195615,0.7362376637168513,0.0002825904407923578
9,2024-01-08 17:15:50,83.39,24.09,0.6214285714285714,81.46666666666665,83.12,0,0,24.09,5.986904761904763,82.06585749783912,83.04491788273153,0.8957447246525353,0.0005559501980677152
9,2024-01-08 17:16:30,81.27,24.09,6.9,78.96833333333333,80.32,0,0,24.09,13.966666666666667,79.77496452621818,81.06491890214718,0.02193266556991413,0.0005059166987795964
9,2024-01-08 17:17:10,78.56,24.09,14.1,78.34833333333333,78.44,0,0,24.09,14.1,79.0636149875827,79.44585020803164,0.021588117370493005,0.00034592159613718704
9,2024-01-08 17:17:50,78.3,24.09,14.1,79.19166666666665,80.71,0,0,24.09,14.1,79.42800225412803,80.0831476498561,0.019881887727899745,0.00037610462545872864
9,2024-01-08 17:18:30,79.21,24.09,14.1,81.96000000000001,83.73,0,0,24.09,13.666666666666666,80.40246817277624,80.8275120228507,0.03493724956704436,0.00044624609258532295
9,2024-01-08 17:19:10,82.5,24.09,13.9,83.88833333333334,84.31,0,0,24.09,14.083333333333334,83.51551255999397,83.95567765118741,0.034973896578753966,0.00026059457413409677
9,2024-01-08 17:19:50,83.97,24.09,14.0,84.33833333333332,84.45,0,0,24.09,10.184259259259258,84.22214974575229,84.61001258326202,0.22683670409725473,0.0005749614464782375
9,2024-01-08 17:20:30,84.39,24.09,13.9,84.15166666666666,84.45,0,0,24.09,2.463888888888889,84.28515878302179,84.56417339344904,0.5852831697360105,0.0007339380571367094
9,2024-01-08 17:21:10,84.18,24.09,2.416666666666667,83.325,83.89,1,0,24.09,2.086111111111111,83.4528287464483,84.11777877567236,0.9354081079583039,0.0008367244210471292
9,2024-01-08 17:21:50,83.36,24.09,2.0388888888888888,82.00666666666667,82.93,1,0,24.09,1.7083333333333333,82.3045763912084,83.22290820305658,0.8546305116190132,0.0010704076057360078
9,2024-01-08 17:22:30,81.84,24.09,1.6611111111111112,77.94500000000001,81.51,1,0,24.058333333333334,1.3305555555555555,80.7269003947225,81.69528761753341,0.8205516687428681,0.0008846426673170996
9,2024-01-08 17:23:00,80.61,23.93,1.3777777777777778,75.31833333333333,76.09,1,0,24.08,3.727777777777778,79.60197404223216,80.82592519018357,0.9415084213003002,0.004669505984129237
9,2024-01-08 17:26:20,75.57,24.08,1.0,77.02,78.22,1,0,24.08,9.733333333333334,75.9027081201998,76.83827835019574,0.7849466661936336,0.0005802671652781247
9,2024-01-08 17:27:20,77.74,24.08,10.1,78.82833333333333,79.61,1,0,24.08,10.1,78.95528894214206,79.76144893017582,0.36652687407696277,0.0004786711227449791
9,2024-01-08 17:28:00,79.1,24.08,10.1,80.3,81.53,1,0,24.08,10.616666666666665,80.3428244967043,81.13886343740892,0.102722718448028,0.0003017673184456363
9,2024-01-08 17:28:40,80.43,24.08,10.1,82.05666666666666,82.82,1,0,24.08,11.85,81.3986637166925,82.1586635619547,0.10298826500532067,0.00047344158207438057
9,2024-01-08 17:29:20,82.44,24.08,11.9,82.82000000000001,82.88,0,0,24.08,11.983333333333334,83.0692212008771,83.5949674032614,0.05561672194745762,0.00047344158207438057
9,2024-01-08 17:30:00,82.87,24.08,12.0,82.79333333333334,82.86,0,0,24.08,12.533333333333333,82.75698412695566,83.02944028531898,0.01950594000800956,0.00045371287155562004
9,2024-01-08 17:30:40,82.8,24.08,12.0,82.755,82.8,0,0,24.08,13.91666666666667,82.57173912898791,82.86708579077515,0.01845131500180126,0.0006077568119741735
9,2024-01-08 17:31:20,82.8,24.08,14.1,82.54166666666667,82.8,0,0,24.08,6.423809523809523,82.80150359038174,83.00655690284107,0.5680363630862519,0.00034333942237704167
9,2024-01-08 17:32:10,82.45,24.08,2.6571428571428575,82.04333333333334,82.38,0,0,24.08,2.5071428571428576,82.31480004239309,82.56239296560437,0.8300125544300658,0.0007624418793293383
9,2024-01-08 17:32:50,81.94,24.08,2.4857142857142858,81.50166666666667,81.88,0,0,24.08,2.335714285714286,81.4268182964416,81.83423490502355,0.9622656169194803,0.0008634967324281018
9,2024-01-08 17:33:30,81.49,24.08,2.3142857142857145,80.66333333333334,81.29,0,0,24.08,3.554761904761905,80.46571489076157,81.27334869055593,0.9772384787810002,0.0004720075328607581
9,2024-01-08 17:34:00,80.77,24.08,2.185714285714286,79.86833333333334,80.54,0,0,24.08,8.623809523809525,79.51866753188482,80.58916217203922,0.8994171098933484,0.0005696025919382133
9,2024-01-08 17:34:40,79.8,24.08,12.9,79.27,79.5,0,0,24.08,12.033333333333333,79.84199509251559,80.28492427324133,0.18730526076090737,0.0004989714544914906
9,2024-01-08 17:35:30,79.19,24.08,12.0,79.88333333333333,80.56,0,0,24.08,12.033333333333333,79.92662500337863,80.22195710662069,0.08978050321198713,0.00034592159613718704
9,2024-01-08 17:36:10,79.97,24.08,12.0,81.14999999999999,82.14,0,0,24.08,13.366666666666667,80.65296063090287,81.07360785888693,0.052131238041901846,0.0002481974898764633
9,2024-01-08 17:36:50,81.32,24.08,14.1,82.11000000000001,82.29,0,0,24.08,12.266666666666666,81.83626866250371,81.95293251870329,0.03269772237093247,0.00028861521219377464
9,2024-01-08 17:37:30,82.29,24.08,13.9,81.95833333333333,82.13,0,0,24.08,12.450000000000001,82.29266471842301,82.54311874396218,0.016443356310115353,0.00027008315795718803
9,2024-01-08 17:38:10,82.02,24.08,14.9,81.46833333333332,81.84,0,0,24.08,14.033333333333333,82.03732100227316,82.11489864639555,0.004221731698428379,0.0002682469026267038
9,2024-01-08 17:38:50,81.35,24.08,14.0,80.74833333333333,81.21,0,0,24.08,14.0,81.31386680321275,81.46960944277112,0.013645263070426844,0.000258822813576066
9,2024-01-08 17:39:30,80.61,24.08,14.0,80.41833333333334,80.54,0,0,24.08,14.0,80.59825971622521,80.72605043507727,0.08445534499474529,0.00023480884211131542
9,2024-01-08 17:40:10,80.46,24.08,14.0,80.40833333333335,80.54,0,0,24.08,11.866666666666667,80.45977929379082,80.58094943196892,0.21998831785329154,0.0002433587627929265
9,2024-01-08 17:40:50,80.32,24.08,14.0,80.53000000000002,80.7,0,0,24.08,3.3333333333333326,80.2762537681061,80.42065540439589,0.9790619071840467,0.00023816328832058857
9,2024-01-08 17:41:30,80.59,24.08,1.2,80.61,80.72,0,0,24.08,1.2,80.45689845866171,80.58235669062161,0.9676718428577931,0.00039319752873986257
9,2024-01-08 17:42:10,80.65,24.08,1.2,79.94666666666667,80.55,0,0,24.08,1.2,80.21061447528167,80.52579027673222,0.9775413563998295,0.000479397701243783
9,2024-01-08 17:42:50,79.82,24.08,1.2,79.68666666666667,79.74,0,0,24.08,1.2,78.93368537042997,79.66076961948013,0.970727465732842,0.00026958796876874963
9,2024-01-08 17:43:40,79.69,24.08,1.2,69.04666666666667,79.74,0,0,19.296666666666667,1.2,69.37319640898892,79.32435166831984,0.9511681330871393,0.00026958796876874963
9,2024-01-08 17:44:20,69.1,20.0,1.2,46.46666666666667,58.62,0,0,5.0233333333333325,1.2,56.87790814094919,67.26168146989318,0.8186005579869338,0.00048232020178433637
9,2024-01-08 17:45:00,41.84,0.51,1.2,41.93666666666667,42.69,0,0,0.0,1.2,41.2361616448243,41.26424536414693,0.1271377137493052,0.0003305480018236858
9,2024-01-08 17:45:40,41.69,0.0,1.2,41.60333333333333,41.69,0,0,0.0,1.2,41.160229638708316,41.65868526907436,0.10447166616522113,0.00017154816613007881
9,2024-01-08 17:46:20,41.62,0.0,1.2,41.39333333333334,41.56,0,0,0.0,1.2,41.22541051928081,41.49521923931982,0.0018898807477014203,0.00013172192933326985
9,2024-01-08 17:47:00,41.35,0.0,1.2,41.14666666666667,41.29,0,0,0.0,1.2,41.119847770649,41.24394059104105,0.0019453821885604002,0.00013172192933326985
9,2024-01-08 17:47:40,41.13,0.0,1.2,40.901666666666664,41.08,0,0,0.0,1.2,40.92272021932301,41.03687859817038,0.0019453821885604002,0.00013172192933326985
9,2024-01-08 17:48:20,40.87,0.0,1.2,40.699999999999996,40.79,0,0,0.0,1.2,40.68969208628577,40.785227046330306,0.0021958690619108697,0.00013172192933326985
9,2024-01-08 17:49:00,40.67,0.0,1.2,40.528333333333336,40.67,0,0,0.0,1.2,40.5027518684813,40.5854789244639,0.0021958690619108697,0.00010312336407768043
9,2024-01-08 17:49:40,40.48,0.0,1.2,40.35666666666666,40.46,0,0,0.0,1.2,40.3313710549981,40.4453212095167,0.00046492769524633036,0.00010863320141561356
9,2024-01-08 17:50:20,40.35,0.0,1.2,40.18666666666667,40.29,0,0,0.0,1.2,40.17978410168613,40.313730672109216,0.0002506788109030967,9.022655148453317e-05
9,2024-01-08 17:50:50,40.23,0.0,1.2,40.06333333333333,40.15,0,0,0.0,1.2,40.07187911954825,40.20099314102477,0.0002506788109030967,9.022655148453317e-05
9,2024-01-08 17:51:30,40.04,0.0,1.2,39.92166666666666,40.04,0,0,0.0,1.2,39.89554437075041,40.01099314102477,0.0002506788109030967,9.022655148453317e-05
9,2024-01-08 17:52:10,39.94,0.0,1.2,39.75666666666667,39.83,0,0,0.0,1.2,39.80850136464612,39.91099314102477,0.0002506788109030967,9.022655148453317e-05
9,2024-01-08 17:53:00,39.73,0.0,1.2,39.63999999999999,39.73,0,0,0.0,1.2,39.60208512323248,39.711721151161285,0.0002506788109030967,9.022655148453317e-05
9,2024-01-08 17:53:40,39.63,0.0,1.2,39.51500000000001,39.63,0,0,0.0,1.2,39.50208512323248,39.61374162734286,0.000229247671959499,9.022655148453317e-05
9,2024-01-08 17:54:20,39.52,0.0,1.2,39.375,39.46,0,0,0.0,1.2,39.40315407445421,39.50374162734286,0.000229247671959499,9.022655148453317e-05
9,2024-01-08 17:55:00,39.33,0.0,1.2,39.26166666666667,39.31,0,0,0.0,1.2,39.22120546481454,39.31833438170297,0.000229247671959499,9.022655148453317e-05
9,2024-01-08 17:55:40,39.22,0.0,1.2,39.15833333333333,39.21,0,0,0.0,1.2,39.12161229555446,39.21025069799165,0.000229247671959499,9.022655148453317e-05
9,2024-01-08 17:56:20,39.12,0.0,1.2,39.06,39.1,0,0,0.0,1.2,39.02161229555446,39.110250697991646,0.000229247671959499,9.022655148453317e-05
9,2024-01-08 17:57:00,39.06,0.0,1.2,38.96,39.0,0,0,0.0,1.2,38.982306102629,39.053802000397994,0.00021517521380851425,9.022655148453317e-05
9,2024-01-08 17:57:50,38.96,0.0,1.2,38.87166666666666,38.9,0,0,0.0,1.2,38.882306102629,38.95380200039799,0.00021517521380851425,9.022655148453317e-05
9,2024-01-08 17:58:30,38.9,0.0,1.2,38.78666666666666,38.84,0,0,0.0,1.2,38.822442353514745,38.89380200039799,0.00021517521380851425,9.022655148453317e-05
9,2024-01-08 17:59:10,38.79,0.0,1.2,38.67166666666666,38.79,0,0,0.0,1.2,38.71618903657471,38.78553250748136,0.00021517521380851425,9.022655148453317e-05
9,2024-01-08 18:00:10,38.69,0.0,1.2,38.58166666666667,38.66,0,0,0.0,1.2,38.616395810115954,38.68662094255583,0.00020088048029129986,9.022655148453317e-05
9,2024-01-08 18:00:50,38.58,0.0,1.2,38.49999999999999,38.58,0,0,0.0,1.2,38.506395810115954,38.57662094255583,0.00020088048029129986,9.022655148453317e-05
9,2024-01-08 18:01:30,38.48,0.0,1.2,38.413333333333334,38.48,0,0,0.0,1.2,38.40639581011595,38.47553250748136,0.00020088048029129986,9.022655148453317e-05
9,2024-01-08 18:02:30,38.38,0.0,1.2,38.326666666666675,38.38,0,0,0.0,1.2,38.30639581011596,38.37553250748137,0.00020088048029129986,9.022655148453317e-05
9,2024-01-08 18:03:20,38.28,0.0,1.2,38.255,38.27,0,0,0.0,1.2,38.20639581011596,38.2770827093761,0.00020088048029129986,9.022655148453317e-05
9,2024-01-08 18:04:00,38.27,0.0,1.2,38.18833333333334,38.27,0,0,0.0,1.2,38.19839571367791,38.26792668887603,0.00020088048029129986,9.022655148453317e-05
9,2024-01-08 18:04:40,38.17,0.0,1.2,38.13333333333333,38.17,0,0,0.0,1.2,38.10023341759881,38.16856346422321,0.00019686198689941996,9.022655148453317e-05
9,2024-01-08 18:05:20,38.14,0.0,1.2,38.071666666666665,38.08,0,0,0.0,1.2,38.08688174543337,38.13894090604932,0.0001895230496214392,9.022655148453317e-05
9,2024-01-08 18:06:00,38.07,0.0,1.2,38.035000000000004,38.07,0,0,0.0,1.2,38.016881745433366,38.06894090604932,0.00018959746912694119,9.022655148453317e-05
9,2024-01-08 18:06:40,38.07,0.0,1.2,37.96166666666667,37.97,0,0,0.0,1.2,38.016881745433366,38.0690212814583,0.00019588742726901978,9.022655148453317e-05
9,2024-01-08 18:07:20,37.96,0.0,1.2,37.94,37.96,0,0,0.0,1.2,37.90688174543337,37.9590212814583,0.00019588742726901978,9.022655148453317e-05
9,2024-01-08 18:08:00,37.96,0.0,1.2,37.86666666666667,37.94,0,0,0.0,1.2,37.92157728906633,37.95906384348085,0.00019588742726901978,9.022655148453317e-05
9,2024-01-08 18:08:30,37.86,0.0,1.2,37.8,37.86,0,0,0.0,1.2,37.82101009958336,37.85913844380168,0.0001808305262530948,9.022655148453317e-05
9,2024-01-08 18:09:10,37.76,0.0,1.2,37.75,37.75,0,0,0.0,1.2,37.72101009958336,37.75913844380168,0.0001808305262530948,9.022655148453317e-05
9,2024-01-08 18:09:50,37.75,0.0,1.2,37.693333333333335,37.75,0,0,0.0,1.2,37.696881745433366,37.74906384348085,0.00019588742726901978,9.022655148453317e-05
9,2024-01-08 18:10:30,37.65,0.0,1.2,37.65,37.65,0,0,0.0,1.2,37.596881745433365,37.649063843480846,0.00019588742726901978,9.022655148453317e-05
9,2024-01-08 18:11:10,37.65,0.0,1.2,37.595,37.65,0,0,0.0,1.2,37.596881745433365,37.649021281458296,0.00019588742726901978,9.022655148453317e-05
9,2024-01-08 18:11:50,37.55,0.0,1.2,37.54833333333333,37.55,0,0,0.0,1.2,37.49688174543336,37.549063843480845,0.00019588742726901978,9.022655148453317e-05
9,2024-01-08 18:12:30,37.55,0.0,1.2,37.47666666666667,37.55,0,0,0.0,1.2,37.49688174543336,37.549063843480845,0.00019588742726901978,9.022655148453317e-05
9,2024-01-08 18:13:10,37.44,0.0,1.2,37.44,37.44,0,0,0.0,1.2,37.40101009958336,37.43913844380168,0.00019588742726901978,9.022655148453317e-05
9,2024-01-08 18:13:50,37.44,0.0,1.2,37.38333333333333,37.44,0,0,0.0,1.2,37.40101009958336,37.43913844380168,0.0001808305262530948,9.022655148453317e-05
9,2024-01-08 18:14:30,37.34,0.0,1.2,37.34,37.34,0,0,0.0,1.2,37.301010099583365,37.33913844380169,0.0001808305262530948,9.022655148453317e-05
9,2024-01-08 18:15:20,37.34,0.0,1.2,37.34,37.34,0,0,0.0,1.2,37.308567097183364,37.3391816114919,0.0001808305262530948,9.022655148453317e-05
9,2024-01-08 18:16:00,37.34,0.0,1.2,37.34,37.34,0,0,0.0,1.2,37.308567097183364,37.3391816114919,0.0001808305262530948,9.022655148453317e-05
9,2024-01-08 18:16:40,37.34,0.0,1.2,30.01,37.34,0,0,0.0,1.2,37.308567097183364,37.3391816114919,0.0001808305262530948,9.022655148453317e-05
