y_original,y_grouped_true,binary_true,binary_pred,abnormal_proba,final_grouped_pred,y_original_label,y_grouped_true_label,final_grouped_pred_label
3,0,0,0,8.597068833799167e-05,0,正常,正常,正常
3,0,0,0,0.00016178310455760127,0,正常,正常,正常
3,0,0,0,0.0001642235613890846,0,正常,正常,正常
3,0,0,0,0.00021017419722937076,0,正常,正常,正常
3,0,0,0,0.00018165233324530893,0,正常,正常,正常
3,0,0,0,0.00017306528019167926,0,正常,正常,正常
3,0,0,0,0.0001593909986791536,0,正常,正常,正常
3,0,0,0,0.00037983953487702243,0,正常,正常,正常
3,0,0,0,0.0006955556563801382,0,正常,正常,正常
3,0,0,0,0.0015029982819990805,0,正常,正常,正常
3,0,0,0,0.0014956863933446327,0,正常,正常,正常
3,0,0,0,0.0007973263961094518,0,正常,正常,正常
3,0,0,0,0.0008592641570763381,0,正常,正常,正常
3,0,0,0,0.0011616847477139696,0,正常,正常,正常
3,0,0,0,0.0008814501364752005,0,正常,正常,正常
3,0,0,0,0.0009426840052935939,0,正常,正常,正常
3,0,0,0,0.0008408754070047096,0,正常,正常,正常
3,0,0,0,0.0007202714914930935,0,正常,正常,正常
3,0,0,0,0.0007482197410114292,0,正常,正常,正常
3,0,0,0,0.0007243899032806289,0,正常,正常,正常
3,0,0,0,0.0012592949636408737,0,正常,正常,正常
3,0,0,0,0.0011290873535142018,0,正常,正常,正常
3,0,0,0,0.0006505583568934283,0,正常,正常,正常
3,0,0,0,0.0003723727355666243,0,正常,正常,正常
3,0,0,0,0.0003034744383493828,0,正常,正常,正常
3,0,0,0,0.0003748088656450346,0,正常,正常,正常
3,0,0,0,0.0003730330307416344,0,正常,正常,正常
3,0,0,0,0.0015062896785170905,0,正常,正常,正常
3,0,0,0,0.0015032097726079706,0,正常,正常,正常
3,0,0,0,0.0018490985152908098,0,正常,正常,正常
3,0,0,0,0.0023275028016655555,0,正常,正常,正常
3,0,0,0,0.003162943103067285,0,正常,正常,正常
3,0,0,0,0.0021345922552475018,0,正常,正常,正常
3,0,0,0,0.002979093939516709,0,正常,正常,正常
3,0,0,0,0.0021497612203903588,0,正常,正常,正常
3,0,0,0,0.0019636063446311926,0,正常,正常,正常
3,0,0,0,0.0018477551309536572,0,正常,正常,正常
3,0,0,0,0.0020959645202059756,0,正常,正常,正常
3,0,0,0,0.0031710305794861544,0,正常,正常,正常
3,0,0,0,0.002189834406904918,0,正常,正常,正常
3,0,0,0,0.0014717004010774133,0,正常,正常,正常
3,0,0,0,0.0009129905506345262,0,正常,正常,正常
3,0,0,0,0.0009419566709565007,0,正常,正常,正常
3,0,0,0,0.0016000762072267017,0,正常,正常,正常
3,0,0,0,0.0011473214137779225,0,正常,正常,正常
3,0,0,0,0.0012819296210544715,0,正常,正常,正常
3,0,0,0,0.0010737319232510948,0,正常,正常,正常
3,0,0,0,0.0014358815509592075,0,正常,正常,正常
3,0,0,0,0.002055634654092931,0,正常,正常,正常
3,0,0,0,0.0019231782799736274,0,正常,正常,正常
3,0,0,0,0.002582616184326749,0,正常,正常,正常
3,0,0,0,0.0022696685491610516,0,正常,正常,正常
3,0,0,0,0.0020266960695599027,0,正常,正常,正常
3,0,0,0,0.003344394586849256,0,正常,正常,正常
3,0,0,0,0.00240763839980747,0,正常,正常,正常
3,0,0,0,0.003199591419038325,0,正常,正常,正常
3,0,0,0,0.001766709979573058,0,正常,正常,正常
3,0,0,0,0.0027317005426192686,0,正常,正常,正常
3,0,0,0,0.0035582496298569057,0,正常,正常,正常
3,0,0,0,0.0032357555387355873,0,正常,正常,正常
3,0,0,0,0.007215000182405664,0,正常,正常,正常
3,0,0,0,0.003745805908737187,0,正常,正常,正常
3,0,0,0,0.005289079634324148,0,正常,正常,正常
3,0,0,0,0.003890560630431015,0,正常,正常,正常
3,0,0,0,0.004589262496816315,0,正常,正常,正常
3,0,0,0,0.0036796429298785183,0,正常,正常,正常
3,0,0,0,0.0035659744090744583,0,正常,正常,正常
3,0,0,0,0.0045810336735859535,0,正常,正常,正常
3,0,0,0,0.003512423508720212,0,正常,正常,正常
3,0,0,0,0.0040634348323103945,0,正常,正常,正常
3,0,0,0,0.0041097459382580795,0,正常,正常,正常
3,0,0,0,0.004556177010798243,0,正常,正常,正常
3,0,0,0,0.005902938137823523,0,正常,正常,正常
3,0,0,0,0.004801999931089489,0,正常,正常,正常
3,0,0,0,0.004792858656276879,0,正常,正常,正常
3,0,0,0,0.0021984278152350992,0,正常,正常,正常
3,0,0,0,0.004279974733247536,0,正常,正常,正常
3,0,0,0,0.004792854306990091,0,正常,正常,正常
3,0,0,0,0.003472522035959114,0,正常,正常,正常
3,0,0,0,0.003494756984811596,0,正常,正常,正常
3,0,0,0,0.0031576384845274467,0,正常,正常,正常
3,0,0,0,0.003972673018634594,0,正常,正常,正常
3,0,0,0,0.0029769242265487894,0,正常,正常,正常
3,0,0,0,0.002225881332569407,0,正常,正常,正常
3,0,0,0,0.00300542916084945,0,正常,正常,正常
3,0,0,0,0.005771774554803755,0,正常,正常,正常
3,0,0,0,0.00873777994908514,0,正常,正常,正常
3,0,0,0,0.006597019631748943,0,正常,正常,正常
3,0,0,0,0.007061611318729104,0,正常,正常,正常
3,0,0,0,0.0075847865466546534,0,正常,正常,正常
3,0,0,0,0.005940639637738845,0,正常,正常,正常
3,0,0,0,0.006703994312502413,0,正常,正常,正常
3,0,0,0,0.005333091239287091,0,正常,正常,正常
3,0,0,0,0.00842410119755546,0,正常,正常,正常
3,0,0,0,0.007176051136528533,0,正常,正常,正常
3,0,0,0,0.00756113529181845,0,正常,正常,正常
3,0,0,0,0.007550053201683556,0,正常,正常,正常
3,0,0,0,0.03553508882111452,0,正常,正常,正常
3,0,0,0,0.02798475650138102,0,正常,正常,正常
3,0,0,0,0.03164374828987849,0,正常,正常,正常
3,0,0,0,0.0397222480969329,0,正常,正常,正常
3,0,0,0,0.026977233378616274,0,正常,正常,正常
3,0,0,0,0.03309736552230287,0,正常,正常,正常
3,0,0,0,0.02334732793328202,0,正常,正常,正常
3,0,0,0,0.03434863971951472,0,正常,正常,正常
3,0,0,0,0.0374478761043209,0,正常,正常,正常
3,0,0,0,0.10724187077955274,0,正常,正常,正常
3,0,0,0,0.11941309034461572,0,正常,正常,正常
3,0,0,0,0.11596315775622025,0,正常,正常,正常
3,0,0,0,0.10039384123709186,0,正常,正常,正常
3,0,0,0,0.09301433901961283,0,正常,正常,正常
3,0,0,0,0.0944725842870249,0,正常,正常,正常
3,0,0,0,0.11234281044642955,0,正常,正常,正常
3,0,0,0,0.040625968964997435,0,正常,正常,正常
3,0,0,0,0.049667820150228345,0,正常,正常,正常
3,0,0,0,0.025913361730599833,0,正常,正常,正常
3,0,0,0,0.03804175982734125,0,正常,正常,正常
3,0,0,0,0.027985774943713407,0,正常,正常,正常
3,0,0,0,0.02869464203340446,0,正常,正常,正常
3,0,0,0,0.02128502104111684,0,正常,正常,正常
3,0,0,0,0.023331043794138973,0,正常,正常,正常
3,0,0,0,0.013079351185344939,0,正常,正常,正常
3,0,0,0,0.019027255461438575,0,正常,正常,正常
3,0,0,0,0.01912316261928137,0,正常,正常,正常
3,0,0,0,0.024607783995637414,0,正常,正常,正常
3,0,0,0,0.025012172461318084,0,正常,正常,正常
3,0,0,0,0.025519218825004117,0,正常,正常,正常
3,0,0,0,0.02063209973576011,0,正常,正常,正常
3,0,0,0,0.009634236462671834,0,正常,正常,正常
3,0,0,0,0.008980732986897966,0,正常,正常,正常
3,0,0,0,0.01398939957497577,0,正常,正常,正常
3,0,0,0,0.010102781033536994,0,正常,正常,正常
3,0,0,0,0.01083892189623671,0,正常,正常,正常
3,0,0,0,0.011714929315097423,0,正常,正常,正常
3,0,0,0,0.01681150729134573,0,正常,正常,正常
3,0,0,0,0.010955374662263286,0,正常,正常,正常
3,0,0,0,0.012905546863709157,0,正常,正常,正常
3,0,0,0,0.010427946789536189,0,正常,正常,正常
3,0,0,0,0.013871455480905825,0,正常,正常,正常
3,0,0,0,0.014323929455913011,0,正常,正常,正常
3,0,0,0,0.011759987419403303,0,正常,正常,正常
3,0,0,0,0.01183891221791885,0,正常,正常,正常
3,0,0,0,0.014858405175684146,0,正常,正常,正常
3,0,0,0,0.012402788709494683,0,正常,正常,正常
3,0,0,0,0.01004085879323017,0,正常,正常,正常
3,0,0,0,0.03922331465458828,0,正常,正常,正常
3,0,0,0,0.04507428688813041,0,正常,正常,正常
3,0,0,0,0.054453929755531504,0,正常,正常,正常
3,0,0,0,0.0542979614599954,0,正常,正常,正常
3,0,0,0,0.08186891787516333,0,正常,正常,正常
3,0,0,0,0.07005433303025402,0,正常,正常,正常
3,0,0,0,0.040503582501188753,0,正常,正常,正常
3,0,0,0,0.03297144304274006,0,正常,正常,正常
3,0,0,0,0.038546200084042644,0,正常,正常,正常
3,0,0,0,0.03414082928023172,0,正常,正常,正常
3,0,0,0,0.03902313494973242,0,正常,正常,正常
3,0,0,0,0.047612080052749334,0,正常,正常,正常
3,0,0,0,0.03586829957283391,0,正常,正常,正常
3,0,0,0,0.03563236624771896,0,正常,正常,正常
3,0,0,0,0.03478637132857853,0,正常,正常,正常
3,0,0,0,0.022425443880023144,0,正常,正常,正常
3,0,0,0,0.040846516551746564,0,正常,正常,正常
3,0,0,0,0.04022356094295365,0,正常,正常,正常
3,0,0,0,0.04217954538541385,0,正常,正常,正常
3,0,0,0,0.037118881576185536,0,正常,正常,正常
3,0,0,0,0.038301452158970156,0,正常,正常,正常
3,0,0,0,0.03454082807175121,0,正常,正常,正常
3,0,0,0,0.034420452101489175,0,正常,正常,正常
3,0,0,0,0.03476499134669754,0,正常,正常,正常
3,0,0,0,0.03381460231560226,0,正常,正常,正常
3,0,0,0,0.03523076646846591,0,正常,正常,正常
3,0,0,0,0.021199003672470636,0,正常,正常,正常
3,0,0,0,0.01985262431697204,0,正常,正常,正常
3,0,0,0,0.017170635447346323,0,正常,正常,正常
3,0,0,0,0.03299918723391308,0,正常,正常,正常
3,0,0,0,0.06288211235743668,0,正常,正常,正常
3,0,0,0,0.07134462306391313,0,正常,正常,正常
3,0,0,0,0.09694550677475056,0,正常,正常,正常
3,0,0,0,0.04128302720701873,0,正常,正常,正常
3,0,0,0,0.0756234597129467,0,正常,正常,正常
3,0,0,0,0.08746416855004882,0,正常,正常,正常
3,0,0,0,0.12028792028996738,0,正常,正常,正常
3,0,0,0,0.07796858178800989,0,正常,正常,正常
3,0,0,0,0.060932004949635105,0,正常,正常,正常
3,0,0,0,0.0500632489744933,0,正常,正常,正常
3,0,0,0,0.007394029223415337,0,正常,正常,正常
3,0,0,0,0.012499860778110687,0,正常,正常,正常
3,0,0,0,0.011785567789548092,0,正常,正常,正常
3,0,0,0,0.009416564836149947,0,正常,正常,正常
3,0,0,0,0.007887606888050803,0,正常,正常,正常
3,0,0,0,0.007172497005964857,0,正常,正常,正常
3,0,0,0,0.007182048733474466,0,正常,正常,正常
3,0,0,0,0.009602667101332504,0,正常,正常,正常
3,0,0,0,0.015842972540487887,0,正常,正常,正常
3,0,0,0,0.009188410559707072,0,正常,正常,正常
3,0,0,0,0.01656894983681025,0,正常,正常,正常
3,0,0,0,0.006961640814027111,0,正常,正常,正常
3,0,0,0,0.1375289568411649,0,正常,正常,正常
3,0,0,0,0.22028287316639542,0,正常,正常,正常
3,0,0,0,0.0840518011935775,0,正常,正常,正常
3,0,0,0,0.1849318061569028,0,正常,正常,正常
3,0,0,0,0.15062975123985187,0,正常,正常,正常
3,0,0,0,0.1841731507751047,0,正常,正常,正常
3,0,0,0,0.2456907780842827,0,正常,正常,正常
3,0,0,0,0.193397783213431,0,正常,正常,正常
3,0,0,0,0.21379041557199635,0,正常,正常,正常
3,0,0,0,0.22439025624102568,0,正常,正常,正常
3,0,0,0,0.2939666589141335,0,正常,正常,正常
3,0,0,0,0.38804226782394086,0,正常,正常,正常
3,0,0,0,0.28849559367299143,0,正常,正常,正常
3,0,0,0,0.30737166970666685,0,正常,正常,正常
3,0,0,0,0.327725256859531,0,正常,正常,正常
3,0,0,0,0.20459793266395118,0,正常,正常,正常
3,0,0,0,0.11195140137394835,0,正常,正常,正常
3,0,0,0,0.053566234837162705,0,正常,正常,正常
3,0,0,0,0.12997591849612505,0,正常,正常,正常
3,0,0,0,0.09135923139351358,0,正常,正常,正常
3,0,0,0,0.11898893976663578,0,正常,正常,正常
3,0,0,0,0.11429126152595404,0,正常,正常,正常
3,0,0,0,0.07861102716085493,0,正常,正常,正常
3,0,0,0,0.08955967467807494,0,正常,正常,正常
3,0,0,0,0.06235475180507427,0,正常,正常,正常
3,0,0,0,0.06162512301414999,0,正常,正常,正常
3,0,0,0,0.06707484424352443,0,正常,正常,正常
3,0,0,0,0.09654353430834392,0,正常,正常,正常
3,0,0,0,0.08921530139942567,0,正常,正常,正常
3,0,0,0,0.0853577909360614,0,正常,正常,正常
3,0,0,0,0.07767700773844019,0,正常,正常,正常
3,0,0,0,0.037912834236675984,0,正常,正常,正常
3,0,0,0,0.04905218004114635,0,正常,正常,正常
3,0,0,0,0.04381172235980666,0,正常,正常,正常
3,0,0,0,0.03418228570778872,0,正常,正常,正常
3,0,0,0,0.06574966393553215,0,正常,正常,正常
3,0,0,0,0.06844513424901229,0,正常,正常,正常
3,0,0,0,0.10053404765006457,0,正常,正常,正常
3,0,0,0,0.07351486364557698,0,正常,正常,正常
3,0,0,0,0.13175027381663487,0,正常,正常,正常
3,0,0,0,0.11411581503268012,0,正常,正常,正常
3,0,0,0,0.11563180291077066,0,正常,正常,正常
3,0,0,0,0.1987390469152897,0,正常,正常,正常
3,0,0,0,0.14856316160723826,0,正常,正常,正常
3,0,0,0,0.14763888295658545,0,正常,正常,正常
3,0,0,0,0.21379190686752805,0,正常,正常,正常
3,0,0,0,0.2632892136275683,0,正常,正常,正常
3,0,0,0,0.09494923687406708,0,正常,正常,正常
3,0,0,0,0.20170877367449325,0,正常,正常,正常
3,0,0,0,0.1765550393631243,0,正常,正常,正常
3,0,0,0,0.14884647865589548,0,正常,正常,正常
3,0,0,0,0.19610049102473795,0,正常,正常,正常
3,0,0,0,0.10755441047046077,0,正常,正常,正常
3,0,0,0,0.14878527319776197,0,正常,正常,正常
3,0,0,0,0.0860940064513969,0,正常,正常,正常
3,0,0,0,0.10691172065746478,0,正常,正常,正常
3,0,0,0,0.1111722410183187,0,正常,正常,正常
3,0,0,0,0.03941894379710951,0,正常,正常,正常
3,0,0,0,0.05172357095919266,0,正常,正常,正常
3,0,0,0,0.03196186015796518,0,正常,正常,正常
3,0,0,0,0.025474935686507157,0,正常,正常,正常
3,0,0,0,0.04086818339701861,0,正常,正常,正常
3,0,0,0,0.04689940134413383,0,正常,正常,正常
3,0,0,0,0.027393173624741623,0,正常,正常,正常
3,0,0,0,0.03996612470154636,0,正常,正常,正常
3,0,0,0,0.03283275783987405,0,正常,正常,正常
3,0,0,0,0.04886390807083426,0,正常,正常,正常
3,0,0,0,0.03200113437833854,0,正常,正常,正常
3,0,0,0,0.03303642062817075,0,正常,正常,正常
3,0,0,0,0.036841203071440294,0,正常,正常,正常
3,0,0,0,0.05093083177977824,0,正常,正常,正常
3,0,0,0,0.027380210009928158,0,正常,正常,正常
3,0,0,0,0.02910313400355827,0,正常,正常,正常
3,0,0,0,0.0274362770598169,0,正常,正常,正常
3,0,0,0,0.01684806973508647,0,正常,正常,正常
3,0,0,0,0.012991019290513618,0,正常,正常,正常
3,0,0,0,0.008650870272496133,0,正常,正常,正常
3,0,0,0,0.011732792160593326,0,正常,正常,正常
3,0,0,0,0.013803118076987713,0,正常,正常,正常
3,0,0,0,0.010080176137131658,0,正常,正常,正常
3,0,0,0,0.00959492211744324,0,正常,正常,正常
3,0,0,0,0.01028746162432011,0,正常,正常,正常
1,4,1,0,0.01902017479131336,0,其他,其他异常,正常
1,4,1,0,0.010395780610487989,0,其他,其他异常,正常
1,4,1,0,0.022948818530399193,0,其他,其他异常,正常
1,4,1,0,0.0245595161546131,0,其他,其他异常,正常
1,4,1,0,0.028535011306816987,0,其他,其他异常,正常
1,4,1,0,0.022364852951674345,0,其他,其他异常,正常
1,4,1,0,0.015977262623470465,0,其他,其他异常,正常
1,4,1,0,0.031052670242359335,0,其他,其他异常,正常
1,4,1,0,0.11021832841647174,0,其他,其他异常,正常
1,4,1,0,0.20827159685091454,0,其他,其他异常,正常
1,4,1,0,0.3809417580190365,0,其他,其他异常,正常
1,4,1,1,0.5480071912274798,1,其他,其他异常,砂堵
1,4,1,1,0.5310953774253279,1,其他,其他异常,砂堵
1,4,1,1,0.5461070051591124,1,其他,其他异常,砂堵
1,4,1,1,0.5509529626238423,1,其他,其他异常,砂堵
1,4,1,1,0.649601559298274,1,其他,其他异常,砂堵
1,4,1,1,0.5557478532611284,1,其他,其他异常,砂堵
1,4,1,0,0.3941371741545683,0,其他,其他异常,正常
1,4,1,0,0.4696954081066546,0,其他,其他异常,正常
1,4,1,1,0.5386192398587688,1,其他,其他异常,砂堵
1,4,1,1,0.5407938362597197,1,其他,其他异常,砂堵
1,4,1,0,0.4598084344824449,0,其他,其他异常,正常
1,4,1,1,0.7101489626339854,1,其他,其他异常,砂堵
1,4,1,1,0.7361930122757503,1,其他,其他异常,砂堵
1,4,1,1,0.7302069443042976,1,其他,其他异常,砂堵
1,4,1,1,0.6005683822294052,1,其他,其他异常,砂堵
1,4,1,1,0.5794381258681778,1,其他,其他异常,砂堵
1,4,1,1,0.6083691969199942,1,其他,其他异常,砂堵
1,4,1,0,0.49011810968180014,0,其他,其他异常,正常
3,0,0,0,0.4740994448029555,0,正常,正常,正常
3,0,0,0,0.43615102234779496,0,正常,正常,正常
3,0,0,1,0.5476885191128349,1,正常,正常,砂堵
3,0,0,1,0.5914265208521049,1,正常,正常,砂堵
3,0,0,0,0.36357658520397645,0,正常,正常,正常
3,0,0,0,0.41015966608919224,0,正常,正常,正常
3,0,0,0,0.20106033035302132,0,正常,正常,正常
3,0,0,0,0.3021960666526385,0,正常,正常,正常
3,0,0,0,0.26883788198212283,0,正常,正常,正常
3,0,0,0,0.3227088493825075,0,正常,正常,正常
3,0,0,0,0.1455283020356848,0,正常,正常,正常
3,0,0,0,0.1424504400341856,0,正常,正常,正常
3,0,0,0,0.14384780659630622,0,正常,正常,正常
3,0,0,0,0.11395352729039883,0,正常,正常,正常
3,0,0,0,0.12551936960925897,0,正常,正常,正常
3,0,0,0,0.13010375776519847,0,正常,正常,正常
3,0,0,0,0.15264228136957161,0,正常,正常,正常
3,0,0,0,0.08542204493459177,0,正常,正常,正常
3,0,0,0,0.07636607001728213,0,正常,正常,正常
3,0,0,0,0.05787939270459547,0,正常,正常,正常
3,0,0,0,0.04758077770810798,0,正常,正常,正常
3,0,0,0,0.028914504695159843,0,正常,正常,正常
3,0,0,0,0.04798775598336643,0,正常,正常,正常
3,0,0,0,0.03492030319531402,0,正常,正常,正常
3,0,0,0,0.045213924452694725,0,正常,正常,正常
3,0,0,0,0.03718840930045628,0,正常,正常,正常
3,0,0,0,0.052511338486640934,0,正常,正常,正常
3,0,0,0,0.021645712497447372,0,正常,正常,正常
3,0,0,0,0.03299942712310161,0,正常,正常,正常
3,0,0,0,0.10595063668044248,0,正常,正常,正常
3,0,0,0,0.09997756444279622,0,正常,正常,正常
3,0,0,0,0.13182578971998138,0,正常,正常,正常
3,0,0,0,0.08019940473648356,0,正常,正常,正常
3,0,0,0,0.0635246637603729,0,正常,正常,正常
3,0,0,0,0.08088490841325048,0,正常,正常,正常
3,0,0,0,0.06587945139543305,0,正常,正常,正常
3,0,0,0,0.05638121201434003,0,正常,正常,正常
3,0,0,0,0.07021522427190725,0,正常,正常,正常
3,0,0,0,0.036678864092649935,0,正常,正常,正常
3,0,0,0,0.030192145912449612,0,正常,正常,正常
3,0,0,0,0.015560337797620559,0,正常,正常,正常
3,0,0,0,0.030543988510892506,0,正常,正常,正常
3,0,0,0,0.021365511545566332,0,正常,正常,正常
3,0,0,0,0.01719664253618348,0,正常,正常,正常
3,0,0,0,0.01779971352611413,0,正常,正常,正常
3,0,0,0,0.01717568848021047,0,正常,正常,正常
3,0,0,0,0.015122423419940715,0,正常,正常,正常
3,0,0,0,0.02171273305115755,0,正常,正常,正常
3,0,0,0,0.016129973552271647,0,正常,正常,正常
3,0,0,0,0.01663551217648927,0,正常,正常,正常
3,0,0,0,0.01102296194025402,0,正常,正常,正常
3,0,0,0,0.013749634632203475,0,正常,正常,正常
3,0,0,0,0.011244962473562417,0,正常,正常,正常
3,0,0,0,0.016776047205459593,0,正常,正常,正常
3,0,0,0,0.00800816449264166,0,正常,正常,正常
3,0,0,0,0.013134797605038788,0,正常,正常,正常
3,0,0,0,0.00753582992059762,0,正常,正常,正常
3,0,0,0,0.007674170805715671,0,正常,正常,正常
3,0,0,0,0.011960891149675393,0,正常,正常,正常
3,0,0,0,0.011716961108282815,0,正常,正常,正常
3,0,0,0,0.013410229443264707,0,正常,正常,正常
3,0,0,0,0.006757743670131898,0,正常,正常,正常
3,0,0,0,0.013079840831320556,0,正常,正常,正常
3,0,0,0,0.010373502017866243,0,正常,正常,正常
3,0,0,0,0.010287247637635057,0,正常,正常,正常
3,0,0,0,0.010516722170514543,0,正常,正常,正常
3,0,0,0,0.00932432595178285,0,正常,正常,正常
3,0,0,0,0.009778630879370514,0,正常,正常,正常
3,0,0,0,0.010437507316146557,0,正常,正常,正常
3,0,0,0,0.014563784112107616,0,正常,正常,正常
3,0,0,0,0.020482963579873788,0,正常,正常,正常
3,0,0,0,0.005507117131541456,0,正常,正常,正常
3,0,0,0,0.009911599918865251,0,正常,正常,正常
3,0,0,0,0.007676422393114145,0,正常,正常,正常
3,0,0,0,0.005776908962041171,0,正常,正常,正常
3,0,0,0,0.007049663697822019,0,正常,正常,正常
3,0,0,0,0.01379527082598042,0,正常,正常,正常
3,0,0,0,0.011101405489518879,0,正常,正常,正常
3,0,0,0,0.019156672138104368,0,正常,正常,正常
3,0,0,0,0.014343317245571073,0,正常,正常,正常
3,0,0,0,0.013401221381404515,0,正常,正常,正常
3,0,0,0,0.011403782000403215,0,正常,正常,正常
3,0,0,0,0.00908286775353274,0,正常,正常,正常
3,0,0,0,0.01176868336049189,0,正常,正常,正常
3,0,0,0,0.009837543273642477,0,正常,正常,正常
3,0,0,0,0.009410834306042873,0,正常,正常,正常
3,0,0,0,0.005081833320231304,0,正常,正常,正常
3,0,0,0,0.006793249441280546,0,正常,正常,正常
3,0,0,0,0.008843432538269814,0,正常,正常,正常
3,0,0,0,0.008066856867665737,0,正常,正常,正常
3,0,0,0,0.007725888830571666,0,正常,正常,正常
3,0,0,0,0.010368917333411092,0,正常,正常,正常
3,0,0,0,0.008096672093353565,0,正常,正常,正常
3,0,0,0,0.008632152989233333,0,正常,正常,正常
3,0,0,0,0.009732712724071564,0,正常,正常,正常
3,0,0,0,0.00848081868574396,0,正常,正常,正常
3,0,0,0,0.006483122722604917,0,正常,正常,正常
3,0,0,0,0.008145144487403727,0,正常,正常,正常
3,0,0,0,0.008311301587296859,0,正常,正常,正常
3,0,0,0,0.005855074263052274,0,正常,正常,正常
3,0,0,0,0.002966704749562587,0,正常,正常,正常
3,0,0,0,0.006362944813118236,0,正常,正常,正常
3,0,0,0,0.01119438750033046,0,正常,正常,正常
3,0,0,0,0.013980191185354148,0,正常,正常,正常
3,0,0,0,0.018198232946385968,0,正常,正常,正常
3,0,0,0,0.03073699642182851,0,正常,正常,正常
3,0,0,0,0.016677979359044484,0,正常,正常,正常
3,0,0,0,0.011031088158342644,0,正常,正常,正常
3,0,0,0,0.010806825880688016,0,正常,正常,正常
3,0,0,0,0.018543778317622783,0,正常,正常,正常
3,0,0,0,0.013021574202502901,0,正常,正常,正常
3,0,0,0,0.009051488649122402,0,正常,正常,正常
3,0,0,0,0.010341814289372428,0,正常,正常,正常
3,0,0,0,0.011533882548323056,0,正常,正常,正常
3,0,0,0,0.008515282903117698,0,正常,正常,正常
3,0,0,0,0.014362197591276148,0,正常,正常,正常
3,0,0,0,0.00586381034426158,0,正常,正常,正常
3,0,0,0,0.009986576254538252,0,正常,正常,正常
3,0,0,0,0.011786111139946041,0,正常,正常,正常
3,0,0,0,0.014257101064471995,0,正常,正常,正常
3,0,0,0,0.01110252878603718,0,正常,正常,正常
3,0,0,0,0.008683724314489057,0,正常,正常,正常
3,0,0,0,0.006947209981453496,0,正常,正常,正常
3,0,0,0,0.006929606484790133,0,正常,正常,正常
3,0,0,0,0.011981109399234817,0,正常,正常,正常
3,0,0,0,0.005035865525052576,0,正常,正常,正常
3,0,0,0,0.007556373455669609,0,正常,正常,正常
3,0,0,0,0.006093045303035878,0,正常,正常,正常
3,0,0,0,0.00629076927099507,0,正常,正常,正常
3,0,0,0,0.005591163343067532,0,正常,正常,正常
3,0,0,0,0.007667505947511216,0,正常,正常,正常
3,0,0,0,0.006904496200134679,0,正常,正常,正常
3,0,0,0,0.013215935426234686,0,正常,正常,正常
3,0,0,0,0.007121631463480778,0,正常,正常,正常
3,0,0,0,0.016880941968922387,0,正常,正常,正常
3,0,0,0,0.015581271638500148,0,正常,正常,正常
3,0,0,0,0.0338044812085868,0,正常,正常,正常
3,0,0,0,0.01603270769923237,0,正常,正常,正常
3,0,0,0,0.04958085084257965,0,正常,正常,正常
3,0,0,0,0.0666808375764471,0,正常,正常,正常
3,0,0,0,0.07346743878284236,0,正常,正常,正常
3,0,0,0,0.08853822856380389,0,正常,正常,正常
3,0,0,1,0.561448919189991,2,正常,正常,缝口暂堵
3,0,0,0,0.47334222953487143,0,正常,正常,正常
3,0,0,0,0.4245023820453894,0,正常,正常,正常
3,0,0,0,0.38786740784011436,0,正常,正常,正常
3,0,0,0,0.4150611432110692,0,正常,正常,正常
3,0,0,0,0.3552221287597647,0,正常,正常,正常
3,0,0,0,0.38999946647327355,0,正常,正常,正常
3,0,0,0,0.49284528938202693,0,正常,正常,正常
3,0,0,1,0.6174201218433313,2,正常,正常,缝口暂堵
3,0,0,1,0.6928370439400026,2,正常,正常,缝口暂堵
3,0,0,1,0.7913651615300811,2,正常,正常,缝口暂堵
3,0,0,1,0.8238091045181937,2,正常,正常,缝口暂堵
3,0,0,1,0.5720727882028324,2,正常,正常,缝口暂堵
3,0,0,1,0.5322780037735121,2,正常,正常,缝口暂堵
3,0,0,0,0.49451169397733197,0,正常,正常,正常
3,0,0,0,0.3692547037904128,0,正常,正常,正常
3,0,0,0,0.37603695920993047,0,正常,正常,正常
3,0,0,0,0.29035315272547946,0,正常,正常,正常
3,0,0,0,0.24097326728943774,0,正常,正常,正常
3,0,0,0,0.18204715008429975,0,正常,正常,正常
3,0,0,0,0.19568282361514686,0,正常,正常,正常
3,0,0,0,0.15700261265865686,0,正常,正常,正常
3,0,0,0,0.14800313791466005,0,正常,正常,正常
3,0,0,0,0.15125631047754398,0,正常,正常,正常
3,0,0,0,0.16056776794439703,0,正常,正常,正常
3,0,0,0,0.2018232716590527,0,正常,正常,正常
3,0,0,0,0.19526524894521025,0,正常,正常,正常
3,0,0,0,0.22454644182005884,0,正常,正常,正常
3,0,0,0,0.15064848963017607,0,正常,正常,正常
3,0,0,0,0.17011217513959764,0,正常,正常,正常
3,0,0,0,0.19623795837803104,0,正常,正常,正常
3,0,0,0,0.23867941064361206,0,正常,正常,正常
3,0,0,0,0.2296332567545029,0,正常,正常,正常
3,0,0,0,0.2319474888383258,0,正常,正常,正常
3,0,0,0,0.246199279105359,0,正常,正常,正常
3,0,0,0,0.29895819669558116,0,正常,正常,正常
3,0,0,0,0.24336348088775694,0,正常,正常,正常
3,0,0,0,0.25841030463786335,0,正常,正常,正常
3,0,0,0,0.11768152847096627,0,正常,正常,正常
3,0,0,0,0.09851964402852735,0,正常,正常,正常
3,0,0,0,0.1098963759459654,0,正常,正常,正常
3,0,0,0,0.16178288088811352,0,正常,正常,正常
3,0,0,0,0.1617884328908073,0,正常,正常,正常
3,0,0,0,0.1375359751552934,0,正常,正常,正常
3,0,0,0,0.2494571297409694,0,正常,正常,正常
3,0,0,0,0.20383422250038977,0,正常,正常,正常
3,0,0,0,0.27167431929402097,0,正常,正常,正常
3,0,0,0,0.38110645565021767,0,正常,正常,正常
3,0,0,0,0.4574260653263189,0,正常,正常,正常
3,0,0,0,0.3260972398991702,0,正常,正常,正常
3,0,0,0,0.3549036298045572,0,正常,正常,正常
3,0,0,0,0.29971775306719756,0,正常,正常,正常
3,0,0,0,0.43691121452488024,0,正常,正常,正常
3,0,0,1,0.5271754034703228,2,正常,正常,缝口暂堵
3,0,0,1,0.6028005885330667,2,正常,正常,缝口暂堵
3,0,0,1,0.6209159931450892,2,正常,正常,缝口暂堵
3,0,0,1,0.6921370370493919,2,正常,正常,缝口暂堵
3,0,0,0,0.39283067026374163,0,正常,正常,正常
3,0,0,0,0.474894008869197,0,正常,正常,正常
3,0,0,0,0.4004541963231092,0,正常,正常,正常
3,0,0,0,0.39835014558872983,0,正常,正常,正常
3,0,0,0,0.44523722103939156,0,正常,正常,正常
3,0,0,0,0.3299914133093111,0,正常,正常,正常
3,0,0,0,0.2195142906788948,0,正常,正常,正常
3,0,0,0,0.2614744673107252,0,正常,正常,正常
3,0,0,0,0.2562887186872674,0,正常,正常,正常
3,0,0,0,0.2755369817698853,0,正常,正常,正常
3,0,0,0,0.18266885959557078,0,正常,正常,正常
3,0,0,0,0.1794712153547109,0,正常,正常,正常
3,0,0,0,0.222675982590359,0,正常,正常,正常
3,0,0,0,0.4165623402253681,0,正常,正常,正常
3,0,0,0,0.4878876426456177,0,正常,正常,正常
3,0,0,1,0.5081078764961342,2,正常,正常,缝口暂堵
3,0,0,0,0.13238826386246494,0,正常,正常,正常
3,0,0,0,0.09409003516558292,0,正常,正常,正常
3,0,0,0,0.3376514159479766,0,正常,正常,正常
3,0,0,0,0.4257642202823901,0,正常,正常,正常
3,0,0,0,0.11586924085673851,0,正常,正常,正常
3,0,0,0,0.11540963625653244,0,正常,正常,正常
3,0,0,0,0.021744095040649704,0,正常,正常,正常
3,0,0,0,0.011832531536547349,0,正常,正常,正常
3,0,0,0,0.013614595407002127,0,正常,正常,正常
3,0,0,0,0.006044170839516451,0,正常,正常,正常
3,0,0,0,0.004875157178350718,0,正常,正常,正常
3,0,0,0,0.005392941432570179,0,正常,正常,正常
3,0,0,0,0.00394834739034462,0,正常,正常,正常
3,0,0,0,0.00394834739034462,0,正常,正常,正常
3,0,0,0,0.00136099954686738,0,正常,正常,正常
3,0,0,0,0.002302442299388617,0,正常,正常,正常
3,0,0,0,0.003045373933273485,0,正常,正常,正常
3,0,0,0,0.002288283085214028,0,正常,正常,正常
3,0,0,0,0.004257871503014993,0,正常,正常,正常
3,0,0,0,0.013386895276843266,0,正常,正常,正常
3,0,0,0,0.009578516567974196,0,正常,正常,正常
3,0,0,0,0.0025325472507333377,0,正常,正常,正常
3,0,0,0,0.005288011191211547,0,正常,正常,正常
3,0,0,0,0.004301616001692126,0,正常,正常,正常
3,0,0,0,0.0032132778254459243,0,正常,正常,正常
3,0,0,0,0.0029582364979950154,0,正常,正常,正常
3,0,0,0,0.002956119499849387,0,正常,正常,正常
3,0,0,0,0.012750681456209839,0,正常,正常,正常
3,0,0,0,0.01117423643142122,0,正常,正常,正常
3,0,0,0,0.012203776209544239,0,正常,正常,正常
3,0,0,0,0.007188159171003065,0,正常,正常,正常
3,0,0,0,0.005568441075903242,0,正常,正常,正常
3,0,0,0,0.012760265614400856,0,正常,正常,正常
3,0,0,0,0.023860212537058504,0,正常,正常,正常
3,0,0,0,0.019733903562483557,0,正常,正常,正常
3,0,0,0,0.02960540232380436,0,正常,正常,正常
3,0,0,0,0.03827079934596212,0,正常,正常,正常
3,0,0,0,0.05677932995244358,0,正常,正常,正常
3,0,0,0,0.045590035224199445,0,正常,正常,正常
3,0,0,0,0.07059585530051234,0,正常,正常,正常
3,0,0,0,0.04753880208079288,0,正常,正常,正常
3,0,0,0,0.031094962294186627,0,正常,正常,正常
3,0,0,0,0.02519320383806381,0,正常,正常,正常
3,0,0,0,0.02219224277447664,0,正常,正常,正常
3,0,0,0,0.021922155146786384,0,正常,正常,正常
3,0,0,0,0.027353727498725944,0,正常,正常,正常
3,0,0,0,0.04366511211213361,0,正常,正常,正常
3,0,0,0,0.03314315250513892,0,正常,正常,正常
3,0,0,0,0.01897006452388647,0,正常,正常,正常
3,0,0,0,0.017298354695510543,0,正常,正常,正常
3,0,0,0,0.023995320163003594,0,正常,正常,正常
3,0,0,0,0.02342549678450901,0,正常,正常,正常
3,0,0,0,0.02438306909188277,0,正常,正常,正常
3,0,0,0,0.03062102443267009,0,正常,正常,正常
3,0,0,0,0.020194236316685852,0,正常,正常,正常
3,0,0,0,0.040513319328625015,0,正常,正常,正常
3,0,0,0,0.027106536512167472,0,正常,正常,正常
3,0,0,0,0.03270111187156156,0,正常,正常,正常
3,0,0,0,0.03631702477271718,0,正常,正常,正常
3,0,0,0,0.03518774286197837,0,正常,正常,正常
3,0,0,0,0.03707786800525734,0,正常,正常,正常
3,0,0,0,0.027873581588620088,0,正常,正常,正常
3,0,0,0,0.04794387052013128,0,正常,正常,正常
3,0,0,0,0.05046657968188643,0,正常,正常,正常
3,0,0,0,0.04406731669894673,0,正常,正常,正常
3,0,0,0,0.04050999650904599,0,正常,正常,正常
3,0,0,0,0.03294232175954307,0,正常,正常,正常
3,0,0,0,0.05237311778288177,0,正常,正常,正常
3,0,0,0,0.0415143152054565,0,正常,正常,正常
3,0,0,0,0.039743622751267194,0,正常,正常,正常
3,0,0,0,0.044013715517154155,0,正常,正常,正常
3,0,0,0,0.03507512480881793,0,正常,正常,正常
3,0,0,0,0.0416259528703401,0,正常,正常,正常
3,0,0,0,0.03674817666977868,0,正常,正常,正常
3,0,0,0,0.033884452215820565,0,正常,正常,正常
3,0,0,0,0.03614000832836095,0,正常,正常,正常
3,0,0,0,0.056678004670243254,0,正常,正常,正常
3,0,0,0,0.05289641735767661,0,正常,正常,正常
3,0,0,0,0.0306793382184516,0,正常,正常,正常
3,0,0,0,0.0277722294903082,0,正常,正常,正常
3,0,0,0,0.04202456508900135,0,正常,正常,正常
3,0,0,0,0.04810045787528843,0,正常,正常,正常
3,0,0,0,0.09174047880593664,0,正常,正常,正常
3,0,0,0,0.10645442723063635,0,正常,正常,正常
3,0,0,0,0.13558738478404078,0,正常,正常,正常
3,0,0,0,0.1929046694206878,0,正常,正常,正常
3,0,0,0,0.18207803125134106,0,正常,正常,正常
3,0,0,0,0.2648219787646025,0,正常,正常,正常
3,0,0,0,0.10391876944821571,0,正常,正常,正常
3,0,0,0,0.08991666753806869,0,正常,正常,正常
3,0,0,0,0.06740853877515929,0,正常,正常,正常
3,0,0,0,0.03437354912617623,0,正常,正常,正常
3,0,0,0,0.024633501477096073,0,正常,正常,正常
3,0,0,0,0.03502310385728929,0,正常,正常,正常
3,0,0,0,0.03319494930533849,0,正常,正常,正常
3,0,0,0,0.024817991720243997,0,正常,正常,正常
3,0,0,0,0.02487393469129335,0,正常,正常,正常
3,0,0,0,0.018266399117933624,0,正常,正常,正常
3,0,0,0,0.018266399117933624,0,正常,正常,正常
3,0,0,0,0.015255763296312577,0,正常,正常,正常
3,0,0,0,0.005563445372742349,0,正常,正常,正常
3,0,0,0,0.004448247055776923,0,正常,正常,正常
3,0,0,0,0.00265311942205041,0,正常,正常,正常
3,0,0,0,0.000989053850609166,0,正常,正常,正常
3,0,0,0,0.0010499279483456114,0,正常,正常,正常
3,0,0,0,0.0010181182424650193,0,正常,正常,正常
3,0,0,0,0.0010181182424650193,0,正常,正常,正常
3,0,0,0,0.001037883010816464,0,正常,正常,正常
3,0,0,0,0.001037883010816464,0,正常,正常,正常
3,0,0,0,0.001037883010816464,0,正常,正常,正常
3,0,0,0,0.001037883010816464,0,正常,正常,正常
3,0,0,0,0.001037883010816464,0,正常,正常,正常
3,0,0,0,0.0010047125964423578,0,正常,正常,正常
3,0,0,0,0.001006376170321398,0,正常,正常,正常
3,0,0,0,0.0011968918284905724,0,正常,正常,正常
3,0,0,0,0.0015199955296889061,0,正常,正常,正常
3,0,0,0,0.001475882506145721,0,正常,正常,正常
3,0,0,0,0.0014576329691983378,0,正常,正常,正常
3,0,0,0,0.0013696922714454194,0,正常,正常,正常
3,0,0,0,0.001079644551527691,0,正常,正常,正常
3,0,0,0,0.0007426639231240405,0,正常,正常,正常
3,0,0,0,0.0007426639231240405,0,正常,正常,正常
3,0,0,0,0.000630063462133255,0,正常,正常,正常
3,0,0,0,0.00029088445967007613,0,正常,正常,正常
3,0,0,0,0.00029088445967007613,0,正常,正常,正常
3,0,0,0,0.00029088445967007613,0,正常,正常,正常
3,0,0,0,0.00029088445967007613,0,正常,正常,正常
3,0,0,0,0.00029088445967007613,0,正常,正常,正常
3,0,0,0,0.00029088445967007613,0,正常,正常,正常
3,0,0,0,0.00029088445967007613,0,正常,正常,正常
3,0,0,0,0.0002998088009828373,0,正常,正常,正常
3,0,0,0,0.0003039846669598852,0,正常,正常,正常
3,0,0,0,0.0003130113034200468,0,正常,正常,正常
3,0,0,0,0.00033673300412468137,0,正常,正常,正常
3,0,0,0,0.00028269710302426755,0,正常,正常,正常
3,0,0,0,0.00047395230024203217,0,正常,正常,正常
3,0,0,0,0.00039846688017114115,0,正常,正常,正常
3,0,0,0,0.0004112065639179644,0,正常,正常,正常
3,0,0,0,0.0009029779619450812,0,正常,正常,正常
3,0,0,0,0.0008687403540673343,0,正常,正常,正常
3,0,0,0,0.0009451702049619474,0,正常,正常,正常
3,0,0,0,0.0009451702049619474,0,正常,正常,正常
3,0,0,0,0.0009451702049619474,0,正常,正常,正常
3,0,0,0,0.0009451702049619474,0,正常,正常,正常
3,0,0,0,0.0009409004642454941,0,正常,正常,正常
3,0,0,0,0.0009451702049619474,0,正常,正常,正常
3,0,0,0,0.0009451702049619474,0,正常,正常,正常
3,0,0,0,0.0009126986351128226,0,正常,正常,正常
3,0,0,0,0.000987839350314143,0,正常,正常,正常
3,0,0,0,0.0009521050230034926,0,正常,正常,正常
3,0,0,0,0.0010176979996583664,0,正常,正常,正常
3,0,0,0,0.000975122813870518,0,正常,正常,正常
3,0,0,0,0.0009517366272034015,0,正常,正常,正常
3,0,0,0,0.0010930583065231296,0,正常,正常,正常
3,0,0,0,0.0011636690325451666,0,正常,正常,正常
3,0,0,0,0.0010996578240573495,0,正常,正常,正常
3,0,0,0,0.0010074919063548806,0,正常,正常,正常
3,0,0,0,0.0009466829970270526,0,正常,正常,正常
3,0,0,0,0.0009276509484205546,0,正常,正常,正常
3,0,0,0,0.0008954549154474126,0,正常,正常,正常
3,0,0,0,0.0008954549154474126,0,正常,正常,正常
3,0,0,0,0.0008954549154474126,0,正常,正常,正常
3,0,0,0,0.0009398610016062519,0,正常,正常,正常
3,0,0,0,0.0010149294667414648,0,正常,正常,正常
3,0,0,0,0.0010894170573464575,0,正常,正常,正常
3,0,0,0,0.0011067600792400948,0,正常,正常,正常
3,0,0,0,0.0006917752521490957,0,正常,正常,正常
3,0,0,0,0.0006483816307810344,0,正常,正常,正常
3,0,0,0,0.0007390031396282267,0,正常,正常,正常
3,0,0,0,0.0012521333556702549,0,正常,正常,正常
3,0,0,0,0.004314358323987254,0,正常,正常,正常
3,0,0,0,0.00641158569873005,0,正常,正常,正常
3,0,0,0,0.003602083239539045,0,正常,正常,正常
3,0,0,0,0.0024397296481282337,0,正常,正常,正常
3,0,0,0,0.0022884633132625575,0,正常,正常,正常
3,0,0,0,0.008666355893081096,0,正常,正常,正常
3,0,0,0,0.012424962332752006,0,正常,正常,正常
3,0,0,0,0.007601009693623602,0,正常,正常,正常
3,0,0,0,0.009592912955836808,0,正常,正常,正常
3,0,0,0,0.004624247791378421,0,正常,正常,正常
3,0,0,0,0.00623689800253194,0,正常,正常,正常
3,0,0,0,0.008393243439102404,0,正常,正常,正常
3,0,0,0,0.009501536483187101,0,正常,正常,正常
3,0,0,0,0.005352551850020271,0,正常,正常,正常
3,0,0,0,0.006208898589198466,0,正常,正常,正常
3,0,0,0,0.0053045109397983235,0,正常,正常,正常
3,0,0,0,0.002110652448168248,0,正常,正常,正常
3,0,0,0,0.0023645647839620667,0,正常,正常,正常
3,0,0,0,0.00282523842254758,0,正常,正常,正常
3,0,0,0,0.0022678938725365872,0,正常,正常,正常
3,0,0,0,0.0020557630405974416,0,正常,正常,正常
3,0,0,0,0.0016331708095783267,0,正常,正常,正常
3,0,0,0,0.002032819853900491,0,正常,正常,正常
3,0,0,0,0.0019741002095026708,0,正常,正常,正常
3,0,0,0,0.0020970506101314216,0,正常,正常,正常
3,0,0,0,0.0016142660876071304,0,正常,正常,正常
3,0,0,0,0.002208766099675085,0,正常,正常,正常
3,0,0,0,0.00320302140787222,0,正常,正常,正常
3,0,0,0,0.002701274838171421,0,正常,正常,正常
3,0,0,0,0.001567977511323625,0,正常,正常,正常
3,0,0,0,0.0023165885461457593,0,正常,正常,正常
3,0,0,0,0.002718139057783277,0,正常,正常,正常
3,0,0,0,0.003319753901908884,0,正常,正常,正常
3,0,0,0,0.0032363703795903658,0,正常,正常,正常
3,0,0,0,0.0032277976054007297,0,正常,正常,正常
3,0,0,0,0.004029368880907461,0,正常,正常,正常
3,0,0,0,0.002211887616070344,0,正常,正常,正常
3,0,0,0,0.002010051376886272,0,正常,正常,正常
3,0,0,0,0.0016718458293675936,0,正常,正常,正常
3,0,0,0,0.0023610248320554946,0,正常,正常,正常
3,0,0,0,0.00147861978711894,0,正常,正常,正常
3,0,0,0,0.001473163397674606,0,正常,正常,正常
3,0,0,0,0.0015731934916282872,0,正常,正常,正常
3,0,0,0,0.0016422703227605574,0,正常,正常,正常
3,0,0,0,0.0010215742429998734,0,正常,正常,正常
3,0,0,0,0.0007066983540212904,0,正常,正常,正常
3,0,0,0,0.0009932151249727544,0,正常,正常,正常
3,0,0,0,0.0008591381054411352,0,正常,正常,正常
3,0,0,0,0.0008021134011019988,0,正常,正常,正常
3,0,0,0,0.0010518904509603324,0,正常,正常,正常
3,0,0,0,0.0006023245903323974,0,正常,正常,正常
3,0,0,0,0.0007871166167065296,0,正常,正常,正常
3,0,0,0,0.0009798732323855169,0,正常,正常,正常
3,0,0,0,0.001810049554100279,0,正常,正常,正常
3,0,0,0,0.0027613034865532414,0,正常,正常,正常
3,0,0,0,0.0037459709718435496,0,正常,正常,正常
3,0,0,0,0.0037079836933343086,0,正常,正常,正常
3,0,0,0,0.001289817601503154,0,正常,正常,正常
3,0,0,0,0.0026895955082551957,0,正常,正常,正常
3,0,0,0,0.0021563810422978707,0,正常,正常,正常
3,0,0,0,0.0011706488943714743,0,正常,正常,正常
3,0,0,0,0.0017740659809711405,0,正常,正常,正常
3,0,0,0,0.0014014551525319986,0,正常,正常,正常
3,0,0,0,0.0014076460927892648,0,正常,正常,正常
3,0,0,0,0.0027681892434396073,0,正常,正常,正常
3,0,0,0,0.0033359899590901443,0,正常,正常,正常
3,0,0,0,0.006243796594701402,0,正常,正常,正常
3,0,0,0,0.010730288629659366,0,正常,正常,正常
3,0,0,0,0.009337726528409859,0,正常,正常,正常
3,0,0,0,0.006816481822233801,0,正常,正常,正常
3,0,0,0,0.005773440161743332,0,正常,正常,正常
3,0,0,0,0.006962777155440137,0,正常,正常,正常
3,0,0,0,0.008307399664862325,0,正常,正常,正常
3,0,0,0,0.0028878121850438336,0,正常,正常,正常
3,0,0,0,0.0011760445704893565,0,正常,正常,正常
3,0,0,0,0.003090039105641352,0,正常,正常,正常
3,0,0,0,0.002778171795783388,0,正常,正常,正常
3,0,0,0,0.0025613732316615793,0,正常,正常,正常
3,0,0,0,0.005655688027364711,0,正常,正常,正常
3,0,0,0,0.0034233565193168254,0,正常,正常,正常
3,0,0,0,0.0034144232373896286,0,正常,正常,正常
3,0,0,0,0.002267143158923603,0,正常,正常,正常
3,0,0,0,0.0027398951904430337,0,正常,正常,正常
3,0,0,0,0.015554724450192582,0,正常,正常,正常
3,0,0,0,0.01856467639034374,0,正常,正常,正常
3,0,0,0,0.014562479919788348,0,正常,正常,正常
3,0,0,0,0.03250725265344514,0,正常,正常,正常
3,0,0,0,0.07316140348887752,0,正常,正常,正常
3,0,0,0,0.23941463986387562,0,正常,正常,正常
3,0,0,0,0.4810795976424179,0,正常,正常,正常
3,0,0,1,0.7318898717737728,3,正常,正常,缝内暂堵
3,0,0,1,0.872759377642008,3,正常,正常,缝内暂堵
3,0,0,1,0.9828562582435787,3,正常,正常,缝内暂堵
3,0,0,1,0.9902970729200629,3,正常,正常,缝内暂堵
6,3,1,1,0.9870877803992985,3,缝内暂堵,缝内暂堵,缝内暂堵
6,3,1,1,0.9902443863306111,3,缝内暂堵,缝内暂堵,缝内暂堵
6,3,1,1,0.9922575853414404,3,缝内暂堵,缝内暂堵,缝内暂堵
6,3,1,1,0.9916255879592452,3,缝内暂堵,缝内暂堵,缝内暂堵
6,3,1,1,0.9886957122043142,3,缝内暂堵,缝内暂堵,缝内暂堵
6,3,1,1,0.9928357820954569,3,缝内暂堵,缝内暂堵,缝内暂堵
6,3,1,1,0.9920365542532207,3,缝内暂堵,缝内暂堵,缝内暂堵
6,3,1,1,0.9907718033462436,3,缝内暂堵,缝内暂堵,缝内暂堵
6,3,1,1,0.9905681415051493,3,缝内暂堵,缝内暂堵,缝内暂堵
6,3,1,1,0.9842373066483415,3,缝内暂堵,缝内暂堵,缝内暂堵
6,3,1,1,0.9936367979928451,3,缝内暂堵,缝内暂堵,缝内暂堵
6,3,1,1,0.9990446664346907,3,缝内暂堵,缝内暂堵,缝内暂堵
6,3,1,1,0.9986932319751699,3,缝内暂堵,缝内暂堵,缝内暂堵
6,3,1,1,0.9998339380869912,3,缝内暂堵,缝内暂堵,缝内暂堵
6,3,1,1,0.9998553732200051,3,缝内暂堵,缝内暂堵,缝内暂堵
6,3,1,1,0.9998263158224654,3,缝内暂堵,缝内暂堵,缝内暂堵
6,3,1,1,0.9998364563559324,3,缝内暂堵,缝内暂堵,缝内暂堵
6,3,1,1,0.9998508460446235,3,缝内暂堵,缝内暂堵,缝内暂堵
6,3,1,1,0.999863553614456,3,缝内暂堵,缝内暂堵,缝内暂堵
6,3,1,1,0.998689554355183,3,缝内暂堵,缝内暂堵,缝内暂堵
6,3,1,1,0.9981889795374375,3,缝内暂堵,缝内暂堵,缝内暂堵
6,3,1,1,0.998678583536582,3,缝内暂堵,缝内暂堵,缝内暂堵
6,3,1,1,0.984719810002781,3,缝内暂堵,缝内暂堵,缝内暂堵
6,3,1,1,0.9916331271071157,3,缝内暂堵,缝内暂堵,缝内暂堵
6,3,1,1,0.9842208124631857,3,缝内暂堵,缝内暂堵,缝内暂堵
6,3,1,1,0.9811665727171971,3,缝内暂堵,缝内暂堵,缝内暂堵
6,3,1,1,0.9852413350409123,3,缝内暂堵,缝内暂堵,缝内暂堵
6,3,1,1,0.9854772563447719,3,缝内暂堵,缝内暂堵,缝内暂堵
6,3,1,1,0.9668751044423821,3,缝内暂堵,缝内暂堵,缝内暂堵
6,3,1,1,0.9106474522394081,3,缝内暂堵,缝内暂堵,缝内暂堵
6,3,1,1,0.876461977970779,3,缝内暂堵,缝内暂堵,缝内暂堵
6,3,1,1,0.8460266043303528,3,缝内暂堵,缝内暂堵,缝内暂堵
6,3,1,1,0.8897329601414597,3,缝内暂堵,缝内暂堵,缝内暂堵
6,3,1,1,0.9468696023713131,3,缝内暂堵,缝内暂堵,缝内暂堵
6,3,1,1,0.8466678790539638,3,缝内暂堵,缝内暂堵,缝内暂堵
6,3,1,1,0.6207461869418329,3,缝内暂堵,缝内暂堵,缝内暂堵
6,3,1,0,0.48858332685885575,0,缝内暂堵,缝内暂堵,正常
6,3,1,0,0.2260184939427846,0,缝内暂堵,缝内暂堵,正常
6,3,1,0,0.23127202212965775,0,缝内暂堵,缝内暂堵,正常
6,3,1,0,0.12051625307399515,0,缝内暂堵,缝内暂堵,正常
6,3,1,0,0.04028517349499832,0,缝内暂堵,缝内暂堵,正常
6,3,1,0,0.030931629525588776,0,缝内暂堵,缝内暂堵,正常
3,0,0,0,0.03186965488695449,0,正常,正常,正常
3,0,0,0,0.021505184996742636,0,正常,正常,正常
3,0,0,0,0.008446856305748273,0,正常,正常,正常
3,0,0,0,0.0062767193177762194,0,正常,正常,正常
3,0,0,0,0.0035644322393343676,0,正常,正常,正常
3,0,0,0,0.005632893568233508,0,正常,正常,正常
3,0,0,0,0.006400364033829679,0,正常,正常,正常
3,0,0,0,0.002940214569369535,0,正常,正常,正常
3,0,0,0,0.010739432722801584,0,正常,正常,正常
3,0,0,0,0.010868396378238382,0,正常,正常,正常
3,0,0,0,0.012262779866425861,0,正常,正常,正常
3,0,0,0,0.01371263852431135,0,正常,正常,正常
3,0,0,0,0.019702154581035563,0,正常,正常,正常
3,0,0,0,0.01397815523601166,0,正常,正常,正常
3,0,0,0,0.022244492531683736,0,正常,正常,正常
3,0,0,0,0.004089491482422474,0,正常,正常,正常
3,0,0,0,0.007389246629547466,0,正常,正常,正常
3,0,0,0,0.013740348553837158,0,正常,正常,正常
3,0,0,0,0.007568349744185856,0,正常,正常,正常
3,0,0,0,0.014082918940244974,0,正常,正常,正常
3,0,0,0,0.00997705593837576,0,正常,正常,正常
3,0,0,0,0.012661502001935717,0,正常,正常,正常
3,0,0,0,0.01586437459162983,0,正常,正常,正常
3,0,0,0,0.012751441545607548,0,正常,正常,正常
3,0,0,0,0.05778726635392417,0,正常,正常,正常
3,0,0,0,0.020184768826481018,0,正常,正常,正常
3,0,0,0,0.05749615008974362,0,正常,正常,正常
3,0,0,0,0.06078935542280208,0,正常,正常,正常
3,0,0,0,0.055857872966768855,0,正常,正常,正常
3,0,0,0,0.06251110986395529,0,正常,正常,正常
3,0,0,0,0.04507461060738913,0,正常,正常,正常
3,0,0,0,0.08793982929257324,0,正常,正常,正常
3,0,0,0,0.02309162264456672,0,正常,正常,正常
3,0,0,0,0.0236153197186102,0,正常,正常,正常
3,0,0,0,0.03884341301664095,0,正常,正常,正常
3,0,0,0,0.03983974394595919,0,正常,正常,正常
3,0,0,0,0.03324503972760351,0,正常,正常,正常
3,0,0,0,0.01591717342922029,0,正常,正常,正常
3,0,0,0,0.02237628175038544,0,正常,正常,正常
3,0,0,0,0.016092054683318043,0,正常,正常,正常
3,0,0,0,0.01868830430944911,0,正常,正常,正常
3,0,0,0,0.08896795053290653,0,正常,正常,正常
3,0,0,0,0.03480405277701975,0,正常,正常,正常
3,0,0,0,0.1582917315951097,0,正常,正常,正常
3,0,0,0,0.14120135303772444,0,正常,正常,正常
3,0,0,0,0.13337340085384972,0,正常,正常,正常
3,0,0,1,0.5764731367678533,2,正常,正常,缝口暂堵
3,0,0,0,0.08081251184948246,0,正常,正常,正常
3,0,0,0,0.07319968530910079,0,正常,正常,正常
3,0,0,0,0.05446216482397486,0,正常,正常,正常
3,0,0,0,0.04934507408680531,0,正常,正常,正常
3,0,0,0,0.029374260783753475,0,正常,正常,正常
3,0,0,0,0.051120614817752506,0,正常,正常,正常
7,2,1,0,0.11857415479647102,0,缝口暂堵,缝口暂堵,正常
7,2,1,0,0.06301782482167584,0,缝口暂堵,缝口暂堵,正常
7,2,1,0,0.3473080840539205,0,缝口暂堵,缝口暂堵,正常
7,2,1,0,0.2059362395448523,0,缝口暂堵,缝口暂堵,正常
7,2,1,0,0.07768639070447286,0,缝口暂堵,缝口暂堵,正常
7,2,1,0,0.17589226692505872,0,缝口暂堵,缝口暂堵,正常
7,2,1,0,0.1439695279257114,0,缝口暂堵,缝口暂堵,正常
7,2,1,0,0.15684306483828714,0,缝口暂堵,缝口暂堵,正常
7,2,1,0,0.22090978271536324,0,缝口暂堵,缝口暂堵,正常
7,2,1,0,0.3147643286483782,0,缝口暂堵,缝口暂堵,正常
7,2,1,0,0.1008051283193806,0,缝口暂堵,缝口暂堵,正常
7,2,1,0,0.14024707742795436,0,缝口暂堵,缝口暂堵,正常
7,2,1,0,0.11768273834608627,0,缝口暂堵,缝口暂堵,正常
7,2,1,0,0.3902720389697349,0,缝口暂堵,缝口暂堵,正常
7,2,1,1,0.5678774737349431,2,缝口暂堵,缝口暂堵,缝口暂堵
7,2,1,1,0.7687697163323817,2,缝口暂堵,缝口暂堵,缝口暂堵
7,2,1,1,0.9715145895810908,2,缝口暂堵,缝口暂堵,缝口暂堵
7,2,1,1,0.9892704036388005,2,缝口暂堵,缝口暂堵,缝口暂堵
7,2,1,1,0.9767826973127057,2,缝口暂堵,缝口暂堵,缝口暂堵
7,2,1,1,0.9931486702029264,2,缝口暂堵,缝口暂堵,缝口暂堵
7,2,1,1,0.999144652916867,2,缝口暂堵,缝口暂堵,缝口暂堵
7,2,1,1,0.9994495460635677,2,缝口暂堵,缝口暂堵,缝口暂堵
7,2,1,1,0.9986764858152836,2,缝口暂堵,缝口暂堵,缝口暂堵
7,2,1,1,0.9991925226037376,2,缝口暂堵,缝口暂堵,缝口暂堵
7,2,1,1,0.9989055737548096,2,缝口暂堵,缝口暂堵,缝口暂堵
7,2,1,1,0.9986097825678848,2,缝口暂堵,缝口暂堵,缝口暂堵
7,2,1,1,0.9986715319881315,2,缝口暂堵,缝口暂堵,缝口暂堵
7,2,1,1,0.9984105236896647,2,缝口暂堵,缝口暂堵,缝口暂堵
7,2,1,1,0.9979473364670641,2,缝口暂堵,缝口暂堵,缝口暂堵
7,2,1,1,0.9982164431185412,2,缝口暂堵,缝口暂堵,缝口暂堵
7,2,1,1,0.9974767056394768,2,缝口暂堵,缝口暂堵,缝口暂堵
7,2,1,1,0.9995697910119261,2,缝口暂堵,缝口暂堵,缝口暂堵
7,2,1,1,0.9997679537659788,2,缝口暂堵,缝口暂堵,缝口暂堵
7,2,1,1,0.9996544037982081,2,缝口暂堵,缝口暂堵,缝口暂堵
7,2,1,1,0.9998183706077532,2,缝口暂堵,缝口暂堵,缝口暂堵
7,2,1,1,0.9999134551527146,2,缝口暂堵,缝口暂堵,缝口暂堵
7,2,1,1,0.999928716553241,2,缝口暂堵,缝口暂堵,缝口暂堵
7,2,1,1,0.9999281068033127,2,缝口暂堵,缝口暂堵,缝口暂堵
7,2,1,1,0.9999304846832316,2,缝口暂堵,缝口暂堵,缝口暂堵
7,2,1,1,0.9999358678781803,2,缝口暂堵,缝口暂堵,缝口暂堵
7,2,1,1,0.999674878905607,2,缝口暂堵,缝口暂堵,缝口暂堵
7,2,1,1,0.9993324927329708,2,缝口暂堵,缝口暂堵,缝口暂堵
7,2,1,1,0.9987852043695354,2,缝口暂堵,缝口暂堵,缝口暂堵
7,2,1,1,0.9965612365649464,2,缝口暂堵,缝口暂堵,缝口暂堵
7,2,1,1,0.9966786668482273,2,缝口暂堵,缝口暂堵,缝口暂堵
7,2,1,1,0.9987523255776304,2,缝口暂堵,缝口暂堵,缝口暂堵
7,2,1,1,0.9988676300137405,2,缝口暂堵,缝口暂堵,缝口暂堵
7,2,1,1,0.9971245107737265,2,缝口暂堵,缝口暂堵,缝口暂堵
7,2,1,1,0.998668985446787,2,缝口暂堵,缝口暂堵,缝口暂堵
7,2,1,1,0.9982032468053393,2,缝口暂堵,缝口暂堵,缝口暂堵
7,2,1,1,0.9982043699635794,2,缝口暂堵,缝口暂堵,缝口暂堵
7,2,1,1,0.9974522334403388,2,缝口暂堵,缝口暂堵,缝口暂堵
7,2,1,1,0.9970911655768615,2,缝口暂堵,缝口暂堵,缝口暂堵
7,2,1,1,0.9971679531888724,2,缝口暂堵,缝口暂堵,缝口暂堵
7,2,1,1,0.9928837353432718,2,缝口暂堵,缝口暂堵,缝口暂堵
7,2,1,1,0.99261271205385,2,缝口暂堵,缝口暂堵,缝口暂堵
7,2,1,1,0.9824639529056074,2,缝口暂堵,缝口暂堵,缝口暂堵
7,2,1,1,0.9837610532548585,2,缝口暂堵,缝口暂堵,缝口暂堵
7,2,1,1,0.9557847837492488,2,缝口暂堵,缝口暂堵,缝口暂堵
7,2,1,1,0.9249730771589896,2,缝口暂堵,缝口暂堵,缝口暂堵
7,2,1,1,0.9153918311104673,2,缝口暂堵,缝口暂堵,缝口暂堵
7,2,1,1,0.6842729883078432,2,缝口暂堵,缝口暂堵,缝口暂堵
7,2,1,1,0.6422562894005132,2,缝口暂堵,缝口暂堵,缝口暂堵
7,2,1,1,0.5537436719584494,2,缝口暂堵,缝口暂堵,缝口暂堵
7,2,1,0,0.48012910826597305,0,缝口暂堵,缝口暂堵,正常
7,2,1,0,0.09911481501921955,0,缝口暂堵,缝口暂堵,正常
7,2,1,0,0.029351718617997832,0,缝口暂堵,缝口暂堵,正常
7,2,1,0,0.010757190625838294,0,缝口暂堵,缝口暂堵,正常
7,2,1,0,0.023355488546826498,0,缝口暂堵,缝口暂堵,正常
7,2,1,0,0.004945712231019622,0,缝口暂堵,缝口暂堵,正常
7,2,1,0,0.0012670546776089823,0,缝口暂堵,缝口暂堵,正常
7,2,1,0,0.0008211015097523053,0,缝口暂堵,缝口暂堵,正常
3,0,0,0,0.0004239549606924538,0,正常,正常,正常
3,0,0,0,0.00038041175880464546,0,正常,正常,正常
3,0,0,0,0.0001522966404710317,0,正常,正常,正常
3,0,0,0,9.295834830518401e-05,0,正常,正常,正常
3,0,0,0,0.00021080185874615938,0,正常,正常,正常
3,0,0,0,0.00025039125559729705,0,正常,正常,正常
3,0,0,0,0.00024717485085594247,0,正常,正常,正常
3,0,0,0,0.0003126537500314481,0,正常,正常,正常
3,0,0,0,0.00048096946668683824,0,正常,正常,正常
3,0,0,0,0.0005108661500009083,0,正常,正常,正常
3,0,0,0,0.000339893600594642,0,正常,正常,正常
3,0,0,0,0.0005693049369796074,0,正常,正常,正常
3,0,0,0,0.00041805616234337625,0,正常,正常,正常
3,0,0,0,0.00023916667027654972,0,正常,正常,正常
3,0,0,0,0.0002843028965195226,0,正常,正常,正常
3,0,0,0,0.00014102088621478813,0,正常,正常,正常
3,0,0,0,0.0001831523006917906,0,正常,正常,正常
3,0,0,0,0.00020225143615138616,0,正常,正常,正常
3,0,0,0,0.00032735191823263205,0,正常,正常,正常
3,0,0,0,0.00023284231630858458,0,正常,正常,正常
3,0,0,0,0.0006719009120898777,0,正常,正常,正常
3,0,0,0,0.0008246130812173582,0,正常,正常,正常
3,0,0,0,0.0010711136510612247,0,正常,正常,正常
3,0,0,0,0.00210317018580294,0,正常,正常,正常
3,0,0,0,0.002598266701996932,0,正常,正常,正常
3,0,0,0,0.004842429777770798,0,正常,正常,正常
3,0,0,0,0.003732074919277904,0,正常,正常,正常
3,0,0,0,0.007331728358773708,0,正常,正常,正常
3,0,0,0,0.009606533897721984,0,正常,正常,正常
3,0,0,0,0.013088815708157935,0,正常,正常,正常
3,0,0,0,0.01571109683641003,0,正常,正常,正常
3,0,0,0,0.0186677253723872,0,正常,正常,正常
3,0,0,0,0.020155829587943947,0,正常,正常,正常
3,0,0,0,0.015114405158782238,0,正常,正常,正常
3,0,0,0,0.009379176334854111,0,正常,正常,正常
3,0,0,0,0.048574041013171684,0,正常,正常,正常
3,0,0,0,0.11168126072055846,0,正常,正常,正常
3,0,0,0,0.23223182510352433,0,正常,正常,正常
3,0,0,0,0.03782214461249525,0,正常,正常,正常
3,0,0,0,0.023503256319244464,0,正常,正常,正常
3,0,0,0,0.05895494601452009,0,正常,正常,正常
3,0,0,0,0.032198535136413596,0,正常,正常,正常
3,0,0,0,0.022051984458720725,0,正常,正常,正常
3,0,0,0,0.029370114636016225,0,正常,正常,正常
3,0,0,0,0.019168053097278488,0,正常,正常,正常
3,0,0,0,0.03183828201117291,0,正常,正常,正常
3,0,0,0,0.048075203029919626,0,正常,正常,正常
3,0,0,0,0.05191861390025238,0,正常,正常,正常
3,0,0,0,0.045734769365977306,0,正常,正常,正常
3,0,0,0,0.1259900012341568,0,正常,正常,正常
3,0,0,0,0.43541300228156893,0,正常,正常,正常
3,0,0,0,0.10974231762261019,0,正常,正常,正常
3,0,0,0,0.09592651523182759,0,正常,正常,正常
3,0,0,0,0.1920662519473141,0,正常,正常,正常
3,0,0,0,0.09130438985040748,0,正常,正常,正常
3,0,0,0,0.4848084827836618,0,正常,正常,正常
3,0,0,0,0.15173678978232527,0,正常,正常,正常
3,0,0,0,0.2299694727840568,0,正常,正常,正常
3,0,0,0,0.1359416691185331,0,正常,正常,正常
3,0,0,0,0.27765463297829407,0,正常,正常,正常
3,0,0,1,0.714422792544261,3,正常,正常,缝内暂堵
3,0,0,1,0.8986579461009635,3,正常,正常,缝内暂堵
3,0,0,1,0.9879249210694847,3,正常,正常,缝内暂堵
3,0,0,1,0.9947408099351506,3,正常,正常,缝内暂堵
3,0,0,1,0.9990344264866184,3,正常,正常,缝内暂堵
6,3,1,1,0.9977278608340541,3,缝内暂堵,缝内暂堵,缝内暂堵
6,3,1,1,0.996629625725273,3,缝内暂堵,缝内暂堵,缝内暂堵
6,3,1,1,0.9986537899348892,3,缝内暂堵,缝内暂堵,缝内暂堵
6,3,1,1,0.998768336536427,3,缝内暂堵,缝内暂堵,缝内暂堵
6,3,1,1,0.9978826655475352,3,缝内暂堵,缝内暂堵,缝内暂堵
6,3,1,1,0.9986914460741689,3,缝内暂堵,缝内暂堵,缝内暂堵
6,3,1,1,0.9984803790882798,3,缝内暂堵,缝内暂堵,缝内暂堵
6,3,1,1,0.99841051140539,3,缝内暂堵,缝内暂堵,缝内暂堵
6,3,1,1,0.9990322250701393,3,缝内暂堵,缝内暂堵,缝内暂堵
6,3,1,1,0.9991133253585913,3,缝内暂堵,缝内暂堵,缝内暂堵
6,3,1,1,0.9983229798578223,3,缝内暂堵,缝内暂堵,缝内暂堵
6,3,1,1,0.9970827204168421,3,缝内暂堵,缝内暂堵,缝内暂堵
6,3,1,1,0.9996476847818792,3,缝内暂堵,缝内暂堵,缝内暂堵
6,3,1,1,0.9995297402637289,3,缝内暂堵,缝内暂堵,缝内暂堵
6,3,1,1,0.9995219419713081,3,缝内暂堵,缝内暂堵,缝内暂堵
6,3,1,1,0.999872677008093,3,缝内暂堵,缝内暂堵,缝内暂堵
6,3,1,1,0.9999062593273291,3,缝内暂堵,缝内暂堵,缝内暂堵
6,3,1,1,0.9999375767644435,3,缝内暂堵,缝内暂堵,缝内暂堵
6,3,1,1,0.999914450801335,3,缝内暂堵,缝内暂堵,缝内暂堵
6,3,1,1,0.9999131704406525,3,缝内暂堵,缝内暂堵,缝内暂堵
6,3,1,1,0.9999020738723589,3,缝内暂堵,缝内暂堵,缝内暂堵
6,3,1,1,0.9995626815924878,3,缝内暂堵,缝内暂堵,缝内暂堵
6,3,1,1,0.9956374711654198,3,缝内暂堵,缝内暂堵,缝内暂堵
6,3,1,1,0.9989505682155733,3,缝内暂堵,缝内暂堵,缝内暂堵
6,3,1,1,0.9988129825291493,3,缝内暂堵,缝内暂堵,缝内暂堵
6,3,1,1,0.9961069984803089,3,缝内暂堵,缝内暂堵,缝内暂堵
6,3,1,1,0.9952263618788197,3,缝内暂堵,缝内暂堵,缝内暂堵
6,3,1,1,0.9858327797623601,3,缝内暂堵,缝内暂堵,缝内暂堵
6,3,1,1,0.9924407760251818,3,缝内暂堵,缝内暂堵,缝内暂堵
6,3,1,1,0.9801779581718358,3,缝内暂堵,缝内暂堵,缝内暂堵
6,3,1,1,0.9832157571927579,3,缝内暂堵,缝内暂堵,缝内暂堵
6,3,1,1,0.9496584408714358,3,缝内暂堵,缝内暂堵,缝内暂堵
6,3,1,1,0.7393630416766437,3,缝内暂堵,缝内暂堵,缝内暂堵
6,3,1,1,0.655796652178258,3,缝内暂堵,缝内暂堵,缝内暂堵
6,3,1,1,0.7992231560666785,3,缝内暂堵,缝内暂堵,缝内暂堵
3,0,0,1,0.5267340287690098,3,正常,正常,缝内暂堵
3,0,0,0,0.23393565392397242,0,正常,正常,正常
3,0,0,0,0.18007684164976484,0,正常,正常,正常
3,0,0,0,0.29299247769792547,0,正常,正常,正常
3,0,0,0,0.34503247304811985,0,正常,正常,正常
3,0,0,0,0.14661191163280937,0,正常,正常,正常
3,0,0,0,0.04660807513369195,0,正常,正常,正常
3,0,0,0,0.11252425639539453,0,正常,正常,正常
3,0,0,0,0.035219484569398204,0,正常,正常,正常
3,0,0,0,0.010898116800762959,0,正常,正常,正常
3,0,0,0,0.009916902296249664,0,正常,正常,正常
3,0,0,0,0.012407721222976337,0,正常,正常,正常
3,0,0,0,0.0036344489625129883,0,正常,正常,正常
3,0,0,0,0.005693532796485333,0,正常,正常,正常
3,0,0,0,0.0019246467375338054,0,正常,正常,正常
3,0,0,0,0.003377110563608891,0,正常,正常,正常
3,0,0,0,0.006084071844294076,0,正常,正常,正常
3,0,0,0,0.007348087853384107,0,正常,正常,正常
3,0,0,0,0.009781304074742361,0,正常,正常,正常
3,0,0,0,0.014633095571910787,0,正常,正常,正常
3,0,0,0,0.007796758802256799,0,正常,正常,正常
3,0,0,0,0.01144436325381822,0,正常,正常,正常
3,0,0,0,0.017262331630205383,0,正常,正常,正常
3,0,0,0,0.011762547527899073,0,正常,正常,正常
3,0,0,0,0.021702253874411718,0,正常,正常,正常
3,0,0,0,0.014479189772084265,0,正常,正常,正常
3,0,0,0,0.021799596670677338,0,正常,正常,正常
3,0,0,0,0.04854908485067249,0,正常,正常,正常
3,0,0,0,0.058239724275154094,0,正常,正常,正常
3,0,0,0,0.03296863003674182,0,正常,正常,正常
3,0,0,0,0.02473413471311614,0,正常,正常,正常
3,0,0,0,0.04045306796138485,0,正常,正常,正常
3,0,0,0,0.03523157453554156,0,正常,正常,正常
3,0,0,0,0.04070898356138873,0,正常,正常,正常
3,0,0,0,0.06308919355703504,0,正常,正常,正常
3,0,0,0,0.07626400057242551,0,正常,正常,正常
3,0,0,0,0.017914337923818267,0,正常,正常,正常
3,0,0,0,0.015540041350144713,0,正常,正常,正常
3,0,0,0,0.021307815739383906,0,正常,正常,正常
3,0,0,0,0.027635914324435316,0,正常,正常,正常
3,0,0,0,0.05027591320998671,0,正常,正常,正常
3,0,0,0,0.047984529351410905,0,正常,正常,正常
3,0,0,0,0.0550708754468404,0,正常,正常,正常
3,0,0,0,0.04291056881794259,0,正常,正常,正常
7,2,1,0,0.0802819136042863,0,缝口暂堵,缝口暂堵,正常
7,2,1,0,0.05123476808550193,0,缝口暂堵,缝口暂堵,正常
7,2,1,0,0.019022489800794257,0,缝口暂堵,缝口暂堵,正常
7,2,1,0,0.041386295646461915,0,缝口暂堵,缝口暂堵,正常
7,2,1,0,0.06268694576800209,0,缝口暂堵,缝口暂堵,正常
7,2,1,0,0.07285734395853367,0,缝口暂堵,缝口暂堵,正常
7,2,1,0,0.0712279864828565,0,缝口暂堵,缝口暂堵,正常
7,2,1,0,0.15344416497216476,0,缝口暂堵,缝口暂堵,正常
7,2,1,0,0.24315893118178425,0,缝口暂堵,缝口暂堵,正常
7,2,1,0,0.2099669181771627,0,缝口暂堵,缝口暂堵,正常
7,2,1,1,0.7184491751673299,2,缝口暂堵,缝口暂堵,缝口暂堵
7,2,1,1,0.7197770404660846,2,缝口暂堵,缝口暂堵,缝口暂堵
7,2,1,1,0.9030695866578873,2,缝口暂堵,缝口暂堵,缝口暂堵
7,2,1,1,0.9914952539662972,2,缝口暂堵,缝口暂堵,缝口暂堵
7,2,1,1,0.9994964949820196,2,缝口暂堵,缝口暂堵,缝口暂堵
7,2,1,1,0.999300380125408,2,缝口暂堵,缝口暂堵,缝口暂堵
7,2,1,1,0.9991196877742204,2,缝口暂堵,缝口暂堵,缝口暂堵
7,2,1,1,0.9985397483365848,2,缝口暂堵,缝口暂堵,缝口暂堵
7,2,1,1,0.9984109093412508,2,缝口暂堵,缝口暂堵,缝口暂堵
7,2,1,1,0.9989644126767246,2,缝口暂堵,缝口暂堵,缝口暂堵
7,2,1,1,0.9984809814052854,2,缝口暂堵,缝口暂堵,缝口暂堵
7,2,1,1,0.9972973652776417,2,缝口暂堵,缝口暂堵,缝口暂堵
7,2,1,1,0.9941360377787143,2,缝口暂堵,缝口暂堵,缝口暂堵
7,2,1,1,0.9970828928099612,2,缝口暂堵,缝口暂堵,缝口暂堵
7,2,1,1,0.9970835669005299,2,缝口暂堵,缝口暂堵,缝口暂堵
7,2,1,1,0.9967026366800863,2,缝口暂堵,缝口暂堵,缝口暂堵
7,2,1,1,0.9963706257555992,2,缝口暂堵,缝口暂堵,缝口暂堵
7,2,1,1,0.9978084289888178,2,缝口暂堵,缝口暂堵,缝口暂堵
7,2,1,1,0.9988083387844627,2,缝口暂堵,缝口暂堵,缝口暂堵
7,2,1,1,0.9972985653784089,2,缝口暂堵,缝口暂堵,缝口暂堵
7,2,1,1,0.9972180784041111,2,缝口暂堵,缝口暂堵,缝口暂堵
7,2,1,1,0.9964965844979689,2,缝口暂堵,缝口暂堵,缝口暂堵
7,2,1,1,0.9960835903509508,2,缝口暂堵,缝口暂堵,缝口暂堵
7,2,1,1,0.998262498154857,2,缝口暂堵,缝口暂堵,缝口暂堵
7,2,1,1,0.9985230202869291,2,缝口暂堵,缝口暂堵,缝口暂堵
7,2,1,1,0.9982130054811852,2,缝口暂堵,缝口暂堵,缝口暂堵
7,2,1,1,0.9981923918474231,2,缝口暂堵,缝口暂堵,缝口暂堵
7,2,1,1,0.9992788753677535,2,缝口暂堵,缝口暂堵,缝口暂堵
7,2,1,1,0.9980158025240456,2,缝口暂堵,缝口暂堵,缝口暂堵
7,2,1,1,0.9994148565245938,2,缝口暂堵,缝口暂堵,缝口暂堵
7,2,1,1,0.9979477438662622,2,缝口暂堵,缝口暂堵,缝口暂堵
7,2,1,1,0.9981082933590159,2,缝口暂堵,缝口暂堵,缝口暂堵
7,2,1,1,0.998117315918582,2,缝口暂堵,缝口暂堵,缝口暂堵
7,2,1,1,0.9986364510809388,2,缝口暂堵,缝口暂堵,缝口暂堵
7,2,1,1,0.9971042859506968,2,缝口暂堵,缝口暂堵,缝口暂堵
7,2,1,1,0.9945404726824778,2,缝口暂堵,缝口暂堵,缝口暂堵
7,2,1,1,0.9931566709027215,2,缝口暂堵,缝口暂堵,缝口暂堵
7,2,1,1,0.9817722892204649,2,缝口暂堵,缝口暂堵,缝口暂堵
7,2,1,1,0.9583240897308903,2,缝口暂堵,缝口暂堵,缝口暂堵
7,2,1,1,0.9121274993358506,2,缝口暂堵,缝口暂堵,缝口暂堵
7,2,1,1,0.8706635498155149,2,缝口暂堵,缝口暂堵,缝口暂堵
7,2,1,1,0.86610372095349,2,缝口暂堵,缝口暂堵,缝口暂堵
7,2,1,1,0.8782157204258315,2,缝口暂堵,缝口暂堵,缝口暂堵
7,2,1,1,0.5487382156676973,2,缝口暂堵,缝口暂堵,缝口暂堵
7,2,1,0,0.3087733151103661,0,缝口暂堵,缝口暂堵,正常
7,2,1,0,0.24391492512481383,0,缝口暂堵,缝口暂堵,正常
7,2,1,0,0.23792246907198444,0,缝口暂堵,缝口暂堵,正常
7,2,1,0,0.1451201135347719,0,缝口暂堵,缝口暂堵,正常
7,2,1,0,0.12419997847128962,0,缝口暂堵,缝口暂堵,正常
7,2,1,0,0.2877698412446018,0,缝口暂堵,缝口暂堵,正常
7,2,1,0,0.3587452249122307,0,缝口暂堵,缝口暂堵,正常
7,2,1,1,0.6010190424295475,2,缝口暂堵,缝口暂堵,缝口暂堵
7,2,1,1,0.5750608260977236,2,缝口暂堵,缝口暂堵,缝口暂堵
3,0,0,0,0.26299794451349157,0,正常,正常,正常
3,0,0,0,0.3086856668458444,0,正常,正常,正常
3,0,0,0,0.26363343029679237,0,正常,正常,正常
3,0,0,1,0.555312979398779,2,正常,正常,缝口暂堵
3,0,0,0,0.23513936592809584,0,正常,正常,正常
3,0,0,0,0.060533948041408187,0,正常,正常,正常
3,0,0,0,0.04013254931711621,0,正常,正常,正常
3,0,0,0,0.023479699669468737,0,正常,正常,正常
3,0,0,0,0.02210016900333466,0,正常,正常,正常
3,0,0,0,0.021583933420496398,0,正常,正常,正常
3,0,0,0,0.025311996964580908,0,正常,正常,正常
3,0,0,0,0.04427619860498203,0,正常,正常,正常
3,0,0,0,0.0216693571875509,0,正常,正常,正常
3,0,0,0,0.033622694114147055,0,正常,正常,正常
3,0,0,0,0.02776433036600596,0,正常,正常,正常
3,0,0,0,0.02391221180143755,0,正常,正常,正常
3,0,0,0,0.03694015631828797,0,正常,正常,正常
3,0,0,0,0.05022327118103323,0,正常,正常,正常
3,0,0,0,0.03600879435452281,0,正常,正常,正常
3,0,0,0,0.055345623446647625,0,正常,正常,正常
3,0,0,0,0.029561801353986186,0,正常,正常,正常
3,0,0,0,0.04339617458784786,0,正常,正常,正常
3,0,0,0,0.11471053874506235,0,正常,正常,正常
3,0,0,0,0.18774804331354752,0,正常,正常,正常
3,0,0,0,0.112847798732288,0,正常,正常,正常
3,0,0,0,0.43707522670074,0,正常,正常,正常
3,0,0,1,0.8268719852682389,3,正常,正常,缝内暂堵
3,0,0,1,0.9756520173826977,3,正常,正常,缝内暂堵
3,0,0,1,0.990145535865431,3,正常,正常,缝内暂堵
3,0,0,1,0.9990096672039912,3,正常,正常,缝内暂堵
3,0,0,1,0.9980480258985583,3,正常,正常,缝内暂堵
3,0,0,1,0.997568098470305,3,正常,正常,缝内暂堵
3,0,0,1,0.9973891846364976,3,正常,正常,缝内暂堵
3,0,0,1,0.9978231478246573,3,正常,正常,缝内暂堵
3,0,0,1,0.9976395611991508,3,正常,正常,缝内暂堵
3,0,0,1,0.997745458312431,3,正常,正常,缝内暂堵
3,0,0,1,0.9971814376432895,3,正常,正常,缝内暂堵
3,0,0,1,0.9957337008529084,3,正常,正常,缝内暂堵
3,0,0,1,0.9970730588832618,3,正常,正常,缝内暂堵
3,0,0,1,0.9955453601719998,3,正常,正常,缝内暂堵
3,0,0,1,0.9954123825338239,3,正常,正常,缝内暂堵
3,0,0,1,0.873410395012718,3,正常,正常,缝内暂堵
3,0,0,1,0.7375691770706833,3,正常,正常,缝内暂堵
3,0,0,0,0.28597130270279486,0,正常,正常,正常
3,0,0,0,0.1990982902769179,0,正常,正常,正常
3,0,0,0,0.11479586564562394,0,正常,正常,正常
3,0,0,0,0.07375189773815356,0,正常,正常,正常
3,0,0,0,0.10557246529901938,0,正常,正常,正常
3,0,0,0,0.1278674527001737,0,正常,正常,正常
3,0,0,0,0.259592625869302,0,正常,正常,正常
3,0,0,0,0.27885997983929706,0,正常,正常,正常
3,0,0,1,0.6578562149136767,3,正常,正常,缝内暂堵
3,0,0,1,0.6462831107077085,3,正常,正常,缝内暂堵
3,0,0,1,0.5362712848468196,3,正常,正常,缝内暂堵
3,0,0,0,0.265633635497614,0,正常,正常,正常
3,0,0,0,0.16625825049449294,0,正常,正常,正常
3,0,0,0,0.08927647606577219,0,正常,正常,正常
3,0,0,0,0.070840733357289,0,正常,正常,正常
3,0,0,0,0.07646730079544947,0,正常,正常,正常
3,0,0,0,0.16775250970076802,0,正常,正常,正常
3,0,0,0,0.2039537295437149,0,正常,正常,正常
3,0,0,0,0.3286814735322511,0,正常,正常,正常
3,0,0,0,0.18022234295344777,0,正常,正常,正常
3,0,0,0,0.4267295969139792,0,正常,正常,正常
3,0,0,0,0.395807664726464,0,正常,正常,正常
3,0,0,1,0.858164606182978,3,正常,正常,缝内暂堵
3,0,0,1,0.9714841714157478,3,正常,正常,缝内暂堵
3,0,0,1,0.9877903829161679,3,正常,正常,缝内暂堵
3,0,0,1,0.9965848737612155,3,正常,正常,缝内暂堵
3,0,0,1,0.9994212869932956,3,正常,正常,缝内暂堵
3,0,0,1,0.999392038682844,3,正常,正常,缝内暂堵
3,0,0,1,0.9992951054501575,3,正常,正常,缝内暂堵
3,0,0,1,0.9978249042440749,3,正常,正常,缝内暂堵
6,3,1,1,0.9978935794026481,3,缝内暂堵,缝内暂堵,缝内暂堵
6,3,1,1,0.9992805761318871,3,缝内暂堵,缝内暂堵,缝内暂堵
6,3,1,1,0.9989820063109534,3,缝内暂堵,缝内暂堵,缝内暂堵
6,3,1,1,0.9973666971096415,3,缝内暂堵,缝内暂堵,缝内暂堵
6,3,1,1,0.9977182328864551,3,缝内暂堵,缝内暂堵,缝内暂堵
6,3,1,1,0.996256383247421,3,缝内暂堵,缝内暂堵,缝内暂堵
6,3,1,1,0.9967036774444669,3,缝内暂堵,缝内暂堵,缝内暂堵
6,3,1,1,0.9996638863398983,3,缝内暂堵,缝内暂堵,缝内暂堵
6,3,1,1,0.9998195875974136,3,缝内暂堵,缝内暂堵,缝内暂堵
6,3,1,1,0.9998420377794135,3,缝内暂堵,缝内暂堵,缝内暂堵
6,3,1,1,0.9999317960973293,3,缝内暂堵,缝内暂堵,缝内暂堵
6,3,1,1,0.9999421489776296,3,缝内暂堵,缝内暂堵,缝内暂堵
6,3,1,1,0.9998168164446312,3,缝内暂堵,缝内暂堵,缝内暂堵
6,3,1,1,0.9997910884162867,3,缝内暂堵,缝内暂堵,缝内暂堵
6,3,1,1,0.9997703436310651,3,缝内暂堵,缝内暂堵,缝内暂堵
6,3,1,1,0.9998649819815164,3,缝内暂堵,缝内暂堵,缝内暂堵
6,3,1,1,0.9959814570954809,3,缝内暂堵,缝内暂堵,缝内暂堵
6,3,1,1,0.9848431862481845,3,缝内暂堵,缝内暂堵,缝内暂堵
6,3,1,1,0.9682928727277975,3,缝内暂堵,缝内暂堵,缝内暂堵
6,3,1,1,0.9314865312018448,3,缝内暂堵,缝内暂堵,缝内暂堵
6,3,1,1,0.6995316991978537,3,缝内暂堵,缝内暂堵,缝内暂堵
6,3,1,1,0.7170052950771564,3,缝内暂堵,缝内暂堵,缝内暂堵
6,3,1,1,0.5578436502789932,3,缝内暂堵,缝内暂堵,缝内暂堵
6,3,1,1,0.8445733940779757,3,缝内暂堵,缝内暂堵,缝内暂堵
6,3,1,1,0.820372725779369,3,缝内暂堵,缝内暂堵,缝内暂堵
6,3,1,1,0.8614683605495315,3,缝内暂堵,缝内暂堵,缝内暂堵
6,3,1,1,0.8136481079590779,4,缝内暂堵,缝内暂堵,其他异常
3,0,0,1,0.653654717186894,4,正常,正常,其他异常
3,0,0,1,0.8376432696576066,4,正常,正常,其他异常
3,0,0,1,0.6800304860448859,4,正常,正常,其他异常
3,0,0,1,0.5782232709022689,4,正常,正常,其他异常
3,0,0,1,0.5997492467642893,4,正常,正常,其他异常
3,0,0,1,0.57937468996027,4,正常,正常,其他异常
3,0,0,1,0.669626646327988,4,正常,正常,其他异常
3,0,0,1,0.6205573405960926,4,正常,正常,其他异常
3,0,0,1,0.5203084710437257,4,正常,正常,其他异常
3,0,0,0,0.2300629531782823,0,正常,正常,正常
3,0,0,0,0.2329862193078842,0,正常,正常,正常
3,0,0,0,0.33029412789800444,0,正常,正常,正常
3,0,0,0,0.33227481397710645,0,正常,正常,正常
3,0,0,0,0.38769111715801224,0,正常,正常,正常
3,0,0,1,0.6492867037495021,3,正常,正常,缝内暂堵
3,0,0,1,0.720236583180057,3,正常,正常,缝内暂堵
3,0,0,1,0.8736285881406382,3,正常,正常,缝内暂堵
3,0,0,1,0.8630452190749713,3,正常,正常,缝内暂堵
3,0,0,1,0.97012892618584,3,正常,正常,缝内暂堵
3,0,0,1,0.9838768285323077,3,正常,正常,缝内暂堵
3,0,0,1,0.9827490330540302,3,正常,正常,缝内暂堵
3,0,0,1,0.9055359652811334,3,正常,正常,缝内暂堵
3,0,0,1,0.9278167397015677,3,正常,正常,缝内暂堵
3,0,0,1,0.935478748772346,3,正常,正常,缝内暂堵
3,0,0,1,0.9315131206503786,3,正常,正常,缝内暂堵
3,0,0,1,0.9308248341642104,3,正常,正常,缝内暂堵
3,0,0,1,0.8881767433924503,3,正常,正常,缝内暂堵
3,0,0,1,0.8545694575696579,3,正常,正常,缝内暂堵
3,0,0,1,0.8719683452038435,3,正常,正常,缝内暂堵
3,0,0,0,0.38728444532887485,0,正常,正常,正常
3,0,0,0,0.28825791489885094,0,正常,正常,正常
3,0,0,0,0.23027086489129014,0,正常,正常,正常
3,0,0,0,0.12227990734882793,0,正常,正常,正常
3,0,0,0,0.028774510067171778,0,正常,正常,正常
3,0,0,0,0.01159374425450839,0,正常,正常,正常
3,0,0,0,0.008610721130184636,0,正常,正常,正常
3,0,0,0,0.01890901344091721,0,正常,正常,正常
3,0,0,0,0.038304059441036854,0,正常,正常,正常
3,0,0,0,0.11447423125981898,0,正常,正常,正常
3,0,0,0,0.10218132279141147,0,正常,正常,正常
3,0,0,0,0.04207862016557364,0,正常,正常,正常
3,0,0,0,0.04224014861341717,0,正常,正常,正常
3,0,0,0,0.08729945837957966,0,正常,正常,正常
3,0,0,0,0.06985045212719841,0,正常,正常,正常
3,0,0,0,0.04181442494303141,0,正常,正常,正常
3,0,0,0,0.09726320453948722,0,正常,正常,正常
3,0,0,0,0.06419444897372314,0,正常,正常,正常
3,0,0,0,0.2155694942563553,0,正常,正常,正常
3,0,0,0,0.11279981464626147,0,正常,正常,正常
3,0,0,0,0.11786005258392876,0,正常,正常,正常
3,0,0,0,0.14443234573078495,0,正常,正常,正常
3,0,0,0,0.16513599810169569,0,正常,正常,正常
3,0,0,0,0.10583538692121579,0,正常,正常,正常
3,0,0,0,0.06555369695178491,0,正常,正常,正常
3,0,0,0,0.03340374893873388,0,正常,正常,正常
3,0,0,0,0.06310967032599052,0,正常,正常,正常
3,0,0,0,0.050210666186101774,0,正常,正常,正常
3,0,0,0,0.035194029415669334,0,正常,正常,正常
3,0,0,0,0.06792927583244676,0,正常,正常,正常
3,0,0,0,0.056870900435236835,0,正常,正常,正常
3,0,0,0,0.05875092766703427,0,正常,正常,正常
3,0,0,0,0.040935622451331026,0,正常,正常,正常
3,0,0,0,0.046168633631120864,0,正常,正常,正常
3,0,0,0,0.10936810448710459,0,正常,正常,正常
3,0,0,0,0.18169619067897227,0,正常,正常,正常
3,0,0,0,0.2468446057953547,0,正常,正常,正常
3,0,0,0,0.1920909745352687,0,正常,正常,正常
3,0,0,0,0.03227001870477877,0,正常,正常,正常
3,0,0,0,0.09591838825776805,0,正常,正常,正常
3,0,0,0,0.09728861570710338,0,正常,正常,正常
3,0,0,0,0.013572555187357602,0,正常,正常,正常
3,0,0,0,0.022121124171276596,0,正常,正常,正常
3,0,0,0,0.07919653541251567,0,正常,正常,正常
3,0,0,0,0.06612488275399987,0,正常,正常,正常
3,0,0,0,0.047170937690177224,0,正常,正常,正常
3,0,0,0,0.01978447424677899,0,正常,正常,正常
3,0,0,0,0.010385041303827848,0,正常,正常,正常
3,0,0,0,0.0036644760792130335,0,正常,正常,正常
3,0,0,0,0.0015270049163190894,0,正常,正常,正常
3,0,0,0,0.0008184719411498987,0,正常,正常,正常
3,0,0,0,0.0006338259266743089,0,正常,正常,正常
3,0,0,0,0.0009157292051339107,0,正常,正常,正常
3,0,0,0,0.0019946498975210703,0,正常,正常,正常
3,0,0,0,0.0023272117979300814,0,正常,正常,正常
3,0,0,0,0.005799849309995646,0,正常,正常,正常
3,0,0,0,0.0018717544505695407,0,正常,正常,正常
3,0,0,0,0.003960236058563002,0,正常,正常,正常
3,0,0,0,0.0031177945549270437,0,正常,正常,正常
3,0,0,0,0.001538369237202437,0,正常,正常,正常
3,0,0,0,0.0019971462071419924,0,正常,正常,正常
3,0,0,0,0.0032527697959595105,0,正常,正常,正常
3,0,0,0,0.0061711858237793234,0,正常,正常,正常
3,0,0,0,0.0012496851187248092,0,正常,正常,正常
3,0,0,0,0.0006839865426920887,0,正常,正常,正常
3,0,0,0,0.0005716554442385548,0,正常,正常,正常
3,0,0,0,0.0004912386034423906,0,正常,正常,正常
3,0,0,0,0.00014149827205324077,0,正常,正常,正常
3,0,0,0,0.00025908038109471695,0,正常,正常,正常
3,0,0,0,0.00042532497855376675,0,正常,正常,正常
3,0,0,0,0.0006743145430757411,0,正常,正常,正常
3,0,0,0,0.0008530165317706589,0,正常,正常,正常
3,0,0,0,0.0006114055281365867,0,正常,正常,正常
3,0,0,0,5.531538918648501e-05,0,正常,正常,正常
3,0,0,0,6.151477977032404e-05,0,正常,正常,正常
3,0,0,0,5.467417348858161e-05,0,正常,正常,正常
3,0,0,0,6.143254415929796e-05,0,正常,正常,正常
3,0,0,0,6.263432335860199e-05,0,正常,正常,正常
3,0,0,0,5.928871210066218e-05,0,正常,正常,正常
3,0,0,0,5.7780506775117136e-05,0,正常,正常,正常
3,0,0,0,6.295955049846564e-05,0,正常,正常,正常
3,0,0,0,6.295955049846564e-05,0,正常,正常,正常
3,0,0,0,6.295955049846564e-05,0,正常,正常,正常
3,0,0,0,6.636068449252751e-05,0,正常,正常,正常
3,0,0,0,6.295955049846564e-05,0,正常,正常,正常
3,0,0,0,6.392954761623176e-05,0,正常,正常,正常
3,0,0,0,6.21081751863906e-05,0,正常,正常,正常
3,0,0,0,5.249080828700069e-05,0,正常,正常,正常
3,0,0,0,5.289788039562489e-05,0,正常,正常,正常
3,0,0,0,5.249080828700069e-05,0,正常,正常,正常
3,0,0,0,5.171194854560323e-05,0,正常,正常,正常
3,0,0,0,4.920650570511115e-05,0,正常,正常,正常
3,0,0,0,5.056410230977327e-05,0,正常,正常,正常
3,0,0,0,4.9223754948059965e-05,0,正常,正常,正常
3,0,0,0,5.056410230977327e-05,0,正常,正常,正常
3,0,0,0,4.616097874434618e-05,0,正常,正常,正常
3,0,0,0,4.651896459822068e-05,0,正常,正常,正常
3,0,0,0,4.616097874434618e-05,0,正常,正常,正常
3,0,0,0,3.86664580862204e-05,0,正常,正常,正常
3,0,0,0,5.056410230977327e-05,0,正常,正常,正常
3,0,0,0,3.529934516762934e-05,0,正常,正常,正常
3,0,0,0,4.651896459822068e-05,0,正常,正常,正常
3,0,0,0,4.186714262831155e-05,0,正常,正常,正常
3,0,0,0,3.633279048000584e-05,0,正常,正常,正常
3,0,0,0,4.651896459822068e-05,0,正常,正常,正常
3,0,0,0,3.5027696668479546e-05,0,正常,正常,正常
3,0,0,0,3.633279048000584e-05,0,正常,正常,正常
3,0,0,0,3.5027696668479546e-05,0,正常,正常,正常
3,0,0,0,3.529934516762934e-05,0,正常,正常,正常
3,0,0,0,3.529934516762934e-05,0,正常,正常,正常
3,0,0,0,3.5027696668479546e-05,0,正常,正常,正常
3,0,0,0,1.5244323063159695e-05,0,正常,正常,正常
3,0,0,0,1.6307212014545106e-05,0,正常,正常,正常
3,0,0,0,1.6307212014545106e-05,0,正常,正常,正常
3,0,0,0,1.5647347263622234e-05,0,正常,正常,正常
3,0,0,0,1.4375912552803853e-05,0,正常,正常,正常
3,0,0,0,1.3267252447405828e-05,0,正常,正常,正常
3,0,0,0,1.3859510937914533e-05,0,正常,正常,正常
3,0,0,0,1.3165151176289416e-05,0,正常,正常,正常
3,0,0,0,1.3267252447405828e-05,0,正常,正常,正常
3,0,0,0,1.3859510937914533e-05,0,正常,正常,正常
3,0,0,0,1.396699718510309e-05,0,正常,正常,正常
3,0,0,0,1.396699718510309e-05,0,正常,正常,正常
3,0,0,0,1.6307212014545106e-05,0,正常,正常,正常
3,0,0,0,1.6105457880277733e-05,0,正常,正常,正常
3,0,0,0,1.4375912552803853e-05,0,正常,正常,正常
3,0,0,0,1.396699718510309e-05,0,正常,正常,正常
3,0,0,0,1.396699718510309e-05,0,正常,正常,正常
3,0,0,0,1.2730396867130066e-05,0,正常,正常,正常
3,0,0,0,1.3267252447405828e-05,0,正常,正常,正常
3,0,0,0,1.3267252447405828e-05,0,正常,正常,正常
3,0,0,0,1.4812399085108152e-05,0,正常,正常,正常
3,0,0,0,1.4213020476199782e-05,0,正常,正常,正常
3,0,0,0,1.5175010374284771e-05,0,正常,正常,正常
3,0,0,0,1.4511375981123267e-05,0,正常,正常,正常
3,0,0,0,1.4891103774403206e-05,0,正常,正常,正常
3,0,0,0,1.4213020476199782e-05,0,正常,正常,正常
3,0,0,0,1.4698406948303952e-05,0,正常,正常,正常
3,0,0,0,1.4588481227674495e-05,0,正常,正常,正常
3,0,0,0,1.4891103774403206e-05,0,正常,正常,正常
3,0,0,0,1.432324829699306e-05,0,正常,正常,正常
3,0,0,0,1.467388522643956e-05,0,正常,正常,正常
3,0,0,0,1.4945611032794535e-05,0,正常,正常,正常
3,0,0,0,1.4588481227674495e-05,0,正常,正常,正常
3,0,0,0,1.4891103774403206e-05,0,正常,正常,正常
3,0,0,0,1.4399353953800894e-05,0,正常,正常,正常
3,0,0,0,1.47518539424919e-05,0,正常,正常,正常
3,0,0,0,1.4583368879577123e-05,0,正常,正常,正常
3,0,0,0,1.3062113080044741e-05,0,正常,正常,正常
3,0,0,0,1.4039018085921067e-05,0,正常,正常,正常
3,0,0,0,1.3267252447405828e-05,0,正常,正常,正常
3,0,0,0,1.3267252447405828e-05,0,正常,正常,正常
3,0,0,0,1.3267252447405828e-05,0,正常,正常,正常
3,0,0,0,1.2730396867130066e-05,0,正常,正常,正常
3,0,0,0,1.2997629982082542e-05,0,正常,正常,正常
3,0,0,0,1.527673759010463e-05,0,正常,正常,正常
3,0,0,0,1.55936370613487e-05,0,正常,正常,正常
3,0,0,0,1.432324829699306e-05,0,正常,正常,正常
3,0,0,0,1.4625265547256501e-05,0,正常,正常,正常
3,0,0,0,1.1938999158344466e-05,0,正常,正常,正常
3,0,0,0,1.4891103774403206e-05,0,正常,正常,正常
3,0,0,0,1.4626798903874082e-05,0,正常,正常,正常
3,0,0,0,1.4399353953800894e-05,0,正常,正常,正常
3,0,0,0,1.3682165783968173e-05,0,正常,正常,正常
3,0,0,0,1.1938999158344466e-05,0,正常,正常,正常
3,0,0,0,1.4891103774403206e-05,0,正常,正常,正常
3,0,0,0,1.5126316039726211e-05,0,正常,正常,正常
3,0,0,0,1.4549491137894168e-05,0,正常,正常,正常
3,0,0,0,1.3788276665005513e-05,0,正常,正常,正常
3,0,0,0,1.0969725891599285e-05,0,正常,正常,正常
3,0,0,0,1.1938999158344466e-05,0,正常,正常,正常
3,0,0,0,1.4588481227674495e-05,0,正常,正常,正常
3,0,0,0,1.5126316039726211e-05,0,正常,正常,正常
3,0,0,0,1.5616936658889025e-05,0,正常,正常,正常
3,0,0,0,1.3788276665005513e-05,0,正常,正常,正常
3,0,0,0,1.1050926878356472e-05,0,正常,正常,正常
3,0,0,0,1.305924810680929e-05,0,正常,正常,正常
3,0,0,0,1.1938999158344466e-05,0,正常,正常,正常
3,0,0,0,1.4588481227674495e-05,0,正常,正常,正常
3,0,0,0,1.6150267262120068e-05,0,正常,正常,正常
3,0,0,0,1.5616936658889025e-05,0,正常,正常,正常
3,0,0,0,1.372143268328035e-05,0,正常,正常,正常
3,0,0,0,1.122941757290467e-05,0,正常,正常,正常
3,0,0,0,1.1054800906717795e-05,0,正常,正常,正常
3,0,0,0,1.0969725891599285e-05,0,正常,正常,正常
3,0,0,0,1.1938999158344466e-05,0,正常,正常,正常
3,0,0,0,1.5899132940384363e-05,0,正常,正常,正常
3,0,0,0,1.6150267262120068e-05,0,正常,正常,正常
3,0,0,0,1.5616936658889025e-05,0,正常,正常,正常
3,0,0,0,1.4006069480878442e-05,0,正常,正常,正常
3,0,0,0,1.122941757290467e-05,0,正常,正常,正常
3,0,0,0,1.1054800906717795e-05,0,正常,正常,正常
3,0,0,0,1.1054800906717795e-05,0,正常,正常,正常
3,0,0,0,1.2947184088183143e-05,0,正常,正常,正常
3,0,0,0,1.2747192928283853e-05,0,正常,正常,正常
3,0,0,0,1.7104441051949934e-05,0,正常,正常,正常
3,0,0,0,1.5374095423448828e-05,0,正常,正常,正常
3,0,0,0,1.5255780692536253e-05,0,正常,正常,正常
3,0,0,0,1.5957329920522413e-05,0,正常,正常,正常
3,0,0,0,1.1938999158344466e-05,0,正常,正常,正常
3,0,0,0,1.4891103774403206e-05,0,正常,正常,正常
3,0,0,0,1.7429970178214342e-05,0,正常,正常,正常
3,0,0,0,1.685438063191196e-05,0,正常,正常,正常
3,0,0,0,1.5811134252068773e-05,0,正常,正常,正常
3,0,0,0,1.2738393743986404e-05,0,正常,正常,正常
3,0,0,0,1.2640362378339995e-05,0,正常,正常,正常
3,0,0,0,1.5048103987188512e-05,0,正常,正常,正常
3,0,0,0,1.375724927040683e-05,0,正常,正常,正常
3,0,0,0,1.832048065543944e-05,0,正常,正常,正常
3,0,0,0,1.7995308255205276e-05,0,正常,正常,正常
3,0,0,0,1.857881342026088e-05,0,正常,正常,正常
3,0,0,0,1.5811134252068773e-05,0,正常,正常,正常
3,0,0,0,1.2738393743986404e-05,0,正常,正常,正常
3,0,0,0,1.2733929727311382e-05,0,正常,正常,正常
3,0,0,0,1.5048103987188512e-05,0,正常,正常,正常
3,0,0,0,1.375724927040683e-05,0,正常,正常,正常
3,0,0,0,1.832048065543944e-05,0,正常,正常,正常
3,0,0,0,1.7995308255205276e-05,0,正常,正常,正常
3,0,0,0,1.7995308255205276e-05,0,正常,正常,正常
3,0,0,0,1.5811134252068773e-05,0,正常,正常,正常
3,0,0,0,1.2738393743986404e-05,0,正常,正常,正常
3,0,0,0,1.3072041970293033e-05,0,正常,正常,正常
3,0,0,0,1.375724927040683e-05,0,正常,正常,正常
3,0,0,0,1.7158937002542763e-05,0,正常,正常,正常
3,0,0,0,1.8609860597351877e-05,0,正常,正常,正常
3,0,0,0,1.7995308255205276e-05,0,正常,正常,正常
3,0,0,0,1.6139119027711792e-05,0,正常,正常,正常
3,0,0,0,1.293960334177561e-05,0,正常,正常,正常
3,0,0,0,1.2738393743986404e-05,0,正常,正常,正常
3,0,0,0,1.2640362378339995e-05,0,正常,正常,正常
3,0,0,0,1.5048103987188512e-05,0,正常,正常,正常
3,0,0,0,1.4688525118521195e-05,0,正常,正常,正常
3,0,0,0,1.9709346734019132e-05,0,正常,正常,正常
3,0,0,0,1.7995308255205276e-05,0,正常,正常,正常
3,0,0,0,1.857881342026088e-05,0,正常,正常,正常
3,0,0,0,1.5811134252068773e-05,0,正常,正常,正常
3,0,0,0,1.293960334177561e-05,0,正常,正常,正常
3,0,0,0,1.3490144280736582e-05,0,正常,正常,正常
3,0,0,0,1.3490144280736582e-05,0,正常,正常,正常
3,0,0,0,1.3490144280736582e-05,0,正常,正常,正常
3,0,0,0,1.451283039377624e-05,0,正常,正常,正常
3,0,0,0,1.451283039377624e-05,0,正常,正常,正常
3,0,0,0,1.451283039377624e-05,0,正常,正常,正常
3,0,0,0,1.451283039377624e-05,0,正常,正常,正常
3,0,0,0,1.451283039377624e-05,0,正常,正常,正常
3,0,0,0,1.4287157614901178e-05,0,正常,正常,正常
3,0,0,0,1.495920704337799e-05,0,正常,正常,正常
3,0,0,0,2.1371587329620694e-05,0,正常,正常,正常
3,0,0,0,0.0004184796059704957,0,正常,正常,正常
3,0,0,0,0.0006763690315012346,0,正常,正常,正常
3,0,0,0,0.0004890908041007982,0,正常,正常,正常
3,0,0,0,0.000450685271135197,0,正常,正常,正常
3,0,0,0,0.0006102624171338978,0,正常,正常,正常
3,0,0,0,0.0007331040483896312,0,正常,正常,正常
3,0,0,0,0.001241718593267419,0,正常,正常,正常
3,0,0,0,0.0011285160641631038,0,正常,正常,正常
3,0,0,0,0.0010433278179691897,0,正常,正常,正常
3,0,0,0,0.0036660983981811083,0,正常,正常,正常
3,0,0,0,0.0028738651751866896,0,正常,正常,正常
3,0,0,0,0.012208855579467347,0,正常,正常,正常
3,0,0,0,0.013687380197559863,0,正常,正常,正常
3,0,0,0,0.011055716921757735,0,正常,正常,正常
3,0,0,0,0.016598766450847253,0,正常,正常,正常
3,0,0,0,0.011825832770656483,0,正常,正常,正常
3,0,0,0,0.015259273336306554,0,正常,正常,正常
3,0,0,0,0.009352153825868324,0,正常,正常,正常
3,0,0,0,0.017941478357044228,0,正常,正常,正常
3,0,0,0,0.005399447348966694,0,正常,正常,正常
3,0,0,0,0.010042257638397044,0,正常,正常,正常
3,0,0,0,0.007282856967119528,0,正常,正常,正常
3,0,0,0,0.007595262039147965,0,正常,正常,正常
3,0,0,0,0.006940808934574251,0,正常,正常,正常
3,0,0,0,0.00511735855026417,0,正常,正常,正常
3,0,0,0,0.006295543467844368,0,正常,正常,正常
3,0,0,0,0.0039012695973248807,0,正常,正常,正常
3,0,0,0,0.0046763647349082026,0,正常,正常,正常
3,0,0,0,0.004959119551168681,0,正常,正常,正常
3,0,0,0,0.003510049710573106,0,正常,正常,正常
3,0,0,0,0.006365169162305482,0,正常,正常,正常
3,0,0,0,0.0051106001667511405,0,正常,正常,正常
3,0,0,0,0.005965111712235244,0,正常,正常,正常
3,0,0,0,0.010274945791738885,0,正常,正常,正常
3,0,0,0,0.008501942995941918,0,正常,正常,正常
3,0,0,0,0.006417823708431909,0,正常,正常,正常
3,0,0,0,0.01010634048863663,0,正常,正常,正常
3,0,0,0,0.006227584390302835,0,正常,正常,正常
3,0,0,0,0.00916260858019656,0,正常,正常,正常
3,0,0,0,0.011524405310090689,0,正常,正常,正常
3,0,0,0,0.009611306378085977,0,正常,正常,正常
3,0,0,0,0.006559492901054464,0,正常,正常,正常
3,0,0,0,0.004797544396547233,0,正常,正常,正常
3,0,0,0,0.006401760329034381,0,正常,正常,正常
3,0,0,0,0.0029844813420156304,0,正常,正常,正常
3,0,0,0,0.0013823277015397322,0,正常,正常,正常
3,0,0,0,0.0021586275376220833,0,正常,正常,正常
3,0,0,0,0.002074102826037443,0,正常,正常,正常
3,0,0,0,0.0018337466502525328,0,正常,正常,正常
3,0,0,0,0.0012189939170428473,0,正常,正常,正常
3,0,0,0,0.001722810718995112,0,正常,正常,正常
3,0,0,0,0.003856045515188721,0,正常,正常,正常
3,0,0,0,0.0037104689117232106,0,正常,正常,正常
3,0,0,0,0.004092012946073226,0,正常,正常,正常
3,0,0,0,0.0033507062392064834,0,正常,正常,正常
3,0,0,0,0.0036139847545604213,0,正常,正常,正常
3,0,0,0,0.002803301219268677,0,正常,正常,正常
3,0,0,0,0.005651334733822493,0,正常,正常,正常
3,0,0,0,0.004452840340166931,0,正常,正常,正常
3,0,0,0,0.004087117126640357,0,正常,正常,正常
3,0,0,0,0.006823035449983886,0,正常,正常,正常
3,0,0,0,0.011968640806874625,0,正常,正常,正常
3,0,0,0,0.013118484000604128,0,正常,正常,正常
3,0,0,0,0.010465077252552184,0,正常,正常,正常
3,0,0,0,0.006960961204760662,0,正常,正常,正常
3,0,0,0,0.009501225394322748,0,正常,正常,正常
3,0,0,0,0.006717586069057929,0,正常,正常,正常
3,0,0,0,0.01703548336866573,0,正常,正常,正常
3,0,0,0,0.011479660031332202,0,正常,正常,正常
3,0,0,0,0.013516566617116425,0,正常,正常,正常
3,0,0,0,0.01005778832658235,0,正常,正常,正常
3,0,0,0,0.006697058323484986,0,正常,正常,正常
3,0,0,0,0.007823687362387588,0,正常,正常,正常
3,0,0,0,0.014897252873241097,0,正常,正常,正常
3,0,0,0,0.014610555461621084,0,正常,正常,正常
3,0,0,0,0.01651970275386085,0,正常,正常,正常
3,0,0,0,0.01933418107758845,0,正常,正常,正常
3,0,0,0,0.016767146163373464,0,正常,正常,正常
3,0,0,0,0.008854222995416645,0,正常,正常,正常
3,0,0,0,0.011406084759902721,0,正常,正常,正常
3,0,0,0,0.015619237377118624,0,正常,正常,正常
3,0,0,0,0.011963424037635222,0,正常,正常,正常
3,0,0,0,0.008945069223361708,0,正常,正常,正常
3,0,0,0,0.0069346698811517185,0,正常,正常,正常
3,0,0,0,0.0026457429941432746,0,正常,正常,正常
3,0,0,0,0.002626885589740388,0,正常,正常,正常
3,0,0,0,0.011814251885018546,0,正常,正常,正常
3,0,0,0,0.024481574718045615,0,正常,正常,正常
3,0,0,0,0.037864407238711754,0,正常,正常,正常
3,0,0,0,0.008257439498019143,0,正常,正常,正常
3,0,0,0,0.008208717011836963,0,正常,正常,正常
3,0,0,0,0.009899555265451571,0,正常,正常,正常
3,0,0,0,0.0442103795064475,0,正常,正常,正常
3,0,0,0,0.283194832791239,0,正常,正常,正常
3,0,0,1,0.5098000942715927,3,正常,正常,缝内暂堵
3,0,0,0,0.48845409271649043,0,正常,正常,正常
3,0,0,1,0.626222705418869,3,正常,正常,缝内暂堵
3,0,0,1,0.5366807640501533,3,正常,正常,缝内暂堵
3,0,0,1,0.6068350924633531,3,正常,正常,缝内暂堵
3,0,0,1,0.5098157482901996,3,正常,正常,缝内暂堵
3,0,0,1,0.5904076147734895,3,正常,正常,缝内暂堵
3,0,0,0,0.4001304769484077,0,正常,正常,正常
6,3,1,1,0.5463054326493648,3,缝内暂堵,缝内暂堵,缝内暂堵
6,3,1,1,0.577730887538091,3,缝内暂堵,缝内暂堵,缝内暂堵
6,3,1,0,0.3554882610283121,0,缝内暂堵,缝内暂堵,正常
6,3,1,0,0.4882874416735869,0,缝内暂堵,缝内暂堵,正常
6,3,1,1,0.8147384848222444,3,缝内暂堵,缝内暂堵,缝内暂堵
6,3,1,1,0.7510718444094705,3,缝内暂堵,缝内暂堵,缝内暂堵
6,3,1,1,0.6162794089304195,3,缝内暂堵,缝内暂堵,缝内暂堵
6,3,1,1,0.6781517800477088,3,缝内暂堵,缝内暂堵,缝内暂堵
6,3,1,1,0.7307281460143923,3,缝内暂堵,缝内暂堵,缝内暂堵
6,3,1,1,0.7522688412132242,3,缝内暂堵,缝内暂堵,缝内暂堵
6,3,1,1,0.8450465121282248,3,缝内暂堵,缝内暂堵,缝内暂堵
6,3,1,1,0.8347725677956355,3,缝内暂堵,缝内暂堵,缝内暂堵
6,3,1,1,0.8228161541356495,3,缝内暂堵,缝内暂堵,缝内暂堵
6,3,1,1,0.8783787964932869,3,缝内暂堵,缝内暂堵,缝内暂堵
6,3,1,1,0.884912084822014,3,缝内暂堵,缝内暂堵,缝内暂堵
6,3,1,1,0.9232019202962368,4,缝内暂堵,缝内暂堵,其他异常
6,3,1,1,0.9458543574304504,4,缝内暂堵,缝内暂堵,其他异常
6,3,1,1,0.9697921695651947,4,缝内暂堵,缝内暂堵,其他异常
6,3,1,1,0.858379959502176,4,缝内暂堵,缝内暂堵,其他异常
6,3,1,1,0.9375488034790851,4,缝内暂堵,缝内暂堵,其他异常
6,3,1,1,0.9179542975284778,4,缝内暂堵,缝内暂堵,其他异常
6,3,1,1,0.99408803875459,4,缝内暂堵,缝内暂堵,其他异常
6,3,1,1,0.9992258021754642,4,缝内暂堵,缝内暂堵,其他异常
6,3,1,1,0.9994355001875262,4,缝内暂堵,缝内暂堵,其他异常
6,3,1,1,0.9997533860422705,3,缝内暂堵,缝内暂堵,缝内暂堵
6,3,1,1,0.9997529731395278,3,缝内暂堵,缝内暂堵,缝内暂堵
6,3,1,1,0.9997759836084874,3,缝内暂堵,缝内暂堵,缝内暂堵
6,3,1,1,0.9998199903047571,3,缝内暂堵,缝内暂堵,缝内暂堵
6,3,1,1,0.9996289864862916,3,缝内暂堵,缝内暂堵,缝内暂堵
6,3,1,1,0.9996108150911536,3,缝内暂堵,缝内暂堵,缝内暂堵
6,3,1,1,0.9983825403922347,3,缝内暂堵,缝内暂堵,缝内暂堵
6,3,1,1,0.9951264707409699,3,缝内暂堵,缝内暂堵,缝内暂堵
6,3,1,1,0.9939817580049312,3,缝内暂堵,缝内暂堵,缝内暂堵
6,3,1,1,0.8899650020808774,3,缝内暂堵,缝内暂堵,缝内暂堵
6,3,1,1,0.8976207498137951,3,缝内暂堵,缝内暂堵,缝内暂堵
6,3,1,1,0.8110611256993233,3,缝内暂堵,缝内暂堵,缝内暂堵
3,0,0,1,0.9612057971028782,3,正常,正常,缝内暂堵
3,0,0,1,0.986110330570921,3,正常,正常,缝内暂堵
3,0,0,1,0.9843216203121802,3,正常,正常,缝内暂堵
3,0,0,1,0.9562431686070477,3,正常,正常,缝内暂堵
3,0,0,1,0.8739848007814598,3,正常,正常,缝内暂堵
3,0,0,1,0.6321851478276705,3,正常,正常,缝内暂堵
3,0,0,1,0.6310211707152598,3,正常,正常,缝内暂堵
3,0,0,1,0.6627006340460914,3,正常,正常,缝内暂堵
3,0,0,1,0.8004127700410045,3,正常,正常,缝内暂堵
3,0,0,1,0.6525756110112577,3,正常,正常,缝内暂堵
3,0,0,1,0.6969739849124517,3,正常,正常,缝内暂堵
3,0,0,1,0.5008840872402437,3,正常,正常,缝内暂堵
3,0,0,1,0.6082089350038292,3,正常,正常,缝内暂堵
3,0,0,0,0.4828100415984636,0,正常,正常,正常
3,0,0,0,0.3033729153525138,0,正常,正常,正常
3,0,0,0,0.19924964751472865,0,正常,正常,正常
3,0,0,0,0.1655490563552664,0,正常,正常,正常
3,0,0,0,0.2261242888068329,0,正常,正常,正常
3,0,0,0,0.17539368606193587,0,正常,正常,正常
3,0,0,0,0.19825248319811192,0,正常,正常,正常
3,0,0,0,0.1951977298318405,0,正常,正常,正常
3,0,0,0,0.1322625611877345,0,正常,正常,正常
3,0,0,0,0.17700732244508985,0,正常,正常,正常
3,0,0,0,0.16830812554014066,0,正常,正常,正常
3,0,0,0,0.18385206241526394,0,正常,正常,正常
3,0,0,0,0.19685346275274368,0,正常,正常,正常
3,0,0,0,0.14618695516641728,0,正常,正常,正常
3,0,0,0,0.15888069355016288,0,正常,正常,正常
3,0,0,0,0.10792270352781938,0,正常,正常,正常
3,0,0,0,0.1659752523685914,0,正常,正常,正常
3,0,0,0,0.14684475358433485,0,正常,正常,正常
3,0,0,0,0.14023495090018767,0,正常,正常,正常
3,0,0,0,0.1526684124249984,0,正常,正常,正常
3,0,0,0,0.21213137883612887,0,正常,正常,正常
3,0,0,0,0.03880404631858749,0,正常,正常,正常
3,0,0,0,0.05256541452558609,0,正常,正常,正常
3,0,0,0,0.052976046683737385,0,正常,正常,正常
3,0,0,0,0.0490972160636557,0,正常,正常,正常
3,0,0,0,0.03353018539934178,0,正常,正常,正常
3,0,0,0,0.055301471678752226,0,正常,正常,正常
3,0,0,0,0.04986214604822489,0,正常,正常,正常
3,0,0,0,0.06463704480463726,0,正常,正常,正常
3,0,0,0,0.06703294008865476,0,正常,正常,正常
3,0,0,0,0.16101515229618313,0,正常,正常,正常
3,0,0,0,0.18676492877818604,0,正常,正常,正常
3,0,0,0,0.19028098337720342,0,正常,正常,正常
3,0,0,0,0.1850955497044979,0,正常,正常,正常
3,0,0,0,0.19640098061485353,0,正常,正常,正常
3,0,0,0,0.2067719349566656,0,正常,正常,正常
3,0,0,0,0.03752944666345671,0,正常,正常,正常
3,0,0,0,0.02951931878657643,0,正常,正常,正常
3,0,0,0,0.13791684589978814,0,正常,正常,正常
3,0,0,0,0.14519842559485716,0,正常,正常,正常
3,0,0,0,0.1613316662072435,0,正常,正常,正常
3,0,0,0,0.2525007315596363,0,正常,正常,正常
3,0,0,0,0.20220019839756684,0,正常,正常,正常
3,0,0,0,0.13479028819397526,0,正常,正常,正常
3,0,0,0,0.15289574753164195,0,正常,正常,正常
3,0,0,0,0.13937011283972278,0,正常,正常,正常
3,0,0,1,0.6816578902797267,2,正常,正常,缝口暂堵
3,0,0,1,0.5384876746465886,2,正常,正常,缝口暂堵
3,0,0,0,0.16792996436265464,0,正常,正常,正常
3,0,0,0,0.33370882891307985,0,正常,正常,正常
3,0,0,0,0.2429606862426075,0,正常,正常,正常
3,0,0,0,0.16105063054213783,0,正常,正常,正常
3,0,0,0,0.19589770009550658,0,正常,正常,正常
3,0,0,0,0.3113729816687441,0,正常,正常,正常
3,0,0,0,0.2874392941340812,0,正常,正常,正常
3,0,0,0,0.4184146822635051,0,正常,正常,正常
3,0,0,0,0.25253499813836455,0,正常,正常,正常
3,0,0,0,0.11852938766502456,0,正常,正常,正常
3,0,0,0,0.020115932252664268,0,正常,正常,正常
3,0,0,0,0.09767492370890282,0,正常,正常,正常
3,0,0,0,0.11836833143038397,0,正常,正常,正常
3,0,0,0,0.05999992791546625,0,正常,正常,正常
3,0,0,0,0.207782391426626,0,正常,正常,正常
3,0,0,0,0.042565673265750975,0,正常,正常,正常
7,2,1,0,0.08200947776639807,0,缝口暂堵,缝口暂堵,正常
7,2,1,0,0.0506238347660965,0,缝口暂堵,缝口暂堵,正常
7,2,1,0,0.17664857067632506,0,缝口暂堵,缝口暂堵,正常
7,2,1,0,0.4829764119981641,0,缝口暂堵,缝口暂堵,正常
7,2,1,0,0.4621391567628971,0,缝口暂堵,缝口暂堵,正常
7,2,1,1,0.622232803118824,2,缝口暂堵,缝口暂堵,缝口暂堵
7,2,1,1,0.6274473293108768,2,缝口暂堵,缝口暂堵,缝口暂堵
7,2,1,1,0.8133470972856021,2,缝口暂堵,缝口暂堵,缝口暂堵
7,2,1,1,0.9525650090527131,2,缝口暂堵,缝口暂堵,缝口暂堵
7,2,1,1,0.9892108653978433,3,缝口暂堵,缝口暂堵,缝内暂堵
7,2,1,1,0.9574740725518105,3,缝口暂堵,缝口暂堵,缝内暂堵
7,2,1,1,0.9680114110706367,2,缝口暂堵,缝口暂堵,缝口暂堵
7,2,1,1,0.9842823475121091,2,缝口暂堵,缝口暂堵,缝口暂堵
7,2,1,1,0.9521236417266188,2,缝口暂堵,缝口暂堵,缝口暂堵
7,2,1,1,0.9326238511387813,2,缝口暂堵,缝口暂堵,缝口暂堵
7,2,1,1,0.9620055359853696,2,缝口暂堵,缝口暂堵,缝口暂堵
7,2,1,1,0.9715341535548714,2,缝口暂堵,缝口暂堵,缝口暂堵
7,2,1,1,0.9660697560029812,2,缝口暂堵,缝口暂堵,缝口暂堵
7,2,1,1,0.9672840152351346,2,缝口暂堵,缝口暂堵,缝口暂堵
7,2,1,1,0.9923000020506724,2,缝口暂堵,缝口暂堵,缝口暂堵
7,2,1,1,0.9962171574182149,2,缝口暂堵,缝口暂堵,缝口暂堵
7,2,1,1,0.9974997588117567,2,缝口暂堵,缝口暂堵,缝口暂堵
7,2,1,1,0.9968883767268378,2,缝口暂堵,缝口暂堵,缝口暂堵
7,2,1,1,0.9975966441619484,2,缝口暂堵,缝口暂堵,缝口暂堵
7,2,1,1,0.9988297419476158,2,缝口暂堵,缝口暂堵,缝口暂堵
7,2,1,1,0.9986983387091869,2,缝口暂堵,缝口暂堵,缝口暂堵
7,2,1,1,0.9995258663166038,2,缝口暂堵,缝口暂堵,缝口暂堵
7,2,1,1,0.9992353133258842,2,缝口暂堵,缝口暂堵,缝口暂堵
7,2,1,1,0.9984347814224366,2,缝口暂堵,缝口暂堵,缝口暂堵
7,2,1,1,0.998378079572015,2,缝口暂堵,缝口暂堵,缝口暂堵
7,2,1,1,0.9983538741916024,2,缝口暂堵,缝口暂堵,缝口暂堵
7,2,1,1,0.9979472259317328,2,缝口暂堵,缝口暂堵,缝口暂堵
7,2,1,1,0.9960735919767989,2,缝口暂堵,缝口暂堵,缝口暂堵
7,2,1,1,0.9904938714746322,2,缝口暂堵,缝口暂堵,缝口暂堵
7,2,1,1,0.9719585403681069,2,缝口暂堵,缝口暂堵,缝口暂堵
7,2,1,1,0.9630391733381162,2,缝口暂堵,缝口暂堵,缝口暂堵
7,2,1,1,0.9601598371108552,2,缝口暂堵,缝口暂堵,缝口暂堵
7,2,1,1,0.9714855999234713,2,缝口暂堵,缝口暂堵,缝口暂堵
7,2,1,1,0.9913438412742824,2,缝口暂堵,缝口暂堵,缝口暂堵
7,2,1,1,0.9975385800371648,2,缝口暂堵,缝口暂堵,缝口暂堵
7,2,1,1,0.9973034180707128,2,缝口暂堵,缝口暂堵,缝口暂堵
7,2,1,1,0.9968325567266512,2,缝口暂堵,缝口暂堵,缝口暂堵
7,2,1,1,0.9973726976143409,2,缝口暂堵,缝口暂堵,缝口暂堵
7,2,1,1,0.9931007791252392,2,缝口暂堵,缝口暂堵,缝口暂堵
7,2,1,1,0.9914063635516465,2,缝口暂堵,缝口暂堵,缝口暂堵
7,2,1,1,0.9909977364277696,2,缝口暂堵,缝口暂堵,缝口暂堵
7,2,1,1,0.9874615016857583,2,缝口暂堵,缝口暂堵,缝口暂堵
7,2,1,1,0.9891960238305549,2,缝口暂堵,缝口暂堵,缝口暂堵
7,2,1,1,0.9435397699026896,2,缝口暂堵,缝口暂堵,缝口暂堵
7,2,1,1,0.9132559879565725,2,缝口暂堵,缝口暂堵,缝口暂堵
7,2,1,1,0.8712110032050825,2,缝口暂堵,缝口暂堵,缝口暂堵
7,2,1,1,0.660415468744243,2,缝口暂堵,缝口暂堵,缝口暂堵
7,2,1,0,0.3040233594937118,0,缝口暂堵,缝口暂堵,正常
3,0,0,0,0.0399768076444221,0,正常,正常,正常
3,0,0,0,0.02174460548496194,0,正常,正常,正常
3,0,0,0,0.009101966422142284,0,正常,正常,正常
3,0,0,0,0.006540012997397161,0,正常,正常,正常
3,0,0,0,0.003568241797133681,0,正常,正常,正常
3,0,0,0,0.006026202058673085,0,正常,正常,正常
3,0,0,0,0.006178779663647641,0,正常,正常,正常
3,0,0,0,0.00892228583771976,0,正常,正常,正常
3,0,0,0,0.012373258149292719,0,正常,正常,正常
3,0,0,0,0.02434884535422601,0,正常,正常,正常
3,0,0,0,0.020555421581978324,0,正常,正常,正常
3,0,0,0,0.011552100527421214,0,正常,正常,正常
3,0,0,0,0.01640734654261174,0,正常,正常,正常
3,0,0,1,0.8119981531726744,2,正常,正常,缝口暂堵
3,0,0,1,0.7798710592060867,2,正常,正常,缝口暂堵
3,0,0,1,0.7065279492524733,2,正常,正常,缝口暂堵
3,0,0,1,0.5674101000277713,2,正常,正常,缝口暂堵
3,0,0,1,0.6107944704090449,2,正常,正常,缝口暂堵
3,0,0,0,0.36393267759044734,0,正常,正常,正常
3,0,0,0,0.313366383657077,0,正常,正常,正常
3,0,0,0,0.2946692381466433,0,正常,正常,正常
3,0,0,0,0.31023901416538224,0,正常,正常,正常
3,0,0,0,0.27643460664664105,0,正常,正常,正常
3,0,0,0,0.2233495520680644,0,正常,正常,正常
3,0,0,0,0.16871834726649393,0,正常,正常,正常
3,0,0,0,0.21721554925413622,0,正常,正常,正常
3,0,0,0,0.17859489015406035,0,正常,正常,正常
3,0,0,0,0.005690358780606509,0,正常,正常,正常
3,0,0,0,0.0030277866292833322,0,正常,正常,正常
3,0,0,0,0.004150203629018106,0,正常,正常,正常
3,0,0,0,0.0008281613087231779,0,正常,正常,正常
3,0,0,0,0.002772277756341095,0,正常,正常,正常
3,0,0,0,0.002054328965364333,0,正常,正常,正常
3,0,0,0,0.0035576624244553923,0,正常,正常,正常
3,0,0,0,0.00999952680139025,0,正常,正常,正常
3,0,0,0,0.03605252743694518,0,正常,正常,正常
3,0,0,0,0.019662001312586448,0,正常,正常,正常
3,0,0,0,0.01987333208491843,0,正常,正常,正常
3,0,0,0,0.026128264157209695,0,正常,正常,正常
3,0,0,0,0.019309274447460605,0,正常,正常,正常
3,0,0,0,0.005476923510891929,0,正常,正常,正常
3,0,0,0,0.0016480385662804116,0,正常,正常,正常
3,0,0,0,0.0015983349939140416,0,正常,正常,正常
3,0,0,0,0.0010076195739224243,0,正常,正常,正常
3,0,0,0,0.000536552571621264,0,正常,正常,正常
3,0,0,0,0.0007302688462398927,0,正常,正常,正常
3,0,0,0,0.004473422018482065,0,正常,正常,正常
3,0,0,0,0.004600244428571176,0,正常,正常,正常
3,0,0,0,0.00446836564972861,0,正常,正常,正常
3,0,0,0,0.010515993729486636,0,正常,正常,正常
3,0,0,0,0.00585202087305063,0,正常,正常,正常
3,0,0,0,0.003909338272432156,0,正常,正常,正常
3,0,0,0,0.0021979029861769624,0,正常,正常,正常
3,0,0,0,0.006336176165444009,0,正常,正常,正常
3,0,0,0,0.006046511984397053,0,正常,正常,正常
3,0,0,0,0.012371111920639543,0,正常,正常,正常
3,0,0,0,0.0003851188901220496,0,正常,正常,正常
3,0,0,0,0.00036494671643793057,0,正常,正常,正常
3,0,0,0,0.0005855409322388913,0,正常,正常,正常
3,0,0,0,0.0009829134564925159,0,正常,正常,正常
3,0,0,0,0.000952915186018525,0,正常,正常,正常
3,0,0,0,0.0011192538444406007,0,正常,正常,正常
3,0,0,0,0.0003868583546657137,0,正常,正常,正常
3,0,0,0,0.0002945739574193601,0,正常,正常,正常
3,0,0,0,0.00024919028758603294,0,正常,正常,正常
3,0,0,0,0.00030437024400769544,0,正常,正常,正常
3,0,0,0,0.001602592292877253,0,正常,正常,正常
3,0,0,0,0.002055672096266388,0,正常,正常,正常
3,0,0,0,0.004028333909152014,0,正常,正常,正常
3,0,0,0,0.003857123809066835,0,正常,正常,正常
3,0,0,0,0.005251668064217693,0,正常,正常,正常
3,0,0,0,0.006013327661775719,0,正常,正常,正常
3,0,0,0,0.00996433667522551,0,正常,正常,正常
3,0,0,0,0.005966719413713915,0,正常,正常,正常
3,0,0,0,0.008987187610724033,0,正常,正常,正常
3,0,0,0,0.004297091186574754,0,正常,正常,正常
3,0,0,0,0.005267074850563715,0,正常,正常,正常
3,0,0,0,0.004882240013713415,0,正常,正常,正常
3,0,0,0,0.01060532881137459,0,正常,正常,正常
3,0,0,0,0.006528563833914372,0,正常,正常,正常
3,0,0,0,0.0068571312131770895,0,正常,正常,正常
3,0,0,0,0.008058860565945177,0,正常,正常,正常
3,0,0,0,0.009578428176773901,0,正常,正常,正常
3,0,0,0,0.017921705820113917,0,正常,正常,正常
3,0,0,0,0.07324194053328033,0,正常,正常,正常
3,0,0,1,0.713424991280199,3,正常,正常,缝内暂堵
3,0,0,1,0.514496393586799,3,正常,正常,缝内暂堵
3,0,0,1,0.8998636860494151,3,正常,正常,缝内暂堵
6,3,1,1,0.9579434014707795,3,缝内暂堵,缝内暂堵,缝内暂堵
6,3,1,1,0.9785430165633194,3,缝内暂堵,缝内暂堵,缝内暂堵
6,3,1,1,0.9754621012620612,3,缝内暂堵,缝内暂堵,缝内暂堵
6,3,1,1,0.975223490138712,3,缝内暂堵,缝内暂堵,缝内暂堵
6,3,1,1,0.960545766642915,3,缝内暂堵,缝内暂堵,缝内暂堵
6,3,1,1,0.9627532634715299,3,缝内暂堵,缝内暂堵,缝内暂堵
6,3,1,1,0.9414088279746275,3,缝内暂堵,缝内暂堵,缝内暂堵
6,3,1,1,0.808618630844717,3,缝内暂堵,缝内暂堵,缝内暂堵
6,3,1,1,0.8473729474561463,3,缝内暂堵,缝内暂堵,缝内暂堵
6,3,1,1,0.8321738964675643,3,缝内暂堵,缝内暂堵,缝内暂堵
6,3,1,1,0.988576124786761,3,缝内暂堵,缝内暂堵,缝内暂堵
6,3,1,1,0.9965179825327614,3,缝内暂堵,缝内暂堵,缝内暂堵
6,3,1,1,0.9964793095831573,3,缝内暂堵,缝内暂堵,缝内暂堵
6,3,1,1,0.9982744057883762,3,缝内暂堵,缝内暂堵,缝内暂堵
6,3,1,1,0.9985568181315121,3,缝内暂堵,缝内暂堵,缝内暂堵
6,3,1,1,0.9988775541122258,3,缝内暂堵,缝内暂堵,缝内暂堵
6,3,1,1,0.9988554695022375,3,缝内暂堵,缝内暂堵,缝内暂堵
6,3,1,1,0.9991234741266892,3,缝内暂堵,缝内暂堵,缝内暂堵
6,3,1,1,0.9984489476659089,3,缝内暂堵,缝内暂堵,缝内暂堵
6,3,1,1,0.995425678410062,3,缝内暂堵,缝内暂堵,缝内暂堵
6,3,1,1,0.9790599849837652,3,缝内暂堵,缝内暂堵,缝内暂堵
6,3,1,1,0.9847616189296641,3,缝内暂堵,缝内暂堵,缝内暂堵
6,3,1,1,0.9764564872528113,3,缝内暂堵,缝内暂堵,缝内暂堵
6,3,1,1,0.9835515757680194,3,缝内暂堵,缝内暂堵,缝内暂堵
6,3,1,1,0.9591422189299657,3,缝内暂堵,缝内暂堵,缝内暂堵
6,3,1,1,0.9619295215058163,3,缝内暂堵,缝内暂堵,缝内暂堵
6,3,1,1,0.9341204769145968,3,缝内暂堵,缝内暂堵,缝内暂堵
6,3,1,1,0.7911531203608733,3,缝内暂堵,缝内暂堵,缝内暂堵
6,3,1,1,0.7293404033734976,3,缝内暂堵,缝内暂堵,缝内暂堵
6,3,1,1,0.5887455022846949,3,缝内暂堵,缝内暂堵,缝内暂堵
6,3,1,1,0.5254652703888543,3,缝内暂堵,缝内暂堵,缝内暂堵
6,3,1,0,0.40683268527992883,0,缝内暂堵,缝内暂堵,正常
6,3,1,0,0.1585900393524644,0,缝内暂堵,缝内暂堵,正常
6,3,1,0,0.08109000522585998,0,缝内暂堵,缝内暂堵,正常
6,3,1,0,0.10239711219242542,0,缝内暂堵,缝内暂堵,正常
6,3,1,0,0.16773291503054197,0,缝内暂堵,缝内暂堵,正常
6,3,1,0,0.03958096460678861,0,缝内暂堵,缝内暂堵,正常
6,3,1,0,0.07671308494194498,0,缝内暂堵,缝内暂堵,正常
6,3,1,0,0.04178790206340374,0,缝内暂堵,缝内暂堵,正常
6,3,1,0,0.05120559394129421,0,缝内暂堵,缝内暂堵,正常
6,3,1,0,0.04320331969305236,0,缝内暂堵,缝内暂堵,正常
6,3,1,0,0.11126137014962671,0,缝内暂堵,缝内暂堵,正常
3,0,0,0,0.011125276299592991,0,正常,正常,正常
3,0,0,0,0.02463985167405887,0,正常,正常,正常
3,0,0,0,0.04686645086335271,0,正常,正常,正常
3,0,0,0,0.007498174659616658,0,正常,正常,正常
3,0,0,0,0.008564702055446672,0,正常,正常,正常
3,0,0,0,0.010196338413510284,0,正常,正常,正常
3,0,0,0,0.007154848220432062,0,正常,正常,正常
3,0,0,0,0.006339721088908996,0,正常,正常,正常
3,0,0,0,0.007368032277274918,0,正常,正常,正常
3,0,0,0,0.006629059125631218,0,正常,正常,正常
3,0,0,0,0.00502894652290898,0,正常,正常,正常
3,0,0,0,0.003195401623558502,0,正常,正常,正常
3,0,0,0,0.010937211838915023,0,正常,正常,正常
3,0,0,0,0.007135475280993095,0,正常,正常,正常
3,0,0,0,0.0073499958046556926,0,正常,正常,正常
3,0,0,0,0.00884481101663506,0,正常,正常,正常
3,0,0,0,0.009326101780679425,0,正常,正常,正常
3,0,0,0,0.00584052149792504,0,正常,正常,正常
3,0,0,0,0.00763520465519087,0,正常,正常,正常
3,0,0,0,0.007839078782025305,0,正常,正常,正常
3,0,0,0,0.006316887521224398,0,正常,正常,正常
3,0,0,0,0.006702752855965574,0,正常,正常,正常
3,0,0,0,0.006258662367760855,0,正常,正常,正常
3,0,0,0,0.009171423191512077,0,正常,正常,正常
3,0,0,0,0.007983197620545404,0,正常,正常,正常
3,0,0,0,0.025386258419337136,0,正常,正常,正常
3,0,0,0,0.02312721077550119,0,正常,正常,正常
3,0,0,0,0.024298106117659216,0,正常,正常,正常
3,0,0,0,0.029678249265776346,0,正常,正常,正常
3,0,0,0,0.03127622613413266,0,正常,正常,正常
3,0,0,0,0.03563653436305868,0,正常,正常,正常
3,0,0,0,0.01971334206543762,0,正常,正常,正常
3,0,0,0,0.023198535246771783,0,正常,正常,正常
3,0,0,0,0.0627879669222742,0,正常,正常,正常
3,0,0,0,0.29032988810804644,0,正常,正常,正常
3,0,0,0,0.01815992534664426,0,正常,正常,正常
3,0,0,0,0.010795899242373019,0,正常,正常,正常
3,0,0,0,0.03467246920008103,0,正常,正常,正常
3,0,0,0,0.09589929190897344,0,正常,正常,正常
3,0,0,0,0.020088506754005604,0,正常,正常,正常
3,0,0,0,0.04782130964230446,0,正常,正常,正常
3,0,0,0,0.08580150880463418,0,正常,正常,正常
3,0,0,0,0.05335584422164051,0,正常,正常,正常
3,0,0,0,0.09217393702435675,0,正常,正常,正常
3,0,0,0,0.053759558498456685,0,正常,正常,正常
3,0,0,0,0.040450183557731806,0,正常,正常,正常
3,0,0,0,0.04307657029783889,0,正常,正常,正常
3,0,0,0,0.3237096598578629,0,正常,正常,正常
3,0,0,0,0.16307094392963448,0,正常,正常,正常
3,0,0,0,0.12275699292093856,0,正常,正常,正常
3,0,0,0,0.10278398588254463,0,正常,正常,正常
3,0,0,0,0.32990362913611576,0,正常,正常,正常
3,0,0,0,0.4072972628746187,0,正常,正常,正常
3,0,0,1,0.8597047573390837,2,正常,正常,缝口暂堵
7,2,1,1,0.653679119633502,2,缝口暂堵,缝口暂堵,缝口暂堵
7,2,1,1,0.9448496371238495,2,缝口暂堵,缝口暂堵,缝口暂堵
7,2,1,1,0.9885583707541328,2,缝口暂堵,缝口暂堵,缝口暂堵
7,2,1,1,0.9851671958896717,2,缝口暂堵,缝口暂堵,缝口暂堵
7,2,1,1,0.9771450718453267,2,缝口暂堵,缝口暂堵,缝口暂堵
7,2,1,1,0.9841975750026106,2,缝口暂堵,缝口暂堵,缝口暂堵
7,2,1,1,0.9886661088913082,2,缝口暂堵,缝口暂堵,缝口暂堵
7,2,1,1,0.9899037049544229,2,缝口暂堵,缝口暂堵,缝口暂堵
7,2,1,1,0.9917535285230126,2,缝口暂堵,缝口暂堵,缝口暂堵
7,2,1,1,0.9921337463555089,2,缝口暂堵,缝口暂堵,缝口暂堵
7,2,1,1,0.9963543226924814,2,缝口暂堵,缝口暂堵,缝口暂堵
7,2,1,1,0.9979824492777647,2,缝口暂堵,缝口暂堵,缝口暂堵
7,2,1,1,0.9978181738216033,2,缝口暂堵,缝口暂堵,缝口暂堵
7,2,1,1,0.9981465380949308,2,缝口暂堵,缝口暂堵,缝口暂堵
7,2,1,1,0.9982258346951902,2,缝口暂堵,缝口暂堵,缝口暂堵
7,2,1,1,0.9952084808909549,2,缝口暂堵,缝口暂堵,缝口暂堵
7,2,1,1,0.9988853777777789,2,缝口暂堵,缝口暂堵,缝口暂堵
7,2,1,1,0.9994699089836262,2,缝口暂堵,缝口暂堵,缝口暂堵
7,2,1,1,0.9990191147039625,2,缝口暂堵,缝口暂堵,缝口暂堵
7,2,1,1,0.9992604858404818,2,缝口暂堵,缝口暂堵,缝口暂堵
7,2,1,1,0.9993922047238311,2,缝口暂堵,缝口暂堵,缝口暂堵
7,2,1,1,0.9990750886713039,2,缝口暂堵,缝口暂堵,缝口暂堵
7,2,1,1,0.9987790253725347,2,缝口暂堵,缝口暂堵,缝口暂堵
7,2,1,1,0.9987094763137484,2,缝口暂堵,缝口暂堵,缝口暂堵
7,2,1,1,0.9978326975671542,2,缝口暂堵,缝口暂堵,缝口暂堵
7,2,1,1,0.994975250265507,2,缝口暂堵,缝口暂堵,缝口暂堵
7,2,1,1,0.9852418856604199,2,缝口暂堵,缝口暂堵,缝口暂堵
7,2,1,1,0.9839208540479881,2,缝口暂堵,缝口暂堵,缝口暂堵
7,2,1,1,0.9834057485858057,2,缝口暂堵,缝口暂堵,缝口暂堵
7,2,1,1,0.9971697570572702,2,缝口暂堵,缝口暂堵,缝口暂堵
7,2,1,1,0.9941572974088884,2,缝口暂堵,缝口暂堵,缝口暂堵
7,2,1,1,0.9958883991258602,2,缝口暂堵,缝口暂堵,缝口暂堵
7,2,1,1,0.9959209436567406,2,缝口暂堵,缝口暂堵,缝口暂堵
7,2,1,1,0.9945722399055877,2,缝口暂堵,缝口暂堵,缝口暂堵
7,2,1,1,0.9966017448087091,2,缝口暂堵,缝口暂堵,缝口暂堵
7,2,1,1,0.9940045871380554,2,缝口暂堵,缝口暂堵,缝口暂堵
7,2,1,1,0.9895741042160174,2,缝口暂堵,缝口暂堵,缝口暂堵
7,2,1,1,0.9878343430383993,2,缝口暂堵,缝口暂堵,缝口暂堵
7,2,1,1,0.9701155265304666,2,缝口暂堵,缝口暂堵,缝口暂堵
7,2,1,1,0.9834772239076666,2,缝口暂堵,缝口暂堵,缝口暂堵
7,2,1,1,0.9899726623759294,2,缝口暂堵,缝口暂堵,缝口暂堵
7,2,1,1,0.9884358818287676,2,缝口暂堵,缝口暂堵,缝口暂堵
7,2,1,1,0.9725248597807553,2,缝口暂堵,缝口暂堵,缝口暂堵
7,2,1,1,0.9585615431585857,2,缝口暂堵,缝口暂堵,缝口暂堵
7,2,1,1,0.9158268540450466,2,缝口暂堵,缝口暂堵,缝口暂堵
7,2,1,1,0.9473321627301622,2,缝口暂堵,缝口暂堵,缝口暂堵
7,2,1,1,0.9315335758805852,2,缝口暂堵,缝口暂堵,缝口暂堵
7,2,1,1,0.9058972207596322,2,缝口暂堵,缝口暂堵,缝口暂堵
7,2,1,1,0.8956718175913384,2,缝口暂堵,缝口暂堵,缝口暂堵
7,2,1,1,0.9315426974076297,2,缝口暂堵,缝口暂堵,缝口暂堵
7,2,1,1,0.9408127315756137,2,缝口暂堵,缝口暂堵,缝口暂堵
3,0,0,1,0.9402560562349424,2,正常,正常,缝口暂堵
3,0,0,1,0.9166128063455612,2,正常,正常,缝口暂堵
3,0,0,1,0.9175042390582292,2,正常,正常,缝口暂堵
3,0,0,1,0.9132245639382228,2,正常,正常,缝口暂堵
3,0,0,1,0.8290629370955165,2,正常,正常,缝口暂堵
3,0,0,1,0.7801514671411052,2,正常,正常,缝口暂堵
3,0,0,0,0.41411228402387645,0,正常,正常,正常
3,0,0,0,0.4444200588508688,0,正常,正常,正常
3,0,0,0,0.24874232920082404,0,正常,正常,正常
3,0,0,0,0.22857323918320485,0,正常,正常,正常
3,0,0,0,0.48250787543501295,0,正常,正常,正常
3,0,0,0,0.4265299376756605,0,正常,正常,正常
3,0,0,1,0.6957293252865104,2,正常,正常,缝口暂堵
3,0,0,1,0.6655374725465898,2,正常,正常,缝口暂堵
3,0,0,1,0.6783611927277027,2,正常,正常,缝口暂堵
3,0,0,1,0.7573355043335354,2,正常,正常,缝口暂堵
3,0,0,1,0.8442087620787941,2,正常,正常,缝口暂堵
3,0,0,1,0.8098830170158309,2,正常,正常,缝口暂堵
3,0,0,1,0.5902282329456174,2,正常,正常,缝口暂堵
3,0,0,0,0.495093654979036,0,正常,正常,正常
3,0,0,0,0.37823026186230746,0,正常,正常,正常
3,0,0,0,0.3162782435566643,0,正常,正常,正常
3,0,0,0,0.42611987799053214,0,正常,正常,正常
3,0,0,1,0.5191526000772465,2,正常,正常,缝口暂堵
3,0,0,1,0.6954348377093098,2,正常,正常,缝口暂堵
3,0,0,1,0.8612479084284151,2,正常,正常,缝口暂堵
3,0,0,1,0.9210449558448429,2,正常,正常,缝口暂堵
0,4,1,1,0.9329007901019973,2,主缝延伸,其他异常,缝口暂堵
0,4,1,1,0.9136870443000422,2,主缝延伸,其他异常,缝口暂堵
0,4,1,1,0.9011098934698216,2,主缝延伸,其他异常,缝口暂堵
0,4,1,1,0.9039302102143937,2,主缝延伸,其他异常,缝口暂堵
0,4,1,1,0.8662350499765389,2,主缝延伸,其他异常,缝口暂堵
0,4,1,1,0.933299887916058,2,主缝延伸,其他异常,缝口暂堵
0,4,1,1,0.9374231265344581,2,主缝延伸,其他异常,缝口暂堵
0,4,1,1,0.8288632650336092,2,主缝延伸,其他异常,缝口暂堵
0,4,1,1,0.8439736583435494,2,主缝延伸,其他异常,缝口暂堵
0,4,1,1,0.6147676494708971,3,主缝延伸,其他异常,缝内暂堵
0,4,1,1,0.6311278773315856,3,主缝延伸,其他异常,缝内暂堵
0,4,1,1,0.6620395156395179,3,主缝延伸,其他异常,缝内暂堵
0,4,1,1,0.5382595409611294,3,主缝延伸,其他异常,缝内暂堵
0,4,1,0,0.4384956607552969,0,主缝延伸,其他异常,正常
0,4,1,0,0.32966863523390244,0,主缝延伸,其他异常,正常
0,4,1,1,0.505245974183947,3,主缝延伸,其他异常,缝内暂堵
0,4,1,1,0.5463373760610452,3,主缝延伸,其他异常,缝内暂堵
0,4,1,1,0.7060235761457353,3,主缝延伸,其他异常,缝内暂堵
0,4,1,1,0.7709170643848814,3,主缝延伸,其他异常,缝内暂堵
0,4,1,1,0.7330002229437513,3,主缝延伸,其他异常,缝内暂堵
0,4,1,1,0.8811825389275925,3,主缝延伸,其他异常,缝内暂堵
0,4,1,1,0.8043520835033457,3,主缝延伸,其他异常,缝内暂堵
0,4,1,1,0.6056114173148202,3,主缝延伸,其他异常,缝内暂堵
0,4,1,1,0.6332256124656737,3,主缝延伸,其他异常,缝内暂堵
0,4,1,0,0.41653323294502526,0,主缝延伸,其他异常,正常
0,4,1,0,0.44207602055549294,0,主缝延伸,其他异常,正常
0,4,1,1,0.5810529218158808,3,主缝延伸,其他异常,缝内暂堵
0,4,1,0,0.2490996251629926,0,主缝延伸,其他异常,正常
0,4,1,0,0.1883562050208513,0,主缝延伸,其他异常,正常
0,4,1,0,0.04087044695572134,0,主缝延伸,其他异常,正常
0,4,1,0,0.11466003300343669,0,主缝延伸,其他异常,正常
0,4,1,0,0.15958343868931088,0,主缝延伸,其他异常,正常
0,4,1,0,0.19781547262860275,0,主缝延伸,其他异常,正常
0,4,1,0,0.28591201289214996,0,主缝延伸,其他异常,正常
0,4,1,0,0.29897900621117274,0,主缝延伸,其他异常,正常
0,4,1,0,0.21955331524288801,0,主缝延伸,其他异常,正常
0,4,1,0,0.24647631126745045,0,主缝延伸,其他异常,正常
0,4,1,0,0.3773689677494616,0,主缝延伸,其他异常,正常
0,4,1,0,0.2176690391872981,0,主缝延伸,其他异常,正常
0,4,1,0,0.20722813243268332,0,主缝延伸,其他异常,正常
0,4,1,0,0.13905057375315721,0,主缝延伸,其他异常,正常
0,4,1,0,0.2798552347307058,0,主缝延伸,其他异常,正常
0,4,1,0,0.3960527697270321,0,主缝延伸,其他异常,正常
0,4,1,0,0.3632081044148467,0,主缝延伸,其他异常,正常
0,4,1,0,0.4269734905052934,0,主缝延伸,其他异常,正常
0,4,1,0,0.3839607199120026,0,主缝延伸,其他异常,正常
0,4,1,0,0.15134047249806354,0,主缝延伸,其他异常,正常
0,4,1,0,0.3524823945988462,0,主缝延伸,其他异常,正常
0,4,1,0,0.28411861251298565,0,主缝延伸,其他异常,正常
0,4,1,0,0.20116661445803138,0,主缝延伸,其他异常,正常
0,4,1,0,0.29822093601761834,0,主缝延伸,其他异常,正常
0,4,1,0,0.26863825704556715,0,主缝延伸,其他异常,正常
0,4,1,0,0.031829364675626234,0,主缝延伸,其他异常,正常
0,4,1,0,0.049604182135884835,0,主缝延伸,其他异常,正常
0,4,1,0,0.050889398921552226,0,主缝延伸,其他异常,正常
0,4,1,0,0.12272382581836956,0,主缝延伸,其他异常,正常
0,4,1,0,0.1419113981088334,0,主缝延伸,其他异常,正常
0,4,1,0,0.18709956472862688,0,主缝延伸,其他异常,正常
0,4,1,0,0.16771073183650678,0,主缝延伸,其他异常,正常
0,4,1,0,0.10017258734032013,0,主缝延伸,其他异常,正常
0,4,1,0,0.21230044214564675,0,主缝延伸,其他异常,正常
0,4,1,0,0.09500777620202484,0,主缝延伸,其他异常,正常
0,4,1,0,0.13914872521728816,0,主缝延伸,其他异常,正常
0,4,1,0,0.045454185888130876,0,主缝延伸,其他异常,正常
0,4,1,0,0.08478119417435699,0,主缝延伸,其他异常,正常
0,4,1,0,0.02024239226064241,0,主缝延伸,其他异常,正常
0,4,1,0,0.05941744052580426,0,主缝延伸,其他异常,正常
0,4,1,0,0.04921332434500641,0,主缝延伸,其他异常,正常
0,4,1,0,0.040947865040204805,0,主缝延伸,其他异常,正常
0,4,1,0,0.1239037583440065,0,主缝延伸,其他异常,正常
0,4,1,0,0.47355320946632534,0,主缝延伸,其他异常,正常
0,4,1,1,0.5699324226373997,3,主缝延伸,其他异常,缝内暂堵
0,4,1,1,0.798871319565515,3,主缝延伸,其他异常,缝内暂堵
0,4,1,1,0.9309692038588064,3,主缝延伸,其他异常,缝内暂堵
0,4,1,1,0.9297925767871597,3,主缝延伸,其他异常,缝内暂堵
0,4,1,1,0.9200873511820182,3,主缝延伸,其他异常,缝内暂堵
0,4,1,1,0.8812493851685869,3,主缝延伸,其他异常,缝内暂堵
0,4,1,1,0.959066319678319,3,主缝延伸,其他异常,缝内暂堵
0,4,1,1,0.9505054295612907,3,主缝延伸,其他异常,缝内暂堵
0,4,1,1,0.9325225295351168,3,主缝延伸,其他异常,缝内暂堵
0,4,1,1,0.7022858693907615,3,主缝延伸,其他异常,缝内暂堵
0,4,1,1,0.5105669073022948,3,主缝延伸,其他异常,缝内暂堵
0,4,1,1,0.5264072718136841,3,主缝延伸,其他异常,缝内暂堵
0,4,1,0,0.2885434492143727,0,主缝延伸,其他异常,正常
0,4,1,0,0.26371847694685396,0,主缝延伸,其他异常,正常
0,4,1,0,0.280479277936485,0,主缝延伸,其他异常,正常
0,4,1,0,0.1550773669347439,0,主缝延伸,其他异常,正常
0,4,1,0,0.09960930107554682,0,主缝延伸,其他异常,正常
0,4,1,0,0.07588239041044406,0,主缝延伸,其他异常,正常
0,4,1,0,0.05430634025161047,0,主缝延伸,其他异常,正常
0,4,1,0,0.01788553171453234,0,主缝延伸,其他异常,正常
0,4,1,0,0.11605491810539044,0,主缝延伸,其他异常,正常
0,4,1,0,0.0965240591213589,0,主缝延伸,其他异常,正常
0,4,1,0,0.10777160961703708,0,主缝延伸,其他异常,正常
0,4,1,0,0.19696817300656752,0,主缝延伸,其他异常,正常
0,4,1,0,0.13156519086182772,0,主缝延伸,其他异常,正常
0,4,1,0,0.13154214860328106,0,主缝延伸,其他异常,正常
0,4,1,0,0.0712125522924109,0,主缝延伸,其他异常,正常
0,4,1,0,0.07732804116578877,0,主缝延伸,其他异常,正常
0,4,1,0,0.06332149042680721,0,主缝延伸,其他异常,正常
0,4,1,0,0.04415545822146208,0,主缝延伸,其他异常,正常
0,4,1,0,0.04113344149949203,0,主缝延伸,其他异常,正常
0,4,1,0,0.045832115974726174,0,主缝延伸,其他异常,正常
0,4,1,0,0.07573319078726835,0,主缝延伸,其他异常,正常
0,4,1,0,0.13026977453200703,0,主缝延伸,其他异常,正常
0,4,1,0,0.08169961179467944,0,主缝延伸,其他异常,正常
0,4,1,0,0.08931118591108347,0,主缝延伸,其他异常,正常
0,4,1,0,0.09001048679064821,0,主缝延伸,其他异常,正常
0,4,1,0,0.06322286877328667,0,主缝延伸,其他异常,正常
0,4,1,0,0.059160379742695085,0,主缝延伸,其他异常,正常
0,4,1,0,0.043055620573047924,0,主缝延伸,其他异常,正常
0,4,1,0,0.09824805284374236,0,主缝延伸,其他异常,正常
0,4,1,0,0.1556982730151601,0,主缝延伸,其他异常,正常
0,4,1,0,0.09396259395172586,0,主缝延伸,其他异常,正常
0,4,1,0,0.15436642311188664,0,主缝延伸,其他异常,正常
0,4,1,0,0.25058359857750806,0,主缝延伸,其他异常,正常
0,4,1,0,0.1193374837893272,0,主缝延伸,其他异常,正常
0,4,1,0,0.16042570654147034,0,主缝延伸,其他异常,正常
0,4,1,0,0.211074729016158,0,主缝延伸,其他异常,正常
0,4,1,0,0.17969331359787827,0,主缝延伸,其他异常,正常
0,4,1,0,0.17718736965951792,0,主缝延伸,其他异常,正常
0,4,1,0,0.11620588505553064,0,主缝延伸,其他异常,正常
0,4,1,0,0.37538345864581385,0,主缝延伸,其他异常,正常
0,4,1,0,0.07466437104705366,0,主缝延伸,其他异常,正常
0,4,1,0,0.03569890506518179,0,主缝延伸,其他异常,正常
0,4,1,0,0.06046536471620262,0,主缝延伸,其他异常,正常
0,4,1,0,0.0511947084502654,0,主缝延伸,其他异常,正常
0,4,1,0,0.04174038852682582,0,主缝延伸,其他异常,正常
0,4,1,0,0.024611975478302565,0,主缝延伸,其他异常,正常
0,4,1,0,0.01499718864859441,0,主缝延伸,其他异常,正常
0,4,1,0,0.017913162823669143,0,主缝延伸,其他异常,正常
0,4,1,0,0.019601045432605116,0,主缝延伸,其他异常,正常
0,4,1,0,0.01339138718026547,0,主缝延伸,其他异常,正常
0,4,1,0,0.022063700476418594,0,主缝延伸,其他异常,正常
0,4,1,0,0.020781509338391173,0,主缝延伸,其他异常,正常
0,4,1,0,0.0537675093083516,0,主缝延伸,其他异常,正常
0,4,1,0,0.03166226832234488,0,主缝延伸,其他异常,正常
0,4,1,0,0.0356598698137812,0,主缝延伸,其他异常,正常
0,4,1,0,0.043220077988469496,0,主缝延伸,其他异常,正常
0,4,1,0,0.045427180693794596,0,主缝延伸,其他异常,正常
0,4,1,0,0.07251350261395431,0,主缝延伸,其他异常,正常
0,4,1,0,0.07903321942373186,0,主缝延伸,其他异常,正常
0,4,1,0,0.08568439506046865,0,主缝延伸,其他异常,正常
0,4,1,0,0.10034612484460802,0,主缝延伸,其他异常,正常
0,4,1,0,0.12939398980155936,0,主缝延伸,其他异常,正常
0,4,1,0,0.14556981421951026,0,主缝延伸,其他异常,正常
0,4,1,0,0.2810690945168126,0,主缝延伸,其他异常,正常
0,4,1,0,0.1536842335516145,0,主缝延伸,其他异常,正常
3,0,0,0,0.07843467959125282,0,正常,正常,正常
3,0,0,0,0.050729217911190366,0,正常,正常,正常
3,0,0,0,0.19840275447163652,0,正常,正常,正常
3,0,0,0,0.3038834427041531,0,正常,正常,正常
3,0,0,0,0.13936173375378308,0,正常,正常,正常
3,0,0,0,0.06141275568094317,0,正常,正常,正常
3,0,0,0,0.015288228954279521,0,正常,正常,正常
3,0,0,0,0.010346462402390217,0,正常,正常,正常
3,0,0,0,0.012808670599823796,0,正常,正常,正常
3,0,0,0,0.009958201645754436,0,正常,正常,正常
3,0,0,0,0.008670153873984399,0,正常,正常,正常
3,0,0,0,0.00349504779804304,0,正常,正常,正常
3,0,0,0,0.0027687700239655117,0,正常,正常,正常
3,0,0,0,0.0027682647128989997,0,正常,正常,正常
3,0,0,0,0.0035777139468906143,0,正常,正常,正常
3,0,0,0,0.010390447037088857,0,正常,正常,正常
3,0,0,0,0.042917454296983744,0,正常,正常,正常
3,0,0,0,0.06092468782718626,0,正常,正常,正常
3,0,0,0,0.03915308547643846,0,正常,正常,正常
3,0,0,0,0.03677030516500375,0,正常,正常,正常
3,0,0,0,0.03215635574154073,0,正常,正常,正常
3,0,0,0,0.038867339147162575,0,正常,正常,正常
3,0,0,0,0.05048269815154098,0,正常,正常,正常
3,0,0,0,0.009653702211484158,0,正常,正常,正常
3,0,0,0,0.02445071735324681,0,正常,正常,正常
3,0,0,0,0.00573568099805096,0,正常,正常,正常
3,0,0,0,0.004833586573756813,0,正常,正常,正常
3,0,0,0,0.0008576264322167686,0,正常,正常,正常
3,0,0,0,0.001459623986754459,0,正常,正常,正常
3,0,0,0,0.0019444749056602676,0,正常,正常,正常
3,0,0,0,0.001012064741255865,0,正常,正常,正常
3,0,0,0,0.0007637136654244028,0,正常,正常,正常
3,0,0,0,0.0009403857755974308,0,正常,正常,正常
3,0,0,0,0.0011353255845748353,0,正常,正常,正常
3,0,0,0,0.0010550183668156577,0,正常,正常,正常
3,0,0,0,9.536727613484338e-05,0,正常,正常,正常
3,0,0,0,8.425276023664076e-05,0,正常,正常,正常
3,0,0,0,3.891123791674666e-05,0,正常,正常,正常
3,0,0,0,4.003694399900655e-05,0,正常,正常,正常
3,0,0,0,4.288301459868601e-05,0,正常,正常,正常
3,0,0,0,4.2199829540622426e-05,0,正常,正常,正常
3,0,0,0,3.962239865101117e-05,0,正常,正常,正常
3,0,0,0,4.36724723451444e-05,0,正常,正常,正常
3,0,0,0,3.9869400808617755e-05,0,正常,正常,正常
3,0,0,0,3.962239865101117e-05,0,正常,正常,正常
3,0,0,0,4.003694399900655e-05,0,正常,正常,正常
3,0,0,0,4.068511491176495e-05,0,正常,正常,正常
3,0,0,0,4.003694399900655e-05,0,正常,正常,正常
3,0,0,0,4.003694399900655e-05,0,正常,正常,正常
3,0,0,0,4.068511491176495e-05,0,正常,正常,正常
3,0,0,0,4.288301459868601e-05,0,正常,正常,正常
3,0,0,0,4.4297786469466225e-05,0,正常,正常,正常
3,0,0,0,3.790447038299423e-05,0,正常,正常,正常
3,0,0,0,3.654136661061882e-05,0,正常,正常,正常
3,0,0,0,3.434024808724506e-05,0,正常,正常,正常
3,0,0,0,4.607297176237409e-05,0,正常,正常,正常
3,0,0,0,3.679735955664468e-05,0,正常,正常,正常
3,0,0,0,2.5317471780296224e-05,0,正常,正常,正常
3,0,0,0,3.9228998537015285e-05,0,正常,正常,正常
3,0,0,0,3.75051551770566e-05,0,正常,正常,正常
3,0,0,0,3.30590571926406e-05,0,正常,正常,正常
3,0,0,0,2.781756852520783e-05,0,正常,正常,正常
3,0,0,0,3.219920546579706e-05,0,正常,正常,正常
3,0,0,0,3.437992569029188e-05,0,正常,正常,正常
3,0,0,0,2.0485534815791633e-05,0,正常,正常,正常
3,0,0,0,2.262215599324412e-05,0,正常,正常,正常
3,0,0,0,1.8792028376326756e-05,0,正常,正常,正常
3,0,0,0,2.08320857614524e-05,0,正常,正常,正常
3,0,0,0,2.1265551943102866e-05,0,正常,正常,正常
3,0,0,0,2.0047833432902603e-05,0,正常,正常,正常
3,0,0,0,1.928333566767609e-05,0,正常,正常,正常
3,0,0,0,1.945972969363248e-05,0,正常,正常,正常
3,0,0,0,1.9570456048873718e-05,0,正常,正常,正常
3,0,0,0,1.7850554520262438e-05,0,正常,正常,正常
3,0,0,0,1.7696210098799182e-05,0,正常,正常,正常
3,0,0,0,1.9064826768853387e-05,0,正常,正常,正常
3,0,0,0,2.523270523807416e-05,0,正常,正常,正常
3,0,0,0,2.916375064693296e-05,0,正常,正常,正常
3,0,0,0,3.823440166209478e-05,0,正常,正常,正常
3,0,0,0,3.736239927578174e-05,0,正常,正常,正常
3,0,0,0,3.7925141414504544e-05,0,正常,正常,正常
3,0,0,0,4.161298226498251e-05,0,正常,正常,正常
3,0,0,0,4.218342249711657e-05,0,正常,正常,正常
3,0,0,0,3.353282738442136e-05,0,正常,正常,正常
3,0,0,0,3.353282738442136e-05,0,正常,正常,正常
3,0,0,0,3.124177932173916e-05,0,正常,正常,正常
3,0,0,0,2.471607797324393e-05,0,正常,正常,正常
3,0,0,0,2.098628916909005e-05,0,正常,正常,正常
3,0,0,0,2.08320857614524e-05,0,正常,正常,正常
3,0,0,0,1.9941874168124522e-05,0,正常,正常,正常
3,0,0,0,2.0993646078812026e-05,0,正常,正常,正常
3,0,0,0,2.08320857614524e-05,0,正常,正常,正常
3,0,0,0,2.1608278007485926e-05,0,正常,正常,正常
3,0,0,0,2.0993646078812026e-05,0,正常,正常,正常
3,0,0,0,2.030037572567701e-05,0,正常,正常,正常
3,0,0,0,2.1645713031475152e-05,0,正常,正常,正常
3,0,0,0,1.9941874168124522e-05,0,正常,正常,正常
3,0,0,0,2.296228792977391e-05,0,正常,正常,正常
3,0,0,0,1.9941874168124522e-05,0,正常,正常,正常
3,0,0,0,2.1363438447212685e-05,0,正常,正常,正常
3,0,0,0,2.2019129827078752e-05,0,正常,正常,正常
3,0,0,0,1.9941874168124522e-05,0,正常,正常,正常
3,0,0,0,1.811182347533288e-05,0,正常,正常,正常
3,0,0,0,1.811182347533288e-05,0,正常,正常,正常
3,0,0,0,2.104046974229339e-05,0,正常,正常,正常
3,0,0,0,2.549131551662508e-05,0,正常,正常,正常
3,0,0,0,2.2434455383739576e-05,0,正常,正常,正常
3,0,0,0,2.8216104212634736e-05,0,正常,正常,正常
3,0,0,0,3.031933898620047e-05,0,正常,正常,正常
3,0,0,0,3.16455214642263e-05,0,正常,正常,正常
3,0,0,0,2.7365782757705685e-05,0,正常,正常,正常
3,0,0,0,2.6462091759806495e-05,0,正常,正常,正常
3,0,0,0,2.3368569851622833e-05,0,正常,正常,正常
3,0,0,0,1.8115905940854796e-05,0,正常,正常,正常
3,0,0,0,2.1927785328758043e-05,0,正常,正常,正常
3,0,0,0,2.164351226745686e-05,0,正常,正常,正常
3,0,0,0,2.184915220468304e-05,0,正常,正常,正常
3,0,0,0,2.2229026120302627e-05,0,正常,正常,正常
3,0,0,0,1.7945401955041488e-05,0,正常,正常,正常
3,0,0,0,2.2382650535305956e-05,0,正常,正常,正常
3,0,0,0,2.1529119507032166e-05,0,正常,正常,正常
3,0,0,0,2.156641739670402e-05,0,正常,正常,正常
3,0,0,0,2.2136126149265055e-05,0,正常,正常,正常
3,0,0,0,2.1927785328758043e-05,0,正常,正常,正常
3,0,0,0,2.2264351283956302e-05,0,正常,正常,正常
3,0,0,0,2.1529119507032166e-05,0,正常,正常,正常
3,0,0,0,2.1381353218663337e-05,0,正常,正常,正常
3,0,0,0,2.0874848555609493e-05,0,正常,正常,正常
3,0,0,0,2.579137571751326e-05,0,正常,正常,正常
3,0,0,0,2.4939674534678733e-05,0,正常,正常,正常
3,0,0,0,2.4850838922142845e-05,0,正常,正常,正常
3,0,0,0,2.0642755205531015e-05,0,正常,正常,正常
3,0,0,0,2.5267239389405028e-05,0,正常,正常,正常
3,0,0,0,2.049813983510558e-05,0,正常,正常,正常
3,0,0,0,2.461694839346053e-05,0,正常,正常,正常
3,0,0,0,2.5898814343906437e-05,0,正常,正常,正常
3,0,0,0,2.049813983510558e-05,0,正常,正常,正常
3,0,0,0,2.0340392696139046e-05,0,正常,正常,正常
3,0,0,0,2.0340392696139046e-05,0,正常,正常,正常
3,0,0,0,2.049813983510558e-05,0,正常,正常,正常
3,0,0,0,2.049813983510558e-05,0,正常,正常,正常
3,0,0,0,1.9821232193723303e-05,0,正常,正常,正常
3,0,0,0,2.0533651651898795e-05,0,正常,正常,正常
3,0,0,0,2.5133694574335338e-05,0,正常,正常,正常
3,0,0,0,2.5655060758379123e-05,0,正常,正常,正常
3,0,0,0,2.5199709300119494e-05,0,正常,正常,正常
3,0,0,0,2.5043565335066125e-05,0,正常,正常,正常
3,0,0,0,1.954576460965322e-05,0,正常,正常,正常
3,0,0,0,2.0874848555609493e-05,0,正常,正常,正常
3,0,0,0,2.579137571751326e-05,0,正常,正常,正常
3,0,0,0,2.4939674534678733e-05,0,正常,正常,正常
3,0,0,0,2.4982880855814534e-05,0,正常,正常,正常
3,0,0,0,2.080284722688256e-05,0,正常,正常,正常
3,0,0,0,2.5267239389405028e-05,0,正常,正常,正常
3,0,0,0,2.5655060758379123e-05,0,正常,正常,正常
3,0,0,0,2.5199709300119494e-05,0,正常,正常,正常
3,0,0,0,2.4828664047976522e-05,0,正常,正常,正常
3,0,0,0,1.707880240688696e-05,0,正常,正常,正常
3,0,0,0,2.0874848555609493e-05,0,正常,正常,正常
3,0,0,0,2.5267239389405028e-05,0,正常,正常,正常
3,0,0,0,2.579137571751326e-05,0,正常,正常,正常
3,0,0,0,2.662790731964101e-05,0,正常,正常,正常
3,0,0,0,2.6445146147945168e-05,0,正常,正常,正常
3,0,0,0,2.086753327583646e-05,0,正常,正常,正常
3,0,0,0,2.5267239389405028e-05,0,正常,正常,正常
3,0,0,0,2.579137571751326e-05,0,正常,正常,正常
3,0,0,0,2.4939674534678733e-05,0,正常,正常,正常
3,0,0,0,2.6674038313351937e-05,0,正常,正常,正常
3,0,0,0,2.086753327583646e-05,0,正常,正常,正常
3,0,0,0,2.5267239389405028e-05,0,正常,正常,正常
3,0,0,0,2.579137571751326e-05,0,正常,正常,正常
3,0,0,0,2.4747747608789436e-05,0,正常,正常,正常
3,0,0,0,2.080284722688256e-05,0,正常,正常,正常
3,0,0,0,2.06070547040542e-05,0,正常,正常,正常
3,0,0,0,2.5655060758379123e-05,0,正常,正常,正常
3,0,0,0,2.4807860953561293e-05,0,正常,正常,正常
3,0,0,0,2.5699506406535943e-05,0,正常,正常,正常
3,0,0,0,2.0561878421832e-05,0,正常,正常,正常
3,0,0,0,2.5267239389405028e-05,0,正常,正常,正常
3,0,0,0,2.579137571751326e-05,0,正常,正常,正常
3,0,0,0,2.5333604867482127e-05,0,正常,正常,正常
3,0,0,0,2.6750590019143416e-05,0,正常,正常,正常
3,0,0,0,1.748311471320184e-05,0,正常,正常,正常
3,0,0,0,1.8226964778974282e-05,0,正常,正常,正常
3,0,0,0,1.8226964778974282e-05,0,正常,正常,正常
3,0,0,0,1.8226964778974282e-05,0,正常,正常,正常
3,0,0,0,1.960874160677373e-05,0,正常,正常,正常
3,0,0,0,1.960874160677373e-05,0,正常,正常,正常
3,0,0,0,1.960874160677373e-05,0,正常,正常,正常
3,0,0,0,1.960874160677373e-05,0,正常,正常,正常
3,0,0,0,1.960874160677373e-05,0,正常,正常,正常
3,0,0,0,1.960874160677373e-05,0,正常,正常,正常
3,0,0,0,1.960874160677373e-05,0,正常,正常,正常
3,0,0,0,1.878397990678567e-05,0,正常,正常,正常
3,0,0,0,2.0315614207141003e-05,0,正常,正常,正常
3,0,0,0,2.233961466316131e-05,0,正常,正常,正常
3,0,0,0,0.048097749452027494,0,正常,正常,正常
3,0,0,0,0.33428858732644323,0,正常,正常,正常
3,0,0,0,0.20372055190837798,0,正常,正常,正常
3,0,0,0,0.13656425785346973,0,正常,正常,正常
3,0,0,0,0.1821342164119439,0,正常,正常,正常
3,0,0,0,0.16317357953456385,0,正常,正常,正常
3,0,0,0,0.24163816646800343,0,正常,正常,正常
3,0,0,0,0.18558713959369064,0,正常,正常,正常
3,0,0,0,0.1874676323095429,0,正常,正常,正常
3,0,0,0,0.23131557956940813,0,正常,正常,正常
3,0,0,1,0.9333618967801706,4,正常,正常,其他异常
3,0,0,1,0.9447018282103954,4,正常,正常,其他异常
3,0,0,1,0.9406668231133308,4,正常,正常,其他异常
3,0,0,1,0.9097753376911044,4,正常,正常,其他异常
3,0,0,1,0.9043025951458539,4,正常,正常,其他异常
3,0,0,1,0.8953536587465221,4,正常,正常,其他异常
3,0,0,1,0.9263254482769843,4,正常,正常,其他异常
3,0,0,1,0.9055723682256264,4,正常,正常,其他异常
3,0,0,1,0.8800754114001234,4,正常,正常,其他异常
3,0,0,1,0.8846012852327244,4,正常,正常,其他异常
3,0,0,1,0.8945042126558045,4,正常,正常,其他异常
3,0,0,1,0.9003812237387965,4,正常,正常,其他异常
3,0,0,1,0.8499673919068056,4,正常,正常,其他异常
3,0,0,1,0.8740991967558062,4,正常,正常,其他异常
3,0,0,1,0.8792213583737039,4,正常,正常,其他异常
3,0,0,1,0.8293430843324222,4,正常,正常,其他异常
3,0,0,1,0.8286105793049036,4,正常,正常,其他异常
3,0,0,1,0.805685706962979,4,正常,正常,其他异常
3,0,0,1,0.8209559876762037,4,正常,正常,其他异常
3,0,0,1,0.8015206771244668,4,正常,正常,其他异常
3,0,0,1,0.8139458792651225,4,正常,正常,其他异常
3,0,0,1,0.8277130457938291,4,正常,正常,其他异常
3,0,0,1,0.7089695201146536,4,正常,正常,其他异常
3,0,0,1,0.7376927254960843,4,正常,正常,其他异常
3,0,0,1,0.7141919411098032,4,正常,正常,其他异常
3,0,0,1,0.800475139705928,4,正常,正常,其他异常
3,0,0,1,0.7511259856879442,4,正常,正常,其他异常
3,0,0,1,0.6857964811747781,4,正常,正常,其他异常
3,0,0,1,0.7394581115988026,4,正常,正常,其他异常
3,0,0,1,0.8089886918591508,4,正常,正常,其他异常
3,0,0,1,0.6557385696445645,4,正常,正常,其他异常
3,0,0,1,0.7659315141869273,4,正常,正常,其他异常
3,0,0,1,0.7783280475885777,4,正常,正常,其他异常
3,0,0,1,0.7598261947974218,4,正常,正常,其他异常
3,0,0,1,0.6638735653593099,4,正常,正常,其他异常
3,0,0,1,0.7305944396605462,4,正常,正常,其他异常
3,0,0,1,0.749905413782354,4,正常,正常,其他异常
3,0,0,1,0.7069353208512789,4,正常,正常,其他异常
3,0,0,1,0.669073504847605,4,正常,正常,其他异常
3,0,0,1,0.6799313565755891,4,正常,正常,其他异常
3,0,0,1,0.6182700725176223,4,正常,正常,其他异常
3,0,0,1,0.6710575446617429,4,正常,正常,其他异常
3,0,0,1,0.6233903581889211,4,正常,正常,其他异常
3,0,0,1,0.6573941998451832,4,正常,正常,其他异常
3,0,0,1,0.5938055392225088,4,正常,正常,其他异常
3,0,0,1,0.5746315192902428,4,正常,正常,其他异常
3,0,0,1,0.629508973916536,4,正常,正常,其他异常
3,0,0,1,0.5124870121426464,4,正常,正常,其他异常
3,0,0,0,0.4556250791865499,0,正常,正常,正常
3,0,0,0,0.3214031186178043,0,正常,正常,正常
3,0,0,0,0.0193437758018129,0,正常,正常,正常
3,0,0,0,0.03795253481211929,0,正常,正常,正常
3,0,0,0,0.018973585101534185,0,正常,正常,正常
3,0,0,0,0.010966951827171785,0,正常,正常,正常
3,0,0,0,0.015917400392479335,0,正常,正常,正常
3,0,0,0,0.01509969329328798,0,正常,正常,正常
3,0,0,0,0.02180487975010515,0,正常,正常,正常
3,0,0,0,0.01223449401229525,0,正常,正常,正常
3,0,0,0,0.024509048064998696,0,正常,正常,正常
3,0,0,0,0.024554767729110877,0,正常,正常,正常
3,0,0,0,0.03406090203600976,0,正常,正常,正常
3,0,0,0,0.0596854989218901,0,正常,正常,正常
3,0,0,0,0.23266039355796767,0,正常,正常,正常
3,0,0,0,0.12207784578664425,0,正常,正常,正常
3,0,0,0,0.2587686895619522,0,正常,正常,正常
3,0,0,1,0.8865655265587528,4,正常,正常,其他异常
3,0,0,1,0.9343117823389718,4,正常,正常,其他异常
3,0,0,1,0.9543163412178155,4,正常,正常,其他异常
3,0,0,1,0.9584315005749584,4,正常,正常,其他异常
3,0,0,1,0.9815689355666518,4,正常,正常,其他异常
3,0,0,1,0.9783083999576039,4,正常,正常,其他异常
3,0,0,1,0.9763550352635783,4,正常,正常,其他异常
3,0,0,1,0.9783776817270551,4,正常,正常,其他异常
3,0,0,1,0.9735021171486725,4,正常,正常,其他异常
3,0,0,1,0.9764211261481767,4,正常,正常,其他异常
3,0,0,1,0.9162123752792406,4,正常,正常,其他异常
3,0,0,1,0.808266821070244,4,正常,正常,其他异常
3,0,0,1,0.6764347381933996,4,正常,正常,其他异常
3,0,0,0,0.4235376583431858,0,正常,正常,正常
3,0,0,0,0.3041878685675199,0,正常,正常,正常
3,0,0,1,0.6448541439660358,4,正常,正常,其他异常
3,0,0,1,0.8732774392766824,4,正常,正常,其他异常
3,0,0,1,0.8665401139300133,3,正常,正常,缝内暂堵
3,0,0,1,0.901607990191523,3,正常,正常,缝内暂堵
3,0,0,0,0.3874792340290986,0,正常,正常,正常
3,0,0,0,0.35273038425860437,0,正常,正常,正常
3,0,0,0,0.36272746395361016,0,正常,正常,正常
3,0,0,0,0.12457995439488755,0,正常,正常,正常
3,0,0,0,0.15796291719829658,0,正常,正常,正常
3,0,0,0,0.10983168422467775,0,正常,正常,正常
3,0,0,0,0.0474425626262706,0,正常,正常,正常
3,0,0,0,0.018074893888341517,0,正常,正常,正常
3,0,0,0,0.006840041185577574,0,正常,正常,正常
3,0,0,0,0.006842441017817758,0,正常,正常,正常
3,0,0,0,0.002906968142408154,0,正常,正常,正常
3,0,0,0,0.0030210809378349154,0,正常,正常,正常
3,0,0,0,0.0021879801189226486,0,正常,正常,正常
3,0,0,0,0.0015731759715265645,0,正常,正常,正常
3,0,0,0,0.000908170303924834,0,正常,正常,正常
3,0,0,0,0.0004374598060255808,0,正常,正常,正常
3,0,0,0,0.000328585489135787,0,正常,正常,正常
3,0,0,0,0.0015872488793076168,0,正常,正常,正常
3,0,0,0,0.002087220225824128,0,正常,正常,正常
3,0,0,0,0.004089525282840175,0,正常,正常,正常
3,0,0,0,0.0027148003138274747,0,正常,正常,正常
3,0,0,0,0.0032058518081529105,0,正常,正常,正常
3,0,0,0,0.004086464517857633,0,正常,正常,正常
3,0,0,0,0.0018301459585611751,0,正常,正常,正常
3,0,0,0,0.0026209437762275247,0,正常,正常,正常
3,0,0,0,0.003599880055258168,0,正常,正常,正常
3,0,0,0,0.004213863760420257,0,正常,正常,正常
3,0,0,0,0.004383058485653253,0,正常,正常,正常
3,0,0,0,0.009856495416345253,0,正常,正常,正常
3,0,0,0,0.011311561371393945,0,正常,正常,正常
3,0,0,0,0.0068717092128306205,0,正常,正常,正常
3,0,0,0,0.008447336749293792,0,正常,正常,正常
3,0,0,0,0.01140156611193778,0,正常,正常,正常
3,0,0,0,0.023943040519977952,0,正常,正常,正常
3,0,0,0,0.03487427701532888,0,正常,正常,正常
3,0,0,0,0.03327047726556808,0,正常,正常,正常
3,0,0,0,0.05621061676593819,0,正常,正常,正常
3,0,0,0,0.04725701026001269,0,正常,正常,正常
3,0,0,0,0.1638758848383482,0,正常,正常,正常
3,0,0,0,0.13125612645467508,0,正常,正常,正常
3,0,0,0,0.13985035006454113,0,正常,正常,正常
3,0,0,0,0.10573117827317355,0,正常,正常,正常
3,0,0,0,0.11860625435318864,0,正常,正常,正常
3,0,0,0,0.2839097879719318,0,正常,正常,正常
3,0,0,0,0.18691985271793277,0,正常,正常,正常
3,0,0,1,0.6978347696520423,3,正常,正常,缝内暂堵
3,0,0,1,0.5952893702631887,3,正常,正常,缝内暂堵
3,0,0,1,0.5923259085334823,3,正常,正常,缝内暂堵
3,0,0,1,0.8881132973185233,3,正常,正常,缝内暂堵
3,0,0,1,0.9897959388978032,3,正常,正常,缝内暂堵
3,0,0,1,0.9907866927276475,3,正常,正常,缝内暂堵
3,0,0,1,0.996393462532499,3,正常,正常,缝内暂堵
6,3,1,1,0.9976543686230589,3,缝内暂堵,缝内暂堵,缝内暂堵
6,3,1,1,0.9974785089001736,3,缝内暂堵,缝内暂堵,缝内暂堵
6,3,1,1,0.9971080425018456,3,缝内暂堵,缝内暂堵,缝内暂堵
6,3,1,1,0.9965126062902809,3,缝内暂堵,缝内暂堵,缝内暂堵
6,3,1,1,0.9959017570019933,3,缝内暂堵,缝内暂堵,缝内暂堵
6,3,1,1,0.9953329218938685,3,缝内暂堵,缝内暂堵,缝内暂堵
6,3,1,1,0.9952215304095055,3,缝内暂堵,缝内暂堵,缝内暂堵
6,3,1,1,0.9956788559264825,3,缝内暂堵,缝内暂堵,缝内暂堵
6,3,1,1,0.9963073137942016,3,缝内暂堵,缝内暂堵,缝内暂堵
6,3,1,1,0.9979595371932164,3,缝内暂堵,缝内暂堵,缝内暂堵
6,3,1,1,0.9996200988957098,3,缝内暂堵,缝内暂堵,缝内暂堵
6,3,1,1,0.9998478394068683,3,缝内暂堵,缝内暂堵,缝内暂堵
6,3,1,1,0.999804460218431,3,缝内暂堵,缝内暂堵,缝内暂堵
6,3,1,1,0.9999697056124927,3,缝内暂堵,缝内暂堵,缝内暂堵
6,3,1,1,0.9999800117201794,3,缝内暂堵,缝内暂堵,缝内暂堵
6,3,1,1,0.9999800963553732,3,缝内暂堵,缝内暂堵,缝内暂堵
6,3,1,1,0.9999668817518096,3,缝内暂堵,缝内暂堵,缝内暂堵
6,3,1,1,0.9999705028738856,3,缝内暂堵,缝内暂堵,缝内暂堵
6,3,1,1,0.9999608398904868,3,缝内暂堵,缝内暂堵,缝内暂堵
6,3,1,1,0.9997553511114559,3,缝内暂堵,缝内暂堵,缝内暂堵
6,3,1,1,0.9987971651070935,3,缝内暂堵,缝内暂堵,缝内暂堵
6,3,1,1,0.9989920012498454,3,缝内暂堵,缝内暂堵,缝内暂堵
6,3,1,1,0.9970912777945,3,缝内暂堵,缝内暂堵,缝内暂堵
6,3,1,1,0.9925149474434356,3,缝内暂堵,缝内暂堵,缝内暂堵
6,3,1,1,0.9800099839359315,3,缝内暂堵,缝内暂堵,缝内暂堵
6,3,1,1,0.9797703067916426,3,缝内暂堵,缝内暂堵,缝内暂堵
3,0,0,1,0.9718269720031898,3,正常,正常,缝内暂堵
3,0,0,1,0.972710353438092,3,正常,正常,缝内暂堵
3,0,0,1,0.9765242168495073,3,正常,正常,缝内暂堵
3,0,0,1,0.9800303761843567,3,正常,正常,缝内暂堵
3,0,0,1,0.9838028254678808,3,正常,正常,缝内暂堵
3,0,0,1,0.9774157421535846,3,正常,正常,缝内暂堵
3,0,0,1,0.9799245125364238,3,正常,正常,缝内暂堵
3,0,0,1,0.911763199480077,3,正常,正常,缝内暂堵
3,0,0,1,0.879056356783295,3,正常,正常,缝内暂堵
3,0,0,1,0.5985127241097826,3,正常,正常,缝内暂堵
3,0,0,0,0.32634476006613955,0,正常,正常,正常
3,0,0,0,0.37044560961215023,0,正常,正常,正常
3,0,0,0,0.3816061355220411,0,正常,正常,正常
3,0,0,0,0.17552186854928092,0,正常,正常,正常
3,0,0,0,0.1332782843447866,0,正常,正常,正常
3,0,0,0,0.02657716546854341,0,正常,正常,正常
3,0,0,0,0.00813401021905751,0,正常,正常,正常
3,0,0,0,0.0036227006615815105,0,正常,正常,正常
3,0,0,0,0.0035367181549182175,0,正常,正常,正常
3,0,0,0,0.00322381886653631,0,正常,正常,正常
3,0,0,0,0.0018692305603913624,0,正常,正常,正常
3,0,0,0,0.002430887267843356,0,正常,正常,正常
3,0,0,0,0.0020010519870251346,0,正常,正常,正常
3,0,0,0,0.002006543962265165,0,正常,正常,正常
3,0,0,0,0.00366654664444643,0,正常,正常,正常
3,0,0,0,0.003642446113541672,0,正常,正常,正常
3,0,0,0,0.001677659659910169,0,正常,正常,正常
3,0,0,0,0.0009083442943543953,0,正常,正常,正常
3,0,0,0,0.0010928738921658716,0,正常,正常,正常
3,0,0,0,0.0008423717363585327,0,正常,正常,正常
3,0,0,0,0.0009298257820656923,0,正常,正常,正常
3,0,0,0,0.0009473907204410743,0,正常,正常,正常
3,0,0,0,0.0009440516843829779,0,正常,正常,正常
3,0,0,0,0.0011319089366753025,0,正常,正常,正常
3,0,0,0,0.0020811347148321983,0,正常,正常,正常
3,0,0,0,0.0018459667144555606,0,正常,正常,正常
3,0,0,0,0.0014394969186593467,0,正常,正常,正常
3,0,0,0,0.0017853956585986426,0,正常,正常,正常
3,0,0,0,0.0026820466148302522,0,正常,正常,正常
3,0,0,0,0.00095944013537445,0,正常,正常,正常
3,0,0,0,0.002062959068330642,0,正常,正常,正常
3,0,0,0,0.00047420518625233165,0,正常,正常,正常
3,0,0,0,0.0004846123733257629,0,正常,正常,正常
3,0,0,0,0.0006503451805408904,0,正常,正常,正常
3,0,0,0,0.0005604734838131827,0,正常,正常,正常
3,0,0,0,0.0009604053694678194,0,正常,正常,正常
3,0,0,0,0.0014243598112671518,0,正常,正常,正常
3,0,0,0,0.0009523250499538469,0,正常,正常,正常
3,0,0,0,0.0012718982441713989,0,正常,正常,正常
3,0,0,0,0.001704001611017844,0,正常,正常,正常
3,0,0,0,0.005345904768541334,0,正常,正常,正常
3,0,0,0,0.004875934480788025,0,正常,正常,正常
3,0,0,0,0.00882977428432285,0,正常,正常,正常
3,0,0,0,0.05215713437361785,0,正常,正常,正常
3,0,0,0,0.07742785705046273,0,正常,正常,正常
3,0,0,0,0.09833283862040298,0,正常,正常,正常
3,0,0,0,0.3123233425787191,0,正常,正常,正常
3,0,0,1,0.6825049552914779,2,正常,正常,缝口暂堵
3,0,0,1,0.7672996809990035,2,正常,正常,缝口暂堵
3,0,0,1,0.5739146881954168,2,正常,正常,缝口暂堵
3,0,0,1,0.6544989475194181,2,正常,正常,缝口暂堵
3,0,0,1,0.7566440294768038,2,正常,正常,缝口暂堵
3,0,0,1,0.6520689997169785,2,正常,正常,缝口暂堵
3,0,0,0,0.4622195177759585,0,正常,正常,正常
3,0,0,0,0.42856069241202704,0,正常,正常,正常
3,0,0,1,0.566580163541707,2,正常,正常,缝口暂堵
3,0,0,1,0.6323429422125857,2,正常,正常,缝口暂堵
3,0,0,1,0.8141868339709339,2,正常,正常,缝口暂堵
3,0,0,1,0.7150014007498112,2,正常,正常,缝口暂堵
3,0,0,1,0.7177842149961671,2,正常,正常,缝口暂堵
3,0,0,1,0.7221932059572262,2,正常,正常,缝口暂堵
3,0,0,0,0.24290540336210406,0,正常,正常,正常
3,0,0,0,0.020919289479090667,0,正常,正常,正常
3,0,0,0,0.04410380766899164,0,正常,正常,正常
3,0,0,0,0.020838340374554037,0,正常,正常,正常
3,0,0,0,0.011229923316328529,0,正常,正常,正常
3,0,0,0,0.03808228692169087,0,正常,正常,正常
3,0,0,0,0.06860206596627832,0,正常,正常,正常
3,0,0,0,0.06353677379418614,0,正常,正常,正常
3,0,0,0,0.09012535024196407,0,正常,正常,正常
3,0,0,0,0.08177948003605516,0,正常,正常,正常
3,0,0,0,0.12108660408553905,0,正常,正常,正常
3,0,0,0,0.24457654983948138,0,正常,正常,正常
3,0,0,0,0.2817501623359926,0,正常,正常,正常
3,0,0,0,0.2225818258470097,0,正常,正常,正常
3,0,0,0,0.15215630416372186,0,正常,正常,正常
3,0,0,0,0.22143047368868507,0,正常,正常,正常
3,0,0,0,0.24692373758150563,0,正常,正常,正常
3,0,0,0,0.039015640551249835,0,正常,正常,正常
3,0,0,0,0.00524205242873933,0,正常,正常,正常
3,0,0,0,0.008168595864685355,0,正常,正常,正常
3,0,0,0,0.0039503317267506905,0,正常,正常,正常
3,0,0,0,0.004926474847450469,0,正常,正常,正常
3,0,0,0,0.0034538431962234683,0,正常,正常,正常
3,0,0,0,0.0027633387678879643,0,正常,正常,正常
3,0,0,0,0.0024663739990996763,0,正常,正常,正常
3,0,0,0,0.0035743136283715644,0,正常,正常,正常
3,0,0,0,0.005805849110740111,0,正常,正常,正常
3,0,0,0,0.005681443242027229,0,正常,正常,正常
3,0,0,0,0.0009901366538025164,0,正常,正常,正常
3,0,0,0,0.0011771654301135103,0,正常,正常,正常
3,0,0,0,0.002276604097204114,0,正常,正常,正常
3,0,0,0,0.003685633840703062,0,正常,正常,正常
3,0,0,0,0.0039560122281023305,0,正常,正常,正常
3,0,0,0,0.006627540477202986,0,正常,正常,正常
3,0,0,0,0.004359395576143186,0,正常,正常,正常
3,0,0,0,0.004030112909462363,0,正常,正常,正常
3,0,0,0,0.0019194098845381252,0,正常,正常,正常
3,0,0,0,0.0018994595639207986,0,正常,正常,正常
3,0,0,0,0.0022426013435129797,0,正常,正常,正常
3,0,0,0,0.002200610339707086,0,正常,正常,正常
3,0,0,0,0.005945801685097132,0,正常,正常,正常
3,0,0,0,0.0030434409855335577,0,正常,正常,正常
3,0,0,0,0.0035757558994249246,0,正常,正常,正常
3,0,0,0,0.002586855935349289,0,正常,正常,正常
3,0,0,0,0.01873129882837115,0,正常,正常,正常
3,0,0,0,0.011859303961365648,0,正常,正常,正常
3,0,0,0,0.015594061799898803,0,正常,正常,正常
3,0,0,0,0.1507888903323447,0,正常,正常,正常
3,0,0,0,0.12404361308484725,0,正常,正常,正常
3,0,0,0,0.14247086117742475,0,正常,正常,正常
3,0,0,0,0.17827790594693246,0,正常,正常,正常
3,0,0,0,0.1393296186313116,0,正常,正常,正常
3,0,0,0,0.10365862529734995,0,正常,正常,正常
3,0,0,0,0.11696189131707861,0,正常,正常,正常
3,0,0,0,0.1187779973358481,0,正常,正常,正常
3,0,0,0,0.13553791850432198,0,正常,正常,正常
3,0,0,0,0.073278324920844,0,正常,正常,正常
3,0,0,0,0.1014745082179568,0,正常,正常,正常
3,0,0,0,0.4290670305519993,0,正常,正常,正常
3,0,0,0,0.3751146852347913,0,正常,正常,正常
3,0,0,1,0.5376447956690337,2,正常,正常,缝口暂堵
3,0,0,1,0.778257874964885,2,正常,正常,缝口暂堵
3,0,0,1,0.8660615950287617,2,正常,正常,缝口暂堵
3,0,0,1,0.8653652167003583,2,正常,正常,缝口暂堵
3,0,0,1,0.9777055119721205,2,正常,正常,缝口暂堵
3,0,0,1,0.9886747470527226,2,正常,正常,缝口暂堵
3,0,0,1,0.9914577308633483,2,正常,正常,缝口暂堵
3,0,0,1,0.9925898854813567,2,正常,正常,缝口暂堵
3,0,0,1,0.993522807721952,2,正常,正常,缝口暂堵
3,0,0,1,0.9909218341194174,2,正常,正常,缝口暂堵
3,0,0,1,0.9887735880497429,2,正常,正常,缝口暂堵
3,0,0,1,0.9915060556427091,2,正常,正常,缝口暂堵
3,0,0,1,0.9963943912379497,2,正常,正常,缝口暂堵
7,2,1,1,0.9934781203136436,2,缝口暂堵,缝口暂堵,缝口暂堵
7,2,1,1,0.9908887895736213,2,缝口暂堵,缝口暂堵,缝口暂堵
7,2,1,1,0.9945303137033761,2,缝口暂堵,缝口暂堵,缝口暂堵
7,2,1,1,0.9963962909875482,2,缝口暂堵,缝口暂堵,缝口暂堵
7,2,1,1,0.9970393794183847,2,缝口暂堵,缝口暂堵,缝口暂堵
7,2,1,1,0.9969662611001111,2,缝口暂堵,缝口暂堵,缝口暂堵
7,2,1,1,0.99456278807087,2,缝口暂堵,缝口暂堵,缝口暂堵
7,2,1,1,0.9984140403051021,2,缝口暂堵,缝口暂堵,缝口暂堵
7,2,1,1,0.9992587417584946,2,缝口暂堵,缝口暂堵,缝口暂堵
7,2,1,1,0.9992895121258017,2,缝口暂堵,缝口暂堵,缝口暂堵
7,2,1,1,0.999458342176349,2,缝口暂堵,缝口暂堵,缝口暂堵
7,2,1,1,0.9994555192391699,2,缝口暂堵,缝口暂堵,缝口暂堵
7,2,1,1,0.9994555192391699,2,缝口暂堵,缝口暂堵,缝口暂堵
7,2,1,1,0.9994606244760973,2,缝口暂堵,缝口暂堵,缝口暂堵
7,2,1,1,0.9998618458193997,2,缝口暂堵,缝口暂堵,缝口暂堵
7,2,1,1,0.9999345641000884,2,缝口暂堵,缝口暂堵,缝口暂堵
7,2,1,1,0.9999623707568995,2,缝口暂堵,缝口暂堵,缝口暂堵
7,2,1,1,0.9999828014943423,2,缝口暂堵,缝口暂堵,缝口暂堵
7,2,1,1,0.9999821085033923,2,缝口暂堵,缝口暂堵,缝口暂堵
7,2,1,1,0.9999847671680412,2,缝口暂堵,缝口暂堵,缝口暂堵
7,2,1,1,0.9999850137797452,2,缝口暂堵,缝口暂堵,缝口暂堵
7,2,1,1,0.9999816047125893,2,缝口暂堵,缝口暂堵,缝口暂堵
7,2,1,1,0.9999433341457676,2,缝口暂堵,缝口暂堵,缝口暂堵
7,2,1,1,0.99959365084755,2,缝口暂堵,缝口暂堵,缝口暂堵
7,2,1,1,0.9945487560703326,2,缝口暂堵,缝口暂堵,缝口暂堵
7,2,1,1,0.9943511795282213,2,缝口暂堵,缝口暂堵,缝口暂堵
7,2,1,1,0.944177069398905,2,缝口暂堵,缝口暂堵,缝口暂堵
7,2,1,1,0.8794706131546177,2,缝口暂堵,缝口暂堵,缝口暂堵
7,2,1,1,0.7551251116976994,2,缝口暂堵,缝口暂堵,缝口暂堵
3,0,0,0,0.40714984343037297,0,正常,正常,正常
3,0,0,0,0.24637996804142123,0,正常,正常,正常
3,0,0,0,0.17987155821285636,0,正常,正常,正常
3,0,0,1,0.9448944578231491,3,正常,正常,缝内暂堵
3,0,0,1,0.5727478523073106,3,正常,正常,缝内暂堵
3,0,0,0,0.3613843731567143,0,正常,正常,正常
3,0,0,0,0.43144743855568174,0,正常,正常,正常
3,0,0,0,0.19468755910179866,0,正常,正常,正常
3,0,0,0,0.1533190860551879,0,正常,正常,正常
3,0,0,0,0.0990947993629914,0,正常,正常,正常
3,0,0,0,0.05503168388452312,0,正常,正常,正常
3,0,0,0,0.029809456423182154,0,正常,正常,正常
3,0,0,0,0.04725798246985616,0,正常,正常,正常
3,0,0,0,0.032381591981508084,0,正常,正常,正常
3,0,0,0,0.022517056059076127,0,正常,正常,正常
3,0,0,0,0.02529623218559087,0,正常,正常,正常
3,0,0,0,0.024103278284460922,0,正常,正常,正常
3,0,0,0,0.019077704152843898,0,正常,正常,正常
3,0,0,0,0.031092610428561693,0,正常,正常,正常
3,0,0,0,0.022359362068713085,0,正常,正常,正常
3,0,0,0,0.020140896411463712,0,正常,正常,正常
3,0,0,0,0.013987803439918733,0,正常,正常,正常
3,0,0,0,0.009006091868381715,0,正常,正常,正常
3,0,0,0,0.011271551938529297,0,正常,正常,正常
3,0,0,0,0.012731242340538742,0,正常,正常,正常
3,0,0,0,0.009200294045174468,0,正常,正常,正常
3,0,0,0,0.014517639840115731,0,正常,正常,正常
3,0,0,0,0.014496086705339518,0,正常,正常,正常
3,0,0,0,0.024024723880240628,0,正常,正常,正常
3,0,0,0,0.0361933190057275,0,正常,正常,正常
3,0,0,0,0.027098338949880604,0,正常,正常,正常
3,0,0,0,0.016345905251340814,0,正常,正常,正常
3,0,0,0,0.010978744486228134,0,正常,正常,正常
3,0,0,0,0.011643546302778062,0,正常,正常,正常
3,0,0,0,0.007079082376139967,0,正常,正常,正常
3,0,0,0,0.00741939843223552,0,正常,正常,正常
3,0,0,0,0.008086355778020757,0,正常,正常,正常
3,0,0,0,0.012149182228654956,0,正常,正常,正常
3,0,0,0,0.012122408305187668,0,正常,正常,正常
3,0,0,0,0.012128361702276444,0,正常,正常,正常
3,0,0,0,0.01218513192216745,0,正常,正常,正常
3,0,0,0,0.013328094957706475,0,正常,正常,正常
3,0,0,0,0.018044348140931716,0,正常,正常,正常
3,0,0,0,0.01188030512447024,0,正常,正常,正常
3,0,0,0,0.011294781324754793,0,正常,正常,正常
3,0,0,0,0.02741310726689781,0,正常,正常,正常
3,0,0,0,0.01751536302467051,0,正常,正常,正常
3,0,0,0,0.039853517738445726,0,正常,正常,正常
3,0,0,0,0.2882039512325257,0,正常,正常,正常
3,0,0,0,0.49311486511864633,0,正常,正常,正常
3,0,0,0,0.37506317373653647,0,正常,正常,正常
3,0,0,0,0.028077114722343564,0,正常,正常,正常
3,0,0,0,0.014947930816379391,0,正常,正常,正常
3,0,0,0,0.011053192230912808,0,正常,正常,正常
3,0,0,0,0.01489086263113567,0,正常,正常,正常
3,0,0,0,0.02661376418755473,0,正常,正常,正常
3,0,0,0,0.050031100285099064,0,正常,正常,正常
6,3,1,0,0.060245617439344756,0,缝内暂堵,缝内暂堵,正常
6,3,1,0,0.03411502220077072,0,缝内暂堵,缝内暂堵,正常
6,3,1,0,0.03675230515424384,0,缝内暂堵,缝内暂堵,正常
6,3,1,0,0.04948203254793557,0,缝内暂堵,缝内暂堵,正常
6,3,1,0,0.2886468478481096,0,缝内暂堵,缝内暂堵,正常
6,3,1,1,0.9562889350654016,3,缝内暂堵,缝内暂堵,缝内暂堵
6,3,1,1,0.9592795753114108,3,缝内暂堵,缝内暂堵,缝内暂堵
6,3,1,1,0.9505462348346819,3,缝内暂堵,缝内暂堵,缝内暂堵
6,3,1,1,0.9925381234336452,3,缝内暂堵,缝内暂堵,缝内暂堵
6,3,1,1,0.9877556021259379,3,缝内暂堵,缝内暂堵,缝内暂堵
6,3,1,1,0.9871611050761605,3,缝内暂堵,缝内暂堵,缝内暂堵
6,3,1,1,0.9922613763585897,3,缝内暂堵,缝内暂堵,缝内暂堵
6,3,1,1,0.992828362251385,3,缝内暂堵,缝内暂堵,缝内暂堵
6,3,1,1,0.9944067451702966,3,缝内暂堵,缝内暂堵,缝内暂堵
6,3,1,1,0.9936984191821457,3,缝内暂堵,缝内暂堵,缝内暂堵
6,3,1,1,0.9987172494061035,3,缝内暂堵,缝内暂堵,缝内暂堵
6,3,1,1,0.9994879840319805,3,缝内暂堵,缝内暂堵,缝内暂堵
6,3,1,1,0.9996312052329746,3,缝内暂堵,缝内暂堵,缝内暂堵
6,3,1,1,0.9999419178513365,3,缝内暂堵,缝内暂堵,缝内暂堵
6,3,1,1,0.9999571896072194,3,缝内暂堵,缝内暂堵,缝内暂堵
6,3,1,1,0.9999559993223113,3,缝内暂堵,缝内暂堵,缝内暂堵
6,3,1,1,0.9999564816521895,3,缝内暂堵,缝内暂堵,缝内暂堵
6,3,1,1,0.9999155756055311,3,缝内暂堵,缝内暂堵,缝内暂堵
6,3,1,1,0.9999364093067898,3,缝内暂堵,缝内暂堵,缝内暂堵
6,3,1,1,0.9995005616775507,3,缝内暂堵,缝内暂堵,缝内暂堵
6,3,1,1,0.9990752645279224,3,缝内暂堵,缝内暂堵,缝内暂堵
6,3,1,1,0.9992435104342835,3,缝内暂堵,缝内暂堵,缝内暂堵
6,3,1,1,0.9919361324698436,3,缝内暂堵,缝内暂堵,缝内暂堵
6,3,1,1,0.9962645628801605,3,缝内暂堵,缝内暂堵,缝内暂堵
6,3,1,1,0.991030739916014,3,缝内暂堵,缝内暂堵,缝内暂堵
3,0,0,1,0.9931396778292667,3,正常,正常,缝内暂堵
3,0,0,1,0.994033613024543,3,正常,正常,缝内暂堵
3,0,0,1,0.9798655926577483,3,正常,正常,缝内暂堵
3,0,0,1,0.9724006673423654,3,正常,正常,缝内暂堵
3,0,0,1,0.9276878464143904,3,正常,正常,缝内暂堵
3,0,0,1,0.807851357807322,3,正常,正常,缝内暂堵
3,0,0,1,0.8714395572967671,3,正常,正常,缝内暂堵
3,0,0,1,0.8158023205217627,3,正常,正常,缝内暂堵
3,0,0,1,0.870598706065112,3,正常,正常,缝内暂堵
3,0,0,1,0.7278554827837286,3,正常,正常,缝内暂堵
3,0,0,0,0.48965966700555136,0,正常,正常,正常
3,0,0,0,0.38512197576161766,0,正常,正常,正常
3,0,0,0,0.22368663817169532,0,正常,正常,正常
3,0,0,0,0.208095270281606,0,正常,正常,正常
3,0,0,0,0.12840527293813012,0,正常,正常,正常
3,0,0,0,0.108526371260712,0,正常,正常,正常
3,0,0,0,0.02278175198627472,0,正常,正常,正常
3,0,0,0,0.02646838472545478,0,正常,正常,正常
3,0,0,0,0.03891530530669668,0,正常,正常,正常
3,0,0,0,0.01489832219211755,0,正常,正常,正常
3,0,0,0,0.033246905952790486,0,正常,正常,正常
3,0,0,0,0.038496469043288746,0,正常,正常,正常
3,0,0,0,0.0451780522815843,0,正常,正常,正常
3,0,0,0,0.04654358494063491,0,正常,正常,正常
3,0,0,0,0.25054164924817474,0,正常,正常,正常
3,0,0,0,0.173318748362354,0,正常,正常,正常
3,0,0,0,0.17541998032441117,0,正常,正常,正常
3,0,0,0,0.19623867727311062,0,正常,正常,正常
3,0,0,0,0.3192891558394273,0,正常,正常,正常
3,0,0,0,0.4812470158054699,0,正常,正常,正常
0,4,1,0,0.49096501358461514,0,主缝延伸,其他异常,正常
0,4,1,1,0.8306283775132327,4,主缝延伸,其他异常,其他异常
0,4,1,1,0.8958392039224884,4,主缝延伸,其他异常,其他异常
0,4,1,1,0.9588550436040679,4,主缝延伸,其他异常,其他异常
0,4,1,1,0.9312485341533182,4,主缝延伸,其他异常,其他异常
0,4,1,1,0.9288361128280751,4,主缝延伸,其他异常,其他异常
0,4,1,1,0.9377328308095256,4,主缝延伸,其他异常,其他异常
0,4,1,1,0.9551870571922547,4,主缝延伸,其他异常,其他异常
0,4,1,1,0.9673699114431088,4,主缝延伸,其他异常,其他异常
0,4,1,1,0.9889340862654908,4,主缝延伸,其他异常,其他异常
0,4,1,1,0.9890126804079701,4,主缝延伸,其他异常,其他异常
0,4,1,1,0.9826786478504406,4,主缝延伸,其他异常,其他异常
0,4,1,1,0.971448532275583,4,主缝延伸,其他异常,其他异常
0,4,1,1,0.95612773628278,4,主缝延伸,其他异常,其他异常
0,4,1,1,0.9692712397517912,4,主缝延伸,其他异常,其他异常
0,4,1,1,0.9559787856494514,4,主缝延伸,其他异常,其他异常
0,4,1,1,0.9828409179082479,4,主缝延伸,其他异常,其他异常
0,4,1,1,0.9880710851899437,4,主缝延伸,其他异常,其他异常
0,4,1,1,0.9916788835537865,4,主缝延伸,其他异常,其他异常
0,4,1,1,0.9847149174243722,4,主缝延伸,其他异常,其他异常
0,4,1,1,0.9905850946871539,4,主缝延伸,其他异常,其他异常
0,4,1,1,0.9939245265420065,4,主缝延伸,其他异常,其他异常
0,4,1,1,0.9944934163246392,4,主缝延伸,其他异常,其他异常
0,4,1,1,0.9937170729188779,4,主缝延伸,其他异常,其他异常
0,4,1,1,0.9950225425261213,4,主缝延伸,其他异常,其他异常
0,4,1,1,0.9954874763858901,4,主缝延伸,其他异常,其他异常
0,4,1,1,0.9946758954943196,4,主缝延伸,其他异常,其他异常
0,4,1,1,0.9951131676252004,4,主缝延伸,其他异常,其他异常
0,4,1,1,0.9932511097666152,4,主缝延伸,其他异常,其他异常
0,4,1,1,0.993607163292252,4,主缝延伸,其他异常,其他异常
0,4,1,1,0.9914896144853241,4,主缝延伸,其他异常,其他异常
0,4,1,1,0.9885078807963043,4,主缝延伸,其他异常,其他异常
0,4,1,1,0.9951023543492803,4,主缝延伸,其他异常,其他异常
0,4,1,1,0.9942236918190496,4,主缝延伸,其他异常,其他异常
0,4,1,1,0.9838591750583895,4,主缝延伸,其他异常,其他异常
0,4,1,1,0.9852235212611699,4,主缝延伸,其他异常,其他异常
0,4,1,1,0.9931496464598737,4,主缝延伸,其他异常,其他异常
0,4,1,1,0.9946226768675871,4,主缝延伸,其他异常,其他异常
0,4,1,1,0.9964318398576463,4,主缝延伸,其他异常,其他异常
0,4,1,1,0.9968338339363488,4,主缝延伸,其他异常,其他异常
0,4,1,1,0.9950086009084169,4,主缝延伸,其他异常,其他异常
0,4,1,1,0.9897218754255013,4,主缝延伸,其他异常,其他异常
0,4,1,1,0.9921526838656881,4,主缝延伸,其他异常,其他异常
0,4,1,1,0.9808210937867693,4,主缝延伸,其他异常,其他异常
0,4,1,1,0.9906744423986847,4,主缝延伸,其他异常,其他异常
0,4,1,1,0.9951459887831238,4,主缝延伸,其他异常,其他异常
0,4,1,1,0.9831089996599667,4,主缝延伸,其他异常,其他异常
0,4,1,1,0.9820563883538421,4,主缝延伸,其他异常,其他异常
0,4,1,1,0.978676362468228,4,主缝延伸,其他异常,其他异常
0,4,1,1,0.9767661751952881,4,主缝延伸,其他异常,其他异常
0,4,1,1,0.9728121325306641,4,主缝延伸,其他异常,其他异常
0,4,1,1,0.9724136558437094,4,主缝延伸,其他异常,其他异常
0,4,1,1,0.9754179381034075,4,主缝延伸,其他异常,其他异常
0,4,1,1,0.9724426988571903,4,主缝延伸,其他异常,其他异常
0,4,1,1,0.9623551155748745,4,主缝延伸,其他异常,其他异常
0,4,1,1,0.9309078512615854,4,主缝延伸,其他异常,其他异常
0,4,1,1,0.9711425534129452,4,主缝延伸,其他异常,其他异常
0,4,1,1,0.972905694320708,4,主缝延伸,其他异常,其他异常
0,4,1,1,0.9707454925959049,4,主缝延伸,其他异常,其他异常
0,4,1,1,0.9797967643875949,4,主缝延伸,其他异常,其他异常
0,4,1,1,0.9920433003570186,4,主缝延伸,其他异常,其他异常
0,4,1,1,0.9923161452810705,4,主缝延伸,其他异常,其他异常
0,4,1,1,0.9956461780586233,4,主缝延伸,其他异常,其他异常
0,4,1,1,0.991150587507521,4,主缝延伸,其他异常,其他异常
0,4,1,1,0.9916754282911683,4,主缝延伸,其他异常,其他异常
0,4,1,1,0.9918379735633547,4,主缝延伸,其他异常,其他异常
0,4,1,1,0.9943832980226,4,主缝延伸,其他异常,其他异常
0,4,1,1,0.9886863480855563,4,主缝延伸,其他异常,其他异常
0,4,1,1,0.9909228260474456,4,主缝延伸,其他异常,其他异常
0,4,1,1,0.9941998180622179,4,主缝延伸,其他异常,其他异常
0,4,1,1,0.9910450461341214,4,主缝延伸,其他异常,其他异常
0,4,1,1,0.9912709611578552,4,主缝延伸,其他异常,其他异常
0,4,1,1,0.9852604861306756,4,主缝延伸,其他异常,其他异常
0,4,1,1,0.9960473232686686,4,主缝延伸,其他异常,其他异常
0,4,1,1,0.9972678710194879,4,主缝延伸,其他异常,其他异常
0,4,1,1,0.9975930892886776,4,主缝延伸,其他异常,其他异常
0,4,1,1,0.9982301150769228,4,主缝延伸,其他异常,其他异常
0,4,1,1,0.9992866065653571,4,主缝延伸,其他异常,其他异常
0,4,1,1,0.9992029627717548,4,主缝延伸,其他异常,其他异常
0,4,1,1,0.9992604596014879,4,主缝延伸,其他异常,其他异常
0,4,1,1,0.9993651658294582,4,主缝延伸,其他异常,其他异常
0,4,1,1,0.9988529362512767,4,主缝延伸,其他异常,其他异常
0,4,1,1,0.998744591247193,4,主缝延伸,其他异常,其他异常
0,4,1,1,0.9991620787486383,4,主缝延伸,其他异常,其他异常
0,4,1,1,0.9991632718062351,4,主缝延伸,其他异常,其他异常
0,4,1,1,0.9995793190926169,4,主缝延伸,其他异常,其他异常
0,4,1,1,0.9989349070269323,4,主缝延伸,其他异常,其他异常
0,4,1,1,0.9993070552136382,4,主缝延伸,其他异常,其他异常
0,4,1,1,0.999457681155512,4,主缝延伸,其他异常,其他异常
0,4,1,1,0.9994415670742123,4,主缝延伸,其他异常,其他异常
0,4,1,1,0.9990356111088232,4,主缝延伸,其他异常,其他异常
0,4,1,1,0.9989670983160334,4,主缝延伸,其他异常,其他异常
0,4,1,1,0.9988556935220183,4,主缝延伸,其他异常,其他异常
0,4,1,1,0.9992105300232319,4,主缝延伸,其他异常,其他异常
0,4,1,1,0.9991967310542742,4,主缝延伸,其他异常,其他异常
0,4,1,1,0.9981692803441358,4,主缝延伸,其他异常,其他异常
0,4,1,1,0.998320332100407,4,主缝延伸,其他异常,其他异常
0,4,1,1,0.9976665402307638,4,主缝延伸,其他异常,其他异常
0,4,1,1,0.9968941971940747,4,主缝延伸,其他异常,其他异常
0,4,1,1,0.9969260002829192,4,主缝延伸,其他异常,其他异常
0,4,1,1,0.9972653648727764,4,主缝延伸,其他异常,其他异常
3,0,0,1,0.9993296094072638,4,正常,正常,其他异常
3,0,0,1,0.9985234975786714,4,正常,正常,其他异常
3,0,0,1,0.9981899584823098,4,正常,正常,其他异常
3,0,0,1,0.9946885101423852,4,正常,正常,其他异常
3,0,0,1,0.9964751887511965,4,正常,正常,其他异常
3,0,0,1,0.9953454872040362,4,正常,正常,其他异常
3,0,0,1,0.9883370146952697,4,正常,正常,其他异常
3,0,0,1,0.6171913649044013,4,正常,正常,其他异常
3,0,0,0,0.4927908362889814,0,正常,正常,正常
3,0,0,1,0.6039877742563011,4,正常,正常,其他异常
3,0,0,0,0.35345383948553744,0,正常,正常,正常
3,0,0,0,0.2303503772966586,0,正常,正常,正常
3,0,0,0,0.09452707293562919,0,正常,正常,正常
3,0,0,0,0.09196385172957687,0,正常,正常,正常
3,0,0,0,0.06094362790360932,0,正常,正常,正常
3,0,0,0,0.1039926438016973,0,正常,正常,正常
3,0,0,0,0.3004530992725716,0,正常,正常,正常
3,0,0,0,0.1774900099861922,0,正常,正常,正常
3,0,0,0,0.08714166615743374,0,正常,正常,正常
3,0,0,0,0.24973662948396227,0,正常,正常,正常
3,0,0,0,0.18214410610154538,0,正常,正常,正常
3,0,0,0,0.16686361468154964,0,正常,正常,正常
3,0,0,0,0.08350560402466835,0,正常,正常,正常
3,0,0,0,0.16427707131573982,0,正常,正常,正常
3,0,0,0,0.052100082083381974,0,正常,正常,正常
3,0,0,0,0.0541588797124574,0,正常,正常,正常
3,0,0,0,0.0438027958482593,0,正常,正常,正常
3,0,0,0,0.023761195575584065,0,正常,正常,正常
3,0,0,0,0.007012907928229813,0,正常,正常,正常
3,0,0,0,0.0013296467460641847,0,正常,正常,正常
3,0,0,0,0.002387821263937926,0,正常,正常,正常
3,0,0,0,0.003781919560649931,0,正常,正常,正常
3,0,0,0,0.005888526146395303,0,正常,正常,正常
3,0,0,0,0.0056830287756316,0,正常,正常,正常
3,0,0,0,0.0007883885580818827,0,正常,正常,正常
3,0,0,0,0.0007003531852796618,0,正常,正常,正常
3,0,0,0,0.0006738270606476211,0,正常,正常,正常
3,0,0,0,0.000411780975976226,0,正常,正常,正常
3,0,0,0,0.00037314989835543006,0,正常,正常,正常
3,0,0,0,0.00038088755435992884,0,正常,正常,正常
3,0,0,0,0.0003791009601998263,0,正常,正常,正常
3,0,0,0,0.00038306590513257336,0,正常,正常,正常
3,0,0,0,0.0003791009601998263,0,正常,正常,正常
3,0,0,0,0.00042878651991525767,0,正常,正常,正常
3,0,0,0,0.0004060370411357878,0,正常,正常,正常
3,0,0,0,0.0005029555155994058,0,正常,正常,正常
3,0,0,0,0.0004852818613861355,0,正常,正常,正常
3,0,0,0,0.0004672362905241571,0,正常,正常,正常
3,0,0,0,0.000522736364132057,0,正常,正常,正常
3,0,0,0,0.000522736364132057,0,正常,正常,正常
3,0,0,0,0.0005085619656143803,0,正常,正常,正常
3,0,0,0,0.0005282027706746817,0,正常,正常,正常
3,0,0,0,0.0004776620986400799,0,正常,正常,正常
3,0,0,0,0.0004727184935780253,0,正常,正常,正常
3,0,0,0,0.0004727184935780253,0,正常,正常,正常
3,0,0,0,0.00045513988825872175,0,正常,正常,正常
3,0,0,0,0.0004598997440102303,0,正常,正常,正常
3,0,0,0,0.0004673420315128227,0,正常,正常,正常
3,0,0,0,0.0004776620986400799,0,正常,正常,正常
3,0,0,0,0.0004776620986400799,0,正常,正常,正常
3,0,0,0,0.00026388072836704146,0,正常,正常,正常
3,0,0,0,0.00026388072836704146,0,正常,正常,正常
3,0,0,0,0.00026114909394233385,0,正常,正常,正常
3,0,0,0,0.00026114909394233385,0,正常,正常,正常
3,0,0,0,0.0002540660323579904,0,正常,正常,正常
3,0,0,0,0.000258178294129351,0,正常,正常,正常
3,0,0,0,0.00026388072836704146,0,正常,正常,正常
3,0,0,0,0.00023092991043354336,0,正常,正常,正常
3,0,0,0,0.00024344373544129216,0,正常,正常,正常
3,0,0,0,0.00024344373544129216,0,正常,正常,正常
3,0,0,0,0.00024738410939186386,0,正常,正常,正常
3,0,0,0,0.00025584025057948193,0,正常,正常,正常
3,0,0,0,0.00024344373544129216,0,正常,正常,正常
3,0,0,0,0.00024344373544129216,0,正常,正常,正常
3,0,0,0,0.00024344373544129216,0,正常,正常,正常
3,0,0,0,0.00024344373544129216,0,正常,正常,正常
3,0,0,0,0.00024344373544129216,0,正常,正常,正常
3,0,0,0,0.00024738410939186386,0,正常,正常,正常
3,0,0,0,0.0002565023947857121,0,正常,正常,正常
3,0,0,0,0.00024344373544129216,0,正常,正常,正常
3,0,0,0,0.00024738410939186386,0,正常,正常,正常
3,0,0,0,0.00024344373544129216,0,正常,正常,正常
3,0,0,0,0.00024738410939186386,0,正常,正常,正常
3,0,0,0,0.0002517652197685449,0,正常,正常,正常
3,0,0,0,0.0002409236092245268,0,正常,正常,正常
3,0,0,0,0.00022358890405860504,0,正常,正常,正常
3,0,0,0,0.00024738410939186386,0,正常,正常,正常
3,0,0,0,0.00026065408074862337,0,正常,正常,正常
3,0,0,0,0.00024344373544129216,0,正常,正常,正常
3,0,0,0,0.00024738410939186386,0,正常,正常,正常
3,0,0,0,0.00024344373544129216,0,正常,正常,正常
3,0,0,0,0.00024738410939186386,0,正常,正常,正常
3,0,0,0,0.0002517652197685449,0,正常,正常,正常
3,0,0,0,0.0002555245093626958,0,正常,正常,正常
3,0,0,0,0.0002596603716186635,0,正常,正常,正常
3,0,0,0,0.00024344373544129216,0,正常,正常,正常
3,0,0,0,0.000221274269293407,0,正常,正常,正常
3,0,0,0,0.00022358890405860504,0,正常,正常,正常
3,0,0,0,0.0002517652197685449,0,正常,正常,正常
3,0,0,0,0.00024344373544129216,0,正常,正常,正常
3,0,0,0,0.00023939594079466672,0,正常,正常,正常
3,0,0,0,0.00024344373544129216,0,正常,正常,正常
3,0,0,0,0.0002272079812619752,0,正常,正常,正常
3,0,0,0,0.0002492148797992885,0,正常,正常,正常
3,0,0,0,0.00023848325617261616,0,正常,正常,正常
3,0,0,0,0.00023205503408250136,0,正常,正常,正常
3,0,0,0,0.00023468462316567776,0,正常,正常,正常
3,0,0,0,0.00024597146490554553,0,正常,正常,正常
3,0,0,0,0.00021660303546239309,0,正常,正常,正常
3,0,0,0,0.000221274269293407,0,正常,正常,正常
3,0,0,0,0.0002188688175829573,0,正常,正常,正常
3,0,0,0,0.00024738410939186386,0,正常,正常,正常
3,0,0,0,0.00026065408074862337,0,正常,正常,正常
3,0,0,0,0.00024738410939186386,0,正常,正常,正常
3,0,0,0,0.0002492148797992885,0,正常,正常,正常
3,0,0,0,0.00024738410939186386,0,正常,正常,正常
3,0,0,0,0.0002567510066888019,0,正常,正常,正常
3,0,0,0,0.0002596603716186635,0,正常,正常,正常
3,0,0,0,0.00023581111428935432,0,正常,正常,正常
3,0,0,0,0.00025415363156763317,0,正常,正常,正常
3,0,0,0,0.0002345932055699511,0,正常,正常,正常
3,0,0,0,0.0002118890200211996,0,正常,正常,正常
3,0,0,0,0.0002175711110171467,0,正常,正常,正常
3,0,0,0,0.00024142873177952144,0,正常,正常,正常
3,0,0,0,0.00023848325617261616,0,正常,正常,正常
3,0,0,0,0.00023083306971089654,0,正常,正常,正常
3,0,0,0,0.0002297303536941726,0,正常,正常,正常
3,0,0,0,0.00024597146490554553,0,正常,正常,正常
3,0,0,0,0.00023344881503551158,0,正常,正常,正常
3,0,0,0,0.0002512758954121333,0,正常,正常,正常
3,0,0,0,0.00022483536962770323,0,正常,正常,正常
3,0,0,0,0.00024416163640227377,0,正常,正常,正常
3,0,0,0,0.00023725154974647874,0,正常,正常,正常
3,0,0,0,0.00023725154974647874,0,正常,正常,正常
3,0,0,0,0.0002141055016112417,0,正常,正常,正常
3,0,0,0,0.0002141055016112417,0,正常,正常,正常
3,0,0,0,0.0002175711110171467,0,正常,正常,正常
3,0,0,0,0.00023344881503551158,0,正常,正常,正常
3,0,0,0,0.0002512758954121333,0,正常,正常,正常
3,0,0,0,0.0002111877905104163,0,正常,正常,正常
3,0,0,0,0.00021460618264973087,0,正常,正常,正常
3,0,0,0,0.00021460618264973087,0,正常,正常,正常
3,0,0,0,0.0002192343620471622,0,正常,正常,正常
3,0,0,0,0.0002161944318958229,0,正常,正常,正常
3,0,0,0,0.00022280560383978822,0,正常,正常,正常
3,0,0,0,0.00021160929943012823,0,正常,正常,正常
3,0,0,0,0.00021971616530085634,0,正常,正常,正常
3,0,0,0,0.0002146279849465299,0,正常,正常,正常
3,0,0,0,0.00019241181585089026,0,正常,正常,正常
3,0,0,0,0.000200009778292094,0,正常,正常,正常
3,0,0,0,0.00021005472729171531,0,正常,正常,正常
3,0,0,0,0.00022555749049227295,0,正常,正常,正常
3,0,0,0,8.572504535321905e-05,0,正常,正常,正常
3,0,0,0,8.801217020044647e-05,0,正常,正常,正常
3,0,0,0,8.900964722216143e-05,0,正常,正常,正常
3,0,0,0,8.801217020044647e-05,0,正常,正常,正常
3,0,0,0,7.088308391323708e-05,0,正常,正常,正常
3,0,0,0,8.801217020044647e-05,0,正常,正常,正常
3,0,0,0,7.949312868185916e-05,0,正常,正常,正常
3,0,0,0,7.979520991908556e-05,0,正常,正常,正常
3,0,0,0,8.441574218864404e-05,0,正常,正常,正常
3,0,0,0,8.61875154967961e-05,0,正常,正常,正常
3,0,0,0,8.758276735670287e-05,0,正常,正常,正常
3,0,0,0,8.211205552026145e-05,0,正常,正常,正常
3,0,0,0,8.947181530987091e-05,0,正常,正常,正常
3,0,0,0,8.758276735670287e-05,0,正常,正常,正常
3,0,0,0,8.846915950951829e-05,0,正常,正常,正常
3,0,0,0,8.435081525162557e-05,0,正常,正常,正常
3,0,0,0,8.801217020044647e-05,0,正常,正常,正常
3,0,0,0,7.088308391323708e-05,0,正常,正常,正常
3,0,0,0,7.114274339726744e-05,0,正常,正常,正常
3,0,0,0,7.088308391323708e-05,0,正常,正常,正常
3,0,0,0,6.851741438445695e-05,0,正常,正常,正常
3,0,0,0,7.088308391323708e-05,0,正常,正常,正常
3,0,0,0,6.929396487582079e-05,0,正常,正常,正常
3,0,0,0,6.980686809435823e-05,0,正常,正常,正常
3,0,0,0,6.929396487582079e-05,0,正常,正常,正常
3,0,0,0,6.851741438445695e-05,0,正常,正常,正常
3,0,0,0,7.852400929712604e-05,0,正常,正常,正常
3,0,0,0,8.380321411590911e-05,0,正常,正常,正常
3,0,0,0,8.603906935175823e-05,0,正常,正常,正常
3,0,0,0,8.572504535321905e-05,0,正常,正常,正常
3,0,0,0,8.380321411590911e-05,0,正常,正常,正常
3,0,0,0,8.966846978789702e-05,0,正常,正常,正常
3,0,0,0,7.088308391323708e-05,0,正常,正常,正常
3,0,0,0,7.277425740124732e-05,0,正常,正常,正常
3,0,0,0,7.088308391323708e-05,0,正常,正常,正常
3,0,0,0,6.851741438445695e-05,0,正常,正常,正常
3,0,0,0,7.088308391323708e-05,0,正常,正常,正常
3,0,0,0,6.522065475293575e-05,0,正常,正常,正常
3,0,0,0,6.595984348073355e-05,0,正常,正常,正常
3,0,0,0,6.86601802433518e-05,0,正常,正常,正常
3,0,0,0,6.929396487582079e-05,0,正常,正常,正常
3,0,0,0,6.929396487582079e-05,0,正常,正常,正常
3,0,0,0,6.851741438445695e-05,0,正常,正常,正常
3,0,0,0,6.929396487582079e-05,0,正常,正常,正常
3,0,0,0,6.398550643328504e-05,0,正常,正常,正常
3,0,0,0,6.255101365372347e-05,0,正常,正常,正常
3,0,0,0,6.102761338377418e-05,0,正常,正常,正常
3,0,0,0,5.1829665539125684e-05,0,正常,正常,正常
3,0,0,0,5.192191942181339e-05,0,正常,正常,正常
3,0,0,0,4.0991145129826736e-05,0,正常,正常,正常
3,0,0,0,4.101031001989427e-05,0,正常,正常,正常
3,0,0,0,3.269704657108512e-05,0,正常,正常,正常
3,0,0,0,5.848579155627042e-05,0,正常,正常,正常
3,0,0,0,7.62357609506901e-05,0,正常,正常,正常
3,0,0,0,7.844374671126032e-05,0,正常,正常,正常
3,0,0,0,0.0004846830507633414,0,正常,正常,正常
3,0,0,0,0.0008827665504605289,0,正常,正常,正常
3,0,0,0,0.002271987934519941,0,正常,正常,正常
3,0,0,0,0.002066229640087708,0,正常,正常,正常
3,0,0,0,0.0015543490961714402,0,正常,正常,正常
3,0,0,0,0.0017993676090214269,0,正常,正常,正常
3,0,0,0,0.0013684663095539795,0,正常,正常,正常
3,0,0,0,0.0016779437941252572,0,正常,正常,正常
3,0,0,0,0.0018232322384288521,0,正常,正常,正常
3,0,0,0,0.0021954828075057124,0,正常,正常,正常
3,0,0,0,0.0236016465059447,0,正常,正常,正常
3,0,0,0,0.013397299755580365,0,正常,正常,正常
3,0,0,0,0.011127270629541766,0,正常,正常,正常
3,0,0,0,0.013889449063892872,0,正常,正常,正常
3,0,0,0,0.01209073491925136,0,正常,正常,正常
3,0,0,0,0.014246466070904774,0,正常,正常,正常
3,0,0,0,0.01290800128027383,0,正常,正常,正常
3,0,0,0,0.010570094170430259,0,正常,正常,正常
3,0,0,0,0.010784902696128026,0,正常,正常,正常
3,0,0,0,0.009350324376041165,0,正常,正常,正常
3,0,0,0,0.005514730409684928,0,正常,正常,正常
3,0,0,0,0.00552829355855525,0,正常,正常,正常
3,0,0,0,0.0031313514780023206,0,正常,正常,正常
3,0,0,0,0.001882015910993452,0,正常,正常,正常
3,0,0,0,0.003086193946732146,0,正常,正常,正常
3,0,0,0,0.0014607256904881306,0,正常,正常,正常
3,0,0,0,0.0013453813400198043,0,正常,正常,正常
3,0,0,0,0.0016650177916419941,0,正常,正常,正常
3,0,0,0,0.0017104455266489468,0,正常,正常,正常
3,0,0,0,0.0013690821211690934,0,正常,正常,正常
3,0,0,0,0.0021703955566752214,0,正常,正常,正常
3,0,0,0,0.00368267303444981,0,正常,正常,正常
3,0,0,0,0.002401366270202675,0,正常,正常,正常
3,0,0,0,0.0020769658952121003,0,正常,正常,正常
3,0,0,0,0.0025400446250391845,0,正常,正常,正常
3,0,0,0,0.001762084659087553,0,正常,正常,正常
3,0,0,0,0.002279834533892573,0,正常,正常,正常
3,0,0,0,0.002545222636238344,0,正常,正常,正常
3,0,0,0,0.0018209270611812569,0,正常,正常,正常
3,0,0,0,0.0026261363375779476,0,正常,正常,正常
3,0,0,0,0.0016549998564160317,0,正常,正常,正常
3,0,0,0,0.0011200228542321024,0,正常,正常,正常
3,0,0,0,0.0015588015248258827,0,正常,正常,正常
3,0,0,0,0.0011087011422276883,0,正常,正常,正常
3,0,0,0,0.0009550845199806778,0,正常,正常,正常
3,0,0,0,0.0010991851012994507,0,正常,正常,正常
3,0,0,0,0.000998894651545506,0,正常,正常,正常
3,0,0,0,0.0005647664502894337,0,正常,正常,正常
3,0,0,0,0.0009943510078020666,0,正常,正常,正常
3,0,0,0,0.0013163255715082092,0,正常,正常,正常
3,0,0,0,0.0017846592901118487,0,正常,正常,正常
3,0,0,0,0.001767874065889421,0,正常,正常,正常
3,0,0,0,0.00218905898667801,0,正常,正常,正常
3,0,0,0,0.002332767095243298,0,正常,正常,正常
3,0,0,0,0.0015876380353892232,0,正常,正常,正常
3,0,0,0,0.0016493236106597735,0,正常,正常,正常
3,0,0,0,0.0023638934092915743,0,正常,正常,正常
3,0,0,0,0.0017791648467615346,0,正常,正常,正常
3,0,0,0,0.0007082333960224409,0,正常,正常,正常
3,0,0,0,0.0010404343905650397,0,正常,正常,正常
3,0,0,0,0.0010085914539006142,0,正常,正常,正常
3,0,0,0,0.0009264612438491437,0,正常,正常,正常
3,0,0,0,0.001338355103532189,0,正常,正常,正常
3,0,0,0,0.0016050259116952479,0,正常,正常,正常
3,0,0,0,0.0008322661230881565,0,正常,正常,正常
3,0,0,0,0.0033196869301547016,0,正常,正常,正常
3,0,0,0,0.007700450354524965,0,正常,正常,正常
3,0,0,0,0.010468954270320662,0,正常,正常,正常
3,0,0,0,0.027817009772537468,0,正常,正常,正常
3,0,0,0,0.03741709881460856,0,正常,正常,正常
3,0,0,0,0.03801766192302203,0,正常,正常,正常
3,0,0,0,0.08360215322102936,0,正常,正常,正常
3,0,0,0,0.15061885787743895,0,正常,正常,正常
3,0,0,0,0.16177947506635718,0,正常,正常,正常
3,0,0,0,0.17419862113198137,0,正常,正常,正常
3,0,0,0,0.1781334177641511,0,正常,正常,正常
3,0,0,0,0.12422918638248705,0,正常,正常,正常
3,0,0,0,0.13849106097386646,0,正常,正常,正常
3,0,0,0,0.21179932009125227,0,正常,正常,正常
3,0,0,0,0.21857385379246333,0,正常,正常,正常
3,0,0,0,0.15822281996239895,0,正常,正常,正常
3,0,0,0,0.12639632480991553,0,正常,正常,正常
3,0,0,0,0.06358305907960886,0,正常,正常,正常
3,0,0,0,0.07750685133355512,0,正常,正常,正常
3,0,0,0,0.03414358032203225,0,正常,正常,正常
3,0,0,0,0.036534802898860706,0,正常,正常,正常
3,0,0,0,0.03376804344827385,0,正常,正常,正常
3,0,0,0,0.0230893946967454,0,正常,正常,正常
3,0,0,0,0.04229320877302389,0,正常,正常,正常
3,0,0,0,0.026761386578941088,0,正常,正常,正常
3,0,0,0,0.015753476935577455,0,正常,正常,正常
3,0,0,0,0.029287055797984685,0,正常,正常,正常
3,0,0,0,0.060122279085975165,0,正常,正常,正常
3,0,0,0,0.06769435083530165,0,正常,正常,正常
3,0,0,0,0.03865274290913699,0,正常,正常,正常
3,0,0,0,0.021449672245660564,0,正常,正常,正常
3,0,0,0,0.02119311135576416,0,正常,正常,正常
3,0,0,0,0.019419889591902887,0,正常,正常,正常
3,0,0,0,0.014024726138594089,0,正常,正常,正常
3,0,0,0,0.014397195679043408,0,正常,正常,正常
3,0,0,0,0.009926825539769365,0,正常,正常,正常
3,0,0,0,0.016901835077617746,0,正常,正常,正常
3,0,0,0,0.02268584920197215,0,正常,正常,正常
3,0,0,0,0.0038894374526452845,0,正常,正常,正常
3,0,0,0,0.004017976912912357,0,正常,正常,正常
3,0,0,0,0.008848655907689719,0,正常,正常,正常
3,0,0,0,0.008884228550417244,0,正常,正常,正常
3,0,0,0,0.005436892845474488,0,正常,正常,正常
3,0,0,0,0.005739878291041224,0,正常,正常,正常
3,0,0,0,0.005988558812310473,0,正常,正常,正常
3,0,0,0,0.01424328275994381,0,正常,正常,正常
3,0,0,0,0.01685897222719645,0,正常,正常,正常
3,0,0,0,0.07390218702002421,0,正常,正常,正常
3,0,0,0,0.09301828501694695,0,正常,正常,正常
3,0,0,0,0.1096032317950528,0,正常,正常,正常
3,0,0,0,0.050819498920288544,0,正常,正常,正常
3,0,0,0,0.12027334176240705,0,正常,正常,正常
3,0,0,0,0.20422573524148274,0,正常,正常,正常
3,0,0,0,0.12624256994249428,0,正常,正常,正常
3,0,0,0,0.14308104531416813,0,正常,正常,正常
3,0,0,0,0.09929367410836706,0,正常,正常,正常
3,0,0,0,0.1675689445639495,0,正常,正常,正常
3,0,0,0,0.20227191832120037,0,正常,正常,正常
3,0,0,0,0.24544900567153524,0,正常,正常,正常
3,0,0,0,0.2923841889803757,0,正常,正常,正常
3,0,0,0,0.40109403043791836,0,正常,正常,正常
3,0,0,0,0.42261615589008655,0,正常,正常,正常
3,0,0,1,0.9302808569501645,3,正常,正常,缝内暂堵
3,0,0,1,0.98178354574725,3,正常,正常,缝内暂堵
6,3,1,1,0.9856268142816828,3,缝内暂堵,缝内暂堵,缝内暂堵
6,3,1,1,0.9891656469229898,3,缝内暂堵,缝内暂堵,缝内暂堵
6,3,1,1,0.9969556489926301,3,缝内暂堵,缝内暂堵,缝内暂堵
6,3,1,1,0.9974823664666744,3,缝内暂堵,缝内暂堵,缝内暂堵
6,3,1,1,0.9966311760428513,3,缝内暂堵,缝内暂堵,缝内暂堵
6,3,1,1,0.9844519631940633,3,缝内暂堵,缝内暂堵,缝内暂堵
6,3,1,1,0.9812320576635709,3,缝内暂堵,缝内暂堵,缝内暂堵
6,3,1,1,0.978939574291395,3,缝内暂堵,缝内暂堵,缝内暂堵
6,3,1,1,0.977962157470932,3,缝内暂堵,缝内暂堵,缝内暂堵
6,3,1,1,0.9987667429399526,3,缝内暂堵,缝内暂堵,缝内暂堵
6,3,1,1,0.9995642078783227,3,缝内暂堵,缝内暂堵,缝内暂堵
6,3,1,1,0.9996996884813641,3,缝内暂堵,缝内暂堵,缝内暂堵
6,3,1,1,0.9998366549168911,3,缝内暂堵,缝内暂堵,缝内暂堵
6,3,1,1,0.9997911391627422,3,缝内暂堵,缝内暂堵,缝内暂堵
6,3,1,1,0.9996814221132873,3,缝内暂堵,缝内暂堵,缝内暂堵
6,3,1,1,0.9996938625683081,3,缝内暂堵,缝内暂堵,缝内暂堵
6,3,1,1,0.999743387068515,3,缝内暂堵,缝内暂堵,缝内暂堵
6,3,1,1,0.9997308478174876,3,缝内暂堵,缝内暂堵,缝内暂堵
6,3,1,1,0.9987100063916118,3,缝内暂堵,缝内暂堵,缝内暂堵
6,3,1,1,0.9972664868430207,3,缝内暂堵,缝内暂堵,缝内暂堵
6,3,1,1,0.994839050633223,3,缝内暂堵,缝内暂堵,缝内暂堵
6,3,1,1,0.9917436403835407,3,缝内暂堵,缝内暂堵,缝内暂堵
6,3,1,1,0.9985029675511843,3,缝内暂堵,缝内暂堵,缝内暂堵
6,3,1,1,0.9984005955425563,3,缝内暂堵,缝内暂堵,缝内暂堵
6,3,1,1,0.9982342562372162,3,缝内暂堵,缝内暂堵,缝内暂堵
6,3,1,1,0.996575094182879,3,缝内暂堵,缝内暂堵,缝内暂堵
6,3,1,1,0.991879991304244,3,缝内暂堵,缝内暂堵,缝内暂堵
3,0,0,1,0.9845908536072058,3,正常,正常,缝内暂堵
3,0,0,1,0.9278350701940139,3,正常,正常,缝内暂堵
3,0,0,1,0.9335176524204469,3,正常,正常,缝内暂堵
3,0,0,1,0.8296186902155306,3,正常,正常,缝内暂堵
3,0,0,1,0.8863177489495567,3,正常,正常,缝内暂堵
3,0,0,1,0.7663404906534914,3,正常,正常,缝内暂堵
3,0,0,1,0.757441725070202,3,正常,正常,缝内暂堵
3,0,0,0,0.36511505050661963,0,正常,正常,正常
3,0,0,0,0.32800678769381486,0,正常,正常,正常
3,0,0,0,0.22125885029080058,0,正常,正常,正常
3,0,0,0,0.07397800970376842,0,正常,正常,正常
3,0,0,0,0.1495758585336204,0,正常,正常,正常
3,0,0,0,0.030195783299119348,0,正常,正常,正常
3,0,0,0,0.03652853269143776,0,正常,正常,正常
3,0,0,0,0.016028923460056917,0,正常,正常,正常
3,0,0,0,0.003838687975413544,0,正常,正常,正常
3,0,0,0,0.002238770369221487,0,正常,正常,正常
3,0,0,0,0.0016026092008815881,0,正常,正常,正常
3,0,0,0,0.002187790203614943,0,正常,正常,正常
3,0,0,0,0.0026927487892271377,0,正常,正常,正常
3,0,0,0,0.0016502884096806583,0,正常,正常,正常
3,0,0,0,0.0017436071091047024,0,正常,正常,正常
3,0,0,0,0.0007040760231184569,0,正常,正常,正常
3,0,0,0,0.0011937933080427723,0,正常,正常,正常
3,0,0,0,0.0011993468610971632,0,正常,正常,正常
3,0,0,0,0.001999525162273423,0,正常,正常,正常
3,0,0,0,0.0032097971344747667,0,正常,正常,正常
3,0,0,0,0.004044669697229873,0,正常,正常,正常
3,0,0,0,0.0015726462341400587,0,正常,正常,正常
3,0,0,0,0.0010599914841656888,0,正常,正常,正常
3,0,0,0,0.0013475553920523546,0,正常,正常,正常
3,0,0,0,0.0013575389668672604,0,正常,正常,正常
3,0,0,0,0.0014324443080621133,0,正常,正常,正常
3,0,0,0,0.001683232355140261,0,正常,正常,正常
3,0,0,0,0.0015175247091351795,0,正常,正常,正常
3,0,0,0,0.0011396613322548666,0,正常,正常,正常
3,0,0,0,0.0011548243472409303,0,正常,正常,正常
3,0,0,0,0.0010033336803472054,0,正常,正常,正常
3,0,0,0,0.0008114382418559824,0,正常,正常,正常
3,0,0,0,0.0011445891716130407,0,正常,正常,正常
3,0,0,0,0.0010864804781479586,0,正常,正常,正常
3,0,0,0,0.0011582107384698727,0,正常,正常,正常
3,0,0,0,0.0010232947924887876,0,正常,正常,正常
3,0,0,0,0.0024595077218196922,0,正常,正常,正常
3,0,0,0,0.0028698748216971614,0,正常,正常,正常
3,0,0,0,0.0025072861649687007,0,正常,正常,正常
3,0,0,0,0.0025104504963357273,0,正常,正常,正常
3,0,0,0,0.002740252423976683,0,正常,正常,正常
3,0,0,0,0.0021019906082043495,0,正常,正常,正常
3,0,0,0,0.07806305343682564,0,正常,正常,正常
3,0,0,0,0.35789955219299757,0,正常,正常,正常
3,0,0,0,0.33205850375257007,0,正常,正常,正常
3,0,0,1,0.730344475027683,2,正常,正常,缝口暂堵
3,0,0,1,0.7819345611934103,2,正常,正常,缝口暂堵
3,0,0,1,0.5720831141629821,2,正常,正常,缝口暂堵
3,0,0,1,0.5408422957266779,2,正常,正常,缝口暂堵
3,0,0,0,0.42800869103509925,0,正常,正常,正常
3,0,0,0,0.35978896228117174,0,正常,正常,正常
3,0,0,1,0.7325588473752942,2,正常,正常,缝口暂堵
3,0,0,1,0.7784391143950211,2,正常,正常,缝口暂堵
3,0,0,0,0.44267671700016575,0,正常,正常,正常
3,0,0,0,0.42714508282758545,0,正常,正常,正常
3,0,0,0,0.41903119040363535,0,正常,正常,正常
3,0,0,0,0.26839685206397074,0,正常,正常,正常
3,0,0,0,0.32092194483317693,0,正常,正常,正常
3,0,0,0,0.396812320253273,0,正常,正常,正常
3,0,0,0,0.47781489834279167,0,正常,正常,正常
3,0,0,0,0.12718723745286828,0,正常,正常,正常
3,0,0,0,0.04315773013827841,0,正常,正常,正常
3,0,0,0,0.102328923669787,0,正常,正常,正常
3,0,0,0,0.04459315087233722,0,正常,正常,正常
3,0,0,0,0.1511260550298743,0,正常,正常,正常
3,0,0,1,0.5103677047725623,2,正常,正常,缝口暂堵
3,0,0,0,0.296532099786432,0,正常,正常,正常
3,0,0,0,0.4907373657431499,0,正常,正常,正常
3,0,0,0,0.20701472472405544,0,正常,正常,正常
3,0,0,0,0.25719316467829945,0,正常,正常,正常
3,0,0,0,0.16895118600771514,0,正常,正常,正常
3,0,0,0,0.1439686383195951,0,正常,正常,正常
3,0,0,0,0.01832790935920569,0,正常,正常,正常
3,0,0,0,0.015207325070314663,0,正常,正常,正常
3,0,0,0,0.04821529366972761,0,正常,正常,正常
3,0,0,0,0.09345845385739417,0,正常,正常,正常
3,0,0,1,0.6531651025644846,2,正常,正常,缝口暂堵
3,0,0,1,0.5943668897961054,2,正常,正常,缝口暂堵
3,0,0,0,0.07575613796692571,0,正常,正常,正常
3,0,0,0,0.05798249245473519,0,正常,正常,正常
3,0,0,0,0.026832808343336578,0,正常,正常,正常
3,0,0,0,0.04343709854056261,0,正常,正常,正常
3,0,0,0,0.006014019252487933,0,正常,正常,正常
3,0,0,0,0.003425295505721204,0,正常,正常,正常
3,0,0,0,0.003741213744118114,0,正常,正常,正常
3,0,0,0,0.000796152957359172,0,正常,正常,正常
3,0,0,0,0.0014910827517422736,0,正常,正常,正常
3,0,0,0,0.0004891145825649963,0,正常,正常,正常
3,0,0,0,0.00035666884713540423,0,正常,正常,正常
3,0,0,0,0.0010456214439658437,0,正常,正常,正常
3,0,0,0,0.0005550433354480156,0,正常,正常,正常
3,0,0,0,0.0009795130301123959,0,正常,正常,正常
3,0,0,0,0.0011384094778484374,0,正常,正常,正常
3,0,0,0,0.0017996661353965873,0,正常,正常,正常
3,0,0,0,0.0019387871230234104,0,正常,正常,正常
3,0,0,0,0.0009003073516601434,0,正常,正常,正常
3,0,0,0,0.0014129697342147708,0,正常,正常,正常
3,0,0,0,0.00177547720038398,0,正常,正常,正常
7,2,1,0,0.018141889433837675,0,缝口暂堵,缝口暂堵,正常
7,2,1,0,0.10954949373934658,0,缝口暂堵,缝口暂堵,正常
7,2,1,0,0.27112121148831503,0,缝口暂堵,缝口暂堵,正常
7,2,1,1,0.5377526705203282,2,缝口暂堵,缝口暂堵,缝口暂堵
7,2,1,1,0.5647499160589645,2,缝口暂堵,缝口暂堵,缝口暂堵
7,2,1,1,0.8269726117621362,2,缝口暂堵,缝口暂堵,缝口暂堵
7,2,1,1,0.7605212335521391,2,缝口暂堵,缝口暂堵,缝口暂堵
7,2,1,1,0.7019758378344879,2,缝口暂堵,缝口暂堵,缝口暂堵
7,2,1,1,0.724346577728275,2,缝口暂堵,缝口暂堵,缝口暂堵
7,2,1,1,0.7141033932981448,2,缝口暂堵,缝口暂堵,缝口暂堵
7,2,1,1,0.7882962871870216,2,缝口暂堵,缝口暂堵,缝口暂堵
7,2,1,1,0.74944274761081,2,缝口暂堵,缝口暂堵,缝口暂堵
7,2,1,1,0.8406992642576643,2,缝口暂堵,缝口暂堵,缝口暂堵
7,2,1,1,0.9870156442298414,2,缝口暂堵,缝口暂堵,缝口暂堵
7,2,1,1,0.9934300119801084,2,缝口暂堵,缝口暂堵,缝口暂堵
7,2,1,1,0.9964701193096296,2,缝口暂堵,缝口暂堵,缝口暂堵
7,2,1,1,0.995989176789152,2,缝口暂堵,缝口暂堵,缝口暂堵
7,2,1,1,0.9946053236274668,2,缝口暂堵,缝口暂堵,缝口暂堵
7,2,1,1,0.9966570122917771,2,缝口暂堵,缝口暂堵,缝口暂堵
7,2,1,1,0.9966602609484445,2,缝口暂堵,缝口暂堵,缝口暂堵
7,2,1,1,0.9950869334312109,2,缝口暂堵,缝口暂堵,缝口暂堵
7,2,1,1,0.994880871695739,2,缝口暂堵,缝口暂堵,缝口暂堵
7,2,1,1,0.9936049588680682,2,缝口暂堵,缝口暂堵,缝口暂堵
7,2,1,1,0.9987746881007276,2,缝口暂堵,缝口暂堵,缝口暂堵
7,2,1,1,0.9991198010697475,2,缝口暂堵,缝口暂堵,缝口暂堵
7,2,1,1,0.9990104573252688,2,缝口暂堵,缝口暂堵,缝口暂堵
7,2,1,1,0.9997509144033343,2,缝口暂堵,缝口暂堵,缝口暂堵
7,2,1,1,0.9996605122885139,2,缝口暂堵,缝口暂堵,缝口暂堵
7,2,1,1,0.9997799014300405,2,缝口暂堵,缝口暂堵,缝口暂堵
7,2,1,1,0.9997722136913795,2,缝口暂堵,缝口暂堵,缝口暂堵
7,2,1,1,0.9997413487312666,2,缝口暂堵,缝口暂堵,缝口暂堵
7,2,1,1,0.9997635823821106,2,缝口暂堵,缝口暂堵,缝口暂堵
7,2,1,1,0.9995472944546144,2,缝口暂堵,缝口暂堵,缝口暂堵
7,2,1,1,0.9979763385688646,2,缝口暂堵,缝口暂堵,缝口暂堵
7,2,1,1,0.9980808898112212,2,缝口暂堵,缝口暂堵,缝口暂堵
7,2,1,1,0.9924885106714748,2,缝口暂堵,缝口暂堵,缝口暂堵
7,2,1,1,0.9943015401659135,2,缝口暂堵,缝口暂堵,缝口暂堵
7,2,1,1,0.9873580835797908,2,缝口暂堵,缝口暂堵,缝口暂堵
7,2,1,1,0.985942712660892,2,缝口暂堵,缝口暂堵,缝口暂堵
7,2,1,1,0.8959386697501023,2,缝口暂堵,缝口暂堵,缝口暂堵
7,2,1,1,0.900461987203486,2,缝口暂堵,缝口暂堵,缝口暂堵
7,2,1,1,0.9451775604913797,2,缝口暂堵,缝口暂堵,缝口暂堵
7,2,1,1,0.912164133041921,2,缝口暂堵,缝口暂堵,缝口暂堵
7,2,1,1,0.8297327365914,2,缝口暂堵,缝口暂堵,缝口暂堵
7,2,1,0,0.4392481223991097,0,缝口暂堵,缝口暂堵,正常
7,2,1,0,0.29899111017545243,0,缝口暂堵,缝口暂堵,正常
7,2,1,0,0.21515041563294843,0,缝口暂堵,缝口暂堵,正常
7,2,1,0,0.09990529225820725,0,缝口暂堵,缝口暂堵,正常
7,2,1,0,0.0963473658654396,0,缝口暂堵,缝口暂堵,正常
3,0,0,0,0.03793309090594098,0,正常,正常,正常
3,0,0,0,0.04541361092334006,0,正常,正常,正常
3,0,0,0,0.02822959798127233,0,正常,正常,正常
3,0,0,0,0.057051505140703965,0,正常,正常,正常
3,0,0,0,0.04908285525688256,0,正常,正常,正常
3,0,0,0,0.0980429784395197,0,正常,正常,正常
3,0,0,0,0.08424550664745893,0,正常,正常,正常
3,0,0,0,0.058254517656060725,0,正常,正常,正常
3,0,0,0,0.008837645069741577,0,正常,正常,正常
3,0,0,0,0.006031516654635075,0,正常,正常,正常
3,0,0,0,0.0014362367000497495,0,正常,正常,正常
3,0,0,0,0.0008658537132013299,0,正常,正常,正常
3,0,0,0,0.00349934002675621,0,正常,正常,正常
3,0,0,0,0.007976699108930214,0,正常,正常,正常
3,0,0,0,0.0024905222411661676,0,正常,正常,正常
3,0,0,0,0.00692470549772183,0,正常,正常,正常
3,0,0,0,0.008292113541728749,0,正常,正常,正常
3,0,0,0,0.05453989035514212,0,正常,正常,正常
3,0,0,0,0.05185046869331713,0,正常,正常,正常
3,0,0,0,0.09941687636923455,0,正常,正常,正常
3,0,0,0,0.06957105107827408,0,正常,正常,正常
3,0,0,0,0.13828089353785142,0,正常,正常,正常
3,0,0,0,0.05862648916798871,0,正常,正常,正常
3,0,0,0,0.02389193960616607,0,正常,正常,正常
3,0,0,0,0.021542785065167366,0,正常,正常,正常
3,0,0,0,0.011070132066118798,0,正常,正常,正常
3,0,0,0,0.0061165099990637545,0,正常,正常,正常
3,0,0,0,0.008499807294957718,0,正常,正常,正常
3,0,0,0,0.009477032675034424,0,正常,正常,正常
3,0,0,0,0.0055204486649372735,0,正常,正常,正常
3,0,0,0,0.00508252936010049,0,正常,正常,正常
3,0,0,0,0.003621056289908516,0,正常,正常,正常
3,0,0,0,0.0024362499247373506,0,正常,正常,正常
3,0,0,0,0.0076640585439919215,0,正常,正常,正常
3,0,0,0,0.014356792795140162,0,正常,正常,正常
3,0,0,0,0.010763120751963172,0,正常,正常,正常
3,0,0,0,0.016141228281990452,0,正常,正常,正常
3,0,0,0,0.018915240844720477,0,正常,正常,正常
3,0,0,0,0.06155753358691237,0,正常,正常,正常
3,0,0,0,0.027866259617588367,0,正常,正常,正常
3,0,0,0,0.033381655893432095,0,正常,正常,正常
3,0,0,0,0.082602052467553,0,正常,正常,正常
3,0,0,0,0.13084474483405142,0,正常,正常,正常
3,0,0,0,0.1539411421374964,0,正常,正常,正常
3,0,0,0,0.10904949964879396,0,正常,正常,正常
3,0,0,0,0.0734048001405323,0,正常,正常,正常
3,0,0,0,0.061515212716965036,0,正常,正常,正常
3,0,0,0,0.17996616247902328,0,正常,正常,正常
3,0,0,0,0.30758637739749933,0,正常,正常,正常
3,0,0,0,0.40578747672786375,0,正常,正常,正常
3,0,0,0,0.24612865607813472,0,正常,正常,正常
3,0,0,0,0.29156656066965303,0,正常,正常,正常
3,0,0,0,0.26257519162028714,0,正常,正常,正常
3,0,0,0,0.2554280307893705,0,正常,正常,正常
3,0,0,0,0.2982531833370047,0,正常,正常,正常
3,0,0,0,0.3682730155078234,0,正常,正常,正常
3,0,0,0,0.3757900106093802,0,正常,正常,正常
3,0,0,0,0.3816946560469503,0,正常,正常,正常
3,0,0,0,0.1478145611136763,0,正常,正常,正常
3,0,0,0,0.19024346972900763,0,正常,正常,正常
3,0,0,1,0.598746782149108,3,正常,正常,缝内暂堵
3,0,0,0,0.26887396165517813,0,正常,正常,正常
3,0,0,1,0.6609977660909939,3,正常,正常,缝内暂堵
3,0,0,1,0.569724595780015,3,正常,正常,缝内暂堵
3,0,0,1,0.6969517592765052,3,正常,正常,缝内暂堵
3,0,0,0,0.48402443878322454,0,正常,正常,正常
3,0,0,1,0.5676671952676094,3,正常,正常,缝内暂堵
3,0,0,1,0.6541693678726891,3,正常,正常,缝内暂堵
3,0,0,1,0.5920120913861798,3,正常,正常,缝内暂堵
3,0,0,1,0.9390684409906317,3,正常,正常,缝内暂堵
3,0,0,1,0.9539899336506938,3,正常,正常,缝内暂堵
3,0,0,1,0.8351497471416531,3,正常,正常,缝内暂堵
3,0,0,1,0.8281458720343389,3,正常,正常,缝内暂堵
6,3,1,1,0.9378208966637336,3,缝内暂堵,缝内暂堵,缝内暂堵
6,3,1,1,0.9487775512830708,3,缝内暂堵,缝内暂堵,缝内暂堵
6,3,1,1,0.9020709739448303,3,缝内暂堵,缝内暂堵,缝内暂堵
6,3,1,1,0.8987842410187924,3,缝内暂堵,缝内暂堵,缝内暂堵
6,3,1,1,0.9093717087842029,3,缝内暂堵,缝内暂堵,缝内暂堵
6,3,1,1,0.9083024672465675,3,缝内暂堵,缝内暂堵,缝内暂堵
6,3,1,1,0.964037348241889,3,缝内暂堵,缝内暂堵,缝内暂堵
6,3,1,1,0.9698370357560203,3,缝内暂堵,缝内暂堵,缝内暂堵
6,3,1,1,0.9940825131440767,3,缝内暂堵,缝内暂堵,缝内暂堵
6,3,1,1,0.9957194475884068,3,缝内暂堵,缝内暂堵,缝内暂堵
6,3,1,1,0.9968519385403957,3,缝内暂堵,缝内暂堵,缝内暂堵
6,3,1,1,0.998199495897761,3,缝内暂堵,缝内暂堵,缝内暂堵
6,3,1,1,0.998318664774752,3,缝内暂堵,缝内暂堵,缝内暂堵
6,3,1,1,0.9984527758010817,3,缝内暂堵,缝内暂堵,缝内暂堵
6,3,1,1,0.9988816712308788,3,缝内暂堵,缝内暂堵,缝内暂堵
6,3,1,1,0.9984177032911635,3,缝内暂堵,缝内暂堵,缝内暂堵
6,3,1,1,0.9973079965596973,3,缝内暂堵,缝内暂堵,缝内暂堵
6,3,1,1,0.9644558822013877,3,缝内暂堵,缝内暂堵,缝内暂堵
6,3,1,1,0.9048193120157767,3,缝内暂堵,缝内暂堵,缝内暂堵
6,3,1,1,0.874424712489227,3,缝内暂堵,缝内暂堵,缝内暂堵
6,3,1,1,0.9077923381535654,3,缝内暂堵,缝内暂堵,缝内暂堵
6,3,1,1,0.91315397288241,3,缝内暂堵,缝内暂堵,缝内暂堵
3,0,0,1,0.9294329431875726,3,正常,正常,缝内暂堵
3,0,0,1,0.8686486547832577,3,正常,正常,缝内暂堵
3,0,0,1,0.7007861376507231,3,正常,正常,缝内暂堵
3,0,0,1,0.5266318076297948,3,正常,正常,缝内暂堵
3,0,0,1,0.7334609746401891,3,正常,正常,缝内暂堵
3,0,0,1,0.7866794592865414,3,正常,正常,缝内暂堵
3,0,0,1,0.7798081292055494,3,正常,正常,缝内暂堵
3,0,0,1,0.6790559570083886,3,正常,正常,缝内暂堵
3,0,0,1,0.64037360179931,3,正常,正常,缝内暂堵
3,0,0,1,0.6466773007963574,3,正常,正常,缝内暂堵
3,0,0,0,0.4867033187388462,0,正常,正常,正常
3,0,0,1,0.6907406838087362,3,正常,正常,缝内暂堵
3,0,0,1,0.5244964523305086,3,正常,正常,缝内暂堵
3,0,0,1,0.8099892343333839,3,正常,正常,缝内暂堵
3,0,0,1,0.8709584830992725,3,正常,正常,缝内暂堵
3,0,0,1,0.8797152544491456,3,正常,正常,缝内暂堵
3,0,0,1,0.850611752668135,3,正常,正常,缝内暂堵
3,0,0,1,0.80819082699455,3,正常,正常,缝内暂堵
3,0,0,1,0.8153107910531633,3,正常,正常,缝内暂堵
3,0,0,1,0.8028428185602403,3,正常,正常,缝内暂堵
3,0,0,1,0.7220261095485848,3,正常,正常,缝内暂堵
3,0,0,1,0.8864430398620345,3,正常,正常,缝内暂堵
3,0,0,1,0.8480868170290383,3,正常,正常,缝内暂堵
3,0,0,1,0.6862379196283093,3,正常,正常,缝内暂堵
3,0,0,1,0.5066899935307052,3,正常,正常,缝内暂堵
3,0,0,0,0.46396636311941536,0,正常,正常,正常
3,0,0,0,0.3725933310786295,0,正常,正常,正常
3,0,0,0,0.38999383979367563,0,正常,正常,正常
3,0,0,0,0.16596553643424627,0,正常,正常,正常
3,0,0,0,0.18522456152989256,0,正常,正常,正常
3,0,0,0,0.09202610515363539,0,正常,正常,正常
3,0,0,0,0.08981352496427505,0,正常,正常,正常
3,0,0,1,0.5352528163418662,3,正常,正常,缝内暂堵
3,0,0,0,0.45252177289975976,0,正常,正常,正常
3,0,0,0,0.3435954961207144,0,正常,正常,正常
3,0,0,0,0.2379258653352091,0,正常,正常,正常
3,0,0,0,0.2881486719571548,0,正常,正常,正常
3,0,0,0,0.11084322138585248,0,正常,正常,正常
3,0,0,0,0.24645308424470536,0,正常,正常,正常
3,0,0,0,0.15352336084580595,0,正常,正常,正常
3,0,0,0,0.11321510236333489,0,正常,正常,正常
3,0,0,0,0.1680453130636212,0,正常,正常,正常
3,0,0,0,0.0835302305331211,0,正常,正常,正常
3,0,0,0,0.030732676935317466,0,正常,正常,正常
3,0,0,0,0.02818086528188385,0,正常,正常,正常
3,0,0,0,0.02514225554132473,0,正常,正常,正常
3,0,0,0,0.02721046834395296,0,正常,正常,正常
3,0,0,0,0.009582619716984127,0,正常,正常,正常
3,0,0,0,0.010638088476998878,0,正常,正常,正常
3,0,0,0,0.009519058845591434,0,正常,正常,正常
3,0,0,0,0.013160302872117106,0,正常,正常,正常
3,0,0,0,0.015184174658988319,0,正常,正常,正常
3,0,0,0,0.01629590626446469,0,正常,正常,正常
3,0,0,0,0.022222491841196665,0,正常,正常,正常
3,0,0,0,0.022832367700149955,0,正常,正常,正常
3,0,0,0,0.02537746351394289,0,正常,正常,正常
3,0,0,0,0.019914550422054533,0,正常,正常,正常
3,0,0,0,0.015501400880122227,0,正常,正常,正常
3,0,0,0,0.025240328244396527,0,正常,正常,正常
3,0,0,0,0.0259862716781963,0,正常,正常,正常
3,0,0,0,0.025973992275409835,0,正常,正常,正常
3,0,0,0,0.022581005379357033,0,正常,正常,正常
3,0,0,0,0.031090539952043212,0,正常,正常,正常
3,0,0,0,0.022761758624610374,0,正常,正常,正常
3,0,0,0,0.02784347715321175,0,正常,正常,正常
3,0,0,0,0.010963433730933746,0,正常,正常,正常
3,0,0,0,0.015038590801023259,0,正常,正常,正常
3,0,0,0,0.03297069762799999,0,正常,正常,正常
3,0,0,0,0.05097749835569977,0,正常,正常,正常
3,0,0,0,0.055716301874140076,0,正常,正常,正常
3,0,0,0,0.08474729551345073,0,正常,正常,正常
3,0,0,0,0.06020319402793486,0,正常,正常,正常
3,0,0,0,0.08051033917217101,0,正常,正常,正常
3,0,0,0,0.06720228962996218,0,正常,正常,正常
3,0,0,0,0.09848352424523141,0,正常,正常,正常
3,0,0,0,0.04653560476651495,0,正常,正常,正常
3,0,0,0,0.1272036118736881,0,正常,正常,正常
3,0,0,0,0.12216600483393122,0,正常,正常,正常
3,0,0,0,0.14595374488196897,0,正常,正常,正常
3,0,0,0,0.11685709755941491,0,正常,正常,正常
3,0,0,0,0.4537015650194258,0,正常,正常,正常
3,0,0,1,0.5637854009303304,2,正常,正常,缝口暂堵
3,0,0,1,0.6016002278117235,2,正常,正常,缝口暂堵
3,0,0,1,0.8315351510483808,2,正常,正常,缝口暂堵
3,0,0,1,0.8132677533484789,2,正常,正常,缝口暂堵
3,0,0,1,0.921552504843687,2,正常,正常,缝口暂堵
3,0,0,1,0.9157107657168754,2,正常,正常,缝口暂堵
3,0,0,1,0.9211297455509745,2,正常,正常,缝口暂堵
3,0,0,1,0.9288753220508459,2,正常,正常,缝口暂堵
3,0,0,1,0.903791157762405,2,正常,正常,缝口暂堵
3,0,0,1,0.9487211484244004,2,正常,正常,缝口暂堵
3,0,0,1,0.9858597511693494,2,正常,正常,缝口暂堵
3,0,0,1,0.9795293608086196,2,正常,正常,缝口暂堵
3,0,0,1,0.9929126589883949,2,正常,正常,缝口暂堵
3,0,0,1,0.9893352582999847,2,正常,正常,缝口暂堵
3,0,0,1,0.9914084840260405,2,正常,正常,缝口暂堵
3,0,0,1,0.9908012082660453,2,正常,正常,缝口暂堵
3,0,0,1,0.9934814425443016,2,正常,正常,缝口暂堵
3,0,0,1,0.9867949518974002,2,正常,正常,缝口暂堵
3,0,0,1,0.9938332343334881,2,正常,正常,缝口暂堵
3,0,0,1,0.9878164255096544,2,正常,正常,缝口暂堵
3,0,0,1,0.9936967662144407,2,正常,正常,缝口暂堵
3,0,0,1,0.991586306348704,2,正常,正常,缝口暂堵
3,0,0,1,0.9930995523675485,2,正常,正常,缝口暂堵
3,0,0,1,0.99540080201363,2,正常,正常,缝口暂堵
3,0,0,1,0.9880636349271007,2,正常,正常,缝口暂堵
3,0,0,1,0.9963768530052569,2,正常,正常,缝口暂堵
7,2,1,1,0.9990667097147754,2,缝口暂堵,缝口暂堵,缝口暂堵
7,2,1,1,0.9984954940015088,2,缝口暂堵,缝口暂堵,缝口暂堵
7,2,1,1,0.9954359354526775,2,缝口暂堵,缝口暂堵,缝口暂堵
7,2,1,1,0.998020004854763,2,缝口暂堵,缝口暂堵,缝口暂堵
7,2,1,1,0.9986933042655016,2,缝口暂堵,缝口暂堵,缝口暂堵
7,2,1,1,0.9967296129387024,2,缝口暂堵,缝口暂堵,缝口暂堵
7,2,1,1,0.9900626381815818,2,缝口暂堵,缝口暂堵,缝口暂堵
7,2,1,1,0.991841989930422,2,缝口暂堵,缝口暂堵,缝口暂堵
7,2,1,1,0.9842132818747079,2,缝口暂堵,缝口暂堵,缝口暂堵
7,2,1,1,0.986212402691883,2,缝口暂堵,缝口暂堵,缝口暂堵
7,2,1,1,0.9796074338493467,2,缝口暂堵,缝口暂堵,缝口暂堵
7,2,1,1,0.9337151292131745,2,缝口暂堵,缝口暂堵,缝口暂堵
7,2,1,1,0.9930485581043472,2,缝口暂堵,缝口暂堵,缝口暂堵
7,2,1,1,0.9949046275925206,2,缝口暂堵,缝口暂堵,缝口暂堵
7,2,1,1,0.9954342836082454,2,缝口暂堵,缝口暂堵,缝口暂堵
7,2,1,1,0.9967809160236818,2,缝口暂堵,缝口暂堵,缝口暂堵
7,2,1,1,0.9980536661553773,2,缝口暂堵,缝口暂堵,缝口暂堵
7,2,1,1,0.9975546200164345,2,缝口暂堵,缝口暂堵,缝口暂堵
7,2,1,1,0.9965362856518194,2,缝口暂堵,缝口暂堵,缝口暂堵
7,2,1,1,0.9963230986714678,2,缝口暂堵,缝口暂堵,缝口暂堵
7,2,1,1,0.9960556392229154,2,缝口暂堵,缝口暂堵,缝口暂堵
7,2,1,1,0.9995317819010967,2,缝口暂堵,缝口暂堵,缝口暂堵
7,2,1,1,0.999797601296482,2,缝口暂堵,缝口暂堵,缝口暂堵
7,2,1,1,0.999929623283992,2,缝口暂堵,缝口暂堵,缝口暂堵
7,2,1,1,0.9999683203111187,2,缝口暂堵,缝口暂堵,缝口暂堵
7,2,1,1,0.9999584942365993,2,缝口暂堵,缝口暂堵,缝口暂堵
7,2,1,1,0.9999469713923465,2,缝口暂堵,缝口暂堵,缝口暂堵
7,2,1,1,0.9999695852978507,2,缝口暂堵,缝口暂堵,缝口暂堵
7,2,1,1,0.9999594061207978,2,缝口暂堵,缝口暂堵,缝口暂堵
7,2,1,1,0.9999665366333176,4,缝口暂堵,缝口暂堵,其他异常
7,2,1,1,0.9999286076343556,4,缝口暂堵,缝口暂堵,其他异常
7,2,1,1,0.9997489637920617,4,缝口暂堵,缝口暂堵,其他异常
3,0,0,1,0.9996379046519553,4,正常,正常,其他异常
3,0,0,1,0.9740093357383732,4,正常,正常,其他异常
3,0,0,1,0.9849017708391268,4,正常,正常,其他异常
3,0,0,1,0.9771385021861417,4,正常,正常,其他异常
3,0,0,1,0.9772182935008131,4,正常,正常,其他异常
3,0,0,1,0.8944574948627831,4,正常,正常,其他异常
3,0,0,1,0.9593547092089746,4,正常,正常,其他异常
3,0,0,1,0.877638719629569,4,正常,正常,其他异常
3,0,0,1,0.9387646082920611,4,正常,正常,其他异常
3,0,0,1,0.8783913713858159,4,正常,正常,其他异常
3,0,0,1,0.963392431104959,4,正常,正常,其他异常
3,0,0,1,0.9752336356133806,4,正常,正常,其他异常
3,0,0,1,0.9901018496868917,4,正常,正常,其他异常
3,0,0,1,0.9951072430690133,4,正常,正常,其他异常
3,0,0,1,0.9949529888217061,4,正常,正常,其他异常
3,0,0,1,0.9950530105479467,4,正常,正常,其他异常
3,0,0,1,0.9915994681244178,4,正常,正常,其他异常
3,0,0,1,0.9826163108304585,4,正常,正常,其他异常
3,0,0,1,0.9828488096734842,4,正常,正常,其他异常
3,0,0,1,0.9890820098439398,4,正常,正常,其他异常
3,0,0,1,0.9887825049003961,4,正常,正常,其他异常
3,0,0,1,0.9881144438238775,4,正常,正常,其他异常
3,0,0,1,0.9761092737595953,4,正常,正常,其他异常
3,0,0,1,0.979244994384532,4,正常,正常,其他异常
3,0,0,1,0.9252436670393981,4,正常,正常,其他异常
3,0,0,1,0.9558801332106651,4,正常,正常,其他异常
3,0,0,1,0.8888173268291235,4,正常,正常,其他异常
3,0,0,1,0.9266140772915946,4,正常,正常,其他异常
3,0,0,1,0.9311557717284891,4,正常,正常,其他异常
3,0,0,1,0.9109990098219677,4,正常,正常,其他异常
3,0,0,1,0.9457070430647491,4,正常,正常,其他异常
3,0,0,1,0.985833480417012,4,正常,正常,其他异常
3,0,0,1,0.9829869654288302,4,正常,正常,其他异常
3,0,0,1,0.9828758291248751,4,正常,正常,其他异常
3,0,0,1,0.9665058260266398,4,正常,正常,其他异常
3,0,0,1,0.9306625311595856,4,正常,正常,其他异常
3,0,0,1,0.9784530591598698,4,正常,正常,其他异常
3,0,0,1,0.9881780095535118,4,正常,正常,其他异常
3,0,0,1,0.978811745353676,4,正常,正常,其他异常
3,0,0,1,0.9711349651146517,4,正常,正常,其他异常
3,0,0,1,0.9749550362911105,4,正常,正常,其他异常
3,0,0,1,0.9785021997604896,4,正常,正常,其他异常
3,0,0,1,0.9527565120665881,4,正常,正常,其他异常
3,0,0,1,0.9408233505198489,4,正常,正常,其他异常
3,0,0,1,0.9132176242739978,4,正常,正常,其他异常
3,0,0,1,0.925425275565475,4,正常,正常,其他异常
3,0,0,1,0.8455154771809756,4,正常,正常,其他异常
3,0,0,1,0.9219437157193492,4,正常,正常,其他异常
3,0,0,1,0.9202007727315344,4,正常,正常,其他异常
3,0,0,1,0.8840397390394887,4,正常,正常,其他异常
3,0,0,1,0.7774181266944676,4,正常,正常,其他异常
3,0,0,1,0.918158677432142,4,正常,正常,其他异常
3,0,0,1,0.8382438302641528,4,正常,正常,其他异常
3,0,0,1,0.837513770903687,4,正常,正常,其他异常
3,0,0,1,0.8317486036177898,4,正常,正常,其他异常
3,0,0,1,0.855166606443013,4,正常,正常,其他异常
3,0,0,1,0.8968907372989623,4,正常,正常,其他异常
3,0,0,1,0.9583528536410789,4,正常,正常,其他异常
3,0,0,1,0.9561198477588503,4,正常,正常,其他异常
3,0,0,1,0.9752730583384424,4,正常,正常,其他异常
3,0,0,1,0.9816179147498347,4,正常,正常,其他异常
3,0,0,1,0.9762252703731418,4,正常,正常,其他异常
3,0,0,1,0.978599973887502,4,正常,正常,其他异常
3,0,0,1,0.9802545693404477,4,正常,正常,其他异常
3,0,0,1,0.9866862892614914,4,正常,正常,其他异常
3,0,0,1,0.9881369670823977,4,正常,正常,其他异常
3,0,0,1,0.9815411398696324,4,正常,正常,其他异常
3,0,0,1,0.984181331101134,4,正常,正常,其他异常
3,0,0,1,0.9811944858751827,4,正常,正常,其他异常
3,0,0,1,0.9856240046165098,4,正常,正常,其他异常
3,0,0,1,0.9799332917016884,4,正常,正常,其他异常
3,0,0,1,0.9761253214979175,4,正常,正常,其他异常
3,0,0,1,0.9712545678580322,4,正常,正常,其他异常
3,0,0,1,0.9515044168940017,4,正常,正常,其他异常
3,0,0,1,0.9572963833673221,4,正常,正常,其他异常
3,0,0,1,0.9777038619305135,4,正常,正常,其他异常
3,0,0,1,0.9838610886836776,4,正常,正常,其他异常
3,0,0,1,0.9840260931218555,4,正常,正常,其他异常
3,0,0,1,0.9877154740855388,4,正常,正常,其他异常
3,0,0,1,0.9772510958060877,4,正常,正常,其他异常
3,0,0,1,0.9878704609899934,4,正常,正常,其他异常
3,0,0,1,0.9923171788439794,4,正常,正常,其他异常
3,0,0,1,0.9936889796535726,4,正常,正常,其他异常
3,0,0,1,0.9927911623502891,4,正常,正常,其他异常
2,4,1,1,0.9852491457400713,4,延伸受阻,其他异常,其他异常
2,4,1,1,0.9904483626481768,4,延伸受阻,其他异常,其他异常
2,4,1,1,0.9900824796349996,4,延伸受阻,其他异常,其他异常
2,4,1,1,0.9946009396703775,4,延伸受阻,其他异常,其他异常
2,4,1,1,0.9956630846597818,4,延伸受阻,其他异常,其他异常
2,4,1,1,0.9850118265447214,4,延伸受阻,其他异常,其他异常
2,4,1,1,0.9770571553916896,4,延伸受阻,其他异常,其他异常
2,4,1,1,0.9629892333438701,4,延伸受阻,其他异常,其他异常
2,4,1,1,0.9560737775773968,4,延伸受阻,其他异常,其他异常
2,4,1,1,0.958880210532669,4,延伸受阻,其他异常,其他异常
2,4,1,1,0.9778893130340142,4,延伸受阻,其他异常,其他异常
2,4,1,1,0.974684947858711,4,延伸受阻,其他异常,其他异常
2,4,1,1,0.9739470769771658,4,延伸受阻,其他异常,其他异常
2,4,1,1,0.9615367400356521,4,延伸受阻,其他异常,其他异常
2,4,1,1,0.9041545725714589,4,延伸受阻,其他异常,其他异常
2,4,1,1,0.8214852745682459,4,延伸受阻,其他异常,其他异常
2,4,1,1,0.789839499954275,4,延伸受阻,其他异常,其他异常
2,4,1,1,0.8074199252593762,4,延伸受阻,其他异常,其他异常
2,4,1,1,0.8886787426459055,4,延伸受阻,其他异常,其他异常
2,4,1,1,0.8531841787417552,4,延伸受阻,其他异常,其他异常
2,4,1,1,0.8830144850085017,4,延伸受阻,其他异常,其他异常
2,4,1,1,0.8305793002607722,4,延伸受阻,其他异常,其他异常
2,4,1,1,0.7490672511408828,4,延伸受阻,其他异常,其他异常
2,4,1,1,0.7208955650460558,4,延伸受阻,其他异常,其他异常
2,4,1,1,0.7634058801431901,4,延伸受阻,其他异常,其他异常
2,4,1,1,0.7542804246722151,4,延伸受阻,其他异常,其他异常
2,4,1,1,0.7702659524671498,4,延伸受阻,其他异常,其他异常
2,4,1,1,0.8917774508491583,4,延伸受阻,其他异常,其他异常
2,4,1,1,0.9294719148948073,4,延伸受阻,其他异常,其他异常
2,4,1,1,0.9440041610451962,4,延伸受阻,其他异常,其他异常
2,4,1,1,0.9094643132679548,4,延伸受阻,其他异常,其他异常
2,4,1,1,0.8888853486717176,4,延伸受阻,其他异常,其他异常
2,4,1,1,0.9087066989830502,4,延伸受阻,其他异常,其他异常
2,4,1,1,0.9157800369106129,4,延伸受阻,其他异常,其他异常
2,4,1,1,0.9023404358674711,4,延伸受阻,其他异常,其他异常
2,4,1,1,0.9307533750047275,4,延伸受阻,其他异常,其他异常
2,4,1,1,0.8997774850697998,4,延伸受阻,其他异常,其他异常
2,4,1,1,0.9453874119096758,4,延伸受阻,其他异常,其他异常
2,4,1,1,0.9582338490775225,4,延伸受阻,其他异常,其他异常
2,4,1,1,0.9548507808128573,4,延伸受阻,其他异常,其他异常
2,4,1,1,0.9383011667861454,4,延伸受阻,其他异常,其他异常
2,4,1,1,0.9591716241905347,4,延伸受阻,其他异常,其他异常
2,4,1,1,0.9613457598462384,4,延伸受阻,其他异常,其他异常
2,4,1,1,0.9681794609494206,4,延伸受阻,其他异常,其他异常
2,4,1,1,0.8766444112360249,4,延伸受阻,其他异常,其他异常
2,4,1,1,0.957621876137881,4,延伸受阻,其他异常,其他异常
2,4,1,1,0.9514246753968187,4,延伸受阻,其他异常,其他异常
2,4,1,1,0.8673876253798686,4,延伸受阻,其他异常,其他异常
2,4,1,1,0.7442705029024359,4,延伸受阻,其他异常,其他异常
2,4,1,1,0.929105532924033,4,延伸受阻,其他异常,其他异常
2,4,1,1,0.9250747165986202,4,延伸受阻,其他异常,其他异常
2,4,1,1,0.9537619375334657,4,延伸受阻,其他异常,其他异常
2,4,1,1,0.9211412858289432,4,延伸受阻,其他异常,其他异常
2,4,1,1,0.9780407600678389,4,延伸受阻,其他异常,其他异常
2,4,1,1,0.975979119592544,4,延伸受阻,其他异常,其他异常
2,4,1,1,0.9872186151230236,4,延伸受阻,其他异常,其他异常
2,4,1,1,0.9844543557988482,4,延伸受阻,其他异常,其他异常
2,4,1,1,0.9824958167933227,4,延伸受阻,其他异常,其他异常
2,4,1,1,0.9847882528358137,4,延伸受阻,其他异常,其他异常
2,4,1,1,0.9895431284633974,4,延伸受阻,其他异常,其他异常
2,4,1,1,0.9916372791672133,4,延伸受阻,其他异常,其他异常
2,4,1,1,0.9905706884574922,4,延伸受阻,其他异常,其他异常
2,4,1,1,0.9853628097053326,4,延伸受阻,其他异常,其他异常
2,4,1,1,0.9870491465333211,4,延伸受阻,其他异常,其他异常
2,4,1,1,0.9794023250554608,4,延伸受阻,其他异常,其他异常
2,4,1,1,0.9789345072488377,4,延伸受阻,其他异常,其他异常
2,4,1,1,0.9606480678578002,4,延伸受阻,其他异常,其他异常
2,4,1,1,0.985521378254052,4,延伸受阻,其他异常,其他异常
2,4,1,1,0.9818998394003597,4,延伸受阻,其他异常,其他异常
2,4,1,1,0.9865794753906313,4,延伸受阻,其他异常,其他异常
2,4,1,1,0.9895121798801921,4,延伸受阻,其他异常,其他异常
2,4,1,1,0.9850970187760764,4,延伸受阻,其他异常,其他异常
2,4,1,1,0.9941663767316326,4,延伸受阻,其他异常,其他异常
2,4,1,1,0.9945052336962409,4,延伸受阻,其他异常,其他异常
2,4,1,1,0.9910736194966878,4,延伸受阻,其他异常,其他异常
2,4,1,1,0.9880311217911084,4,延伸受阻,其他异常,其他异常
2,4,1,1,0.9943663231842631,4,延伸受阻,其他异常,其他异常
3,0,0,1,0.9928981275207815,4,正常,正常,其他异常
3,0,0,1,0.99382158321038,4,正常,正常,其他异常
3,0,0,1,0.9915250396776729,3,正常,正常,缝内暂堵
3,0,0,1,0.9921183167862762,3,正常,正常,缝内暂堵
3,0,0,1,0.9902228503760033,3,正常,正常,缝内暂堵
3,0,0,1,0.9912923985748603,3,正常,正常,缝内暂堵
3,0,0,1,0.9900220729395883,3,正常,正常,缝内暂堵
3,0,0,1,0.9930243630233431,3,正常,正常,缝内暂堵
3,0,0,1,0.9917508973722869,3,正常,正常,缝内暂堵
3,0,0,1,0.9955519582900143,4,正常,正常,其他异常
3,0,0,1,0.9551516471629677,4,正常,正常,其他异常
3,0,0,1,0.9303657102238772,4,正常,正常,其他异常
3,0,0,1,0.9210545583313923,4,正常,正常,其他异常
3,0,0,1,0.9139519092808714,4,正常,正常,其他异常
3,0,0,1,0.9203644840845093,4,正常,正常,其他异常
3,0,0,1,0.9423510719486943,4,正常,正常,其他异常
3,0,0,1,0.9268668561842084,4,正常,正常,其他异常
3,0,0,1,0.9380028915876032,4,正常,正常,其他异常
3,0,0,1,0.9495621796126028,4,正常,正常,其他异常
3,0,0,1,0.9529034230094514,4,正常,正常,其他异常
3,0,0,1,0.9425744241451629,4,正常,正常,其他异常
3,0,0,1,0.9558642137353426,4,正常,正常,其他异常
3,0,0,1,0.9592507910058735,4,正常,正常,其他异常
3,0,0,1,0.948001366258018,4,正常,正常,其他异常
3,0,0,1,0.9387244564298628,4,正常,正常,其他异常
3,0,0,1,0.9554127124009554,4,正常,正常,其他异常
3,0,0,1,0.9492360016441278,4,正常,正常,其他异常
3,0,0,1,0.931289632993414,4,正常,正常,其他异常
3,0,0,1,0.9471759228110046,4,正常,正常,其他异常
3,0,0,1,0.9413838696032755,4,正常,正常,其他异常
3,0,0,1,0.9490954442472224,4,正常,正常,其他异常
3,0,0,1,0.932813084290298,4,正常,正常,其他异常
3,0,0,1,0.9332055396049594,4,正常,正常,其他异常
3,0,0,1,0.964627652169753,4,正常,正常,其他异常
3,0,0,1,0.93168971533023,3,正常,正常,缝内暂堵
3,0,0,1,0.9359250961406582,3,正常,正常,缝内暂堵
3,0,0,1,0.9272647484055455,3,正常,正常,缝内暂堵
3,0,0,1,0.9255913401187704,3,正常,正常,缝内暂堵
3,0,0,1,0.9368888312478453,3,正常,正常,缝内暂堵
3,0,0,1,0.9548018363764516,3,正常,正常,缝内暂堵
3,0,0,1,0.9601340165978531,3,正常,正常,缝内暂堵
3,0,0,1,0.9617088164528208,3,正常,正常,缝内暂堵
3,0,0,1,0.9426658668619815,3,正常,正常,缝内暂堵
3,0,0,1,0.9548132274773994,3,正常,正常,缝内暂堵
3,0,0,1,0.9650085160407514,3,正常,正常,缝内暂堵
3,0,0,1,0.9658798496179876,3,正常,正常,缝内暂堵
3,0,0,1,0.9668947190244545,3,正常,正常,缝内暂堵
3,0,0,1,0.96422600987474,3,正常,正常,缝内暂堵
3,0,0,1,0.9571570811963719,3,正常,正常,缝内暂堵
3,0,0,1,0.9538836224756988,3,正常,正常,缝内暂堵
3,0,0,1,0.9525901357592331,3,正常,正常,缝内暂堵
3,0,0,1,0.9456089395115723,3,正常,正常,缝内暂堵
3,0,0,1,0.9462228573268544,3,正常,正常,缝内暂堵
3,0,0,1,0.9434151811980825,3,正常,正常,缝内暂堵
3,0,0,1,0.9488569788703989,3,正常,正常,缝内暂堵
3,0,0,1,0.9521599673111034,3,正常,正常,缝内暂堵
3,0,0,1,0.941889191595636,3,正常,正常,缝内暂堵
3,0,0,1,0.9527447221978915,3,正常,正常,缝内暂堵
3,0,0,1,0.9457472568022905,3,正常,正常,缝内暂堵
3,0,0,1,0.9422711310930174,3,正常,正常,缝内暂堵
3,0,0,1,0.9484297146474975,3,正常,正常,缝内暂堵
3,0,0,1,0.9523348112486354,3,正常,正常,缝内暂堵
3,0,0,1,0.9487621531291536,3,正常,正常,缝内暂堵
3,0,0,1,0.950109117583911,3,正常,正常,缝内暂堵
3,0,0,1,0.9605747048057316,3,正常,正常,缝内暂堵
3,0,0,1,0.9636293668967203,3,正常,正常,缝内暂堵
3,0,0,1,0.9422236876586955,3,正常,正常,缝内暂堵
3,0,0,1,0.9192304777123358,3,正常,正常,缝内暂堵
3,0,0,1,0.8950442616823688,3,正常,正常,缝内暂堵
3,0,0,1,0.9460604070448801,3,正常,正常,缝内暂堵
3,0,0,1,0.9442152942684268,3,正常,正常,缝内暂堵
3,0,0,1,0.9364778103742563,3,正常,正常,缝内暂堵
3,0,0,1,0.7900737929092113,3,正常,正常,缝内暂堵
3,0,0,1,0.6775088830927031,3,正常,正常,缝内暂堵
3,0,0,1,0.5912368247540942,3,正常,正常,缝内暂堵
3,0,0,1,0.5486394068240324,3,正常,正常,缝内暂堵
3,0,0,1,0.581141900701524,3,正常,正常,缝内暂堵
3,0,0,1,0.5477504052071053,3,正常,正常,缝内暂堵
3,0,0,1,0.5797068236284653,3,正常,正常,缝内暂堵
3,0,0,1,0.6074702555322479,3,正常,正常,缝内暂堵
3,0,0,1,0.6372184042847349,3,正常,正常,缝内暂堵
3,0,0,1,0.6035278537849981,3,正常,正常,缝内暂堵
3,0,0,1,0.583964072599745,3,正常,正常,缝内暂堵
3,0,0,1,0.5412390613028822,3,正常,正常,缝内暂堵
3,0,0,1,0.8643559948322798,1,正常,正常,砂堵
3,0,0,1,0.7866986922088822,1,正常,正常,砂堵
3,0,0,1,0.6309050138640554,3,正常,正常,缝内暂堵
3,0,0,0,0.48306622668844024,0,正常,正常,正常
3,0,0,0,0.4732424078553105,0,正常,正常,正常
3,0,0,1,0.5895910708896654,3,正常,正常,缝内暂堵
3,0,0,0,0.48717617707701333,0,正常,正常,正常
3,0,0,0,0.42941834497578124,0,正常,正常,正常
3,0,0,0,0.4708735767186739,0,正常,正常,正常
